scanner	tf	symbol	trades	wins	net	pf	avgR	netStress	windowsUp	days	trades1	avgR1	trades2	avgR2
adaptive-moving-average-ama-signals-zeiierman#er0.25	1h	AKEUSD	3	2	7.43	1.259	0.093	5.33	2	70	2	0.640	1	-1.000
adaptive-moving-average-ama-signals-zeiierman#er0.35	1h	AKEUSD	1	1	25.22	99.000	0.882	24.55	1	70	1	0.882	0	0.000
adaptive-moving-average-ama-signals-zeiierman#er0.45	1h	AKEUSD	0	0	0.00	0.000	0.000	0.00	0	70	0	0.000	0	0.000
adaptive-moving-average-ama-signals-zeiierman#chop62	1h	AKEUSD	5	5	61.32	99.000	0.435	24.83	4	70	4	0.473	1	0.285
adaptive-moving-average-ama-signals-zeiierman	1h	AKEUSD	6	5	32.67	2.140	0.196	-4.86	4	70	4	0.473	2	-0.358
adaptive-moving-average-ama-signals-zeiierman#er0.25	15m	AKEUSD	7	3	-70.18	0.299	-0.396	-80.02	2	70	4	-0.632	3	-0.082
adaptive-moving-average-ama-signals-zeiierman#er0.35	15m	AKEUSD	3	0	-83.27	0.000	-0.963	-83.17	0	70	3	-0.963	0	0.000
adaptive-moving-average-ama-signals-zeiierman#er0.45	15m	AKEUSD	2	0	-57.12	0.000	-0.970	-56.65	0	70	2	-0.970	0	0.000
adaptive-moving-average-ama-signals-zeiierman#chop62	15m	AKEUSD	23	15	275.26	2.052	0.387	221.84	3	70	15	0.657	8	-0.121
adaptive-moving-average-ama-signals-zeiierman	15m	AKEUSD	26	16	202.58	1.659	0.274	99.82	4	70	18	0.383	8	0.029
adaptive-moving-average-ama-signals-zeiierman#er0.25	1h	BNBUSD	1	1	65.44	99.000	2.189	49.73	1	167	1	2.189	0	0.000
adaptive-moving-average-ama-signals-zeiierman#er0.35	1h	BNBUSD	0	0	0.00	0.000	0.000	0.00	0	167	0	0.000	0	0.000
adaptive-moving-average-ama-signals-zeiierman#er0.45	1h	BNBUSD	0	0	0.00	0.000	0.000	0.00	0	167	0	0.000	0	0.000
adaptive-moving-average-ama-signals-zeiierman#chop62	1h	BNBUSD	7	4	-5.00	0.944	-0.005	-59.18	3	167	5	0.168	2	-0.438
adaptive-moving-average-ama-signals-zeiierman	1h	BNBUSD	7	4	-5.00	0.944	-0.005	-59.18	3	167	5	0.168	2	-0.438
adaptive-moving-average-ama-signals-zeiierman#er0.25	15m	BNBUSD	0	0	0.00	0.000	0.000	0.00	0	83	0	0.000	0	0.000
adaptive-moving-average-ama-signals-zeiierman#er0.35	15m	BNBUSD	0	0	0.00	0.000	0.000	0.00	0	83	0	0.000	0	0.000
adaptive-moving-average-ama-signals-zeiierman#er0.45	15m	BNBUSD	0	0	0.00	0.000	0.000	0.00	0	83	0	0.000	0	0.000
adaptive-moving-average-ama-signals-zeiierman#chop62	15m	BNBUSD	0	0	0.00	0.000	0.000	0.00	0	83	0	0.000	0	0.000
adaptive-moving-average-ama-signals-zeiierman	15m	BNBUSD	0	0	0.00	0.000	0.000	0.00	0	83	0	0.000	0	0.000
adaptive-moving-average-ama-signals-zeiierman#er0.25	1h	BTCUSD	3	2	-20.24	0.318	-0.227	-57.46	2	167	3	-0.227	0	0.000
adaptive-moving-average-ama-signals-zeiierman#er0.35	1h	BTCUSD	0	0	0.00	0.000	0.000	0.00	0	167	0	0.000	0	0.000
adaptive-moving-average-ama-signals-zeiierman#er0.45	1h	BTCUSD	0	0	0.00	0.000	0.000	0.00	0	167	0	0.000	0	0.000
adaptive-moving-average-ama-signals-zeiierman#chop62	1h	BTCUSD	9	7	-9.27	0.838	-0.032	-95.33	2	167	7	-0.093	2	0.182
adaptive-moving-average-ama-signals-zeiierman	1h	BTCUSD	10	8	-6.60	0.885	-0.020	-93.02	3	167	7	-0.093	3	0.151
ai-predictive-flow-zeiierman#er0.25	1h	AKEUSD	54	35	-88.34	0.814	-0.069	-114.10	5	70	22	-0.003	32	-0.115
ai-predictive-flow-zeiierman#er0.35	1h	AKEUSD	31	21	-7.42	0.970	-0.000	-22.93	4	70	8	-0.006	23	0.002
ai-predictive-flow-zeiierman#er0.45	1h	AKEUSD	25	17	-5.06	0.975	0.011	-14.77	4	70	7	-0.071	18	0.043
ai-predictive-flow-zeiierman#chop62	1h	AKEUSD	137	92	5.22	1.004	0.010	-106.55	4	70	78	0.021	59	-0.004
ai-predictive-flow-zeiierman	1h	AKEUSD	148	95	-94.51	0.926	-0.020	-184.16	3	70	84	-0.037	64	0.003
adaptive-moving-average-ama-signals-zeiierman#er0.25	15m	BTCUSD	0	0	0.00	0.000	0.000	0.00	0	83	0	0.000	0	0.000
adaptive-moving-average-ama-signals-zeiierman#er0.35	15m	BTCUSD	0	0	0.00	0.000	0.000	0.00	0	83	0	0.000	0	0.000
adaptive-moving-average-ama-signals-zeiierman#er0.45	15m	BTCUSD	0	0	0.00	0.000	0.000	0.00	0	83	0	0.000	0	0.000
adaptive-moving-average-ama-signals-zeiierman#chop62	15m	BTCUSD	0	0	0.00	0.000	0.000	0.00	0	83	0	0.000	0	0.000
adaptive-moving-average-ama-signals-zeiierman	15m	BTCUSD	0	0	0.00	0.000	0.000	0.00	0	83	0	0.000	0	0.000
adaptive-moving-average-ama-signals-zeiierman#er0.25	1h	ETHUSD	5	3	-15.83	0.733	-0.097	-29.01	2	167	3	0.094	2	-0.385
adaptive-moving-average-ama-signals-zeiierman#er0.35	1h	ETHUSD	4	2	-26.02	0.558	-0.210	-34.13	1	167	2	-0.035	2	-0.385
adaptive-moving-average-ama-signals-zeiierman#er0.45	1h	ETHUSD	1	1	6.91	99.000	0.231	3.39	1	167	0	0.000	1	0.231
adaptive-moving-average-ama-signals-zeiierman#chop62	1h	ETHUSD	13	9	-16.01	0.866	-0.035	-58.84	4	167	7	0.064	6	-0.151
adaptive-moving-average-ama-signals-zeiierman	1h	ETHUSD	15	9	-70.24	0.592	-0.155	-111.13	3	167	8	-0.062	7	-0.262
adaptive-moving-average-ama-signals-zeiierman#er0.25	15m	ETHUSD	2	2	6.83	99.000	0.114	6.46	2	83	0	0.000	2	0.114
adaptive-moving-average-ama-signals-zeiierman#er0.35	15m	ETHUSD	1	1	1.92	99.000	0.064	4.39	1	83	0	0.000	1	0.064
adaptive-moving-average-ama-signals-zeiierman#er0.45	15m	ETHUSD	0	0	0.00	0.000	0.000	0.00	0	83	0	0.000	0	0.000
adaptive-moving-average-ama-signals-zeiierman#chop62	15m	ETHUSD	3	2	-23.36	0.220	-0.257	-23.51	1	83	0	0.000	3	-0.257
adaptive-moving-average-ama-signals-zeiierman	15m	ETHUSD	3	2	-23.36	0.220	-0.257	-23.51	1	83	0	0.000	3	-0.257
adaptive-moving-average-ama-signals-zeiierman#er0.25	1h	EVAAUSD	3	2	32.71	2.061	0.379	26.03	2	167	2	0.426	1	0.287
adaptive-moving-average-ama-signals-zeiierman#er0.35	1h	EVAAUSD	0	0	0.00	0.000	0.000	0.00	0	167	0	0.000	0	0.000
adaptive-moving-average-ama-signals-zeiierman#er0.45	1h	EVAAUSD	0	0	0.00	0.000	0.000	0.00	0	167	0	0.000	0	0.000
adaptive-moving-average-ama-signals-zeiierman#chop62	1h	EVAAUSD	17	7	-99.06	0.644	-0.190	-118.28	2	167	6	0.224	11	-0.415
adaptive-moving-average-ama-signals-zeiierman	1h	EVAAUSD	17	7	-99.06	0.644	-0.190	-118.28	2	167	6	0.224	11	-0.415
adaptive-moving-average-ama-signals-zeiierman#er0.25	15m	EVAAUSD	4	2	-32.71	0.462	-0.267	-37.30	2	83	2	0.465	2	-1.000
adaptive-moving-average-ama-signals-zeiierman#er0.35	15m	EVAAUSD	1	1	19.05	99.000	0.636	18.43	1	83	1	0.636	0	0.000
adaptive-moving-average-ama-signals-zeiierman#er0.45	15m	EVAAUSD	1	1	19.05	99.000	0.636	18.43	1	83	1	0.636	0	0.000
adaptive-moving-average-ama-signals-zeiierman#chop62	15m	EVAAUSD	21	14	150.88	1.613	0.243	69.09	4	83	14	0.665	7	-0.600
adaptive-moving-average-ama-signals-zeiierman	15m	EVAAUSD	21	14	150.88	1.613	0.243	69.09	4	83	14	0.665	7	-0.600
adaptive-moving-average-ama-signals-zeiierman#er0.25	1h	FILUSD	2	2	50.13	99.000	0.827	32.60	2	167	1	0.522	1	1.131
adaptive-moving-average-ama-signals-zeiierman#er0.35	1h	FILUSD	0	0	0.00	0.000	0.000	0.00	0	167	0	0.000	0	0.000
adaptive-moving-average-ama-signals-zeiierman#er0.45	1h	FILUSD	0	0	0.00	0.000	0.000	0.00	0	167	0	0.000	0	0.000
adaptive-moving-average-ama-signals-zeiierman#chop62	1h	FILUSD	14	9	103.37	1.675	0.252	2.49	5	167	10	0.364	4	-0.027
adaptive-moving-average-ama-signals-zeiierman	1h	FILUSD	15	10	110.64	1.722	0.250	19.38	5	167	10	0.364	5	0.022
adaptive-moving-average-ama-signals-zeiierman#er0.25	15m	FILUSD	3	0	-82.75	0.000	-0.946	-83.57	0	83	0	0.000	3	-0.946
adaptive-moving-average-ama-signals-zeiierman#er0.35	15m	FILUSD	3	0	-82.75	0.000	-0.946	-83.57	0	83	0	0.000	3	-0.946
adaptive-moving-average-ama-signals-zeiierman#er0.45	15m	FILUSD	0	0	0.00	0.000	0.000	0.00	0	83	0	0.000	0	0.000
adaptive-moving-average-ama-signals-zeiierman#chop62	15m	FILUSD	8	3	-95.25	0.298	-0.408	-106.76	0	83	0	0.000	8	-0.408
adaptive-moving-average-ama-signals-zeiierman	15m	FILUSD	8	3	-95.25	0.298	-0.408	-106.76	0	83	0	0.000	8	-0.408
adaptive-moving-average-ama-signals-zeiierman#er0.25	1h	LINKUSD	4	3	35.14	2.115	0.302	15.55	3	167	2	0.867	2	-0.263
adaptive-moving-average-ama-signals-zeiierman#er0.35	1h	LINKUSD	1	1	45.30	99.000	1.512	36.53	1	167	1	1.512	0	0.000
adaptive-moving-average-ama-signals-zeiierman#er0.45	1h	LINKUSD	0	0	0.00	0.000	0.000	0.00	0	167	0	0.000	0	0.000
adaptive-moving-average-ama-signals-zeiierman#chop62	1h	LINKUSD	14	10	24.54	1.194	0.067	-45.89	5	167	8	0.353	6	-0.315
adaptive-moving-average-ama-signals-zeiierman	1h	LINKUSD	14	10	24.54	1.194	0.067	-45.89	5	167	8	0.353	6	-0.315
adaptive-moving-average-ama-signals-zeiierman#er0.25	15m	LINKUSD	3	2	-5.58	0.818	-0.055	-16.65	2	83	0	0.000	3	-0.055
adaptive-moving-average-ama-signals-zeiierman#er0.35	15m	LINKUSD	1	1	16.50	99.000	0.550	10.64	1	83	0	0.000	1	0.550
adaptive-moving-average-ama-signals-zeiierman#er0.45	15m	LINKUSD	1	1	16.50	99.000	0.550	10.64	1	83	0	0.000	1	0.550
adaptive-moving-average-ama-signals-zeiierman#chop62	15m	LINKUSD	9	6	-15.68	0.826	-0.051	-81.26	2	83	0	0.000	9	-0.051
adaptive-moving-average-ama-signals-zeiierman	15m	LINKUSD	10	7	-9.26	0.897	-0.024	-108.79	2	83	0	0.000	10	-0.024
adaptive-moving-average-ama-signals-zeiierman#er0.25	1h	PIEVERSEUSD	2	0	-58.10	0.000	-0.987	-58.11	0	161	1	-0.974	1	-1.000
adaptive-moving-average-ama-signals-zeiierman#er0.35	1h	PIEVERSEUSD	0	0	0.00	0.000	0.000	0.00	0	161	0	0.000	0	0.000
adaptive-moving-average-ama-signals-zeiierman#er0.45	1h	PIEVERSEUSD	0	0	0.00	0.000	0.000	0.00	0	161	0	0.000	0	0.000
adaptive-moving-average-ama-signals-zeiierman#chop62	1h	PIEVERSEUSD	10	6	142.45	2.166	0.493	41.28	3	161	5	-0.186	5	1.171
adaptive-moving-average-ama-signals-zeiierman	1h	PIEVERSEUSD	10	6	142.45	2.166	0.493	41.28	3	161	5	-0.186	5	1.171
adaptive-moving-average-ama-signals-zeiierman#er0.25	15m	PIEVERSEUSD	4	3	6.22	1.219	0.058	-8.15	2	83	1	-0.945	3	0.392
adaptive-moving-average-ama-signals-zeiierman#er0.35	15m	PIEVERSEUSD	1	1	10.73	99.000	0.358	3.90	1	83	0	0.000	1	0.358
adaptive-moving-average-ama-signals-zeiierman#er0.45	15m	PIEVERSEUSD	1	1	10.73	99.000	0.358	3.90	1	83	0	0.000	1	0.358
adaptive-moving-average-ama-signals-zeiierman#chop62	15m	PIEVERSEUSD	12	8	210.82	2.733	0.570	126.79	4	83	3	0.839	9	0.480
adaptive-moving-average-ama-signals-zeiierman	15m	PIEVERSEUSD	12	8	210.82	2.733	0.570	126.79	4	83	3	0.839	9	0.480
ai-predictive-flow-zeiierman#er0.25	1h	BNBUSD	98	62	-68.06	0.933	-0.010	-486.83	3	167	54	0.021	44	-0.048
ai-predictive-flow-zeiierman#er0.35	1h	BNBUSD	68	47	99.50	1.170	0.059	-272.01	4	167	38	-0.005	30	0.140
ai-predictive-flow-zeiierman#er0.45	1h	BNBUSD	34	22	27.50	1.078	0.043	-135.01	3	167	19	-0.032	15	0.137
ai-predictive-flow-zeiierman#chop62	1h	BNBUSD	205	131	-201.86	0.902	-0.027	-724.25	2	167	110	0.049	95	-0.114
ai-predictive-flow-zeiierman	1h	BNBUSD	214	136	-274.60	0.872	-0.040	-752.97	1	167	112	0.050	102	-0.139
adaptive-moving-average-ama-signals-zeiierman#er0.25	1h	SAGAUSD	2	1	3.58	1.115	0.077	-11.33	1	167	1	1.154	1	-1.000
adaptive-moving-average-ama-signals-zeiierman#er0.35	1h	SAGAUSD	1	0	-30.00	0.000	-1.000	-30.00	0	167	0	0.000	1	-1.000
adaptive-moving-average-ama-signals-zeiierman#er0.45	1h	SAGAUSD	0	0	0.00	0.000	0.000	0.00	0	167	0	0.000	0	0.000
adaptive-moving-average-ama-signals-zeiierman#chop62	1h	SAGAUSD	7	4	62.13	1.621	0.316	21.82	2	167	4	0.907	3	-0.472
adaptive-moving-average-ama-signals-zeiierman	1h	SAGAUSD	7	4	62.13	1.621	0.316	21.82	2	167	4	0.907	3	-0.472
adaptive-moving-average-ama-signals-zeiierman#er0.25	15m	SAGAUSD	4	3	23.84	1.795	0.205	17.40	1	83	0	0.000	4	0.205
adaptive-moving-average-ama-signals-zeiierman#er0.35	15m	SAGAUSD	1	0	-30.00	0.000	-1.000	-30.00	0	83	0	0.000	1	-1.000
adaptive-moving-average-ama-signals-zeiierman#er0.45	15m	SAGAUSD	1	0	-30.00	0.000	-1.000	-30.00	0	83	0	0.000	1	-1.000
adaptive-moving-average-ama-signals-zeiierman#chop62	15m	SAGAUSD	11	9	197.18	4.000	0.574	61.77	4	83	4	1.173	7	0.231
adaptive-moving-average-ama-signals-zeiierman	15m	SAGAUSD	11	9	197.18	4.000	0.574	61.77	4	83	4	1.173	7	0.231
ai-predictive-flow-zeiierman#er0.25	15m	AKEUSD	282	191	1803.03	1.384	0.138	222.88	6	70	128	0.191	154	0.094
ai-predictive-flow-zeiierman#er0.35	15m	AKEUSD	164	110	693.62	1.375	0.123	-41.89	4	70	68	0.126	96	0.122
ai-predictive-flow-zeiierman#er0.45	15m	AKEUSD	79	45	-171.10	0.785	-0.076	-330.13	2	70	31	-0.285	48	0.059
ai-predictive-flow-zeiierman#chop62	15m	AKEUSD	656	433	2223.47	1.156	0.073	-419.75	5	70	324	0.112	332	0.036
ai-predictive-flow-zeiierman	15m	AKEUSD	683	449	2037.37	1.153	0.068	-529.11	5	70	335	0.096	348	0.041
adaptive-moving-average-ama-signals-zeiierman#er0.25	1h	SOLUSD	5	4	-1.34	0.954	-0.006	-26.51	4	167	4	-0.043	1	0.143
adaptive-moving-average-ama-signals-zeiierman#er0.35	1h	SOLUSD	3	3	26.15	99.000	0.294	-8.71	3	167	2	0.370	1	0.143
adaptive-moving-average-ama-signals-zeiierman#er0.45	1h	SOLUSD	1	1	5.52	99.000	0.186	9.47	1	167	1	0.186	0	0.000
adaptive-moving-average-ama-signals-zeiierman#chop62	1h	SOLUSD	11	8	-41.25	0.499	-0.125	-103.39	5	167	6	-0.339	5	0.132
adaptive-moving-average-ama-signals-zeiierman	1h	SOLUSD	11	8	-41.25	0.499	-0.125	-103.39	5	167	6	-0.339	5	0.132
adaptive-moving-average-ama-signals-zeiierman#er0.25	15m	SOLUSD	2	1	-23.97	0.200	-0.395	-58.42	1	83	1	-1.000	1	0.209
adaptive-moving-average-ama-signals-zeiierman#er0.35	15m	SOLUSD	2	1	-23.97	0.200	-0.395	-58.42	1	83	1	-1.000	1	0.209
adaptive-moving-average-ama-signals-zeiierman#er0.45	15m	SOLUSD	0	0	0.00	0.000	0.000	0.00	0	83	0	0.000	0	0.000
adaptive-moving-average-ama-signals-zeiierman#chop62	15m	SOLUSD	3	2	-17.13	0.428	-0.185	-56.33	2	83	1	-1.000	2	0.222
adaptive-moving-average-ama-signals-zeiierman	15m	SOLUSD	3	2	-17.13	0.428	-0.185	-56.33	2	83	1	-1.000	2	0.222
adaptive-moving-average-ama-signals-zeiierman#er0.25	1h	UNIUSD	4	4	32.22	99.000	0.266	-11.60	2	167	4	0.266	0	0.000
adaptive-moving-average-ama-signals-zeiierman#er0.35	1h	UNIUSD	1	1	7.05	99.000	0.235	3.24	1	167	1	0.235	0	0.000
adaptive-moving-average-ama-signals-zeiierman#er0.45	1h	UNIUSD	1	1	7.05	99.000	0.235	3.24	1	167	1	0.235	0	0.000
adaptive-moving-average-ama-signals-zeiierman#chop62	1h	UNIUSD	15	12	32.98	1.367	0.077	-24.06	4	167	13	0.012	2	0.501
adaptive-moving-average-ama-signals-zeiierman	1h	UNIUSD	17	13	9.73	1.084	0.024	-79.71	4	167	14	-0.054	3	0.391
adaptive-moving-average-ama-signals-zeiierman#er0.25	15m	UNIUSD	5	4	32.31	2.179	0.220	9.75	3	83	1	-0.914	4	0.504
adaptive-moving-average-ama-signals-zeiierman#er0.35	15m	UNIUSD	2	2	44.20	99.000	0.733	29.38	2	83	0	0.000	2	0.733
adaptive-moving-average-ama-signals-zeiierman#er0.45	15m	UNIUSD	1	1	8.49	99.000	0.283	5.34	1	83	0	0.000	1	0.283
adaptive-moving-average-ama-signals-zeiierman#chop62	15m	UNIUSD	25	19	39.03	1.228	0.057	-75.94	5	83	10	-0.157	15	0.200
adaptive-moving-average-ama-signals-zeiierman	15m	UNIUSD	25	19	39.03	1.228	0.057	-75.94	5	83	10	-0.157	15	0.200
adaptive-moving-average-ama-signals-zeiierman#er0.25	1h	ZECUSD	2	1	-22.48	0.237	-0.380	-21.49	1	167	1	-1.000	1	0.241
adaptive-moving-average-ama-signals-zeiierman#er0.35	1h	ZECUSD	1	1	6.98	99.000	0.241	8.41	1	167	0	0.000	1	0.241
adaptive-moving-average-ama-signals-zeiierman#er0.45	1h	ZECUSD	1	1	6.98	99.000	0.241	8.41	1	167	0	0.000	1	0.241
adaptive-moving-average-ama-signals-zeiierman#chop62	1h	ZECUSD	12	10	46.48	1.739	0.137	37.30	5	167	5	0.282	7	0.034
adaptive-moving-average-ama-signals-zeiierman	1h	ZECUSD	12	10	46.48	1.739	0.137	37.30	5	167	5	0.282	7	0.034
adaptive-moving-average-ama-signals-zeiierman#er0.25	15m	ZECUSD	6	4	73.89	2.249	0.429	29.04	3	83	1	1.401	5	0.235
adaptive-moving-average-ama-signals-zeiierman#er0.35	15m	ZECUSD	2	1	7.37	1.260	0.144	-6.76	1	83	0	0.000	2	0.144
adaptive-moving-average-ama-signals-zeiierman#er0.45	15m	ZECUSD	0	0	0.00	0.000	0.000	0.00	0	83	0	0.000	0	0.000
adaptive-moving-average-ama-signals-zeiierman#chop62	15m	ZECUSD	14	12	191.67	4.089	0.434	108.96	3	83	3	0.573	11	0.396
adaptive-moving-average-ama-signals-zeiierman	15m	ZECUSD	14	12	191.67	4.089	0.434	108.96	3	83	3	0.573	11	0.396
dynamic-rsi-regression-bands-zeiierman#er0.25	15m	AKEUSD	7	7	119.23	99.000	0.573	117.06	3	70	3	0.366	4	0.728
dynamic-rsi-regression-bands-zeiierman#er0.35	15m	AKEUSD	6	6	109.38	99.000	0.612	108.63	3	70	2	0.381	4	0.728
dynamic-rsi-regression-bands-zeiierman#er0.45	15m	AKEUSD	3	3	67.60	99.000	0.809	76.02	3	70	1	0.281	2	1.073
dynamic-rsi-regression-bands-zeiierman#chop62	15m	AKEUSD	15	14	209.38	7.939	0.460	157.69	3	70	10	0.242	5	0.896
dynamic-rsi-regression-bands-zeiierman	15m	AKEUSD	15	14	209.38	7.939	0.460	157.69	3	70	10	0.242	5	0.896
dynamic-rsi-regression-bands-zeiierman#er0.25	1h	AKEUSD	3	2	-5.59	0.795	-0.026	-7.13	2	70	3	-0.026	0	0.000
dynamic-rsi-regression-bands-zeiierman#er0.35	1h	AKEUSD	0	0	0.00	0.000	0.000	0.00	0	70	0	0.000	0	0.000
dynamic-rsi-regression-bands-zeiierman#er0.45	1h	AKEUSD	0	0	0.00	0.000	0.000	0.00	0	70	0	0.000	0	0.000
dynamic-rsi-regression-bands-zeiierman#chop62	1h	AKEUSD	9	5	-34.21	0.639	-0.173	-29.21	2	70	6	-0.069	3	-0.381
dynamic-rsi-regression-bands-zeiierman	1h	AKEUSD	9	5	-34.21	0.639	-0.173	-29.21	2	70	6	-0.069	3	-0.381
dynamic-rsi-regression-bands-zeiierman#er0.25	15m	BNBUSD	0	0	0.00	0.000	0.000	0.00	0	83	0	0.000	0	0.000
dynamic-rsi-regression-bands-zeiierman#er0.35	15m	BNBUSD	0	0	0.00	0.000	0.000	0.00	0	83	0	0.000	0	0.000
dynamic-rsi-regression-bands-zeiierman#er0.45	15m	BNBUSD	0	0	0.00	0.000	0.000	0.00	0	83	0	0.000	0	0.000
dynamic-rsi-regression-bands-zeiierman#chop62	15m	BNBUSD	0	0	0.00	0.000	0.000	0.00	0	83	0	0.000	0	0.000
dynamic-rsi-regression-bands-zeiierman	15m	BNBUSD	0	0	0.00	0.000	0.000	0.00	0	83	0	0.000	0	0.000
ai-predictive-flow-zeiierman#er0.25	1h	BTCUSD	124	83	-157.08	0.852	-0.039	-551.76	3	167	70	0.031	54	-0.129
ai-predictive-flow-zeiierman#er0.35	1h	BTCUSD	86	55	-201.66	0.728	-0.081	-436.48	3	167	42	-0.072	44	-0.090
ai-predictive-flow-zeiierman#er0.45	1h	BTCUSD	41	21	-259.02	0.441	-0.238	-346.81	3	167	19	-0.320	22	-0.168
ai-predictive-flow-zeiierman#chop62	1h	BTCUSD	227	139	-613.00	0.655	-0.133	-855.57	1	167	128	-0.048	99	-0.243
ai-predictive-flow-zeiierman	1h	BTCUSD	245	149	-621.63	0.664	-0.126	-871.64	1	167	138	-0.050	107	-0.225
dynamic-rsi-regression-bands-zeiierman#er0.25	1h	BNBUSD	0	0	0.00	0.000	0.000	0.00	0	167	0	0.000	0	0.000
dynamic-rsi-regression-bands-zeiierman#er0.35	1h	BNBUSD	0	0	0.00	0.000	0.000	0.00	0	167	0	0.000	0	0.000
dynamic-rsi-regression-bands-zeiierman#er0.45	1h	BNBUSD	0	0	0.00	0.000	0.000	0.00	0	167	0	0.000	0	0.000
dynamic-rsi-regression-bands-zeiierman#chop62	1h	BNBUSD	6	3	-61.67	0.274	-0.351	-43.95	0	167	6	-0.351	0	0.000
dynamic-rsi-regression-bands-zeiierman	1h	BNBUSD	6	3	-61.67	0.274	-0.351	-43.95	0	167	6	-0.351	0	0.000
dynamic-rsi-regression-bands-zeiierman#er0.25	15m	BTCUSD	0	0	0.00	0.000	0.000	0.00	0	83	0	0.000	0	0.000
dynamic-rsi-regression-bands-zeiierman#er0.35	15m	BTCUSD	0	0	0.00	0.000	0.000	0.00	0	83	0	0.000	0	0.000
dynamic-rsi-regression-bands-zeiierman#er0.45	15m	BTCUSD	0	0	0.00	0.000	0.000	0.00	0	83	0	0.000	0	0.000
dynamic-rsi-regression-bands-zeiierman#chop62	15m	BTCUSD	0	0	0.00	0.000	0.000	0.00	0	83	0	0.000	0	0.000
dynamic-rsi-regression-bands-zeiierman	15m	BTCUSD	0	0	0.00	0.000	0.000	0.00	0	83	0	0.000	0	0.000
dynamic-rsi-regression-bands-zeiierman#er0.25	1h	BTCUSD	4	4	36.34	99.000	0.301	31.33	3	167	3	0.298	1	0.311
dynamic-rsi-regression-bands-zeiierman#er0.35	1h	BTCUSD	3	3	21.46	99.000	0.239	24.43	2	167	2	0.204	1	0.311
dynamic-rsi-regression-bands-zeiierman#er0.45	1h	BTCUSD	0	0	0.00	0.000	0.000	0.00	0	167	0	0.000	0	0.000
dynamic-rsi-regression-bands-zeiierman#chop62	1h	BTCUSD	6	4	-24.72	0.579	-0.133	-28.54	2	167	5	-0.221	1	0.311
dynamic-rsi-regression-bands-zeiierman	1h	BTCUSD	6	4	-24.72	0.579	-0.133	-28.54	2	167	5	-0.221	1	0.311
dynamic-rsi-regression-bands-zeiierman#er0.25	15m	ETHUSD	0	0	0.00	0.000	0.000	0.00	0	83	0	0.000	0	0.000
dynamic-rsi-regression-bands-zeiierman#er0.35	15m	ETHUSD	0	0	0.00	0.000	0.000	0.00	0	83	0	0.000	0	0.000
dynamic-rsi-regression-bands-zeiierman#er0.45	15m	ETHUSD	0	0	0.00	0.000	0.000	0.00	0	83	0	0.000	0	0.000
dynamic-rsi-regression-bands-zeiierman#chop62	15m	ETHUSD	0	0	0.00	0.000	0.000	0.00	0	83	0	0.000	0	0.000
dynamic-rsi-regression-bands-zeiierman	15m	ETHUSD	0	0	0.00	0.000	0.000	0.00	0	83	0	0.000	0	0.000
dynamic-rsi-regression-bands-zeiierman#er0.25	1h	ETHUSD	5	3	-45.38	0.240	-0.305	-74.72	0	167	5	-0.305	0	0.000
dynamic-rsi-regression-bands-zeiierman#er0.35	1h	ETHUSD	4	2	-50.48	0.152	-0.425	-84.94	0	167	4	-0.425	0	0.000
dynamic-rsi-regression-bands-zeiierman#er0.45	1h	ETHUSD	3	1	-56.74	0.041	-0.640	-87.09	0	167	3	-0.640	0	0.000
dynamic-rsi-regression-bands-zeiierman#chop62	1h	ETHUSD	8	6	-2.25	0.964	-0.002	-33.08	1	167	8	-0.002	0	0.000
dynamic-rsi-regression-bands-zeiierman	1h	ETHUSD	8	6	-2.25	0.964	-0.002	-33.08	1	167	8	-0.002	0	0.000
dynamic-rsi-regression-bands-zeiierman#er0.25	15m	EVAAUSD	1	1	7.97	99.000	0.266	13.88	1	83	1	0.266	0	0.000
dynamic-rsi-regression-bands-zeiierman#er0.35	15m	EVAAUSD	1	1	7.97	99.000	0.266	13.88	1	83	1	0.266	0	0.000
dynamic-rsi-regression-bands-zeiierman#er0.45	15m	EVAAUSD	0	0	0.00	0.000	0.000	0.00	0	83	0	0.000	0	0.000
dynamic-rsi-regression-bands-zeiierman#chop62	15m	EVAAUSD	5	2	-71.55	0.181	-0.486	-67.81	1	83	5	-0.486	0	0.000
dynamic-rsi-regression-bands-zeiierman	15m	EVAAUSD	5	2	-71.84	0.181	-0.488	-68.11	1	83	5	-0.488	0	0.000
dynamic-rsi-regression-bands-zeiierman#er0.25	1h	EVAAUSD	3	1	-48.71	0.184	-0.544	-50.24	1	167	1	0.367	2	-1.000
dynamic-rsi-regression-bands-zeiierman#er0.35	1h	EVAAUSD	1	0	-29.95	0.000	-1.000	-29.96	0	167	0	0.000	1	-1.000
dynamic-rsi-regression-bands-zeiierman#er0.45	1h	EVAAUSD	0	0	0.00	0.000	0.000	0.00	0	167	0	0.000	0	0.000
dynamic-rsi-regression-bands-zeiierman#chop62	1h	EVAAUSD	8	5	-1.34	0.985	0.005	9.62	1	167	3	-0.120	5	0.080
dynamic-rsi-regression-bands-zeiierman	1h	EVAAUSD	8	5	-1.34	0.985	0.005	9.62	1	167	3	-0.120	5	0.080
dynamic-rsi-regression-bands-zeiierman#er0.25	15m	FILUSD	1	1	8.94	99.000	0.298	6.31	1	83	0	0.000	1	0.298
dynamic-rsi-regression-bands-zeiierman#er0.35	15m	FILUSD	1	1	8.94	99.000	0.298	6.31	1	83	0	0.000	1	0.298
dynamic-rsi-regression-bands-zeiierman#er0.45	15m	FILUSD	0	0	0.00	0.000	0.000	0.00	0	83	0	0.000	0	0.000
dynamic-rsi-regression-bands-zeiierman#chop62	15m	FILUSD	3	3	26.39	99.000	0.291	20.65	2	83	0	0.000	3	0.291
dynamic-rsi-regression-bands-zeiierman	15m	FILUSD	4	3	-4.39	0.855	-0.032	-9.97	1	83	0	0.000	4	-0.032
dynamic-rsi-regression-bands-zeiierman#er0.25	1h	FILUSD	5	3	26.99	1.436	0.197	8.09	1	167	2	0.554	3	-0.041
dynamic-rsi-regression-bands-zeiierman#er0.35	1h	FILUSD	4	2	-32.57	0.441	-0.267	-36.86	0	167	1	-0.945	3	-0.041
dynamic-rsi-regression-bands-zeiierman#er0.45	1h	FILUSD	1	1	14.49	99.000	0.483	11.93	1	167	0	0.000	1	0.483
dynamic-rsi-regression-bands-zeiierman#chop62	1h	FILUSD	10	6	26.60	1.230	0.103	-38.09	2	167	8	0.019	2	0.438
dynamic-rsi-regression-bands-zeiierman	1h	FILUSD	11	6	-4.20	0.971	0.003	-66.94	1	167	8	0.019	3	-0.041
ai-predictive-flow-zeiierman#er0.25	1h	ETHUSD	142	86	-233.01	0.846	-0.051	-556.81	1	167	77	0.060	65	-0.182
ai-predictive-flow-zeiierman#er0.35	1h	ETHUSD	94	50	-423.79	0.572	-0.185	-579.46	1	167	49	-0.102	45	-0.275
ai-predictive-flow-zeiierman#er0.45	1h	ETHUSD	55	27	-333.89	0.500	-0.236	-442.08	1	167	25	-0.174	30	-0.288
ai-predictive-flow-zeiierman#chop62	1h	ETHUSD	292	172	-694.32	0.700	-0.127	-884.71	1	167	147	-0.029	145	-0.227
ai-predictive-flow-zeiierman	1h	ETHUSD	329	198	-652.48	0.747	-0.099	-892.86	2	167	164	-0.013	165	-0.184
dynamic-rsi-regression-bands-zeiierman#er0.25	15m	LINKUSD	2	0	-54.22	0.000	-0.918	-55.13	0	83	0	0.000	2	-0.918
dynamic-rsi-regression-bands-zeiierman#er0.35	15m	LINKUSD	0	0	0.00	0.000	0.000	0.00	0	83	0	0.000	0	0.000
dynamic-rsi-regression-bands-zeiierman#er0.45	15m	LINKUSD	0	0	0.00	0.000	0.000	0.00	0	83	0	0.000	0	0.000
dynamic-rsi-regression-bands-zeiierman#chop62	15m	LINKUSD	2	0	-54.22	0.000	-0.918	-55.13	0	83	0	0.000	2	-0.918
dynamic-rsi-regression-bands-zeiierman	15m	LINKUSD	2	0	-54.22	0.000	-0.918	-55.13	0	83	0	0.000	2	-0.918
dynamic-rsi-regression-bands-zeiierman#er0.25	1h	LINKUSD	4	1	-80.21	0.055	-0.687	-112.61	1	167	4	-0.687	0	0.000
dynamic-rsi-regression-bands-zeiierman#er0.35	1h	LINKUSD	3	1	-51.78	0.085	-0.583	-85.27	1	167	3	-0.583	0	0.000
dynamic-rsi-regression-bands-zeiierman#er0.45	1h	LINKUSD	1	0	-27.52	0.000	-0.919	-27.98	0	167	1	-0.919	0	0.000
dynamic-rsi-regression-bands-zeiierman#chop62	1h	LINKUSD	13	7	-97.57	0.405	-0.256	-154.19	2	167	11	-0.229	2	-0.407
dynamic-rsi-regression-bands-zeiierman	1h	LINKUSD	13	7	-97.57	0.405	-0.256	-154.19	2	167	11	-0.229	2	-0.407
ai-predictive-flow-zeiierman#er0.25	15m	BNBUSD	8	5	9.82	1.109	0.053	-54.51	3	83	0	0.000	8	0.053
ai-predictive-flow-zeiierman#er0.35	15m	BNBUSD	4	2	-27.32	0.521	-0.224	-41.51	1	83	0	0.000	4	-0.224
ai-predictive-flow-zeiierman#er0.45	15m	BNBUSD	2	2	30.43	99.000	0.511	15.73	2	83	0	0.000	2	0.511
ai-predictive-flow-zeiierman#chop62	15m	BNBUSD	16	10	-28.88	0.816	-0.054	-79.37	2	83	0	0.000	16	-0.054
ai-predictive-flow-zeiierman	15m	BNBUSD	16	10	-28.88	0.816	-0.054	-79.37	2	83	0	0.000	16	-0.054
dynamic-rsi-regression-bands-zeiierman#er0.25	15m	PIEVERSEUSD	3	2	69.09	3.093	0.798	18.06	1	83	2	1.697	1	-1.000
dynamic-rsi-regression-bands-zeiierman#er0.35	15m	PIEVERSEUSD	1	1	97.65	99.000	3.264	81.90	1	83	1	3.264	0	0.000
dynamic-rsi-regression-bands-zeiierman#er0.45	15m	PIEVERSEUSD	0	0	0.00	0.000	0.000	0.00	0	83	0	0.000	0	0.000
dynamic-rsi-regression-bands-zeiierman#chop62	15m	PIEVERSEUSD	6	3	25.76	1.286	0.175	-25.23	2	83	4	0.349	2	-0.172
dynamic-rsi-regression-bands-zeiierman	15m	PIEVERSEUSD	6	3	25.76	1.286	0.175	-25.23	2	83	4	0.349	2	-0.172
dynamic-rsi-regression-bands-zeiierman#er0.25	1h	PIEVERSEUSD	3	1	-50.16	0.122	-0.563	-51.67	0	161	1	-0.937	2	-0.377
dynamic-rsi-regression-bands-zeiierman#er0.35	1h	PIEVERSEUSD	2	1	-22.83	0.239	-0.377	-24.03	0	161	0	0.000	2	-0.377
dynamic-rsi-regression-bands-zeiierman#er0.45	1h	PIEVERSEUSD	1	1	7.38	99.000	0.247	6.09	1	161	0	0.000	1	0.247
dynamic-rsi-regression-bands-zeiierman#chop62	1h	PIEVERSEUSD	11	7	-10.71	0.909	-0.023	-55.77	2	161	6	-0.309	5	0.319
dynamic-rsi-regression-bands-zeiierman	1h	PIEVERSEUSD	11	7	-10.71	0.909	-0.023	-55.77	2	161	6	-0.309	5	0.319
dynamic-rsi-regression-bands-zeiierman#er0.25	15m	SAGAUSD	4	3	42.41	2.315	0.360	36.18	1	83	0	0.000	4	0.360
dynamic-rsi-regression-bands-zeiierman#er0.35	15m	SAGAUSD	2	2	62.95	99.000	1.037	58.02	1	83	0	0.000	2	1.037
dynamic-rsi-regression-bands-zeiierman#er0.45	15m	SAGAUSD	1	1	45.89	99.000	1.530	42.71	1	83	0	0.000	1	1.530
dynamic-rsi-regression-bands-zeiierman#chop62	15m	SAGAUSD	9	7	46.71	1.775	0.177	-6.95	2	83	3	-0.146	6	0.339
dynamic-rsi-regression-bands-zeiierman	15m	SAGAUSD	9	7	46.71	1.775	0.177	-6.95	2	83	3	-0.146	6	0.339
dynamic-rsi-regression-bands-zeiierman#er0.25	1h	SAGAUSD	6	3	-33.81	0.619	-0.180	-39.74	1	167	6	-0.180	0	0.000
dynamic-rsi-regression-bands-zeiierman#er0.35	1h	SAGAUSD	4	2	-26.63	0.548	-0.215	-29.55	1	167	4	-0.215	0	0.000
dynamic-rsi-regression-bands-zeiierman#er0.45	1h	SAGAUSD	2	1	-5.41	0.820	-0.077	-6.15	0	167	2	-0.077	0	0.000
dynamic-rsi-regression-bands-zeiierman#chop62	1h	SAGAUSD	10	5	-67.00	0.539	-0.221	-75.32	2	167	9	-0.284	1	0.349
dynamic-rsi-regression-bands-zeiierman	1h	SAGAUSD	10	5	-67.00	0.539	-0.221	-75.32	2	167	9	-0.284	1	0.349
dynamic-rsi-regression-bands-zeiierman#er0.25	15m	SOLUSD	2	0	-56.15	0.000	-0.955	-55.98	0	83	1	-0.911	1	-1.000
dynamic-rsi-regression-bands-zeiierman#er0.35	15m	SOLUSD	1	0	-29.60	0.000	-1.000	-29.37	0	83	0	0.000	1	-1.000
dynamic-rsi-regression-bands-zeiierman#er0.45	15m	SOLUSD	0	0	0.00	0.000	0.000	0.00	0	83	0	0.000	0	0.000
dynamic-rsi-regression-bands-zeiierman#chop62	15m	SOLUSD	3	1	-48.66	0.133	-0.549	-49.60	1	83	1	-0.911	2	-0.368
dynamic-rsi-regression-bands-zeiierman	15m	SOLUSD	3	1	-48.66	0.133	-0.549	-49.60	1	83	1	-0.911	2	-0.368
dynamic-rsi-regression-bands-zeiierman#er0.25	1h	SOLUSD	8	6	92.58	2.438	0.393	36.55	2	167	8	0.393	0	0.000
dynamic-rsi-regression-bands-zeiierman#er0.35	1h	SOLUSD	3	2	59.58	3.018	0.687	30.58	1	167	3	0.687	0	0.000
dynamic-rsi-regression-bands-zeiierman#er0.45	1h	SOLUSD	1	0	-29.52	0.000	-1.000	-29.34	0	167	1	-1.000	0	0.000
dynamic-rsi-regression-bands-zeiierman#chop62	1h	SOLUSD	14	11	194.41	2.984	0.446	93.75	2	167	14	0.446	0	0.000
dynamic-rsi-regression-bands-zeiierman	1h	SOLUSD	14	11	194.41	2.984	0.446	93.75	2	167	14	0.446	0	0.000
dynamic-rsi-regression-bands-zeiierman#er0.25	15m	UNIUSD	5	4	16.13	1.571	0.111	-4.40	3	83	3	-0.029	2	0.322
dynamic-rsi-regression-bands-zeiierman#er0.35	15m	UNIUSD	1	1	7.71	99.000	0.258	5.24	1	83	0	0.000	1	0.258
dynamic-rsi-regression-bands-zeiierman#er0.45	15m	UNIUSD	1	1	7.71	99.000	0.258	5.24	1	83	0	0.000	1	0.258
dynamic-rsi-regression-bands-zeiierman#chop62	15m	UNIUSD	13	9	-29.73	0.735	-0.072	-67.42	3	83	8	-0.297	5	0.288
dynamic-rsi-regression-bands-zeiierman	15m	UNIUSD	13	9	-29.73	0.735	-0.072	-67.42	3	83	8	-0.297	5	0.288
dynamic-rsi-regression-bands-zeiierman#er0.25	1h	UNIUSD	7	3	-67.51	0.418	-0.322	-79.32	1	167	6	-0.209	1	-1.000
dynamic-rsi-regression-bands-zeiierman#er0.35	1h	UNIUSD	3	1	-39.95	0.323	-0.441	-44.02	1	167	3	-0.441	0	0.000
dynamic-rsi-regression-bands-zeiierman#er0.45	1h	UNIUSD	0	0	0.00	0.000	0.000	0.00	0	167	0	0.000	0	0.000
dynamic-rsi-regression-bands-zeiierman#chop62	1h	UNIUSD	34	19	-141.94	0.649	-0.140	-243.63	3	167	26	-0.100	8	-0.272
dynamic-rsi-regression-bands-zeiierman	1h	UNIUSD	37	21	-140.13	0.680	-0.126	-248.88	3	167	27	-0.064	10	-0.294
ai-predictive-flow-zeiierman#er0.25	1h	EVAAUSD	190	109	189.20	1.063	0.049	-98.85	3	167	100	0.114	90	-0.024
ai-predictive-flow-zeiierman#er0.35	1h	EVAAUSD	114	63	227.36	1.123	0.083	2.16	4	167	63	0.168	51	-0.021
ai-predictive-flow-zeiierman#er0.45	1h	EVAAUSD	66	32	-4.41	0.996	0.024	-97.81	4	167	37	0.128	29	-0.109
ai-predictive-flow-zeiierman#chop62	1h	EVAAUSD	365	208	-35.61	0.994	0.013	-526.58	5	167	175	0.065	190	-0.034
ai-predictive-flow-zeiierman	1h	EVAAUSD	379	219	79.94	1.012	0.023	-484.01	5	167	178	0.073	201	-0.021
dynamic-rsi-regression-bands-zeiierman#er0.25	15m	ZECUSD	3	3	49.33	99.000	0.547	-4.59	2	83	2	0.708	1	0.225
dynamic-rsi-regression-bands-zeiierman#er0.35	15m	ZECUSD	2	2	40.40	99.000	0.682	-6.93	2	83	1	1.138	1	0.225
dynamic-rsi-regression-bands-zeiierman#er0.45	15m	ZECUSD	1	1	33.60	99.000	1.138	21.35	1	83	1	1.138	0	0.000
dynamic-rsi-regression-bands-zeiierman#chop62	15m	ZECUSD	9	7	128.68	2.960	0.471	-13.51	2	83	7	0.550	2	0.196
dynamic-rsi-regression-bands-zeiierman	15m	ZECUSD	9	7	128.68	2.960	0.471	-13.51	2	83	7	0.550	2	0.196
dynamic-rsi-regression-bands-zeiierman#er0.25	1h	ZECUSD	4	3	6.37	1.213	0.070	-1.27	2	167	2	-0.376	2	0.516
dynamic-rsi-regression-bands-zeiierman#er0.35	1h	ZECUSD	3	3	36.55	99.000	0.427	29.83	2	167	1	0.248	2	0.516
dynamic-rsi-regression-bands-zeiierman#er0.45	1h	ZECUSD	3	3	36.55	99.000	0.427	29.83	2	167	1	0.248	2	0.516
dynamic-rsi-regression-bands-zeiierman#chop62	1h	ZECUSD	9	7	128.14	3.135	0.498	103.55	3	167	6	0.519	3	0.457
dynamic-rsi-regression-bands-zeiierman	1h	ZECUSD	11	9	164.00	3.732	0.487	132.30	3	167	8	0.498	3	0.457
dynamic-trend-bands-anchored-vwap-signals#er0.25	15m	AKEUSD	13	10	184.16	2.977	0.510	173.32	5	70	6	1.077	7	0.024
dynamic-trend-bands-anchored-vwap-signals#er0.35	15m	AKEUSD	3	2	-12.55	0.544	-0.133	-15.80	2	70	1	0.303	2	-0.351
dynamic-trend-bands-anchored-vwap-signals#er0.45	15m	AKEUSD	1	1	7.49	99.000	0.303	7.04	1	70	1	0.303	0	0.000
dynamic-trend-bands-anchored-vwap-signals#chop62	15m	AKEUSD	72	51	528.04	1.571	0.225	491.69	5	70	44	0.481	28	-0.176
dynamic-trend-bands-anchored-vwap-signals	15m	AKEUSD	82	59	564.16	1.562	0.206	482.57	4	70	49	0.410	33	-0.097
dynamic-trend-bands-anchored-vwap-signals#er0.25	1h	AKEUSD	9	5	99.00	1.831	0.449	92.94	4	70	4	1.163	5	-0.122
dynamic-trend-bands-anchored-vwap-signals#er0.35	1h	AKEUSD	5	3	40.06	1.928	0.251	37.31	3	70	1	0.865	4	0.098
dynamic-trend-bands-anchored-vwap-signals#er0.45	1h	AKEUSD	1	1	23.13	99.000	0.865	22.66	1	70	1	0.865	0	0.000
dynamic-trend-bands-anchored-vwap-signals#chop62	1h	AKEUSD	41	23	67.89	1.135	0.083	14.37	4	70	25	0.002	16	0.209
dynamic-trend-bands-anchored-vwap-signals	1h	AKEUSD	42	23	23.38	1.046	0.057	-12.88	5	70	26	-0.037	16	0.209
dynamic-trend-bands-anchored-vwap-signals#er0.25	15m	BNBUSD	1	0	-29.81	0.000	-1.000	-29.64	0	83	0	0.000	1	-1.000
dynamic-trend-bands-anchored-vwap-signals#er0.35	15m	BNBUSD	0	0	0.00	0.000	0.000	0.00	0	83	0	0.000	0	0.000
dynamic-trend-bands-anchored-vwap-signals#er0.45	15m	BNBUSD	0	0	0.00	0.000	0.000	0.00	0	83	0	0.000	0	0.000
dynamic-trend-bands-anchored-vwap-signals#chop62	15m	BNBUSD	5	2	-64.09	0.270	-0.437	-76.20	1	83	0	0.000	5	-0.437
dynamic-trend-bands-anchored-vwap-signals	15m	BNBUSD	5	2	-64.09	0.270	-0.437	-76.20	1	83	0	0.000	5	-0.437
dynamic-trend-bands-anchored-vwap-signals#er0.25	1h	BNBUSD	10	7	-8.97	0.900	-0.021	-61.70	3	167	2	-0.445	8	0.085
dynamic-trend-bands-anchored-vwap-signals#er0.35	1h	BNBUSD	3	3	23.14	99.000	0.257	7.34	2	167	0	0.000	3	0.257
dynamic-trend-bands-anchored-vwap-signals#er0.45	1h	BNBUSD	1	1	8.38	99.000	0.283	3.48	1	167	0	0.000	1	0.283
dynamic-trend-bands-anchored-vwap-signals#chop62	1h	BNBUSD	29	19	-116.44	0.568	-0.135	-287.53	3	167	16	-0.336	13	0.112
dynamic-trend-bands-anchored-vwap-signals	1h	BNBUSD	32	22	-97.62	0.638	-0.100	-283.90	3	167	16	-0.336	16	0.136
dynamic-trend-bands-anchored-vwap-signals#er0.25	15m	BTCUSD	3	3	16.36	99.000	0.182	40.61	2	83	2	0.180	1	0.186
dynamic-trend-bands-anchored-vwap-signals#er0.35	15m	BTCUSD	3	3	16.36	99.000	0.182	40.61	2	83	2	0.180	1	0.186
dynamic-trend-bands-anchored-vwap-signals#er0.45	15m	BTCUSD	1	1	4.76	99.000	0.160	36.41	1	83	1	0.160	0	0.000
dynamic-trend-bands-anchored-vwap-signals#chop62	15m	BTCUSD	8	5	-52.19	0.376	-0.220	-40.18	1	83	2	0.180	6	-0.353
dynamic-trend-bands-anchored-vwap-signals	15m	BTCUSD	8	5	-52.19	0.376	-0.220	-40.18	1	83	2	0.180	6	-0.353
ai-predictive-flow-zeiierman#er0.25	1h	FILUSD	171	101	199.27	1.115	0.051	-430.29	5	167	80	-0.149	91	0.228
ai-predictive-flow-zeiierman#er0.35	1h	FILUSD	88	52	106.70	1.109	0.054	-197.36	5	167	34	-0.194	54	0.210
ai-predictive-flow-zeiierman#er0.45	1h	FILUSD	53	30	25.55	1.041	0.030	-159.53	4	167	16	-0.341	37	0.191
ai-predictive-flow-zeiierman#chop62	1h	FILUSD	363	215	560.39	1.132	0.056	-599.07	6	167	184	-0.015	179	0.129
ai-predictive-flow-zeiierman	1h	FILUSD	369	220	767.00	1.172	0.067	-589.55	6	167	187	-0.011	182	0.146
dynamic-trend-bands-anchored-vwap-signals#er0.25	1h	BTCUSD	7	4	15.41	1.160	0.097	12.78	3	167	1	0.068	6	0.102
dynamic-trend-bands-anchored-vwap-signals#er0.35	1h	BTCUSD	3	1	24.73	1.391	0.314	8.45	1	167	0	0.000	3	0.314
dynamic-trend-bands-anchored-vwap-signals#er0.45	1h	BTCUSD	1	1	88.05	99.000	2.941	70.26	1	167	0	0.000	1	2.941
dynamic-trend-bands-anchored-vwap-signals#chop62	1h	BTCUSD	19	12	-32.85	0.848	-0.045	-99.04	3	167	11	0.049	8	-0.175
dynamic-trend-bands-anchored-vwap-signals	1h	BTCUSD	27	16	-122.14	0.617	-0.152	-211.75	2	167	14	-0.010	13	-0.305
ai-predictive-flow-zeiierman#er0.25	15m	BTCUSD	18	9	-120.59	0.380	-0.235	-197.62	2	83	1	0.469	17	-0.277
ai-predictive-flow-zeiierman#er0.35	15m	BTCUSD	11	6	-66.10	0.420	-0.205	-128.81	1	83	0	0.000	11	-0.205
ai-predictive-flow-zeiierman#er0.45	15m	BTCUSD	5	3	-8.92	0.722	-0.056	-58.56	1	83	0	0.000	5	-0.056
ai-predictive-flow-zeiierman#chop62	15m	BTCUSD	28	12	-238.15	0.267	-0.321	-309.52	1	83	1	0.469	27	-0.350
ai-predictive-flow-zeiierman	15m	BTCUSD	29	12	-247.67	0.266	-0.325	-323.20	1	83	1	0.469	28	-0.353
dynamic-trend-bands-anchored-vwap-signals#er0.25	1h	ETHUSD	16	11	97.65	1.621	0.221	-46.72	3	167	5	0.652	11	0.025
dynamic-trend-bands-anchored-vwap-signals#er0.35	1h	ETHUSD	10	5	40.85	1.263	0.175	-75.09	3	167	3	0.938	7	-0.153
dynamic-trend-bands-anchored-vwap-signals#er0.45	1h	ETHUSD	6	3	60.34	1.645	0.386	-44.88	3	167	3	0.938	3	-0.165
dynamic-trend-bands-anchored-vwap-signals#chop62	1h	ETHUSD	42	26	-107.62	0.760	-0.077	-314.59	2	167	14	-0.043	28	-0.094
dynamic-trend-bands-anchored-vwap-signals	1h	ETHUSD	52	34	-62.90	0.876	-0.029	-311.52	3	167	15	-0.026	37	-0.031
dynamic-trend-bands-anchored-vwap-signals#er0.25	15m	ETHUSD	9	5	-81.16	0.286	-0.309	-95.98	2	83	3	-0.085	6	-0.421
dynamic-trend-bands-anchored-vwap-signals#er0.35	15m	ETHUSD	5	3	-35.18	0.414	-0.233	-41.56	2	83	2	0.329	3	-0.607
dynamic-trend-bands-anchored-vwap-signals#er0.45	15m	ETHUSD	3	2	-10.73	0.648	-0.114	-19.32	1	83	2	0.329	1	-1.000
dynamic-trend-bands-anchored-vwap-signals#chop62	15m	ETHUSD	19	11	-120.56	0.463	-0.219	-199.54	2	83	4	0.115	15	-0.308
dynamic-trend-bands-anchored-vwap-signals	15m	ETHUSD	19	11	-120.56	0.463	-0.219	-199.54	2	83	4	0.115	15	-0.308
dynamic-trend-bands-anchored-vwap-signals#er0.25	1h	EVAAUSD	12	8	122.35	1.947	0.340	51.80	5	167	8	0.380	4	0.260
dynamic-trend-bands-anchored-vwap-signals#er0.35	1h	EVAAUSD	7	4	26.03	1.295	0.140	-19.43	3	167	5	0.071	2	0.314
dynamic-trend-bands-anchored-vwap-signals#er0.45	1h	EVAAUSD	3	1	-50.52	0.128	-0.566	-86.31	1	167	2	-0.981	1	0.263
dynamic-trend-bands-anchored-vwap-signals#chop62	1h	EVAAUSD	54	27	-114.58	0.859	-0.055	-203.54	3	167	31	0.080	23	-0.237
dynamic-trend-bands-anchored-vwap-signals	1h	EVAAUSD	57	30	-36.48	0.957	-0.002	-140.64	4	167	32	0.126	25	-0.165
dynamic-trend-bands-anchored-vwap-signals#er0.25	15m	EVAAUSD	12	8	-7.75	0.934	-0.014	-48.64	3	83	10	-0.161	2	0.724
dynamic-trend-bands-anchored-vwap-signals#er0.35	15m	EVAAUSD	1	1	10.52	99.000	0.351	5.10	1	83	1	0.351	0	0.000
dynamic-trend-bands-anchored-vwap-signals#er0.45	15m	EVAAUSD	0	0	0.00	0.000	0.000	0.00	0	83	0	0.000	0	0.000
dynamic-trend-bands-anchored-vwap-signals#chop62	15m	EVAAUSD	63	42	74.43	1.114	0.049	-242.58	5	83	36	-0.002	27	0.116
dynamic-trend-bands-anchored-vwap-signals	15m	EVAAUSD	67	43	-7.34	0.990	0.007	-303.42	4	83	39	-0.075	28	0.121
dynamic-trend-bands-anchored-vwap-signals#er0.25	1h	FILUSD	11	7	37.66	1.319	0.127	-25.51	1	167	2	-0.978	9	0.373
dynamic-trend-bands-anchored-vwap-signals#er0.35	1h	FILUSD	4	3	3.92	1.131	0.038	-35.65	3	167	1	-1.000	3	0.385
dynamic-trend-bands-anchored-vwap-signals#er0.45	1h	FILUSD	1	1	12.54	99.000	0.418	10.84	1	167	0	0.000	1	0.418
dynamic-trend-bands-anchored-vwap-signals#chop62	1h	FILUSD	41	18	-272.31	0.536	-0.245	-344.67	1	167	22	-0.314	19	-0.166
dynamic-trend-bands-anchored-vwap-signals	1h	FILUSD	44	20	-277.84	0.541	-0.234	-348.19	1	167	22	-0.314	22	-0.155
ai-predictive-flow-zeiierman#er0.25	1h	LINKUSD	176	100	-482.80	0.627	-0.115	-696.48	1	167	80	-0.228	96	-0.020
ai-predictive-flow-zeiierman#er0.35	1h	LINKUSD	110	59	-456.92	0.505	-0.174	-582.19	1	167	50	-0.364	60	-0.016
ai-predictive-flow-zeiierman#er0.45	1h	LINKUSD	54	28	-359.76	0.398	-0.266	-412.17	1	167	22	-0.413	32	-0.165
ai-predictive-flow-zeiierman#chop62	1h	LINKUSD	387	232	-706.16	0.632	-0.096	-932.88	2	167	181	-0.164	206	-0.036
ai-predictive-flow-zeiierman	1h	LINKUSD	399	239	-708.28	0.641	-0.093	-936.47	2	167	184	-0.161	215	-0.036
dynamic-trend-bands-anchored-vwap-signals#er0.25	15m	FILUSD	10	7	47.56	1.498	0.170	-35.98	1	83	0	0.000	10	0.170
dynamic-trend-bands-anchored-vwap-signals#er0.35	15m	FILUSD	1	0	-28.37	0.000	-0.946	-28.58	0	83	0	0.000	1	-0.946
dynamic-trend-bands-anchored-vwap-signals#er0.45	15m	FILUSD	0	0	0.00	0.000	0.000	0.00	0	83	0	0.000	0	0.000
dynamic-trend-bands-anchored-vwap-signals#chop62	15m	FILUSD	42	28	154.36	1.309	0.129	-104.44	3	83	0	0.000	42	0.129
dynamic-trend-bands-anchored-vwap-signals	15m	FILUSD	46	31	271.39	1.472	0.192	-110.06	3	83	0	0.000	46	0.192
dynamic-trend-bands-anchored-vwap-signals#er0.25	1h	LINKUSD	11	7	54.96	1.467	0.185	13.70	2	167	1	-0.942	10	0.298
dynamic-trend-bands-anchored-vwap-signals#er0.35	1h	LINKUSD	8	4	-45.82	0.591	-0.182	-33.29	1	167	1	-0.942	7	-0.073
dynamic-trend-bands-anchored-vwap-signals#er0.45	1h	LINKUSD	4	3	35.33	2.179	0.307	88.27	2	167	0	0.000	4	0.307
dynamic-trend-bands-anchored-vwap-signals#chop62	1h	LINKUSD	44	26	-150.36	0.701	-0.112	-261.72	5	167	13	0.060	31	-0.185
dynamic-trend-bands-anchored-vwap-signals	1h	LINKUSD	50	31	-143.63	0.731	-0.093	-265.33	5	167	14	0.069	36	-0.156
dynamic-trend-bands-anchored-vwap-signals#er0.25	15m	LINKUSD	14	9	-45.70	0.684	-0.104	-173.46	1	83	3	-0.213	11	-0.074
dynamic-trend-bands-anchored-vwap-signals#er0.35	15m	LINKUSD	7	4	-24.08	0.733	-0.106	-80.64	3	83	1	-1.000	6	0.044
dynamic-trend-bands-anchored-vwap-signals#er0.45	15m	LINKUSD	2	2	37.93	99.000	0.631	-12.60	2	83	0	0.000	2	0.631
dynamic-trend-bands-anchored-vwap-signals#chop62	15m	LINKUSD	44	31	-28.48	0.927	-0.015	-289.55	2	83	6	-0.010	38	-0.015
dynamic-trend-bands-anchored-vwap-signals	15m	LINKUSD	50	34	-70.59	0.852	-0.041	-357.59	3	83	6	-0.010	44	-0.046
dynamic-trend-bands-anchored-vwap-signals#er0.25	1h	PIEVERSEUSD	18	12	206.27	1.966	0.380	153.14	3	161	3	2.443	15	-0.033
dynamic-trend-bands-anchored-vwap-signals#er0.35	1h	PIEVERSEUSD	8	6	36.55	1.588	0.160	31.30	2	161	1	0.284	7	0.142
dynamic-trend-bands-anchored-vwap-signals#er0.45	1h	PIEVERSEUSD	2	2	16.91	99.000	0.282	13.34	2	161	1	0.284	1	0.279
dynamic-trend-bands-anchored-vwap-signals#chop62	1h	PIEVERSEUSD	66	39	470.11	1.387	0.220	254.75	4	161	27	0.597	39	-0.041
dynamic-trend-bands-anchored-vwap-signals	1h	PIEVERSEUSD	69	41	503.90	1.411	0.222	287.14	4	161	28	0.542	41	0.004
dynamic-trend-bands-anchored-vwap-signals#er0.25	15m	PIEVERSEUSD	16	11	221.67	2.339	0.444	6.11	3	83	6	1.117	10	0.040
dynamic-trend-bands-anchored-vwap-signals#er0.35	15m	PIEVERSEUSD	10	7	139.63	2.558	0.463	18.62	4	83	4	0.706	6	0.301
dynamic-trend-bands-anchored-vwap-signals#er0.45	15m	PIEVERSEUSD	3	1	40.11	1.715	0.500	-40.26	1	83	3	0.500	0	0.000
dynamic-trend-bands-anchored-vwap-signals#chop62	15m	PIEVERSEUSD	47	28	283.23	1.463	0.197	-92.87	4	83	15	0.218	32	0.187
dynamic-trend-bands-anchored-vwap-signals	15m	PIEVERSEUSD	50	29	218.24	1.333	0.151	-169.92	3	83	15	0.218	35	0.122
dynamic-trend-bands-anchored-vwap-signals#er0.25	1h	SAGAUSD	17	12	182.71	2.034	0.350	148.21	3	167	2	0.974	15	0.267
dynamic-trend-bands-anchored-vwap-signals#er0.35	1h	SAGAUSD	10	8	126.37	2.869	0.413	118.99	4	167	1	1.499	9	0.292
dynamic-trend-bands-anchored-vwap-signals#er0.45	1h	SAGAUSD	3	2	0.50	1.017	0.014	-0.94	2	167	0	0.000	3	0.014
dynamic-trend-bands-anchored-vwap-signals#chop62	1h	SAGAUSD	50	35	260.23	1.478	0.170	109.79	5	167	19	0.235	31	0.130
dynamic-trend-bands-anchored-vwap-signals	1h	SAGAUSD	55	37	206.94	1.317	0.130	53.11	4	167	21	0.287	34	0.032
ai-predictive-flow-zeiierman#er0.25	1h	PIEVERSEUSD	168	95	1233.69	1.367	0.186	36.66	5	161	81	0.202	87	0.171
ai-predictive-flow-zeiierman#er0.35	1h	PIEVERSEUSD	105	59	801.83	1.425	0.217	122.76	6	161	51	0.202	54	0.231
ai-predictive-flow-zeiierman#er0.45	1h	PIEVERSEUSD	59	29	225.18	1.208	0.148	-4.09	4	161	26	0.352	33	-0.013
ai-predictive-flow-zeiierman#chop62	1h	PIEVERSEUSD	375	216	4680.93	1.348	0.179	329.71	8	161	181	0.223	194	0.137
ai-predictive-flow-zeiierman	1h	PIEVERSEUSD	380	220	5158.03	1.349	0.184	414.00	8	161	184	0.237	196	0.134
dynamic-trend-bands-anchored-vwap-signals#er0.25	1h	SOLUSD	16	11	-28.98	0.809	-0.052	-100.62	6	167	5	0.075	11	-0.111
dynamic-trend-bands-anchored-vwap-signals#er0.35	1h	SOLUSD	6	3	-69.52	0.202	-0.401	-135.93	1	167	2	0.192	4	-0.698
dynamic-trend-bands-anchored-vwap-signals#er0.45	1h	SOLUSD	2	2	10.57	99.000	0.176	-58.43	2	167	1	0.146	1	0.207
dynamic-trend-bands-anchored-vwap-signals#chop62	1h	SOLUSD	45	31	-114.42	0.721	-0.084	-301.05	3	167	20	0.163	25	-0.282
dynamic-trend-bands-anchored-vwap-signals	1h	SOLUSD	56	39	-64.68	0.878	-0.032	-299.12	3	167	24	0.240	32	-0.237
dynamic-trend-bands-anchored-vwap-signals#er0.25	15m	SAGAUSD	17	10	1.08	1.005	0.015	-15.41	3	83	6	-0.019	11	0.034
dynamic-trend-bands-anchored-vwap-signals#er0.35	15m	SAGAUSD	5	4	36.13	2.276	0.244	13.46	2	83	4	0.125	1	0.717
dynamic-trend-bands-anchored-vwap-signals#er0.45	15m	SAGAUSD	3	2	-10.98	0.612	-0.117	-18.21	1	83	3	-0.117	0	0.000
dynamic-trend-bands-anchored-vwap-signals#chop62	15m	SAGAUSD	44	27	9.50	1.018	0.019	-83.94	2	83	15	0.044	29	0.006
dynamic-trend-bands-anchored-vwap-signals	15m	SAGAUSD	45	27	-20.79	0.962	-0.004	-111.42	1	83	15	0.044	30	-0.028
dynamic-trend-bands-anchored-vwap-signals#er0.25	1h	UNIUSD	18	13	22.91	1.149	0.049	-31.62	4	167	4	-0.134	14	0.101
dynamic-trend-bands-anchored-vwap-signals#er0.35	1h	UNIUSD	6	5	39.94	2.261	0.224	19.67	3	167	0	0.000	6	0.224
dynamic-trend-bands-anchored-vwap-signals#er0.45	1h	UNIUSD	1	1	7.88	99.000	0.263	6.06	1	167	0	0.000	1	0.263
dynamic-trend-bands-anchored-vwap-signals#chop62	1h	UNIUSD	56	29	-334.79	0.507	-0.233	-452.39	1	167	22	-0.281	34	-0.202
dynamic-trend-bands-anchored-vwap-signals	1h	UNIUSD	68	38	-295.86	0.616	-0.163	-441.68	2	167	25	-0.225	43	-0.127
ai-predictive-flow-zeiierman#er0.25	15m	ETHUSD	59	31	-356.20	0.421	-0.242	-425.61	1	83	12	-0.167	47	-0.261
ai-predictive-flow-zeiierman#er0.35	15m	ETHUSD	38	25	-101.07	0.721	-0.087	-270.90	3	83	8	0.055	30	-0.125
ai-predictive-flow-zeiierman#er0.45	15m	ETHUSD	23	16	-32.03	0.841	-0.040	-169.57	3	83	5	-0.017	18	-0.047
ai-predictive-flow-zeiierman#chop62	15m	ETHUSD	107	62	-439.72	0.514	-0.175	-567.18	2	83	20	-0.037	87	-0.206
ai-predictive-flow-zeiierman	15m	ETHUSD	116	68	-468.00	0.509	-0.176	-635.89	2	83	22	-0.022	94	-0.211
dynamic-trend-bands-anchored-vwap-signals#er0.25	1h	ZECUSD	26	17	4.02	1.015	0.009	-48.59	5	167	10	0.017	16	0.004
dynamic-trend-bands-anchored-vwap-signals#er0.35	1h	ZECUSD	20	14	59.75	1.317	0.104	10.87	4	167	7	0.217	13	0.043
dynamic-trend-bands-anchored-vwap-signals#er0.45	1h	ZECUSD	7	5	36.84	1.591	0.186	22.48	2	167	3	0.404	4	0.022
dynamic-trend-bands-anchored-vwap-signals#chop62	1h	ZECUSD	73	47	17.11	1.022	0.020	-111.49	5	167	31	-0.055	42	0.076
dynamic-trend-bands-anchored-vwap-signals	1h	ZECUSD	79	52	65.50	1.081	0.040	-84.06	5	167	34	-0.037	45	0.098
dynamic-trend-bands-anchored-vwap-signals#er0.25	15m	SOLUSD	12	9	-15.57	0.820	-0.041	-64.64	2	83	2	0.397	10	-0.129
dynamic-trend-bands-anchored-vwap-signals#er0.35	15m	SOLUSD	8	6	-11.12	0.809	-0.041	-60.95	1	83	2	0.397	6	-0.187
dynamic-trend-bands-anchored-vwap-signals#er0.45	15m	SOLUSD	2	2	25.86	99.000	0.432	11.92	2	83	1	0.653	1	0.211
dynamic-trend-bands-anchored-vwap-signals#chop62	15m	SOLUSD	38	22	-183.95	0.601	-0.167	-338.29	3	83	3	0.601	35	-0.233
dynamic-trend-bands-anchored-vwap-signals	15m	SOLUSD	41	22	-251.65	0.518	-0.226	-394.89	2	83	3	0.601	38	-0.292
fia-trend-momentum-10-20-50#er0.25	15m	AKEUSD	31	26	185.17	2.352	0.221	107.73	2	70	0	0.000	31	0.221
fia-trend-momentum-10-20-50#er0.35	15m	AKEUSD	17	15	185.26	4.699	0.386	131.06	2	70	0	0.000	17	0.386
fia-trend-momentum-10-20-50#er0.45	15m	AKEUSD	6	6	102.67	99.000	0.619	95.11	2	70	0	0.000	6	0.619
fia-trend-momentum-10-20-50#chop62	15m	AKEUSD	66	42	-95.42	0.836	-0.059	-225.98	1	70	0	0.000	66	-0.059
fia-trend-momentum-10-20-50	15m	AKEUSD	78	51	54.51	1.072	0.044	-122.20	1	70	0	0.000	78	0.044
ai-predictive-flow-zeiierman#er0.25	1h	SAGAUSD	172	95	-362.87	0.788	-0.074	-556.30	1	167	77	-0.102	95	-0.052
ai-predictive-flow-zeiierman#er0.35	1h	SAGAUSD	99	57	-175.42	0.847	-0.052	-314.32	5	167	39	-0.045	60	-0.056
ai-predictive-flow-zeiierman#er0.45	1h	SAGAUSD	48	26	-149.98	0.763	-0.101	-200.20	2	167	22	0.115	26	-0.284
ai-predictive-flow-zeiierman#chop62	1h	SAGAUSD	410	223	-637.49	0.813	-0.069	-890.29	2	167	208	-0.100	202	-0.036
ai-predictive-flow-zeiierman	1h	SAGAUSD	425	234	-640.99	0.823	-0.067	-894.30	2	167	215	-0.085	210	-0.048
dynamic-trend-bands-anchored-vwap-signals#er0.25	15m	UNIUSD	37	22	-136.60	0.644	-0.124	-231.29	5	83	15	-0.321	22	0.010
dynamic-trend-bands-anchored-vwap-signals#er0.35	15m	UNIUSD	17	10	-47.89	0.756	-0.086	-110.40	4	83	7	-0.178	10	-0.022
dynamic-trend-bands-anchored-vwap-signals#er0.45	15m	UNIUSD	3	2	1.67	1.055	0.027	-7.08	1	83	0	0.000	3	0.027
dynamic-trend-bands-anchored-vwap-signals#chop62	15m	UNIUSD	107	75	7.44	1.008	0.012	-318.42	3	83	37	0.086	70	-0.028
dynamic-trend-bands-anchored-vwap-signals	15m	UNIUSD	125	86	-29.76	0.972	0.001	-394.84	3	83	42	-0.003	83	0.004
fia-trend-momentum-10-20-50#er0.25	15m	BNBUSD	2	2	29.41	99.000	0.492	14.33	1	83	0	0.000	2	0.492
fia-trend-momentum-10-20-50#er0.35	15m	BNBUSD	1	1	22.74	99.000	0.760	13.49	1	83	0	0.000	1	0.760
fia-trend-momentum-10-20-50#er0.45	15m	BNBUSD	1	1	22.74	99.000	0.760	13.49	1	83	0	0.000	1	0.760
fia-trend-momentum-10-20-50#chop62	15m	BNBUSD	2	2	29.41	99.000	0.492	14.33	1	83	0	0.000	2	0.492
fia-trend-momentum-10-20-50	15m	BNBUSD	2	2	29.41	99.000	0.492	14.33	1	83	0	0.000	2	0.492
dynamic-trend-bands-anchored-vwap-signals#er0.25	15m	ZECUSD	29	21	-22.96	0.903	-0.021	-113.17	2	83	8	-0.041	21	-0.014
dynamic-trend-bands-anchored-vwap-signals#er0.35	15m	ZECUSD	16	13	64.01	1.655	0.138	-8.66	5	83	2	0.363	14	0.106
dynamic-trend-bands-anchored-vwap-signals#er0.45	15m	ZECUSD	5	3	-24.52	0.588	-0.154	-34.08	1	83	0	0.000	5	-0.154
dynamic-trend-bands-anchored-vwap-signals#chop62	15m	ZECUSD	91	54	-355.39	0.602	-0.160	-494.18	1	83	26	-0.152	65	-0.163
dynamic-trend-bands-anchored-vwap-signals	15m	ZECUSD	94	56	-358.39	0.609	-0.157	-503.85	1	83	26	-0.152	68	-0.158
ai-predictive-flow-zeiierman#er0.25	1h	SOLUSD	184	124	-110.77	0.916	-0.013	-597.55	4	167	95	-0.076	89	0.053
ai-predictive-flow-zeiierman#er0.35	1h	SOLUSD	114	78	-65.03	0.920	-0.012	-510.90	4	167	59	-0.166	55	0.154
ai-predictive-flow-zeiierman#er0.45	1h	SOLUSD	60	38	-109.58	0.793	-0.057	-364.40	2	167	34	-0.206	26	0.139
ai-predictive-flow-zeiierman#chop62	1h	SOLUSD	332	217	-497.22	0.761	-0.063	-850.16	2	167	166	-0.051	166	-0.074
ai-predictive-flow-zeiierman	1h	SOLUSD	362	237	-525.24	0.762	-0.062	-884.00	1	167	179	-0.051	183	-0.072
fia-trend-momentum-10-20-50#er0.25	1h	AKEUSD	2	1	-19.06	0.309	-0.355	-23.81	0	70	0	0.000	2	-0.355
fia-trend-momentum-10-20-50#er0.35	1h	AKEUSD	0	0	0.00	0.000	0.000	0.00	0	70	0	0.000	0	0.000
fia-trend-momentum-10-20-50#er0.45	1h	AKEUSD	0	0	0.00	0.000	0.000	0.00	0	70	0	0.000	0	0.000
fia-trend-momentum-10-20-50#chop62	1h	AKEUSD	7	4	-37.24	0.514	-0.234	-53.41	0	70	0	0.000	7	-0.234
fia-trend-momentum-10-20-50	1h	AKEUSD	8	5	-29.17	0.619	-0.156	-43.87	0	70	0	0.000	8	-0.156
fia-trend-momentum-10-20-50#er0.25	15m	BTCUSD	2	0	-53.39	0.000	-0.909	-54.41	0	83	0	0.000	2	-0.909
fia-trend-momentum-10-20-50#er0.35	15m	BTCUSD	2	0	-53.39	0.000	-0.909	-54.41	0	83	0	0.000	2	-0.909
fia-trend-momentum-10-20-50#er0.45	15m	BTCUSD	1	0	-27.19	0.000	-0.912	-27.74	0	83	0	0.000	1	-0.912
fia-trend-momentum-10-20-50#chop62	15m	BTCUSD	2	0	-53.39	0.000	-0.909	-54.41	0	83	0	0.000	2	-0.909
fia-trend-momentum-10-20-50	15m	BTCUSD	2	0	-53.39	0.000	-0.909	-54.41	0	83	0	0.000	2	-0.909
ai-predictive-flow-zeiierman#er0.25	15m	EVAAUSD	297	172	142.93	1.040	0.031	-605.13	5	83	172	-0.010	125	0.087
ai-predictive-flow-zeiierman#er0.35	15m	EVAAUSD	160	91	149.62	1.069	0.046	-281.59	3	83	88	-0.023	72	0.131
ai-predictive-flow-zeiierman#er0.45	15m	EVAAUSD	78	41	-130.92	0.865	-0.043	-301.38	3	83	43	-0.208	35	0.160
ai-predictive-flow-zeiierman#chop62	15m	EVAAUSD	583	349	939.94	1.099	0.053	-767.56	7	83	332	0.042	251	0.069
ai-predictive-flow-zeiierman	15m	EVAAUSD	606	362	938.46	1.094	0.052	-793.93	6	83	346	0.044	260	0.062
fia-trend-momentum-10-20-50#er0.25	1h	BNBUSD	8	4	-69.55	0.407	-0.293	-84.97	0	167	0	0.000	8	-0.293
fia-trend-momentum-10-20-50#er0.35	1h	BNBUSD	4	2	-48.68	0.170	-0.410	-51.18	0	167	0	0.000	4	-0.410
fia-trend-momentum-10-20-50#er0.45	1h	BNBUSD	2	1	-25.92	0.125	-0.436	-24.73	0	167	0	0.000	2	-0.436
fia-trend-momentum-10-20-50#chop62	1h	BNBUSD	11	6	-89.44	0.384	-0.278	-137.41	0	167	0	0.000	11	-0.278
fia-trend-momentum-10-20-50	1h	BNBUSD	12	7	-83.50	0.428	-0.236	-135.99	0	167	0	0.000	12	-0.236
fia-trend-momentum-10-20-50#er0.25	15m	ETHUSD	11	5	-133.16	0.152	-0.427	-204.11	0	83	0	0.000	11	-0.427
fia-trend-momentum-10-20-50#er0.35	15m	ETHUSD	5	2	-69.20	0.137	-0.472	-106.36	1	83	0	0.000	5	-0.472
fia-trend-momentum-10-20-50#er0.45	15m	ETHUSD	2	1	-22.04	0.192	-0.367	-56.69	1	83	0	0.000	2	-0.367
fia-trend-momentum-10-20-50#chop62	15m	ETHUSD	17	8	-150.77	0.351	-0.312	-233.64	0	83	0	0.000	17	-0.312
fia-trend-momentum-10-20-50	15m	ETHUSD	17	8	-150.77	0.351	-0.312	-233.64	0	83	0	0.000	17	-0.312
fia-trend-momentum-10-20-50#er0.25	1h	BTCUSD	7	4	-24.19	0.726	-0.103	-77.49	0	167	0	0.000	7	-0.103
fia-trend-momentum-10-20-50#er0.35	1h	BTCUSD	7	4	-24.19	0.726	-0.103	-77.49	0	167	0	0.000	7	-0.103
fia-trend-momentum-10-20-50#er0.45	1h	BTCUSD	5	4	36.66	2.311	0.255	-49.47	1	167	0	0.000	5	0.255
fia-trend-momentum-10-20-50#chop62	1h	BTCUSD	14	7	-105.95	0.464	-0.259	-168.10	0	167	0	0.000	14	-0.259
fia-trend-momentum-10-20-50	1h	BTCUSD	14	7	-105.95	0.464	-0.259	-168.10	0	167	0	0.000	14	-0.259
ai-predictive-flow-zeiierman#er0.25	1h	UNIUSD	174	98	-542.15	0.609	-0.140	-742.76	1	167	81	-0.262	93	-0.033
ai-predictive-flow-zeiierman#er0.35	1h	UNIUSD	96	57	-217.68	0.748	-0.075	-382.21	3	167	39	-0.306	57	0.083
ai-predictive-flow-zeiierman#er0.45	1h	UNIUSD	53	33	39.42	1.078	0.036	-140.64	3	167	18	-0.241	35	0.178
ai-predictive-flow-zeiierman#chop62	1h	UNIUSD	383	228	-707.22	0.674	-0.097	-895.02	1	167	200	-0.151	183	-0.038
ai-predictive-flow-zeiierman	1h	UNIUSD	417	248	-736.44	0.699	-0.097	-914.89	0	167	210	-0.135	207	-0.059
fia-trend-momentum-10-20-50#er0.25	15m	EVAAUSD	34	24	117.21	1.347	0.121	38.44	1	83	0	0.000	34	0.121
fia-trend-momentum-10-20-50#er0.35	15m	EVAAUSD	17	13	138.95	1.985	0.273	106.76	1	83	0	0.000	17	0.273
fia-trend-momentum-10-20-50#er0.45	15m	EVAAUSD	4	3	101.29	4.033	0.861	93.57	1	83	0	0.000	4	0.861
fia-trend-momentum-10-20-50#chop62	15m	EVAAUSD	59	36	-80.15	0.888	-0.035	-186.08	1	83	0	0.000	59	-0.035
fia-trend-momentum-10-20-50	15m	EVAAUSD	60	37	-76.29	0.894	-0.032	-178.74	1	83	0	0.000	60	-0.032
fia-trend-momentum-10-20-50#er0.25	1h	ETHUSD	8	5	-23.97	0.738	-0.093	-83.96	0	167	0	0.000	8	-0.093
fia-trend-momentum-10-20-50#er0.35	1h	ETHUSD	5	4	29.92	1.992	0.205	-28.79	1	167	0	0.000	5	0.205
fia-trend-momentum-10-20-50#er0.45	1h	ETHUSD	4	3	22.39	1.742	0.195	1.19	1	167	0	0.000	4	0.195
fia-trend-momentum-10-20-50#chop62	1h	ETHUSD	11	7	-41.41	0.659	-0.120	-98.17	0	167	0	0.000	11	-0.120
fia-trend-momentum-10-20-50	1h	ETHUSD	12	7	-68.02	0.539	-0.188	-123.55	0	167	0	0.000	12	-0.188
fia-trend-momentum-10-20-50#er0.25	15m	FILUSD	29	22	266.32	2.258	0.290	47.55	2	83	0	0.000	29	0.290
fia-trend-momentum-10-20-50#er0.35	15m	FILUSD	15	11	15.21	1.130	0.040	-94.75	1	83	0	0.000	15	0.040
fia-trend-momentum-10-20-50#er0.45	15m	FILUSD	6	5	43.06	2.476	0.240	22.13	2	83	0	0.000	6	0.240
fia-trend-momentum-10-20-50#chop62	15m	FILUSD	59	40	190.13	1.313	0.113	-95.79	2	83	0	0.000	59	0.113
fia-trend-momentum-10-20-50	15m	FILUSD	61	41	167.76	1.268	0.099	-117.81	2	83	0	0.000	61	0.099
fia-trend-momentum-10-20-50#er0.25	1h	EVAAUSD	6	5	177.89	6.033	0.974	147.09	1	167	0	0.000	6	0.974
fia-trend-momentum-10-20-50#er0.35	1h	EVAAUSD	4	3	154.18	5.406	1.290	128.17	1	167	0	0.000	4	1.290
fia-trend-momentum-10-20-50#er0.45	1h	EVAAUSD	2	1	-19.20	0.366	-0.315	-20.20	0	167	0	0.000	2	-0.315
fia-trend-momentum-10-20-50#chop62	1h	EVAAUSD	7	6	194.82	6.444	0.903	162.01	1	167	0	0.000	7	0.903
fia-trend-momentum-10-20-50	1h	EVAAUSD	7	6	194.82	6.444	0.903	162.01	1	167	0	0.000	7	0.903
ai-predictive-flow-zeiierman#er0.25	1h	ZECUSD	204	145	2495.81	1.559	0.225	729.88	7	167	90	0.417	114	0.074
ai-predictive-flow-zeiierman#er0.35	1h	ZECUSD	130	94	1373.23	1.757	0.242	486.65	7	167	47	0.475	83	0.110
ai-predictive-flow-zeiierman#er0.45	1h	ZECUSD	80	62	1081.46	2.240	0.332	448.16	7	167	30	0.547	50	0.202
ai-predictive-flow-zeiierman#chop62	1h	ZECUSD	366	262	3892.03	1.331	0.159	373.49	6	167	171	0.312	195	0.026
ai-predictive-flow-zeiierman	1h	ZECUSD	383	272	3675.04	1.288	0.149	252.33	6	167	177	0.306	206	0.014
ai-predictive-flow-zeiierman#er0.25	15m	FILUSD	120	71	-322.69	0.731	-0.098	-589.47	2	83	9	-0.083	111	-0.100
ai-predictive-flow-zeiierman#er0.35	15m	FILUSD	73	39	-268.89	0.690	-0.131	-504.14	2	83	8	0.032	65	-0.151
ai-predictive-flow-zeiierman#er0.45	15m	FILUSD	41	20	-196.34	0.647	-0.163	-303.77	3	83	6	-0.001	35	-0.191
ai-predictive-flow-zeiierman#chop62	15m	FILUSD	262	163	-140.42	0.951	-0.008	-756.83	3	83	11	-0.095	251	-0.005
ai-predictive-flow-zeiierman	15m	FILUSD	276	171	-114.66	0.963	-0.003	-779.61	3	83	11	-0.095	265	0.001
fia-trend-momentum-10-20-50#er0.25	15m	LINKUSD	26	16	-97.84	0.658	-0.124	-263.76	0	83	0	0.000	26	-0.124
fia-trend-momentum-10-20-50#er0.35	15m	LINKUSD	12	6	-100.31	0.401	-0.285	-121.28	1	83	0	0.000	12	-0.285
fia-trend-momentum-10-20-50#er0.45	15m	LINKUSD	6	1	-132.15	0.044	-0.778	-135.77	0	83	0	0.000	6	-0.778
fia-trend-momentum-10-20-50#chop62	15m	LINKUSD	53	35	-196.17	0.599	-0.131	-411.02	1	83	0	0.000	53	-0.131
fia-trend-momentum-10-20-50	15m	LINKUSD	57	38	-174.73	0.661	-0.106	-394.16	1	83	0	0.000	57	-0.106
fia-trend-momentum-10-20-50#er0.25	1h	FILUSD	11	8	148.37	2.527	0.461	115.19	1	167	0	0.000	11	0.461
fia-trend-momentum-10-20-50#er0.35	1h	FILUSD	7	5	148.02	3.221	0.720	120.86	1	167	0	0.000	7	0.720
fia-trend-momentum-10-20-50#er0.45	1h	FILUSD	3	2	-7.45	0.757	-0.076	-11.75	0	167	0	0.000	3	-0.076
fia-trend-momentum-10-20-50#chop62	1h	FILUSD	14	11	199.70	2.995	0.467	178.59	1	167	0	0.000	14	0.467
fia-trend-momentum-10-20-50	1h	FILUSD	15	11	206.50	2.464	0.453	181.96	1	167	0	0.000	15	0.453
high-volume-breakout-targets#er0.25	15m	AKEUSD	25	13	-38.75	0.893	-0.041	-86.01	4	70	11	0.433	14	-0.413
high-volume-breakout-targets#er0.35	15m	AKEUSD	19	10	11.34	1.041	0.033	-6.32	4	70	9	0.558	10	-0.439
high-volume-breakout-targets#er0.45	15m	AKEUSD	14	9	105.59	1.666	0.259	70.83	4	70	7	0.724	7	-0.206
high-volume-breakout-targets#chop62	15m	AKEUSD	62	34	-147.29	0.812	-0.088	-263.84	4	70	33	0.083	29	-0.283
high-volume-breakout-targets	15m	AKEUSD	66	36	-157.77	0.808	-0.100	-291.43	4	70	36	0.073	30	-0.307
fia-trend-momentum-10-20-50#er0.25	15m	PIEVERSEUSD	12	8	133.45	2.142	0.371	64.53	1	83	0	0.000	12	0.371
fia-trend-momentum-10-20-50#er0.35	15m	PIEVERSEUSD	9	5	44.37	1.385	0.188	5.10	1	83	0	0.000	9	0.188
fia-trend-momentum-10-20-50#er0.45	15m	PIEVERSEUSD	5	2	-66.55	0.231	-0.453	-72.10	0	83	0	0.000	5	-0.453
fia-trend-momentum-10-20-50#chop62	15m	PIEVERSEUSD	27	16	130.47	1.394	0.178	1.42	2	83	0	0.000	27	0.178
fia-trend-momentum-10-20-50	15m	PIEVERSEUSD	27	16	130.47	1.394	0.178	1.42	2	83	0	0.000	27	0.178
fia-trend-momentum-10-20-50#er0.25	1h	LINKUSD	9	5	-3.66	0.971	0.002	-27.95	0	167	0	0.000	9	0.002
fia-trend-momentum-10-20-50#er0.35	1h	LINKUSD	5	3	-14.50	0.764	-0.089	-25.91	0	167	0	0.000	5	-0.089
fia-trend-momentum-10-20-50#er0.45	1h	LINKUSD	3	2	-10.40	0.660	-0.110	-16.75	0	167	0	0.000	3	-0.110
fia-trend-momentum-10-20-50#chop62	1h	LINKUSD	13	5	-117.76	0.508	-0.306	-139.04	0	167	0	0.000	13	-0.306
fia-trend-momentum-10-20-50	1h	LINKUSD	13	5	-117.76	0.508	-0.306	-139.04	0	167	0	0.000	13	-0.306
fia-trend-momentum-10-20-50#er0.25	15m	SAGAUSD	32	18	-152.87	0.584	-0.163	-226.77	0	83	0	0.000	32	-0.163
fia-trend-momentum-10-20-50#er0.35	15m	SAGAUSD	13	7	-109.43	0.350	-0.290	-123.27	0	83	0	0.000	13	-0.290
fia-trend-momentum-10-20-50#er0.45	15m	SAGAUSD	4	2	-39.93	0.325	-0.331	-44.15	1	83	0	0.000	4	-0.331
fia-trend-momentum-10-20-50#chop62	15m	SAGAUSD	72	44	-177.70	0.755	-0.081	-245.02	0	83	0	0.000	72	-0.081
fia-trend-momentum-10-20-50	15m	SAGAUSD	79	50	-158.49	0.790	-0.064	-203.29	0	83	0	0.000	79	-0.064
high-volume-breakout-targets#er0.25	15m	BNBUSD	0	0	0.00	0.000	0.000	0.00	0	83	0	0.000	0	0.000
high-volume-breakout-targets#er0.35	15m	BNBUSD	0	0	0.00	0.000	0.000	0.00	0	83	0	0.000	0	0.000
high-volume-breakout-targets#er0.45	15m	BNBUSD	0	0	0.00	0.000	0.000	0.00	0	83	0	0.000	0	0.000
high-volume-breakout-targets#chop62	15m	BNBUSD	0	0	0.00	0.000	0.000	0.00	0	83	0	0.000	0	0.000
high-volume-breakout-targets	15m	BNBUSD	0	0	0.00	0.000	0.000	0.00	0	83	0	0.000	0	0.000
fia-trend-momentum-10-20-50#er0.25	15m	SOLUSD	17	12	-59.24	0.567	-0.117	-114.04	0	83	0	0.000	17	-0.117
fia-trend-momentum-10-20-50#er0.35	15m	SOLUSD	9	6	-38.26	0.534	-0.144	-95.82	0	83	0	0.000	9	-0.144
fia-trend-momentum-10-20-50#er0.45	15m	SOLUSD	2	1	-24.21	0.170	-0.413	-26.60	1	83	0	0.000	2	-0.413
fia-trend-momentum-10-20-50#chop62	15m	SOLUSD	38	24	-194.15	0.453	-0.186	-281.72	0	83	0	0.000	38	-0.186
fia-trend-momentum-10-20-50	15m	SOLUSD	41	26	-206.83	0.452	-0.185	-296.57	0	83	0	0.000	41	-0.185
fia-trend-momentum-10-20-50#er0.25	1h	PIEVERSEUSD	4	3	12.51	1.400	0.113	-30.33	1	161	0	0.000	4	0.113
fia-trend-momentum-10-20-50#er0.35	1h	PIEVERSEUSD	3	2	5.38	1.174	0.070	-0.44	1	161	0	0.000	3	0.070
fia-trend-momentum-10-20-50#er0.45	1h	PIEVERSEUSD	1	0	-29.86	0.000	-1.000	-29.83	0	161	0	0.000	1	-1.000
fia-trend-momentum-10-20-50#chop62	1h	PIEVERSEUSD	13	9	123.10	2.035	0.315	44.91	1	161	0	0.000	13	0.315
fia-trend-momentum-10-20-50	1h	PIEVERSEUSD	13	9	123.10	2.035	0.315	44.91	1	161	0	0.000	13	0.315
fia-trend-momentum-10-20-50#er0.25	15m	UNIUSD	40	18	-361.74	0.332	-0.365	-331.59	1	83	0	0.000	40	-0.365
fia-trend-momentum-10-20-50#er0.35	15m	UNIUSD	17	11	-27.83	0.843	-0.046	19.55	1	83	0	0.000	17	-0.046
fia-trend-momentum-10-20-50#er0.45	15m	UNIUSD	9	6	24.01	1.264	0.100	-23.05	1	83	0	0.000	9	0.100
fia-trend-momentum-10-20-50#chop62	15m	UNIUSD	88	51	-410.92	0.543	-0.193	-445.09	1	83	0	0.000	88	-0.193
fia-trend-momentum-10-20-50	15m	UNIUSD	96	55	-461.22	0.520	-0.207	-496.12	1	83	0	0.000	96	-0.207
high-volume-breakout-targets#er0.25	15m	BTCUSD	1	1	2.08	99.000	0.070	-29.64	1	83	0	0.000	1	0.070
high-volume-breakout-targets#er0.35	15m	BTCUSD	1	1	2.08	99.000	0.070	-29.64	1	83	0	0.000	1	0.070
high-volume-breakout-targets#er0.45	15m	BTCUSD	0	0	0.00	0.000	0.000	0.00	0	83	0	0.000	0	0.000
high-volume-breakout-targets#chop62	15m	BTCUSD	2	2	7.96	99.000	0.133	-58.66	1	83	0	0.000	2	0.133
high-volume-breakout-targets	15m	BTCUSD	2	2	7.96	99.000	0.133	-58.66	1	83	0	0.000	2	0.133
fia-trend-momentum-10-20-50#er0.25	1h	SAGAUSD	10	8	66.88	2.099	0.223	69.77	1	167	0	0.000	10	0.223
fia-trend-momentum-10-20-50#er0.35	1h	SAGAUSD	7	5	17.57	1.296	0.091	24.44	1	167	0	0.000	7	0.091
fia-trend-momentum-10-20-50#er0.45	1h	SAGAUSD	5	4	40.79	2.361	0.274	35.66	1	167	0	0.000	5	0.274
fia-trend-momentum-10-20-50#chop62	1h	SAGAUSD	18	14	132.49	2.111	0.239	125.25	1	167	0	0.000	18	0.239
fia-trend-momentum-10-20-50	1h	SAGAUSD	19	15	140.62	2.180	0.239	128.54	1	167	0	0.000	19	0.239
ai-predictive-flow-zeiierman#er0.25	15m	LINKUSD	126	82	-281.33	0.730	-0.081	-555.44	1	83	12	-0.058	114	-0.083
ai-predictive-flow-zeiierman#er0.35	15m	LINKUSD	75	52	-45.38	0.928	-0.013	-296.99	4	83	7	0.205	68	-0.036
ai-predictive-flow-zeiierman#er0.45	15m	LINKUSD	34	22	-65.52	0.803	-0.058	-175.19	4	83	4	0.144	30	-0.085
ai-predictive-flow-zeiierman#chop62	15m	LINKUSD	245	144	-682.49	0.588	-0.149	-859.19	1	83	14	-0.003	231	-0.157
ai-predictive-flow-zeiierman	15m	LINKUSD	256	150	-702.18	0.594	-0.150	-872.37	1	83	14	-0.003	242	-0.159
fia-trend-momentum-10-20-50#er0.25	15m	ZECUSD	25	18	13.67	1.068	0.025	-65.29	1	83	0	0.000	25	0.025
fia-trend-momentum-10-20-50#er0.35	15m	ZECUSD	12	8	0.00	1.000	0.008	-40.88	1	83	0	0.000	12	0.008
fia-trend-momentum-10-20-50#er0.45	15m	ZECUSD	4	3	9.30	1.327	0.083	-6.83	1	83	0	0.000	4	0.083
fia-trend-momentum-10-20-50#chop62	15m	ZECUSD	67	44	-108.95	0.827	-0.046	-300.47	0	83	0	0.000	67	-0.046
fia-trend-momentum-10-20-50	15m	ZECUSD	69	45	-121.67	0.813	-0.052	-312.26	0	83	0	0.000	69	-0.052
high-volume-breakout-targets#er0.25	15m	ETHUSD	7	5	-23.78	0.588	-0.110	-34.23	2	83	2	0.087	5	-0.189
high-volume-breakout-targets#er0.35	15m	ETHUSD	7	5	-16.72	0.712	-0.076	-28.97	2	83	2	0.207	5	-0.189
high-volume-breakout-targets#er0.45	15m	ETHUSD	5	3	-45.62	0.192	-0.306	-41.75	2	83	1	0.027	4	-0.389
high-volume-breakout-targets#chop62	15m	ETHUSD	8	6	-19.40	0.667	-0.077	-34.84	2	83	2	0.087	6	-0.132
high-volume-breakout-targets	15m	ETHUSD	9	6	-48.87	0.440	-0.180	-63.76	2	83	2	0.087	7	-0.256
high-volume-breakout-targets#er0.25	1h	AKEUSD	12	9	74.70	1.838	0.206	15.60	4	70	5	0.218	7	0.198
high-volume-breakout-targets#er0.35	1h	AKEUSD	10	8	73.48	2.186	0.291	22.92	4	70	4	0.131	6	0.397
high-volume-breakout-targets#er0.45	1h	AKEUSD	5	5	96.86	99.000	0.740	57.27	4	70	1	0.754	4	0.736
high-volume-breakout-targets#chop62	1h	AKEUSD	24	18	74.39	1.430	0.128	15.97	4	70	11	0.069	13	0.177
high-volume-breakout-targets	1h	AKEUSD	24	18	74.39	1.430	0.128	15.97	4	70	11	0.069	13	0.177
fia-trend-momentum-10-20-50#er0.25	1h	SOLUSD	12	9	9.61	1.105	0.027	-2.32	1	167	0	0.000	12	0.027
fia-trend-momentum-10-20-50#er0.35	1h	SOLUSD	9	7	21.82	1.344	0.088	18.75	1	167	0	0.000	9	0.088
fia-trend-momentum-10-20-50#er0.45	1h	SOLUSD	4	3	15.50	1.513	0.129	8.98	1	167	0	0.000	4	0.129
fia-trend-momentum-10-20-50#chop62	1h	SOLUSD	17	11	-69.33	0.618	-0.137	-113.51	0	167	0	0.000	17	-0.137
fia-trend-momentum-10-20-50	1h	SOLUSD	17	11	-69.33	0.618	-0.137	-113.51	0	167	0	0.000	17	-0.137
high-volume-breakout-targets#er0.25	1h	BNBUSD	7	6	28.36	1.922	0.137	-87.32	3	167	2	0.617	5	-0.055
high-volume-breakout-targets#er0.35	1h	BNBUSD	4	3	-2.80	0.908	-0.019	-71.59	2	167	1	0.678	3	-0.251
high-volume-breakout-targets#er0.45	1h	BNBUSD	3	2	-5.95	0.804	-0.060	-43.47	1	167	1	0.678	2	-0.429
high-volume-breakout-targets#chop62	1h	BNBUSD	14	9	-37.44	0.752	-0.082	-188.27	2	167	5	0.395	9	-0.347
high-volume-breakout-targets	1h	BNBUSD	14	9	-37.44	0.752	-0.082	-188.27	2	167	5	0.395	9	-0.347
high-volume-breakout-targets#er0.25	15m	EVAAUSD	28	14	63.12	1.135	0.097	-80.22	3	83	14	0.557	14	-0.364
high-volume-breakout-targets#er0.35	15m	EVAAUSD	18	8	39.48	1.121	0.101	-43.63	3	83	9	0.809	9	-0.606
high-volume-breakout-targets#er0.45	15m	EVAAUSD	11	5	74.53	1.389	0.257	10.60	3	83	5	1.086	6	-0.434
high-volume-breakout-targets#chop62	15m	EVAAUSD	60	29	-75.82	0.921	-0.022	-297.59	3	83	35	0.121	25	-0.222
high-volume-breakout-targets	15m	EVAAUSD	63	32	-31.70	0.968	0.004	-269.56	3	83	38	0.152	25	-0.222
fia-trend-momentum-10-20-50#er0.25	1h	UNIUSD	9	5	-66.11	0.444	-0.246	-71.01	0	167	0	0.000	9	-0.246
fia-trend-momentum-10-20-50#er0.35	1h	UNIUSD	4	3	-2.72	0.911	-0.018	-4.39	0	167	0	0.000	4	-0.018
fia-trend-momentum-10-20-50#er0.45	1h	UNIUSD	2	2	17.35	99.000	0.290	17.92	1	167	0	0.000	2	0.290
fia-trend-momentum-10-20-50#chop62	1h	UNIUSD	16	9	-115.20	0.425	-0.248	-124.49	0	167	0	0.000	16	-0.248
fia-trend-momentum-10-20-50	1h	UNIUSD	19	10	-146.07	0.425	-0.269	-157.21	0	167	0	0.000	19	-0.269
high-volume-breakout-targets#er0.25	1h	BTCUSD	3	3	19.38	99.000	0.216	4.40	2	167	1	0.163	2	0.242
high-volume-breakout-targets#er0.35	1h	BTCUSD	2	2	12.82	99.000	0.213	2.18	2	167	1	0.163	1	0.263
high-volume-breakout-targets#er0.45	1h	BTCUSD	2	2	12.82	99.000	0.213	2.18	2	167	1	0.163	1	0.263
high-volume-breakout-targets#chop62	1h	BTCUSD	11	10	67.34	3.219	0.203	12.87	4	167	7	0.177	4	0.248
high-volume-breakout-targets	1h	BTCUSD	11	10	67.34	3.219	0.203	12.87	4	167	7	0.177	4	0.248
fia-trend-momentum-10-20-50#er0.25	1h	ZECUSD	15	12	163.65	2.750	0.373	107.28	1	167	0	0.000	15	0.373
fia-trend-momentum-10-20-50#er0.35	1h	ZECUSD	13	10	137.32	2.568	0.351	85.68	1	167	0	0.000	13	0.351
fia-trend-momentum-10-20-50#er0.45	1h	ZECUSD	5	4	1.84	1.063	0.023	-12.97	1	167	0	0.000	5	0.023
fia-trend-momentum-10-20-50#chop62	1h	ZECUSD	16	13	175.75	2.828	0.384	119.20	1	167	0	0.000	16	0.384
fia-trend-momentum-10-20-50	1h	ZECUSD	17	13	151.55	2.279	0.302	96.37	1	167	0	0.000	17	0.302
high-volume-breakout-targets#er0.25	15m	FILUSD	10	5	21.35	1.133	0.107	-24.04	1	83	1	4.537	9	-0.385
high-volume-breakout-targets#er0.35	15m	FILUSD	6	4	109.74	2.604	0.632	65.42	2	83	1	4.537	5	-0.149
high-volume-breakout-targets#er0.45	15m	FILUSD	6	4	109.74	2.604	0.632	65.42	2	83	1	4.537	5	-0.149
high-volume-breakout-targets#chop62	15m	FILUSD	20	12	-3.01	0.988	0.016	-39.74	1	83	1	4.537	19	-0.222
high-volume-breakout-targets	15m	FILUSD	20	12	-3.01	0.988	0.016	-39.74	1	83	1	4.537	19	-0.222
kinetic-momentum-vectors#er0.25	15m	AKEUSD	44	24	326.14	1.464	0.256	243.72	5	70	18	0.437	26	0.131
kinetic-momentum-vectors#er0.35	15m	AKEUSD	38	23	542.25	1.941	0.406	411.24	5	70	14	0.841	24	0.152
kinetic-momentum-vectors#er0.45	15m	AKEUSD	30	16	101.04	1.239	0.111	30.50	5	70	11	0.261	19	0.024
kinetic-momentum-vectors#chop62	15m	AKEUSD	66	39	422.83	1.414	0.196	280.30	5	70	25	0.360	41	0.097
kinetic-momentum-vectors	15m	AKEUSD	66	39	422.83	1.414	0.196	280.30	5	70	25	0.360	41	0.097
high-volume-breakout-targets#er0.25	1h	ETHUSD	10	6	-4.40	0.962	0.000	14.17	4	167	5	-0.282	5	0.283
high-volume-breakout-targets#er0.35	1h	ETHUSD	9	5	-14.65	0.873	-0.039	9.47	4	167	4	-0.440	5	0.283
high-volume-breakout-targets#er0.45	1h	ETHUSD	7	4	11.38	1.127	0.074	36.89	3	167	2	-0.446	5	0.283
high-volume-breakout-targets#chop62	1h	ETHUSD	21	15	16.21	1.091	0.035	-34.62	5	167	12	-0.051	9	0.150
high-volume-breakout-targets	1h	ETHUSD	22	16	37.94	1.210	0.066	-21.59	5	167	13	0.008	9	0.150
kinetic-momentum-vectors#er0.25	15m	BNBUSD	2	1	-5.11	0.811	-0.074	-14.69	1	83	0	0.000	2	-0.074
kinetic-momentum-vectors#er0.35	15m	BNBUSD	2	1	-5.11	0.811	-0.074	-14.69	1	83	0	0.000	2	-0.074
kinetic-momentum-vectors#er0.45	15m	BNBUSD	2	1	-5.11	0.811	-0.074	-14.69	1	83	0	0.000	2	-0.074
kinetic-momentum-vectors#chop62	15m	BNBUSD	3	2	1.00	1.037	0.022	-42.24	1	83	0	0.000	3	0.022
kinetic-momentum-vectors	15m	BNBUSD	3	2	1.00	1.037	0.022	-42.24	1	83	0	0.000	3	0.022
high-volume-breakout-targets#er0.25	1h	EVAAUSD	10	5	-50.35	0.653	-0.161	-66.39	3	167	4	-0.597	6	0.129
high-volume-breakout-targets#er0.35	1h	EVAAUSD	6	3	-33.41	0.623	-0.178	-43.78	2	167	3	-0.480	3	0.123
high-volume-breakout-targets#er0.45	1h	EVAAUSD	6	3	-33.41	0.623	-0.178	-43.78	2	167	3	-0.480	3	0.123
high-volume-breakout-targets#chop62	1h	EVAAUSD	18	9	-116.19	0.547	-0.219	-139.27	1	167	5	-0.380	13	-0.156
high-volume-breakout-targets	1h	EVAAUSD	19	10	-92.92	0.642	-0.161	-119.03	1	167	5	-0.380	14	-0.083
high-volume-breakout-targets#er0.25	15m	LINKUSD	10	6	47.50	1.379	0.171	-3.73	3	83	1	-0.939	9	0.294
high-volume-breakout-targets#er0.35	15m	LINKUSD	5	2	-18.62	0.796	-0.110	-42.90	2	83	0	0.000	5	-0.110
high-volume-breakout-targets#er0.45	15m	LINKUSD	5	2	-18.62	0.796	-0.110	-42.90	2	83	0	0.000	5	-0.110
high-volume-breakout-targets#chop62	15m	LINKUSD	19	11	-29.84	0.875	-0.042	-127.47	3	83	1	-0.939	18	0.008
high-volume-breakout-targets	15m	LINKUSD	19	11	-29.84	0.875	-0.042	-127.47	3	83	1	-0.939	18	0.008
kinetic-momentum-vectors#er0.25	15m	BTCUSD	3	1	-46.79	0.149	-0.526	-52.35	1	83	1	-0.933	2	-0.322
kinetic-momentum-vectors#er0.35	15m	BTCUSD	3	1	-46.79	0.149	-0.526	-52.35	1	83	1	-0.933	2	-0.322
kinetic-momentum-vectors#er0.45	15m	BTCUSD	2	0	-55.00	0.000	-0.934	-54.78	0	83	1	-0.933	1	-0.935
kinetic-momentum-vectors#chop62	15m	BTCUSD	4	2	-36.91	0.329	-0.308	-48.76	1	83	1	-0.933	3	-0.099
kinetic-momentum-vectors	15m	BTCUSD	4	2	-36.91	0.329	-0.308	-48.76	1	83	1	-0.933	3	-0.099
high-volume-breakout-targets#er0.25	1h	FILUSD	14	6	-15.19	0.932	-0.016	-69.60	3	167	10	-0.082	4	0.147
high-volume-breakout-targets#er0.35	1h	FILUSD	10	4	-62.97	0.624	-0.202	-91.46	3	167	6	-0.435	4	0.147
high-volume-breakout-targets#er0.45	1h	FILUSD	3	1	-29.15	0.507	-0.314	-41.91	1	167	3	-0.314	0	0.000
high-volume-breakout-targets#chop62	1h	FILUSD	31	12	-182.70	0.616	-0.200	-278.54	3	167	18	-0.294	13	-0.070
high-volume-breakout-targets	1h	FILUSD	31	12	-182.70	0.616	-0.200	-278.54	3	167	18	-0.294	13	-0.070
kinetic-momentum-vectors#er0.25	15m	ETHUSD	18	11	-13.59	0.934	-0.004	-38.52	3	83	4	0.952	14	-0.277
kinetic-momentum-vectors#er0.35	15m	ETHUSD	12	6	-13.42	0.925	-0.008	-28.66	2	83	3	1.255	9	-0.428
kinetic-momentum-vectors#er0.45	15m	ETHUSD	11	6	14.34	1.095	0.075	-1.04	2	83	3	1.255	8	-0.367
kinetic-momentum-vectors#chop62	15m	ETHUSD	21	12	-59.77	0.772	-0.079	-116.67	3	83	5	0.808	16	-0.357
kinetic-momentum-vectors	15m	ETHUSD	21	12	-59.77	0.772	-0.079	-116.67	3	83	5	0.808	16	-0.357
high-volume-breakout-targets#er0.25	1h	LINKUSD	8	4	-31.22	0.734	-0.118	-55.43	1	167	7	0.008	1	-1.000
high-volume-breakout-targets#er0.35	1h	LINKUSD	6	3	-7.98	0.910	-0.028	-29.19	1	167	5	0.166	1	-1.000
high-volume-breakout-targets#er0.45	1h	LINKUSD	3	1	-42.53	0.284	-0.473	-47.31	0	167	2	-0.209	1	-1.000
high-volume-breakout-targets#chop62	1h	LINKUSD	21	13	-74.91	0.684	-0.115	-159.01	2	167	16	0.072	5	-0.715
high-volume-breakout-targets	1h	LINKUSD	22	14	-66.61	0.719	-0.096	-154.75	2	167	16	0.072	6	-0.546
kinetic-momentum-vectors#er0.25	15m	EVAAUSD	49	27	-28.55	0.956	-0.003	-126.00	3	83	18	0.113	31	-0.070
kinetic-momentum-vectors#er0.35	15m	EVAAUSD	40	19	-106.63	0.816	-0.075	-144.61	3	83	15	0.003	25	-0.121
kinetic-momentum-vectors#er0.45	15m	EVAAUSD	25	13	71.71	1.201	0.117	-38.82	4	83	9	0.297	16	0.017
kinetic-momentum-vectors#chop62	15m	EVAAUSD	64	37	113.60	1.140	0.073	-75.11	5	83	25	0.119	39	0.043
kinetic-momentum-vectors	15m	EVAAUSD	64	37	113.60	1.140	0.073	-75.11	5	83	25	0.119	39	0.043
high-volume-breakout-targets#er0.25	15m	PIEVERSEUSD	14	7	-25.74	0.879	-0.043	-46.28	1	83	5	0.619	9	-0.411
high-volume-breakout-targets#er0.35	15m	PIEVERSEUSD	12	5	-46.77	0.778	-0.112	-48.92	1	83	5	0.619	7	-0.634
high-volume-breakout-targets#er0.45	15m	PIEVERSEUSD	4	2	46.71	1.794	0.421	18.99	2	83	2	1.129	2	-0.287
high-volume-breakout-targets#chop62	15m	PIEVERSEUSD	25	14	63.13	1.183	0.102	-25.59	2	83	8	0.231	17	0.041
high-volume-breakout-targets	15m	PIEVERSEUSD	26	15	131.80	1.359	0.181	27.84	3	83	9	0.447	17	0.041
high-volume-breakout-targets#er0.25	1h	PIEVERSEUSD	9	4	-97.89	0.302	-0.374	-108.93	2	161	5	-0.729	4	0.070
high-volume-breakout-targets#er0.35	1h	PIEVERSEUSD	5	3	-26.50	0.542	-0.173	-35.97	2	161	3	-0.558	2	0.404
high-volume-breakout-targets#er0.45	1h	PIEVERSEUSD	5	3	-26.50	0.542	-0.173	-35.97	2	161	3	-0.558	2	0.404
high-volume-breakout-targets#chop62	1h	PIEVERSEUSD	22	13	168.25	1.594	0.267	76.70	4	161	13	0.155	9	0.429
high-volume-breakout-targets	1h	PIEVERSEUSD	22	13	168.25	1.594	0.267	76.70	4	161	13	0.155	9	0.429
ai-predictive-flow-zeiierman#er0.25	15m	PIEVERSEUSD	176	104	436.83	1.149	0.086	-129.07	5	83	64	0.248	112	-0.007
ai-predictive-flow-zeiierman#er0.35	15m	PIEVERSEUSD	114	66	355.56	1.192	0.108	155.07	5	83	46	0.270	68	-0.002
ai-predictive-flow-zeiierman#er0.45	15m	PIEVERSEUSD	61	35	59.07	1.073	0.047	-66.28	6	83	27	0.043	34	0.049
ai-predictive-flow-zeiierman#chop62	15m	PIEVERSEUSD	379	223	1647.02	1.195	0.102	-477.82	7	83	136	0.155	243	0.073
ai-predictive-flow-zeiierman	15m	PIEVERSEUSD	391	232	2002.31	1.218	0.111	-457.62	6	83	138	0.162	253	0.082
kinetic-momentum-vectors#er0.25	15m	FILUSD	40	24	130.01	1.260	0.123	-25.56	4	83	5	0.530	35	0.064
kinetic-momentum-vectors#er0.35	15m	FILUSD	28	18	55.51	1.181	0.082	-38.37	4	83	5	0.530	23	-0.016
kinetic-momentum-vectors#er0.45	15m	FILUSD	25	17	105.08	1.418	0.151	10.92	5	83	5	0.530	20	0.057
kinetic-momentum-vectors#chop62	15m	FILUSD	55	31	85.02	1.111	0.069	-123.73	4	83	5	0.530	50	0.023
kinetic-momentum-vectors	15m	FILUSD	56	31	53.71	1.068	0.051	-149.10	4	83	5	0.530	51	0.004
high-volume-breakout-targets#er0.25	1h	SAGAUSD	10	5	-59.19	0.591	-0.192	-73.37	2	167	5	0.086	5	-0.470
high-volume-breakout-targets#er0.35	1h	SAGAUSD	6	3	-53.14	0.389	-0.294	-60.10	2	167	4	-0.263	2	-0.357
high-volume-breakout-targets#er0.45	1h	SAGAUSD	6	3	-53.14	0.389	-0.294	-60.10	2	167	4	-0.263	2	-0.357
high-volume-breakout-targets#chop62	1h	SAGAUSD	32	18	315.78	1.580	0.322	145.97	4	167	17	0.686	15	-0.091
high-volume-breakout-targets	1h	SAGAUSD	33	19	340.60	1.619	0.331	159.66	4	167	17	0.686	16	-0.046
kinetic-momentum-vectors#er0.25	15m	LINKUSD	26	12	-106.10	0.719	-0.128	-194.00	2	83	4	-0.376	22	-0.083
kinetic-momentum-vectors#er0.35	15m	LINKUSD	20	9	-52.54	0.829	-0.072	-132.96	3	83	3	-0.579	17	0.018
kinetic-momentum-vectors#er0.45	15m	LINKUSD	16	7	-38.28	0.848	-0.062	-109.44	2	83	2	-0.909	14	0.059
kinetic-momentum-vectors#chop62	15m	LINKUSD	36	16	-181.58	0.644	-0.171	-332.04	1	83	6	-0.571	30	-0.091
kinetic-momentum-vectors	15m	LINKUSD	37	17	-171.87	0.663	-0.155	-327.12	1	83	6	-0.571	31	-0.075
high-volume-breakout-targets#er0.25	1h	SOLUSD	11	9	58.67	1.994	0.181	11.66	5	167	5	0.303	6	0.079
high-volume-breakout-targets#er0.35	1h	SOLUSD	8	6	29.09	1.498	0.134	-0.69	4	167	3	0.262	5	0.057
high-volume-breakout-targets#er0.45	1h	SOLUSD	5	4	48.42	2.611	0.337	28.02	3	167	2	0.287	3	0.370
high-volume-breakout-targets#chop62	1h	SOLUSD	18	12	-30.71	0.821	-0.049	-85.34	3	167	9	-0.122	9	0.025
high-volume-breakout-targets	1h	SOLUSD	20	14	-11.08	0.937	-0.009	-76.30	3	167	10	-0.060	10	0.041
high-volume-breakout-targets#er0.25	15m	SAGAUSD	7	5	57.09	1.927	0.278	24.71	4	83	3	0.619	4	0.022
high-volume-breakout-targets#er0.35	15m	SAGAUSD	5	4	78.63	3.493	0.520	47.37	3	83	2	1.404	3	-0.069
high-volume-breakout-targets#er0.45	15m	SAGAUSD	3	2	29.42	1.977	0.338	14.90	1	83	1	1.401	2	-0.193
high-volume-breakout-targets#chop62	15m	SAGAUSD	14	7	-45.34	0.781	-0.097	-91.49	3	83	5	-0.029	9	-0.135
high-volume-breakout-targets	15m	SAGAUSD	16	8	-55.42	0.762	-0.106	-103.62	3	83	6	-0.182	10	-0.060
kinetic-momentum-vectors#er0.25	15m	PIEVERSEUSD	50	32	419.96	1.577	0.263	359.13	5	83	19	0.761	31	-0.042
kinetic-momentum-vectors#er0.35	15m	PIEVERSEUSD	44	29	430.45	1.686	0.303	397.10	4	83	17	0.965	27	-0.114
kinetic-momentum-vectors#er0.45	15m	PIEVERSEUSD	36	26	617.46	2.437	0.481	523.81	5	83	16	1.088	20	-0.004
kinetic-momentum-vectors#chop62	15m	PIEVERSEUSD	59	35	264.09	1.309	0.159	184.13	4	83	25	0.351	34	0.019
kinetic-momentum-vectors	15m	PIEVERSEUSD	59	35	264.09	1.309	0.159	184.13	4	83	25	0.351	34	0.019
high-volume-breakout-targets#er0.25	1h	UNIUSD	13	9	17.51	1.143	0.053	-13.17	3	167	7	0.162	6	-0.075
high-volume-breakout-targets#er0.35	1h	UNIUSD	8	7	61.84	2.887	0.255	39.66	5	167	4	0.453	4	0.056
high-volume-breakout-targets#er0.45	1h	UNIUSD	4	3	9.75	1.313	0.087	2.01	2	167	1	0.601	3	-0.084
high-volume-breakout-targets#chop62	1h	UNIUSD	32	22	55.21	1.178	0.065	-42.39	4	167	17	0.087	15	0.040
high-volume-breakout-targets	1h	UNIUSD	37	25	34.34	1.093	0.039	-72.91	4	167	20	0.077	17	-0.006
kinetic-momentum-vectors#er0.25	15m	SAGAUSD	42	26	254.99	1.444	0.201	71.37	5	83	20	0.580	22	-0.144
kinetic-momentum-vectors#er0.35	15m	SAGAUSD	33	20	218.03	1.467	0.222	71.98	4	83	15	0.792	18	-0.253
kinetic-momentum-vectors#er0.45	15m	SAGAUSD	24	13	70.63	1.195	0.119	-2.70	3	83	8	1.037	16	-0.340
kinetic-momentum-vectors#chop62	15m	SAGAUSD	56	32	69.62	1.087	0.058	-101.44	4	83	25	0.317	31	-0.151
kinetic-momentum-vectors	15m	SAGAUSD	56	32	69.62	1.087	0.058	-101.44	4	83	25	0.317	31	-0.151
high-volume-breakout-targets#er0.25	15m	SOLUSD	6	5	6.72	1.223	0.041	-15.90	4	83	1	0.225	5	0.004
high-volume-breakout-targets#er0.35	15m	SOLUSD	6	5	6.72	1.223	0.041	-15.90	4	83	1	0.225	5	0.004
high-volume-breakout-targets#er0.45	15m	SOLUSD	4	3	-15.73	0.478	-0.129	-26.90	3	83	1	0.225	3	-0.247
high-volume-breakout-targets#chop62	15m	SOLUSD	9	7	-5.19	0.911	-0.013	-40.24	4	83	1	0.225	8	-0.043
high-volume-breakout-targets	15m	SOLUSD	12	10	8.10	1.139	0.023	-93.39	4	83	1	0.225	11	0.005
kinetic-momentum-vectors#er0.25	15m	SOLUSD	19	12	-45.64	0.759	-0.074	-102.65	2	83	2	0.299	17	-0.118
kinetic-momentum-vectors#er0.35	15m	SOLUSD	14	8	-66.02	0.590	-0.158	-101.07	2	83	2	0.299	12	-0.235
kinetic-momentum-vectors#er0.45	15m	SOLUSD	11	6	-56.07	0.589	-0.169	-82.21	3	83	2	0.299	9	-0.273
kinetic-momentum-vectors#chop62	15m	SOLUSD	24	17	-4.49	0.977	0.001	-81.60	4	83	3	0.287	21	-0.040
kinetic-momentum-vectors	15m	SOLUSD	24	17	-4.49	0.977	0.001	-81.60	4	83	3	0.287	21	-0.040
high-volume-breakout-targets#er0.25	1h	ZECUSD	12	8	10.70	1.091	0.041	12.29	5	167	6	-0.195	6	0.278
high-volume-breakout-targets#er0.35	1h	ZECUSD	9	7	65.23	2.049	0.252	65.86	5	167	4	0.200	5	0.294
high-volume-breakout-targets#er0.45	1h	ZECUSD	3	2	24.15	1.808	0.290	26.45	2	167	1	0.233	2	0.318
high-volume-breakout-targets#chop62	1h	ZECUSD	19	13	35.50	1.196	0.075	-47.80	5	167	9	-0.110	10	0.241
high-volume-breakout-targets	1h	ZECUSD	22	15	22.18	1.109	0.040	-63.89	5	167	10	-0.199	12	0.239
kinetic-momentum-vectors#er0.25	15m	UNIUSD	44	29	245.64	1.465	0.189	51.18	4	83	18	0.653	26	-0.132
kinetic-momentum-vectors#er0.35	15m	UNIUSD	31	20	124.43	1.363	0.144	-10.30	4	83	15	0.398	16	-0.094
kinetic-momentum-vectors#er0.45	15m	UNIUSD	19	13	85.75	1.475	0.156	3.34	3	83	9	0.261	10	0.061
kinetic-momentum-vectors#chop62	15m	UNIUSD	63	42	301.55	1.419	0.159	72.67	3	83	28	0.440	35	-0.067
kinetic-momentum-vectors	15m	UNIUSD	64	43	371.67	1.498	0.184	116.22	4	83	29	0.487	35	-0.067
kinetic-momentum-vectors#er0.25	1h	AKEUSD	11	9	117.44	3.170	0.368	95.21	4	70	7	0.390	4	0.330
kinetic-momentum-vectors#er0.35	1h	AKEUSD	9	7	90.92	2.680	0.361	77.58	4	70	5	0.386	4	0.330
kinetic-momentum-vectors#er0.45	1h	AKEUSD	6	4	-8.43	0.844	-0.037	-14.56	2	70	3	0.023	3	-0.097
kinetic-momentum-vectors#chop62	1h	AKEUSD	14	10	141.69	2.324	0.338	107.28	4	70	7	0.390	7	0.286
kinetic-momentum-vectors	1h	AKEUSD	14	10	141.69	2.324	0.338	107.28	4	70	7	0.390	7	0.286
kinetic-momentum-vectors#er0.25	15m	ZECUSD	38	18	-232.18	0.554	-0.225	-312.97	4	83	14	0.096	24	-0.413
kinetic-momentum-vectors#er0.35	15m	ZECUSD	34	16	-217.89	0.525	-0.236	-292.92	3	83	12	-0.006	22	-0.362
kinetic-momentum-vectors#er0.45	15m	ZECUSD	26	13	-122.39	0.649	-0.159	-208.39	2	83	9	0.028	17	-0.258
kinetic-momentum-vectors#chop62	15m	ZECUSD	48	22	-311.16	0.519	-0.251	-416.62	4	83	17	0.062	31	-0.423
kinetic-momentum-vectors	15m	ZECUSD	48	22	-311.16	0.519	-0.251	-416.62	4	83	17	0.062	31	-0.423
kinetic-momentum-vectors#er0.25	1h	BNBUSD	20	12	-36.91	0.838	-0.050	-82.61	3	167	11	-0.076	9	-0.018
kinetic-momentum-vectors#er0.35	1h	BNBUSD	16	9	-57.26	0.706	-0.106	-87.24	3	167	7	-0.219	9	-0.018
kinetic-momentum-vectors#er0.45	1h	BNBUSD	13	7	-44.20	0.739	-0.100	-68.12	3	167	5	-0.153	8	-0.066
kinetic-momentum-vectors#chop62	1h	BNBUSD	27	17	-51.42	0.820	-0.054	-83.85	2	167	15	-0.043	12	-0.067
kinetic-momentum-vectors	1h	BNBUSD	27	17	-51.42	0.820	-0.054	-83.85	2	167	15	-0.043	12	-0.067
high-volume-breakout-targets#er0.25	15m	UNIUSD	21	15	16.47	1.088	0.033	-46.81	4	83	11	0.274	10	-0.232
high-volume-breakout-targets#er0.35	15m	UNIUSD	12	10	98.71	2.480	0.269	38.86	3	83	7	0.608	5	-0.206
high-volume-breakout-targets#er0.45	15m	UNIUSD	8	6	55.10	1.854	0.234	16.34	3	83	6	0.637	2	-0.975
high-volume-breakout-targets#chop62	15m	UNIUSD	44	30	-76.42	0.817	-0.054	-243.18	5	83	19	0.074	25	-0.151
high-volume-breakout-targets	15m	UNIUSD	50	34	-109.50	0.767	-0.071	-289.04	5	83	20	0.082	30	-0.173
kinetic-momentum-vectors#er0.25	1h	BTCUSD	18	12	-73.71	0.558	-0.139	-220.62	4	167	11	-0.273	7	0.071
kinetic-momentum-vectors#er0.35	1h	BTCUSD	15	10	-61.35	0.564	-0.136	-203.73	2	167	8	-0.318	7	0.071
kinetic-momentum-vectors#er0.45	1h	BTCUSD	12	10	26.01	1.443	0.077	-129.72	3	167	5	0.086	7	0.071
kinetic-momentum-vectors#chop62	1h	BTCUSD	26	16	-111.53	0.605	-0.145	-270.19	4	167	15	-0.114	11	-0.188
kinetic-momentum-vectors	1h	BTCUSD	26	16	-111.53	0.605	-0.145	-270.19	4	167	15	-0.114	11	-0.188
high-volume-breakout-targets#er0.25	15m	ZECUSD	17	10	73.08	1.390	0.164	-10.75	5	83	7	-0.177	10	0.403
high-volume-breakout-targets#er0.35	15m	ZECUSD	14	8	82.77	1.503	0.224	8.01	5	83	6	-0.052	8	0.431
high-volume-breakout-targets#er0.45	15m	ZECUSD	9	5	68.11	1.596	0.285	18.79	3	83	4	0.399	5	0.194
high-volume-breakout-targets#chop62	15m	ZECUSD	31	23	332.35	2.476	0.334	124.27	6	83	12	-0.021	19	0.558
high-volume-breakout-targets	15m	ZECUSD	32	24	337.47	2.490	0.329	124.91	6	83	13	-0.005	19	0.558
kinetic-momentum-vectors#er0.25	1h	ETHUSD	19	13	86.09	1.477	0.158	-9.24	4	167	10	0.024	9	0.308
kinetic-momentum-vectors#er0.35	1h	ETHUSD	14	9	6.20	1.043	0.027	-29.17	3	167	6	-0.343	8	0.305
kinetic-momentum-vectors#er0.45	1h	ETHUSD	12	7	-11.46	0.920	-0.018	-38.24	2	167	4	-0.665	8	0.305
kinetic-momentum-vectors#chop62	1h	ETHUSD	27	19	91.30	1.377	0.120	20.54	4	167	15	-0.023	12	0.298
kinetic-momentum-vectors	1h	ETHUSD	27	19	91.30	1.377	0.120	20.54	4	167	15	-0.023	12	0.298
liquidity-trail-matrix#er0.25	15m	AKEUSD	54	36	-16.36	0.966	0.000	-45.31	3	70	26	-0.054	28	0.050
liquidity-trail-matrix#er0.35	15m	AKEUSD	34	25	102.08	1.414	0.117	100.68	6	70	14	0.121	20	0.114
liquidity-trail-matrix#er0.45	15m	AKEUSD	18	11	-43.43	0.772	-0.064	-63.06	4	70	11	-0.010	7	-0.147
liquidity-trail-matrix#chop62	15m	AKEUSD	125	84	196.90	1.148	0.052	-26.27	6	70	66	0.147	59	-0.055
liquidity-trail-matrix	15m	AKEUSD	127	84	127.68	1.093	0.035	-57.62	6	70	68	0.115	59	-0.057
kinetic-momentum-vectors#er0.25	1h	EVAAUSD	36	22	581.48	1.984	0.462	464.92	5	167	25	0.810	11	-0.328
kinetic-momentum-vectors#er0.35	1h	EVAAUSD	30	18	541.29	2.098	0.524	440.27	5	167	22	0.875	8	-0.441
kinetic-momentum-vectors#er0.45	1h	EVAAUSD	27	16	420.51	1.997	0.477	337.24	4	167	19	0.864	8	-0.441
kinetic-momentum-vectors#chop62	1h	EVAAUSD	45	29	760.77	1.998	0.452	599.89	5	167	32	0.758	13	-0.301
kinetic-momentum-vectors	1h	EVAAUSD	45	29	760.77	1.998	0.452	599.89	5	167	32	0.758	13	-0.301
liquidity-trail-matrix#er0.25	1h	AKEUSD	10	7	19.13	1.315	0.064	15.71	2	70	2	-0.306	8	0.156
liquidity-trail-matrix#er0.35	1h	AKEUSD	7	6	53.15	4.203	0.241	50.50	3	70	1	0.346	6	0.223
liquidity-trail-matrix#er0.45	1h	AKEUSD	4	4	54.76	99.000	0.505	53.30	4	70	1	0.346	3	0.558
liquidity-trail-matrix#chop62	1h	AKEUSD	20	12	35.41	1.168	0.051	31.92	3	70	4	-0.163	16	0.105
liquidity-trail-matrix	1h	AKEUSD	20	12	35.41	1.168	0.051	31.92	3	70	4	-0.163	16	0.105
kinetic-momentum-vectors#er0.25	1h	FILUSD	29	16	314.96	1.768	0.352	183.46	4	167	11	0.354	18	0.352
kinetic-momentum-vectors#er0.35	1h	FILUSD	24	13	118.98	1.355	0.184	45.62	3	167	9	0.114	15	0.225
kinetic-momentum-vectors#er0.45	1h	FILUSD	14	8	28.97	1.171	0.082	-1.81	1	167	5	-0.489	9	0.400
kinetic-momentum-vectors#chop62	1h	FILUSD	41	23	314.90	1.562	0.253	176.11	5	167	21	0.146	20	0.366
kinetic-momentum-vectors	1h	FILUSD	41	23	314.90	1.562	0.253	176.11	5	167	21	0.146	20	0.366
liquidity-trail-matrix#er0.25	1h	BNBUSD	33	18	-160.13	0.608	-0.171	-257.44	3	167	16	-0.229	17	-0.115
liquidity-trail-matrix#er0.35	1h	BNBUSD	19	10	-91.10	0.649	-0.160	-189.30	2	167	8	-0.265	11	-0.084
liquidity-trail-matrix#er0.45	1h	BNBUSD	6	3	-70.03	0.182	-0.409	-111.03	2	167	3	-0.596	3	-0.222
liquidity-trail-matrix#chop62	1h	BNBUSD	62	38	-212.99	0.666	-0.125	-380.74	3	167	36	-0.155	26	-0.083
liquidity-trail-matrix	1h	BNBUSD	63	39	-206.40	0.677	-0.118	-379.96	3	167	36	-0.155	27	-0.069
kinetic-momentum-vectors#er0.25	1h	LINKUSD	21	10	-154.68	0.484	-0.257	-209.31	4	167	8	-0.140	13	-0.328
kinetic-momentum-vectors#er0.35	1h	LINKUSD	17	8	-123.48	0.508	-0.249	-175.69	4	167	7	-0.027	10	-0.404
kinetic-momentum-vectors#er0.45	1h	LINKUSD	9	2	-167.23	0.116	-0.668	-202.37	0	167	4	-0.589	5	-0.731
kinetic-momentum-vectors#chop62	1h	LINKUSD	36	20	-196.12	0.548	-0.194	-316.28	4	167	15	-0.068	21	-0.285
kinetic-momentum-vectors	1h	LINKUSD	36	20	-196.12	0.548	-0.194	-316.28	4	167	15	-0.068	21	-0.285
liquidity-trail-matrix#er0.25	15m	BNBUSD	29	20	-72.69	0.719	-0.080	-170.80	4	83	13	-0.028	16	-0.122
liquidity-trail-matrix#er0.35	15m	BNBUSD	18	15	24.98	1.280	0.053	-68.85	5	83	9	0.043	9	0.063
liquidity-trail-matrix#er0.45	15m	BNBUSD	9	7	15.15	1.257	0.064	-20.78	6	83	5	-0.035	4	0.188
liquidity-trail-matrix#chop62	15m	BNBUSD	51	30	-279.92	0.482	-0.209	-373.64	3	83	18	-0.160	33	-0.235
liquidity-trail-matrix	15m	BNBUSD	51	30	-279.92	0.482	-0.209	-373.64	3	83	18	-0.160	33	-0.235
kinetic-momentum-vectors#er0.25	1h	PIEVERSEUSD	37	24	746.55	2.651	0.547	506.42	7	161	16	0.308	21	0.729
kinetic-momentum-vectors#er0.35	1h	PIEVERSEUSD	31	19	550.62	2.428	0.522	451.94	5	161	12	0.144	19	0.762
kinetic-momentum-vectors#er0.45	1h	PIEVERSEUSD	23	13	275.58	1.836	0.399	222.95	4	161	10	0.224	13	0.533
kinetic-momentum-vectors#chop62	1h	PIEVERSEUSD	44	28	812.74	2.419	0.494	524.22	6	161	18	0.238	26	0.671
kinetic-momentum-vectors	1h	PIEVERSEUSD	44	28	812.74	2.419	0.494	524.22	6	161	18	0.238	26	0.671
liquidity-trail-matrix#er0.25	1h	BTCUSD	30	20	-108.07	0.602	-0.124	-204.24	2	167	12	-0.273	18	-0.025
liquidity-trail-matrix#er0.35	1h	BTCUSD	22	14	-118.52	0.454	-0.189	-200.34	3	167	7	-0.630	15	0.016
liquidity-trail-matrix#er0.45	1h	BTCUSD	11	8	-20.85	0.763	-0.060	-93.04	3	167	2	-0.353	9	0.005
liquidity-trail-matrix#chop62	1h	BTCUSD	54	37	-122.10	0.739	-0.072	-318.21	2	167	27	-0.008	27	-0.136
liquidity-trail-matrix	1h	BTCUSD	54	37	-122.10	0.739	-0.072	-318.21	2	167	27	-0.008	27	-0.136
kinetic-momentum-vectors#er0.25	1h	SAGAUSD	38	21	32.69	1.062	0.044	-11.05	5	167	21	0.147	17	-0.083
kinetic-momentum-vectors#er0.35	1h	SAGAUSD	29	15	-24.49	0.942	-0.013	-66.26	4	167	17	0.009	12	-0.045
kinetic-momentum-vectors#er0.45	1h	SAGAUSD	22	13	77.69	1.272	0.129	40.83	4	167	15	0.145	7	0.095
kinetic-momentum-vectors#chop62	1h	SAGAUSD	55	30	111.83	1.158	0.087	-21.61	4	167	30	-0.059	25	0.261
kinetic-momentum-vectors	1h	SAGAUSD	56	31	123.33	1.174	0.091	-14.12	4	167	30	-0.059	26	0.265
ai-predictive-flow-zeiierman#er0.25	15m	SAGAUSD	160	88	79.30	1.042	0.033	-318.03	3	83	52	-0.115	108	0.104
ai-predictive-flow-zeiierman#er0.35	15m	SAGAUSD	103	55	-41.71	0.968	0.002	-238.70	2	83	40	0.039	63	-0.021
ai-predictive-flow-zeiierman#er0.45	15m	SAGAUSD	56	27	-13.10	0.983	0.013	-113.77	3	83	20	0.023	36	0.008
ai-predictive-flow-zeiierman#chop62	15m	SAGAUSD	351	211	591.94	1.089	0.059	-547.29	4	83	114	0.122	237	0.030
ai-predictive-flow-zeiierman	15m	SAGAUSD	369	222	627.82	1.082	0.059	-582.24	4	83	118	0.158	251	0.013
kinetic-momentum-vectors#er0.25	1h	SOLUSD	27	20	4.99	1.024	0.013	-85.20	4	167	13	-0.113	14	0.130
kinetic-momentum-vectors#er0.35	1h	SOLUSD	23	18	45.11	1.296	0.072	-49.94	5	167	10	0.001	13	0.127
kinetic-momentum-vectors#er0.45	1h	SOLUSD	17	14	48.10	1.531	0.098	-27.80	4	167	8	-0.042	9	0.224
kinetic-momentum-vectors#chop62	1h	SOLUSD	33	25	11.11	1.048	0.017	-123.78	6	167	15	-0.137	18	0.147
kinetic-momentum-vectors	1h	SOLUSD	33	25	11.11	1.048	0.017	-123.78	6	167	15	-0.137	18	0.147
liquidity-trail-matrix#er0.25	1h	ETHUSD	31	18	-128.23	0.638	-0.140	-189.51	4	167	14	-0.320	17	0.009
liquidity-trail-matrix#er0.35	1h	ETHUSD	23	14	-66.65	0.737	-0.091	-119.55	5	167	11	-0.255	12	0.060
liquidity-trail-matrix#er0.45	1h	ETHUSD	18	9	-141.90	0.419	-0.275	-178.82	4	167	8	-0.656	10	0.030
liquidity-trail-matrix#chop62	1h	ETHUSD	54	34	-75.69	0.869	-0.040	-237.75	4	167	27	-0.039	27	-0.040
liquidity-trail-matrix	1h	ETHUSD	54	34	-75.69	0.869	-0.040	-237.75	4	167	27	-0.039	27	-0.040
kinetic-momentum-vectors#er0.25	1h	UNIUSD	34	24	241.18	1.731	0.225	133.81	6	167	17	0.303	17	0.146
kinetic-momentum-vectors#er0.35	1h	UNIUSD	25	18	217.48	1.941	0.277	134.20	5	167	12	0.390	13	0.173
kinetic-momentum-vectors#er0.45	1h	UNIUSD	22	15	176.36	1.780	0.262	107.13	5	167	10	0.384	12	0.161
kinetic-momentum-vectors#chop62	1h	UNIUSD	49	32	200.93	1.371	0.138	66.55	5	167	28	0.110	21	0.175
kinetic-momentum-vectors	1h	UNIUSD	49	32	200.93	1.371	0.138	66.55	5	167	28	0.110	21	0.175
liquidity-trail-matrix#er0.25	15m	BTCUSD	25	13	-220.81	0.298	-0.330	-207.04	4	83	9	-0.415	16	-0.281
liquidity-trail-matrix#er0.35	15m	BTCUSD	15	8	-126.80	0.335	-0.294	-96.36	3	83	5	-0.475	10	-0.203
liquidity-trail-matrix#er0.45	15m	BTCUSD	11	7	-49.60	0.563	-0.147	-21.65	4	83	3	-0.147	8	-0.148
liquidity-trail-matrix#chop62	15m	BTCUSD	46	27	-234.53	0.527	-0.186	-256.47	4	83	14	-0.338	32	-0.120
liquidity-trail-matrix	15m	BTCUSD	46	27	-234.53	0.527	-0.186	-256.47	4	83	14	-0.338	32	-0.120
kinetic-momentum-vectors#er0.25	1h	ZECUSD	23	15	679.26	2.649	0.828	536.60	6	167	11	1.929	12	-0.181
kinetic-momentum-vectors#er0.35	1h	ZECUSD	20	13	342.23	2.178	0.538	256.32	5	167	10	1.222	10	-0.145
kinetic-momentum-vectors#er0.45	1h	ZECUSD	19	12	314.77	2.108	0.530	238.58	5	167	9	1.280	10	-0.145
kinetic-momentum-vectors#chop62	1h	ZECUSD	28	20	800.84	2.810	0.765	626.15	6	167	15	1.553	13	-0.144
kinetic-momentum-vectors	1h	ZECUSD	28	20	800.84	2.810	0.765	626.15	6	167	15	1.553	13	-0.144
liquidity-trail-matrix#er0.25	1h	EVAAUSD	40	29	249.85	1.635	0.197	173.98	4	167	23	0.187	17	0.211
liquidity-trail-matrix#er0.35	1h	EVAAUSD	31	23	225.68	1.814	0.230	168.02	5	167	18	0.214	13	0.252
liquidity-trail-matrix#er0.45	1h	EVAAUSD	18	15	182.49	2.762	0.319	157.07	5	167	10	0.396	8	0.223
liquidity-trail-matrix#chop62	1h	EVAAUSD	69	54	875.85	2.308	0.317	655.67	6	167	33	0.474	36	0.173
liquidity-trail-matrix	1h	EVAAUSD	71	55	847.69	2.203	0.301	623.67	6	167	34	0.431	37	0.182
liquidity-trail-matrix#er0.25	15m	ETHUSD	39	28	-21.21	0.926	-0.011	-182.95	4	83	20	-0.217	19	0.205
liquidity-trail-matrix#er0.35	15m	ETHUSD	28	19	-76.13	0.668	-0.089	-211.61	4	83	16	-0.260	12	0.139
liquidity-trail-matrix#er0.45	15m	ETHUSD	15	10	-59.34	0.583	-0.130	-170.42	2	83	11	-0.155	4	-0.061
liquidity-trail-matrix#chop62	15m	ETHUSD	67	48	-28.65	0.942	-0.007	-339.65	4	83	37	-0.182	30	0.210
liquidity-trail-matrix	15m	ETHUSD	69	50	-11.54	0.977	0.001	-335.21	4	83	37	-0.182	32	0.214
liquidity-trail-matrix#er0.25	1h	FILUSD	36	18	-190.13	0.635	-0.184	-223.20	3	167	19	-0.036	17	-0.350
liquidity-trail-matrix#er0.35	1h	FILUSD	21	13	-40.29	0.833	-0.057	-56.47	4	167	12	0.046	9	-0.193
liquidity-trail-matrix#er0.45	1h	FILUSD	15	9	-27.98	0.849	-0.053	-27.57	3	167	9	0.094	6	-0.274
liquidity-trail-matrix#chop62	1h	FILUSD	84	38	-513.40	0.533	-0.275	-582.87	3	167	48	-0.150	36	-0.441
liquidity-trail-matrix	1h	FILUSD	84	38	-513.40	0.533	-0.275	-582.87	3	167	48	-0.150	36	-0.441
mirage-liquidity-sweep-pro#er0.25	15m	AKEUSD	0	0	0.00	0.000	0.000	0.00	0	70	0	0.000	0	0.000
mirage-liquidity-sweep-pro#er0.35	15m	AKEUSD	0	0	0.00	0.000	0.000	0.00	0	70	0	0.000	0	0.000
mirage-liquidity-sweep-pro#er0.45	15m	AKEUSD	0	0	0.00	0.000	0.000	0.00	0	70	0	0.000	0	0.000
mirage-liquidity-sweep-pro#chop62	15m	AKEUSD	7	7	87.84	99.000	0.458	85.45	5	70	4	0.528	3	0.364
mirage-liquidity-sweep-pro	15m	AKEUSD	7	7	87.84	99.000	0.458	85.45	5	70	4	0.528	3	0.364
liquidity-trail-matrix#er0.25	1h	LINKUSD	43	27	-149.37	0.645	-0.118	-285.91	3	167	19	-0.149	24	-0.093
liquidity-trail-matrix#er0.35	1h	LINKUSD	24	18	68.52	1.397	0.100	-34.52	4	167	11	-0.115	13	0.282
liquidity-trail-matrix#er0.45	1h	LINKUSD	6	3	-33.92	0.605	-0.180	-36.77	1	167	3	-0.418	3	0.058
liquidity-trail-matrix#chop62	1h	LINKUSD	79	48	-332.79	0.547	-0.164	-519.58	1	167	44	-0.176	35	-0.148
liquidity-trail-matrix	1h	LINKUSD	80	48	-352.91	0.531	-0.174	-533.38	1	167	44	-0.176	36	-0.172
liquidity-trail-matrix#er0.25	15m	EVAAUSD	69	45	44.56	1.060	0.031	-131.36	4	83	35	0.103	34	-0.043
liquidity-trail-matrix#er0.35	15m	EVAAUSD	45	32	184.21	1.429	0.135	26.94	6	83	22	0.234	23	0.041
liquidity-trail-matrix#er0.45	15m	EVAAUSD	24	18	144.27	1.841	0.196	78.76	6	83	12	0.274	12	0.119
liquidity-trail-matrix#chop62	15m	EVAAUSD	160	103	286.21	1.150	0.065	-227.68	7	83	81	0.051	79	0.079
liquidity-trail-matrix	15m	EVAAUSD	164	106	302.55	1.154	0.066	-223.43	7	83	85	0.054	79	0.079
ai-predictive-flow-zeiierman#er0.25	15m	SOLUSD	94	61	-389.89	0.476	-0.173	-589.23	0	83	11	-0.168	83	-0.174
ai-predictive-flow-zeiierman#er0.35	15m	SOLUSD	66	46	-190.92	0.634	-0.103	-385.60	2	83	6	-0.245	60	-0.089
ai-predictive-flow-zeiierman#er0.45	15m	SOLUSD	33	21	-166.24	0.489	-0.180	-280.83	2	83	5	-0.336	28	-0.152
ai-predictive-flow-zeiierman#chop62	15m	SOLUSD	191	121	-600.66	0.540	-0.158	-795.91	1	83	21	-0.019	170	-0.175
ai-predictive-flow-zeiierman	15m	SOLUSD	196	125	-571.97	0.581	-0.142	-797.12	1	83	21	-0.019	175	-0.157
liquidity-trail-matrix#er0.25	1h	PIEVERSEUSD	38	24	37.94	1.099	0.049	-20.48	3	161	14	-0.398	24	0.310
liquidity-trail-matrix#er0.35	1h	PIEVERSEUSD	22	17	205.17	2.394	0.299	159.25	5	161	7	-0.213	15	0.538
liquidity-trail-matrix#er0.45	1h	PIEVERSEUSD	14	11	167.80	2.863	0.389	137.76	5	161	5	-0.168	9	0.698
liquidity-trail-matrix#chop62	1h	PIEVERSEUSD	82	44	-129.11	0.860	-0.040	-252.78	4	161	37	-0.373	45	0.235
liquidity-trail-matrix	1h	PIEVERSEUSD	82	44	-129.11	0.860	-0.040	-252.78	4	161	37	-0.373	45	0.235
liquidity-trail-matrix#er0.25	15m	FILUSD	58	21	-474.66	0.307	-0.360	-517.84	2	83	28	-0.429	30	-0.296
liquidity-trail-matrix#er0.35	15m	FILUSD	40	14	-385.59	0.259	-0.397	-394.71	1	83	24	-0.481	16	-0.270
liquidity-trail-matrix#er0.45	15m	FILUSD	31	9	-372.15	0.173	-0.491	-380.48	1	83	18	-0.592	13	-0.352
liquidity-trail-matrix#chop62	15m	FILUSD	109	46	-625.40	0.382	-0.290	-701.52	3	83	49	-0.430	60	-0.175
liquidity-trail-matrix	15m	FILUSD	109	46	-625.40	0.382	-0.290	-701.52	3	83	49	-0.430	60	-0.175
mirage-liquidity-sweep-pro#er0.25	15m	BNBUSD	4	3	15.47	1.521	0.136	13.95	2	83	3	-0.022	1	0.613
mirage-liquidity-sweep-pro#er0.35	15m	BNBUSD	0	0	0.00	0.000	0.000	0.00	0	83	0	0.000	0	0.000
mirage-liquidity-sweep-pro#er0.45	15m	BNBUSD	0	0	0.00	0.000	0.000	0.00	0	83	0	0.000	0	0.000
mirage-liquidity-sweep-pro#chop62	15m	BNBUSD	8	6	9.15	1.153	0.046	-4.83	4	83	5	-0.156	3	0.382
mirage-liquidity-sweep-pro	15m	BNBUSD	8	6	9.15	1.153	0.046	-4.83	4	83	5	-0.156	3	0.382
liquidity-trail-matrix#er0.25	1h	SAGAUSD	24	13	-129.90	0.578	-0.184	-161.84	3	167	9	-0.302	15	-0.113
liquidity-trail-matrix#er0.35	1h	SAGAUSD	13	7	-88.02	0.501	-0.228	-103.16	2	167	5	-0.113	8	-0.299
liquidity-trail-matrix#er0.45	1h	SAGAUSD	6	2	-90.15	0.227	-0.514	-93.90	1	167	3	-0.475	3	-0.553
liquidity-trail-matrix#chop62	1h	SAGAUSD	63	40	-4.32	0.994	0.008	-229.08	4	167	25	0.095	38	-0.049
liquidity-trail-matrix	1h	SAGAUSD	64	40	-34.19	0.956	-0.008	-252.21	4	167	25	0.095	39	-0.073
liquidity-trail-matrix#er0.25	15m	LINKUSD	40	29	64.10	1.223	0.060	-8.52	4	83	14	-0.155	26	0.176
liquidity-trail-matrix#er0.35	15m	LINKUSD	27	18	-17.82	0.924	-0.014	-91.58	3	83	10	-0.161	17	0.073
liquidity-trail-matrix#er0.45	15m	LINKUSD	13	11	126.28	4.330	0.312	54.98	4	83	3	0.200	10	0.346
liquidity-trail-matrix#chop62	15m	LINKUSD	88	57	-216.99	0.697	-0.084	-394.52	2	83	35	-0.299	53	0.057
liquidity-trail-matrix	15m	LINKUSD	90	59	-193.50	0.731	-0.072	-383.31	2	83	35	-0.299	55	0.073
mirage-liquidity-sweep-pro#er0.25	15m	BTCUSD	3	3	100.36	99.000	1.113	89.82	3	83	2	1.417	1	0.504
mirage-liquidity-sweep-pro#er0.35	15m	BTCUSD	1	1	78.98	99.000	2.661	68.95	1	83	1	2.661	0	0.000
mirage-liquidity-sweep-pro#er0.45	15m	BTCUSD	1	1	78.98	99.000	2.661	68.95	1	83	1	2.661	0	0.000
mirage-liquidity-sweep-pro#chop62	15m	BTCUSD	5	5	124.25	99.000	0.822	109.09	4	83	2	1.417	3	0.425
mirage-liquidity-sweep-pro	15m	BTCUSD	5	5	124.25	99.000	0.822	109.09	4	83	2	1.417	3	0.425
liquidity-trail-matrix#er0.25	1h	SOLUSD	30	20	74.22	1.239	0.090	-49.52	5	167	13	0.314	17	-0.082
liquidity-trail-matrix#er0.35	1h	SOLUSD	19	14	178.12	2.076	0.304	50.08	5	167	6	0.983	13	-0.010
liquidity-trail-matrix#er0.45	1h	SOLUSD	12	9	55.24	1.597	0.155	-30.24	4	167	1	1.359	11	0.046
liquidity-trail-matrix#chop62	1h	SOLUSD	56	36	-42.03	0.930	-0.017	-226.06	5	167	29	0.130	27	-0.175
liquidity-trail-matrix	1h	SOLUSD	59	39	-16.48	0.973	-0.003	-212.28	5	167	30	0.135	29	-0.145
liquidity-trail-matrix#er0.25	15m	PIEVERSEUSD	58	30	-229.24	0.694	-0.136	-278.62	2	83	15	-0.156	43	-0.128
liquidity-trail-matrix#er0.35	15m	PIEVERSEUSD	45	23	-156.08	0.742	-0.110	-189.49	2	83	14	-0.184	31	-0.076
liquidity-trail-matrix#er0.45	15m	PIEVERSEUSD	24	13	-13.68	0.960	-0.001	-44.90	3	83	8	0.063	16	-0.033
liquidity-trail-matrix#chop62	15m	PIEVERSEUSD	126	73	-118.63	0.917	-0.020	-390.33	4	83	46	0.050	80	-0.060
liquidity-trail-matrix	15m	PIEVERSEUSD	127	73	-143.63	0.900	-0.028	-407.70	4	83	46	0.050	81	-0.072
liquidity-trail-matrix#er0.25	1h	UNIUSD	28	18	-36.25	0.877	-0.034	-163.04	5	167	15	-0.065	13	0.001
liquidity-trail-matrix#er0.35	1h	UNIUSD	22	14	-25.11	0.895	-0.028	-148.58	4	167	13	-0.012	9	-0.049
liquidity-trail-matrix#er0.45	1h	UNIUSD	9	4	-106.44	0.236	-0.409	-119.66	0	167	6	-0.333	3	-0.560
liquidity-trail-matrix#chop62	1h	UNIUSD	57	35	-157.51	0.733	-0.091	-334.14	3	167	34	-0.235	23	0.121
liquidity-trail-matrix	1h	UNIUSD	58	35	-182.21	0.703	-0.106	-353.35	3	167	34	-0.235	24	0.075
mirage-liquidity-sweep-pro#er0.25	15m	ETHUSD	2	1	20.61	1.689	0.386	17.08	1	83	1	-1.000	1	1.771
mirage-liquidity-sweep-pro#er0.35	15m	ETHUSD	1	0	-29.91	0.000	-1.000	-29.67	0	83	1	-1.000	0	0.000
mirage-liquidity-sweep-pro#er0.45	15m	ETHUSD	0	0	0.00	0.000	0.000	0.00	0	83	0	0.000	0	0.000
mirage-liquidity-sweep-pro#chop62	15m	ETHUSD	7	3	-53.03	0.537	-0.242	-59.51	3	83	4	-0.674	3	0.335
mirage-liquidity-sweep-pro	15m	ETHUSD	7	3	-53.03	0.537	-0.242	-59.51	3	83	4	-0.674	3	0.335
ai-predictive-flow-zeiierman#er0.25	15m	UNIUSD	285	177	-328.96	0.869	-0.036	-789.76	3	83	114	-0.045	171	-0.030
ai-predictive-flow-zeiierman#er0.35	15m	UNIUSD	159	97	-294.22	0.791	-0.062	-597.25	2	83	62	-0.157	97	-0.001
ai-predictive-flow-zeiierman#er0.45	15m	UNIUSD	82	53	14.38	1.019	0.018	-241.75	4	83	33	-0.202	49	0.166
ai-predictive-flow-zeiierman#chop62	15m	UNIUSD	619	390	-586.98	0.858	-0.037	-969.23	3	83	231	-0.065	388	-0.021
ai-predictive-flow-zeiierman	15m	UNIUSD	670	426	-588.73	0.865	-0.034	-975.00	2	83	244	-0.062	426	-0.018
liquidity-trail-matrix#er0.25	15m	SAGAUSD	60	28	-352.05	0.519	-0.230	-394.52	2	83	29	-0.217	31	-0.241
liquidity-trail-matrix#er0.35	15m	SAGAUSD	35	15	-294.76	0.369	-0.322	-321.08	2	83	16	-0.473	19	-0.195
liquidity-trail-matrix#er0.45	15m	SAGAUSD	23	10	-186.47	0.412	-0.289	-211.21	2	83	10	-0.434	13	-0.177
liquidity-trail-matrix#chop62	15m	SAGAUSD	111	49	-619.92	0.469	-0.279	-676.11	1	83	58	-0.237	53	-0.324
liquidity-trail-matrix	15m	SAGAUSD	113	51	-613.58	0.475	-0.269	-671.52	1	83	58	-0.237	55	-0.302
liquidity-trail-matrix#er0.25	1h	ZECUSD	39	24	-31.82	0.923	-0.019	-51.86	2	167	20	-0.118	19	0.086
liquidity-trail-matrix#er0.35	1h	ZECUSD	33	19	-44.51	0.883	-0.043	-80.72	3	167	16	-0.147	17	0.055
liquidity-trail-matrix#er0.45	1h	ZECUSD	26	17	90.99	1.348	0.109	60.36	5	167	11	0.121	15	0.101
liquidity-trail-matrix#chop62	1h	ZECUSD	69	46	50.81	1.073	0.036	-53.02	4	167	32	0.043	37	0.029
liquidity-trail-matrix	1h	ZECUSD	70	47	110.01	1.153	0.058	-13.25	4	167	33	0.090	37	0.029
liquidity-trail-matrix#er0.25	15m	SOLUSD	34	21	-176.71	0.491	-0.186	-297.38	4	83	13	-0.208	21	-0.173
liquidity-trail-matrix#er0.35	15m	SOLUSD	17	13	-8.48	0.931	-0.013	-130.83	5	83	6	0.260	11	-0.163
liquidity-trail-matrix#er0.45	15m	SOLUSD	12	10	35.17	1.543	0.104	-55.51	4	83	4	0.325	8	-0.006
liquidity-trail-matrix#chop62	15m	SOLUSD	73	41	-440.59	0.362	-0.265	-574.72	1	83	22	-0.299	51	-0.251
liquidity-trail-matrix	15m	SOLUSD	75	42	-452.98	0.361	-0.269	-587.21	1	83	23	-0.277	52	-0.265
mirage-liquidity-sweep-pro#er0.25	15m	EVAAUSD	1	1	11.42	99.000	0.381	10.09	1	83	1	0.381	0	0.000
mirage-liquidity-sweep-pro#er0.35	15m	EVAAUSD	0	0	0.00	0.000	0.000	0.00	0	83	0	0.000	0	0.000
mirage-liquidity-sweep-pro#er0.45	15m	EVAAUSD	0	0	0.00	0.000	0.000	0.00	0	83	0	0.000	0	0.000
mirage-liquidity-sweep-pro#chop62	15m	EVAAUSD	3	2	-5.98	0.801	-0.060	-7.83	2	83	3	-0.060	0	0.000
mirage-liquidity-sweep-pro	15m	EVAAUSD	3	2	-5.98	0.801	-0.060	-7.83	2	83	3	-0.060	0	0.000
mirage-liquidity-sweep-pro#er0.25	1h	AKEUSD	0	0	0.00	0.000	0.000	0.00	0	70	0	0.000	0	0.000
mirage-liquidity-sweep-pro#er0.35	1h	AKEUSD	0	0	0.00	0.000	0.000	0.00	0	70	0	0.000	0	0.000
mirage-liquidity-sweep-pro#er0.45	1h	AKEUSD	0	0	0.00	0.000	0.000	0.00	0	70	0	0.000	0	0.000
mirage-liquidity-sweep-pro#chop62	1h	AKEUSD	0	0	0.00	0.000	0.000	0.00	0	70	0	0.000	0	0.000
mirage-liquidity-sweep-pro	1h	AKEUSD	0	0	0.00	0.000	0.000	0.00	0	70	0	0.000	0	0.000
liquidity-trail-matrix#er0.25	15m	UNIUSD	49	24	-326.24	0.495	-0.258	-385.03	1	83	24	-0.160	25	-0.352
liquidity-trail-matrix#er0.35	15m	UNIUSD	29	13	-266.71	0.357	-0.348	-288.92	2	83	11	-0.381	18	-0.327
liquidity-trail-matrix#er0.45	15m	UNIUSD	10	8	26.76	1.431	0.093	11.39	4	83	2	0.502	8	-0.009
liquidity-trail-matrix#chop62	15m	UNIUSD	110	61	-371.51	0.685	-0.130	-555.82	2	83	57	-0.080	53	-0.183
liquidity-trail-matrix	15m	UNIUSD	111	62	-366.38	0.689	-0.126	-553.95	2	83	57	-0.080	54	-0.174
mirage-liquidity-sweep-pro#er0.25	1h	BNBUSD	0	0	0.00	0.000	0.000	0.00	0	167	0	0.000	0	0.000
mirage-liquidity-sweep-pro#er0.35	1h	BNBUSD	0	0	0.00	0.000	0.000	0.00	0	167	0	0.000	0	0.000
mirage-liquidity-sweep-pro#er0.45	1h	BNBUSD	0	0	0.00	0.000	0.000	0.00	0	167	0	0.000	0	0.000
mirage-liquidity-sweep-pro#chop62	1h	BNBUSD	2	0	-58.05	0.000	-1.000	-56.99	0	167	0	0.000	2	-1.000
mirage-liquidity-sweep-pro	1h	BNBUSD	2	0	-58.05	0.000	-1.000	-56.99	0	167	0	0.000	2	-1.000
mirage-liquidity-sweep-pro#er0.25	15m	FILUSD	0	0	0.00	0.000	0.000	0.00	0	83	0	0.000	0	0.000
mirage-liquidity-sweep-pro#er0.35	15m	FILUSD	0	0	0.00	0.000	0.000	0.00	0	83	0	0.000	0	0.000
mirage-liquidity-sweep-pro#er0.45	15m	FILUSD	0	0	0.00	0.000	0.000	0.00	0	83	0	0.000	0	0.000
mirage-liquidity-sweep-pro#chop62	15m	FILUSD	1	0	-29.99	0.000	-1.000	-30.00	0	83	0	0.000	1	-1.000
mirage-liquidity-sweep-pro	15m	FILUSD	1	0	-29.99	0.000	-1.000	-30.00	0	83	0	0.000	1	-1.000
ai-predictive-flow-zeiierman#er0.25	15m	ZECUSD	280	184	-359.83	0.808	-0.045	-745.98	4	83	80	-0.140	200	-0.007
ai-predictive-flow-zeiierman#er0.35	15m	ZECUSD	161	100	-317.25	0.753	-0.071	-630.51	2	83	47	-0.193	114	-0.020
ai-predictive-flow-zeiierman#er0.45	15m	ZECUSD	88	48	-362.36	0.564	-0.166	-516.84	2	83	27	-0.405	61	-0.061
ai-predictive-flow-zeiierman#chop62	15m	ZECUSD	554	342	-769.33	0.746	-0.083	-957.69	2	83	151	-0.107	403	-0.075
ai-predictive-flow-zeiierman	15m	ZECUSD	574	355	-789.71	0.733	-0.088	-958.75	1	83	152	-0.104	422	-0.082
liquidity-trail-matrix#er0.25	15m	ZECUSD	49	33	-62.90	0.847	-0.033	-189.79	3	83	19	-0.228	30	0.091
liquidity-trail-matrix#er0.35	15m	ZECUSD	33	22	-86.97	0.710	-0.084	-149.19	3	83	12	-0.243	21	0.006
liquidity-trail-matrix#er0.45	15m	ZECUSD	17	8	-139.73	0.396	-0.312	-159.14	1	83	7	-0.443	10	-0.220
liquidity-trail-matrix#chop62	15m	ZECUSD	110	74	-132.60	0.862	-0.040	-424.09	3	83	46	-0.062	64	-0.024
liquidity-trail-matrix	15m	ZECUSD	110	74	-132.60	0.862	-0.040	-424.09	3	83	46	-0.062	64	-0.024
mirage-liquidity-sweep-pro#er0.25	1h	BTCUSD	1	1	7.05	99.000	0.245	8.18	1	167	1	0.245	0	0.000
mirage-liquidity-sweep-pro#er0.35	1h	BTCUSD	0	0	0.00	0.000	0.000	0.00	0	167	0	0.000	0	0.000
mirage-liquidity-sweep-pro#er0.45	1h	BTCUSD	0	0	0.00	0.000	0.000	0.00	0	167	0	0.000	0	0.000
mirage-liquidity-sweep-pro#chop62	1h	BTCUSD	3	2	-15.17	0.498	-0.157	-14.94	2	167	1	0.245	2	-0.358
mirage-liquidity-sweep-pro	1h	BTCUSD	3	2	-15.17	0.498	-0.157	-14.94	2	167	1	0.245	2	-0.358
pivot-channel-breaks#er0.25	1h	AKEUSD	16	9	-33.54	0.817	-0.029	-51.44	3	70	8	-0.314	8	0.255
pivot-channel-breaks#er0.35	1h	AKEUSD	10	6	17.47	1.155	0.150	3.11	2	70	5	-0.182	5	0.482
pivot-channel-breaks#er0.45	1h	AKEUSD	7	4	-0.73	0.991	0.120	-6.23	1	70	3	-0.405	4	0.514
pivot-channel-breaks#chop62	1h	AKEUSD	23	14	29.23	1.114	0.071	-3.31	5	70	13	-0.088	10	0.277
pivot-channel-breaks	1h	AKEUSD	23	14	29.23	1.114	0.071	-3.31	5	70	13	-0.088	10	0.277
pivot-channel-breaks#er0.25	15m	AKEUSD	37	22	-39.47	0.901	-0.028	-79.75	2	70	18	-0.119	19	0.058
pivot-channel-breaks#er0.35	15m	AKEUSD	24	15	-7.36	0.970	0.009	-45.57	5	70	11	-0.208	13	0.192
pivot-channel-breaks#er0.45	15m	AKEUSD	6	4	-7.72	0.862	-0.028	-34.68	3	70	2	-0.135	4	0.026
pivot-channel-breaks#chop62	15m	AKEUSD	72	41	-254.76	0.645	-0.127	-277.67	3	70	39	-0.251	33	0.019
pivot-channel-breaks	15m	AKEUSD	72	41	-254.76	0.645	-0.127	-277.67	3	70	39	-0.251	33	0.019
pivot-channel-breaks#er0.25	1h	BNBUSD	16	13	120.43	2.220	0.250	-29.60	4	167	9	0.349	7	0.122
pivot-channel-breaks#er0.35	1h	BNBUSD	14	11	94.98	1.974	0.230	-40.05	4	167	8	0.337	6	0.088
pivot-channel-breaks#er0.45	1h	BNBUSD	7	5	76.73	2.170	0.379	-1.28	4	167	3	0.958	4	-0.056
pivot-channel-breaks#chop62	1h	BNBUSD	36	22	-13.63	0.970	0.003	-234.61	4	167	20	0.199	16	-0.242
pivot-channel-breaks	1h	BNBUSD	36	22	-13.63	0.970	0.003	-234.61	4	167	20	0.199	16	-0.242
mirage-liquidity-sweep-pro#er0.25	15m	LINKUSD	0	0	0.00	0.000	0.000	0.00	0	83	0	0.000	0	0.000
mirage-liquidity-sweep-pro#er0.35	15m	LINKUSD	0	0	0.00	0.000	0.000	0.00	0	83	0	0.000	0	0.000
mirage-liquidity-sweep-pro#er0.45	15m	LINKUSD	0	0	0.00	0.000	0.000	0.00	0	83	0	0.000	0	0.000
mirage-liquidity-sweep-pro#chop62	15m	LINKUSD	2	1	-23.01	0.236	-0.381	-26.14	1	83	1	0.238	1	-1.000
mirage-liquidity-sweep-pro	15m	LINKUSD	2	1	-23.01	0.236	-0.381	-26.14	1	83	1	0.238	1	-1.000
pivot-channel-breaks#er0.25	1h	BTCUSD	23	15	-121.30	0.443	-0.183	-211.88	2	167	13	-0.123	10	-0.261
pivot-channel-breaks#er0.35	1h	BTCUSD	9	7	-22.00	0.616	-0.079	-94.61	4	167	3	-0.272	6	0.018
pivot-channel-breaks#er0.45	1h	BTCUSD	6	5	-2.05	0.931	-0.009	-41.66	5	167	3	-0.272	3	0.255
pivot-channel-breaks#chop62	1h	BTCUSD	40	25	-210.10	0.492	-0.192	-341.80	2	167	21	-0.032	19	-0.369
pivot-channel-breaks	1h	BTCUSD	40	25	-210.10	0.492	-0.192	-341.80	2	167	21	-0.032	19	-0.369
pivot-channel-breaks#er0.25	15m	BNBUSD	1	0	-27.38	0.000	-0.920	-27.71	0	83	0	0.000	1	-0.920
pivot-channel-breaks#er0.35	15m	BNBUSD	1	0	-27.38	0.000	-0.920	-27.71	0	83	0	0.000	1	-0.920
pivot-channel-breaks#er0.45	15m	BNBUSD	0	0	0.00	0.000	0.000	0.00	0	83	0	0.000	0	0.000
pivot-channel-breaks#chop62	15m	BNBUSD	1	0	-27.38	0.000	-0.920	-27.71	0	83	0	0.000	1	-0.920
pivot-channel-breaks	15m	BNBUSD	1	0	-27.38	0.000	-0.920	-27.71	0	83	0	0.000	1	-0.920
pivot-channel-breaks#er0.25	1h	ETHUSD	24	17	47.10	1.214	0.076	-62.53	4	167	12	0.288	12	-0.135
pivot-channel-breaks#er0.35	1h	ETHUSD	16	11	16.06	1.104	0.046	-69.24	4	167	8	0.141	8	-0.048
pivot-channel-breaks#er0.45	1h	ETHUSD	7	5	59.50	1.934	0.299	-2.24	3	167	3	0.778	4	-0.061
pivot-channel-breaks#chop62	1h	ETHUSD	44	32	149.53	1.377	0.117	-84.61	5	167	23	0.255	21	-0.034
pivot-channel-breaks	1h	ETHUSD	46	34	173.85	1.434	0.128	-73.72	5	167	24	0.253	22	-0.009
mirage-liquidity-sweep-pro#er0.25	1h	ETHUSD	0	0	0.00	0.000	0.000	0.00	0	167	0	0.000	0	0.000
mirage-liquidity-sweep-pro#er0.35	1h	ETHUSD	0	0	0.00	0.000	0.000	0.00	0	167	0	0.000	0	0.000
mirage-liquidity-sweep-pro#er0.45	1h	ETHUSD	0	0	0.00	0.000	0.000	0.00	0	167	0	0.000	0	0.000
mirage-liquidity-sweep-pro#chop62	1h	ETHUSD	1	0	-29.51	0.000	-1.000	-29.90	0	167	0	0.000	1	-1.000
mirage-liquidity-sweep-pro	1h	ETHUSD	1	0	-29.51	0.000	-1.000	-29.90	0	167	0	0.000	1	-1.000
pivot-channel-breaks#er0.25	1h	EVAAUSD	18	11	59.58	1.287	0.127	42.41	3	167	11	0.051	7	0.246
pivot-channel-breaks#er0.35	1h	EVAAUSD	8	4	-51.61	0.560	-0.211	-59.36	2	167	6	-0.174	2	-0.322
pivot-channel-breaks#er0.45	1h	EVAAUSD	3	2	-5.42	0.816	-0.054	-8.48	2	167	2	-0.250	1	0.337
pivot-channel-breaks#chop62	1h	EVAAUSD	48	32	201.70	1.422	0.142	59.86	5	167	26	0.072	22	0.224
pivot-channel-breaks	1h	EVAAUSD	48	32	201.70	1.422	0.142	59.86	5	167	26	0.072	22	0.224
pivot-channel-breaks#er0.25	15m	BTCUSD	3	2	-12.29	0.549	-0.137	-22.08	0	83	0	0.000	3	-0.137
pivot-channel-breaks#er0.35	15m	BTCUSD	3	2	-12.29	0.549	-0.137	-22.08	0	83	0	0.000	3	-0.137
pivot-channel-breaks#er0.45	15m	BTCUSD	2	1	-21.99	0.192	-0.367	-25.40	0	83	0	0.000	2	-0.367
pivot-channel-breaks#chop62	15m	BTCUSD	5	3	-35.89	0.365	-0.240	-45.65	1	83	0	0.000	5	-0.240
pivot-channel-breaks	15m	BTCUSD	5	3	-35.89	0.365	-0.240	-45.65	1	83	0	0.000	5	-0.240
pivot-channel-breaks#er0.25	1h	FILUSD	21	12	-57.87	0.774	-0.083	-105.07	4	167	13	-0.087	8	-0.077
pivot-channel-breaks#er0.35	1h	FILUSD	10	6	-49.06	0.568	-0.161	-68.44	2	167	6	-0.114	4	-0.231
pivot-channel-breaks#er0.45	1h	FILUSD	3	1	-51.38	0.090	-0.577	-56.17	1	167	2	-0.381	1	-0.968
pivot-channel-breaks#chop62	1h	FILUSD	64	36	67.50	1.077	0.053	-205.66	4	167	38	0.125	26	-0.053
pivot-channel-breaks	1h	FILUSD	65	36	35.46	1.039	0.037	-229.47	4	167	38	0.125	27	-0.088
pivot-channel-breaks#er0.25	15m	ETHUSD	12	6	3.64	1.020	0.043	-21.12	3	83	2	2.491	10	-0.446
pivot-channel-breaks#er0.35	15m	ETHUSD	9	6	93.19	1.982	0.371	67.18	3	83	2	2.491	7	-0.234
pivot-channel-breaks#er0.45	15m	ETHUSD	3	1	-49.08	0.097	-0.553	-36.59	1	83	0	0.000	3	-0.553
pivot-channel-breaks#chop62	15m	ETHUSD	18	10	-18.54	0.923	-0.011	-115.95	2	83	4	1.172	14	-0.349
pivot-channel-breaks	15m	ETHUSD	18	10	-18.54	0.923	-0.011	-115.95	2	83	4	1.172	14	-0.349
pivot-channel-breaks#er0.25	1h	LINKUSD	34	21	102.25	1.248	0.121	-66.59	2	167	17	0.033	17	0.209
pivot-channel-breaks#er0.35	1h	LINKUSD	14	8	-97.89	0.429	-0.239	-151.69	3	167	8	-0.182	6	-0.315
pivot-channel-breaks#er0.45	1h	LINKUSD	7	4	-53.29	0.388	-0.255	-100.64	4	167	3	-0.181	4	-0.311
pivot-channel-breaks#chop62	1h	LINKUSD	65	43	138.75	1.209	0.085	-21.92	4	167	34	-0.019	31	0.199
pivot-channel-breaks	1h	LINKUSD	65	43	138.75	1.209	0.085	-21.92	4	167	34	-0.019	31	0.199
mirage-liquidity-sweep-pro#er0.25	1h	EVAAUSD	0	0	0.00	0.000	0.000	0.00	0	167	0	0.000	0	0.000
mirage-liquidity-sweep-pro#er0.35	1h	EVAAUSD	0	0	0.00	0.000	0.000	0.00	0	167	0	0.000	0	0.000
mirage-liquidity-sweep-pro#er0.45	1h	EVAAUSD	0	0	0.00	0.000	0.000	0.00	0	167	0	0.000	0	0.000
mirage-liquidity-sweep-pro#chop62	1h	EVAAUSD	3	2	-1.13	0.963	-0.005	-1.81	2	167	1	0.519	2	-0.267
mirage-liquidity-sweep-pro	1h	EVAAUSD	3	2	-1.13	0.963	-0.005	-1.81	2	167	1	0.519	2	-0.267
mirage-liquidity-sweep-pro#er0.25	15m	PIEVERSEUSD	1	1	5.84	99.000	0.195	6.24	1	83	0	0.000	1	0.195
mirage-liquidity-sweep-pro#er0.35	15m	PIEVERSEUSD	0	0	0.00	0.000	0.000	0.00	0	83	0	0.000	0	0.000
mirage-liquidity-sweep-pro#er0.45	15m	PIEVERSEUSD	0	0	0.00	0.000	0.000	0.00	0	83	0	0.000	0	0.000
mirage-liquidity-sweep-pro#chop62	15m	PIEVERSEUSD	3	1	-51.13	0.102	-0.602	-50.87	1	83	0	0.000	3	-0.602
mirage-liquidity-sweep-pro	15m	PIEVERSEUSD	3	1	-51.13	0.102	-0.602	-50.87	1	83	0	0.000	3	-0.602
pivot-channel-breaks#er0.25	1h	PIEVERSEUSD	21	14	142.76	1.715	0.228	70.03	4	161	9	-0.122	12	0.491
pivot-channel-breaks#er0.35	1h	PIEVERSEUSD	9	6	27.11	1.319	0.112	7.07	3	161	3	-0.977	6	0.656
pivot-channel-breaks#er0.45	1h	PIEVERSEUSD	5	4	71.30	3.453	0.479	56.70	2	161	1	-0.974	4	0.843
pivot-channel-breaks#chop62	1h	PIEVERSEUSD	56	29	102.51	1.132	0.084	-66.62	4	161	27	-0.066	29	0.223
pivot-channel-breaks	1h	PIEVERSEUSD	57	29	70.62	1.087	0.065	-93.71	4	161	27	-0.066	30	0.183
pivot-channel-breaks#er0.25	15m	EVAAUSD	37	22	-66.18	0.847	-0.051	-195.90	5	83	15	0.165	22	-0.199
pivot-channel-breaks#er0.35	15m	EVAAUSD	19	10	-89.26	0.641	-0.153	-125.43	3	83	8	-0.251	11	-0.083
pivot-channel-breaks#er0.45	15m	EVAAUSD	7	5	3.72	1.065	0.024	-15.27	2	83	2	-0.038	5	0.049
pivot-channel-breaks#chop62	15m	EVAAUSD	87	49	-44.07	0.965	-0.003	-323.51	5	83	44	0.222	43	-0.233
pivot-channel-breaks	15m	EVAAUSD	87	49	-44.07	0.965	-0.003	-323.51	5	83	44	0.222	43	-0.233
pivot-channel-breaks#er0.25	1h	SAGAUSD	25	14	113.62	1.308	0.169	67.42	4	167	11	0.379	14	0.004
pivot-channel-breaks#er0.35	1h	SAGAUSD	12	6	-78.85	0.532	-0.218	-92.09	1	167	3	-0.329	9	-0.182
pivot-channel-breaks#er0.45	1h	SAGAUSD	3	3	55.02	99.000	0.601	49.33	2	167	1	0.941	2	0.432
pivot-channel-breaks#chop62	1h	SAGAUSD	59	34	253.85	1.271	0.152	63.65	5	167	27	0.323	32	0.008
pivot-channel-breaks	1h	SAGAUSD	59	34	253.85	1.271	0.152	63.65	5	167	27	0.323	32	0.008
mirage-liquidity-sweep-pro#er0.25	1h	FILUSD	0	0	0.00	0.000	0.000	0.00	0	167	0	0.000	0	0.000
mirage-liquidity-sweep-pro#er0.35	1h	FILUSD	0	0	0.00	0.000	0.000	0.00	0	167	0	0.000	0	0.000
mirage-liquidity-sweep-pro#er0.45	1h	FILUSD	0	0	0.00	0.000	0.000	0.00	0	167	0	0.000	0	0.000
mirage-liquidity-sweep-pro#chop62	1h	FILUSD	2	0	-59.05	0.000	-1.000	-59.05	0	167	1	-1.000	1	-1.000
mirage-liquidity-sweep-pro	1h	FILUSD	2	0	-59.05	0.000	-1.000	-59.05	0	167	1	-1.000	1	-1.000
pivot-channel-breaks#er0.25	15m	FILUSD	20	14	75.34	1.402	0.132	-29.21	2	83	3	-0.120	17	0.177
pivot-channel-breaks#er0.35	15m	FILUSD	11	6	-48.16	0.666	-0.140	-83.65	2	83	3	-0.120	8	-0.148
pivot-channel-breaks#er0.45	15m	FILUSD	7	5	1.40	1.024	0.013	-24.05	2	83	3	-0.120	4	0.112
pivot-channel-breaks#chop62	15m	FILUSD	38	24	-49.95	0.878	-0.035	-157.10	2	83	3	-0.120	35	-0.028
pivot-channel-breaks	15m	FILUSD	38	24	-49.95	0.878	-0.035	-157.10	2	83	3	-0.120	35	-0.028
pivot-channel-breaks#er0.25	1h	SOLUSD	23	15	-72.77	0.669	-0.104	-152.79	4	167	15	-0.210	8	0.093
pivot-channel-breaks#er0.35	1h	SOLUSD	13	9	-48.21	0.568	-0.123	-84.14	4	167	8	-0.366	5	0.267
pivot-channel-breaks#er0.45	1h	SOLUSD	6	5	12.10	1.430	0.069	-12.87	3	167	4	-0.086	2	0.378
pivot-channel-breaks#chop62	1h	SOLUSD	54	35	-155.96	0.697	-0.096	-351.50	1	167	30	-0.114	24	-0.073
pivot-channel-breaks	1h	SOLUSD	55	36	-144.39	0.722	-0.087	-347.33	1	167	31	-0.098	24	-0.073
pivot-channel-breaks#er0.25	15m	LINKUSD	21	11	-22.67	0.926	-0.020	-93.29	4	83	2	1.239	19	-0.152
pivot-channel-breaks#er0.35	15m	LINKUSD	13	7	35.87	1.183	0.113	-8.84	4	83	1	3.386	12	-0.159
pivot-channel-breaks#er0.45	15m	LINKUSD	7	4	102.10	2.003	0.500	57.00	3	83	1	3.386	6	0.019
pivot-channel-breaks#chop62	15m	LINKUSD	39	21	-166.11	0.681	-0.143	-288.27	2	83	4	0.736	35	-0.243
pivot-channel-breaks	15m	LINKUSD	40	21	-191.15	0.650	-0.164	-309.49	2	83	4	0.736	36	-0.264
pivot-channel-breaks#er0.25	1h	UNIUSD	26	18	344.64	2.174	0.410	104.42	6	167	13	0.646	13	0.175
pivot-channel-breaks#er0.35	1h	UNIUSD	14	11	235.56	3.292	0.527	65.92	4	167	4	0.819	10	0.411
pivot-channel-breaks#er0.45	1h	UNIUSD	7	6	148.96	6.187	0.683	88.44	3	167	2	-0.113	5	1.001
pivot-channel-breaks#chop62	1h	UNIUSD	59	39	266.33	1.399	0.152	-112.97	5	167	28	0.184	31	0.123
pivot-channel-breaks	1h	UNIUSD	60	39	228.65	1.333	0.133	-139.79	5	167	29	0.143	31	0.123
mirage-liquidity-sweep-pro#er0.25	1h	LINKUSD	1	1	16.84	99.000	0.568	15.83	1	167	0	0.000	1	0.568
mirage-liquidity-sweep-pro#er0.35	1h	LINKUSD	1	1	16.84	99.000	0.568	15.83	1	167	0	0.000	1	0.568
mirage-liquidity-sweep-pro#er0.45	1h	LINKUSD	0	0	0.00	0.000	0.000	0.00	0	167	0	0.000	0	0.000
mirage-liquidity-sweep-pro#chop62	1h	LINKUSD	2	2	53.49	99.000	0.889	49.85	2	167	1	1.210	1	0.568
mirage-liquidity-sweep-pro	1h	LINKUSD	2	2	53.49	99.000	0.889	49.85	2	167	1	1.210	1	0.568
pivot-channel-breaks#er0.25	15m	PIEVERSEUSD	18	9	58.21	1.238	0.138	-12.24	2	83	8	-0.323	10	0.507
pivot-channel-breaks#er0.35	15m	PIEVERSEUSD	12	5	-122.40	0.342	-0.353	-140.96	2	83	7	-0.766	5	0.226
pivot-channel-breaks#er0.45	15m	PIEVERSEUSD	6	2	-89.31	0.195	-0.510	-93.61	2	83	4	-0.968	2	0.405
pivot-channel-breaks#chop62	15m	PIEVERSEUSD	58	29	46.62	1.058	0.054	-136.17	4	83	23	-0.155	35	0.191
pivot-channel-breaks	15m	PIEVERSEUSD	58	29	46.62	1.058	0.054	-136.17	4	83	23	-0.155	35	0.191
pivot-channel-breaks#er0.25	1h	ZECUSD	36	25	78.87	1.212	0.093	186.39	3	167	14	0.506	22	-0.170
pivot-channel-breaks#er0.35	1h	ZECUSD	25	17	90.95	1.341	0.146	65.37	2	167	6	1.152	19	-0.171
pivot-channel-breaks#er0.45	1h	ZECUSD	13	10	172.54	2.685	0.456	151.94	3	167	3	2.298	10	-0.097
pivot-channel-breaks#chop62	1h	ZECUSD	64	44	166.92	1.228	0.100	220.24	3	167	30	0.333	34	-0.106
pivot-channel-breaks	1h	ZECUSD	65	44	130.01	1.171	0.083	180.98	3	167	30	0.333	35	-0.132
mirage-liquidity-sweep-pro#er0.25	15m	SAGAUSD	0	0	0.00	0.000	0.000	0.00	0	83	0	0.000	0	0.000
mirage-liquidity-sweep-pro#er0.35	15m	SAGAUSD	0	0	0.00	0.000	0.000	0.00	0	83	0	0.000	0	0.000
mirage-liquidity-sweep-pro#er0.45	15m	SAGAUSD	0	0	0.00	0.000	0.000	0.00	0	83	0	0.000	0	0.000
mirage-liquidity-sweep-pro#chop62	15m	SAGAUSD	1	1	47.70	99.000	1.590	44.69	1	83	1	1.590	0	0.000
mirage-liquidity-sweep-pro	15m	SAGAUSD	1	1	47.70	99.000	1.590	44.69	1	83	1	1.590	0	0.000
pivot-channel-breaks#er0.25	15m	SAGAUSD	30	21	100.13	1.357	0.116	-23.92	4	83	14	0.180	16	0.061
pivot-channel-breaks#er0.35	15m	SAGAUSD	14	9	35.04	1.238	0.096	-3.84	5	83	7	0.013	7	0.178
pivot-channel-breaks#er0.45	15m	SAGAUSD	8	6	70.16	2.229	0.297	47.97	3	83	4	0.151	4	0.443
pivot-channel-breaks#chop62	15m	SAGAUSD	52	32	116.21	1.195	0.088	-83.03	4	83	21	-0.046	31	0.179
pivot-channel-breaks	15m	SAGAUSD	53	33	160.23	1.259	0.111	-58.20	5	83	22	0.016	31	0.179
mirage-liquidity-sweep-pro#er0.25	1h	PIEVERSEUSD	0	0	0.00	0.000	0.000	0.00	0	161	0	0.000	0	0.000
mirage-liquidity-sweep-pro#er0.35	1h	PIEVERSEUSD	0	0	0.00	0.000	0.000	0.00	0	161	0	0.000	0	0.000
mirage-liquidity-sweep-pro#er0.45	1h	PIEVERSEUSD	0	0	0.00	0.000	0.000	0.00	0	161	0	0.000	0	0.000
mirage-liquidity-sweep-pro#chop62	1h	PIEVERSEUSD	3	2	1.00	1.032	0.022	-1.06	2	161	1	0.354	2	-0.143
mirage-liquidity-sweep-pro	1h	PIEVERSEUSD	3	2	1.00	1.032	0.022	-1.06	2	161	1	0.354	2	-0.143
pivot-channel-breaks#er0.25	15m	SOLUSD	22	13	-126.30	0.474	-0.200	-198.43	2	83	4	-0.167	18	-0.208
pivot-channel-breaks#er0.35	15m	SOLUSD	12	7	-74.84	0.438	-0.209	-96.70	4	83	3	-0.381	9	-0.151
pivot-channel-breaks#er0.45	15m	SOLUSD	5	2	-52.27	0.380	-0.345	-64.11	2	83	1	0.671	4	-0.599
pivot-channel-breaks#chop62	15m	SOLUSD	31	15	-280.00	0.297	-0.350	-341.88	1	83	4	-0.167	27	-0.377
pivot-channel-breaks	15m	SOLUSD	31	15	-280.00	0.297	-0.350	-341.88	1	83	4	-0.167	27	-0.377
pulse-trend-radar#er0.25	15m	AKEUSD	59	36	-76.40	0.875	-0.047	-189.39	3	70	30	-0.089	29	-0.004
pulse-trend-radar#er0.35	15m	AKEUSD	29	17	-72.55	0.778	-0.061	-84.41	5	70	10	-0.221	19	0.024
pulse-trend-radar#er0.45	15m	AKEUSD	12	8	1.39	1.013	0.019	-21.04	3	70	3	-0.579	9	0.218
pulse-trend-radar#chop62	15m	AKEUSD	131	82	-173.39	0.856	-0.044	-273.66	3	70	73	-0.088	58	0.010
pulse-trend-radar	15m	AKEUSD	131	82	-173.39	0.856	-0.044	-273.66	3	70	73	-0.088	58	0.010
pivot-channel-breaks#er0.25	15m	UNIUSD	39	23	-147.96	0.649	-0.129	-300.99	2	83	16	-0.320	23	0.004
pivot-channel-breaks#er0.35	15m	UNIUSD	20	12	-46.74	0.798	-0.071	-144.98	2	83	5	-0.230	15	-0.017
pivot-channel-breaks#er0.45	15m	UNIUSD	7	5	17.80	1.328	0.092	-18.61	3	83	2	-0.916	5	0.495
pivot-channel-breaks#chop62	15m	UNIUSD	94	54	-307.03	0.660	-0.119	-571.63	3	83	36	-0.341	58	0.018
pivot-channel-breaks	15m	UNIUSD	96	56	-293.81	0.675	-0.110	-566.45	3	83	36	-0.341	60	0.028
mirage-liquidity-sweep-pro#er0.25	1h	SAGAUSD	0	0	0.00	0.000	0.000	0.00	0	167	0	0.000	0	0.000
mirage-liquidity-sweep-pro#er0.35	1h	SAGAUSD	0	0	0.00	0.000	0.000	0.00	0	167	0	0.000	0	0.000
mirage-liquidity-sweep-pro#er0.45	1h	SAGAUSD	0	0	0.00	0.000	0.000	0.00	0	167	0	0.000	0	0.000
mirage-liquidity-sweep-pro#chop62	1h	SAGAUSD	1	1	12.81	99.000	0.427	12.32	1	167	1	0.427	0	0.000
mirage-liquidity-sweep-pro	1h	SAGAUSD	1	1	12.81	99.000	0.427	12.32	1	167	1	0.427	0	0.000
mirage-liquidity-sweep-pro#er0.25	15m	SOLUSD	0	0	0.00	0.000	0.000	0.00	0	83	0	0.000	0	0.000
mirage-liquidity-sweep-pro#er0.35	15m	SOLUSD	0	0	0.00	0.000	0.000	0.00	0	83	0	0.000	0	0.000
mirage-liquidity-sweep-pro#er0.45	15m	SOLUSD	0	0	0.00	0.000	0.000	0.00	0	83	0	0.000	0	0.000
mirage-liquidity-sweep-pro#chop62	15m	SOLUSD	6	2	-78.45	0.310	-0.448	-66.40	1	83	3	-0.579	3	-0.318
mirage-liquidity-sweep-pro	15m	SOLUSD	6	2	-78.45	0.310	-0.448	-66.40	1	83	3	-0.579	3	-0.318
pivot-channel-breaks#er0.25	15m	ZECUSD	38	21	-227.30	0.463	-0.219	-255.24	1	83	10	-0.452	28	-0.136
pivot-channel-breaks#er0.35	15m	ZECUSD	22	12	-132.93	0.482	-0.215	-169.11	2	83	5	-0.630	17	-0.092
pivot-channel-breaks#er0.45	15m	ZECUSD	11	7	-14.35	0.873	-0.035	-48.94	3	83	2	-0.165	9	-0.006
pivot-channel-breaks#chop62	15m	ZECUSD	77	45	-359.37	0.497	-0.189	-499.12	1	83	22	-0.346	55	-0.126
pivot-channel-breaks	15m	ZECUSD	78	45	-379.38	0.478	-0.199	-511.22	1	83	22	-0.346	56	-0.142
pulse-trend-radar#er0.25	15m	BNBUSD	33	19	-168.62	0.568	-0.179	-318.43	3	83	10	-0.267	23	-0.141
pulse-trend-radar#er0.35	15m	BNBUSD	18	11	-92.65	0.534	-0.174	-187.11	3	83	7	-0.103	11	-0.219
pulse-trend-radar#er0.45	15m	BNBUSD	4	3	-6.78	0.762	-0.054	-50.26	2	83	2	0.234	2	-0.342
pulse-trend-radar#chop62	15m	BNBUSD	87	47	-498.58	0.420	-0.260	-653.37	1	83	24	-0.329	63	-0.233
pulse-trend-radar	15m	BNBUSD	87	47	-498.58	0.420	-0.260	-653.37	1	83	24	-0.329	63	-0.233
pulse-trend-radar#er0.25	1h	AKEUSD	11	9	64.53	2.200	0.228	59.43	5	70	7	0.047	4	0.544
pulse-trend-radar#er0.35	1h	AKEUSD	5	4	38.39	2.489	0.300	36.71	3	70	3	0.009	2	0.736
pulse-trend-radar#er0.45	1h	AKEUSD	2	1	-9.89	0.617	-0.143	-10.40	1	70	1	-1.000	1	0.715
pulse-trend-radar#chop62	1h	AKEUSD	28	23	174.14	2.312	0.231	155.06	6	70	15	0.138	13	0.339
pulse-trend-radar	1h	AKEUSD	28	23	174.14	2.312	0.231	155.06	6	70	15	0.138	13	0.339
mirage-liquidity-sweep-pro#er0.25	15m	UNIUSD	0	0	0.00	0.000	0.000	0.00	0	83	0	0.000	0	0.000
mirage-liquidity-sweep-pro#er0.35	15m	UNIUSD	0	0	0.00	0.000	0.000	0.00	0	83	0	0.000	0	0.000
mirage-liquidity-sweep-pro#er0.45	15m	UNIUSD	0	0	0.00	0.000	0.000	0.00	0	83	0	0.000	0	0.000
mirage-liquidity-sweep-pro#chop62	15m	UNIUSD	7	6	43.59	2.375	0.208	31.25	4	83	4	0.398	3	-0.045
mirage-liquidity-sweep-pro	15m	UNIUSD	7	6	43.59	2.375	0.208	31.25	4	83	4	0.398	3	-0.045
mirage-liquidity-sweep-pro#er0.25	1h	UNIUSD	0	0	0.00	0.000	0.000	0.00	0	167	0	0.000	0	0.000
mirage-liquidity-sweep-pro#er0.35	1h	UNIUSD	0	0	0.00	0.000	0.000	0.00	0	167	0	0.000	0	0.000
mirage-liquidity-sweep-pro#er0.45	1h	UNIUSD	0	0	0.00	0.000	0.000	0.00	0	167	0	0.000	0	0.000
mirage-liquidity-sweep-pro#chop62	1h	UNIUSD	1	0	-29.87	0.000	-1.000	-29.94	0	167	1	-1.000	0	0.000
mirage-liquidity-sweep-pro	1h	UNIUSD	1	0	-29.87	0.000	-1.000	-29.94	0	167	1	-1.000	0	0.000
pulse-trend-radar#er0.25	1h	BNBUSD	36	21	-209.97	0.457	-0.215	-234.43	3	167	19	-0.183	17	-0.252
pulse-trend-radar#er0.35	1h	BNBUSD	28	16	-179.94	0.435	-0.233	-206.60	3	167	14	-0.095	14	-0.370
pulse-trend-radar#er0.45	1h	BNBUSD	8	5	-43.06	0.506	-0.179	-39.45	4	167	4	-0.297	4	-0.060
pulse-trend-radar#chop62	1h	BNBUSD	82	48	-323.18	0.600	-0.152	-401.21	3	167	38	-0.077	44	-0.217
pulse-trend-radar	1h	BNBUSD	82	48	-323.18	0.600	-0.152	-401.21	3	167	38	-0.077	44	-0.217
pulse-trend-radar#er0.25	15m	BTCUSD	31	17	-219.96	0.346	-0.263	-277.49	2	83	11	-0.447	20	-0.162
pulse-trend-radar#er0.35	15m	BTCUSD	11	8	-27.87	0.691	-0.080	-54.26	2	83	1	-1.000	10	0.012
pulse-trend-radar#er0.45	15m	BTCUSD	3	2	-19.64	0.340	-0.220	-27.42	0	83	0	0.000	3	-0.220
pulse-trend-radar#chop62	15m	BTCUSD	76	48	-261.91	0.633	-0.126	-435.45	2	83	30	-0.096	46	-0.145
pulse-trend-radar	15m	BTCUSD	76	48	-261.91	0.633	-0.126	-435.45	2	83	30	-0.096	46	-0.145
pulse-trend-radar#er0.25	1h	BTCUSD	37	18	-282.25	0.406	-0.293	-331.62	3	167	20	-0.311	17	-0.272
pulse-trend-radar#er0.35	1h	BTCUSD	23	11	-171.93	0.467	-0.269	-209.64	1	167	12	-0.300	11	-0.236
pulse-trend-radar#er0.45	1h	BTCUSD	8	2	-136.51	0.181	-0.608	-153.98	0	167	2	-1.000	6	-0.478
pulse-trend-radar#chop62	1h	BTCUSD	72	42	-293.73	0.599	-0.155	-427.98	2	167	39	-0.191	33	-0.114
pulse-trend-radar	1h	BTCUSD	72	42	-293.73	0.599	-0.155	-427.98	2	167	39	-0.191	33	-0.114
mirage-liquidity-sweep-pro#er0.25	1h	ZECUSD	0	0	0.00	0.000	0.000	0.00	0	167	0	0.000	0	0.000
mirage-liquidity-sweep-pro#er0.35	1h	ZECUSD	0	0	0.00	0.000	0.000	0.00	0	167	0	0.000	0	0.000
mirage-liquidity-sweep-pro#er0.45	1h	ZECUSD	0	0	0.00	0.000	0.000	0.00	0	167	0	0.000	0	0.000
mirage-liquidity-sweep-pro#chop62	1h	ZECUSD	1	1	16.12	99.000	0.568	15.63	1	167	0	0.000	1	0.568
mirage-liquidity-sweep-pro	1h	ZECUSD	1	1	16.12	99.000	0.568	15.63	1	167	0	0.000	1	0.568
pulse-trend-radar#er0.25	1h	ETHUSD	43	24	-243.74	0.505	-0.210	-310.81	3	167	20	-0.255	23	-0.170
pulse-trend-radar#er0.35	1h	ETHUSD	28	17	-96.25	0.679	-0.113	-165.27	3	167	12	-0.199	16	-0.049
pulse-trend-radar#er0.45	1h	ETHUSD	13	9	-37.73	0.681	-0.093	-66.36	3	167	4	-0.323	9	0.009
pulse-trend-radar#chop62	1h	ETHUSD	75	46	-238.76	0.683	-0.113	-349.15	2	167	38	-0.084	37	-0.144
pulse-trend-radar	1h	ETHUSD	76	46	-262.01	0.657	-0.125	-370.16	2	167	39	-0.107	37	-0.144
mirage-liquidity-sweep-pro#er0.25	15m	ZECUSD	2	2	21.80	99.000	0.373	26.37	2	83	1	0.261	1	0.486
mirage-liquidity-sweep-pro#er0.35	15m	ZECUSD	1	1	7.75	99.000	0.261	13.06	1	83	1	0.261	0	0.000
mirage-liquidity-sweep-pro#er0.45	15m	ZECUSD	0	0	0.00	0.000	0.000	0.00	0	83	0	0.000	0	0.000
mirage-liquidity-sweep-pro#chop62	15m	ZECUSD	3	3	29.30	99.000	0.335	40.09	3	83	2	0.259	1	0.486
mirage-liquidity-sweep-pro	15m	ZECUSD	3	3	29.30	99.000	0.335	40.09	3	83	2	0.259	1	0.486
pulse-trend-radar#er0.25	15m	ETHUSD	54	34	-236.54	0.534	-0.159	-409.30	1	83	26	-0.261	28	-0.064
pulse-trend-radar#er0.35	15m	ETHUSD	25	15	-161.27	0.422	-0.228	-262.24	1	83	11	-0.164	14	-0.278
pulse-trend-radar#er0.45	15m	ETHUSD	5	2	-72.63	0.173	-0.494	-81.81	1	83	2	-0.361	3	-0.583
pulse-trend-radar#chop62	15m	ETHUSD	122	70	-562.06	0.426	-0.219	-718.79	0	83	60	-0.276	62	-0.165
pulse-trend-radar	15m	ETHUSD	122	70	-562.06	0.426	-0.219	-718.79	0	83	60	-0.276	62	-0.165
pulse-trend-radar#er0.25	1h	EVAAUSD	34	22	-13.08	0.962	-0.004	-24.19	4	167	17	-0.095	17	0.087
pulse-trend-radar#er0.35	1h	EVAAUSD	18	11	11.20	1.055	0.032	-5.76	5	167	7	-0.128	11	0.134
pulse-trend-radar#er0.45	1h	EVAAUSD	9	4	-61.42	0.571	-0.221	-67.60	2	167	2	-1.000	7	0.001
pulse-trend-radar#chop62	1h	EVAAUSD	78	48	-37.26	0.952	-0.006	-86.40	5	167	35	-0.017	43	0.003
pulse-trend-radar	1h	EVAAUSD	78	48	-37.26	0.952	-0.006	-86.40	5	167	35	-0.017	43	0.003
session-killzones-breakouts#er0.25	1h	AKEUSD	50	29	171.50	1.340	0.192	153.68	3	70	18	-0.309	32	0.473
session-killzones-breakouts#er0.35	1h	AKEUSD	32	21	273.19	1.939	0.422	238.19	3	70	11	-0.237	21	0.767
session-killzones-breakouts#er0.45	1h	AKEUSD	16	11	290.84	3.079	0.854	268.61	2	70	5	-0.391	11	1.420
session-killzones-breakouts#chop62	1h	AKEUSD	114	66	68.63	1.056	0.050	-85.98	4	70	61	-0.102	53	0.225
session-killzones-breakouts	1h	AKEUSD	119	68	-76.69	0.938	0.037	-125.49	3	70	67	-0.140	52	0.264
pulse-trend-radar#er0.25	1h	FILUSD	39	23	25.91	1.055	0.037	-32.38	4	167	20	-0.138	19	0.221
pulse-trend-radar#er0.35	1h	FILUSD	23	15	79.45	1.328	0.126	46.93	4	167	10	-0.038	13	0.252
pulse-trend-radar#er0.45	1h	FILUSD	11	8	27.47	1.304	0.090	22.03	5	167	5	0.004	6	0.163
pulse-trend-radar#chop62	1h	FILUSD	105	65	152.68	1.126	0.059	-96.65	4	167	59	0.021	46	0.108
pulse-trend-radar	1h	FILUSD	105	65	152.68	1.126	0.059	-96.65	4	167	59	0.021	46	0.108
pulse-trend-radar#er0.25	15m	EVAAUSD	63	40	109.07	1.144	0.068	-47.70	4	83	32	0.122	31	0.011
pulse-trend-radar#er0.35	15m	EVAAUSD	34	20	14.08	1.031	0.029	-58.59	4	83	17	0.298	17	-0.240
pulse-trend-radar#er0.45	15m	EVAAUSD	14	9	126.16	1.756	0.305	82.46	4	83	6	0.735	8	-0.016
pulse-trend-radar#chop62	15m	EVAAUSD	180	107	-279.99	0.863	-0.050	-577.32	1	83	83	0.047	97	-0.133
pulse-trend-radar	15m	EVAAUSD	180	107	-279.99	0.863	-0.050	-577.32	1	83	83	0.047	97	-0.133
session-killzones-breakouts#er0.25	1h	BNBUSD	85	49	-253.13	0.757	-0.102	-566.67	2	167	50	-0.037	35	-0.194
session-killzones-breakouts#er0.35	1h	BNBUSD	60	31	-333.70	0.547	-0.213	-493.61	2	167	34	-0.209	26	-0.219
session-killzones-breakouts#er0.45	1h	BNBUSD	34	16	-205.55	0.586	-0.211	-334.93	2	167	17	-0.130	17	-0.291
session-killzones-breakouts#chop62	1h	BNBUSD	180	106	-563.48	0.679	-0.145	-806.14	2	167	108	-0.062	72	-0.271
session-killzones-breakouts	1h	BNBUSD	185	111	-545.95	0.692	-0.133	-793.61	2	167	109	-0.059	76	-0.240
pulse-trend-radar#er0.25	1h	LINKUSD	37	23	-98.49	0.749	-0.085	-134.58	2	167	18	-0.242	19	0.064
pulse-trend-radar#er0.35	1h	LINKUSD	19	11	-74.83	0.681	-0.127	-84.98	3	167	8	-0.232	11	-0.051
pulse-trend-radar#er0.45	1h	LINKUSD	9	6	24.94	1.270	0.101	39.87	4	167	3	-0.251	6	0.277
pulse-trend-radar#chop62	1h	LINKUSD	85	46	-414.80	0.530	-0.202	-502.32	1	167	48	-0.258	37	-0.129
pulse-trend-radar	1h	LINKUSD	85	46	-414.80	0.530	-0.202	-502.32	1	167	48	-0.258	37	-0.129
session-killzones-breakouts#er0.25	15m	AKEUSD	111	65	-57.84	0.959	-0.003	-257.98	4	70	56	0.067	55	-0.075
session-killzones-breakouts#er0.35	15m	AKEUSD	66	37	-86.82	0.890	-0.021	-160.41	4	70	31	-0.044	35	0.000
session-killzones-breakouts#er0.45	15m	AKEUSD	40	20	-194.34	0.613	-0.183	-252.78	2	70	17	-0.325	23	-0.078
session-killzones-breakouts#chop62	15m	AKEUSD	153	87	-63.50	0.971	0.004	-318.19	2	70	78	0.151	75	-0.149
session-killzones-breakouts	15m	AKEUSD	153	87	-63.50	0.971	0.004	-318.19	2	70	78	0.151	75	-0.149
pulse-trend-radar#er0.25	1h	PIEVERSEUSD	36	25	374.69	2.112	0.319	262.68	7	161	15	0.186	21	0.413
pulse-trend-radar#er0.35	1h	PIEVERSEUSD	19	15	281.12	3.645	0.463	223.70	6	161	9	-0.024	10	0.901
pulse-trend-radar#er0.45	1h	PIEVERSEUSD	7	4	140.50	2.910	0.694	109.83	2	161	2	-0.994	5	1.370
pulse-trend-radar#chop62	1h	PIEVERSEUSD	92	54	474.11	1.387	0.162	165.40	6	161	45	0.080	47	0.240
pulse-trend-radar	1h	PIEVERSEUSD	92	54	474.11	1.387	0.162	165.40	6	161	45	0.080	47	0.240
pulse-trend-radar#er0.25	15m	FILUSD	43	25	-130.77	0.727	-0.100	-247.47	4	83	10	0.108	33	-0.163
pulse-trend-radar#er0.35	15m	FILUSD	27	15	-67.08	0.786	-0.076	-139.36	3	83	10	0.108	17	-0.185
pulse-trend-radar#er0.45	15m	FILUSD	17	10	-36.12	0.783	-0.065	-82.64	3	83	6	0.033	11	-0.119
pulse-trend-radar#chop62	15m	FILUSD	90	49	-351.50	0.643	-0.151	-518.12	4	83	12	0.087	78	-0.187
pulse-trend-radar	15m	FILUSD	90	49	-351.50	0.643	-0.151	-518.12	4	83	12	0.087	78	-0.187
session-killzones-breakouts#er0.25	1h	BTCUSD	107	68	-366.40	0.603	-0.138	-607.65	1	167	57	-0.098	50	-0.183
session-killzones-breakouts#er0.35	1h	BTCUSD	73	42	-434.04	0.368	-0.256	-576.97	1	167	36	-0.257	37	-0.255
session-killzones-breakouts#er0.45	1h	BTCUSD	47	29	-249.29	0.451	-0.198	-351.56	2	167	24	-0.222	23	-0.174
session-killzones-breakouts#chop62	1h	BTCUSD	198	125	-572.91	0.611	-0.138	-842.37	2	167	111	-0.120	87	-0.161
session-killzones-breakouts	1h	BTCUSD	202	127	-579.69	0.612	-0.137	-852.88	2	167	113	-0.125	89	-0.153
pulse-trend-radar#er0.25	1h	SAGAUSD	29	16	-118.68	0.699	-0.135	-151.48	2	167	15	0.158	14	-0.450
pulse-trend-radar#er0.35	1h	SAGAUSD	13	7	-39.66	0.791	-0.092	-57.06	2	167	6	0.411	7	-0.523
pulse-trend-radar#er0.45	1h	SAGAUSD	4	1	-70.40	0.206	-0.596	-74.16	0	167	0	0.000	4	-0.596
pulse-trend-radar#chop62	1h	SAGAUSD	69	44	-19.72	0.976	-0.000	-98.76	3	167	31	0.215	38	-0.176
pulse-trend-radar	1h	SAGAUSD	69	44	-19.72	0.976	-0.000	-98.76	3	167	31	0.215	38	-0.176
pulse-trend-radar#er0.25	15m	LINKUSD	56	38	-91.46	0.818	-0.049	-246.45	3	83	31	-0.101	25	0.016
pulse-trend-radar#er0.35	15m	LINKUSD	25	14	-150.23	0.504	-0.209	-218.77	1	83	14	-0.242	11	-0.167
pulse-trend-radar#er0.45	15m	LINKUSD	10	8	24.23	1.401	0.086	-29.45	4	83	5	0.313	5	-0.142
pulse-trend-radar#chop62	15m	LINKUSD	132	82	-281.66	0.755	-0.074	-577.34	2	83	77	-0.086	55	-0.057
pulse-trend-radar	15m	LINKUSD	132	82	-281.66	0.755	-0.074	-577.34	2	83	77	-0.086	55	-0.057
session-killzones-breakouts#er0.25	1h	ETHUSD	139	99	311.38	1.236	0.075	-388.81	5	167	73	0.051	66	0.103
session-killzones-breakouts#er0.35	1h	ETHUSD	91	59	-38.42	0.955	-0.002	-409.79	5	167	46	-0.144	45	0.142
session-killzones-breakouts#er0.45	1h	ETHUSD	55	32	-130.65	0.788	-0.070	-375.43	3	167	33	-0.152	22	0.053
session-killzones-breakouts#chop62	1h	ETHUSD	245	167	-43.08	0.982	0.004	-768.87	4	167	128	0.043	117	-0.040
session-killzones-breakouts	1h	ETHUSD	258	176	-4.84	0.998	0.009	-771.27	6	167	136	0.040	122	-0.025
pulse-trend-radar#er0.25	1h	SOLUSD	38	23	-143.52	0.645	-0.132	-213.85	2	167	17	-0.093	21	-0.163
pulse-trend-radar#er0.35	1h	SOLUSD	24	16	-37.55	0.834	-0.049	-104.54	3	167	12	-0.193	12	0.096
pulse-trend-radar#er0.45	1h	SOLUSD	10	6	-32.84	0.723	-0.102	-45.14	4	167	4	0.061	6	-0.211
pulse-trend-radar#chop62	1h	SOLUSD	66	41	-207.73	0.681	-0.116	-326.52	1	167	32	-0.106	34	-0.126
pulse-trend-radar	1h	SOLUSD	66	41	-207.73	0.681	-0.116	-326.52	1	167	32	-0.106	34	-0.126
pulse-trend-radar#er0.25	15m	PIEVERSEUSD	65	40	108.90	1.142	0.067	-65.17	6	83	27	0.065	38	0.068
pulse-trend-radar#er0.35	15m	PIEVERSEUSD	38	24	199.03	1.514	0.175	29.45	6	83	17	-0.012	21	0.326
pulse-trend-radar#er0.45	15m	PIEVERSEUSD	14	8	59.41	1.341	0.158	-43.24	4	83	8	0.049	6	0.304
pulse-trend-radar#chop62	15m	PIEVERSEUSD	166	93	-311.80	0.825	-0.063	-583.99	2	83	62	-0.041	104	-0.077
pulse-trend-radar	15m	PIEVERSEUSD	166	93	-311.80	0.825	-0.063	-583.99	2	83	62	-0.041	104	-0.077
session-killzones-breakouts#er0.25	15m	BNBUSD	2	1	-22.59	0.176	-0.379	-26.47	1	83	0	0.000	2	-0.379
session-killzones-breakouts#er0.35	15m	BNBUSD	1	0	-27.41	0.000	-0.919	-27.98	0	83	0	0.000	1	-0.919
session-killzones-breakouts#er0.45	15m	BNBUSD	0	0	0.00	0.000	0.000	0.00	0	83	0	0.000	0	0.000
session-killzones-breakouts#chop62	15m	BNBUSD	2	1	-22.59	0.176	-0.379	-26.47	1	83	0	0.000	2	-0.379
session-killzones-breakouts	15m	BNBUSD	2	1	-22.59	0.176	-0.379	-26.47	1	83	0	0.000	2	-0.379
session-killzones-breakouts#er0.25	1h	EVAAUSD	135	75	329.99	1.139	0.095	171.34	5	167	73	0.256	62	-0.096
session-killzones-breakouts#er0.35	1h	EVAAUSD	82	49	682.96	1.514	0.242	460.72	5	167	51	0.369	31	0.033
session-killzones-breakouts#er0.45	1h	EVAAUSD	53	31	660.73	1.775	0.360	493.90	5	167	32	0.547	21	0.073
session-killzones-breakouts#chop62	1h	EVAAUSD	308	176	257.83	1.050	0.044	-277.52	5	167	153	0.120	155	-0.030
session-killzones-breakouts	1h	EVAAUSD	314	177	53.33	1.011	0.025	-386.83	5	167	156	0.099	158	-0.048
pulse-trend-radar#er0.25	1h	UNIUSD	26	18	-32.65	0.859	-0.036	-101.07	3	167	10	-0.155	16	0.039
pulse-trend-radar#er0.35	1h	UNIUSD	14	9	-45.12	0.691	-0.103	-37.55	3	167	6	-0.206	8	-0.025
pulse-trend-radar#er0.45	1h	UNIUSD	6	4	-6.51	0.891	-0.028	6.77	3	167	2	-0.017	4	-0.033
pulse-trend-radar#chop62	1h	UNIUSD	61	40	-149.35	0.737	-0.081	-263.66	4	167	30	-0.117	31	-0.046
pulse-trend-radar	1h	UNIUSD	61	40	-149.35	0.737	-0.081	-263.66	4	167	30	-0.117	31	-0.046
pulse-trend-radar#er0.25	15m	SAGAUSD	57	32	-44.39	0.942	-0.013	-64.01	5	83	22	0.180	35	-0.134
pulse-trend-radar#er0.35	15m	SAGAUSD	35	19	-44.77	0.897	-0.030	-71.54	4	83	13	-0.028	22	-0.032
pulse-trend-radar#er0.45	15m	SAGAUSD	15	10	135.45	1.921	0.302	106.99	4	83	5	0.022	10	0.442
pulse-trend-radar#chop62	15m	SAGAUSD	116	64	-330.44	0.763	-0.105	-439.98	3	83	50	0.045	66	-0.218
pulse-trend-radar	15m	SAGAUSD	116	64	-330.44	0.763	-0.105	-439.98	3	83	50	0.045	66	-0.218
session-killzones-breakouts#er0.25	1h	FILUSD	157	76	-345.34	0.805	-0.070	-598.46	3	167	72	-0.153	85	-0.001
session-killzones-breakouts#er0.35	1h	FILUSD	103	46	-470.77	0.603	-0.188	-598.94	2	167	42	-0.239	61	-0.153
session-killzones-breakouts#er0.45	1h	FILUSD	62	27	-443.01	0.419	-0.303	-514.75	1	167	25	-0.416	37	-0.227
session-killzones-breakouts#chop62	1h	FILUSD	320	150	-627.57	0.802	-0.082	-865.88	2	167	158	-0.109	162	-0.055
session-killzones-breakouts	1h	FILUSD	325	152	-622.57	0.812	-0.078	-865.76	2	167	158	-0.098	167	-0.060
pulse-trend-radar#er0.25	1h	ZECUSD	37	26	103.21	1.310	0.122	28.38	6	167	19	0.124	18	0.119
pulse-trend-radar#er0.35	1h	ZECUSD	26	18	116.19	1.484	0.178	55.20	5	167	14	0.140	12	0.223
pulse-trend-radar#er0.45	1h	ZECUSD	13	10	58.46	1.608	0.162	12.14	3	167	9	0.393	4	-0.357
pulse-trend-radar#chop62	1h	ZECUSD	72	48	17.03	1.024	0.027	-7.71	4	167	36	0.055	36	0.000
pulse-trend-radar	1h	ZECUSD	72	48	17.03	1.024	0.027	-7.71	4	167	36	0.055	36	0.000
session-killzones-breakouts#er0.25	1h	LINKUSD	146	88	-176.78	0.895	-0.033	-533.93	4	167	63	0.024	83	-0.076
session-killzones-breakouts#er0.35	1h	LINKUSD	87	48	-343.67	0.644	-0.151	-505.05	0	167	31	-0.206	56	-0.120
session-killzones-breakouts#er0.45	1h	LINKUSD	48	23	-320.35	0.457	-0.258	-401.89	2	167	17	-0.587	31	-0.077
session-killzones-breakouts#chop62	1h	LINKUSD	300	183	-506.04	0.804	-0.068	-832.88	2	167	149	-0.075	151	-0.060
session-killzones-breakouts	1h	LINKUSD	308	189	-514.96	0.799	-0.068	-840.72	2	167	150	-0.085	158	-0.052
pulse-trend-radar#er0.25	15m	SOLUSD	64	41	-192.38	0.671	-0.102	-335.26	2	83	34	-0.238	30	0.053
pulse-trend-radar#er0.35	15m	SOLUSD	38	26	-114.91	0.662	-0.103	-238.96	3	83	22	-0.133	16	-0.061
pulse-trend-radar#er0.45	15m	SOLUSD	14	9	-41.43	0.715	-0.099	-102.86	3	83	7	-0.130	7	-0.067
pulse-trend-radar#chop62	15m	SOLUSD	104	60	-462.44	0.461	-0.192	-618.47	2	83	56	-0.347	48	-0.012
pulse-trend-radar	15m	SOLUSD	104	60	-462.44	0.461	-0.192	-618.47	2	83	56	-0.347	48	-0.012
smart-money-breakout-signals#er0.25	15m	AKEUSD	53	33	132.08	1.199	0.095	-29.72	3	70	27	0.313	26	-0.131
smart-money-breakout-signals#er0.35	15m	AKEUSD	34	20	84.52	1.201	0.099	-9.62	4	70	17	0.284	17	-0.087
smart-money-breakout-signals#er0.45	15m	AKEUSD	20	11	-72.98	0.710	-0.113	-94.66	3	70	9	0.028	11	-0.228
smart-money-breakout-signals#chop62	15m	AKEUSD	65	41	442.13	1.476	0.226	219.45	4	70	34	0.518	31	-0.095
smart-money-breakout-signals	15m	AKEUSD	65	41	442.13	1.476	0.226	219.45	4	70	34	0.518	31	-0.095
session-killzones-breakouts#er0.25	1h	PIEVERSEUSD	124	67	162.00	1.093	0.062	-330.56	5	161	70	0.067	54	0.056
session-killzones-breakouts#er0.35	1h	PIEVERSEUSD	74	44	212.77	1.250	0.105	-82.17	5	161	44	-0.053	30	0.337
session-killzones-breakouts#er0.45	1h	PIEVERSEUSD	39	21	149.02	1.312	0.143	57.95	6	161	26	-0.164	13	0.757
session-killzones-breakouts#chop62	1h	PIEVERSEUSD	289	152	8.28	1.003	0.021	-645.68	6	161	151	-0.079	138	0.130
session-killzones-breakouts	1h	PIEVERSEUSD	293	152	-131.02	0.958	0.004	-691.74	5	161	153	-0.090	140	0.107
pulse-trend-radar#er0.25	15m	UNIUSD	62	34	-323.61	0.553	-0.201	-423.06	2	83	31	-0.185	31	-0.217
pulse-trend-radar#er0.35	15m	UNIUSD	40	23	-170.96	0.655	-0.146	-241.81	3	83	18	-0.005	22	-0.261
pulse-trend-radar#er0.45	15m	UNIUSD	16	10	-70.60	0.603	-0.146	-96.84	3	83	5	-0.234	11	-0.106
pulse-trend-radar#chop62	15m	UNIUSD	131	73	-560.70	0.543	-0.201	-670.12	1	83	66	-0.201	65	-0.202
pulse-trend-radar	15m	UNIUSD	131	73	-560.70	0.543	-0.201	-670.12	1	83	66	-0.201	65	-0.202
smart-money-breakout-signals#er0.25	15m	BNBUSD	0	0	0.00	0.000	0.000	0.00	0	83	0	0.000	0	0.000
smart-money-breakout-signals#er0.35	15m	BNBUSD	0	0	0.00	0.000	0.000	0.00	0	83	0	0.000	0	0.000
smart-money-breakout-signals#er0.45	15m	BNBUSD	0	0	0.00	0.000	0.000	0.00	0	83	0	0.000	0	0.000
smart-money-breakout-signals#chop62	15m	BNBUSD	0	0	0.00	0.000	0.000	0.00	0	83	0	0.000	0	0.000
smart-money-breakout-signals	15m	BNBUSD	0	0	0.00	0.000	0.000	0.00	0	83	0	0.000	0	0.000
session-killzones-breakouts#er0.25	1h	SAGAUSD	143	77	-256.88	0.858	-0.053	-515.06	2	167	74	-0.051	69	-0.056
session-killzones-breakouts#er0.35	1h	SAGAUSD	76	39	-373.98	0.568	-0.195	-456.14	2	167	39	-0.181	37	-0.209
session-killzones-breakouts#er0.45	1h	SAGAUSD	40	20	-222.72	0.557	-0.199	-279.19	1	167	20	-0.264	20	-0.133
session-killzones-breakouts#chop62	1h	SAGAUSD	320	181	-34.14	0.992	0.014	-659.28	5	167	165	-0.007	155	0.036
session-killzones-breakouts	1h	SAGAUSD	329	183	-180.83	0.958	-0.003	-724.55	4	167	168	-0.011	161	0.006
smart-money-breakout-signals#er0.25	15m	BTCUSD	2	1	-19.21	0.304	-0.315	-25.01	1	83	0	0.000	2	-0.315
smart-money-breakout-signals#er0.35	15m	BTCUSD	2	1	-19.21	0.304	-0.315	-25.01	1	83	0	0.000	2	-0.315
smart-money-breakout-signals#er0.45	15m	BTCUSD	1	0	-27.58	0.000	-0.920	-27.50	0	83	0	0.000	1	-0.920
smart-money-breakout-signals#chop62	15m	BTCUSD	2	1	-19.21	0.304	-0.315	-25.01	1	83	0	0.000	2	-0.315
smart-money-breakout-signals	15m	BTCUSD	2	1	-19.21	0.304	-0.315	-25.01	1	83	0	0.000	2	-0.315
pulse-trend-radar#er0.25	15m	ZECUSD	50	35	57.73	1.129	0.050	-102.88	3	83	23	-0.006	27	0.098
pulse-trend-radar#er0.35	15m	ZECUSD	20	16	114.08	1.886	0.191	-1.52	4	83	9	0.272	11	0.125
pulse-trend-radar#er0.45	15m	ZECUSD	7	6	74.51	3.500	0.348	44.25	3	83	4	0.353	3	0.341
pulse-trend-radar#chop62	15m	ZECUSD	120	85	272.54	1.227	0.077	-77.51	4	83	54	0.111	66	0.049
pulse-trend-radar	15m	ZECUSD	120	85	272.54	1.227	0.077	-77.51	4	83	54	0.111	66	0.049
session-killzones-breakouts#er0.25	15m	BTCUSD	4	2	-39.97	0.259	-0.338	-47.52	0	83	0	0.000	4	-0.338
session-killzones-breakouts#er0.35	15m	BTCUSD	3	1	-49.52	0.082	-0.561	-50.83	0	83	0	0.000	3	-0.561
session-killzones-breakouts#er0.45	15m	BTCUSD	2	1	-22.74	0.164	-0.381	-23.88	1	83	0	0.000	2	-0.381
session-killzones-breakouts#chop62	15m	BTCUSD	6	4	-24.83	0.549	-0.136	-43.45	1	83	0	0.000	6	-0.136
session-killzones-breakouts	15m	BTCUSD	6	4	-24.83	0.549	-0.136	-43.45	1	83	0	0.000	6	-0.136
smart-money-breakout-signals#er0.25	1h	AKEUSD	13	8	123.14	1.824	0.413	120.28	5	70	6	-0.216	7	0.953
smart-money-breakout-signals#er0.35	1h	AKEUSD	9	7	211.89	4.468	0.852	186.55	4	70	3	0.000	6	1.278
smart-money-breakout-signals#er0.45	1h	AKEUSD	5	5	216.65	99.000	1.553	198.59	5	70	1	0.724	4	1.761
smart-money-breakout-signals#chop62	1h	AKEUSD	14	9	264.88	2.712	0.667	259.05	5	70	6	-0.216	8	1.330
smart-money-breakout-signals	1h	AKEUSD	14	9	264.88	2.712	0.667	259.05	5	70	6	-0.216	8	1.330
smart-money-breakout-signals#er0.25	15m	ETHUSD	9	6	-36.87	0.546	-0.134	-64.49	2	83	1	-0.907	8	-0.037
smart-money-breakout-signals#er0.35	15m	ETHUSD	6	5	9.49	1.340	0.056	-12.23	2	83	0	0.000	6	0.056
smart-money-breakout-signals#er0.45	15m	ETHUSD	3	3	23.08	99.000	0.255	11.25	2	83	0	0.000	3	0.255
smart-money-breakout-signals#chop62	15m	ETHUSD	14	8	-101.31	0.373	-0.248	-137.21	1	83	3	-0.564	11	-0.162
smart-money-breakout-signals	15m	ETHUSD	14	8	-101.31	0.373	-0.248	-137.21	1	83	3	-0.564	11	-0.162
smart-money-breakout-signals#er0.25	1h	BNBUSD	12	11	185.47	6.272	0.489	27.12	5	167	7	0.839	5	-0.001
smart-money-breakout-signals#er0.35	1h	BNBUSD	7	6	33.55	2.082	0.165	-16.59	4	167	4	0.425	3	-0.182
smart-money-breakout-signals#er0.45	1h	BNBUSD	4	3	-17.09	0.427	-0.142	-51.12	3	167	2	0.152	2	-0.436
smart-money-breakout-signals#chop62	1h	BNBUSD	23	19	149.23	2.252	0.213	-91.06	5	167	14	0.291	9	0.093
smart-money-breakout-signals	1h	BNBUSD	23	19	149.23	2.252	0.213	-91.06	5	167	14	0.291	9	0.093
smart-money-breakout-signals#er0.25	15m	EVAAUSD	51	28	73.29	1.095	0.070	-54.65	3	83	29	0.241	22	-0.157
smart-money-breakout-signals#er0.35	15m	EVAAUSD	39	22	172.05	1.298	0.163	59.34	4	83	21	0.337	18	-0.040
smart-money-breakout-signals#er0.45	15m	EVAAUSD	20	10	-28.12	0.899	-0.027	-55.65	3	83	8	-0.199	12	0.087
smart-money-breakout-signals#chop62	15m	EVAAUSD	70	37	-87.79	0.910	-0.024	-290.96	3	83	40	0.063	30	-0.140
smart-money-breakout-signals	15m	EVAAUSD	70	37	-87.79	0.910	-0.024	-290.96	3	83	40	0.063	30	-0.140
session-killzones-breakouts#er0.25	1h	SOLUSD	153	93	-333.55	0.764	-0.079	-657.56	2	167	75	-0.088	78	-0.070
session-killzones-breakouts#er0.35	1h	SOLUSD	90	55	-170.64	0.799	-0.057	-434.17	3	167	43	-0.160	47	0.036
session-killzones-breakouts#er0.45	1h	SOLUSD	57	31	-243.96	0.603	-0.154	-411.01	2	167	28	-0.327	29	0.013
session-killzones-breakouts#chop62	1h	SOLUSD	288	173	-644.90	0.694	-0.114	-853.37	1	167	151	-0.093	137	-0.137
session-killzones-breakouts	1h	SOLUSD	303	181	-698.96	0.661	-0.126	-878.40	1	167	154	-0.112	149	-0.139
smart-money-breakout-signals#er0.25	1h	BTCUSD	25	16	-39.78	0.838	-0.046	-174.08	4	167	12	-0.126	13	0.029
smart-money-breakout-signals#er0.35	1h	BTCUSD	18	9	-118.02	0.495	-0.223	-219.72	2	167	7	-0.591	11	0.011
smart-money-breakout-signals#er0.45	1h	BTCUSD	12	6	-85.90	0.464	-0.244	-172.03	2	167	2	-0.912	10	-0.110
smart-money-breakout-signals#chop62	1h	BTCUSD	26	16	-61.24	0.774	-0.072	-201.21	4	167	14	-0.156	12	0.027
smart-money-breakout-signals	1h	BTCUSD	28	18	-54.17	0.800	-0.058	-192.94	4	167	14	-0.156	14	0.041
smart-money-breakout-signals#er0.25	15m	FILUSD	20	11	18.58	1.067	0.054	-98.22	2	83	2	1.814	18	-0.142
smart-money-breakout-signals#er0.35	15m	FILUSD	9	6	129.49	2.469	0.490	32.16	3	83	2	1.814	7	0.112
smart-money-breakout-signals#er0.45	15m	FILUSD	8	5	90.88	2.031	0.404	8.30	3	83	2	1.814	6	-0.066
smart-money-breakout-signals#chop62	15m	FILUSD	25	12	-90.07	0.758	-0.105	-193.97	2	83	3	0.906	22	-0.243
smart-money-breakout-signals	15m	FILUSD	25	12	-90.07	0.758	-0.105	-193.97	2	83	3	0.906	22	-0.243
smart-money-breakout-signals#er0.25	1h	ETHUSD	32	20	64.12	1.167	0.079	-116.00	4	167	16	0.151	16	0.008
smart-money-breakout-signals#er0.35	1h	ETHUSD	23	12	-93.73	0.696	-0.129	-209.79	3	167	10	-0.372	13	0.057
smart-money-breakout-signals#er0.45	1h	ETHUSD	13	6	-120.05	0.385	-0.319	-201.30	2	167	6	-0.717	7	0.021
smart-money-breakout-signals#chop62	1h	ETHUSD	37	23	17.10	1.039	0.028	-173.39	5	167	20	0.095	17	-0.051
smart-money-breakout-signals	1h	ETHUSD	37	23	17.10	1.039	0.028	-173.39	5	167	20	0.095	17	-0.051
smart-money-breakout-signals#er0.25	15m	LINKUSD	24	11	-143.42	0.583	-0.200	-132.49	2	83	3	-0.535	21	-0.152
smart-money-breakout-signals#er0.35	15m	LINKUSD	14	4	-136.50	0.483	-0.330	-189.56	1	83	1	-0.908	13	-0.286
smart-money-breakout-signals#er0.45	15m	LINKUSD	9	3	-36.02	0.782	-0.111	-89.29	1	83	1	-0.908	8	-0.011
smart-money-breakout-signals#chop62	15m	LINKUSD	31	15	-169.52	0.587	-0.186	-186.72	3	83	3	-0.535	28	-0.149
smart-money-breakout-signals	15m	LINKUSD	31	15	-169.52	0.587	-0.186	-186.72	3	83	3	-0.535	28	-0.149
smart-money-breakout-signals#er0.25	1h	EVAAUSD	35	23	413.46	1.912	0.357	262.09	6	167	19	0.673	16	-0.020
smart-money-breakout-signals#er0.35	1h	EVAAUSD	27	18	418.33	2.183	0.464	313.12	6	167	17	0.869	10	-0.226
smart-money-breakout-signals#er0.45	1h	EVAAUSD	23	15	347.80	2.164	0.467	259.27	5	167	13	1.000	10	-0.226
smart-money-breakout-signals#chop62	1h	EVAAUSD	43	26	302.99	1.496	0.230	174.07	6	167	23	0.493	20	-0.073
smart-money-breakout-signals	1h	EVAAUSD	43	26	302.99	1.496	0.230	174.07	6	167	23	0.493	20	-0.073
smart-money-breakout-signals#er0.25	15m	PIEVERSEUSD	28	15	186.88	1.489	0.238	20.26	3	83	16	0.198	12	0.293
smart-money-breakout-signals#er0.35	15m	PIEVERSEUSD	22	11	178.31	1.548	0.289	41.49	4	83	12	0.218	10	0.374
smart-money-breakout-signals#er0.45	15m	PIEVERSEUSD	13	7	101.36	1.581	0.281	13.77	4	83	9	0.348	4	0.129
smart-money-breakout-signals#chop62	15m	PIEVERSEUSD	44	21	-64.61	0.900	-0.026	-205.17	3	83	18	0.145	26	-0.144
smart-money-breakout-signals	15m	PIEVERSEUSD	44	21	-64.61	0.900	-0.026	-205.17	3	83	18	0.145	26	-0.144
smart-money-breakout-signals#er0.25	1h	FILUSD	36	18	258.95	1.447	0.253	71.83	6	167	20	0.024	16	0.539
smart-money-breakout-signals#er0.35	1h	FILUSD	24	10	76.67	1.180	0.144	-19.81	4	167	13	-0.220	11	0.575
smart-money-breakout-signals#er0.45	1h	FILUSD	15	6	-88.99	0.641	-0.189	-123.06	3	167	8	-0.585	7	0.263
smart-money-breakout-signals#chop62	1h	FILUSD	46	24	424.08	1.590	0.295	115.29	6	167	26	0.070	20	0.588
smart-money-breakout-signals	1h	FILUSD	46	24	424.08	1.590	0.295	115.29	6	167	26	0.070	20	0.588
session-killzones-breakouts#er0.25	1h	UNIUSD	142	83	-10.95	0.993	0.015	-406.44	4	167	69	-0.038	73	0.066
session-killzones-breakouts#er0.35	1h	UNIUSD	90	53	-199.92	0.772	-0.072	-408.50	2	167	41	-0.248	49	0.075
session-killzones-breakouts#er0.45	1h	UNIUSD	51	25	-270.70	0.563	-0.194	-353.03	2	167	23	-0.494	28	0.052
session-killzones-breakouts#chop62	1h	UNIUSD	315	190	-319.83	0.899	-0.028	-766.72	3	167	156	-0.045	159	-0.011
session-killzones-breakouts	1h	UNIUSD	334	201	-370.05	0.887	-0.033	-795.71	3	167	164	-0.044	170	-0.022
smart-money-breakout-signals#er0.25	1h	LINKUSD	38	19	-143.33	0.751	-0.123	-266.28	2	167	17	0.195	21	-0.380
smart-money-breakout-signals#er0.35	1h	LINKUSD	26	13	-64.42	0.836	-0.071	-166.81	3	167	11	0.279	15	-0.328
smart-money-breakout-signals#er0.45	1h	LINKUSD	13	6	-101.39	0.503	-0.264	-165.17	1	167	2	0.110	11	-0.332
smart-money-breakout-signals#chop62	1h	LINKUSD	46	26	-107.51	0.827	-0.071	-256.71	2	167	22	0.181	24	-0.302
smart-money-breakout-signals	1h	LINKUSD	47	26	-134.12	0.792	-0.091	-278.72	2	167	22	0.181	25	-0.330
smart-money-breakout-signals#er0.25	15m	SAGAUSD	37	18	-274.79	0.425	-0.280	-333.69	1	83	12	-0.238	25	-0.300
smart-money-breakout-signals#er0.35	15m	SAGAUSD	24	12	-199.59	0.354	-0.301	-249.98	0	83	7	-0.427	17	-0.249
smart-money-breakout-signals#er0.45	15m	SAGAUSD	11	4	-142.84	0.232	-0.457	-155.97	0	83	4	-0.604	7	-0.374
smart-money-breakout-signals#chop62	15m	SAGAUSD	41	21	-272.64	0.464	-0.250	-348.16	2	83	14	-0.143	27	-0.305
smart-money-breakout-signals	15m	SAGAUSD	41	21	-272.64	0.464	-0.250	-348.16	2	83	14	-0.143	27	-0.305
smart-money-breakout-signals#er0.25	1h	PIEVERSEUSD	29	16	144.55	1.375	0.185	50.90	5	161	16	-0.032	13	0.452
smart-money-breakout-signals#er0.35	1h	PIEVERSEUSD	23	13	216.07	1.685	0.318	168.53	6	161	11	0.153	12	0.470
smart-money-breakout-signals#er0.45	1h	PIEVERSEUSD	16	11	193.17	2.127	0.388	163.78	5	161	8	0.406	8	0.370
smart-money-breakout-signals#chop62	1h	PIEVERSEUSD	36	18	39.99	1.080	0.064	-56.29	4	161	21	-0.190	15	0.420
smart-money-breakout-signals	1h	PIEVERSEUSD	36	18	39.99	1.080	0.064	-56.29	4	161	21	-0.190	15	0.420
smart-money-breakout-signals#er0.25	15m	SOLUSD	19	14	-11.65	0.918	-0.016	-114.44	4	83	1	0.477	18	-0.043
smart-money-breakout-signals#er0.35	15m	SOLUSD	14	10	-31.02	0.725	-0.071	-109.25	3	83	0	0.000	14	-0.071
smart-money-breakout-signals#er0.45	15m	SOLUSD	5	4	8.83	1.312	0.065	-13.68	2	83	0	0.000	5	0.065
smart-money-breakout-signals#chop62	15m	SOLUSD	23	17	-12.25	0.930	-0.015	-127.68	3	83	2	0.363	21	-0.051
smart-money-breakout-signals	15m	SOLUSD	23	17	-12.25	0.930	-0.015	-127.68	3	83	2	0.363	21	-0.051
smart-money-breakout-signals#er0.25	1h	SAGAUSD	39	19	-45.38	0.925	-0.020	-115.89	4	167	19	0.129	20	-0.162
smart-money-breakout-signals#er0.35	1h	SAGAUSD	21	10	-132.92	0.572	-0.214	-152.16	2	167	9	-0.004	12	-0.372
smart-money-breakout-signals#er0.45	1h	SAGAUSD	14	7	-61.02	0.703	-0.137	-80.98	3	167	7	0.276	7	-0.550
smart-money-breakout-signals#chop62	1h	SAGAUSD	51	27	144.73	1.191	0.113	4.40	5	167	25	0.147	26	0.081
smart-money-breakout-signals	1h	SAGAUSD	51	27	144.73	1.191	0.113	4.40	5	167	25	0.147	26	0.081
smart-money-breakout-signals#er0.25	15m	UNIUSD	56	25	-372.91	0.498	-0.265	-496.68	2	83	27	-0.229	29	-0.298
smart-money-breakout-signals#er0.35	15m	UNIUSD	37	17	-229.41	0.567	-0.220	-346.36	2	83	15	-0.131	22	-0.281
smart-money-breakout-signals#er0.45	15m	UNIUSD	22	12	-23.59	0.924	-0.017	-157.13	4	83	9	0.241	13	-0.196
smart-money-breakout-signals#chop62	15m	UNIUSD	71	34	-305.29	0.665	-0.154	-490.35	2	83	29	-0.278	42	-0.068
smart-money-breakout-signals	15m	UNIUSD	72	34	-326.26	0.648	-0.165	-505.42	2	83	29	-0.278	43	-0.090
smart-money-breakout-signals#er0.25	1h	SOLUSD	32	25	28.37	1.133	0.034	-24.54	6	167	15	0.109	17	-0.033
smart-money-breakout-signals#er0.35	1h	SOLUSD	19	14	-7.72	0.948	-0.005	-54.11	5	167	8	-0.066	11	0.040
smart-money-breakout-signals#er0.45	1h	SOLUSD	12	9	-15.02	0.828	-0.039	-37.04	4	167	4	-0.035	8	-0.041
smart-money-breakout-signals#chop62	1h	SOLUSD	42	30	-59.31	0.826	-0.043	-135.66	4	167	24	-0.055	18	-0.027
smart-money-breakout-signals	1h	SOLUSD	42	30	-59.31	0.826	-0.043	-135.66	4	167	24	-0.055	18	-0.027
session-killzones-breakouts#er0.25	1h	ZECUSD	178	122	1171.72	1.348	0.163	291.39	4	167	77	0.354	101	0.018
session-killzones-breakouts#er0.35	1h	ZECUSD	125	83	546.35	1.308	0.134	44.48	4	167	54	0.231	71	0.060
session-killzones-breakouts#er0.45	1h	ZECUSD	73	47	166.12	1.171	0.086	-49.58	4	167	31	0.386	42	-0.135
session-killzones-breakouts#chop62	1h	ZECUSD	334	217	844.43	1.134	0.075	-155.90	5	167	162	0.148	172	0.006
session-killzones-breakouts	1h	ZECUSD	348	223	537.13	1.090	0.055	-292.52	5	167	171	0.113	177	-0.001
smart-money-breakout-signals#er0.25	15m	ZECUSD	54	28	-258.36	0.584	-0.176	-412.02	3	83	18	-0.281	36	-0.123
smart-money-breakout-signals#er0.35	15m	ZECUSD	35	19	-93.08	0.782	-0.079	-253.25	5	83	9	-0.019	26	-0.100
smart-money-breakout-signals#er0.45	15m	ZECUSD	18	8	-147.94	0.438	-0.297	-230.28	2	83	4	-0.468	14	-0.248
smart-money-breakout-signals#chop62	15m	ZECUSD	67	34	-329.25	0.557	-0.190	-511.38	2	83	21	-0.372	46	-0.107
smart-money-breakout-signals	15m	ZECUSD	67	34	-329.25	0.557	-0.190	-511.38	2	83	21	-0.372	46	-0.107
smart-money-breakout-signals#er0.25	1h	UNIUSD	31	19	218.23	1.502	0.236	97.91	4	167	12	0.690	19	-0.051
smart-money-breakout-signals#er0.35	1h	UNIUSD	18	12	98.19	1.522	0.188	44.27	2	167	4	0.504	14	0.098
smart-money-breakout-signals#er0.45	1h	UNIUSD	11	8	131.08	2.385	0.391	91.87	5	167	3	1.006	8	0.161
smart-money-breakout-signals#chop62	1h	UNIUSD	44	26	182.82	1.300	0.149	-2.16	6	167	21	0.301	23	0.010
smart-money-breakout-signals	1h	UNIUSD	44	26	182.82	1.300	0.149	-2.16	6	167	21	0.301	23	0.010
smart-swing-vwap-zeiierman#er0.25	1h	AKEUSD	7	6	122.68	4.859	0.709	116.41	4	70	3	0.468	4	0.889
smart-swing-vwap-zeiierman#er0.35	1h	AKEUSD	2	1	-13.04	0.487	-0.126	-14.54	0	70	0	0.000	2	-0.126
smart-swing-vwap-zeiierman#er0.45	1h	AKEUSD	1	1	12.40	99.000	0.734	11.94	1	70	0	0.000	1	0.734
smart-swing-vwap-zeiierman#chop62	1h	AKEUSD	25	18	109.16	1.532	0.195	98.60	6	70	9	0.406	16	0.077
smart-swing-vwap-zeiierman	1h	AKEUSD	25	18	109.16	1.532	0.195	98.60	6	70	9	0.406	16	0.077
smart-money-breakout-signals#er0.25	1h	ZECUSD	37	22	-28.52	0.938	-0.019	-123.80	4	167	16	0.196	21	-0.182
smart-money-breakout-signals#er0.35	1h	ZECUSD	32	18	-56.54	0.866	-0.050	-143.67	4	167	14	0.139	18	-0.196
smart-money-breakout-signals#er0.45	1h	ZECUSD	21	10	-99.69	0.683	-0.164	-142.44	3	167	8	0.139	13	-0.351
smart-money-breakout-signals#chop62	1h	ZECUSD	40	24	-33.67	0.931	-0.020	-105.15	4	167	19	0.159	21	-0.182
smart-money-breakout-signals	1h	ZECUSD	40	24	-33.67	0.931	-0.020	-105.15	4	167	19	0.159	21	-0.182
smart-swing-vwap-zeiierman#er0.25	15m	AKEUSD	29	19	107.22	1.355	0.124	-1.72	5	70	13	0.286	16	-0.008
smart-swing-vwap-zeiierman#er0.35	15m	AKEUSD	20	14	115.45	1.654	0.201	57.94	6	70	8	0.350	12	0.101
smart-swing-vwap-zeiierman#er0.45	15m	AKEUSD	14	8	-21.98	0.869	-0.032	-15.32	5	70	6	0.329	8	-0.302
smart-swing-vwap-zeiierman#chop62	15m	AKEUSD	114	74	201.39	1.134	0.064	-69.55	5	70	56	0.242	58	-0.108
smart-swing-vwap-zeiierman	15m	AKEUSD	122	79	300.33	1.174	0.081	-8.57	5	70	62	0.248	60	-0.093
smart-swing-vwap-zeiierman#er0.25	1h	BNBUSD	8	3	-71.67	0.491	-0.300	-127.95	1	167	3	-0.971	5	0.103
smart-swing-vwap-zeiierman#er0.35	1h	BNBUSD	3	2	43.39	2.600	0.497	14.85	2	167	1	-0.914	2	1.203
smart-swing-vwap-zeiierman#er0.45	1h	BNBUSD	1	1	41.77	99.000	1.409	28.43	1	167	0	0.000	1	1.409
smart-swing-vwap-zeiierman#chop62	1h	BNBUSD	42	24	-136.32	0.740	-0.106	-307.87	2	167	25	-0.009	17	-0.247
smart-swing-vwap-zeiierman	1h	BNBUSD	43	24	-162.14	0.705	-0.126	-329.10	1	167	25	-0.009	18	-0.289
session-killzones-breakouts#er0.25	15m	ETHUSD	22	14	171.85	1.631	0.275	60.65	2	83	5	1.747	17	-0.158
session-killzones-breakouts#er0.35	15m	ETHUSD	16	11	249.36	2.480	0.509	151.76	3	83	4	2.146	12	-0.036
session-killzones-breakouts#er0.45	15m	ETHUSD	9	6	227.47	3.147	0.831	168.50	2	83	2	4.674	7	-0.267
session-killzones-breakouts#chop62	15m	ETHUSD	30	18	83.02	1.212	0.115	-39.43	1	83	7	1.135	23	-0.195
session-killzones-breakouts	15m	ETHUSD	30	18	83.02	1.212	0.115	-39.43	1	83	7	1.135	23	-0.195
structure-anchored-vwap#er0.25	15m	AKEUSD	29	17	-43.08	0.875	-0.032	-71.69	4	70	15	0.005	14	-0.072
structure-anchored-vwap#er0.35	15m	AKEUSD	13	10	42.27	1.491	0.146	35.96	5	70	3	0.413	10	0.065
structure-anchored-vwap#er0.45	15m	AKEUSD	5	3	4.74	1.089	0.062	3.36	2	70	2	0.352	3	-0.132
structure-anchored-vwap#chop62	15m	AKEUSD	115	78	91.00	1.084	0.043	-43.21	5	70	61	0.016	54	0.073
structure-anchored-vwap	15m	AKEUSD	117	79	104.16	1.097	0.036	-68.47	5	70	62	-0.001	55	0.078
smart-swing-vwap-zeiierman#er0.25	1h	BTCUSD	20	16	39.21	1.345	0.071	-94.30	2	167	12	-0.018	8	0.204
smart-swing-vwap-zeiierman#er0.35	1h	BTCUSD	11	7	-68.33	0.374	-0.211	-124.19	1	167	7	-0.261	4	-0.125
smart-swing-vwap-zeiierman#er0.45	1h	BTCUSD	7	5	-24.85	0.542	-0.116	-76.85	3	167	5	-0.232	2	0.172
smart-swing-vwap-zeiierman#chop62	1h	BTCUSD	48	27	-295.50	0.416	-0.237	-448.35	1	167	29	-0.264	19	-0.195
smart-swing-vwap-zeiierman	1h	BTCUSD	55	32	-317.47	0.419	-0.225	-490.20	1	167	33	-0.273	22	-0.153
smart-swing-vwap-zeiierman#er0.25	15m	BNBUSD	1	1	10.34	99.000	0.346	3.88	1	83	0	0.000	1	0.346
smart-swing-vwap-zeiierman#er0.35	15m	BNBUSD	1	1	10.34	99.000	0.346	3.88	1	83	0	0.000	1	0.346
smart-swing-vwap-zeiierman#er0.45	15m	BNBUSD	1	1	10.34	99.000	0.346	3.88	1	83	0	0.000	1	0.346
smart-swing-vwap-zeiierman#chop62	15m	BNBUSD	5	5	50.53	99.000	0.333	-6.08	2	83	0	0.000	5	0.333
smart-swing-vwap-zeiierman	15m	BNBUSD	5	5	50.53	99.000	0.333	-6.08	2	83	0	0.000	5	0.333
smart-swing-vwap-zeiierman#er0.25	1h	ETHUSD	18	12	-12.97	0.928	-0.016	-103.42	1	167	12	-0.000	6	-0.047
smart-swing-vwap-zeiierman#er0.35	1h	ETHUSD	8	2	-133.87	0.185	-0.589	-147.64	0	167	5	-0.704	3	-0.398
smart-swing-vwap-zeiierman#er0.45	1h	ETHUSD	5	0	-138.50	0.000	-0.982	-138.94	0	167	3	-1.000	2	-0.956
smart-swing-vwap-zeiierman#chop62	1h	ETHUSD	69	46	-29.83	0.953	-0.005	-315.30	4	167	36	-0.148	33	0.151
smart-swing-vwap-zeiierman	1h	ETHUSD	77	52	-21.65	0.968	-0.000	-350.90	4	167	42	-0.109	35	0.131
structure-anchored-vwap#er0.25	15m	BNBUSD	4	3	47.09	2.580	0.415	24.84	2	83	0	0.000	4	0.415
structure-anchored-vwap#er0.35	15m	BNBUSD	2	2	77.23	99.000	1.286	56.08	2	83	0	0.000	2	1.286
structure-anchored-vwap#er0.45	15m	BNBUSD	2	2	77.23	99.000	1.286	56.08	2	83	0	0.000	2	1.286
structure-anchored-vwap#chop62	15m	BNBUSD	15	11	10.44	1.093	0.032	-37.20	3	83	1	-1.000	14	0.105
structure-anchored-vwap	15m	BNBUSD	15	11	10.44	1.093	0.032	-37.20	3	83	1	-1.000	14	0.105
smart-swing-vwap-zeiierman#er0.25	1h	EVAAUSD	33	21	311.18	1.711	0.296	222.58	5	167	20	0.545	13	-0.085
smart-swing-vwap-zeiierman#er0.35	1h	EVAAUSD	18	10	196.28	1.697	0.365	147.64	4	167	13	0.770	5	-0.690
smart-swing-vwap-zeiierman#er0.45	1h	EVAAUSD	12	7	192.32	2.059	0.529	153.27	4	167	7	1.400	5	-0.690
smart-swing-vwap-zeiierman#chop62	1h	EVAAUSD	67	41	316.84	1.302	0.158	184.01	4	167	36	0.420	31	-0.146
smart-swing-vwap-zeiierman	1h	EVAAUSD	74	47	428.61	1.372	0.181	258.85	4	167	39	0.424	35	-0.090
smart-swing-vwap-zeiierman#er0.25	15m	BTCUSD	2	2	16.29	99.000	0.273	2.97	1	83	0	0.000	2	0.273
smart-swing-vwap-zeiierman#er0.35	15m	BTCUSD	0	0	0.00	0.000	0.000	0.00	0	83	0	0.000	0	0.000
smart-swing-vwap-zeiierman#er0.45	15m	BTCUSD	0	0	0.00	0.000	0.000	0.00	0	83	0	0.000	0	0.000
smart-swing-vwap-zeiierman#chop62	15m	BTCUSD	6	3	-65.03	0.242	-0.370	-81.37	0	83	0	0.000	6	-0.370
smart-swing-vwap-zeiierman	15m	BTCUSD	7	4	-59.24	0.313	-0.286	-81.78	0	83	0	0.000	7	-0.286
session-killzones-breakouts#er0.25	15m	EVAAUSD	103	65	336.85	1.244	0.111	-65.30	4	83	56	0.185	47	0.022
session-killzones-breakouts#er0.35	15m	EVAAUSD	64	40	406.09	1.496	0.200	126.50	5	83	38	0.223	26	0.167
session-killzones-breakouts#er0.45	15m	EVAAUSD	33	19	74.16	1.192	0.091	-67.48	4	83	18	-0.130	15	0.356
session-killzones-breakouts#chop62	15m	EVAAUSD	141	85	138.52	1.081	0.046	-355.27	4	83	83	0.066	58	0.017
session-killzones-breakouts	15m	EVAAUSD	143	87	185.67	1.105	0.055	-334.74	4	83	84	0.078	59	0.023
smart-swing-vwap-zeiierman#er0.25	1h	FILUSD	40	18	-146.71	0.730	-0.114	-233.66	2	167	15	-0.402	25	0.058
smart-swing-vwap-zeiierman#er0.35	1h	FILUSD	26	11	-192.10	0.502	-0.260	-233.28	2	167	8	-0.739	18	-0.047
smart-swing-vwap-zeiierman#er0.45	1h	FILUSD	17	7	-133.35	0.506	-0.267	-160.64	1	167	7	-0.702	10	0.038
smart-swing-vwap-zeiierman#chop62	1h	FILUSD	91	50	-92.14	0.909	-0.021	-319.49	4	167	49	-0.092	42	0.062
smart-swing-vwap-zeiierman	1h	FILUSD	94	53	-61.19	0.940	-0.008	-325.02	4	167	50	-0.085	44	0.079
structure-anchored-vwap#er0.25	15m	BTCUSD	6	6	48.60	99.000	0.267	-8.95	5	83	3	0.313	3	0.221
structure-anchored-vwap#er0.35	15m	BTCUSD	1	1	6.90	99.000	0.232	0.89	1	83	1	0.232	0	0.000
structure-anchored-vwap#er0.45	15m	BTCUSD	1	1	6.90	99.000	0.232	0.89	1	83	1	0.232	0	0.000
structure-anchored-vwap#chop62	15m	BTCUSD	23	17	-41.17	0.754	-0.056	-118.97	3	83	7	-0.254	16	0.030
structure-anchored-vwap	15m	BTCUSD	24	17	-66.96	0.648	-0.092	-143.19	3	83	8	-0.335	16	0.030
smart-swing-vwap-zeiierman#er0.25	15m	ETHUSD	4	4	28.72	99.000	0.237	37.10	3	83	2	0.115	2	0.360
smart-swing-vwap-zeiierman#er0.35	15m	ETHUSD	2	2	16.58	99.000	0.276	23.23	2	83	1	0.140	1	0.413
smart-swing-vwap-zeiierman#er0.45	15m	ETHUSD	2	2	16.58	99.000	0.276	23.23	2	83	1	0.140	1	0.413
smart-swing-vwap-zeiierman#chop62	15m	ETHUSD	18	11	-72.18	0.619	-0.132	-142.47	3	83	8	-0.157	10	-0.112
smart-swing-vwap-zeiierman	15m	ETHUSD	21	13	-81.65	0.622	-0.129	-153.63	3	83	8	-0.157	13	-0.111
smart-swing-vwap-zeiierman#er0.25	1h	LINKUSD	23	15	219.15	1.742	0.320	-56.12	5	167	10	0.787	13	-0.040
smart-swing-vwap-zeiierman#er0.35	1h	LINKUSD	15	12	375.46	4.173	0.753	76.41	7	167	8	1.225	7	0.213
smart-swing-vwap-zeiierman#er0.45	1h	LINKUSD	6	5	162.49	5.860	0.889	8.02	3	167	1	4.509	5	0.165
smart-swing-vwap-zeiierman#chop62	1h	LINKUSD	68	41	-96.64	0.893	-0.034	-412.16	3	167	30	0.243	38	-0.253
smart-swing-vwap-zeiierman	1h	LINKUSD	75	46	-105.22	0.893	-0.034	-430.22	3	167	32	0.256	43	-0.251
session-killzones-breakouts#er0.25	15m	FILUSD	47	26	-66.79	0.892	-0.032	-342.42	3	83	6	0.182	41	-0.063
session-killzones-breakouts#er0.35	15m	FILUSD	30	15	-120.56	0.706	-0.124	-304.67	3	83	6	0.182	24	-0.201
session-killzones-breakouts#er0.45	15m	FILUSD	17	7	-83.70	0.699	-0.145	-164.89	2	83	5	0.418	12	-0.380
session-killzones-breakouts#chop62	15m	FILUSD	65	40	-28.82	0.961	-0.001	-382.95	3	83	6	0.182	59	-0.019
session-killzones-breakouts	15m	FILUSD	66	40	-57.95	0.924	-0.016	-401.44	3	83	6	0.182	60	-0.036
structure-anchored-vwap#er0.25	15m	ETHUSD	17	12	-53.50	0.634	-0.102	-102.51	2	83	5	-0.442	12	0.040
structure-anchored-vwap#er0.35	15m	ETHUSD	9	7	-10.73	0.820	-0.035	-47.80	4	83	4	-0.303	5	0.179
structure-anchored-vwap#er0.45	15m	ETHUSD	4	4	32.48	99.000	0.269	-17.12	4	83	1	0.466	3	0.203
structure-anchored-vwap#chop62	15m	ETHUSD	42	31	-73.33	0.764	-0.055	-175.77	3	83	15	-0.242	27	0.048
structure-anchored-vwap	15m	ETHUSD	43	32	-68.65	0.780	-0.050	-170.17	3	83	15	-0.242	28	0.052
smart-swing-vwap-zeiierman#er0.25	1h	PIEVERSEUSD	34	22	248.29	1.632	0.240	82.99	6	161	22	0.104	12	0.489
smart-swing-vwap-zeiierman#er0.35	1h	PIEVERSEUSD	23	14	165.78	1.602	0.251	58.85	6	161	17	0.063	6	0.783
smart-swing-vwap-zeiierman#er0.45	1h	PIEVERSEUSD	18	12	233.62	2.178	0.422	126.57	7	161	13	0.266	5	0.828
smart-swing-vwap-zeiierman#chop62	1h	PIEVERSEUSD	58	35	194.49	1.267	0.121	-11.26	5	161	28	0.010	30	0.225
smart-swing-vwap-zeiierman	1h	PIEVERSEUSD	63	37	131.61	1.165	0.084	-67.54	4	161	31	-0.036	32	0.200
smart-swing-vwap-zeiierman#er0.25	15m	EVAAUSD	27	15	-40.79	0.878	-0.035	-130.13	3	83	13	-0.149	14	0.071
smart-swing-vwap-zeiierman#er0.35	15m	EVAAUSD	18	10	-4.41	0.981	0.012	-76.67	3	83	8	-0.009	10	0.029
smart-swing-vwap-zeiierman#er0.45	15m	EVAAUSD	8	5	61.01	1.707	0.279	39.84	2	83	3	-0.562	5	0.784
smart-swing-vwap-zeiierman#chop62	15m	EVAAUSD	102	61	-138.05	0.876	-0.036	-412.91	3	83	73	-0.027	29	-0.060
smart-swing-vwap-zeiierman	15m	EVAAUSD	106	63	-167.52	0.852	-0.045	-452.84	3	83	76	-0.051	30	-0.032
smart-swing-vwap-zeiierman#er0.25	1h	SAGAUSD	25	14	124.16	1.373	0.179	65.36	5	167	10	0.085	15	0.241
smart-swing-vwap-zeiierman#er0.35	1h	SAGAUSD	14	8	59.21	1.323	0.154	36.66	3	167	5	0.635	9	-0.113
smart-swing-vwap-zeiierman#er0.45	1h	SAGAUSD	11	5	-55.14	0.676	-0.157	-64.63	2	167	3	0.086	8	-0.248
smart-swing-vwap-zeiierman#chop62	1h	SAGAUSD	62	35	173.00	1.195	0.106	-27.69	4	167	22	-0.093	40	0.216
smart-swing-vwap-zeiierman	1h	SAGAUSD	67	37	118.29	1.124	0.075	-85.08	4	167	23	-0.131	44	0.183
structure-anchored-vwap#er0.25	15m	EVAAUSD	34	23	39.70	1.119	0.048	-82.94	4	83	21	0.020	13	0.092
structure-anchored-vwap#er0.35	15m	EVAAUSD	22	14	-57.41	0.756	-0.082	-92.81	3	83	12	-0.125	10	-0.030
structure-anchored-vwap#er0.45	15m	EVAAUSD	9	5	-52.43	0.552	-0.191	-40.82	1	83	6	-0.186	3	-0.201
structure-anchored-vwap#chop62	15m	EVAAUSD	104	67	376.46	1.302	0.117	-166.17	4	83	71	0.100	33	0.153
structure-anchored-vwap	15m	EVAAUSD	105	68	388.81	1.309	0.119	-159.26	4	83	72	0.103	33	0.153
smart-swing-vwap-zeiierman#er0.25	1h	SOLUSD	27	16	-104.74	0.671	-0.128	-132.06	4	167	14	0.056	13	-0.326
smart-swing-vwap-zeiierman#er0.35	1h	SOLUSD	14	10	-3.63	0.970	-0.004	-24.70	3	167	5	0.301	9	-0.173
smart-swing-vwap-zeiierman#er0.45	1h	SOLUSD	3	1	-50.61	0.106	-0.581	-53.95	1	167	1	-1.000	2	-0.372
smart-swing-vwap-zeiierman#chop62	1h	SOLUSD	82	47	-377.03	0.549	-0.187	-464.97	1	167	40	-0.118	42	-0.253
smart-swing-vwap-zeiierman	1h	SOLUSD	89	49	-449.87	0.502	-0.219	-528.88	1	167	43	-0.143	46	-0.291
smart-swing-vwap-zeiierman#er0.25	15m	FILUSD	21	13	14.48	1.063	0.043	-61.88	2	83	4	0.424	17	-0.047
smart-swing-vwap-zeiierman#er0.35	15m	FILUSD	13	8	63.62	1.454	0.186	-19.23	3	83	4	0.424	9	0.081
smart-swing-vwap-zeiierman#er0.45	15m	FILUSD	11	7	88.79	1.790	0.290	38.00	3	83	4	0.424	7	0.213
smart-swing-vwap-zeiierman#chop62	15m	FILUSD	48	28	-47.03	0.920	-0.018	-189.73	2	83	5	0.644	43	-0.095
smart-swing-vwap-zeiierman	15m	FILUSD	52	29	-117.81	0.819	-0.065	-252.27	2	83	5	0.644	47	-0.141
session-killzones-breakouts#er0.25	15m	LINKUSD	51	25	-187.72	0.735	-0.117	-253.28	2	83	6	0.426	45	-0.189
session-killzones-breakouts#er0.35	15m	LINKUSD	27	12	-198.77	0.504	-0.262	-247.82	0	83	3	-0.530	24	-0.228
session-killzones-breakouts#er0.45	15m	LINKUSD	16	8	-70.62	0.684	-0.140	-112.87	2	83	3	-0.530	13	-0.050
session-killzones-breakouts#chop62	15m	LINKUSD	67	34	-276.12	0.673	-0.144	-375.07	2	83	8	0.205	59	-0.192
session-killzones-breakouts	15m	LINKUSD	67	34	-276.12	0.673	-0.144	-375.07	2	83	8	0.205	59	-0.192
smart-swing-vwap-zeiierman#er0.25	1h	UNIUSD	25	17	179.00	1.726	0.241	85.69	5	167	12	0.242	13	0.240
smart-swing-vwap-zeiierman#er0.35	1h	UNIUSD	8	7	204.57	6.494	0.804	164.97	3	167	2	2.346	6	0.290
smart-swing-vwap-zeiierman#er0.45	1h	UNIUSD	7	6	101.09	3.972	0.470	77.31	3	167	1	1.554	6	0.290
smart-swing-vwap-zeiierman#chop62	1h	UNIUSD	93	66	300.92	1.307	0.106	-131.52	5	167	49	0.178	44	0.025
smart-swing-vwap-zeiierman	1h	UNIUSD	104	75	404.92	1.365	0.120	-93.18	5	167	50	0.183	54	0.061
structure-anchored-vwap#er0.25	15m	FILUSD	20	15	50.45	1.376	0.090	32.25	3	83	6	-0.504	14	0.345
structure-anchored-vwap#er0.35	15m	FILUSD	14	10	-30.36	0.721	-0.069	-18.66	4	83	5	-0.713	9	0.290
structure-anchored-vwap#er0.45	15m	FILUSD	7	5	-9.16	0.833	-0.039	-21.23	3	83	3	-0.548	4	0.343
structure-anchored-vwap#chop62	15m	FILUSD	40	27	48.02	1.128	0.049	-21.57	2	83	8	-0.378	32	0.156
structure-anchored-vwap	15m	FILUSD	42	28	25.29	1.063	0.030	-43.97	2	83	8	-0.378	34	0.126
smart-swing-vwap-zeiierman#er0.25	15m	LINKUSD	22	11	-189.05	0.366	-0.309	-283.55	2	83	3	-0.144	19	-0.335
smart-swing-vwap-zeiierman#er0.35	15m	LINKUSD	7	1	-153.65	0.068	-0.783	-158.95	0	83	1	-0.908	6	-0.763
smart-swing-vwap-zeiierman#er0.45	15m	LINKUSD	4	1	-72.89	0.133	-0.621	-78.61	0	83	1	-0.908	3	-0.525
smart-swing-vwap-zeiierman#chop62	15m	LINKUSD	57	35	-210.05	0.658	-0.126	-423.56	4	83	6	0.346	51	-0.182
smart-swing-vwap-zeiierman	15m	LINKUSD	60	37	-218.70	0.656	-0.126	-454.28	4	83	6	0.346	54	-0.178
smart-swing-vwap-zeiierman#er0.25	1h	ZECUSD	27	19	42.51	1.172	0.061	-40.77	3	167	13	0.278	14	-0.140
smart-swing-vwap-zeiierman#er0.35	1h	ZECUSD	13	9	-31.46	0.726	-0.086	-48.84	4	167	5	0.016	8	-0.149
smart-swing-vwap-zeiierman#er0.45	1h	ZECUSD	7	4	-46.45	0.449	-0.236	-61.51	3	167	1	0.273	6	-0.320
smart-swing-vwap-zeiierman#chop62	1h	ZECUSD	84	58	-8.55	0.989	0.005	-233.53	3	167	35	0.073	49	-0.043
smart-swing-vwap-zeiierman	1h	ZECUSD	87	61	33.77	1.043	0.022	-214.18	3	167	36	0.095	51	-0.029
structure-anchored-vwap#er0.25	15m	LINKUSD	11	6	-86.63	0.377	-0.268	-101.31	1	83	5	-0.229	6	-0.301
structure-anchored-vwap#er0.35	15m	LINKUSD	7	4	-42.45	0.512	-0.199	-59.39	1	83	3	-0.142	4	-0.242
structure-anchored-vwap#er0.45	15m	LINKUSD	4	2	-37.00	0.370	-0.306	-43.98	1	83	2	-0.329	2	-0.283
structure-anchored-vwap#chop62	15m	LINKUSD	60	34	-336.65	0.492	-0.221	-469.20	1	83	17	-0.084	43	-0.275
structure-anchored-vwap	15m	LINKUSD	61	35	-289.93	0.588	-0.179	-438.64	2	83	18	0.051	43	-0.275
smart-swing-vwap-zeiierman#er0.25	15m	PIEVERSEUSD	34	18	63.45	1.122	0.084	-92.27	2	83	13	0.330	21	-0.068
smart-swing-vwap-zeiierman#er0.35	15m	PIEVERSEUSD	24	11	-5.61	0.986	0.020	-89.44	1	83	10	0.469	14	-0.301
smart-swing-vwap-zeiierman#er0.45	15m	PIEVERSEUSD	19	8	1.36	1.004	0.035	-66.54	1	83	10	0.469	9	-0.447
smart-swing-vwap-zeiierman#chop62	15m	PIEVERSEUSD	59	30	-141.47	0.844	-0.069	-311.75	2	83	16	0.246	43	-0.186
smart-swing-vwap-zeiierman	15m	PIEVERSEUSD	59	30	-141.47	0.844	-0.069	-311.75	2	83	16	0.246	43	-0.186
structure-anchored-vwap#er0.25	1h	AKEUSD	5	2	-68.53	0.153	-0.479	-70.96	1	70	1	-1.000	4	-0.348
structure-anchored-vwap#er0.35	1h	AKEUSD	2	1	-16.53	0.326	-0.345	-17.57	1	70	0	0.000	2	-0.345
structure-anchored-vwap#er0.45	1h	AKEUSD	0	0	0.00	0.000	0.000	0.00	0	70	0	0.000	0	0.000
structure-anchored-vwap#chop62	1h	AKEUSD	16	12	90.64	1.791	0.194	67.07	4	70	5	0.292	11	0.149
structure-anchored-vwap	1h	AKEUSD	16	12	90.64	1.791	0.194	67.07	4	70	5	0.292	11	0.149
session-killzones-breakouts#er0.25	15m	PIEVERSEUSD	57	28	-119.17	0.860	-0.053	-327.43	3	83	23	0.120	34	-0.170
session-killzones-breakouts#er0.35	15m	PIEVERSEUSD	36	18	77.61	1.133	0.097	-99.26	3	83	15	0.255	21	-0.015
session-killzones-breakouts#er0.45	15m	PIEVERSEUSD	25	13	174.07	1.431	0.250	4.75	3	83	11	0.347	14	0.173
session-killzones-breakouts#chop62	15m	PIEVERSEUSD	81	40	-216.79	0.813	-0.082	-440.40	2	83	27	0.171	54	-0.209
session-killzones-breakouts	15m	PIEVERSEUSD	81	40	-216.79	0.813	-0.082	-440.40	2	83	27	0.171	54	-0.209
structure-anchored-vwap#er0.25	1h	BNBUSD	15	12	1.00	1.012	0.005	6.66	4	167	6	-0.204	9	0.144
structure-anchored-vwap#er0.35	1h	BNBUSD	8	7	35.40	2.170	0.151	18.69	4	167	2	0.234	6	0.123
structure-anchored-vwap#er0.45	1h	BNBUSD	3	3	26.81	99.000	0.301	12.92	3	167	1	0.232	2	0.335
structure-anchored-vwap#chop62	1h	BNBUSD	53	33	-279.04	0.432	-0.200	-343.62	0	167	21	-0.302	32	-0.134
structure-anchored-vwap	1h	BNBUSD	53	33	-279.04	0.432	-0.200	-343.62	0	167	21	-0.302	32	-0.134
smart-swing-vwap-zeiierman#er0.25	15m	SAGAUSD	26	10	-291.00	0.242	-0.431	-315.41	1	83	11	-0.700	15	-0.233
smart-swing-vwap-zeiierman#er0.35	15m	SAGAUSD	13	5	-161.13	0.245	-0.441	-182.18	1	83	6	-0.500	7	-0.390
smart-swing-vwap-zeiierman#er0.45	15m	SAGAUSD	7	2	-116.38	0.164	-0.578	-121.08	0	83	3	-0.465	4	-0.663
smart-swing-vwap-zeiierman#chop62	15m	SAGAUSD	57	30	-204.10	0.713	-0.119	-342.63	2	83	20	-0.159	37	-0.097
smart-swing-vwap-zeiierman	15m	SAGAUSD	57	30	-204.10	0.713	-0.119	-342.63	2	83	20	-0.159	37	-0.097
structure-anchored-vwap#er0.25	15m	PIEVERSEUSD	34	18	33.63	1.071	0.053	-104.54	4	83	13	0.211	21	-0.045
structure-anchored-vwap#er0.35	15m	PIEVERSEUSD	23	12	82.97	1.252	0.140	-36.36	4	83	8	0.260	15	0.077
structure-anchored-vwap#er0.45	15m	PIEVERSEUSD	11	3	-77.95	0.659	-0.218	-95.12	3	83	3	0.206	8	-0.377
structure-anchored-vwap#chop62	15m	PIEVERSEUSD	85	49	164.80	1.128	0.077	-162.82	5	83	34	0.301	51	-0.072
structure-anchored-vwap	15m	PIEVERSEUSD	88	52	197.03	1.152	0.086	-140.76	5	83	34	0.301	54	-0.050
structure-anchored-vwap#er0.25	1h	BTCUSD	21	18	45.45	1.507	0.075	-39.64	4	167	14	0.060	7	0.106
structure-anchored-vwap#er0.35	1h	BTCUSD	9	8	29.06	1.942	0.112	28.95	5	167	3	0.242	6	0.047
structure-anchored-vwap#er0.45	1h	BTCUSD	1	1	6.28	99.000	0.212	2.19	1	167	0	0.000	1	0.212
structure-anchored-vwap#chop62	1h	BTCUSD	51	38	-43.42	0.889	-0.023	-232.42	3	167	32	0.012	19	-0.082
structure-anchored-vwap	1h	BTCUSD	51	38	-43.42	0.889	-0.023	-232.42	3	167	32	0.012	19	-0.082
smart-swing-vwap-zeiierman#er0.25	15m	SOLUSD	14	12	28.43	1.474	0.073	-110.21	4	83	1	0.137	13	0.068
smart-swing-vwap-zeiierman#er0.35	15m	SOLUSD	5	4	6.50	1.221	0.047	-46.03	1	83	0	0.000	5	0.047
smart-swing-vwap-zeiierman#er0.45	15m	SOLUSD	1	1	8.03	99.000	0.272	1.79	1	83	0	0.000	1	0.272
smart-swing-vwap-zeiierman#chop62	15m	SOLUSD	37	28	-34.02	0.867	-0.028	-214.62	2	83	4	0.445	33	-0.086
smart-swing-vwap-zeiierman	15m	SOLUSD	40	29	-69.97	0.769	-0.058	-251.17	2	83	5	0.173	35	-0.091
structure-anchored-vwap#er0.25	15m	SAGAUSD	24	14	114.39	1.353	0.173	34.06	4	83	7	0.570	17	0.009
structure-anchored-vwap#er0.35	15m	SAGAUSD	9	7	267.44	5.060	0.920	200.07	5	83	3	1.610	6	0.576
structure-anchored-vwap#er0.45	15m	SAGAUSD	4	3	67.49	3.374	0.563	53.76	2	83	0	0.000	4	0.563
structure-anchored-vwap#chop62	15m	SAGAUSD	73	47	187.58	1.216	0.093	-116.47	5	83	22	0.276	51	0.013
structure-anchored-vwap	15m	SAGAUSD	78	49	111.04	1.118	0.059	-163.46	5	83	23	0.222	55	-0.009
structure-anchored-vwap#er0.25	1h	ETHUSD	20	10	-199.48	0.251	-0.364	-235.97	1	167	11	-0.402	9	-0.319
structure-anchored-vwap#er0.35	1h	ETHUSD	11	5	-119.87	0.287	-0.379	-134.29	3	167	4	-0.241	7	-0.458
structure-anchored-vwap#er0.45	1h	ETHUSD	5	3	-26.23	0.558	-0.171	-35.40	3	167	2	-0.220	3	-0.139
structure-anchored-vwap#chop62	1h	ETHUSD	55	33	-318.53	0.398	-0.227	-470.82	1	167	27	-0.334	28	-0.123
structure-anchored-vwap	1h	ETHUSD	58	35	-331.04	0.395	-0.226	-489.19	1	167	27	-0.334	31	-0.131
session-killzones-breakouts#er0.25	15m	SAGAUSD	58	35	-70.18	0.886	-0.030	-246.94	3	83	21	-0.170	37	0.049
session-killzones-breakouts#er0.35	15m	SAGAUSD	39	26	68.42	1.193	0.068	-106.94	2	83	16	-0.125	23	0.202
session-killzones-breakouts#er0.45	15m	SAGAUSD	15	11	124.99	2.081	0.277	17.38	4	83	3	0.465	12	0.230
session-killzones-breakouts#chop62	15m	SAGAUSD	85	45	-293.97	0.692	-0.124	-477.57	1	83	28	-0.210	57	-0.081
session-killzones-breakouts	15m	SAGAUSD	85	45	-294.54	0.691	-0.124	-477.78	1	83	28	-0.210	57	-0.082
structure-anchored-vwap#er0.25	1h	EVAAUSD	17	10	-77.96	0.625	-0.151	-57.60	2	167	6	0.048	11	-0.259
structure-anchored-vwap#er0.35	1h	EVAAUSD	13	9	-2.42	0.980	0.001	20.12	4	167	5	0.257	8	-0.159
structure-anchored-vwap#er0.45	1h	EVAAUSD	5	3	-30.84	0.478	-0.202	-35.23	2	167	3	-0.114	2	-0.334
structure-anchored-vwap#chop62	1h	EVAAUSD	73	45	25.59	1.028	0.026	-74.04	3	167	28	0.354	45	-0.178
structure-anchored-vwap	1h	EVAAUSD	75	47	63.12	1.067	0.042	-43.90	4	167	28	0.349	47	-0.141
smart-swing-vwap-zeiierman#er0.25	15m	UNIUSD	22	15	-19.56	0.902	-0.023	-138.87	4	83	13	-0.138	9	0.143
smart-swing-vwap-zeiierman#er0.35	15m	UNIUSD	8	5	-4.82	0.943	-0.011	-94.37	3	83	6	-0.131	2	0.350
smart-swing-vwap-zeiierman#er0.45	15m	UNIUSD	3	3	44.54	99.000	0.489	-2.31	2	83	2	0.467	1	0.533
smart-swing-vwap-zeiierman#chop62	15m	UNIUSD	116	71	-300.74	0.716	-0.094	-519.23	1	83	54	-0.151	62	-0.045
smart-swing-vwap-zeiierman	15m	UNIUSD	124	76	-297.29	0.745	-0.086	-532.48	2	83	58	-0.119	66	-0.058
structure-anchored-vwap#er0.25	15m	SOLUSD	11	9	72.71	2.132	0.223	11.11	5	83	2	0.436	9	0.176
structure-anchored-vwap#er0.35	15m	SOLUSD	7	5	31.01	1.498	0.163	-7.10	3	83	0	0.000	7	0.163
structure-anchored-vwap#er0.45	15m	SOLUSD	3	3	73.79	99.000	0.827	40.73	2	83	0	0.000	3	0.827
structure-anchored-vwap#chop62	15m	SOLUSD	51	42	180.68	1.671	0.117	-95.53	4	83	15	-0.151	36	0.228
structure-anchored-vwap	15m	SOLUSD	58	47	155.60	1.456	0.090	-134.15	3	83	16	-0.133	42	0.175
structure-anchored-vwap#er0.25	1h	FILUSD	26	15	-86.81	0.726	-0.107	-145.03	4	167	10	-0.057	16	-0.139
structure-anchored-vwap#er0.35	1h	FILUSD	13	10	80.58	1.795	0.207	31.84	6	167	3	0.597	10	0.090
structure-anchored-vwap#er0.45	1h	FILUSD	7	6	65.51	2.989	0.309	42.85	5	167	2	0.571	5	0.204
structure-anchored-vwap#chop62	1h	FILUSD	80	51	97.70	1.100	0.050	-164.37	3	167	37	0.235	43	-0.109
structure-anchored-vwap	1h	FILUSD	83	53	87.94	1.087	0.045	-174.06	2	167	37	0.235	46	-0.108
smart-swing-vwap-zeiierman#er0.25	15m	ZECUSD	28	18	-37.88	0.869	-0.037	-147.22	2	83	7	0.303	21	-0.151
smart-swing-vwap-zeiierman#er0.35	15m	ZECUSD	14	9	-39.08	0.708	-0.090	-102.47	3	83	1	-1.000	13	-0.020
smart-swing-vwap-zeiierman#er0.45	15m	ZECUSD	8	5	-44.54	0.465	-0.182	-86.42	3	83	1	-1.000	7	-0.065
smart-swing-vwap-zeiierman#chop62	15m	ZECUSD	92	57	-238.59	0.734	-0.094	-479.21	3	83	25	-0.043	67	-0.112
smart-swing-vwap-zeiierman	15m	ZECUSD	94	58	-217.16	0.774	-0.081	-468.37	3	83	26	0.035	68	-0.126
structure-anchored-vwap#er0.25	15m	UNIUSD	35	24	-24.49	0.926	-0.017	-135.94	2	83	16	0.151	19	-0.158
structure-anchored-vwap#er0.35	15m	UNIUSD	15	10	-28.90	0.807	-0.059	-64.78	3	83	7	0.247	8	-0.326
structure-anchored-vwap#er0.45	15m	UNIUSD	8	5	-22.20	0.746	-0.086	-44.28	2	83	3	0.066	5	-0.178
structure-anchored-vwap#chop62	15m	UNIUSD	113	78	-4.58	0.996	0.006	-339.57	5	83	58	0.093	55	-0.085
structure-anchored-vwap	15m	UNIUSD	121	85	92.17	1.083	0.031	-296.00	4	83	58	0.110	63	-0.041
structure-anchored-vwap#er0.25	1h	LINKUSD	14	9	-48.06	0.688	-0.110	-75.88	5	167	5	0.447	9	-0.419
structure-anchored-vwap#er0.35	1h	LINKUSD	4	3	4.62	1.149	0.044	-38.77	2	167	1	0.722	3	-0.182
structure-anchored-vwap#er0.45	1h	LINKUSD	3	3	35.59	99.000	0.392	-9.06	3	167	1	0.722	2	0.227
structure-anchored-vwap#chop62	1h	LINKUSD	56	32	-300.59	0.503	-0.205	-405.51	2	167	24	-0.300	32	-0.134
structure-anchored-vwap	1h	LINKUSD	58	33	-307.98	0.502	-0.204	-413.57	2	167	25	-0.325	33	-0.112
supertrend-cluster-zeiierman#er0.25	15m	AKEUSD	79	47	-67.92	0.926	-0.024	-312.26	3	70	38	0.043	41	-0.087
supertrend-cluster-zeiierman#er0.35	15m	AKEUSD	46	26	-21.63	0.961	-0.030	-178.73	3	70	16	0.130	30	-0.115
supertrend-cluster-zeiierman#er0.45	15m	AKEUSD	25	12	-82.32	0.758	-0.149	-160.14	2	70	9	-0.126	16	-0.162
supertrend-cluster-zeiierman#chop62	15m	AKEUSD	145	85	-210.81	0.859	-0.051	-470.91	3	70	76	-0.009	69	-0.097
supertrend-cluster-zeiierman	15m	AKEUSD	146	86	-204.05	0.863	-0.049	-466.55	3	70	77	-0.005	69	-0.097
session-killzones-breakouts#er0.25	15m	SOLUSD	34	26	157.11	1.598	0.159	-117.09	4	83	3	1.403	31	0.039
session-killzones-breakouts#er0.35	15m	SOLUSD	23	17	106.92	1.557	0.168	-112.00	3	83	2	1.866	21	0.007
session-killzones-breakouts#er0.45	15m	SOLUSD	13	10	-16.25	0.810	-0.037	-108.08	2	83	1	-0.921	12	0.037
session-killzones-breakouts#chop62	15m	SOLUSD	49	35	60.68	1.131	0.053	-202.20	4	83	5	1.013	44	-0.057
session-killzones-breakouts	15m	SOLUSD	50	36	61.54	1.133	0.052	-226.03	4	83	5	1.013	45	-0.055
structure-anchored-vwap#er0.25	1h	PIEVERSEUSD	18	8	-65.85	0.777	-0.106	-109.80	1	161	7	0.192	11	-0.296
structure-anchored-vwap#er0.35	1h	PIEVERSEUSD	9	3	-44.06	0.749	-0.139	-71.83	2	161	4	0.114	5	-0.341
structure-anchored-vwap#er0.45	1h	PIEVERSEUSD	6	2	-77.04	0.315	-0.434	-84.23	1	161	2	-0.949	4	-0.176
structure-anchored-vwap#chop62	1h	PIEVERSEUSD	68	42	635.81	1.629	0.265	320.17	4	161	27	0.213	41	0.299
structure-anchored-vwap	1h	PIEVERSEUSD	69	42	586.07	1.576	0.246	320.17	4	161	28	0.170	41	0.299
structure-anchored-vwap#er0.25	15m	ZECUSD	26	20	88.27	1.472	0.118	31.79	7	83	9	0.120	17	0.117
structure-anchored-vwap#er0.35	15m	ZECUSD	15	12	74.81	1.828	0.169	3.01	5	83	4	-0.049	11	0.248
structure-anchored-vwap#er0.45	15m	ZECUSD	7	6	53.32	2.742	0.255	10.38	4	83	1	0.422	6	0.227
structure-anchored-vwap#chop62	15m	ZECUSD	90	67	414.65	1.465	0.140	45.91	4	83	35	0.330	55	0.019
structure-anchored-vwap	15m	ZECUSD	92	69	442.76	1.493	0.143	50.45	4	83	36	0.330	56	0.023
supertrend-cluster-zeiierman#er0.25	15m	BNBUSD	0	0	0.00	0.000	0.000	0.00	0	83	0	0.000	0	0.000
supertrend-cluster-zeiierman#er0.35	15m	BNBUSD	0	0	0.00	0.000	0.000	0.00	0	83	0	0.000	0	0.000
supertrend-cluster-zeiierman#er0.45	15m	BNBUSD	0	0	0.00	0.000	0.000	0.00	0	83	0	0.000	0	0.000
supertrend-cluster-zeiierman#chop62	15m	BNBUSD	1	0	-29.65	0.000	-1.000	-29.51	0	83	0	0.000	1	-1.000
supertrend-cluster-zeiierman	15m	BNBUSD	1	0	-29.65	0.000	-1.000	-29.51	0	83	0	0.000	1	-1.000
supertrend-cluster-zeiierman#er0.25	1h	AKEUSD	14	10	64.74	1.646	0.122	9.56	4	70	4	0.234	10	0.077
supertrend-cluster-zeiierman#er0.35	1h	AKEUSD	11	9	94.95	3.045	0.259	46.02	4	70	3	0.645	8	0.114
supertrend-cluster-zeiierman#er0.45	1h	AKEUSD	6	5	51.18	3.388	0.256	7.11	3	70	1	0.762	5	0.154
supertrend-cluster-zeiierman#chop62	1h	AKEUSD	29	20	89.02	1.359	0.131	32.06	3	70	12	-0.044	17	0.254
supertrend-cluster-zeiierman	1h	AKEUSD	29	20	89.02	1.359	0.131	32.06	3	70	12	-0.044	17	0.254
structure-anchored-vwap#er0.25	1h	SAGAUSD	14	7	83.25	1.346	0.230	36.61	4	167	8	0.703	6	-0.399
structure-anchored-vwap#er0.35	1h	SAGAUSD	6	2	62.94	1.469	0.416	40.51	2	167	3	1.092	3	-0.261
structure-anchored-vwap#er0.45	1h	SAGAUSD	3	1	90.81	2.346	1.102	74.56	1	167	2	2.138	1	-0.971
structure-anchored-vwap#chop62	1h	SAGAUSD	59	37	-14.62	0.978	0.007	-99.37	4	167	27	0.030	32	-0.013
structure-anchored-vwap	1h	SAGAUSD	61	39	37.94	1.055	0.035	-62.48	4	167	28	0.078	33	-0.001
supertrend-cluster-zeiierman#er0.25	15m	BTCUSD	0	0	0.00	0.000	0.000	0.00	0	83	0	0.000	0	0.000
supertrend-cluster-zeiierman#er0.35	15m	BTCUSD	0	0	0.00	0.000	0.000	0.00	0	83	0	0.000	0	0.000
supertrend-cluster-zeiierman#er0.45	15m	BTCUSD	0	0	0.00	0.000	0.000	0.00	0	83	0	0.000	0	0.000
supertrend-cluster-zeiierman#chop62	15m	BTCUSD	3	3	28.46	99.000	0.316	12.11	2	83	0	0.000	3	0.316
supertrend-cluster-zeiierman	15m	BTCUSD	3	3	28.46	99.000	0.316	12.11	2	83	0	0.000	3	0.316
supertrend-cluster-zeiierman#er0.25	1h	BNBUSD	24	14	-58.45	0.806	-0.073	-198.90	4	167	14	-0.119	10	-0.008
supertrend-cluster-zeiierman#er0.35	1h	BNBUSD	14	8	-39.32	0.782	-0.083	-139.59	3	167	8	-0.321	6	0.234
supertrend-cluster-zeiierman#er0.45	1h	BNBUSD	6	3	-18.45	0.796	-0.093	-67.82	3	167	2	0.046	4	-0.163
supertrend-cluster-zeiierman#chop62	1h	BNBUSD	47	25	-220.61	0.644	-0.165	-323.07	2	167	27	-0.141	20	-0.198
supertrend-cluster-zeiierman	1h	BNBUSD	47	25	-220.61	0.644	-0.165	-323.07	2	167	27	-0.141	20	-0.198
structure-anchored-vwap#er0.25	1h	SOLUSD	18	12	-35.26	0.785	-0.056	-149.55	3	167	8	-0.521	10	0.316
structure-anchored-vwap#er0.35	1h	SOLUSD	10	8	48.36	1.851	0.169	-64.98	4	167	3	-0.586	7	0.492
structure-anchored-vwap#er0.45	1h	SOLUSD	4	4	27.61	99.000	0.235	-9.12	4	167	1	0.206	3	0.245
structure-anchored-vwap#chop62	1h	SOLUSD	64	39	-272.77	0.550	-0.161	-393.18	3	167	27	-0.247	37	-0.097
structure-anchored-vwap	1h	SOLUSD	68	42	-282.39	0.547	-0.159	-418.70	2	167	29	-0.259	39	-0.085
supertrend-cluster-zeiierman#er0.25	1h	BTCUSD	36	27	7.26	1.027	0.013	-122.97	4	167	18	-0.066	18	0.092
supertrend-cluster-zeiierman#er0.35	1h	BTCUSD	30	21	-40.18	0.845	-0.038	-130.92	4	167	14	-0.121	16	0.034
supertrend-cluster-zeiierman#er0.45	1h	BTCUSD	11	9	42.58	1.692	0.131	-72.46	5	167	3	0.224	8	0.097
supertrend-cluster-zeiierman#chop62	1h	BTCUSD	59	36	-302.36	0.457	-0.199	-437.53	2	167	30	-0.327	29	-0.066
supertrend-cluster-zeiierman	1h	BTCUSD	59	36	-302.36	0.457	-0.199	-437.53	2	167	30	-0.327	29	-0.066
supertrend-cluster-zeiierman#er0.25	15m	ETHUSD	6	4	-25.96	0.532	-0.142	-68.71	3	83	1	0.190	5	-0.208
supertrend-cluster-zeiierman#er0.35	15m	ETHUSD	4	4	29.54	99.000	0.244	-14.72	4	83	1	0.190	3	0.262
supertrend-cluster-zeiierman#er0.45	15m	ETHUSD	1	1	5.93	99.000	0.199	9.28	1	83	0	0.000	1	0.199
supertrend-cluster-zeiierman#chop62	15m	ETHUSD	14	9	-86.47	0.370	-0.211	-190.68	2	83	5	-0.067	9	-0.290
supertrend-cluster-zeiierman	15m	ETHUSD	14	9	-86.47	0.370	-0.211	-190.68	2	83	5	-0.067	9	-0.290
supertrend-cluster-zeiierman#er0.25	1h	ETHUSD	41	26	-144.85	0.657	-0.120	-300.85	3	167	18	-0.143	23	-0.101
supertrend-cluster-zeiierman#er0.35	1h	ETHUSD	30	18	-133.27	0.605	-0.151	-214.16	2	167	11	-0.218	19	-0.113
supertrend-cluster-zeiierman#er0.45	1h	ETHUSD	20	12	-81.33	0.646	-0.133	-164.98	3	167	8	-0.152	12	-0.120
supertrend-cluster-zeiierman#chop62	1h	ETHUSD	73	45	-222.60	0.718	-0.107	-413.52	2	167	33	-0.029	40	-0.171
supertrend-cluster-zeiierman	1h	ETHUSD	73	45	-222.60	0.718	-0.107	-413.52	2	167	33	-0.029	40	-0.171
structure-anchored-vwap#er0.25	1h	UNIUSD	12	8	61.49	1.503	0.179	26.95	3	167	4	0.370	8	0.083
structure-anchored-vwap#er0.35	1h	UNIUSD	10	7	85.69	1.948	0.288	52.62	3	167	4	0.370	6	0.234
structure-anchored-vwap#er0.45	1h	UNIUSD	3	2	42.16	2.414	0.479	33.62	2	167	1	1.307	2	0.064
structure-anchored-vwap#chop62	1h	UNIUSD	53	36	139.92	1.256	0.093	7.23	5	167	27	0.089	26	0.096
structure-anchored-vwap	1h	UNIUSD	57	39	141.94	1.245	0.088	-32.92	5	167	29	0.073	28	0.103
session-killzones-breakouts#er0.25	15m	UNIUSD	114	68	-86.60	0.935	-0.014	-517.81	3	83	54	0.029	60	-0.052
session-killzones-breakouts#er0.35	15m	UNIUSD	68	41	48.52	1.058	0.038	-322.33	4	83	30	0.147	38	-0.047
session-killzones-breakouts#er0.45	15m	UNIUSD	35	23	112.15	1.267	0.117	-123.70	5	83	14	0.478	21	-0.124
session-killzones-breakouts#chop62	15m	UNIUSD	158	95	-149.16	0.914	-0.021	-687.75	3	83	69	-0.030	89	-0.014
session-killzones-breakouts	15m	UNIUSD	163	98	-175.04	0.900	-0.026	-701.22	3	83	70	-0.043	93	-0.014
supertrend-cluster-zeiierman#er0.25	1h	EVAAUSD	50	32	108.16	1.159	0.082	-3.82	5	167	25	0.483	25	-0.319
supertrend-cluster-zeiierman#er0.35	1h	EVAAUSD	34	20	-52.82	0.877	-0.042	-90.90	4	167	18	0.169	16	-0.280
supertrend-cluster-zeiierman#er0.45	1h	EVAAUSD	15	8	-42.27	0.804	-0.083	-56.17	4	167	7	0.398	8	-0.503
supertrend-cluster-zeiierman#chop62	1h	EVAAUSD	85	60	916.45	1.669	0.274	371.69	6	167	40	0.626	45	-0.039
supertrend-cluster-zeiierman	1h	EVAAUSD	86	61	964.61	1.695	0.281	402.48	6	167	40	0.626	46	-0.020
supertrend-cluster-zeiierman#er0.25	15m	EVAAUSD	63	39	9.01	1.011	0.018	-177.61	3	83	42	0.139	21	-0.225
supertrend-cluster-zeiierman#er0.35	15m	EVAAUSD	37	22	39.62	1.083	0.051	-54.47	3	83	27	0.169	10	-0.268
supertrend-cluster-zeiierman#er0.45	15m	EVAAUSD	16	10	17.96	1.095	0.054	-1.00	2	83	10	0.298	6	-0.353
supertrend-cluster-zeiierman#chop62	15m	EVAAUSD	126	76	197.11	1.110	0.066	-195.82	4	83	75	0.082	51	0.041
supertrend-cluster-zeiierman	15m	EVAAUSD	126	76	197.11	1.110	0.066	-195.82	4	83	75	0.082	51	0.041
structure-anchored-vwap#er0.25	1h	ZECUSD	27	22	182.10	2.119	0.219	140.43	3	167	15	0.278	12	0.145
structure-anchored-vwap#er0.35	1h	ZECUSD	16	13	56.42	1.631	0.122	51.99	4	167	11	0.170	5	0.017
structure-anchored-vwap#er0.45	1h	ZECUSD	9	6	-12.31	0.859	-0.041	-27.31	2	167	6	-0.000	3	-0.123
structure-anchored-vwap#chop62	1h	ZECUSD	59	44	222.42	1.413	0.125	110.71	5	167	29	0.241	30	0.013
structure-anchored-vwap	1h	ZECUSD	60	45	250.70	1.463	0.136	132.52	5	167	29	0.241	31	0.037
supertrend-cluster-zeiierman#er0.25	1h	FILUSD	42	20	-191.68	0.652	-0.151	-314.88	3	167	23	-0.264	19	-0.015
supertrend-cluster-zeiierman#er0.35	1h	FILUSD	25	11	-109.49	0.695	-0.132	-182.88	4	167	14	-0.281	11	0.059
supertrend-cluster-zeiierman#er0.45	1h	FILUSD	10	4	-130.56	0.192	-0.457	-162.03	2	167	5	-0.753	5	-0.162
supertrend-cluster-zeiierman#chop62	1h	FILUSD	113	53	-323.03	0.729	-0.096	-561.35	3	167	66	-0.308	47	0.201
supertrend-cluster-zeiierman	1h	FILUSD	113	53	-323.03	0.729	-0.096	-561.35	3	167	66	-0.308	47	0.201
supertrend-cluster-zeiierman#er0.25	1h	LINKUSD	54	38	-89.88	0.807	-0.052	-266.99	5	167	21	-0.010	33	-0.078
supertrend-cluster-zeiierman#er0.35	1h	LINKUSD	33	22	-67.22	0.790	-0.063	-185.50	4	167	12	-0.020	21	-0.087
supertrend-cluster-zeiierman#er0.45	1h	LINKUSD	15	9	-78.97	0.544	-0.175	-119.10	3	167	5	-0.171	10	-0.177
supertrend-cluster-zeiierman#chop62	1h	LINKUSD	88	59	-157.81	0.808	-0.057	-396.49	3	167	43	-0.096	45	-0.020
supertrend-cluster-zeiierman	1h	LINKUSD	90	60	-173.76	0.792	-0.062	-410.73	3	167	44	-0.115	46	-0.012
supertrend-cluster-zeiierman#er0.25	15m	FILUSD	18	8	-130.89	0.512	-0.244	-181.00	0	83	0	0.000	18	-0.244
supertrend-cluster-zeiierman#er0.35	15m	FILUSD	9	3	-142.49	0.125	-0.560	-156.42	0	83	0	0.000	9	-0.560
supertrend-cluster-zeiierman#er0.45	15m	FILUSD	6	2	-94.51	0.136	-0.542	-104.17	0	83	0	0.000	6	-0.542
supertrend-cluster-zeiierman#chop62	15m	FILUSD	54	29	-192.76	0.698	-0.115	-297.84	2	83	1	0.033	53	-0.118
supertrend-cluster-zeiierman	15m	FILUSD	54	29	-192.76	0.698	-0.115	-297.84	2	83	1	0.033	53	-0.118
supertrend-cluster-zeiierman#er0.25	1h	PIEVERSEUSD	37	22	178.23	1.401	0.166	60.66	6	161	22	0.043	15	0.347
supertrend-cluster-zeiierman#er0.35	1h	PIEVERSEUSD	26	17	275.24	1.931	0.334	174.96	6	161	14	0.241	12	0.441
supertrend-cluster-zeiierman#er0.45	1h	PIEVERSEUSD	12	7	65.73	1.434	0.195	17.22	3	161	5	-0.343	7	0.580
supertrend-cluster-zeiierman#chop62	1h	PIEVERSEUSD	95	56	2368.17	2.351	0.466	1010.79	6	161	53	0.270	42	0.713
supertrend-cluster-zeiierman	1h	PIEVERSEUSD	95	56	2368.17	2.351	0.466	1010.79	6	161	53	0.270	42	0.713
supertrend-cluster-zeiierman#er0.25	1h	SAGAUSD	30	21	115.01	1.401	0.131	-23.68	4	167	16	0.226	14	0.023
supertrend-cluster-zeiierman#er0.35	1h	SAGAUSD	13	8	-8.22	0.945	-0.010	-21.20	3	167	6	0.182	7	-0.175
supertrend-cluster-zeiierman#er0.45	1h	SAGAUSD	6	4	25.03	1.395	0.151	12.43	2	167	2	1.078	4	-0.312
supertrend-cluster-zeiierman#chop62	1h	SAGAUSD	72	43	130.67	1.131	0.074	-211.13	4	167	32	0.409	40	-0.194
supertrend-cluster-zeiierman	1h	SAGAUSD	72	43	130.67	1.131	0.074	-211.13	4	167	32	0.409	40	-0.194
supertrend-cluster-zeiierman#er0.25	15m	LINKUSD	26	16	-103.82	0.612	-0.130	-169.64	2	83	2	0.205	24	-0.158
supertrend-cluster-zeiierman#er0.35	15m	LINKUSD	15	8	-142.46	0.264	-0.335	-135.02	1	83	2	0.205	13	-0.418
supertrend-cluster-zeiierman#er0.45	15m	LINKUSD	7	5	-17.10	0.716	-0.077	-37.41	1	83	0	0.000	7	-0.077
supertrend-cluster-zeiierman#chop62	15m	LINKUSD	42	24	-192.25	0.586	-0.159	-284.11	3	83	4	0.133	38	-0.189
supertrend-cluster-zeiierman	15m	LINKUSD	43	24	-214.32	0.554	-0.176	-304.22	3	83	4	0.133	39	-0.208
supertrend-cluster-zeiierman#er0.25	1h	SOLUSD	59	39	-192.44	0.633	-0.117	-384.50	1	167	26	-0.138	33	-0.101
supertrend-cluster-zeiierman#er0.35	1h	SOLUSD	33	18	-227.16	0.429	-0.257	-304.60	1	167	16	-0.245	17	-0.268
supertrend-cluster-zeiierman#er0.45	1h	SOLUSD	16	8	-161.60	0.254	-0.365	-180.71	0	167	6	-0.607	10	-0.220
supertrend-cluster-zeiierman#chop62	1h	SOLUSD	87	56	-315.84	0.583	-0.143	-519.48	1	167	40	-0.140	47	-0.146
supertrend-cluster-zeiierman	1h	SOLUSD	88	57	-315.94	0.585	-0.140	-532.02	2	167	40	-0.140	48	-0.141
supertrend-cluster-zeiierman#er0.25	1h	UNIUSD	43	27	-69.44	0.843	-0.041	-139.03	3	167	17	-0.156	26	0.035
supertrend-cluster-zeiierman#er0.35	1h	UNIUSD	28	18	-58.47	0.791	-0.062	-85.86	5	167	13	-0.222	15	0.076
supertrend-cluster-zeiierman#er0.45	1h	UNIUSD	15	8	-68.61	0.661	-0.145	-48.03	3	167	7	-0.186	8	-0.109
supertrend-cluster-zeiierman#chop62	1h	UNIUSD	69	39	-186.00	0.765	-0.083	-336.11	3	167	37	-0.130	32	-0.028
supertrend-cluster-zeiierman	1h	UNIUSD	72	40	-228.45	0.722	-0.104	-371.02	2	167	38	-0.153	34	-0.049
supertrend-cluster-zeiierman#er0.25	15m	PIEVERSEUSD	47	21	-156.35	0.789	-0.097	-263.18	3	83	18	0.207	29	-0.285
supertrend-cluster-zeiierman#er0.35	15m	PIEVERSEUSD	25	11	-80.45	0.800	-0.087	-69.69	3	83	11	0.142	14	-0.267
supertrend-cluster-zeiierman#er0.45	15m	PIEVERSEUSD	6	3	-14.27	0.833	-0.066	-35.17	2	83	1	0.362	5	-0.152
supertrend-cluster-zeiierman#chop62	15m	PIEVERSEUSD	120	63	-111.64	0.934	-0.011	-430.08	4	83	48	0.115	72	-0.094
supertrend-cluster-zeiierman	15m	PIEVERSEUSD	121	63	-135.95	0.919	-0.018	-447.15	4	83	48	0.115	73	-0.106
session-killzones-breakouts#er0.25	15m	ZECUSD	103	62	204.42	1.168	0.079	-259.89	4	83	26	0.033	77	0.094
session-killzones-breakouts#er0.35	15m	ZECUSD	60	38	248.97	1.373	0.141	-61.89	5	83	12	0.124	48	0.145
session-killzones-breakouts#er0.45	15m	ZECUSD	31	19	85.34	1.224	0.102	-72.57	4	83	6	0.359	25	0.041
session-killzones-breakouts#chop62	15m	ZECUSD	135	79	-41.88	0.974	0.006	-478.75	4	83	39	0.009	96	0.005
session-killzones-breakouts	15m	ZECUSD	138	81	36.58	1.022	0.026	-471.89	4	83	39	0.009	99	0.033
supertrend-cluster-zeiierman#er0.25	1h	ZECUSD	59	45	474.61	1.900	0.239	265.62	6	167	23	0.317	36	0.190
supertrend-cluster-zeiierman#er0.35	1h	ZECUSD	40	34	555.16	3.459	0.392	375.32	7	167	14	0.496	26	0.337
supertrend-cluster-zeiierman#er0.45	1h	ZECUSD	21	17	235.20	2.662	0.361	180.81	6	167	7	0.504	14	0.290
supertrend-cluster-zeiierman#chop62	1h	ZECUSD	84	60	355.34	1.431	0.135	76.17	4	167	37	0.126	47	0.142
supertrend-cluster-zeiierman	1h	ZECUSD	84	60	355.34	1.431	0.135	76.17	4	167	37	0.126	47	0.142
supertrend-cluster-zeiierman#er0.25	15m	SAGAUSD	44	25	-182.88	0.611	-0.144	-305.66	1	83	13	-0.570	31	0.035
supertrend-cluster-zeiierman#er0.35	15m	SAGAUSD	27	18	27.51	1.103	0.043	-54.00	2	83	5	-0.184	22	0.095
supertrend-cluster-zeiierman#er0.45	15m	SAGAUSD	10	8	73.87	2.238	0.247	44.30	4	83	2	-0.392	8	0.407
supertrend-cluster-zeiierman#chop62	15m	SAGAUSD	85	50	-155.04	0.819	-0.055	-439.75	3	83	33	-0.188	52	0.030
supertrend-cluster-zeiierman	15m	SAGAUSD	86	51	-147.18	0.828	-0.051	-435.46	3	83	33	-0.188	53	0.035
supertrend-cluster-zeiierman#er0.25	15m	SOLUSD	19	14	-9.04	0.940	-0.009	-69.63	3	83	1	0.069	18	-0.013
supertrend-cluster-zeiierman#er0.35	15m	SOLUSD	14	11	33.61	1.372	0.085	-17.04	2	83	1	0.069	13	0.086
supertrend-cluster-zeiierman#er0.45	15m	SOLUSD	7	6	66.97	3.258	0.325	27.24	1	83	0	0.000	7	0.325
supertrend-cluster-zeiierman#chop62	15m	SOLUSD	39	25	-165.64	0.562	-0.150	-293.37	2	83	6	-0.593	33	-0.070
supertrend-cluster-zeiierman	15m	SOLUSD	40	25	-190.28	0.526	-0.171	-315.63	1	83	6	-0.593	34	-0.097
supertrend-cluster-zeiierman#er0.25	15m	UNIUSD	72	41	-153.11	0.822	-0.063	-372.07	4	83	28	0.076	44	-0.152
supertrend-cluster-zeiierman#er0.35	15m	UNIUSD	36	19	-41.98	0.917	-0.022	-169.84	5	83	8	0.387	28	-0.138
supertrend-cluster-zeiierman#er0.45	15m	UNIUSD	19	11	2.75	1.011	0.021	-86.07	4	83	3	0.193	16	-0.012
supertrend-cluster-zeiierman#chop62	15m	UNIUSD	128	72	-328.68	0.757	-0.091	-635.56	5	83	52	-0.051	76	-0.119
supertrend-cluster-zeiierman	15m	UNIUSD	130	72	-368.44	0.733	-0.105	-657.17	5	83	52	-0.051	78	-0.141
supertrend-cluster-zeiierman#er0.25	15m	ZECUSD	57	34	-111.55	0.809	-0.056	-392.49	3	83	9	-0.241	48	-0.021
supertrend-cluster-zeiierman#er0.35	15m	ZECUSD	32	18	-122.18	0.661	-0.130	-330.90	2	83	3	-0.512	29	-0.091
supertrend-cluster-zeiierman#er0.45	15m	ZECUSD	8	6	-9.57	0.829	-0.033	-118.08	2	83	0	0.000	8	-0.033
supertrend-cluster-zeiierman#chop62	15m	ZECUSD	93	57	-198.43	0.766	-0.068	-537.22	3	83	20	-0.219	73	-0.027
supertrend-cluster-zeiierman	15m	ZECUSD	94	58	-150.10	0.831	-0.047	-517.54	4	83	21	-0.118	73	-0.027
