scanner	tf	symbol	trades	wins	net	pf	avgR	netStress	windowsUp	days	trades1	avgR1	trades2	avgR2
adaptive-schaff-trend-cycle-stc	4h	BTCUSD	421	234	-219.19	0.892	-0.024	-533.37	3	333	187	0.030	234	-0.066
adaptive-schaff-trend-cycle-stc	1h	BTCUSD	927	421	-864.03	0.611	-0.112	-965.45	0	167	496	-0.101	431	-0.125
adaptive-schaff-trend-cycle-stc	15m	BTCUSD	441	207	-728.78	0.481	-0.149	-900.37	0	83	111	-0.151	330	-0.149
adaptive-schaff-trend-cycle-stc	4h	ETHUSD	448	219	-256.19	0.886	-0.029	-533.83	3	333	190	-0.012	258	-0.042
adaptive-schaff-trend-cycle-stc	1h	ETHUSD	1019	489	-814.78	0.762	-0.080	-977.69	0	167	486	-0.018	533	-0.138
adaptive-smart-money-liquidity-sweep-levels	4h	BTCUSD	463	278	96.02	1.042	0.014	-472.22	4	333	235	0.031	228	-0.004
adaptive-schaff-trend-cycle-stc	15m	ETHUSD	963	489	-881.24	0.626	-0.110	-980.02	1	83	343	-0.094	620	-0.118
adaptive-schaff-trend-cycle-stc	4h	SOLUSD	446	237	-10.73	0.995	0.004	-312.38	4	333	210	0.029	236	-0.017
adaptive-schaff-trend-cycle-stc	1h	SOLUSD	995	490	-818.07	0.714	-0.089	-931.84	0	167	481	-0.050	514	-0.125
adaptive-smart-money-liquidity-sweep-levels	1h	BTCUSD	793	442	-660.13	0.734	-0.065	-931.62	2	167	393	-0.061	400	-0.069
adaptive-schaff-trend-cycle-stc	4h	XRPUSD	471	244	-155.18	0.937	-0.014	-429.08	3	333	189	0.029	282	-0.043
adaptive-schaff-trend-cycle-stc	15m	SOLUSD	1210	584	-953.38	0.514	-0.140	-961.32	0	83	352	-0.150	858	-0.136
adaptive-schaff-trend-cycle-stc	1h	XRPUSD	993	481	-873.14	0.648	-0.100	-977.97	0	167	479	-0.082	514	-0.117
adaptive-smart-money-liquidity-sweep-levels	4h	ETHUSD	432	266	572.90	1.195	0.058	-51.32	7	333	212	0.090	220	0.027
adaptive-schaff-trend-cycle-stc	4h	DOGEUSD	458	240	297.29	1.107	0.034	-139.35	5	333	201	0.073	257	0.003
adaptive-schaff-trend-cycle-stc	1h	DOGEUSD	1055	481	-900.47	0.718	-0.107	-980.06	0	167	495	-0.056	560	-0.152
adaptive-smart-money-liquidity-sweep-levels	15m	BTCUSD	388	207	-639.44	0.563	-0.131	-864.05	0	83	107	-0.140	281	-0.127
adaptive-schaff-trend-cycle-stc	15m	XRPUSD	1199	582	-963.93	0.519	-0.136	-980.10	0	83	275	-0.181	924	-0.122
adaptive-schaff-trend-cycle-stc	4h	LINKUSD	462	248	122.20	1.046	0.018	-256.67	5	333	195	0.035	267	0.005
adaptive-smart-money-liquidity-sweep-levels	1h	ETHUSD	919	483	-657.18	0.787	-0.054	-945.08	1	167	448	-0.038	471	-0.071
adaptive-schaff-trend-cycle-stc	1h	LINKUSD	1079	509	-843.96	0.765	-0.083	-976.46	1	167	474	-0.038	605	-0.118
adaptive-smart-money-liquidity-sweep-levels	4h	SOLUSD	468	273	264.19	1.116	0.031	-229.35	6	333	226	0.003	242	0.057
adaptive-schaff-trend-cycle-stc	4h	AVAXUSD	446	237	449.46	1.175	0.047	-138.20	6	333	195	0.057	251	0.040
adaptive-schaff-trend-cycle-stc	15m	DOGEUSD	1178	592	-907.80	0.636	-0.098	-980.16	1	83	309	-0.098	869	-0.098
adaptive-schaff-trend-cycle-stc	1h	AVAXUSD	983	458	-786.34	0.764	-0.073	-962.16	1	167	463	-0.052	520	-0.092
adaptive-schaff-trend-cycle-stc	4h	ZECUSD	468	245	350.13	1.135	0.039	19.19	6	333	194	0.042	274	0.038
adaptive-schaff-trend-cycle-stc	15m	LINKUSD	1320	633	-956.30	0.665	-0.117	-980.13	1	83	324	-0.086	996	-0.128
adaptive-smart-money-liquidity-sweep-levels	4h	XRPUSD	430	250	-57.13	0.975	-0.001	-406.64	2	333	208	-0.016	222	0.013
adaptive-schaff-trend-cycle-stc	1h	ZECUSD	1080	508	-726.25	0.806	-0.062	-890.80	1	167	531	-0.037	549	-0.086
adaptive-smart-money-liquidity-sweep-levels	15m	ETHUSD	912	472	-914.66	0.542	-0.134	-980.25	0	83	358	-0.148	554	-0.126
adaptive-smart-money-liquidity-sweep-levels	1h	SOLUSD	933	495	-784.82	0.700	-0.083	-931.43	1	167	466	-0.058	467	-0.108
adaptive-schaff-trend-cycle-stc	15m	AVAXUSD	1341	648	-927.75	0.674	-0.094	-980.05	0	83	497	-0.114	844	-0.083
adaptive-smart-money-liquidity-sweep-levels	4h	DOGEUSD	473	253	-71.13	0.970	-0.003	-368.42	3	333	239	-0.020	234	0.013
adaptive-smart-money-liquidity-sweep-levels	1h	XRPUSD	959	475	-868.38	0.650	-0.101	-977.86	0	167	474	-0.085	485	-0.117
adaptive-schaff-trend-cycle-stc	15m	ZECUSD	1409	657	-940.41	0.696	-0.110	-978.23	0	83	863	-0.100	546	-0.124
adaptive-smart-money-liquidity-sweep-levels	15m	SOLUSD	991	479	-961.53	0.512	-0.183	-960.75	0	83	324	-0.160	667	-0.195
adaptive-smart-money-liquidity-sweep-levels	4h	LINKUSD	489	267	-245.40	0.894	-0.024	-528.41	3	333	239	-0.039	250	-0.010
adaptive-smart-money-liquidity-sweep-levels	1h	DOGEUSD	954	511	-703.72	0.795	-0.059	-950.33	2	167	469	-0.044	485	-0.074
adaptive-smart-money-liquidity-sweep-levels	15m	XRPUSD	1006	534	-914.65	0.600	-0.118	-980.24	0	83	217	-0.192	789	-0.097
adaptive-smart-money-liquidity-sweep-levels	4h	AVAXUSD	495	263	-57.29	0.980	-0.001	-359.18	4	333	238	0.023	257	-0.023
adaptive-smart-money-liquidity-sweep-levels	1h	LINKUSD	899	497	-571.22	0.836	-0.042	-934.14	3	167	432	-0.042	467	-0.042
ai-adaptive-money-flow-index-clustering	4h	BTCUSD	371	218	-95.48	0.947	-0.009	-567.38	2	333	186	0.025	185	-0.044
adaptive-smart-money-liquidity-sweep-levels	4h	ZECUSD	445	258	559.77	1.180	0.059	203.24	6	333	205	0.060	240	0.057
adaptive-smart-money-liquidity-sweep-levels	15m	DOGEUSD	1131	555	-955.87	0.515	-0.135	-980.24	0	83	305	-0.184	826	-0.117
adaptive-smart-money-liquidity-sweep-levels	1h	AVAXUSD	951	499	-773.58	0.753	-0.074	-950.00	2	167	448	-0.074	503	-0.073
amazing-oscillator-ao	15m	BTCUSD	268	143	-590.63	0.434	-0.167	-787.54	1	83	78	-0.249	190	-0.133
ai-adaptive-money-flow-index-clustering	1h	BTCUSD	736	369	-826.90	0.581	-0.122	-955.71	0	167	373	-0.094	363	-0.150
adaptive-smart-money-liquidity-sweep-levels	1h	ZECUSD	916	510	-380.89	0.898	-0.022	-757.46	4	167	424	-0.029	492	-0.016
amazing-oscillator-ao	15m	ETHUSD	598	330	-786.69	0.497	-0.126	-949.89	2	83	238	-0.203	360	-0.075
adaptive-smart-money-liquidity-sweep-levels	15m	LINKUSD	1178	616	-948.90	0.580	-0.124	-980.03	0	83	316	-0.157	862	-0.112
amazing-oscillator-ao	1h	BTCUSD	498	284	-553.33	0.699	-0.078	-817.26	2	167	265	-0.082	233	-0.074
amazing-oscillator-ao	15m	SOLUSD	757	416	-907.43	0.484	-0.169	-957.37	0	83	225	-0.175	532	-0.166
adaptive-smart-money-liquidity-sweep-levels	15m	AVAXUSD	1134	603	-893.51	0.688	-0.094	-980.04	1	83	417	-0.094	717	-0.094
amazing-oscillator-ao	1h	ETHUSD	557	319	-510.02	0.792	-0.060	-854.89	3	167	291	-0.005	266	-0.121
amazing-oscillator-ao	15m	XRPUSD	655	369	-744.72	0.680	-0.100	-958.86	2	83	171	-0.115	484	-0.094
ai-adaptive-money-flow-index-clustering	15m	BTCUSD	295	137	-631.60	0.401	-0.172	-838.00	0	83	66	-0.226	229	-0.156
amazing-oscillator-ao	1h	SOLUSD	588	349	-534.21	0.763	-0.064	-823.90	1	167	299	-0.052	289	-0.076
amazing-oscillator-ao	15m	DOGEUSD	702	392	-835.32	0.561	-0.124	-968.10	0	83	187	-0.174	515	-0.106
adaptive-smart-money-liquidity-sweep-levels	15m	ZECUSD	1779	959	-858.87	0.780	-0.056	-967.98	1	83	812	-0.083	967	-0.034
amazing-oscillator-ao	1h	XRPUSD	577	334	-528.98	0.802	-0.060	-831.89	2	167	297	-0.021	280	-0.102
amazing-oscillator-ao	15m	LINKUSD	750	419	-821.44	0.646	-0.111	-966.20	1	83	213	-0.075	537	-0.125
amazing-oscillator-ao	4h	BTCUSD	283	166	-155.22	0.896	-0.027	-442.44	3	333	148	-0.036	135	-0.017
amazing-oscillator-ao	1h	DOGEUSD	575	319	-655.59	0.676	-0.088	-862.19	1	167	301	-0.142	274	-0.029
amazing-oscillator-ao	15m	AVAXUSD	765	416	-872.17	0.621	-0.130	-979.66	0	83	290	-0.123	475	-0.134
amazing-oscillator-ao	4h	ETHUSD	276	154	-74.39	0.962	-0.009	-279.75	4	333	145	0.062	131	-0.087
ai-adaptive-money-flow-index-clustering	4h	ETHUSD	353	213	375.25	1.200	0.050	-136.60	6	333	179	0.048	174	0.052
amazing-oscillator-ao	1h	LINKUSD	631	380	-146.41	0.957	-0.007	-701.75	4	167	314	0.006	317	-0.020
amazing-oscillator-ao	4h	SOLUSD	293	173	-122.40	0.919	-0.024	-312.80	4	333	145	-0.070	148	0.022
amazing-oscillator-ao	15m	ZECUSD	1115	627	-801.74	0.765	-0.071	-950.05	0	83	530	-0.090	585	-0.054
amazing-oscillator-ao	1h	AVAXUSD	624	371	-298.38	0.893	-0.023	-752.05	2	167	327	-0.057	297	0.014
amazing-oscillator-ao	4h	XRPUSD	281	157	-132.45	0.931	-0.019	-306.39	3	333	144	0.010	137	-0.050
breakout-targets	15m	BTCUSD	5	4	9.82	1.537	0.099	-7.39	3	83	1	0.497	4	-0.000
amazing-oscillator-ao	1h	ZECUSD	564	335	183.46	1.046	0.022	-427.62	4	167	273	0.082	291	-0.035
amazing-oscillator-ao	4h	DOGEUSD	270	158	99.25	1.052	0.024	-188.65	4	333	139	0.058	131	-0.012
ai-adaptive-money-flow-index-clustering	1h	ETHUSD	750	373	-769.60	0.695	-0.095	-948.40	2	167	376	-0.055	374	-0.136
breakout-targets	1h	BTCUSD	19	11	-1.68	0.989	0.015	-36.34	2	167	9	-0.440	10	0.424
amazing-oscillator-ao	4h	LINKUSD	293	164	-106.42	0.944	-0.013	-328.23	4	333	152	0.011	141	-0.040
breakout-targets	15m	ETHUSD	16	12	-0.73	0.991	0.001	-77.12	4	83	6	-0.127	10	0.078
breakout-targets	1h	ETHUSD	18	12	66.85	1.571	0.198	23.84	4	167	9	-0.215	9	0.611
amazing-oscillator-ao	4h	AVAXUSD	289	165	-115.89	0.938	-0.015	-347.22	4	333	146	0.000	143	-0.030
breakout-targets	15m	SOLUSD	23	13	-110.31	0.401	-0.255	-156.09	0	83	10	-0.245	13	-0.263
breakout-targets	1h	SOLUSD	18	14	26.50	1.328	0.082	1.04	5	167	9	0.224	9	-0.061
amazing-oscillator-ao	4h	ZECUSD	260	157	317.80	1.175	0.064	131.60	5	333	121	0.106	139	0.027
breakout-targets	15m	XRPUSD	12	10	13.21	1.327	0.057	-72.76	3	83	1	0.170	11	0.047
breakout-targets	1h	XRPUSD	17	13	150.92	2.625	0.434	141.44	5	167	7	1.258	10	-0.143
breakout-targets	4h	BTCUSD	7	4	-33.61	0.410	-0.252	-31.92	2	333	3	-0.085	4	-0.378
breakout-targets	15m	DOGEUSD	18	14	10.74	1.141	0.033	-58.96	4	83	9	-0.187	9	0.252
breakout-targets	1h	DOGEUSD	14	10	60.14	1.725	0.217	4.50	5	167	8	0.284	6	0.127
breakout-targets	4h	ETHUSD	6	5	22.57	2.134	0.196	72.25	3	333	2	-0.285	4	0.437
breakout-targets	15m	LINKUSD	16	9	-82.32	0.383	-0.264	-104.71	2	83	4	-0.100	12	-0.319
breakout-targets	1h	LINKUSD	15	12	53.65	1.886	0.178	88.64	6	167	7	0.112	8	0.237
breakout-targets	4h	SOLUSD	7	4	-25.73	0.546	-0.191	-31.43	2	333	3	0.044	4	-0.368
breakout-targets	15m	AVAXUSD	16	5	-157.37	0.200	-0.528	-172.63	2	83	11	-0.747	5	-0.046
breakout-targets	1h	AVAXUSD	11	9	60.71	2.441	0.276	13.92	7	167	5	0.087	6	0.432
breakout-targets	4h	XRPUSD	4	3	-0.40	0.980	-0.002	-2.15	2	333	1	-1.000	3	0.331
breakout-targets	15m	ZECUSD	26	18	42.84	1.269	0.094	-13.94	5	83	12	0.015	14	0.162
breakout-targets	1h	ZECUSD	14	11	28.99	1.482	0.108	19.24	4	167	5	0.127	9	0.098
ai-adaptive-money-flow-index-clustering	15m	ETHUSD	751	375	-888.63	0.517	-0.146	-980.23	0	83	270	-0.127	481	-0.156
breakout-targets	4h	DOGEUSD	4	4	54.11	99.000	0.677	49.33	3	333	1	1.856	3	0.284
candlestick-reversal-and-trend-signals	15m	BTCUSD	113	68	-255.08	0.586	-0.127	-476.34	2	83	28	-0.215	85	-0.098
candlestick-reversal-and-trend-signals	1h	BTCUSD	232	146	-372.53	0.679	-0.098	-622.67	1	167	122	-0.132	110	-0.061
breakout-targets	4h	LINKUSD	7	5	16.70	1.419	0.125	8.60	3	333	2	-0.323	5	0.304
ai-adaptive-money-flow-index-clustering	4h	SOLUSD	352	206	-61.67	0.967	-0.004	-288.22	4	333	173	0.036	179	-0.042
candlestick-reversal-and-trend-signals	1h	ETHUSD	265	161	-252.36	0.829	-0.049	-565.59	4	167	141	-0.088	124	-0.004
ai-adaptive-money-flow-index-clustering	1h	SOLUSD	796	408	-801.39	0.621	-0.107	-922.15	0	167	385	-0.092	411	-0.122
breakout-targets	4h	AVAXUSD	10	8	30.80	1.772	0.155	132.54	3	333	4	0.013	6	0.249
candlestick-reversal-and-trend-signals	15m	ETHUSD	253	149	-455.34	0.627	-0.114	-737.73	1	83	104	-0.182	149	-0.066
candlestick-reversal-and-trend-signals	1h	SOLUSD	280	176	-153.56	0.900	-0.022	-540.16	3	167	132	-0.055	148	0.008
breakout-targets	4h	ZECUSD	3	2	-6.83	0.641	-0.107	-8.56	2	333	1	-1.000	2	0.339
candlestick-reversal-and-trend-signals	15m	SOLUSD	318	183	-684.58	0.478	-0.181	-841.30	1	83	101	-0.319	217	-0.117
candlestick-reversal-and-trend-signals	1h	XRPUSD	272	166	-441.58	0.638	-0.103	-690.07	2	167	131	-0.188	141	-0.023
candlestick-reversal-and-trend-signals	4h	BTCUSD	133	82	-158.84	0.802	-0.063	-332.57	2	333	64	-0.077	69	-0.051
ai-adaptive-money-flow-index-clustering	4h	XRPUSD	347	203	232.82	1.099	0.035	-197.10	6	333	172	0.105	175	-0.033
candlestick-reversal-and-trend-signals	15m	XRPUSD	282	167	-595.91	0.557	-0.155	-799.27	1	83	65	-0.243	217	-0.129
candlestick-reversal-and-trend-signals	1h	DOGEUSD	268	154	-420.40	0.729	-0.095	-581.99	2	167	136	-0.100	132	-0.090
candlestick-reversal-and-trend-signals	4h	ETHUSD	135	71	-366.93	0.606	-0.167	-418.76	0	333	69	-0.131	66	-0.204
candlestick-reversal-and-trend-signals	15m	DOGEUSD	334	198	-653.12	0.542	-0.154	-856.66	0	83	94	-0.234	240	-0.123
candlestick-reversal-and-trend-signals	1h	LINKUSD	282	186	-213.59	0.865	-0.038	-579.09	3	167	148	-0.037	134	-0.038
candlestick-reversal-and-trend-signals	4h	SOLUSD	120	71	-42.06	0.945	-0.013	-130.70	4	333	60	-0.007	60	-0.018
candlestick-reversal-and-trend-signals	15m	LINKUSD	322	203	-339.90	0.805	-0.059	-712.92	3	83	95	-0.169	227	-0.012
candlestick-reversal-and-trend-signals	1h	AVAXUSD	274	175	-276.84	0.814	-0.054	-550.14	3	167	142	-0.087	132	-0.019
ai-adaptive-money-flow-index-clustering	4h	DOGEUSD	398	224	17.51	1.008	0.007	-276.82	6	333	197	0.033	201	-0.018
candlestick-reversal-and-trend-signals	4h	XRPUSD	126	73	-72.42	0.915	-0.021	-154.69	3	333	57	-0.087	69	0.033
candlestick-reversal-and-trend-signals	15m	AVAXUSD	323	205	-322.47	0.813	-0.054	-718.47	3	83	126	-0.034	197	-0.067
candlestick-reversal-and-trend-signals	1h	ZECUSD	265	166	74.72	1.037	0.023	-235.29	6	167	128	0.089	137	-0.037
candlestick-reversal-and-trend-signals	4h	DOGEUSD	119	75	-6.95	0.992	0.004	-133.57	4	333	64	0.143	55	-0.158
ai-adaptive-money-flow-index-clustering	15m	SOLUSD	907	493	-908.18	0.512	-0.142	-958.47	0	83	252	-0.166	655	-0.133
change-in-state-of-delivery-cisd-algoalpha	15m	BTCUSD	203	113	-468.80	0.501	-0.157	-703.82	1	83	51	-0.046	152	-0.194
candlestick-reversal-and-trend-signals	4h	LINKUSD	117	67	-271.93	0.677	-0.132	-367.34	3	333	57	-0.124	60	-0.139
candlestick-reversal-and-trend-signals	15m	ZECUSD	461	291	-268.07	0.902	-0.028	-731.87	4	83	227	-0.016	234	-0.039
change-in-state-of-delivery-cisd-algoalpha	15m	ETHUSD	479	250	-835.61	0.486	-0.187	-960.53	0	83	184	-0.160	295	-0.204
candlestick-reversal-and-trend-signals	4h	AVAXUSD	148	85	-37.65	0.963	-0.005	-142.32	4	333	71	0.028	77	-0.036
change-in-state-of-delivery-cisd-algoalpha	1h	BTCUSD	453	250	-700.48	0.592	-0.134	-886.86	0	167	237	-0.134	216	-0.133
change-in-state-of-delivery-cisd-algoalpha	15m	SOLUSD	584	315	-873.19	0.479	-0.185	-949.59	0	83	170	-0.186	414	-0.184
candlestick-reversal-and-trend-signals	4h	ZECUSD	128	75	30.17	1.030	0.017	-62.34	5	333	62	0.208	66	-0.162
ai-adaptive-money-flow-index-clustering	4h	LINKUSD	409	231	494.03	1.171	0.055	-104.50	5	333	194	0.117	215	-0.001
change-in-state-of-delivery-cisd-algoalpha	1h	ETHUSD	495	273	-579.69	0.765	-0.082	-846.17	0	167	245	-0.024	250	-0.139
change-in-state-of-delivery-cisd-algoalpha	4h	BTCUSD	261	151	-31.14	0.980	-0.001	-381.91	3	333	125	0.083	136	-0.079
change-in-state-of-delivery-cisd-algoalpha	15m	XRPUSD	515	289	-749.35	0.631	-0.130	-936.40	0	83	121	-0.062	394	-0.151
change-in-state-of-delivery-cisd-algoalpha	1h	SOLUSD	514	288	-574.71	0.756	-0.084	-827.72	0	167	241	-0.028	273	-0.134
change-in-state-of-delivery-cisd-algoalpha	4h	ETHUSD	246	137	45.07	1.030	0.015	-235.73	4	333	121	0.012	125	0.018
change-in-state-of-delivery-cisd-algoalpha	15m	DOGEUSD	509	285	-768.30	0.598	-0.140	-941.49	0	83	140	-0.124	369	-0.146
change-in-state-of-delivery-cisd-algoalpha	1h	XRPUSD	470	273	-452.75	0.789	-0.059	-781.30	1	167	229	-0.045	241	-0.071
change-in-state-of-delivery-cisd-algoalpha	4h	SOLUSD	251	144	-58.49	0.961	-0.006	-176.84	4	333	124	0.023	127	-0.034
change-in-state-of-delivery-cisd-algoalpha	15m	LINKUSD	560	298	-858.20	0.574	-0.170	-962.26	1	83	146	-0.161	414	-0.173
change-in-state-of-delivery-cisd-algoalpha	1h	DOGEUSD	490	274	-565.60	0.745	-0.080	-821.34	2	167	245	-0.041	245	-0.118
change-in-state-of-delivery-cisd-algoalpha	4h	XRPUSD	235	132	-64.71	0.951	-0.010	-257.17	3	333	116	-0.036	119	0.016
change-in-state-of-delivery-cisd-algoalpha	15m	AVAXUSD	529	272	-886.94	0.480	-0.203	-971.07	0	83	193	-0.220	336	-0.193
change-in-state-of-delivery-cisd-algoalpha	1h	LINKUSD	514	298	-497.09	0.780	-0.061	-812.73	2	167	262	-0.090	252	-0.032
change-in-state-of-delivery-cisd-algoalpha	4h	DOGEUSD	247	140	120.42	1.072	0.028	-117.17	5	333	120	0.117	127	-0.055
change-in-state-of-delivery-cisd-algoalpha	15m	ZECUSD	866	503	-764.32	0.712	-0.082	-925.56	0	83	384	-0.107	482	-0.062
change-in-state-of-delivery-cisd-algoalpha	1h	AVAXUSD	505	271	-669.32	0.696	-0.104	-862.77	2	167	247	-0.092	258	-0.116
change-in-state-of-delivery-cisd-algoalpha	4h	LINKUSD	249	133	-99.92	0.935	-0.015	-319.55	4	333	120	0.002	129	-0.030
ai-adaptive-money-flow-index-clustering	1h	XRPUSD	749	372	-835.83	0.631	-0.116	-959.20	0	167	368	-0.112	381	-0.119
change-in-state-of-delivery-cisd-algoalpha	1h	ZECUSD	476	276	-196.83	0.919	-0.013	-470.88	3	167	252	-0.047	224	0.024
donchian-trend-ranges	15m	BTCUSD	124	48	-485.49	0.253	-0.270	-625.83	0	83	50	-0.344	74	-0.220
change-in-state-of-delivery-cisd-algoalpha	4h	AVAXUSD	250	141	48.83	1.028	0.015	-315.06	4	333	124	0.090	126	-0.058
donchian-trend-ranges	1h	BTCUSD	248	107	-514.12	0.514	-0.147	-709.42	0	167	114	-0.131	134	-0.160
donchian-trend-ranges	15m	ETHUSD	296	132	-628.49	0.439	-0.165	-846.09	0	83	127	-0.188	169	-0.147
change-in-state-of-delivery-cisd-algoalpha	4h	ZECUSD	219	135	581.50	1.386	0.119	464.70	6	333	103	0.197	116	0.049
donchian-trend-ranges	1h	ETHUSD	283	126	-456.73	0.609	-0.106	-711.12	2	167	114	-0.127	169	-0.091
donchian-trend-ranges	15m	SOLUSD	314	142	-714.52	0.407	-0.205	-874.65	0	83	106	-0.177	208	-0.220
donchian-trend-ranges	4h	BTCUSD	135	66	-201.74	0.672	-0.085	-368.14	2	333	81	-0.112	54	-0.046
donchian-trend-ranges	1h	SOLUSD	251	115	-501.44	0.569	-0.142	-690.13	1	167	110	-0.104	141	-0.172
donchian-trend-ranges	15m	XRPUSD	297	130	-692.00	0.418	-0.195	-851.60	1	83	73	-0.241	224	-0.180
donchian-trend-ranges	4h	ETHUSD	159	70	-231.60	0.716	-0.080	-303.46	3	333	79	-0.010	80	-0.149
donchian-trend-ranges	1h	XRPUSD	254	131	-389.50	0.663	-0.094	-659.07	3	167	116	-0.051	138	-0.129
donchian-trend-ranges	15m	DOGEUSD	318	157	-639.71	0.486	-0.158	-833.49	0	83	109	-0.155	209	-0.160
donchian-trend-ranges	4h	SOLUSD	151	70	-141.30	0.806	-0.054	-266.78	2	333	85	-0.053	66	-0.056
donchian-trend-ranges	1h	DOGEUSD	328	154	-541.01	0.611	-0.116	-777.99	1	167	153	-0.099	175	-0.131
donchian-trend-ranges	15m	LINKUSD	398	169	-783.04	0.453	-0.189	-930.31	0	83	118	-0.222	280	-0.175
donchian-trend-ranges	4h	XRPUSD	148	65	-284.52	0.640	-0.110	-380.51	2	333	75	-0.079	73	-0.141
ai-adaptive-money-flow-index-clustering	15m	XRPUSD	873	463	-905.50	0.542	-0.132	-980.07	0	83	175	-0.141	698	-0.129
donchian-trend-ranges	1h	LINKUSD	296	142	-384.56	0.698	-0.079	-711.50	1	167	151	-0.134	145	-0.022
donchian-trend-ranges	15m	AVAXUSD	422	180	-825.73	0.431	-0.205	-927.37	0	83	144	-0.201	278	-0.207
donchian-trend-ranges	4h	DOGEUSD	141	74	-44.71	0.943	-0.013	-180.29	4	333	67	0.107	74	-0.121
donchian-trend-ranges	1h	AVAXUSD	333	147	-626.46	0.578	-0.143	-809.67	0	167	161	-0.157	172	-0.131
donchian-trend-ranges	15m	ZECUSD	495	228	-600.37	0.645	-0.090	-840.33	2	83	237	-0.125	258	-0.057
ai-adaptive-money-flow-index-clustering	4h	AVAXUSD	363	216	1571.63	1.532	0.137	677.80	8	333	174	0.198	189	0.081
donchian-trend-ranges	4h	LINKUSD	138	71	-36.61	0.949	-0.010	-196.67	5	333	86	-0.015	52	-0.003
donchian-trend-ranges	1h	ZECUSD	282	130	-357.24	0.705	-0.077	-503.43	1	167	124	-0.129	158	-0.037
dynamic-median-momentum-oscillator	15m	BTCUSD	103	66	-227.06	0.577	-0.123	-394.85	0	83	30	-0.187	73	-0.097
donchian-trend-ranges	4h	AVAXUSD	161	71	64.63	1.060	0.029	-89.48	5	333	81	0.084	80	-0.027
dynamic-median-momentum-oscillator	1h	BTCUSD	185	116	-286.90	0.719	-0.087	-535.24	2	167	97	-0.078	88	-0.098
dynamic-median-momentum-oscillator	15m	ETHUSD	216	148	-130.81	0.869	-0.026	-560.05	3	83	85	-0.091	131	0.016
donchian-trend-ranges	4h	ZECUSD	92	54	360.12	1.964	0.187	390.40	6	333	48	0.190	44	0.183
dynamic-median-momentum-oscillator	1h	ETHUSD	224	134	-402.13	0.690	-0.112	-623.80	2	167	112	-0.028	112	-0.195
ai-adaptive-money-flow-index-clustering	1h	DOGEUSD	754	370	-823.49	0.657	-0.111	-953.45	0	167	355	-0.070	399	-0.147
dynamic-median-momentum-oscillator	4h	BTCUSD	99	70	104.03	1.182	0.058	-44.65	3	333	50	0.069	49	0.047
dynamic-median-momentum-oscillator	1h	SOLUSD	223	142	-164.22	0.862	-0.036	-423.50	3	167	121	-0.092	102	0.030
dynamic-median-momentum-oscillator	15m	SOLUSD	287	171	-649.94	0.485	-0.187	-834.82	1	83	93	-0.116	194	-0.222
dynamic-median-momentum-oscillator	4h	ETHUSD	114	73	-28.29	0.959	-0.009	-106.83	5	333	62	-0.060	52	0.052
dynamic-median-momentum-oscillator	1h	XRPUSD	206	127	-408.51	0.632	-0.123	-584.44	1	167	104	-0.084	102	-0.162
dynamic-median-momentum-oscillator	15m	XRPUSD	251	148	-516.12	0.591	-0.140	-746.83	1	83	64	-0.236	187	-0.107
dynamic-median-momentum-oscillator	4h	SOLUSD	116	68	-187.47	0.722	-0.095	-253.78	2	333	60	-0.150	56	-0.036
dynamic-median-momentum-oscillator	1h	DOGEUSD	218	127	-386.40	0.705	-0.106	-535.73	2	167	116	-0.100	102	-0.113
dynamic-median-momentum-oscillator	15m	DOGEUSD	272	166	-484.05	0.636	-0.116	-759.37	0	83	79	-0.238	193	-0.066
dynamic-median-momentum-oscillator	4h	XRPUSD	105	71	71.46	1.116	0.038	5.36	6	333	52	0.027	53	0.049
dynamic-median-momentum-oscillator	1h	LINKUSD	230	144	-282.07	0.792	-0.068	-578.90	3	167	116	-0.019	114	-0.117
dynamic-median-momentum-oscillator	15m	LINKUSD	292	186	-285.97	0.819	-0.052	-681.63	0	83	85	-0.051	207	-0.052
dynamic-median-momentum-oscillator	4h	DOGEUSD	117	77	26.38	1.034	0.017	-36.23	4	333	60	-0.016	57	0.052
dynamic-median-momentum-oscillator	1h	AVAXUSD	224	144	-215.81	0.837	-0.049	-525.46	2	167	115	-0.021	109	-0.079
dynamic-median-momentum-oscillator	15m	AVAXUSD	302	183	-468.56	0.699	-0.099	-796.61	1	83	111	-0.108	191	-0.094
dynamic-median-momentum-oscillator	4h	LINKUSD	114	69	-124.44	0.841	-0.053	-207.32	4	333	52	-0.025	62	-0.075
dynamic-median-momentum-oscillator	1h	ZECUSD	210	138	138.75	1.103	0.042	7.01	3	167	114	0.021	96	0.066
dynamic-median-momentum-oscillator	15m	ZECUSD	418	245	-533.87	0.760	-0.093	-781.62	1	83	197	-0.059	221	-0.123
dynamic-median-momentum-oscillator	4h	AVAXUSD	122	68	-202.51	0.770	-0.088	-298.80	2	333	62	-0.042	60	-0.135
exponential-trend	15m	BTCUSD	2	1	-11.27	0.375	-0.284	-15.64	0	83	2	-0.284	0	0.000
exponential-trend	1h	BTCUSD	2	2	17.62	99.000	0.448	10.90	1	167	2	0.448	0	0.000
dynamic-median-momentum-oscillator	4h	ZECUSD	93	63	254.90	1.473	0.144	170.82	5	333	51	0.098	42	0.200
exponential-trend	15m	ETHUSD	1	1	15.03	99.000	0.755	10.03	1	83	1	0.755	0	0.000
ai-adaptive-money-flow-index-clustering	4h	ZECUSD	381	222	302.74	1.122	0.045	104.76	4	333	176	0.114	205	-0.015
exponential-trend	1h	ETHUSD	3	1	-35.02	0.111	-0.593	-34.99	0	167	3	-0.593	0	0.000
exponential-trend	4h	BTCUSD	10	7	-9.72	0.832	-0.045	-13.10	2	333	10	-0.045	0	0.000
exponential-trend	15m	SOLUSD	1	1	3.36	99.000	0.170	2.57	1	83	1	0.170	0	0.000
exponential-trend	1h	SOLUSD	23	15	-36.51	0.766	-0.071	-73.80	1	167	23	-0.071	0	0.000
exponential-trend	4h	ETHUSD	10	6	-23.21	0.699	-0.120	-32.54	1	333	10	-0.120	0	0.000
fibonacci-entry-bands	15m	BTCUSD	148	101	-192.22	0.742	-0.069	-499.59	1	83	45	-0.045	103	-0.080
exponential-trend	15m	XRPUSD	6	4	-6.44	0.822	-0.050	-22.68	0	83	6	-0.050	0	0.000
exponential-trend	1h	XRPUSD	6	4	1.92	1.048	0.021	-11.47	1	167	6	0.021	0	0.000
ai-adaptive-money-flow-index-clustering	15m	DOGEUSD	887	455	-910.74	0.546	-0.133	-980.23	0	83	211	-0.188	676	-0.116
exponential-trend	4h	SOLUSD	4	2	-24.05	0.325	-0.317	-26.72	1	333	4	-0.317	0	0.000
exponential-trend	15m	DOGEUSD	2	1	4.86	1.263	0.132	-2.43	1	83	2	0.132	0	0.000
exponential-trend	1h	DOGEUSD	9	6	-26.20	0.563	-0.144	-36.72	0	167	9	-0.144	0	0.000
exponential-trend	4h	XRPUSD	8	3	-27.70	0.719	-0.159	-28.47	1	333	8	-0.159	0	0.000
fibonacci-entry-bands	15m	ETHUSD	370	224	-669.03	0.535	-0.146	-887.98	0	83	153	-0.208	217	-0.102
exponential-trend	15m	LINKUSD	5	3	-10.52	0.728	-0.100	-24.61	0	83	5	-0.100	0	0.000
ai-adaptive-money-flow-index-clustering	1h	LINKUSD	759	397	-782.25	0.721	-0.097	-944.95	0	167	348	-0.055	411	-0.132
exponential-trend	4h	DOGEUSD	10	9	84.14	4.905	0.415	78.23	3	333	10	0.415	0	0.000
exponential-trend	1h	LINKUSD	17	11	-11.83	0.899	-0.029	-36.33	1	167	17	-0.029	0	0.000
fibonacci-entry-bands	15m	SOLUSD	482	329	-483.49	0.724	-0.066	-856.33	2	83	148	-0.094	334	-0.054
exponential-trend	4h	LINKUSD	25	16	9.84	1.053	0.028	-1.19	4	333	13	0.138	12	-0.091
exponential-trend	15m	AVAXUSD	1	0	-19.98	0.000	-1.000	-19.98	0	83	1	-1.000	0	0.000
exponential-trend	1h	AVAXUSD	5	2	-34.83	0.303	-0.350	-39.31	0	167	5	-0.350	0	0.000
exponential-trend	4h	AVAXUSD	5	3	-14.18	0.648	-0.136	-16.84	1	333	5	-0.136	0	0.000
exponential-trend	15m	ZECUSD	1	1	5.25	99.000	0.264	-19.21	1	83	1	0.264	0	0.000
exponential-trend	1h	ZECUSD	3	1	-5.02	0.873	-0.072	-8.31	0	167	3	-0.072	0	0.000
exponential-trend	4h	ZECUSD	14	11	52.12	1.969	0.181	-7.88	4	333	7	-0.015	7	0.377
fibonacci-entry-bands	15m	XRPUSD	434	285	-557.95	0.707	-0.090	-864.00	2	83	113	-0.039	321	-0.107
fibonacci-entry-bands	1h	BTCUSD	349	211	-483.91	0.737	-0.092	-760.02	1	167	194	-0.010	155	-0.193
fibonacci-entry-bands	4h	BTCUSD	188	110	-344.76	0.667	-0.115	-470.78	1	333	96	-0.136	92	-0.092
half-trend-heikinashi	15m	BTCUSD	43	33	-32.44	0.830	-0.035	-159.24	3	83	14	0.059	29	-0.081
fibonacci-entry-bands	1h	ETHUSD	380	238	-396.89	0.823	-0.061	-714.22	2	167	189	0.026	191	-0.148
fibonacci-entry-bands	4h	ETHUSD	187	115	-232.62	0.799	-0.067	-313.64	3	333	92	-0.026	95	-0.106
half-trend-heikinashi	15m	ETHUSD	107	68	-320.72	0.494	-0.177	-529.34	1	83	40	-0.167	67	-0.183
fibonacci-entry-bands	15m	DOGEUSD	465	298	-634.65	0.634	-0.104	-880.17	0	83	130	-0.213	335	-0.061
fibonacci-entry-bands	1h	SOLUSD	384	251	-380.98	0.822	-0.061	-659.60	2	167	188	0.038	196	-0.156
fibonacci-entry-bands	4h	SOLUSD	192	117	-125.13	0.904	-0.028	-269.30	2	333	93	0.055	99	-0.105
half-trend-heikinashi	15m	SOLUSD	124	78	-329.84	0.539	-0.157	-566.06	1	83	44	-0.328	80	-0.063
fibonacci-entry-bands	1h	XRPUSD	407	260	-414.72	0.809	-0.061	-770.87	1	167	199	-0.021	208	-0.099
fibonacci-entry-bands	4h	XRPUSD	198	123	-198.34	0.844	-0.051	-349.92	3	333	94	-0.056	104	-0.046
half-trend-heikinashi	15m	XRPUSD	100	61	-254.68	0.612	-0.141	-455.31	1	83	22	-0.201	78	-0.124
fibonacci-entry-bands	15m	LINKUSD	498	320	-467.06	0.815	-0.058	-872.39	3	83	134	-0.051	364	-0.061
fibonacci-entry-bands	1h	DOGEUSD	396	240	-469.10	0.787	-0.074	-736.11	1	167	195	-0.015	201	-0.132
fibonacci-entry-bands	4h	DOGEUSD	211	138	223.14	1.151	0.054	-1.03	6	333	98	0.082	113	0.030
half-trend-heikinashi	15m	DOGEUSD	118	65	-436.10	0.430	-0.238	-555.22	2	83	37	-0.365	81	-0.180
fibonacci-entry-bands	1h	LINKUSD	423	284	54.49	1.022	0.011	-620.14	4	167	209	0.023	214	0.001
fibonacci-entry-bands	4h	LINKUSD	207	128	-6.88	0.995	0.006	-185.23	4	333	103	0.006	104	0.005
fibonacci-entry-bands	15m	AVAXUSD	497	314	-518.53	0.758	-0.069	-888.69	2	83	176	-0.103	321	-0.050
half-trend-heikinashi	15m	LINKUSD	156	90	-481.90	0.473	-0.205	-672.72	1	83	50	-0.354	106	-0.135
fibonacci-entry-bands	4h	AVAXUSD	218	122	-337.56	0.732	-0.089	-494.32	3	333	112	-0.177	106	0.004
fibonacci-entry-bands	1h	AVAXUSD	414	268	-46.52	0.982	0.000	-626.81	4	167	209	0.032	205	-0.032
fibonacci-entry-bands	15m	ZECUSD	735	477	-495.79	0.840	-0.043	-897.75	2	83	362	-0.031	373	-0.054
fibonacci-entry-bands	4h	ZECUSD	185	116	128.26	1.107	0.043	40.57	3	333	86	0.011	99	0.070
half-trend-heikinashi	15m	AVAXUSD	181	108	-414.90	0.624	-0.142	-686.83	1	83	72	-0.102	109	-0.168
fibonacci-entry-bands	1h	ZECUSD	363	220	-393.39	0.840	-0.068	-551.35	3	167	171	0.039	192	-0.164
half-trend-heikinashi	4h	BTCUSD	63	37	-98.53	0.802	-0.079	-186.81	2	333	33	0.015	30	-0.183
half-trend-heikinashi	1h	BTCUSD	81	58	0.26	1.001	0.006	-173.48	4	167	38	0.045	43	-0.029
half-trend-heikinashi	15m	ZECUSD	206	145	-6.66	0.994	0.003	-488.41	5	83	94	-0.057	112	0.054
half-trend-heikinashi	4h	ETHUSD	55	33	-115.52	0.724	-0.108	-130.19	4	333	28	0.012	27	-0.232
half-trend-heikinashi	1h	ETHUSD	97	64	-37.97	0.943	-0.014	-161.85	3	167	51	0.124	46	-0.167
high-probability-order-blocks	1h	BTCUSD	93	53	-200.81	0.663	-0.118	-392.82	1	167	42	-0.295	51	0.027
half-trend-heikinashi	4h	SOLUSD	58	39	3.69	1.010	0.009	-47.17	4	333	28	0.082	30	-0.059
high-probability-order-blocks	15m	BTCUSD	69	52	-42.55	0.850	-0.030	-193.39	3	83	8	-0.072	61	-0.025
half-trend-heikinashi	1h	SOLUSD	92	59	-153.61	0.743	-0.086	-280.97	2	167	45	-0.097	47	-0.076
half-trend-heikinashi	4h	XRPUSD	66	40	-40.30	0.920	-0.021	-97.08	4	333	27	-0.028	39	-0.016
high-probability-order-blocks	1h	ETHUSD	105	65	-87.85	0.874	-0.035	-309.35	4	167	54	-0.057	51	-0.012
half-trend-heikinashi	1h	XRPUSD	103	68	-155.08	0.756	-0.077	-226.73	3	167	54	-0.098	49	-0.053
half-trend-heikinashi	4h	DOGEUSD	63	39	-29.25	0.945	-0.013	-60.70	2	333	32	0.323	31	-0.360
high-probability-order-blocks	15m	ETHUSD	139	92	-285.32	0.641	-0.117	-503.28	1	83	42	-0.059	97	-0.142
half-trend-heikinashi	1h	DOGEUSD	109	73	-84.52	0.880	-0.035	-287.18	3	167	54	-0.008	55	-0.061
half-trend-heikinashi	4h	LINKUSD	49	34	112.71	1.354	0.117	18.65	5	333	23	0.252	26	-0.002
high-probability-order-blocks	1h	SOLUSD	112	70	-218.40	0.701	-0.110	-338.62	4	167	41	0.049	71	-0.202
half-trend-heikinashi	1h	LINKUSD	115	76	86.38	1.101	0.045	-195.54	4	167	60	0.132	55	-0.050
half-trend-heikinashi	4h	AVAXUSD	50	36	258.56	1.799	0.245	100.22	7	333	24	0.376	26	0.124
high-probability-order-blocks	15m	SOLUSD	143	87	-353.00	0.577	-0.152	-577.08	1	83	52	-0.144	91	-0.156
half-trend-heikinashi	1h	AVAXUSD	118	71	-172.25	0.803	-0.073	-318.61	3	167	62	-0.043	56	-0.106
half-trend-heikinashi	4h	ZECUSD	59	39	101.16	1.232	0.110	22.17	5	333	29	0.294	30	-0.069
high-probability-order-blocks	1h	XRPUSD	92	63	-41.40	0.922	-0.018	-287.87	5	167	39	-0.010	53	-0.024
half-trend-heikinashi	1h	ZECUSD	106	76	189.52	1.320	0.090	-13.75	5	167	51	0.071	55	0.108
high-probability-order-blocks	4h	BTCUSD	30	26	180.02	3.158	0.288	121.42	8	333	14	0.307	16	0.271
high-probability-order-blocks	15m	XRPUSD	117	68	-439.18	0.377	-0.243	-505.04	0	83	36	-0.305	81	-0.215
high-probability-order-blocks	1h	DOGEUSD	92	60	-154.53	0.744	-0.087	-258.93	3	167	34	-0.029	58	-0.120
high-probability-order-blocks	4h	ETHUSD	35	26	78.60	1.410	0.112	93.57	5	333	21	0.290	14	-0.154
ai-adaptive-money-flow-index-clustering	15m	LINKUSD	932	479	-883.81	0.710	-0.112	-980.05	1	83	231	-0.058	701	-0.129
high-probability-order-blocks	1h	LINKUSD	98	64	-72.77	0.882	-0.033	-272.35	4	167	50	-0.179	48	0.119
high-probability-order-blocks	4h	SOLUSD	27	19	113.01	1.689	0.227	93.18	6	333	14	0.417	13	0.022
high-probability-order-blocks	15m	DOGEUSD	123	93	52.68	1.085	0.025	-293.97	5	83	34	0.071	89	0.007
high-probability-order-blocks	1h	AVAXUSD	92	60	34.20	1.053	0.029	-191.87	4	167	45	0.036	47	0.022
high-probability-order-blocks	4h	XRPUSD	34	21	7.79	1.031	0.018	-44.86	3	333	18	-0.008	16	0.048
high-probability-order-blocks	15m	LINKUSD	103	65	-21.85	0.973	-0.003	-230.19	6	83	28	0.417	75	-0.159
ai-adaptive-money-flow-index-clustering	1h	AVAXUSD	766	398	-729.84	0.685	-0.081	-924.53	1	167	385	-0.116	381	-0.045
high-probability-order-blocks	1h	ZECUSD	97	56	-145.48	0.793	-0.078	-253.85	2	167	41	-0.126	56	-0.043
high-probability-order-blocks	4h	DOGEUSD	61	44	216.54	1.555	0.170	89.85	6	333	33	0.254	28	0.069
high-volume-pivot-support-resistance-zones	15m	BTCUSD	35	21	-104.17	0.560	-0.156	-196.70	1	83	14	-0.164	21	-0.150
high-probability-order-blocks	15m	AVAXUSD	147	91	-99.52	0.920	-0.028	-463.69	4	83	71	0.250	76	-0.288
high-probability-order-blocks	4h	LINKUSD	43	25	-79.47	0.762	-0.093	-101.85	3	333	21	0.003	22	-0.184
high-volume-pivot-support-resistance-zones	1h	BTCUSD	60	36	-253.00	0.371	-0.245	-338.29	1	167	16	-0.405	44	-0.187
high-probability-order-blocks	15m	ZECUSD	164	109	-91.03	0.914	-0.027	-383.50	3	83	67	0.038	97	-0.072
high-probability-order-blocks	4h	AVAXUSD	38	27	90.32	1.370	0.122	70.91	3	333	18	0.319	20	-0.055
high-volume-pivot-support-resistance-zones	1h	ETHUSD	80	52	-153.00	0.696	-0.100	-282.98	3	167	28	-0.079	52	-0.111
ai-adaptive-money-flow-index-clustering	1h	ZECUSD	774	413	-559.38	0.809	-0.048	-775.72	3	167	388	-0.068	386	-0.028
high-probability-order-blocks	4h	ZECUSD	46	31	39.62	1.152	0.055	23.87	5	333	21	-0.206	25	0.275
high-volume-pivot-support-resistance-zones	4h	BTCUSD	22	15	-56.72	0.563	-0.138	-93.28	2	333	8	-0.201	14	-0.102
hullinger-bands	15m	BTCUSD	178	75	-488.41	0.394	-0.189	-676.33	1	83	44	-0.178	134	-0.193
hullinger-bands	1h	BTCUSD	409	188	-608.00	0.623	-0.114	-853.73	0	167	231	-0.087	178	-0.150
ai-adaptive-money-flow-index-clustering	15m	AVAXUSD	928	520	-787.33	0.716	-0.079	-980.04	0	83	327	-0.068	601	-0.086
hullinger-bands	15m	ETHUSD	483	221	-768.66	0.441	-0.151	-948.34	0	83	200	-0.202	283	-0.114
hullinger-bands	1h	ETHUSD	479	214	-674.88	0.614	-0.115	-866.89	0	167	222	-0.079	257	-0.146
high-volume-pivot-support-resistance-zones	1h	SOLUSD	68	39	-267.06	0.425	-0.234	-303.93	2	167	28	-0.327	40	-0.169
hullinger-bands	15m	SOLUSD	622	285	-853.72	0.434	-0.163	-950.63	0	83	172	-0.199	450	-0.149
hullinger-bands	1h	SOLUSD	459	222	-572.11	0.691	-0.093	-812.01	0	167	221	-0.065	238	-0.119
high-volume-pivot-support-resistance-zones	4h	ETHUSD	27	20	24.57	1.173	0.050	-24.30	4	333	11	0.105	16	0.012
hullinger-bands	15m	XRPUSD	553	242	-825.55	0.487	-0.155	-956.36	1	83	111	-0.166	442	-0.153
hullinger-bands	1h	XRPUSD	437	211	-612.33	0.593	-0.105	-849.16	0	167	229	-0.122	208	-0.087
high-volume-pivot-support-resistance-zones	1h	XRPUSD	64	37	-125.50	0.751	-0.096	-236.37	3	167	25	-0.185	39	-0.039
hullinger-bands	15m	DOGEUSD	583	250	-886.54	0.409	-0.185	-974.32	0	83	169	-0.214	414	-0.173
hullinger-bands	1h	DOGEUSD	507	230	-625.62	0.687	-0.093	-851.53	1	167	248	-0.079	259	-0.107
high-volume-pivot-support-resistance-zones	4h	SOLUSD	24	16	38.02	1.237	0.097	26.01	3	333	11	0.255	13	-0.037
hullinger-bands	15m	LINKUSD	637	278	-848.32	0.517	-0.145	-970.77	1	83	169	-0.162	468	-0.139
hullinger-bands	1h	LINKUSD	478	231	-589.17	0.692	-0.090	-850.08	1	167	253	-0.096	225	-0.083
high-volume-pivot-support-resistance-zones	1h	DOGEUSD	61	45	13.74	1.042	0.015	-143.90	5	167	26	-0.061	35	0.072
hullinger-bands	15m	AVAXUSD	674	286	-919.31	0.440	-0.185	-980.24	0	83	247	-0.202	427	-0.175
hullinger-bands	1h	AVAXUSD	473	222	-461.94	0.774	-0.061	-768.09	1	167	251	-0.083	222	-0.036
high-volume-pivot-support-resistance-zones	4h	XRPUSD	25	17	10.21	1.062	0.027	-36.00	4	333	4	0.531	21	-0.069
hullinger-bands	15m	ZECUSD	924	417	-865.03	0.594	-0.110	-954.07	1	83	480	-0.167	444	-0.050
high-volume-pivot-support-resistance-zones	4h	DOGEUSD	34	24	39.82	1.192	0.065	-14.90	4	333	14	0.201	20	-0.031
hullinger-bands	4h	BTCUSD	202	110	-62.75	0.940	-0.012	-304.25	5	333	102	0.009	100	-0.033
hullinger-bands	1h	ZECUSD	436	202	-469.71	0.735	-0.074	-684.87	3	167	238	-0.109	198	-0.032
institutional-displacement-volume-delta	15m	BTCUSD	70	44	-221.25	0.493	-0.177	-314.53	2	83	18	-0.209	52	-0.166
hullinger-bands	4h	ETHUSD	230	109	-13.04	0.990	0.002	-203.21	4	333	102	0.108	128	-0.083
institutional-displacement-volume-delta	1h	BTCUSD	190	130	-141.52	0.849	-0.037	-446.04	2	167	99	-0.098	91	0.029
institutional-displacement-volume-delta	15m	ETHUSD	179	106	-410.05	0.643	-0.141	-668.63	1	83	67	-0.110	112	-0.160
hullinger-bands	4h	SOLUSD	231	109	-214.43	0.802	-0.054	-340.55	1	333	111	-0.004	120	-0.100
institutional-displacement-volume-delta	1h	ETHUSD	193	128	22.92	1.021	0.013	-406.54	4	167	97	-0.050	96	0.076
institutional-displacement-volume-delta	15m	SOLUSD	233	143	-451.21	0.673	-0.127	-739.34	1	83	71	-0.138	162	-0.122
hullinger-bands	4h	XRPUSD	250	106	-361.73	0.696	-0.086	-529.31	0	333	124	-0.084	126	-0.089
institutional-displacement-volume-delta	1h	SOLUSD	188	123	-148.43	0.867	-0.039	-346.24	3	167	95	-0.079	93	0.001
institutional-displacement-volume-delta	15m	XRPUSD	236	134	-653.47	0.439	-0.220	-774.65	0	83	49	-0.284	187	-0.203
hullinger-bands	4h	DOGEUSD	237	109	-165.05	0.879	-0.034	-373.90	3	333	103	0.040	134	-0.090
institutional-displacement-volume-delta	1h	XRPUSD	201	148	217.15	1.201	0.054	-120.01	5	167	104	0.062	97	0.046
institutional-displacement-volume-delta	15m	DOGEUSD	268	159	-505.67	0.607	-0.125	-733.15	2	83	87	-0.375	181	-0.005
hullinger-bands	4h	LINKUSD	241	116	-80.75	0.936	-0.013	-283.23	4	333	121	0.010	120	-0.037
institutional-displacement-volume-delta	1h	DOGEUSD	197	129	-197.62	0.819	-0.051	-485.47	3	167	102	-0.084	95	-0.017
institutional-displacement-volume-delta	15m	LINKUSD	333	205	-492.01	0.750	-0.096	-761.83	3	83	100	0.029	233	-0.150
hullinger-bands	4h	AVAXUSD	240	114	-107.31	0.921	-0.018	-321.02	3	333	94	0.089	146	-0.088
institutional-displacement-volume-delta	1h	LINKUSD	231	151	-132.32	0.904	-0.026	-527.97	3	167	129	-0.027	102	-0.024
institutional-displacement-volume-delta	15m	AVAXUSD	373	218	-611.36	0.650	-0.122	-840.81	0	83	169	-0.126	204	-0.118
hullinger-bands	4h	ZECUSD	211	101	367.08	1.306	0.090	250.19	6	333	98	0.147	113	0.041
institutional-displacement-volume-delta	1h	AVAXUSD	239	139	-415.45	0.690	-0.107	-588.02	3	167	115	-0.173	124	-0.045
institutional-displacement-volume-delta	15m	ZECUSD	468	269	-687.98	0.669	-0.126	-894.17	2	83	249	-0.146	219	-0.104
high-volume-pivot-support-resistance-zones	1h	LINKUSD	49	28	-165.26	0.557	-0.179	-257.35	2	167	11	-0.539	38	-0.075
institutional-displacement-volume-delta	4h	BTCUSD	86	61	36.88	1.076	0.027	-137.29	3	333	42	0.091	44	-0.033
kalman-step-signals	15m	BTCUSD	57	39	-102.52	0.687	-0.091	-160.01	3	83	14	-0.192	43	-0.058
high-volume-pivot-support-resistance-zones	4h	LINKUSD	21	15	-8.54	0.928	-0.017	-19.43	3	333	6	0.135	15	-0.078
high-volume-pivot-support-resistance-zones	1h	AVAXUSD	61	41	28.56	1.077	0.032	-132.61	3	167	32	-0.181	29	0.268
kalman-step-signals	15m	ETHUSD	127	90	-143.29	0.757	-0.058	-349.62	2	83	48	-0.136	79	-0.010
institutional-displacement-volume-delta	1h	ZECUSD	179	117	107.21	1.093	0.039	25.75	4	167	78	-0.019	101	0.085
high-volume-pivot-support-resistance-zones	4h	AVAXUSD	34	25	104.88	1.566	0.153	46.47	5	333	14	0.114	20	0.181
kalman-step-signals	15m	SOLUSD	154	109	-113.61	0.856	-0.034	-400.33	4	83	41	0.062	113	-0.070
kalman-step-signals	1h	BTCUSD	105	61	-288.07	0.614	-0.161	-424.90	1	167	52	-0.057	53	-0.262
institutional-displacement-volume-delta	4h	ETHUSD	78	55	31.50	1.065	0.028	-5.47	4	333	37	0.125	41	-0.060
high-volume-pivot-support-resistance-zones	4h	ZECUSD	15	9	67.76	1.566	0.227	50.86	2	333	5	0.932	10	-0.125
kalman-step-signals	1h	ETHUSD	146	93	-304.17	0.673	-0.119	-484.54	2	167	78	-0.037	68	-0.214
institutional-displacement-volume-delta	4h	SOLUSD	72	44	-15.32	0.970	0.003	-92.14	3	333	35	0.026	37	-0.020
kalman-step-signals	4h	BTCUSD	61	44	-3.96	0.988	0.003	-87.52	4	333	28	-0.002	33	0.006
kalman-step-signals	1h	SOLUSD	141	89	-246.66	0.739	-0.098	-403.14	3	167	74	-0.016	67	-0.188
institutional-displacement-volume-delta	4h	XRPUSD	71	47	214.75	1.422	0.148	60.42	5	333	31	0.094	40	0.191
kalman-step-signals	4h	ETHUSD	63	42	157.17	1.351	0.129	84.21	6	333	31	0.224	32	0.037
kalman-step-signals	1h	XRPUSD	136	87	-308.84	0.638	-0.131	-433.94	1	167	70	-0.093	66	-0.171
institutional-displacement-volume-delta	4h	DOGEUSD	75	51	91.35	1.176	0.066	49.76	5	333	37	0.139	38	-0.005
kalman-step-signals	4h	SOLUSD	75	50	12.45	1.025	0.013	-64.03	3	333	36	0.144	39	-0.108
kalman-step-signals	1h	DOGEUSD	143	88	-273.91	0.703	-0.106	-402.42	3	167	68	-0.092	75	-0.118
institutional-displacement-volume-delta	4h	LINKUSD	82	50	-92.81	0.843	-0.053	-156.81	1	333	30	-0.039	52	-0.061
kalman-step-signals	4h	XRPUSD	74	49	27.61	1.057	0.027	-35.74	3	333	33	0.001	41	0.049
kalman-step-signals	1h	LINKUSD	147	93	-222.46	0.760	-0.081	-428.66	3	167	74	-0.090	73	-0.071
institutional-displacement-volume-delta	4h	AVAXUSD	73	52	206.46	1.483	0.135	157.89	5	333	27	0.280	46	0.050
kalman-step-signals	4h	DOGEUSD	72	49	150.55	1.315	0.107	78.74	4	333	29	0.028	43	0.161
kalman-step-signals	1h	AVAXUSD	140	76	-511.71	0.458	-0.252	-632.59	0	167	83	-0.183	57	-0.352
institutional-displacement-volume-delta	4h	ZECUSD	67	46	31.35	1.082	0.035	40.18	4	333	34	-0.007	33	0.078
kalman-step-signals	4h	LINKUSD	67	45	49.60	1.120	0.043	-83.42	5	333	29	-0.145	38	0.186
kalman-step-signals	1h	ZECUSD	137	90	-63.77	0.928	-0.017	-282.91	3	167	65	-0.014	72	-0.020
keltner-channel-trend-smc-liquidity-sweep	15m	BTCUSD	27	15	-124.33	0.458	-0.244	-219.47	2	83	7	0.356	20	-0.454
kalman-step-signals	4h	AVAXUSD	71	38	-247.32	0.548	-0.197	-287.07	3	333	29	-0.464	42	-0.013
keltner-channel-trend-smc-liquidity-sweep	1h	BTCUSD	30	22	-22.48	0.853	-0.036	-111.06	2	167	14	-0.008	16	-0.060
kalman-step-signals	15m	XRPUSD	136	100	-78.69	0.881	-0.026	-337.66	2	83	27	-0.049	109	-0.021
keltner-channel-trend-smc-liquidity-sweep	15m	ETHUSD	37	19	-225.81	0.265	-0.343	-290.91	2	83	17	-0.322	20	-0.361
keltner-channel-trend-smc-liquidity-sweep	1h	ETHUSD	37	20	-137.48	0.551	-0.194	-186.16	1	167	16	-0.452	21	0.003
kalman-step-signals	15m	DOGEUSD	158	108	-292.96	0.650	-0.106	-545.09	3	83	41	-0.130	117	-0.097
keltner-channel-trend-smc-liquidity-sweep	15m	SOLUSD	33	17	-178.28	0.369	-0.298	-233.36	0	83	9	-0.222	24	-0.327
keltner-channel-trend-smc-liquidity-sweep	1h	SOLUSD	31	24	59.26	1.444	0.101	-16.07	5	167	16	-0.093	15	0.308
kalman-step-signals	4h	ZECUSD	68	43	-92.38	0.782	-0.078	-125.15	4	333	34	-0.102	34	-0.054
kalman-step-signals	15m	LINKUSD	135	84	-262.52	0.710	-0.106	-515.05	1	83	27	-0.030	108	-0.126
keltner-channel-trend-smc-liquidity-sweep	1h	XRPUSD	27	16	-98.77	0.516	-0.188	-154.80	1	167	9	-0.399	18	-0.082
keltner-channel-trend-smc-liquidity-sweep	4h	BTCUSD	16	10	-37.31	0.665	-0.127	-66.91	2	333	9	-0.046	7	-0.230
kalman-step-signals	15m	AVAXUSD	127	84	-235.85	0.707	-0.102	-423.36	1	83	40	0.059	87	-0.175
keltner-channel-trend-smc-liquidity-sweep	1h	DOGEUSD	36	23	-67.10	0.732	-0.092	-123.63	4	167	21	-0.118	15	-0.055
keltner-channel-trend-smc-liquidity-sweep	4h	ETHUSD	17	14	97.62	2.565	0.284	55.98	6	333	9	0.326	8	0.236
kalman-step-signals	15m	ZECUSD	217	150	-70.86	0.947	-0.012	-418.48	4	83	97	0.038	120	-0.052
keltner-channel-trend-smc-liquidity-sweep	1h	LINKUSD	29	16	5.18	1.019	0.026	-47.86	4	167	11	0.298	18	-0.140
keltner-channel-trend-smc-liquidity-sweep	4h	SOLUSD	11	7	47.20	1.573	0.232	30.85	4	333	5	0.698	6	-0.156
liquidation-levels-with-liquidity-sweeps-breakouts	15m	BTCUSD	135	79	-352.28	0.481	-0.159	-547.92	1	83	45	-0.193	90	-0.143
keltner-channel-trend-smc-liquidity-sweep	1h	AVAXUSD	24	17	-3.14	0.978	-0.003	-54.25	3	167	8	-0.011	16	0.001
keltner-channel-trend-smc-liquidity-sweep	4h	XRPUSD	11	5	-67.77	0.416	-0.312	-71.99	2	333	4	-0.510	7	-0.199
liquidation-levels-with-liquidity-sweeps-breakouts	15m	ETHUSD	295	187	-345.30	0.755	-0.067	-752.40	2	83	113	-0.057	182	-0.074
keltner-channel-trend-smc-liquidity-sweep	15m	XRPUSD	36	19	-197.68	0.343	-0.301	-226.09	1	83	10	-0.288	26	-0.306
keltner-channel-trend-smc-liquidity-sweep	1h	ZECUSD	26	17	-57.63	0.647	-0.119	-77.39	5	167	12	-0.121	14	-0.117
liquidation-levels-with-liquidity-sweeps-breakouts	15m	SOLUSD	347	229	-433.10	0.690	-0.078	-757.11	2	83	100	-0.128	247	-0.058
keltner-channel-trend-smc-liquidity-sweep	4h	DOGEUSD	12	11	119.35	6.604	0.479	80.20	5	333	4	0.565	8	0.436
keltner-channel-trend-smc-liquidity-sweep	15m	DOGEUSD	33	24	-36.45	0.789	-0.052	-98.83	2	83	7	-0.155	26	-0.025
liquidation-levels-with-liquidity-sweeps-breakouts	15m	XRPUSD	340	199	-617.85	0.566	-0.137	-853.32	0	83	82	-0.179	258	-0.123
keltner-channel-trend-smc-liquidity-sweep	4h	LINKUSD	18	11	-26.22	0.814	-0.069	-60.78	5	333	11	0.114	7	-0.356
liquidation-levels-with-liquidity-sweeps-breakouts	1h	BTCUSD	269	155	-562.28	0.567	-0.154	-755.06	0	167	145	-0.154	124	-0.154
keltner-channel-trend-smc-liquidity-sweep	15m	LINKUSD	36	24	-48.00	0.787	-0.064	-140.72	3	83	20	0.001	16	-0.145
keltner-channel-trend-smc-liquidity-sweep	4h	AVAXUSD	14	10	26.98	1.329	0.103	12.28	4	333	10	0.022	4	0.304
liquidation-levels-with-liquidity-sweeps-breakouts	1h	ETHUSD	311	180	-585.13	0.601	-0.138	-769.48	0	167	148	-0.149	163	-0.129
keltner-channel-trend-smc-liquidity-sweep	15m	AVAXUSD	29	18	-88.55	0.572	-0.156	-136.68	2	83	10	-0.123	19	-0.173
keltner-channel-trend-smc-liquidity-sweep	4h	ZECUSD	19	12	-24.46	0.811	-0.044	-28.11	3	333	10	-0.083	9	-0.001
liquidation-levels-with-liquidity-sweeps-breakouts	1h	SOLUSD	264	155	-501.75	0.652	-0.132	-702.11	1	167	135	-0.118	129	-0.146
keltner-channel-trend-smc-liquidity-sweep	15m	ZECUSD	57	33	-179.79	0.573	-0.175	-261.13	3	83	20	0.022	37	-0.281
liquidation-levels-with-liquidity-sweeps-breakouts	4h	BTCUSD	149	89	-209.33	0.781	-0.075	-354.75	3	333	68	-0.031	81	-0.112
liquidation-levels-with-liquidity-sweeps-breakouts	1h	XRPUSD	280	159	-516.22	0.642	-0.124	-737.25	0	167	134	-0.152	146	-0.098
liquidation-levels-with-liquidity-sweeps-breakouts	15m	DOGEUSD	338	211	-548.80	0.627	-0.114	-780.57	1	83	111	-0.079	227	-0.131
liquidation-levels-with-liquidity-sweeps-breakouts	4h	ETHUSD	138	86	-207.60	0.765	-0.080	-287.82	3	333	65	0.027	73	-0.175
liquidation-levels-with-liquidity-sweeps-breakouts	1h	DOGEUSD	310	178	-527.28	0.690	-0.115	-708.59	1	167	143	-0.095	167	-0.133
liquidation-levels-with-liquidity-sweeps-breakouts	15m	LINKUSD	356	221	-570.36	0.662	-0.114	-842.80	1	83	95	-0.154	261	-0.099
high-volume-pivot-support-resistance-zones	1h	ZECUSD	55	27	-277.95	0.405	-0.295	-340.56	1	167	18	-0.118	37	-0.381
liquidation-levels-with-liquidity-sweeps-breakouts	4h	SOLUSD	130	74	-203.82	0.755	-0.091	-326.60	2	333	70	0.016	60	-0.215
liquidation-levels-with-liquidity-sweeps-breakouts	1h	LINKUSD	295	189	-178.14	0.910	-0.027	-534.73	3	167	140	0.018	155	-0.069
liquidity-sweep-filter	15m	BTCUSD	124	85	-286.91	0.531	-0.134	-492.99	0	83	32	-0.291	92	-0.079
liquidation-levels-with-liquidity-sweeps-breakouts	4h	XRPUSD	127	70	-232.45	0.741	-0.098	-280.49	2	333	56	-0.015	71	-0.164
liquidation-levels-with-liquidity-sweeps-breakouts	1h	AVAXUSD	297	185	-336.62	0.788	-0.064	-577.66	2	167	148	-0.101	149	-0.027
liquidation-levels-with-liquidity-sweeps-breakouts	15m	AVAXUSD	318	207	-134.13	0.937	-0.017	-671.76	4	83	122	0.125	196	-0.105
liquidation-levels-with-liquidity-sweeps-breakouts	4h	DOGEUSD	147	87	-243.41	0.772	-0.089	-379.11	4	333	66	0.062	81	-0.212
liquidation-levels-with-liquidity-sweeps-breakouts	1h	ZECUSD	266	166	-298.10	0.819	-0.066	-497.03	3	167	136	-0.016	130	-0.118
liquidation-levels-with-liquidity-sweeps-breakouts	15m	ZECUSD	517	315	-642.60	0.714	-0.099	-853.07	0	83	249	-0.072	268	-0.125
liquidation-levels-with-liquidity-sweeps-breakouts	4h	LINKUSD	148	96	-37.84	0.964	-0.008	-129.96	4	333	66	0.107	82	-0.100
liquidity-sweep-filter	15m	ETHUSD	276	188	-425.51	0.667	-0.097	-732.94	1	83	108	-0.120	168	-0.082
liquidity-sweep-filter	1h	BTCUSD	286	176	-615.34	0.553	-0.166	-782.70	0	167	141	-0.139	145	-0.193
ai-adaptive-money-flow-index-clustering	15m	ZECUSD	1404	765	-831.30	0.747	-0.064	-955.43	0	83	650	-0.074	754	-0.056
liquidation-levels-with-liquidity-sweeps-breakouts	4h	AVAXUSD	143	96	372.74	1.371	0.119	237.36	6	333	65	0.214	78	0.040
liquidity-sweep-hunter-algo	15m	BTCUSD	254	151	-525.28	0.537	-0.146	-765.19	0	83	73	-0.161	181	-0.140
liquidity-sweep-hunter-algo	1h	BTCUSD	499	327	-260.14	0.889	-0.025	-725.11	3	167	264	-0.037	235	-0.012
liquidation-levels-with-liquidity-sweeps-breakouts	4h	ZECUSD	125	67	-239.74	0.750	-0.113	-290.87	2	333	57	0.134	68	-0.319
liquidity-sweep-hunter-algo	15m	ETHUSD	596	362	-795.67	0.582	-0.130	-955.74	0	83	224	-0.163	372	-0.110
liquidity-sweep-filter	4h	BTCUSD	162	105	-187.27	0.824	-0.060	-290.59	3	333	78	0.019	84	-0.133
liquidity-sweep-hunter-algo	1h	ETHUSD	534	348	68.45	1.019	0.013	-617.07	4	167	254	0.062	280	-0.033
liquidity-sweep-hunter-algo	15m	SOLUSD	699	415	-888.50	0.553	-0.167	-952.12	0	83	221	-0.158	478	-0.171
liquidity-sweep-hunter-algo	4h	BTCUSD	274	181	126.33	1.070	0.028	-248.98	4	333	134	0.078	140	-0.019
liquidity-sweep-filter	1h	ETHUSD	296	189	-457.96	0.725	-0.099	-711.81	0	167	152	-0.070	144	-0.129
liquidity-sweep-filter	4h	ETHUSD	162	112	25.96	1.025	0.013	-131.85	4	333	72	0.048	90	-0.014
liquidity-sweep-hunter-algo	4h	ETHUSD	277	174	-14.37	0.993	0.003	-296.77	4	333	150	0.055	127	-0.058
liquidity-sweep-filter	15m	SOLUSD	359	248	-525.47	0.620	-0.103	-774.18	1	83	107	-0.154	252	-0.082
liquidity-sweep-hunter-algo	1h	SOLUSD	558	361	-419.62	0.834	-0.045	-700.11	3	167	262	-0.037	296	-0.052
liquidity-sweep-filter	1h	SOLUSD	341	232	-295.88	0.844	-0.049	-586.03	2	167	154	-0.018	187	-0.075
liquidity-sweep-filter	4h	SOLUSD	158	104	-6.59	0.995	0.010	-52.74	5	333	80	0.164	78	-0.148
liquidity-sweep-hunter-algo	15m	XRPUSD	620	387	-769.31	0.637	-0.113	-927.59	1	83	155	-0.207	465	-0.082
liquidity-sweep-hunter-algo	4h	SOLUSD	281	178	173.34	1.089	0.043	-110.28	4	333	142	0.059	139	0.027
liquidity-sweep-hunter-algo	1h	XRPUSD	560	355	-419.06	0.856	-0.042	-796.29	3	167	283	-0.016	277	-0.069
liquidity-sweep-filter	15m	XRPUSD	344	248	-262.60	0.842	-0.040	-671.61	2	83	83	-0.086	261	-0.025
liquidity-sweep-hunter-algo	15m	DOGEUSD	648	391	-723.52	0.688	-0.093	-951.66	1	83	195	-0.188	453	-0.053
liquidity-sweep-hunter-algo	4h	XRPUSD	271	173	302.96	1.153	0.057	-41.65	5	333	126	0.078	145	0.039
liquidity-sweep-filter	4h	XRPUSD	156	98	-325.37	0.667	-0.121	-433.61	1	333	75	-0.111	81	-0.131
liquidity-sweep-filter	1h	XRPUSD	299	183	-565.59	0.644	-0.133	-762.41	0	167	160	-0.087	139	-0.187
liquidity-sweep-hunter-algo	1h	DOGEUSD	563	354	-272.93	0.915	-0.021	-721.46	3	167	281	0.001	282	-0.044
liquidity-sweep-hunter-algo	4h	DOGEUSD	271	177	264.59	1.130	0.050	2.75	4	333	131	0.070	140	0.031
liquidity-sweep-filter	4h	DOGEUSD	157	103	-14.61	0.987	0.002	-144.94	4	333	79	-0.020	78	0.024
liquidity-sweep-hunter-algo	1h	LINKUSD	569	359	-338.70	0.878	-0.030	-838.21	3	167	277	-0.043	292	-0.018
liquidity-sweep-filter	15m	DOGEUSD	336	233	-252.27	0.844	-0.037	-707.06	2	83	95	-0.144	241	0.006
liquidity-sweep-hunter-algo	4h	LINKUSD	286	173	-192.70	0.895	-0.031	-372.00	4	333	132	-0.023	154	-0.039
liquidity-sweep-filter	4h	LINKUSD	171	122	295.15	1.262	0.082	45.08	5	333	76	0.074	95	0.088
liquidity-sweep-hunter-algo	15m	LINKUSD	732	430	-877.52	0.598	-0.139	-977.87	1	83	198	-0.146	534	-0.136
liquidity-sweep-hunter-algo	1h	AVAXUSD	542	340	-289.05	0.903	-0.025	-705.83	2	167	274	-0.048	268	-0.001
liquidity-sweep-filter	1h	DOGEUSD	329	232	-72.72	0.963	-0.006	-533.42	5	167	163	0.034	166	-0.045
liquidity-sweep-filter	4h	AVAXUSD	159	103	4.57	1.004	0.008	-153.02	5	333	75	0.038	84	-0.018
liquidity-sweep-hunter-algo	4h	AVAXUSD	284	176	-39.95	0.981	-0.000	-196.55	5	333	145	0.081	139	-0.085
liquidity-sweep-hunter-algo	1h	ZECUSD	525	345	188.04	1.054	0.024	-287.57	5	167	245	0.012	280	0.034
liquidity-sweep-filter	15m	LINKUSD	398	274	-73.25	0.967	-0.003	-646.91	3	83	111	-0.042	287	0.012
liquidity-sweep-hunter-algo	15m	AVAXUSD	676	405	-723.46	0.748	-0.089	-952.11	1	83	253	-0.063	423	-0.104
liquidity-sweep-hunter-algo	4h	ZECUSD	243	160	518.01	1.271	0.101	358.99	5	333	111	0.098	132	0.104
liquidity-weighted-moving-averages	15m	BTCUSD	0	0	0.00	0.000	0.000	0.00	0	83	0	0.000	0	0.000
liquidity-sweep-filter	4h	ZECUSD	165	101	-245.50	0.752	-0.086	-313.48	2	333	79	-0.092	86	-0.080
liquidity-weighted-moving-averages	1h	BTCUSD	19	12	-64.86	0.521	-0.174	-117.39	2	167	10	-0.059	9	-0.301
liquidity-weighted-moving-averages	4h	BTCUSD	13	8	-44.46	0.539	-0.175	-37.84	2	333	5	0.094	8	-0.342
liquidity-weighted-moving-averages	1h	ETHUSD	3	2	-8.95	0.555	-0.146	-33.83	0	167	3	-0.146	0	0.000
liquidity-weighted-moving-averages	4h	ETHUSD	3	3	22.04	99.000	0.377	18.43	2	333	3	0.377	0	0.000
liquidity-weighted-moving-averages	1h	SOLUSD	1	1	16.21	99.000	0.827	12.69	1	167	1	0.827	0	0.000
liquidity-weighted-moving-averages	1h	XRPUSD	1	1	1.58	99.000	0.079	-0.80	1	167	1	0.079	0	0.000
liquidity-weighted-moving-averages	4h	XRPUSD	2	1	-2.31	0.886	-0.049	-4.38	0	333	2	-0.049	0	0.000
liquidity-weighted-moving-averages	4h	LINKUSD	3	3	18.15	99.000	0.305	27.95	2	333	3	0.305	0	0.000
liquidity-weighted-moving-averages	1h	ZECUSD	12	7	71.63	1.725	0.331	55.85	3	167	12	0.331	0	0.000
liquidity-sweep-filter	15m	AVAXUSD	405	292	103.98	1.044	0.018	-648.11	4	83	160	-0.031	245	0.050
liquidity-weighted-moving-averages	4h	ZECUSD	1	1	5.74	99.000	0.305	5.48	1	333	1	0.305	0	0.000
liquidity-sweep-hunter-algo	15m	ZECUSD	1035	636	-724.08	0.797	-0.057	-923.38	1	83	457	-0.096	578	-0.026
liquidity-sweep-filter	1h	LINKUSD	328	210	-487.44	0.700	-0.097	-745.80	1	167	160	-0.089	168	-0.105
machine-learning-adaptive-dmi-signals	1h	BTCUSD	248	111	-592.11	0.506	-0.181	-784.67	0	167	118	-0.114	130	-0.241
machine-learning-price-target-prediction-signals	15m	BTCUSD	14	12	34.22	1.834	0.124	7.52	5	83	7	0.162	7	0.086
liquidity-sweep-filter	1h	AVAXUSD	331	210	-404.86	0.757	-0.073	-690.93	2	167	156	-0.116	175	-0.033
liquidity-sweep-filter	15m	ZECUSD	599	416	-32.34	0.991	0.003	-783.20	3	83	282	-0.009	317	0.015
machine-learning-adaptive-dmi-signals	1h	ETHUSD	264	134	-538.80	0.576	-0.143	-737.33	1	167	118	-0.106	146	-0.173
machine-learning-adaptive-dmi-signals	4h	BTCUSD	128	71	-186.53	0.736	-0.081	-300.58	3	333	69	-0.078	59	-0.086
machine-learning-price-target-prediction-signals	15m	ETHUSD	22	17	142.38	2.403	0.321	43.84	3	83	9	0.134	13	0.450
liquidity-sweep-filter	1h	ZECUSD	320	214	-24.43	0.989	0.002	-357.67	4	167	156	0.087	164	-0.078
machine-learning-price-target-prediction-signals	1h	BTCUSD	24	12	-166.30	0.234	-0.378	-148.70	0	167	11	-0.303	13	-0.442
machine-learning-adaptive-dmi-signals	4h	ETHUSD	133	74	56.94	1.076	0.025	-26.56	3	333	59	0.098	74	-0.033
machine-learning-price-target-prediction-signals	4h	BTCUSD	11	7	-28.98	0.618	-0.134	-42.35	3	333	5	-0.186	6	-0.090
machine-learning-price-target-prediction-signals	1h	ETHUSD	25	18	-10.65	0.922	-0.018	-71.47	4	167	13	-0.152	12	0.128
machine-learning-adaptive-dmi-signals	4h	SOLUSD	141	71	-39.92	0.947	-0.015	-193.76	4	333	69	-0.003	72	-0.027
machine-learning-price-target-prediction-signals	4h	ETHUSD	7	5	6.40	1.161	0.052	-0.82	4	333	5	-0.076	2	0.374
machine-learning-price-target-prediction-signals	1h	SOLUSD	22	11	-133.05	0.328	-0.332	-172.73	2	167	11	-0.394	11	-0.269
machine-learning-adaptive-dmi-signals	4h	XRPUSD	144	68	63.22	1.070	0.028	-124.11	5	333	76	0.102	68	-0.054
machine-learning-price-target-prediction-signals	4h	SOLUSD	13	5	-104.36	0.269	-0.451	-108.45	1	333	6	-0.291	7	-0.588
machine-learning-price-target-prediction-signals	1h	XRPUSD	23	17	147.11	2.119	0.316	55.76	5	167	9	0.731	14	0.049
machine-learning-price-target-prediction-signals	15m	SOLUSD	23	15	-61.75	0.607	-0.137	-95.61	3	83	6	0.367	17	-0.314
machine-learning-price-target-prediction-signals	4h	XRPUSD	7	6	55.85	3.781	0.394	46.09	3	333	2	0.546	5	0.333
machine-learning-adaptive-dmi-signals	15m	BTCUSD	119	58	-371.19	0.428	-0.196	-543.28	1	83	37	-0.034	82	-0.269
machine-learning-adaptive-dmi-signals	4h	DOGEUSD	124	65	-126.24	0.840	-0.049	-195.67	3	333	66	0.020	58	-0.129
machine-learning-price-target-prediction-signals	4h	DOGEUSD	5	5	44.36	99.000	0.443	39.26	3	333	2	0.407	3	0.468
machine-learning-price-target-prediction-signals	1h	DOGEUSD	23	14	-100.83	0.402	-0.227	-157.09	1	167	7	-0.647	16	-0.044
machine-learning-price-target-prediction-signals	15m	XRPUSD	27	17	-23.90	0.880	-0.033	-83.73	4	83	11	-0.038	16	-0.029
machine-learning-price-target-prediction-signals	4h	LINKUSD	9	5	-24.01	0.699	-0.128	-30.88	1	333	4	-0.186	5	-0.082
machine-learning-price-target-prediction-signals	1h	LINKUSD	19	13	-27.75	0.759	-0.070	-103.12	4	167	9	-0.066	10	-0.074
machine-learning-adaptive-dmi-signals	1h	SOLUSD	298	131	-602.20	0.517	-0.157	-770.20	0	167	141	-0.171	157	-0.145
machine-learning-price-target-prediction-signals	4h	AVAXUSD	9	6	-5.62	0.906	-0.029	-13.66	2	333	4	0.069	5	-0.108
machine-learning-price-target-prediction-signals	15m	DOGEUSD	39	24	-129.53	0.539	-0.173	-207.16	2	83	15	-0.145	24	-0.190
machine-learning-price-target-prediction-signals	1h	AVAXUSD	37	21	-161.28	0.461	-0.233	-231.26	3	167	13	-0.071	24	-0.321
machine-learning-price-target-prediction-signals	4h	ZECUSD	8	5	-3.42	0.941	-0.019	-9.39	2	333	3	0.597	5	-0.388
machine-learning-adaptive-dmi-signals	15m	ETHUSD	273	129	-661.02	0.384	-0.197	-850.37	0	83	130	-0.221	143	-0.174
machine-learning-price-target-prediction-signals	1h	ZECUSD	17	13	246.01	3.493	0.721	250.59	4	167	13	1.045	4	-0.332
machine-learning-price-target-prediction-signals	15m	LINKUSD	27	22	48.63	1.488	0.091	-82.16	5	83	8	0.115	19	0.081
market-structure-confluence	15m	BTCUSD	77	34	-340.47	0.310	-0.271	-462.59	0	83	25	-0.304	52	-0.255
market-structure-confluence	1h	BTCUSD	159	83	-395.12	0.571	-0.156	-604.51	2	167	78	-0.060	81	-0.248
machine-learning-adaptive-dmi-signals	4h	LINKUSD	154	83	-50.90	0.936	-0.013	-168.73	3	333	77	0.004	77	-0.030
market-structure-confluence	15m	ETHUSD	184	106	-317.19	0.644	-0.100	-620.26	2	83	76	-0.090	108	-0.108
machine-learning-price-target-prediction-signals	15m	AVAXUSD	42	25	-53.84	0.841	-0.058	-130.45	3	83	21	0.121	21	-0.238
market-structure-confluence	1h	ETHUSD	183	98	-230.68	0.791	-0.065	-463.92	2	167	86	0.010	97	-0.131
market-structure-confluence	15m	SOLUSD	203	123	-243.30	0.763	-0.067	-562.40	3	83	72	-0.016	131	-0.095
machine-learning-adaptive-dmi-signals	4h	AVAXUSD	197	96	-146.18	0.885	-0.032	-343.54	3	333	81	0.110	116	-0.131
market-structure-confluence	1h	SOLUSD	164	104	-183.78	0.784	-0.060	-368.96	3	167	66	-0.067	98	-0.055
machine-learning-adaptive-dmi-signals	1h	XRPUSD	305	139	-660.40	0.472	-0.174	-793.86	0	167	140	-0.132	165	-0.210
market-structure-confluence	15m	XRPUSD	178	89	-581.25	0.381	-0.240	-717.59	0	83	47	-0.311	131	-0.215
market-structure-confluence	1h	XRPUSD	160	90	-217.35	0.778	-0.070	-421.65	2	167	82	-0.006	78	-0.136
machine-learning-adaptive-dmi-signals	4h	ZECUSD	125	78	305.35	1.431	0.119	225.27	7	333	70	0.168	55	0.056
market-structure-confluence	15m	DOGEUSD	209	132	-87.64	0.925	-0.016	-533.38	3	83	67	-0.050	142	0.001
machine-learning-adaptive-dmi-signals	1h	DOGEUSD	293	140	-585.14	0.595	-0.146	-778.76	1	167	142	-0.118	151	-0.172
market-structure-confluence	4h	BTCUSD	68	41	-36.91	0.907	-0.022	-124.29	5	333	29	0.181	39	-0.174
market-structure-confluence	1h	DOGEUSD	159	87	-220.31	0.764	-0.074	-400.71	2	167	76	-0.010	83	-0.132
market-structure-confluence	15m	LINKUSD	213	128	52.07	1.034	0.019	-470.25	4	83	61	0.171	152	-0.042
market-structure-confluence	4h	ETHUSD	75	40	24.76	1.052	0.023	-20.65	5	333	34	0.119	41	-0.057
market-structure-confluence	1h	LINKUSD	176	98	1.24	1.001	0.008	-442.56	3	167	93	0.069	83	-0.060
market-structure-confluence	15m	AVAXUSD	209	117	-348.81	0.723	-0.097	-607.92	1	83	83	-0.077	126	-0.110
market-structure-confluence	4h	SOLUSD	84	50	20.07	1.043	0.019	-83.06	5	333	42	0.126	42	-0.088
market-structure-confluence	1h	AVAXUSD	190	114	160.00	1.134	0.046	-213.42	4	167	90	0.010	100	0.079
machine-learning-price-target-prediction-signals	15m	ZECUSD	53	37	-80.29	0.743	-0.076	-194.19	4	83	22	0.002	31	-0.131
market-structure-confluence	15m	ZECUSD	329	198	-214.79	0.882	-0.033	-618.90	2	83	149	-0.039	180	-0.029
market-structure-confluence	1h	ZECUSD	170	105	144.92	1.137	0.050	8.15	3	167	88	0.052	82	0.048
market-structure-confluence	4h	XRPUSD	74	42	15.39	1.038	0.015	-24.25	4	333	37	0.028	37	0.003
median-proximity-percentile	15m	BTCUSD	266	133	-696.17	0.356	-0.227	-833.87	0	83	67	-0.235	199	-0.224
median-proximity-percentile	4h	BTCUSD	291	185	113.76	1.070	0.024	-242.41	4	333	137	0.033	154	0.016
market-structure-confluence	4h	DOGEUSD	71	39	-23.84	0.941	-0.013	-39.74	3	333	32	-0.064	39	0.030
median-proximity-percentile	1h	BTCUSD	542	301	-786.81	0.551	-0.144	-932.05	0	167	284	-0.134	258	-0.155
median-proximity-percentile	15m	ETHUSD	598	322	-851.85	0.508	-0.158	-967.33	1	83	221	-0.158	377	-0.158
market-structure-confluence	4h	LINKUSD	69	39	40.23	1.097	0.033	-41.35	5	333	37	0.069	32	-0.008
median-proximity-percentile	4h	ETHUSD	282	183	420.45	1.213	0.069	56.01	5	333	132	0.154	150	-0.006
median-proximity-percentile	1h	ETHUSD	614	336	-745.72	0.641	-0.108	-910.21	1	167	307	-0.120	307	-0.096
market-structure-confluence	4h	AVAXUSD	82	51	262.60	1.537	0.150	165.96	5	333	38	0.374	44	-0.044
median-proximity-percentile	4h	SOLUSD	304	191	64.56	1.038	0.015	-206.74	4	333	149	0.048	155	-0.017
median-proximity-percentile	1h	SOLUSD	625	358	-705.92	0.682	-0.102	-874.19	0	167	300	-0.088	325	-0.114
market-structure-confluence	4h	ZECUSD	81	54	147.38	1.397	0.093	116.11	6	333	49	-0.005	32	0.244
median-proximity-percentile	4h	XRPUSD	277	180	181.45	1.114	0.035	-156.12	4	333	139	0.003	138	0.067
median-proximity-percentile	1h	XRPUSD	617	358	-701.78	0.709	-0.094	-904.93	0	167	301	-0.082	316	-0.104
median-proximity-percentile	15m	SOLUSD	766	430	-890.40	0.547	-0.155	-951.93	1	83	220	-0.137	546	-0.163
median-proximity-percentile	4h	DOGEUSD	300	175	113.79	1.054	0.024	-262.86	4	333	138	0.097	162	-0.038
money-flow-divergence-zones	15m	BTCUSD	23	12	-146.26	0.265	-0.340	-193.32	1	83	8	-0.559	15	-0.223
median-proximity-percentile	15m	XRPUSD	692	388	-882.52	0.527	-0.151	-971.71	0	83	163	-0.195	529	-0.137
median-proximity-percentile	4h	LINKUSD	301	187	517.34	1.251	0.076	130.82	6	333	143	0.101	158	0.052
median-proximity-percentile	1h	DOGEUSD	614	357	-651.07	0.753	-0.081	-885.95	1	167	291	-0.055	323	-0.105
money-flow-divergence-zones	15m	ETHUSD	43	23	-218.59	0.363	-0.282	-285.08	3	83	9	-0.345	34	-0.266
median-proximity-percentile	4h	AVAXUSD	322	178	-260.10	0.863	-0.041	-474.34	2	333	150	0.008	172	-0.084
median-proximity-percentile	1h	LINKUSD	608	352	-706.49	0.727	-0.097	-916.19	0	167	290	-0.073	318	-0.118
median-proximity-percentile	15m	DOGEUSD	731	398	-900.81	0.518	-0.155	-980.35	1	83	207	-0.184	524	-0.144
median-proximity-percentile	4h	ZECUSD	289	182	1032.23	1.387	0.137	626.42	7	333	125	0.243	164	0.056
money-flow-divergence-zones	15m	SOLUSD	89	65	42.94	1.097	0.030	-218.37	5	83	24	-0.052	65	0.060
median-proximity-percentile	15m	LINKUSD	747	425	-830.92	0.693	-0.114	-972.80	0	83	183	-0.083	564	-0.124
median-proximity-percentile	1h	AVAXUSD	653	367	-600.62	0.803	-0.065	-878.81	1	167	319	-0.070	334	-0.060
money-flow-divergence-zones	1h	BTCUSD	56	30	-274.09	0.378	-0.285	-339.23	2	167	30	-0.292	26	-0.277
median-proximity-percentile	15m	AVAXUSD	786	443	-858.64	0.679	-0.120	-980.09	1	83	295	-0.071	491	-0.150
median-proximity-percentile	1h	ZECUSD	620	360	-471.20	0.863	-0.048	-678.39	4	167	311	-0.009	309	-0.087
money-flow-divergence-zones	1h	ETHUSD	56	30	-257.08	0.394	-0.262	-337.43	0	167	26	-0.382	30	-0.158
median-proximity-percentile	15m	ZECUSD	1106	602	-903.27	0.635	-0.112	-957.63	0	83	531	-0.135	575	-0.090
money-flow-divergence-zones	4h	BTCUSD	36	25	10.24	1.049	0.016	-33.92	4	333	9	0.034	27	0.010
money-flow-divergence-zones	1h	SOLUSD	64	39	-193.76	0.561	-0.171	-263.79	1	167	39	-0.169	25	-0.173
money-flow-divergence-zones	15m	XRPUSD	83	43	-446.30	0.249	-0.351	-483.80	0	83	21	-0.269	62	-0.379
multi-spectral-rsi-deviations	15m	BTCUSD	228	116	-578.01	0.447	-0.191	-773.99	1	83	49	-0.145	179	-0.203
money-flow-divergence-zones	4h	ETHUSD	37	23	-71.96	0.730	-0.099	-99.38	2	333	12	-0.163	25	-0.069
money-flow-divergence-zones	1h	XRPUSD	65	37	-225.22	0.557	-0.190	-298.88	2	167	30	-0.212	35	-0.171
multi-spectral-rsi-deviations	15m	ETHUSD	533	270	-859.91	0.529	-0.184	-969.47	0	83	191	-0.109	342	-0.225
money-flow-divergence-zones	4h	SOLUSD	32	24	105.28	1.659	0.180	59.83	5	333	10	0.303	22	0.124
money-flow-divergence-zones	1h	DOGEUSD	76	46	-153.05	0.722	-0.101	-276.79	3	167	34	-0.036	42	-0.154
machine-learning-adaptive-dmi-signals	1h	LINKUSD	292	155	-461.33	0.640	-0.102	-687.26	2	167	147	-0.145	145	-0.059
money-flow-divergence-zones	15m	DOGEUSD	82	56	-137.70	0.715	-0.086	-288.88	3	83	27	0.036	55	-0.146
money-flow-divergence-zones	4h	XRPUSD	18	13	55.10	1.562	0.156	29.83	5	333	11	-0.143	7	0.624
multi-spectral-rsi-deviations	15m	SOLUSD	652	352	-875.40	0.485	-0.170	-947.90	0	83	182	-0.173	470	-0.169
money-flow-divergence-zones	15m	LINKUSD	83	53	-211.69	0.618	-0.137	-288.51	4	83	25	0.056	58	-0.221
money-flow-divergence-zones	1h	LINKUSD	74	49	84.92	1.173	0.063	-187.22	4	167	25	0.118	49	0.036
money-flow-divergence-zones	4h	DOGEUSD	37	23	-54.71	0.795	-0.071	-106.97	3	333	11	0.040	26	-0.118
money-flow-divergence-zones	15m	AVAXUSD	72	52	128.57	1.301	0.092	-157.90	5	83	26	0.202	46	0.030
money-flow-divergence-zones	1h	AVAXUSD	75	53	-50.10	0.881	-0.031	-176.27	3	167	31	-0.041	44	-0.023
money-flow-divergence-zones	4h	LINKUSD	28	16	-84.23	0.633	-0.154	-101.15	1	333	12	-0.082	16	-0.209
money-flow-divergence-zones	15m	ZECUSD	124	79	-222.58	0.696	-0.096	-421.59	2	83	57	-0.161	67	-0.042
multi-spectral-rsi-deviations	15m	XRPUSD	575	335	-710.56	0.624	-0.104	-953.55	1	83	121	-0.155	454	-0.091
money-flow-divergence-zones	1h	ZECUSD	58	37	-60.46	0.851	-0.048	-153.87	3	167	31	-0.003	27	-0.100
multi-spectral-rsi-deviations	1h	BTCUSD	471	244	-755.13	0.559	-0.150	-916.33	0	167	261	-0.140	210	-0.162
money-flow-divergence-zones	4h	AVAXUSD	20	10	-105.18	0.436	-0.275	-116.58	2	333	10	-0.447	10	-0.104
multi-spectral-rsi-deviations	4h	BTCUSD	236	148	39.11	1.033	0.013	-245.43	4	333	120	-0.009	116	0.035
multi-spectral-rsi-deviations	15m	DOGEUSD	613	316	-844.75	0.586	-0.148	-970.60	1	83	173	-0.131	440	-0.155
money-flow-divergence-zones	4h	ZECUSD	20	12	-50.48	0.653	-0.123	-57.72	3	333	16	-0.253	4	0.395
multi-spectral-rsi-deviations	4h	ETHUSD	246	149	357.40	1.235	0.068	-5.42	5	333	112	0.137	134	0.011
multi-spectral-rsi-deviations	1h	ETHUSD	518	274	-601.96	0.719	-0.085	-883.17	1	167	267	-0.084	251	-0.086
multi-spectral-rsi-deviations	15m	LINKUSD	646	344	-876.37	0.575	-0.158	-977.95	0	83	159	-0.137	487	-0.165
multi-spectral-rsi-deviations	4h	SOLUSD	246	147	59.92	1.041	0.020	-140.43	4	333	113	0.096	133	-0.044
multi-spectral-rsi-deviations	1h	SOLUSD	511	286	-609.73	0.688	-0.093	-844.83	1	167	249	-0.093	262	-0.093
multi-spectral-rsi-deviations	15m	AVAXUSD	648	364	-805.93	0.651	-0.122	-970.43	0	83	239	-0.103	409	-0.133
multi-spectral-rsi-deviations	4h	XRPUSD	259	150	-5.90	0.996	0.004	-202.21	5	333	126	0.039	133	-0.030
multi-spectral-rsi-deviations	1h	XRPUSD	492	290	-470.98	0.783	-0.059	-812.05	2	167	236	-0.040	256	-0.077
multi-spectral-rsi-deviations	15m	ZECUSD	1005	559	-861.91	0.706	-0.104	-948.70	0	83	458	-0.112	547	-0.098
multi-spectral-rsi-deviations	4h	DOGEUSD	246	142	118.09	1.069	0.030	-157.44	4	333	115	0.115	131	-0.045
multi-spectral-rsi-deviations	1h	DOGEUSD	533	305	-548.05	0.788	-0.070	-824.88	1	167	264	-0.034	269	-0.104
nadaraya-watson-regression-liquidity-sweeps	1h	BTCUSD	142	84	-471.25	0.440	-0.225	-578.76	1	167	68	-0.183	74	-0.263
multi-spectral-rsi-deviations	4h	LINKUSD	234	151	622.73	1.414	0.110	225.11	5	333	117	0.147	117	0.074
machine-learning-adaptive-dmi-signals	15m	SOLUSD	335	167	-742.48	0.393	-0.208	-882.67	0	83	103	-0.216	232	-0.204
nadaraya-watson-regression-liquidity-sweeps	15m	BTCUSD	66	45	-108.96	0.721	-0.084	-231.29	3	83	17	-0.108	49	-0.076
multi-spectral-rsi-deviations	1h	LINKUSD	529	305	-508.85	0.790	-0.062	-848.45	1	167	257	-0.073	272	-0.051
multi-spectral-rsi-deviations	4h	AVAXUSD	249	144	124.02	1.075	0.029	-239.64	4	333	113	0.080	136	-0.013
nadaraya-watson-regression-liquidity-sweeps	1h	ETHUSD	149	99	-260.16	0.687	-0.097	-479.14	3	167	65	-0.152	84	-0.055
multi-spectral-rsi-deviations	1h	AVAXUSD	539	298	-520.71	0.800	-0.062	-819.93	1	167	272	-0.081	267	-0.042
multi-spectral-rsi-deviations	4h	ZECUSD	239	156	1278.40	1.638	0.191	963.38	5	333	107	0.297	132	0.104
machine-learning-adaptive-dmi-signals	1h	AVAXUSD	303	151	-427.56	0.749	-0.085	-700.05	3	167	160	-0.103	143	-0.066
nadaraya-watson-regression-liquidity-sweeps	1h	SOLUSD	144	100	-124.05	0.858	-0.044	-374.80	4	167	67	0.118	77	-0.186
multi-spectral-rsi-deviations	1h	ZECUSD	515	308	-65.07	0.979	-0.002	-485.09	4	167	249	0.049	266	-0.049
nadaraya-watson-regression-liquidity-sweeps	4h	BTCUSD	74	44	-136.85	0.727	-0.098	-298.32	2	333	31	-0.240	43	0.005
nadaraya-watson-regression-liquidity-sweeps	15m	ETHUSD	159	96	-414.43	0.567	-0.164	-637.32	1	83	58	-0.082	101	-0.210
nadaraya-watson-regression-liquidity-sweeps	1h	XRPUSD	161	96	-483.21	0.488	-0.200	-648.57	0	167	82	-0.188	79	-0.213
premium-and-discount-pivot-matrix	15m	BTCUSD	31	19	-127.79	0.420	-0.221	-203.32	2	83	8	0.061	23	-0.319
nadaraya-watson-regression-liquidity-sweeps	4h	ETHUSD	77	53	6.86	1.014	0.010	-89.19	3	333	32	0.130	45	-0.075
nadaraya-watson-regression-liquidity-sweeps	1h	DOGEUSD	170	114	-197.31	0.806	-0.060	-364.28	2	167	82	-0.024	88	-0.093
premium-and-discount-pivot-matrix	15m	ETHUSD	57	34	-223.42	0.443	-0.219	-366.10	3	83	24	-0.065	33	-0.331
nadaraya-watson-regression-liquidity-sweeps	4h	SOLUSD	70	45	-80.76	0.811	-0.061	-135.77	3	333	36	-0.042	34	-0.081
nadaraya-watson-regression-liquidity-sweeps	15m	SOLUSD	205	140	-314.44	0.707	-0.090	-571.19	1	83	53	0.008	152	-0.124
nadaraya-watson-regression-liquidity-sweeps	1h	LINKUSD	169	102	-445.56	0.539	-0.170	-592.36	1	167	79	-0.246	90	-0.104
premium-and-discount-pivot-matrix	15m	SOLUSD	68	42	-227.47	0.488	-0.190	-376.20	4	83	25	0.047	43	-0.327
nadaraya-watson-regression-liquidity-sweeps	4h	XRPUSD	70	46	-26.31	0.943	-0.014	-89.07	3	333	30	0.090	40	-0.091
nadaraya-watson-regression-liquidity-sweeps	1h	AVAXUSD	173	101	-365.11	0.665	-0.125	-515.07	2	167	78	-0.169	95	-0.088
premium-and-discount-pivot-matrix	15m	XRPUSD	61	39	-172.41	0.555	-0.151	-295.98	1	83	21	-0.163	40	-0.144
machine-learning-adaptive-dmi-signals	15m	XRPUSD	251	128	-555.64	0.497	-0.158	-760.64	0	83	61	-0.197	190	-0.146
nadaraya-watson-regression-liquidity-sweeps	4h	DOGEUSD	77	55	69.55	1.158	0.049	-1.36	3	333	33	-0.013	44	0.095
nadaraya-watson-regression-liquidity-sweeps	1h	ZECUSD	153	103	43.05	1.044	0.023	-168.04	4	167	69	0.100	84	-0.041
nadaraya-watson-regression-liquidity-sweeps	15m	XRPUSD	186	123	-273.32	0.753	-0.080	-477.29	2	83	33	-0.025	153	-0.092
premium-and-discount-pivot-matrix	15m	DOGEUSD	57	33	-167.76	0.592	-0.156	-271.30	2	83	16	-0.223	41	-0.129
premium-and-discount-pivot-matrix	1h	BTCUSD	48	28	-218.30	0.375	-0.257	-270.62	1	167	28	-0.201	20	-0.334
nadaraya-watson-regression-liquidity-sweeps	4h	LINKUSD	75	55	107.71	1.245	0.073	70.97	4	333	32	0.205	43	-0.025
machine-learning-adaptive-dmi-signals	1h	ZECUSD	255	145	-10.44	0.993	0.001	-280.72	6	167	106	0.074	149	-0.051
premium-and-discount-pivot-matrix	15m	LINKUSD	72	38	-294.16	0.450	-0.236	-409.61	1	83	18	-0.415	54	-0.176
premium-and-discount-pivot-matrix	1h	ETHUSD	45	31	18.13	1.064	0.029	-63.30	5	167	28	-0.034	17	0.132
premium-and-discount-pivot-matrix	4h	BTCUSD	20	14	-2.04	0.981	-0.016	-46.75	6	333	10	-0.351	10	0.320
nadaraya-watson-regression-liquidity-sweeps	4h	AVAXUSD	85	57	124.23	1.194	0.079	-4.21	3	333	33	0.330	52	-0.080
nadaraya-watson-regression-liquidity-sweeps	15m	DOGEUSD	200	135	-290.40	0.752	-0.081	-498.48	4	83	59	0.021	141	-0.124
premium-and-discount-pivot-matrix	15m	AVAXUSD	70	45	-129.28	0.729	-0.094	-277.30	4	83	24	0.013	46	-0.150
premium-and-discount-pivot-matrix	4h	ETHUSD	22	13	-38.60	0.787	-0.087	-57.69	3	333	11	0.154	11	-0.327
premium-and-discount-pivot-matrix	1h	SOLUSD	46	30	-72.60	0.766	-0.077	-115.06	2	167	26	-0.021	20	-0.149
nadaraya-watson-regression-liquidity-sweeps	4h	ZECUSD	57	38	102.02	1.293	0.100	34.61	5	333	25	-0.008	32	0.184
premium-and-discount-pivot-matrix	4h	SOLUSD	26	18	20.57	1.147	0.034	-41.73	5	333	13	0.168	13	-0.101
premium-and-discount-pivot-matrix	1h	XRPUSD	49	28	-51.78	0.876	-0.042	-99.73	1	167	26	0.036	23	-0.131
premium-and-discount-pivot-matrix	15m	ZECUSD	99	68	-138.56	0.741	-0.070	-314.48	1	83	53	-0.108	46	-0.025
premium-and-discount-pivot-matrix	4h	XRPUSD	17	8	-108.46	0.371	-0.332	-117.55	1	333	10	-0.259	7	-0.437
premium-and-discount-pivot-matrix	1h	DOGEUSD	32	18	-97.82	0.635	-0.155	-151.48	2	167	22	-0.018	10	-0.456
nadaraya-watson-regression-liquidity-sweeps	15m	LINKUSD	218	149	-128.80	0.902	-0.026	-547.64	5	83	57	-0.055	161	-0.016
premium-and-discount-pivot-matrix	4h	DOGEUSD	17	11	-31.98	0.729	-0.093	26.51	3	333	7	-0.059	10	-0.117
premium-and-discount-pivot-matrix	1h	LINKUSD	52	33	-64.89	0.826	-0.059	-147.52	3	167	26	-0.030	26	-0.087
nadaraya-watson-regression-liquidity-sweeps	15m	AVAXUSD	240	166	-45.56	0.970	-0.003	-531.41	3	83	80	-0.049	160	0.021
premium-and-discount-pivot-matrix	4h	LINKUSD	22	13	-31.96	0.821	-0.068	-47.31	3	333	8	-0.076	14	-0.064
premium-and-discount-pivot-matrix	1h	AVAXUSD	45	32	41.74	1.158	0.055	-1.46	5	167	25	0.092	20	0.009
price-action-fractal-forecasts	15m	BTCUSD	108	44	-347.51	0.367	-0.199	-512.82	1	83	19	-0.193	89	-0.200
premium-and-discount-pivot-matrix	4h	AVAXUSD	22	14	17.86	1.109	0.047	1.68	3	333	12	-0.002	10	0.106
premium-and-discount-pivot-matrix	1h	ZECUSD	64	38	-148.36	0.673	-0.117	-186.19	4	167	30	-0.143	34	-0.095
price-action-fractal-forecasts	1h	BTCUSD	193	93	-488.59	0.413	-0.175	-637.57	1	167	101	-0.214	92	-0.133
premium-and-discount-pivot-matrix	4h	ZECUSD	17	11	-27.78	0.759	-0.067	-26.89	3	333	7	-0.061	10	-0.070
nadaraya-watson-regression-liquidity-sweeps	15m	ZECUSD	320	211	-11.61	0.995	0.006	-579.88	5	83	146	0.018	174	-0.003
machine-learning-adaptive-dmi-signals	15m	DOGEUSD	346	179	-631.78	0.584	-0.140	-877.77	1	83	105	-0.181	241	-0.122
regression-trend-reversal-signals-forecasts	15m	BTCUSD	160	87	-409.78	0.448	-0.164	-655.72	1	83	47	-0.170	113	-0.162
regression-trend-reversal-signals-forecasts	1h	BTCUSD	258	149	-316.87	0.756	-0.071	-654.74	3	167	148	-0.044	110	-0.106
price-action-fractal-forecasts	4h	BTCUSD	151	85	-189.23	0.704	-0.069	-326.92	3	333	55	-0.125	96	-0.036
price-action-fractal-forecasts	1h	ETHUSD	258	138	-367.34	0.657	-0.087	-632.00	2	167	121	-0.066	137	-0.104
regression-trend-reversal-signals-forecasts	15m	ETHUSD	333	187	-577.40	0.572	-0.126	-849.63	1	83	125	-0.140	208	-0.118
regression-trend-reversal-signals-forecasts	1h	ETHUSD	310	177	-403.53	0.750	-0.079	-709.72	3	167	163	-0.022	147	-0.143
price-action-fractal-forecasts	15m	ETHUSD	252	105	-589.87	0.411	-0.175	-807.75	0	83	102	-0.167	150	-0.180
regression-trend-reversal-signals-forecasts	15m	SOLUSD	429	250	-714.66	0.556	-0.148	-906.08	0	83	138	-0.099	291	-0.171
regression-trend-reversal-signals-forecasts	1h	SOLUSD	287	164	-420.68	0.723	-0.093	-667.70	2	167	159	-0.055	128	-0.141
price-action-fractal-forecasts	4h	ETHUSD	160	87	26.99	1.035	0.013	-182.18	4	333	73	-0.010	87	0.032
price-action-fractal-forecasts	1h	SOLUSD	263	143	-279.91	0.750	-0.060	-555.71	1	167	110	-0.060	153	-0.060
regression-trend-reversal-signals-forecasts	15m	XRPUSD	359	207	-641.87	0.593	-0.139	-859.48	2	83	83	-0.082	276	-0.157
regression-trend-reversal-signals-forecasts	1h	XRPUSD	309	175	-327.40	0.825	-0.059	-651.43	4	167	153	0.018	156	-0.134
price-action-fractal-forecasts	4h	SOLUSD	149	86	42.05	1.065	0.019	-123.03	5	333	65	0.004	84	0.031
price-action-fractal-forecasts	1h	XRPUSD	343	168	-512.68	0.639	-0.102	-760.61	0	167	167	-0.081	176	-0.121
price-action-fractal-forecasts	15m	SOLUSD	326	162	-550.93	0.522	-0.123	-799.75	0	83	116	-0.189	210	-0.087
regression-trend-reversal-signals-forecasts	1h	DOGEUSD	326	193	-272.14	0.843	-0.045	-597.32	3	167	156	0.032	170	-0.116
regression-trend-reversal-signals-forecasts	15m	DOGEUSD	365	209	-575.90	0.609	-0.113	-871.83	0	83	117	-0.157	248	-0.093
machine-learning-adaptive-dmi-signals	15m	LINKUSD	303	173	-453.21	0.686	-0.095	-783.31	2	83	106	-0.061	197	-0.114
regression-trend-reversal-signals-forecasts	1h	LINKUSD	310	166	-486.36	0.732	-0.102	-686.77	2	167	151	-0.037	159	-0.164
regression-trend-reversal-signals-forecasts	15m	LINKUSD	387	228	-558.41	0.679	-0.101	-863.80	2	83	100	-0.060	287	-0.115
price-action-fractal-forecasts	4h	XRPUSD	140	85	-60.45	0.907	-0.019	-181.91	3	333	69	-0.053	71	0.015
regression-trend-reversal-signals-forecasts	1h	AVAXUSD	317	185	-215.68	0.873	-0.031	-534.17	4	167	180	-0.081	137	0.034
regression-trend-reversal-signals-forecasts	15m	AVAXUSD	415	232	-716.88	0.562	-0.148	-905.82	1	83	141	-0.114	274	-0.165
price-action-fractal-forecasts	1h	DOGEUSD	291	146	-492.62	0.595	-0.114	-706.91	1	167	125	-0.101	166	-0.123
regression-trend-reversal-signals-forecasts	1h	ZECUSD	292	182	-35.28	0.979	0.000	-208.48	5	167	140	0.011	152	-0.010
price-action-fractal-forecasts	4h	DOGEUSD	153	88	13.74	1.017	0.009	-134.19	5	333	58	0.054	95	-0.019
regression-trend-reversal-signals-forecasts	15m	ZECUSD	585	328	-717.65	0.608	-0.112	-900.55	2	83	285	-0.179	300	-0.049
regression-trend-reversal-signals-forecasts	4h	BTCUSD	148	83	-258.27	0.686	-0.102	-377.90	3	333	84	-0.088	64	-0.121
price-action-fractal-forecasts	1h	LINKUSD	284	170	-164.06	0.873	-0.027	-610.15	3	167	124	-0.071	160	0.007
price-action-fractal-forecasts	4h	LINKUSD	177	92	-281.86	0.676	-0.090	-394.52	2	333	65	-0.236	112	-0.005
regression-trend-reversal-signals-forecasts	4h	ETHUSD	154	81	-207.77	0.777	-0.072	-329.89	4	333	77	-0.118	77	-0.027
reversal-and-breakout-signals	15m	BTCUSD	81	54	-176.03	0.625	-0.117	-350.24	3	83	28	-0.165	53	-0.092
price-action-fractal-forecasts	4h	AVAXUSD	193	98	-179.20	0.825	-0.047	-369.65	2	333	65	-0.051	128	-0.045
regression-trend-reversal-signals-forecasts	4h	SOLUSD	163	100	-93.09	0.889	-0.030	-198.22	3	333	84	-0.072	79	0.014
reversal-and-breakout-signals	15m	ETHUSD	229	148	-400.36	0.648	-0.107	-696.35	2	83	89	-0.101	140	-0.111
price-action-fractal-forecasts	15m	XRPUSD	323	164	-636.10	0.453	-0.153	-833.83	0	83	70	-0.255	253	-0.125
regression-trend-reversal-signals-forecasts	4h	XRPUSD	168	101	-13.82	0.985	0.000	-154.30	4	333	85	-0.037	83	0.039
price-action-fractal-forecasts	1h	AVAXUSD	338	182	-437.32	0.736	-0.081	-688.23	2	167	158	-0.029	180	-0.126
price-action-fractal-forecasts	4h	ZECUSD	98	44	-293.41	0.482	-0.193	-342.92	2	333	42	-0.272	56	-0.133
regression-trend-reversal-signals-forecasts	4h	DOGEUSD	175	98	-196.37	0.822	-0.057	-286.24	2	333	87	-0.013	88	-0.101
reversal-and-breakout-signals	15m	SOLUSD	273	165	-572.57	0.601	-0.156	-807.58	1	83	86	-0.083	187	-0.190
reversal-and-breakout-signals	1h	BTCUSD	198	122	-415.64	0.596	-0.133	-642.70	1	167	109	-0.157	89	-0.104
regression-trend-reversal-signals-forecasts	4h	LINKUSD	166	92	-188.21	0.838	-0.057	-270.19	3	333	83	0.049	83	-0.164
machine-learning-adaptive-dmi-signals	15m	AVAXUSD	382	194	-709.91	0.543	-0.158	-899.93	1	83	142	-0.113	240	-0.184
reversal-and-breakout-signals	1h	ETHUSD	231	134	-433.75	0.679	-0.118	-651.72	2	167	109	-0.139	122	-0.099
reversal-and-breakout-signals	15m	XRPUSD	250	157	-469.67	0.650	-0.122	-730.43	1	83	56	-0.100	194	-0.128
regression-trend-reversal-signals-forecasts	4h	AVAXUSD	176	91	-304.29	0.725	-0.098	-437.38	2	333	77	-0.035	99	-0.146
reversal-and-breakout-signals	1h	SOLUSD	207	123	-418.91	0.653	-0.131	-572.63	1	167	103	-0.115	104	-0.146
reversal-and-breakout-signals	15m	DOGEUSD	250	146	-611.43	0.483	-0.185	-816.35	0	83	84	-0.249	166	-0.152
price-action-fractal-forecasts	1h	ZECUSD	258	146	-348.90	0.692	-0.083	-523.71	2	167	117	-0.100	141	-0.069
regression-trend-reversal-signals-forecasts	4h	ZECUSD	147	92	154.24	1.178	0.058	11.44	6	333	66	0.065	81	0.053
reversal-and-breakout-signals	1h	XRPUSD	213	131	-372.84	0.701	-0.103	-551.61	2	167	113	-0.101	100	-0.106
reversal-and-breakout-signals	15m	LINKUSD	288	177	-375.68	0.772	-0.075	-709.62	1	83	71	-0.062	217	-0.080
reversal-and-breakout-signals	4h	BTCUSD	100	70	86.33	1.132	0.050	-72.83	3	333	46	0.237	54	-0.109
reversal-signals-algoalpha	15m	BTCUSD	95	41	-432.26	0.243	-0.299	-549.26	0	83	44	-0.323	51	-0.279
reversal-and-breakout-signals	1h	DOGEUSD	237	153	-202.32	0.849	-0.043	-427.73	4	167	113	-0.109	124	0.018
reversal-and-breakout-signals	4h	ETHUSD	99	61	35.77	1.047	0.026	-34.05	4	333	45	0.134	54	-0.063
reversal-and-breakout-signals	15m	AVAXUSD	269	156	-554.13	0.642	-0.145	-789.16	2	83	90	-0.027	179	-0.205
reversal-and-breakout-signals	1h	LINKUSD	218	134	-226.97	0.818	-0.053	-570.67	2	167	111	-0.107	107	0.003
reversal-and-breakout-signals	4h	SOLUSD	109	66	15.11	1.022	0.012	-162.75	4	333	54	-0.017	55	0.041
reversal-signals-algoalpha	15m	ETHUSD	241	119	-594.84	0.496	-0.185	-805.69	1	83	101	-0.099	140	-0.247
reversal-and-breakout-signals	1h	AVAXUSD	235	142	-270.19	0.802	-0.061	-559.57	2	167	136	-0.124	99	0.026
reversal-and-breakout-signals	15m	ZECUSD	401	241	-531.21	0.721	-0.091	-807.20	2	83	182	-0.113	219	-0.073
reversal-and-breakout-signals	4h	XRPUSD	107	69	-40.21	0.942	-0.013	-155.32	3	333	47	-0.069	60	0.030
reversal-signals-algoalpha	15m	SOLUSD	267	150	-583.39	0.510	-0.165	-814.23	0	83	89	-0.136	178	-0.179
reversal-signals-algoalpha	1h	BTCUSD	232	119	-510.84	0.514	-0.157	-711.00	0	167	122	-0.175	110	-0.136
reversal-and-breakout-signals	1h	ZECUSD	189	130	379.42	1.299	0.095	98.71	6	167	99	0.078	90	0.114
reversal-and-breakout-signals	4h	DOGEUSD	111	64	30.72	1.036	0.025	-102.06	5	333	57	0.092	54	-0.045
reversal-signals-algoalpha	1h	ETHUSD	261	131	-342.10	0.725	-0.077	-647.98	2	167	118	-0.066	143	-0.087
reversal-signals-algoalpha	4h	BTCUSD	115	62	-180.79	0.705	-0.087	-328.95	2	333	65	-0.095	50	-0.076
reversal-and-breakout-signals	4h	LINKUSD	101	69	223.24	1.371	0.108	62.88	7	333	48	0.030	53	0.180
reversal-signals-algoalpha	15m	XRPUSD	255	135	-549.90	0.519	-0.153	-746.58	1	83	51	-0.224	204	-0.135
reversal-signals-algoalpha	1h	SOLUSD	232	122	-476.84	0.560	-0.140	-647.19	0	167	120	-0.124	112	-0.156
reversal-signals-algoalpha	4h	ETHUSD	109	52	-141.17	0.802	-0.065	-215.99	2	333	57	-0.015	52	-0.119
reversal-and-breakout-signals	4h	AVAXUSD	114	76	20.70	1.028	0.014	-100.23	5	333	54	0.005	60	0.023
reversal-signals-algoalpha	1h	XRPUSD	246	134	-338.32	0.704	-0.080	-601.94	2	167	120	-0.070	126	-0.091
reversal-signals-algoalpha	4h	SOLUSD	124	62	-12.88	0.980	0.003	-122.11	4	333	57	0.108	67	-0.086
reversal-and-breakout-signals	4h	ZECUSD	80	50	-131.69	0.739	-0.102	-164.76	2	333	41	-0.012	39	-0.195
reversal-signals-algoalpha	1h	DOGEUSD	243	132	-347.23	0.717	-0.084	-632.12	0	167	115	-0.053	128	-0.112
reversal-signals-algoalpha	15m	DOGEUSD	290	132	-748.95	0.358	-0.236	-875.92	0	83	106	-0.272	184	-0.215
reversal-signals-algoalpha	4h	XRPUSD	113	63	-86.78	0.856	-0.036	-193.31	4	333	55	-0.031	58	-0.042
reversal-signals-algoalpha	1h	LINKUSD	265	135	-461.49	0.656	-0.113	-678.03	1	167	126	-0.104	139	-0.121
reversal-signals-algoalpha	15m	LINKUSD	317	169	-585.92	0.611	-0.135	-824.28	2	83	96	-0.125	221	-0.140
reversal-signals-algoalpha	4h	DOGEUSD	137	71	-136.83	0.829	-0.050	-249.03	2	333	64	0.031	73	-0.121
reversal-signals-algoalpha	1h	AVAXUSD	291	148	-475.79	0.677	-0.106	-692.77	1	167	138	-0.111	153	-0.102
reversal-signals-trailing-stop	15m	BTCUSD	15	10	-62.37	0.334	-0.214	-120.86	2	83	2	-0.418	13	-0.183
reversal-signals-algoalpha	15m	AVAXUSD	333	164	-686.65	0.464	-0.170	-848.29	0	83	121	-0.223	212	-0.140
reversal-signals-algoalpha	4h	LINKUSD	128	60	-210.11	0.718	-0.088	-343.45	2	333	72	-0.094	56	-0.081
reversal-signals-algoalpha	1h	ZECUSD	233	128	-295.24	0.761	-0.074	-365.76	1	167	107	-0.034	126	-0.109
reversal-signals-algoalpha	15m	ZECUSD	490	251	-623.68	0.666	-0.099	-861.59	1	83	227	-0.117	263	-0.083
reversal-signals-algoalpha	4h	AVAXUSD	156	73	-208.20	0.799	-0.068	-328.56	3	333	62	0.073	94	-0.162
reversal-signals-trailing-stop	1h	BTCUSD	10	8	5.06	1.129	0.027	-14.66	5	167	4	-0.071	6	0.092
reversal-signals-trailing-stop	4h	BTCUSD	2	2	10.85	99.000	0.285	-14.67	2	333	2	0.285	0	0.000
price-action-fractal-forecasts	15m	DOGEUSD	423	212	-610.84	0.617	-0.108	-852.16	2	83	117	-0.099	306	-0.111
reversal-signals-trailing-stop	15m	ETHUSD	25	17	-59.62	0.607	-0.119	-103.27	3	83	10	-0.324	15	0.017
reversal-signals-algoalpha	4h	ZECUSD	88	61	322.31	1.935	0.170	279.11	5	333	47	0.113	41	0.236
reversal-signals-trailing-stop	4h	ETHUSD	4	3	9.32	1.468	0.128	6.09	2	333	2	-0.175	2	0.431
reversal-signals-trailing-stop	1h	ETHUSD	18	13	-24.86	0.750	-0.066	-46.70	3	167	9	0.015	9	-0.146
reversal-signals-trailing-stop	15m	SOLUSD	15	9	-66.64	0.406	-0.229	-80.30	3	83	5	-0.147	10	-0.269
reversal-signals-trailing-stop	4h	SOLUSD	3	3	23.44	99.000	0.429	21.24	3	333	2	0.424	1	0.439
reversal-signals-trailing-stop	1h	SOLUSD	13	7	-78.21	0.306	-0.319	-60.92	2	167	5	0.071	8	-0.563
reverse-rsi-signals	15m	BTCUSD	21	14	-60.39	0.524	-0.146	-144.05	4	83	8	-0.230	13	-0.094
reversal-signals-trailing-stop	15m	XRPUSD	12	8	-28.02	0.648	-0.114	-51.61	5	83	4	-0.124	8	-0.109
reversal-signals-trailing-stop	4h	XRPUSD	5	2	-46.31	0.214	-0.468	-47.93	1	333	2	-1.000	3	-0.114
reversal-signals-trailing-stop	1h	XRPUSD	12	11	116.95	6.596	0.467	86.41	8	167	6	0.252	6	0.681
reversal-signals-trailing-stop	15m	DOGEUSD	12	4	-102.78	0.320	-0.443	-111.62	2	83	5	-0.217	7	-0.605
reversal-signals-trailing-stop	4h	DOGEUSD	4	4	34.34	99.000	0.430	30.60	4	333	2	0.417	2	0.443
reversal-signals-trailing-stop	1h	DOGEUSD	10	7	1.24	1.021	0.010	-13.89	3	167	5	-0.146	5	0.166
reverse-rsi-signals	15m	ETHUSD	42	29	-72.42	0.706	-0.086	-152.06	4	83	16	0.041	26	-0.163
reversal-signals-trailing-stop	4h	LINKUSD	3	3	19.72	99.000	0.329	15.52	2	333	1	0.268	2	0.359
price-action-fractal-forecasts	15m	LINKUSD	363	168	-676.35	0.546	-0.152	-858.17	1	83	98	-0.114	265	-0.166
reversal-signals-trailing-stop	1h	LINKUSD	9	5	-2.30	0.972	-0.000	-15.38	3	167	4	0.885	5	-0.708
reversal-signals-trailing-stop	15m	LINKUSD	22	9	-158.88	0.332	-0.388	-174.61	3	83	7	-0.184	15	-0.483
reversal-signals-trailing-stop	4h	AVAXUSD	4	4	30.22	99.000	0.378	26.73	3	333	2	0.425	2	0.332
reverse-rsi-signals	15m	SOLUSD	63	42	-179.15	0.512	-0.157	-269.89	3	83	19	-0.159	44	-0.157
reversal-signals-trailing-stop	1h	AVAXUSD	14	13	86.58	5.124	0.301	15.38	7	167	6	0.435	8	0.201
reversal-signals-trailing-stop	15m	AVAXUSD	15	8	-67.47	0.496	-0.227	-82.83	2	83	7	-0.115	8	-0.325
reversal-signals-trailing-stop	4h	ZECUSD	8	5	-5.65	0.904	-0.004	-1.56	4	333	3	0.076	5	-0.052
reversal-signals-trailing-stop	1h	ZECUSD	21	17	21.71	1.283	0.061	4.89	5	167	9	0.050	12	0.069
reverse-rsi-signals	15m	XRPUSD	59	36	-186.72	0.555	-0.170	-319.61	2	83	15	-0.020	44	-0.221
reverse-rsi-signals	1h	BTCUSD	50	33	-161.14	0.469	-0.176	-225.83	2	167	27	-0.290	23	-0.042
reversal-signals-trailing-stop	15m	ZECUSD	23	13	-105.39	0.421	-0.234	-109.43	3	83	11	-0.409	12	-0.073
reverse-rsi-signals	4h	BTCUSD	20	11	-62.61	0.631	-0.171	-79.41	5	333	10	0.216	10	-0.558
reverse-rsi-signals	1h	ETHUSD	45	29	-86.61	0.699	-0.097	-213.78	4	167	18	-0.418	27	0.118
reverse-rsi-signals	15m	DOGEUSD	61	38	-181.94	0.564	-0.160	-294.67	1	83	15	-0.015	46	-0.207
reverse-rsi-signals	4h	ETHUSD	19	12	-35.51	0.738	-0.091	-50.38	4	333	12	-0.029	7	-0.196
reverse-rsi-signals	1h	SOLUSD	42	33	80.78	1.444	0.098	6.78	5	167	20	0.042	22	0.149
rolling-point-of-control-poc	15m	BTCUSD	124	66	-316.41	0.453	-0.152	-497.29	1	83	25	-0.180	99	-0.146
reverse-rsi-signals	4h	SOLUSD	18	11	10.51	1.079	0.039	-8.76	2	333	10	0.286	8	-0.270
reverse-rsi-signals	1h	XRPUSD	48	32	-68.93	0.777	-0.069	-199.86	2	167	25	-0.068	23	-0.071
price-action-fractal-forecasts	15m	AVAXUSD	393	191	-656.20	0.594	-0.132	-875.70	1	83	185	-0.107	208	-0.155
reverse-rsi-signals	4h	XRPUSD	18	9	-76.28	0.571	-0.213	-87.58	3	333	9	0.074	9	-0.501
reverse-rsi-signals	15m	LINKUSD	46	33	105.72	1.378	0.119	-18.85	5	83	12	0.293	34	0.058
reverse-rsi-signals	1h	DOGEUSD	52	35	3.73	1.011	0.010	-103.11	4	167	29	0.155	23	-0.174
reverse-rsi-signals	4h	DOGEUSD	15	10	20.32	1.205	0.074	7.14	4	333	7	0.055	8	0.090
rolling-point-of-control-poc	15m	ETHUSD	267	149	-432.24	0.609	-0.103	-744.84	0	83	121	-0.126	146	-0.085
reverse-rsi-signals	1h	LINKUSD	54	35	-43.34	0.889	-0.034	-198.42	4	167	24	0.214	30	-0.233
reverse-rsi-signals	4h	LINKUSD	21	13	-24.81	0.843	-0.054	-38.66	4	333	8	0.044	13	-0.113
reverse-rsi-signals	15m	AVAXUSD	50	36	107.26	1.349	0.110	-72.52	3	83	21	0.287	29	-0.018
reverse-rsi-signals	1h	AVAXUSD	53	31	-203.99	0.473	-0.211	-246.25	2	167	26	-0.387	27	-0.041
reverse-rsi-signals	4h	AVAXUSD	17	11	-17.98	0.847	-0.048	-30.10	3	333	7	-0.160	10	0.030
reverse-rsi-signals	15m	ZECUSD	93	68	86.40	1.166	0.052	-199.59	5	83	46	0.090	47	0.014
rolling-point-of-control-poc	15m	SOLUSD	342	189	-620.55	0.534	-0.143	-822.60	1	83	111	-0.079	231	-0.173
reverse-rsi-signals	4h	ZECUSD	15	13	67.43	2.795	0.233	84.23	5	333	6	0.292	9	0.193
reverse-rsi-signals	1h	ZECUSD	50	36	44.85	1.169	0.063	28.70	4	167	24	0.022	26	0.101
rolling-point-of-control-poc	1h	BTCUSD	214	113	-477.00	0.528	-0.151	-666.75	0	167	104	-0.143	110	-0.159
rolling-point-of-control-poc	4h	BTCUSD	143	81	-149.26	0.811	-0.056	-322.85	2	333	73	-0.067	70	-0.045
self-adaptive-trend-signals	15m	BTCUSD	44	26	-171.99	0.381	-0.213	-273.49	1	83	18	-0.250	26	-0.188
price-action-fractal-forecasts	15m	ZECUSD	600	321	-633.93	0.676	-0.079	-883.59	2	83	287	-0.132	313	-0.030
rolling-point-of-control-poc	15m	XRPUSD	340	190	-603.47	0.518	-0.133	-840.68	0	83	75	-0.181	265	-0.119
rolling-point-of-control-poc	4h	ETHUSD	136	91	72.63	1.101	0.031	-50.60	4	333	67	0.055	69	0.008
rolling-point-of-control-poc	1h	ETHUSD	254	156	9.91	1.008	0.007	-444.81	3	167	127	0.012	127	0.002
self-adaptive-trend-signals	1h	BTCUSD	126	74	-407.92	0.449	-0.207	-515.98	0	167	74	-0.207	52	-0.207
self-adaptive-trend-signals	15m	ETHUSD	130	79	-357.05	0.521	-0.167	-532.41	0	83	67	-0.126	63	-0.211
rolling-point-of-control-poc	4h	SOLUSD	147	78	-122.62	0.848	-0.043	-220.42	4	333	71	-0.033	76	-0.053
rolling-point-of-control-poc	1h	SOLUSD	253	145	-353.09	0.690	-0.086	-584.72	3	167	122	-0.068	131	-0.102
self-adaptive-trend-signals	1h	ETHUSD	117	68	-352.12	0.541	-0.182	-476.10	2	167	65	-0.218	52	-0.137
rolling-point-of-control-poc	15m	DOGEUSD	368	188	-728.54	0.477	-0.174	-900.90	0	83	94	-0.183	274	-0.171
rolling-point-of-control-poc	4h	XRPUSD	139	88	88.08	1.102	0.037	-44.32	5	333	69	0.054	70	0.020
self-adaptive-trend-signals	15m	SOLUSD	138	93	-189.52	0.740	-0.073	-468.59	3	83	54	-0.058	84	-0.083
rolling-point-of-control-poc	1h	XRPUSD	283	172	-235.56	0.833	-0.043	-588.83	2	167	138	-0.032	145	-0.053
self-adaptive-trend-signals	1h	SOLUSD	173	106	-345.12	0.640	-0.126	-538.55	2	167	105	-0.123	68	-0.130
rolling-point-of-control-poc	4h	DOGEUSD	152	85	88.93	1.110	0.035	-55.92	4	333	73	-0.046	79	0.109
rolling-point-of-control-poc	1h	DOGEUSD	233	125	-413.82	0.629	-0.109	-590.40	1	167	112	-0.195	121	-0.029
self-adaptive-trend-signals	15m	XRPUSD	136	88	-257.00	0.650	-0.105	-477.53	2	83	54	-0.245	82	-0.013
self-adaptive-trend-signals	1h	XRPUSD	146	85	-293.32	0.676	-0.111	-467.76	3	167	94	-0.204	52	0.057
rolling-point-of-control-poc	15m	LINKUSD	398	224	-546.83	0.639	-0.096	-852.11	1	83	110	-0.152	288	-0.075
rolling-point-of-control-poc	4h	LINKUSD	147	98	260.39	1.323	0.084	35.36	6	333	65	0.097	82	0.073
rolling-point-of-control-poc	1h	LINKUSD	255	144	-345.63	0.757	-0.079	-636.07	3	167	116	-0.007	139	-0.138
self-adaptive-trend-signals	1h	DOGEUSD	140	87	-42.42	0.953	-0.008	-255.53	4	167	87	-0.052	53	0.065
self-adaptive-trend-signals	15m	DOGEUSD	139	83	-340.03	0.598	-0.145	-578.30	2	83	62	-0.056	77	-0.216
rolling-point-of-control-poc	4h	AVAXUSD	147	83	5.97	1.008	0.006	-103.18	4	333	71	-0.057	76	0.065
rolling-point-of-control-poc	1h	AVAXUSD	269	146	-425.99	0.653	-0.099	-649.74	2	167	138	-0.164	131	-0.030
self-adaptive-trend-signals	1h	LINKUSD	168	96	-424.09	0.579	-0.160	-605.96	3	167	100	-0.207	68	-0.090
rolling-point-of-control-poc	15m	AVAXUSD	338	183	-637.27	0.532	-0.147	-853.73	0	83	123	-0.132	215	-0.155
rolling-point-of-control-poc	4h	ZECUSD	124	79	-35.12	0.949	-0.017	-79.15	6	333	65	0.017	59	-0.055
self-adaptive-trend-signals	15m	LINKUSD	174	106	-82.09	0.939	-0.016	-510.80	5	83	54	0.118	120	-0.076
rolling-point-of-control-poc	1h	ZECUSD	300	179	-27.27	0.984	-0.000	-301.79	3	167	143	0.036	157	-0.034
self-adaptive-trend-signals	4h	BTCUSD	73	44	-90.75	0.825	-0.064	-171.73	3	333	40	0.078	33	-0.236
self-adaptive-trend-signals	1h	AVAXUSD	145	88	-231.30	0.725	-0.086	-374.16	4	167	89	-0.161	56	0.034
self-adaptive-trend-signals	15m	AVAXUSD	206	120	-519.05	0.550	-0.173	-679.23	0	83	82	-0.195	124	-0.158
self-adaptive-trend-signals	4h	ETHUSD	68	41	-75.83	0.843	-0.054	-103.17	4	333	35	0.076	33	-0.192
smart-money-liquidation-exploits	15m	BTCUSD	62	40	-159.20	0.568	-0.138	-307.13	3	83	14	0.014	48	-0.183
self-adaptive-trend-signals	1h	ZECUSD	168	103	111.07	1.085	0.038	-106.20	5	167	94	0.152	74	-0.107
self-adaptive-trend-signals	4h	SOLUSD	60	39	24.04	1.069	0.025	-4.49	4	333	30	0.020	30	0.031
smart-money-liquidation-exploits	1h	BTCUSD	139	81	-309.25	0.655	-0.130	-455.73	2	167	70	-0.116	69	-0.144
self-adaptive-trend-signals	4h	XRPUSD	60	41	41.47	1.117	0.039	-102.34	4	333	43	0.048	17	0.019
rolling-point-of-control-poc	15m	ZECUSD	487	274	-585.24	0.691	-0.091	-881.39	0	83	228	-0.117	259	-0.069
smart-money-liquidation-exploits	4h	BTCUSD	79	52	31.96	1.060	0.027	-95.06	4	333	41	0.069	38	-0.017
self-adaptive-trend-signals	4h	DOGEUSD	69	40	-133.68	0.740	-0.099	-188.82	1	333	45	-0.012	24	-0.262
smart-money-liquidation-exploits	1h	ETHUSD	159	95	-435.04	0.545	-0.176	-583.00	1	167	83	-0.174	76	-0.178
smart-money-liquidation-exploits	15m	ETHUSD	138	92	-313.98	0.555	-0.134	-572.15	2	83	54	-0.064	84	-0.179
smart-money-volume-activity	15m	BTCUSD	42	23	-119.29	0.501	-0.149	-223.04	0	83	0	0.000	42	-0.149
smart-money-liquidation-exploits	1h	SOLUSD	177	120	-223.80	0.789	-0.069	-409.59	2	167	87	0.036	90	-0.171
self-adaptive-trend-signals	4h	LINKUSD	83	49	-82.12	0.850	-0.046	-107.78	3	333	62	-0.087	21	0.073
self-adaptive-trend-signals	15m	ZECUSD	240	147	-462.86	0.642	-0.128	-675.46	1	83	144	-0.123	96	-0.137
smart-money-liquidation-exploits	4h	ETHUSD	85	59	234.40	1.378	0.137	-28.27	3	333	44	0.286	41	-0.023
smart-money-liquidation-exploits	15m	SOLUSD	162	113	-214.79	0.716	-0.071	-511.98	2	83	37	-0.190	125	-0.036
self-adaptive-trend-signals	4h	AVAXUSD	78	46	-83.54	0.858	-0.047	-171.37	3	333	44	0.096	34	-0.233
smart-money-liquidation-exploits	1h	XRPUSD	163	103	-341.04	0.652	-0.123	-528.82	1	167	87	-0.047	76	-0.210
smart-money-volume-activity	1h	BTCUSD	65	26	-184.50	0.517	-0.157	-277.58	0	167	0	0.000	65	-0.157
self-adaptive-trend-signals	4h	ZECUSD	69	44	0.18	1.000	0.013	-58.31	5	333	45	0.121	24	-0.188
smart-money-volume-activity	15m	ETHUSD	111	57	-329.35	0.443	-0.178	-462.41	0	83	0	0.000	111	-0.178
smart-money-liquidation-exploits	1h	DOGEUSD	166	111	-192.23	0.791	-0.060	-392.97	2	167	76	-0.117	90	-0.011
smart-money-volume-activity	4h	BTCUSD	33	14	64.60	1.587	0.104	-19.46	1	333	0	0.000	33	0.104
smart-money-volume-activity	1h	ETHUSD	73	33	-109.02	0.717	-0.076	-209.29	0	167	0	0.000	73	-0.076
smart-money-liquidation-exploits	4h	SOLUSD	60	39	62.58	1.159	0.057	-33.29	4	333	29	0.058	31	0.056
smart-money-volume-activity	15m	SOLUSD	133	69	-404.69	0.466	-0.196	-597.45	0	83	0	0.000	133	-0.196
smart-money-liquidation-exploits	1h	LINKUSD	157	97	-199.56	0.818	-0.064	-422.74	4	167	74	0.021	83	-0.139
smart-money-volume-activity	1h	SOLUSD	63	31	-92.78	0.676	-0.074	-181.87	0	167	0	0.000	63	-0.074
smart-money-volume-activity	4h	ETHUSD	34	13	-62.11	0.584	-0.094	-90.60	0	333	0	0.000	34	-0.094
smart-money-liquidation-exploits	4h	XRPUSD	67	40	-154.81	0.704	-0.120	-201.11	2	333	32	-0.045	35	-0.189
smart-money-liquidation-exploits	15m	XRPUSD	145	79	-529.79	0.410	-0.255	-647.63	1	83	26	-0.123	119	-0.284
smart-money-volume-activity	15m	XRPUSD	161	87	-211.90	0.728	-0.070	-444.03	1	83	0	0.000	161	-0.070
smart-money-liquidation-exploits	1h	AVAXUSD	142	91	-212.67	0.776	-0.079	-450.37	2	167	68	-0.062	74	-0.095
smart-money-volume-activity	1h	XRPUSD	78	32	-202.22	0.536	-0.141	-268.23	0	167	0	0.000	78	-0.141
smart-money-liquidation-exploits	4h	DOGEUSD	82	53	-43.43	0.920	-0.022	-80.59	2	333	42	-0.001	40	-0.044
smart-money-volume-activity	4h	SOLUSD	32	12	2.68	1.022	0.007	-26.40	1	333	0	0.000	32	0.007
smart-money-liquidation-exploits	1h	ZECUSD	141	76	-469.56	0.465	-0.239	-527.83	0	167	75	-0.183	66	-0.302
smart-money-liquidation-exploits	4h	LINKUSD	81	56	229.95	1.474	0.135	118.10	6	333	45	0.247	36	-0.005
smart-money-volume-activity	4h	XRPUSD	45	14	-130.83	0.402	-0.153	-135.31	0	333	0	0.000	45	-0.153
smart-money-liquidation-exploits	15m	DOGEUSD	135	87	-328.49	0.569	-0.143	-521.81	1	83	26	-0.327	109	-0.099
smart-money-volume-activity	1h	DOGEUSD	88	46	-32.98	0.920	-0.016	-133.27	0	167	0	0.000	88	-0.016
smart-money-volume-activity	15m	DOGEUSD	134	82	-194.00	0.737	-0.077	-390.26	1	83	0	0.000	134	-0.077
smart-money-volume-index	15m	BTCUSD	75	21	-272.60	0.231	-0.213	-367.50	3	83	12	-0.006	63	-0.253
smart-money-volume-activity	4h	DOGEUSD	45	14	-96.62	0.560	-0.111	-126.96	0	333	0	0.000	45	-0.111
smart-money-liquidation-exploits	4h	AVAXUSD	90	61	66.14	1.110	0.041	78.35	6	333	45	0.046	45	0.037
smart-money-volume-activity	1h	LINKUSD	86	46	34.81	1.104	0.023	-97.27	1	167	0	0.000	86	0.023
smart-money-volume-activity	4h	LINKUSD	45	20	-47.13	0.746	-0.052	-77.49	0	333	0	0.000	45	-0.052
smart-money-liquidation-exploits	4h	ZECUSD	63	36	-137.48	0.681	-0.134	-164.70	2	333	32	-0.268	31	0.004
smart-money-liquidation-exploits	15m	LINKUSD	145	98	-1.48	0.998	0.007	-340.97	4	83	36	0.144	109	-0.039
smart-money-volume-activity	1h	AVAXUSD	92	41	-202.64	0.562	-0.120	-290.43	0	167	0	0.000	92	-0.120
smart-money-volume-activity	4h	AVAXUSD	31	12	-86.59	0.503	-0.144	-104.79	0	333	0	0.000	31	-0.144
smart-money-volume-index	15m	ETHUSD	164	52	-456.39	0.384	-0.184	-684.57	0	83	54	-0.122	110	-0.215
smart-money-volume-index	1h	BTCUSD	139	49	-244.73	0.571	-0.100	-456.24	1	167	60	0.002	79	-0.177
smart-money-volume-activity	15m	LINKUSD	161	86	-346.73	0.611	-0.128	-512.43	0	83	0	0.000	161	-0.128
smart-money-volume-activity	4h	ZECUSD	36	11	-111.44	0.377	-0.206	-117.22	0	333	0	0.000	36	-0.206
smart-money-volume-activity	1h	ZECUSD	77	35	-69.61	0.798	-0.051	-118.20	0	167	0	0.000	77	-0.051
smart-money-volume-index	1h	ETHUSD	149	53	-247.89	0.567	-0.094	-444.32	1	167	44	-0.014	105	-0.127
smart-money-liquidation-exploits	15m	AVAXUSD	88	55	-177.39	0.675	-0.106	-331.20	2	83	27	-0.165	61	-0.080
smart-money-volume-index	4h	BTCUSD	69	24	-102.05	0.616	-0.081	-219.85	2	333	33	-0.065	36	-0.095
smart-money-volume-index	1h	SOLUSD	172	61	-227.07	0.660	-0.074	-399.01	2	167	56	0.033	116	-0.125
squeeze-momentum-oscillator	15m	BTCUSD	165	99	-415.45	0.481	-0.163	-614.20	1	83	44	-0.121	121	-0.179
smart-money-volume-index	15m	SOLUSD	198	64	-453.43	0.419	-0.156	-678.52	0	83	51	-0.115	147	-0.170
smart-money-volume-activity	15m	AVAXUSD	146	77	-304.78	0.643	-0.120	-405.32	0	83	0	0.000	146	-0.120
smart-money-liquidation-exploits	15m	ZECUSD	241	168	-226.14	0.811	-0.049	-545.69	2	83	93	-0.036	148	-0.057
smart-money-volume-index	4h	ETHUSD	84	28	-25.20	0.917	-0.013	-139.89	3	333	34	-0.022	50	-0.007
smart-money-volume-index	15m	XRPUSD	184	57	-491.91	0.329	-0.182	-677.51	0	83	52	-0.123	132	-0.204
smart-money-volume-index	1h	XRPUSD	148	60	-69.61	0.862	-0.022	-357.45	2	167	62	0.035	86	-0.063
squeeze-momentum-oscillator	1h	BTCUSD	375	194	-824.92	0.437	-0.239	-907.18	0	167	185	-0.202	190	-0.275
smart-money-volume-activity	15m	ZECUSD	158	91	-116.88	0.868	-0.036	-378.91	1	83	0	0.000	158	-0.036
squeeze-momentum-oscillator	15m	ETHUSD	384	235	-558.57	0.671	-0.103	-886.29	1	83	154	-0.038	230	-0.147
smart-money-volume-index	4h	SOLUSD	67	25	-60.77	0.745	-0.047	-120.47	3	333	17	-0.016	50	-0.058
squeeze-momentum-oscillator	4h	BTCUSD	214	136	-24.53	0.977	-0.000	-211.30	5	333	107	-0.031	107	0.031
smart-money-volume-index	15m	DOGEUSD	207	63	-486.50	0.406	-0.158	-680.54	1	83	63	-0.234	144	-0.125
smart-money-volume-index	1h	DOGEUSD	177	60	-102.58	0.867	-0.026	-331.56	3	167	84	0.018	93	-0.065
squeeze-momentum-oscillator	1h	ETHUSD	420	228	-596.43	0.697	-0.104	-829.64	0	167	213	-0.067	207	-0.143
smart-money-volume-index	4h	XRPUSD	61	22	-32.62	0.873	-0.024	-112.51	3	333	22	-0.017	39	-0.028
squeeze-momentum-oscillator	4h	ETHUSD	200	120	82.62	1.061	0.028	-147.21	6	333	97	0.017	103	0.038
smart-money-volume-index	1h	LINKUSD	142	48	-281.39	0.555	-0.114	-472.61	0	167	58	-0.061	84	-0.150
smart-money-volume-index	4h	DOGEUSD	68	24	-2.72	0.988	0.000	-60.29	3	333	20	-0.082	48	0.035
squeeze-momentum-oscillator	1h	SOLUSD	445	258	-603.37	0.678	-0.106	-801.73	1	167	225	-0.108	220	-0.103
squeeze-momentum-oscillator	4h	SOLUSD	200	123	41.43	1.035	0.016	-125.53	3	333	97	0.100	103	-0.064
smart-money-volume-index	4h	LINKUSD	72	20	-143.50	0.571	-0.105	-225.44	2	333	26	-0.153	46	-0.079
smart-money-volume-index	1h	AVAXUSD	156	52	-203.29	0.697	-0.070	-384.04	3	167	66	-0.017	90	-0.108
squeeze-momentum-oscillator	1h	XRPUSD	425	258	-373.00	0.818	-0.050	-745.63	2	167	206	-0.036	219	-0.063
smart-money-volume-index	15m	LINKUSD	235	85	-369.09	0.567	-0.096	-658.61	0	83	56	-0.159	179	-0.076
smart-money-volume-index	4h	AVAXUSD	44	16	-31.45	0.786	-0.034	-89.25	4	333	8	-0.164	36	-0.005
squeeze-momentum-oscillator	4h	XRPUSD	211	123	-156.73	0.878	-0.035	-358.69	3	333	104	-0.033	107	-0.037
squeeze-momentum-oscillator	15m	SOLUSD	497	293	-787.86	0.551	-0.160	-933.68	1	83	144	-0.134	353	-0.171
squeeze-momentum-oscillator	1h	DOGEUSD	428	240	-572.07	0.709	-0.094	-808.11	1	167	208	-0.068	220	-0.118
squeeze-momentum-oscillator	4h	DOGEUSD	221	129	-68.26	0.957	-0.010	-307.01	5	333	105	0.093	116	-0.103
smart-money-volume-index	4h	ZECUSD	60	22	107.40	1.499	0.081	59.07	4	333	18	0.128	42	0.061
smart-money-volume-index	1h	ZECUSD	205	65	-250.14	0.659	-0.073	-430.46	1	167	66	-0.006	139	-0.105
squeeze-momentum-oscillator	4h	LINKUSD	211	124	-26.89	0.981	0.001	-159.38	4	333	103	0.038	108	-0.033
smart-money-volume-index	15m	AVAXUSD	231	75	-485.93	0.455	-0.142	-697.84	1	83	78	-0.139	153	-0.143
squeeze-momentum-oscillator	15m	XRPUSD	448	256	-717.63	0.606	-0.137	-881.50	2	83	102	-0.128	346	-0.139
squeeze-momentum-oscillator	4h	AVAXUSD	200	124	225.41	1.154	0.060	-78.38	5	333	92	0.108	108	0.019
squeeze-momentum-oscillator	1h	LINKUSD	420	229	-666.94	0.694	-0.125	-842.00	1	167	210	-0.090	210	-0.161
standardized-median-proximity	1h	BTCUSD	567	278	-752.89	0.606	-0.124	-916.68	0	167	289	-0.093	278	-0.157
standardized-median-proximity	15m	BTCUSD	253	123	-531.03	0.503	-0.149	-764.70	0	83	68	-0.233	185	-0.118
squeeze-momentum-oscillator	4h	ZECUSD	210	124	19.53	1.014	0.018	1.14	4	333	94	0.043	116	-0.002
standardized-median-proximity	1h	ETHUSD	614	312	-645.83	0.738	-0.081	-892.10	1	167	282	-0.013	332	-0.139
smart-money-volume-index	15m	ZECUSD	307	110	-437.93	0.561	-0.096	-738.38	0	83	121	-0.074	186	-0.109
standardized-median-proximity	4h	BTCUSD	307	160	-240.90	0.837	-0.043	-503.80	2	333	144	0.026	163	-0.103
squeeze-momentum-oscillator	1h	AVAXUSD	438	265	-152.89	0.942	-0.013	-647.45	3	167	228	-0.021	210	-0.004
standardized-median-proximity	1h	SOLUSD	627	323	-715.47	0.704	-0.100	-869.09	0	167	293	-0.063	334	-0.133
standardized-median-proximity	4h	ETHUSD	294	150	-68.54	0.964	-0.008	-306.12	4	333	125	0.116	169	-0.100
standardized-median-proximity	15m	ETHUSD	644	303	-876.36	0.460	-0.162	-972.22	0	83	235	-0.212	409	-0.133
squeeze-momentum-oscillator	1h	ZECUSD	429	248	-463.06	0.808	-0.070	-582.60	3	167	212	-0.038	217	-0.101
standardized-median-proximity	4h	SOLUSD	307	168	59.51	1.035	0.013	-256.56	3	333	141	0.080	166	-0.044
standardized-median-proximity	1h	XRPUSD	654	333	-729.59	0.634	-0.097	-920.86	1	167	322	-0.105	332	-0.089
squeeze-momentum-oscillator	15m	DOGEUSD	447	281	-592.02	0.684	-0.096	-876.24	1	83	120	-0.078	327	-0.103
standardized-median-proximity	15m	SOLUSD	827	403	-907.52	0.493	-0.155	-958.25	0	83	212	-0.198	615	-0.140
standardized-psar-oscillator	1h	BTCUSD	110	65	-371.27	0.465	-0.210	-466.60	0	167	61	-0.219	49	-0.200
standardized-median-proximity	4h	XRPUSD	329	159	-242.51	0.872	-0.037	-445.98	2	333	156	0.041	173	-0.108
standardized-psar-oscillator	15m	BTCUSD	46	29	-161.02	0.453	-0.190	-236.48	1	83	15	-0.220	31	-0.176
standardized-median-proximity	1h	DOGEUSD	664	340	-643.46	0.754	-0.074	-884.99	1	167	319	-0.060	345	-0.087
standardized-median-proximity	4h	DOGEUSD	310	157	16.24	1.008	0.008	-316.64	5	333	131	0.107	179	-0.065
standardized-psar-oscillator	1h	ETHUSD	113	75	-79.35	0.890	-0.030	-178.83	5	167	57	0.005	56	-0.066
standardized-psar-oscillator	15m	ETHUSD	123	79	-323.23	0.535	-0.155	-454.20	2	83	49	-0.158	74	-0.154
standardized-median-proximity	4h	LINKUSD	324	166	-159.59	0.907	-0.023	-399.32	3	333	143	0.017	181	-0.055
standardized-median-proximity	15m	XRPUSD	737	366	-866.05	0.590	-0.133	-975.27	1	83	142	-0.163	595	-0.126
standardized-median-proximity	1h	LINKUSD	663	340	-706.64	0.738	-0.089	-918.64	1	167	326	-0.066	337	-0.111
standardized-psar-oscillator	1h	SOLUSD	111	68	-214.49	0.708	-0.102	-355.71	3	167	57	-0.118	54	-0.085
squeeze-momentum-oscillator	15m	LINKUSD	532	314	-700.72	0.698	-0.108	-931.67	2	83	137	-0.029	395	-0.135
standardized-median-proximity	4h	AVAXUSD	331	157	-282.54	0.849	-0.046	-504.46	3	333	140	0.045	191	-0.112
standardized-median-proximity	1h	AVAXUSD	659	327	-654.53	0.726	-0.076	-889.94	1	167	316	-0.114	343	-0.041
standardized-median-proximity	15m	DOGEUSD	758	363	-925.93	0.475	-0.169	-980.06	0	83	219	-0.227	539	-0.145
standardized-median-proximity	4h	ZECUSD	274	151	953.49	1.534	0.136	583.69	7	333	112	0.199	162	0.093
standardized-psar-oscillator	1h	XRPUSD	105	79	35.64	1.068	0.020	-183.70	4	167	52	0.040	53	0.001
standardized-median-proximity	1h	ZECUSD	648	335	88.61	1.027	0.014	-475.78	4	167	346	-0.016	302	0.048
standardized-psar-oscillator	4h	BTCUSD	64	44	-41.89	0.889	-0.033	-74.84	4	333	34	-0.046	30	-0.018
standardized-psar-oscillator	1h	DOGEUSD	123	77	-228.10	0.708	-0.100	-427.36	2	167	60	-0.122	63	-0.079
standardized-psar-oscillator	15m	SOLUSD	144	82	-538.79	0.372	-0.273	-685.71	2	83	43	-0.152	101	-0.324
standardized-median-proximity	15m	LINKUSD	853	425	-882.31	0.579	-0.121	-980.10	0	83	232	-0.187	621	-0.097
supertrended-rsi	15m	BTCUSD	137	65	-412.17	0.392	-0.195	-565.71	0	83	33	-0.118	104	-0.219
squeeze-momentum-oscillator	15m	AVAXUSD	521	290	-758.50	0.654	-0.131	-946.15	0	83	191	-0.122	330	-0.135
standardized-psar-oscillator	4h	ETHUSD	60	36	-143.75	0.681	-0.126	-197.68	2	333	28	0.012	32	-0.247
standardized-psar-oscillator	1h	LINKUSD	106	74	148.46	1.231	0.073	-111.32	5	167	50	0.013	56	0.126
standardized-psar-oscillator	15m	XRPUSD	125	74	-387.34	0.519	-0.191	-538.53	1	83	30	-0.126	95	-0.212
standardized-median-proximity	15m	AVAXUSD	869	420	-940.66	0.501	-0.161	-980.15	0	83	303	-0.174	566	-0.153
standardized-psar-oscillator	4h	SOLUSD	57	41	115.76	1.385	0.102	-27.93	4	333	29	0.034	28	0.174
standardized-psar-oscillator	1h	AVAXUSD	123	68	-187.85	0.804	-0.074	-386.95	2	167	67	-0.177	56	0.049
supertrended-rsi	15m	ETHUSD	308	160	-554.72	0.575	-0.127	-815.91	2	83	125	-0.146	183	-0.114
standardized-psar-oscillator	15m	DOGEUSD	138	93	-222.17	0.707	-0.086	-493.78	1	83	42	-0.130	96	-0.067
standardized-psar-oscillator	4h	XRPUSD	59	38	75.11	1.171	0.072	-7.18	4	333	31	0.126	28	0.013
standardized-psar-oscillator	1h	ZECUSD	106	63	-130.25	0.824	-0.055	-116.91	4	167	48	-0.091	58	-0.024
standardized-median-proximity	15m	ZECUSD	1256	623	-868.11	0.689	-0.083	-958.04	1	83	584	-0.136	672	-0.037
squeeze-momentum-oscillator	15m	ZECUSD	827	487	-750.35	0.736	-0.085	-924.81	1	83	367	-0.110	460	-0.065
standardized-psar-oscillator	4h	DOGEUSD	57	39	-45.28	0.872	-0.036	-82.52	3	333	30	-0.120	27	0.057
supertrended-rsi	4h	BTCUSD	174	98	128.49	1.147	0.041	-210.50	5	333	90	-0.044	84	0.132
standardized-psar-oscillator	15m	LINKUSD	155	103	-179.05	0.804	-0.058	-484.11	3	83	47	-0.053	108	-0.060
supertrended-rsi	1h	BTCUSD	303	154	-605.41	0.542	-0.155	-787.17	0	167	180	-0.152	123	-0.158
standardized-psar-oscillator	4h	LINKUSD	63	30	-310.21	0.428	-0.291	-332.69	0	333	35	-0.395	28	-0.160
supertrended-rsi	4h	ETHUSD	169	85	-194.76	0.809	-0.060	-223.38	2	333	88	-0.029	81	-0.094
support-and-resistance-non-repainting	15m	BTCUSD	20	14	-2.12	0.981	-0.001	-61.60	3	83	5	-0.492	15	0.163
supertrended-rsi	15m	SOLUSD	404	225	-650.66	0.599	-0.132	-862.91	1	83	117	-0.052	287	-0.164
standardized-psar-oscillator	4h	AVAXUSD	67	42	-125.50	0.743	-0.095	-202.17	4	333	35	0.003	32	-0.201
supertrended-rsi	4h	SOLUSD	179	102	-9.14	0.988	0.002	-118.75	5	333	97	-0.067	82	0.084
supertrended-rsi	1h	ETHUSD	332	170	-545.02	0.631	-0.116	-783.32	1	167	182	-0.114	150	-0.117
standardized-psar-oscillator	15m	AVAXUSD	144	84	-460.46	0.473	-0.210	-589.18	1	83	50	-0.228	94	-0.200
supertrended-rsi	4h	XRPUSD	178	94	-68.76	0.932	-0.014	-214.31	4	333	90	-0.038	88	0.011
support-and-resistance-non-repainting	15m	ETHUSD	65	41	-223.50	0.473	-0.191	-348.92	1	83	23	-0.068	42	-0.259
standardized-psar-oscillator	4h	ZECUSD	44	33	188.84	1.794	0.210	163.18	6	333	24	0.307	20	0.094
supertrended-rsi	1h	SOLUSD	335	180	-308.81	0.825	-0.052	-649.29	2	167	165	-0.024	170	-0.078
supertrended-rsi	4h	DOGEUSD	177	83	-412.69	0.600	-0.147	-482.51	0	333	92	-0.143	85	-0.151
support-and-resistance-non-repainting	15m	SOLUSD	74	45	-205.50	0.568	-0.156	-373.51	3	83	19	-0.156	55	-0.156
support-and-resistance-non-repainting	1h	BTCUSD	72	42	-245.36	0.517	-0.194	-332.29	0	167	34	-0.146	38	-0.238
supertrended-rsi	1h	XRPUSD	336	178	-491.64	0.698	-0.095	-710.06	1	167	165	-0.071	171	-0.119
supertrended-rsi	4h	LINKUSD	167	96	137.89	1.142	0.045	-34.22	4	333	81	0.091	86	0.002
supertrended-rsi	15m	XRPUSD	364	210	-478.16	0.680	-0.086	-789.32	2	83	96	-0.069	268	-0.092
support-and-resistance-non-repainting	1h	ETHUSD	68	53	216.62	1.601	0.151	-47.80	5	167	32	0.407	36	-0.077
standardized-psar-oscillator	15m	ZECUSD	200	129	-170.04	0.860	-0.042	-505.97	2	83	90	-0.047	110	-0.038
support-and-resistance-non-repainting	15m	XRPUSD	61	48	50.92	1.212	0.044	-231.63	6	83	12	0.150	49	0.018
supertrended-rsi	4h	AVAXUSD	172	95	8.70	1.007	0.010	-242.30	2	333	82	0.170	90	-0.136
support-and-resistance-non-repainting	1h	SOLUSD	70	56	258.42	1.809	0.174	48.11	7	167	32	0.328	38	0.044
support-and-resistance-non-repainting	4h	BTCUSD	26	18	-51.83	0.657	-0.104	-96.77	5	333	11	-0.184	15	-0.045
support-and-resistance-non-repainting	15m	DOGEUSD	67	43	-184.94	0.570	-0.148	-286.12	2	83	17	-0.099	50	-0.165
supertrended-rsi	4h	ZECUSD	162	84	211.41	1.210	0.072	93.07	5	333	80	0.107	82	0.038
supertrended-rsi	1h	DOGEUSD	348	195	-403.59	0.748	-0.070	-714.41	1	167	173	-0.081	175	-0.059
support-and-resistance-non-repainting	4h	ETHUSD	27	17	-8.55	0.957	-0.010	-33.88	4	333	11	0.062	16	-0.060
support-and-resistance-non-repainting	1h	XRPUSD	71	48	-55.92	0.883	-0.034	-219.06	4	167	32	0.163	39	-0.196
supertrended-rsi	15m	DOGEUSD	382	204	-521.03	0.674	-0.092	-847.24	0	83	112	-0.146	270	-0.069
support-and-resistance-non-repainting	4h	SOLUSD	30	22	106.33	1.722	0.179	87.00	4	333	11	0.006	19	0.278
supertrended-rsi	1h	LINKUSD	342	185	-443.21	0.760	-0.080	-727.95	1	167	171	-0.040	171	-0.121
support-and-resistance-non-repainting	1h	DOGEUSD	61	37	-142.09	0.695	-0.119	-242.57	2	167	27	0.018	34	-0.228
support-and-resistance-non-repainting	4h	XRPUSD	36	28	87.28	1.503	0.121	73.29	5	333	10	0.202	26	0.089
support-and-resistance-non-repainting	15m	LINKUSD	79	49	-205.81	0.595	-0.142	-385.18	3	83	26	-0.018	53	-0.202
supertrended-rsi	15m	LINKUSD	419	216	-570.56	0.708	-0.096	-873.56	1	83	118	-0.076	301	-0.103
swing-failure-signals	15m	BTCUSD	17	10	-79.88	0.361	-0.245	-118.64	1	83	3	0.283	14	-0.359
support-and-resistance-non-repainting	4h	DOGEUSD	29	19	-6.47	0.967	-0.003	7.10	3	333	12	-0.012	17	0.003
supertrended-rsi	1h	AVAXUSD	355	189	-550.69	0.681	-0.108	-733.94	1	167	180	-0.104	175	-0.112
support-and-resistance-non-repainting	1h	LINKUSD	60	40	-36.70	0.909	-0.026	-181.54	4	167	28	0.154	32	-0.183
support-and-resistance-non-repainting	4h	LINKUSD	31	19	-21.69	0.909	-0.029	-51.11	3	333	11	0.085	20	-0.092
support-and-resistance-non-repainting	15m	AVAXUSD	72	47	-31.93	0.929	-0.017	-191.82	4	83	33	-0.105	39	0.057
supertrended-rsi	15m	AVAXUSD	428	223	-530.00	0.732	-0.083	-890.98	2	83	167	-0.064	261	-0.096
support-and-resistance-non-repainting	4h	AVAXUSD	28	16	24.23	1.108	0.052	-50.47	4	333	10	0.092	18	0.030
swing-failure-signals	15m	ETHUSD	42	26	-133.62	0.550	-0.166	-266.02	1	83	16	-0.102	26	-0.205
support-and-resistance-non-repainting	1h	AVAXUSD	71	49	41.61	1.094	0.035	-69.01	3	167	29	0.130	42	-0.031
support-and-resistance-non-repainting	4h	ZECUSD	25	17	60.81	1.364	0.136	36.11	3	333	12	0.317	13	-0.032
supertrended-rsi	1h	ZECUSD	350	180	-207.75	0.885	-0.030	-456.13	2	167	190	-0.020	160	-0.043
support-and-resistance-non-repainting	15m	ZECUSD	115	79	18.79	1.025	0.014	-229.68	4	83	49	0.147	66	-0.084
swing-failure-signals	1h	BTCUSD	40	27	-102.37	0.579	-0.133	-201.07	3	167	18	-0.153	22	-0.116
support-and-resistance-non-repainting	1h	ZECUSD	55	34	-54.41	0.861	-0.041	-151.07	3	167	27	-0.025	28	-0.057
swing-failure-signals	4h	BTCUSD	12	11	71.07	4.849	0.299	50.22	5	333	4	-0.054	8	0.475
swing-failure-signals	1h	ETHUSD	45	28	-144.45	0.522	-0.169	-228.58	1	167	23	-0.181	22	-0.158
swing-failure-signals	15m	SOLUSD	47	30	-128.09	0.589	-0.146	-260.56	3	83	14	-0.164	33	-0.138
swing-failure-zones-and-signals	1h	BTCUSD	60	30	-337.13	0.317	-0.345	-382.73	1	167	27	-0.206	33	-0.458
supertrended-rsi	15m	ZECUSD	650	352	-547.24	0.803	-0.055	-908.41	2	83	302	-0.087	348	-0.027
swing-failure-signals	4h	ETHUSD	19	12	-36.21	0.735	-0.092	-37.43	1	333	7	-0.236	12	-0.009
swing-failure-zones-and-signals	15m	BTCUSD	25	18	-41.37	0.688	-0.082	-109.15	3	83	2	0.172	23	-0.104
swing-failure-signals	1h	SOLUSD	29	19	17.63	1.089	0.039	-48.04	5	167	11	0.040	18	0.039
swing-failure-zones-and-signals	1h	ETHUSD	49	26	-216.96	0.444	-0.245	-308.59	1	167	25	-0.296	24	-0.193
swing-failure-signals	4h	SOLUSD	13	7	-44.01	0.595	-0.176	-72.28	3	333	7	-0.257	6	-0.083
swing-failure-zones-and-signals	4h	BTCUSD	33	26	53.18	1.395	0.079	-18.26	4	333	10	0.088	23	0.074
swing-failure-signals	1h	XRPUSD	27	20	-20.07	0.859	-0.034	-96.12	6	167	14	0.141	13	-0.223
swing-failure-signals	4h	XRPUSD	14	11	36.47	1.591	0.132	22.97	5	333	10	0.048	4	0.344
swing-failure-zones-and-signals	1h	SOLUSD	56	30	-245.69	0.433	-0.258	-326.54	1	167	29	-0.196	27	-0.324
swing-failure-zones-and-signals	4h	ETHUSD	18	13	82.15	1.780	0.232	59.60	4	333	6	0.278	12	0.208
swing-failure-zones-and-signals	15m	ETHUSD	39	27	22.03	1.098	0.035	-153.75	3	83	12	-0.097	27	0.094
swing-failure-signals	4h	DOGEUSD	16	8	-78.02	0.487	-0.251	-86.50	3	333	6	-0.498	10	-0.102
swing-failure-signals	15m	XRPUSD	36	23	-19.24	0.923	-0.020	-138.12	4	83	13	-0.121	23	0.037
swing-failure-zones-and-signals	4h	SOLUSD	33	17	-105.84	0.628	-0.168	-144.68	1	333	10	-0.059	23	-0.215
swing-failure-zones-and-signals	1h	XRPUSD	59	35	-186.65	0.578	-0.170	-304.76	0	167	33	-0.122	26	-0.230
swing-failure-signals	4h	LINKUSD	8	6	49.90	2.266	0.315	32.78	5	333	4	-0.178	4	0.808
swing-failure-zones-and-signals	4h	XRPUSD	36	22	-99.21	0.624	-0.140	-114.09	3	333	25	-0.139	11	-0.143
swing-failure-zones-and-signals	15m	SOLUSD	65	48	-68.20	0.784	-0.050	-249.91	3	83	16	-0.071	49	-0.043
swing-failure-zones-and-signals	1h	DOGEUSD	39	23	-105.87	0.660	-0.138	-148.95	3	167	18	-0.093	21	-0.177
swing-failure-zones-and-signals	4h	DOGEUSD	28	17	-42.28	0.811	-0.070	-102.09	3	333	8	0.478	20	-0.289
swing-failure-signals	1h	DOGEUSD	33	25	-0.48	0.997	0.003	-75.02	3	167	19	-0.101	14	0.144
swing-failure-signals	4h	AVAXUSD	13	9	19.83	1.249	0.083	8.16	3	333	8	0.061	5	0.118
swing-failure-zones-and-signals	15m	XRPUSD	52	32	-161.51	0.550	-0.164	-276.77	1	83	12	-0.384	40	-0.098
swing-failure-zones-and-signals	4h	LINKUSD	39	29	113.25	1.536	0.145	125.36	5	333	18	0.321	21	-0.005
swing-failure-zones-and-signals	1h	LINKUSD	72	40	-278.71	0.487	-0.223	-382.59	2	167	33	-0.261	39	-0.191
swing-failure-signals	4h	ZECUSD	11	6	-54.25	0.409	-0.239	-48.51	1	333	4	-0.295	7	-0.206
swing-failure-signals	1h	LINKUSD	33	21	-73.53	0.689	-0.111	-121.50	1	167	19	-0.038	14	-0.209
swing-failure-zones-and-signals	4h	AVAXUSD	30	20	69.89	1.314	0.122	39.30	4	333	15	0.522	15	-0.278
swing-failure-zones-and-signals	1h	AVAXUSD	62	38	-115.58	0.744	-0.093	-251.95	4	167	25	-0.128	37	-0.070
swing-failure-signals	15m	DOGEUSD	45	32	-23.42	0.908	-0.022	-160.63	3	83	15	0.013	30	-0.039
swing-failure-signals	1h	AVAXUSD	29	21	15.92	1.099	0.032	-55.18	4	167	12	-0.010	17	0.063
swing-failure-zones-and-signals	4h	ZECUSD	24	16	27.12	1.171	0.064	19.48	3	333	19	0.122	5	-0.158
swing-failure-zones-and-signals	1h	ZECUSD	36	20	-57.70	0.802	-0.078	-98.06	3	167	16	-0.048	20	-0.103
swing-failure-zones-and-signals	15m	DOGEUSD	76	48	-202.78	0.583	-0.145	-316.72	3	83	35	-0.107	41	-0.176
swing-failure-signals	1h	ZECUSD	28	19	-32.77	0.807	-0.060	-80.12	3	167	18	-0.128	10	0.064
swing-traces	4h	BTCUSD	77	58	233.12	1.594	0.144	3.94	5	333	38	0.118	39	0.170
swing-traces	15m	BTCUSD	91	59	-198.27	0.633	-0.117	-347.74	3	83	30	-0.059	61	-0.146
swing-failure-zones-and-signals	15m	LINKUSD	111	75	-3.99	0.994	0.005	-272.06	3	83	32	-0.121	79	0.056
swing-traces	4h	ETHUSD	74	52	133.48	1.289	0.092	119.01	5	333	36	0.073	38	0.110
swing-traces	1h	BTCUSD	155	104	-177.03	0.798	-0.058	-435.08	3	167	81	-0.035	74	-0.083
swing-failure-signals	15m	LINKUSD	40	18	-271.64	0.282	-0.391	-322.14	0	83	9	-0.418	31	-0.383
swing-traces	15m	ETHUSD	176	113	-410.47	0.551	-0.147	-654.95	0	83	69	-0.199	107	-0.113
swing-traces	1h	ETHUSD	153	99	-338.59	0.619	-0.131	-466.60	1	167	76	-0.081	77	-0.181
swing-traces	4h	SOLUSD	72	53	230.12	1.637	0.149	169.58	6	333	35	-0.018	37	0.307
swing-failure-zones-and-signals	15m	AVAXUSD	70	41	-282.84	0.414	-0.233	-337.72	0	83	24	-0.370	46	-0.161
trend-continuation-signals	15m	BTCUSD	112	57	-490.40	0.315	-0.302	-579.42	0	83	24	-0.269	88	-0.312
swing-traces	4h	XRPUSD	66	50	230.00	1.622	0.163	154.10	7	333	32	0.253	34	0.078
swing-failure-signals	15m	AVAXUSD	31	18	-133.53	0.449	-0.226	-206.17	3	83	10	-0.045	21	-0.313
swing-failure-zones-and-signals	15m	ZECUSD	126	82	-173.80	0.768	-0.071	-427.12	2	83	75	-0.114	51	-0.009
swing-traces	1h	SOLUSD	163	115	-57.94	0.932	-0.014	-366.82	4	167	82	-0.046	81	0.019
swing-traces	4h	DOGEUSD	69	43	21.61	1.039	0.027	-83.10	5	333	31	0.017	38	0.035
swing-traces	15m	SOLUSD	208	148	-284.97	0.697	-0.079	-542.13	1	83	74	-0.120	134	-0.056
trend-continuation-signals	15m	ETHUSD	265	166	-580.66	0.520	-0.161	-793.22	0	83	94	-0.160	171	-0.162
swing-traces	4h	LINKUSD	79	57	134.12	1.290	0.085	32.60	6	333	34	0.029	45	0.128
trend-continuation-signals	1h	BTCUSD	227	156	-88.08	0.923	-0.014	-474.22	3	167	127	-0.059	100	0.042
swing-traces	1h	XRPUSD	168	116	56.15	1.056	0.023	-183.09	2	167	90	0.057	78	-0.017
swing-traces	15m	XRPUSD	185	123	-334.87	0.652	-0.105	-610.42	1	83	58	-0.194	127	-0.064
swing-traces	4h	AVAXUSD	77	48	-93.87	0.843	-0.058	-121.56	4	333	41	0.056	36	-0.188
trend-continuation-signals	1h	ETHUSD	269	168	-458.69	0.682	-0.110	-649.00	1	167	133	-0.044	136	-0.175
swing-failure-signals	15m	ZECUSD	58	36	-176.09	0.558	-0.167	-290.65	3	83	26	-0.047	32	-0.264
swing-traces	15m	DOGEUSD	199	133	-321.41	0.681	-0.093	-603.51	2	83	61	-0.231	138	-0.031
swing-traces	1h	DOGEUSD	152	102	-104.49	0.893	-0.031	-353.69	4	167	82	0.039	70	-0.113
trend-continuation-signals	15m	SOLUSD	345	208	-768.03	0.440	-0.218	-875.48	0	83	106	-0.220	239	-0.217
swing-traces	4h	ZECUSD	70	44	67.24	1.133	0.052	31.24	2	333	33	-0.014	37	0.111
trend-continuation-signals	1h	SOLUSD	271	174	-301.74	0.802	-0.061	-548.80	3	167	139	-0.027	132	-0.096
trend-continuation-signals	4h	BTCUSD	129	87	-47.85	0.937	-0.017	-175.46	4	333	66	0.009	63	-0.044
swing-traces	1h	LINKUSD	171	109	-154.31	0.855	-0.042	-383.91	3	167	80	-0.062	91	-0.024
trend-continuation-signals	15m	XRPUSD	305	193	-564.98	0.583	-0.132	-823.14	0	83	66	-0.182	239	-0.118
swing-traces	15m	LINKUSD	218	143	-381.68	0.638	-0.106	-593.40	2	83	71	-0.260	147	-0.032
trend-continuation-signals	4h	ETHUSD	132	85	11.38	1.014	0.010	-113.23	4	333	61	-0.011	71	0.027
swing-traces	1h	AVAXUSD	162	99	-284.24	0.708	-0.097	-438.32	2	167	83	-0.151	79	-0.041
trend-continuation-signals	1h	XRPUSD	265	164	-442.51	0.698	-0.105	-630.41	1	167	138	-0.061	127	-0.152
trend-continuation-signals	15m	DOGEUSD	329	194	-709.94	0.498	-0.184	-840.34	0	83	87	-0.232	242	-0.167
trend-pulse	15m	BTCUSD	1	1	2.65	99.000	0.133	2.23	1	83	1	0.133	0	0.000
swing-traces	1h	ZECUSD	147	93	66.78	1.061	0.034	-115.15	5	167	78	0.084	69	-0.024
trend-continuation-signals	4h	SOLUSD	131	92	372.76	1.542	0.130	64.54	7	333	68	0.025	63	0.243
swing-traces	15m	AVAXUSD	207	125	-472.60	0.582	-0.150	-684.90	1	83	78	-0.253	129	-0.087
trend-continuation-signals	15m	LINKUSD	345	200	-625.99	0.620	-0.136	-873.33	0	83	85	-0.210	260	-0.111
trend-continuation-signals	1h	DOGEUSD	293	175	-450.12	0.740	-0.096	-600.86	1	167	136	-0.038	157	-0.146
trend-continuation-signals	4h	XRPUSD	133	82	-54.18	0.944	-0.014	-166.33	3	333	70	0.023	63	-0.055
trend-pulse	1h	BTCUSD	2	2	10.66	99.000	0.269	9.86	1	167	2	0.269	0	0.000
trend-continuation-signals	15m	AVAXUSD	341	197	-672.63	0.607	-0.159	-856.67	2	83	118	-0.125	223	-0.176
trend-continuation-signals	1h	LINKUSD	276	176	-212.26	0.890	-0.037	-607.66	3	167	135	0.040	141	-0.111
trend-continuation-signals	4h	DOGEUSD	136	90	29.19	1.031	0.016	-87.96	5	333	64	0.080	72	-0.040
swing-traces	15m	ZECUSD	286	195	-63.29	0.963	-0.005	-450.76	4	83	136	-0.019	150	0.008
trend-pulse	15m	ETHUSD	2	1	-15.18	0.167	-0.379	-38.13	0	83	2	-0.379	0	0.000
trend-pulse	1h	ETHUSD	2	2	9.80	99.000	0.245	7.22	1	167	2	0.245	0	0.000
trend-continuation-signals	15m	ZECUSD	534	322	-590.62	0.735	-0.081	-847.42	1	83	249	-0.109	285	-0.057
trend-pulse	4h	BTCUSD	2	0	-36.97	0.000	-1.000	-37.09	0	333	2	-1.000	0	0.000
trend-continuation-signals	1h	AVAXUSD	281	168	-257.16	0.827	-0.045	-577.88	3	167	148	-0.143	133	0.064
trend-continuation-signals	4h	LINKUSD	141	83	-121.69	0.866	-0.041	-234.60	4	333	72	-0.050	69	-0.031
trend-pulse	4h	ETHUSD	2	2	20.21	99.000	0.516	17.81	1	333	2	0.516	0	0.000
trend-pulse	1h	SOLUSD	2	2	35.54	99.000	0.894	27.81	1	167	2	0.894	0	0.000
trend-pulse	15m	SOLUSD	2	1	-16.05	0.124	-0.401	-16.51	0	83	2	-0.401	0	0.000
trend-pulse	4h	SOLUSD	2	0	-33.10	0.000	-1.000	-27.49	0	333	2	-1.000	0	0.000
trend-continuation-signals	4h	AVAXUSD	139	84	-122.58	0.886	-0.039	-217.62	3	333	62	0.071	77	-0.127
trend-pulse	1h	XRPUSD	2	1	-13.39	0.335	-0.331	-16.25	0	167	2	-0.331	0	0.000
trend-pulse	4h	XRPUSD	2	2	19.96	99.000	0.498	18.08	1	333	2	0.498	0	0.000
trend-continuation-signals	1h	ZECUSD	254	158	222.29	1.119	0.051	-48.05	4	167	127	0.053	127	0.049
trend-continuation-signals	4h	ZECUSD	103	74	672.03	1.917	0.270	502.06	5	333	48	0.400	55	0.157
trend-pulse	4h	DOGEUSD	2	1	-14.68	0.263	-0.369	-12.38	0	333	2	-0.369	0	0.000
trend-pulse	15m	XRPUSD	2	0	-36.54	0.000	-0.922	-37.07	0	83	2	-0.922	0	0.000
trend-pulse	1h	DOGEUSD	2	2	11.17	99.000	0.279	7.50	1	167	2	0.279	0	0.000
trend-pulse	4h	LINKUSD	2	2	12.57	99.000	0.318	11.10	1	333	2	0.318	0	0.000
trend-pulse	15m	DOGEUSD	2	1	-14.62	0.269	-0.363	-18.08	0	83	2	-0.363	0	0.000
trend-strength-signals	4h	BTCUSD	86	58	3.50	1.007	0.008	-116.38	3	333	41	0.054	45	-0.035
trend-pulse	4h	AVAXUSD	2	2	16.70	99.000	0.427	15.00	1	333	2	0.427	0	0.000
trend-pulse	1h	LINKUSD	2	1	-15.46	0.198	-0.385	-14.36	0	167	2	-0.385	0	0.000
trend-pulse	15m	LINKUSD	1	1	2.21	99.000	0.110	4.63	1	83	1	0.110	0	0.000
trend-pulse	4h	ZECUSD	1	1	8.06	99.000	0.439	7.90	1	333	1	0.439	0	0.000
trend-pulse	1h	AVAXUSD	2	1	-15.29	0.230	-0.383	-15.00	0	167	2	-0.383	0	0.000
trend-pulse	15m	AVAXUSD	2	0	-39.51	0.000	-1.000	-39.52	0	83	2	-1.000	0	0.000
trend-strength-signals	4h	ETHUSD	89	58	-60.21	0.905	-0.030	-121.87	4	333	39	0.099	50	-0.131
trend-targets	15m	BTCUSD	10	8	15.72	1.431	0.084	-34.63	4	83	3	-0.135	7	0.178
trend-strength-signals	1h	BTCUSD	154	95	-358.54	0.605	-0.141	-543.69	1	167	85	-0.161	69	-0.116
trend-pulse	1h	ZECUSD	2	0	-38.86	0.000	-1.000	-38.39	0	167	2	-1.000	0	0.000
trend-pulse	15m	ZECUSD	2	2	13.99	99.000	0.356	9.97	1	83	2	0.356	0	0.000
trend-strength-signals	4h	SOLUSD	84	61	249.04	1.527	0.151	150.91	6	333	44	0.099	40	0.209
trend-targets	15m	ETHUSD	23	16	-45.96	0.667	-0.098	-40.53	6	83	8	0.084	15	-0.194
trend-targets	1h	BTCUSD	24	14	-108.92	0.422	-0.240	-121.24	1	167	15	-0.290	9	-0.158
trend-targets	4h	BTCUSD	15	11	16.96	1.206	0.068	-7.12	3	333	7	0.353	8	-0.180
trend-strength-signals	4h	XRPUSD	90	62	93.08	1.153	0.056	-40.77	5	333	42	0.125	48	-0.005
trend-targets	1h	ETHUSD	26	20	5.54	1.049	0.014	-99.78	5	167	9	-0.141	17	0.096
trend-targets	4h	ETHUSD	12	8	11.88	1.149	0.056	-0.47	3	333	6	0.148	6	-0.036
trend-targets	15m	SOLUSD	30	21	-74.32	0.555	-0.133	-119.01	2	83	5	-0.236	25	-0.113
trend-targets	1h	SOLUSD	23	12	-56.34	0.721	-0.111	-83.83	2	167	14	-0.454	9	0.422
trend-strength-signals	4h	DOGEUSD	87	57	-34.10	0.941	-0.015	-137.85	3	333	44	0.030	43	-0.061
trend-targets	4h	SOLUSD	9	5	-11.79	0.841	-0.077	-20.97	4	333	5	0.343	4	-0.602
trend-targets	15m	XRPUSD	25	14	-51.22	0.772	-0.096	-142.71	2	83	4	0.339	21	-0.179
trend-targets	1h	XRPUSD	27	13	-165.68	0.355	-0.329	-224.89	1	167	18	-0.357	9	-0.274
trend-targets	4h	XRPUSD	16	7	-109.51	0.367	-0.356	-140.16	1	333	6	-0.211	10	-0.443
trend-strength-signals	4h	LINKUSD	95	56	-189.29	0.714	-0.107	-319.59	1	333	43	-0.102	52	-0.110
trend-targets	1h	DOGEUSD	27	20	27.91	1.198	0.055	-22.54	4	167	15	0.018	12	0.101
trend-strength-signals	1h	ETHUSD	187	115	-292.08	0.769	-0.087	-531.05	4	167	89	0.060	98	-0.219
trend-targets	4h	DOGEUSD	10	8	22.47	1.549	0.116	12.70	3	333	2	-0.207	8	0.197
trend-targets	1h	LINKUSD	22	13	-4.50	0.975	0.004	-56.26	2	167	9	0.247	13	-0.164
trend-targets	15m	DOGEUSD	21	14	-62.63	0.541	-0.151	-65.03	3	83	4	0.265	17	-0.249
trend-targets	4h	LINKUSD	15	13	84.75	3.039	0.277	77.48	6	333	7	0.379	8	0.187
trend-strength-signals	4h	AVAXUSD	93	63	276.49	1.437	0.144	89.64	4	333	43	0.248	50	0.055
trend-targets	1h	AVAXUSD	18	9	-125.39	0.262	-0.367	-103.86	1	167	5	-0.504	13	-0.315
trend-targets	4h	AVAXUSD	16	11	8.42	1.099	0.030	-6.45	2	333	3	-0.026	13	0.043
trend-targets	15m	LINKUSD	11	7	-13.46	0.832	-0.056	-63.55	3	83	3	-0.200	8	-0.002
trend-targets	1h	ZECUSD	24	13	-107.69	0.467	-0.234	-112.50	1	167	8	-0.428	16	-0.138
trend-targets	4h	ZECUSD	11	8	17.62	1.315	0.094	9.80	4	333	5	-0.044	6	0.210
trend-targets	15m	AVAXUSD	15	11	87.81	2.004	0.301	32.99	3	83	2	0.128	13	0.328
trend-strength-signals	4h	ZECUSD	74	53	157.00	1.341	0.122	189.12	7	333	37	0.301	37	-0.056
trend-tracer	1h	BTCUSD	178	110	-351.32	0.676	-0.118	-558.54	2	167	90	-0.053	88	-0.185
trend-tracer	15m	BTCUSD	82	50	-292.81	0.432	-0.212	-377.54	0	83	26	-0.170	56	-0.231
trend-tracer	4h	BTCUSD	88	56	-151.63	0.703	-0.094	-273.44	4	333	47	-0.241	41	0.075
trend-tracer	1h	ETHUSD	199	118	-440.88	0.617	-0.141	-576.65	2	167	96	-0.176	103	-0.108
trend-tracer	15m	ETHUSD	228	142	-431.13	0.646	-0.118	-702.00	0	83	99	-0.154	129	-0.091
trend-tracer	4h	ETHUSD	93	52	-108.74	0.856	-0.055	-127.58	4	333	45	0.007	48	-0.113
trend-targets	15m	ZECUSD	34	22	-100.72	0.547	-0.157	-145.77	4	83	11	-0.209	23	-0.132
trend-tracer	1h	SOLUSD	188	122	-297.67	0.731	-0.095	-538.81	1	167	91	-0.063	97	-0.125
trend-strength-signals	1h	SOLUSD	179	114	-279.76	0.749	-0.091	-490.54	3	167	90	0.022	89	-0.206
trend-tracer	4h	SOLUSD	100	71	264.24	1.437	0.137	66.42	5	333	54	0.109	46	0.169
trend-tracer	1h	XRPUSD	186	127	127.36	1.096	0.041	-332.87	5	167	87	0.150	99	-0.054
triangular-hull-moving-average-volatility	15m	BTCUSD	20	10	-150.34	0.172	-0.407	-169.69	1	83	5	-0.741	15	-0.296
trend-tracer	4h	XRPUSD	105	76	80.58	1.146	0.042	-41.82	6	333	56	-0.075	49	0.175
trend-tracer	15m	SOLUSD	246	163	-411.75	0.664	-0.106	-680.62	1	83	76	-0.134	170	-0.093
trend-tracer	1h	DOGEUSD	218	135	-401.27	0.725	-0.112	-589.57	1	167	104	-0.014	114	-0.201
trend-tracer	4h	DOGEUSD	105	64	-151.88	0.812	-0.071	-192.66	3	333	52	0.057	53	-0.197
trend-tracer	15m	XRPUSD	221	141	-412.67	0.648	-0.115	-594.41	1	83	45	-0.240	176	-0.082
trend-tracer	1h	LINKUSD	214	131	-355.14	0.707	-0.097	-596.48	3	167	117	-0.168	97	-0.012
trend-tracer	4h	LINKUSD	107	73	132.98	1.186	0.066	-15.75	4	333	56	0.145	51	-0.020
trend-tracer	15m	DOGEUSD	253	158	-506.31	0.613	-0.135	-743.88	1	83	75	-0.197	178	-0.108
triangular-hull-moving-average-volatility	15m	ETHUSD	60	35	-272.12	0.354	-0.262	-322.23	2	83	20	-0.376	40	-0.204
trend-tracer	1h	AVAXUSD	222	139	-256.60	0.808	-0.061	-524.72	2	167	116	-0.066	106	-0.055
trend-tracer	4h	AVAXUSD	106	62	-145.39	0.824	-0.066	-243.86	3	333	47	0.003	59	-0.121
trend-tracer	15m	LINKUSD	245	146	-487.15	0.642	-0.130	-742.85	1	83	53	-0.262	192	-0.093
trend-tracer	1h	ZECUSD	188	120	-81.93	0.945	-0.021	-36.89	3	167	89	0.173	99	-0.195
trend-tracer	4h	ZECUSD	102	71	223.39	1.380	0.121	148.86	6	333	53	0.021	49	0.230
trend-tracer	15m	AVAXUSD	248	146	-539.55	0.605	-0.151	-718.95	0	83	90	-0.170	158	-0.141
triangular-hull-moving-average-volatility	15m	SOLUSD	75	48	-216.23	0.545	-0.160	-439.39	1	83	18	-0.173	57	-0.157
triangular-hull-moving-average-volatility	1h	BTCUSD	52	36	-13.16	0.955	-0.006	-149.65	3	167	25	-0.215	27	0.188
triangular-hull-moving-average-volatility	4h	BTCUSD	33	20	-117.78	0.501	-0.196	-119.95	2	333	16	-0.216	17	-0.178
trend-tracer	15m	ZECUSD	373	221	-541.90	0.711	-0.099	-791.43	3	83	168	-0.095	205	-0.102
triangular-hull-moving-average-volatility	1h	ETHUSD	66	44	-128.10	0.689	-0.099	-224.01	4	167	30	-0.047	36	-0.143
triangular-hull-moving-average-volatility	4h	ETHUSD	28	20	18.29	1.111	0.038	41.74	5	333	14	0.276	14	-0.200
trinity-reversal-pattern	15m	BTCUSD	54	27	-261.07	0.380	-0.277	-348.50	0	83	12	-0.538	42	-0.202
triangular-hull-moving-average-volatility	15m	XRPUSD	73	43	-175.63	0.683	-0.124	-305.76	3	83	13	-0.267	60	-0.093
triangular-hull-moving-average-volatility	4h	SOLUSD	37	24	-45.12	0.805	-0.055	-110.36	5	333	18	-0.223	19	0.105
triangular-hull-moving-average-volatility	1h	SOLUSD	63	39	-132.59	0.715	-0.111	-251.52	2	167	29	0.113	34	-0.302
triangular-hull-moving-average-volatility	15m	DOGEUSD	82	51	-191.30	0.655	-0.122	-413.25	3	83	23	-0.306	59	-0.051
triangular-hull-moving-average-volatility	4h	XRPUSD	32	16	-155.24	0.477	-0.257	-146.75	1	333	15	-0.270	17	-0.246
triangular-hull-moving-average-volatility	1h	XRPUSD	63	38	-16.02	0.970	0.001	-129.72	5	167	29	0.111	34	-0.094
trinity-reversal-pattern	15m	ETHUSD	124	77	-284.70	0.624	-0.129	-521.63	1	83	43	-0.256	81	-0.062
triangular-hull-moving-average-volatility	15m	LINKUSD	85	49	-325.51	0.429	-0.227	-472.67	3	83	18	-0.343	67	-0.196
trend-strength-signals	1h	XRPUSD	172	118	-33.81	0.967	-0.005	-359.88	4	167	85	0.050	87	-0.058
triangular-hull-moving-average-volatility	4h	DOGEUSD	34	17	-181.57	0.417	-0.291	-199.82	1	333	16	-0.200	18	-0.371
triangular-hull-moving-average-volatility	1h	DOGEUSD	64	39	-94.69	0.797	-0.069	-211.14	3	167	30	-0.127	34	-0.017
trinity-reversal-pattern	15m	SOLUSD	149	78	-579.44	0.335	-0.295	-682.38	0	83	38	-0.296	111	-0.295
triangular-hull-moving-average-volatility	15m	AVAXUSD	89	49	-339.54	0.475	-0.227	-403.51	3	83	31	-0.099	58	-0.296
triangular-hull-moving-average-volatility	4h	LINKUSD	36	23	-35.66	0.861	-0.046	-67.49	5	333	19	-0.081	17	-0.007
triangular-hull-moving-average-volatility	1h	LINKUSD	67	46	11.20	1.026	0.015	-109.09	3	167	32	0.070	35	-0.036
trinity-reversal-pattern	15m	XRPUSD	136	84	-339.72	0.554	-0.148	-515.43	2	83	32	-0.310	104	-0.098
triangular-hull-moving-average-volatility	4h	AVAXUSD	32	16	-142.70	0.519	-0.236	-183.93	3	333	17	-0.125	15	-0.362
triangular-hull-moving-average-volatility	1h	AVAXUSD	75	47	-8.04	0.985	0.004	-182.34	5	167	38	-0.101	37	0.111
triangular-hull-moving-average-volatility	15m	ZECUSD	128	79	-286.85	0.629	-0.131	-472.13	1	83	60	-0.195	68	-0.074
triangular-hull-moving-average-volatility	4h	ZECUSD	28	19	138.64	1.763	0.254	103.55	3	333	12	0.287	16	0.228
triangular-hull-moving-average-volatility	1h	ZECUSD	62	49	307.55	2.123	0.236	267.37	7	167	27	0.161	35	0.294
trinity-reversal-pattern	15m	DOGEUSD	116	68	-320.92	0.544	-0.162	-440.63	1	83	30	-0.275	86	-0.122
trinity-reversal-pattern	4h	BTCUSD	57	36	-112.43	0.701	-0.105	-183.31	2	333	24	-0.197	33	-0.038
trinity-reversal-pattern	1h	BTCUSD	112	78	-175.20	0.688	-0.084	-394.01	1	167	59	-0.053	53	-0.118
volumatic-support-resistance-levels	15m	BTCUSD	32	7	-135.56	0.307	-0.229	-194.59	1	83	12	-0.137	20	-0.283
trinity-reversal-pattern	4h	ETHUSD	75	45	-118.70	0.763	-0.081	-188.47	4	333	37	-0.079	38	-0.082
trinity-reversal-pattern	1h	ETHUSD	120	76	-197.81	0.715	-0.088	-381.15	2	167	56	-0.114	64	-0.065
trinity-reversal-pattern	15m	LINKUSD	133	67	-526.77	0.431	-0.275	-601.79	0	83	29	-0.364	104	-0.250
trend-strength-signals	1h	DOGEUSD	182	113	-225.31	0.815	-0.064	-415.45	3	167	88	-0.026	94	-0.099
trend-strength-signals	15m	BTCUSD	68	37	-312.36	0.337	-0.277	-407.78	2	83	17	-0.104	51	-0.334
trinity-reversal-pattern	4h	SOLUSD	58	33	-91.83	0.783	-0.092	-152.49	3	333	33	-0.020	25	-0.188
volumatic-support-resistance-levels	15m	ETHUSD	54	14	-179.65	0.369	-0.182	-281.78	1	83	32	-0.127	22	-0.261
trinity-reversal-pattern	1h	SOLUSD	130	93	106.04	1.137	0.045	-172.77	5	167	61	0.060	69	0.033
trinity-reversal-pattern	4h	XRPUSD	57	39	41.61	1.114	0.041	-59.53	4	333	28	0.141	29	-0.055
volumatic-support-resistance-levels	15m	SOLUSD	56	21	-20.41	0.890	-0.015	-154.25	4	83	20	-0.011	36	-0.017
trinity-reversal-pattern	15m	AVAXUSD	92	54	-160.43	0.756	-0.086	-298.10	2	83	29	-0.087	63	-0.086
trinity-reversal-pattern	1h	XRPUSD	144	93	-27.27	0.972	-0.002	-272.50	4	167	75	0.044	69	-0.053
trinity-reversal-pattern	4h	DOGEUSD	62	36	-150.00	0.685	-0.127	-197.73	3	333	28	0.080	34	-0.297
volumatic-support-resistance-levels	15m	XRPUSD	70	21	-153.97	0.488	-0.117	-333.73	3	83	26	-0.242	44	-0.042
trinity-reversal-pattern	1h	DOGEUSD	119	77	-203.96	0.709	-0.092	-409.30	2	167	58	-0.079	61	-0.103
trinity-reversal-pattern	4h	LINKUSD	75	40	-206.07	0.624	-0.149	-254.19	2	333	38	-0.144	37	-0.154
trinity-reversal-pattern	15m	ZECUSD	239	145	-384.73	0.739	-0.097	-629.69	1	83	120	-0.080	119	-0.114
volumatic-support-resistance-levels	15m	DOGEUSD	56	18	-43.39	0.817	-0.036	-157.85	3	83	22	-0.125	34	0.021
trinity-reversal-pattern	4h	AVAXUSD	67	45	190.40	1.413	0.140	-24.12	4	333	34	0.303	33	-0.029
trinity-reversal-pattern	1h	LINKUSD	128	77	-237.58	0.695	-0.101	-417.37	2	167	60	-0.149	68	-0.058
volumatic-support-resistance-levels	1h	BTCUSD	44	15	-60.24	0.643	-0.069	-119.27	2	167	24	-0.046	20	-0.097
trinity-reversal-pattern	4h	ZECUSD	53	37	194.37	1.691	0.175	115.30	4	333	29	-0.226	24	0.658
trinity-reversal-pattern	1h	AVAXUSD	110	67	-246.41	0.660	-0.124	-358.42	2	167	56	-0.098	54	-0.150
volumatic-support-resistance-levels	15m	LINKUSD	48	16	-52.04	0.701	-0.053	-107.78	3	83	20	-0.088	28	-0.028
volumatic-support-resistance-levels	1h	ETHUSD	34	10	-76.80	0.506	-0.115	-107.31	3	167	16	0.026	18	-0.241
volumatic-support-resistance-levels	4h	BTCUSD	36	17	93.89	3.889	0.134	65.85	3	333	14	0.225	22	0.075
trinity-reversal-pattern	1h	ZECUSD	145	93	4.98	1.005	0.011	-178.59	3	167	77	0.055	68	-0.038
volumatic-support-resistance-levels	1h	SOLUSD	52	16	-31.37	0.857	-0.024	-81.99	3	167	30	-0.024	22	-0.025
volumatic-support-resistance-levels	4h	ETHUSD	28	10	15.10	1.174	0.031	5.00	2	333	14	0.012	14	0.051
volumatic-support-resistance-levels	15m	AVAXUSD	108	28	-288.95	0.412	-0.155	-401.45	2	83	40	-0.168	68	-0.148
volumatic-support-resistance-levels	1h	XRPUSD	42	10	-121.76	0.426	-0.151	-143.66	1	167	20	-0.231	22	-0.079
volumatic-support-resistance-levels	4h	SOLUSD	30	13	70.74	2.442	0.127	30.68	2	333	6	0.376	24	0.065
volumatic-support-resistance-levels	15m	ZECUSD	80	28	-69.39	0.746	-0.040	-239.86	3	83	40	-0.092	40	0.013
volumatic-support-resistance-levels	1h	DOGEUSD	30	13	127.15	3.155	0.206	56.13	3	167	6	0.186	24	0.211
volumatic-support-resistance-levels	4h	XRPUSD	10	4	22.13	1.939	0.112	13.99	1	333	6	0.305	4	-0.178
trend-strength-signals	1h	LINKUSD	171	105	-359.80	0.650	-0.125	-513.98	1	167	86	-0.173	85	-0.077
volumatic-support-resistance-levels	1h	LINKUSD	52	17	-46.05	0.775	-0.043	-140.22	2	167	18	0.146	34	-0.143
volumatic-support-resistance-levels	4h	DOGEUSD	22	7	-15.38	0.824	-0.033	-28.72	2	333	0	0.000	22	-0.033
volumatic-variable-index-dynamic-average	15m	BTCUSD	16	12	-4.60	0.942	-0.012	-62.45	5	83	5	0.463	11	-0.227
volumatic-support-resistance-levels	1h	AVAXUSD	62	18	-113.24	0.569	-0.094	-172.64	2	167	34	-0.078	28	-0.115
volumatic-support-resistance-levels	4h	LINKUSD	16	4	-51.85	0.373	-0.164	-61.32	0	333	0	0.000	16	-0.164
volumatic-variable-index-dynamic-average	1h	BTCUSD	41	23	-149.01	0.534	-0.195	-187.45	1	167	20	-0.255	21	-0.138
volumatic-support-resistance-levels	1h	ZECUSD	44	11	-37.50	0.790	-0.051	-58.91	2	167	4	0.819	40	-0.138
volumatic-support-resistance-levels	4h	AVAXUSD	18	4	-70.47	0.303	-0.202	-81.45	0	333	0	0.000	18	-0.202
volumatic-variable-index-dynamic-average	15m	ETHUSD	46	33	-54.20	0.784	-0.057	-235.58	3	83	22	-0.006	24	-0.104
volumatic-variable-index-dynamic-average	4h	BTCUSD	15	10	-18.30	0.805	-0.061	-53.77	5	333	7	-0.360	8	0.202
trend-strength-signals	1h	AVAXUSD	192	113	-327.50	0.739	-0.097	-493.70	2	167	100	-0.139	92	-0.051
volumatic-support-resistance-levels	4h	ZECUSD	21	8	6.62	1.170	0.023	-2.80	2	333	4	-0.188	17	0.073
volumatic-variable-index-dynamic-average	1h	ETHUSD	54	38	-59.62	0.796	-0.053	-195.77	3	167	22	-0.285	32	0.107
volumatic-variable-index-dynamic-average	4h	ETHUSD	14	9	59.65	1.582	0.222	-29.01	5	333	7	0.251	7	0.193
volume-heatmap-divergence	15m	BTCUSD	38	23	-155.23	0.407	-0.222	-234.52	0	83	5	-0.343	33	-0.204
volumatic-variable-index-dynamic-average	1h	SOLUSD	40	19	-226.43	0.366	-0.334	-268.02	2	167	18	-0.286	22	-0.374
volumatic-variable-index-dynamic-average	4h	SOLUSD	18	11	-24.57	0.812	-0.065	-81.27	4	333	7	0.107	11	-0.174
volume-heatmap-divergence	15m	ETHUSD	82	53	-275.32	0.443	-0.194	-316.80	1	83	22	-0.123	60	-0.220
trend-strength-signals	1h	ZECUSD	182	108	-351.95	0.657	-0.119	-401.20	2	167	108	-0.211	74	0.017
volumatic-variable-index-dynamic-average	15m	SOLUSD	53	28	-264.71	0.363	-0.293	-336.18	1	83	20	-0.319	33	-0.277
volumatic-variable-index-dynamic-average	4h	XRPUSD	21	13	-7.84	0.952	-0.011	-27.21	3	333	6	0.134	15	-0.069
volumatic-variable-index-dynamic-average	1h	XRPUSD	50	30	-59.24	0.843	-0.050	-143.50	2	167	20	-0.249	30	0.082
volume-heatmap-divergence	15m	SOLUSD	110	74	-261.95	0.555	-0.138	-422.73	1	83	20	-0.166	90	-0.132
volume-heatmap-divergence	1h	BTCUSD	66	37	-216.34	0.594	-0.182	-369.82	1	167	26	0.045	40	-0.329
volumatic-variable-index-dynamic-average	4h	DOGEUSD	18	12	-6.28	0.946	-0.014	-21.76	4	333	8	-0.247	10	0.172
volume-heatmap-divergence	15m	XRPUSD	99	66	-102.11	0.829	-0.047	-215.88	5	83	18	-0.142	81	-0.026
volumatic-variable-index-dynamic-average	1h	DOGEUSD	52	31	-69.98	0.823	-0.060	-255.12	2	167	24	-0.136	28	0.006
volumatic-variable-index-dynamic-average	15m	XRPUSD	50	27	-158.04	0.637	-0.161	-286.73	3	83	14	-0.173	36	-0.157
volume-heatmap-divergence	1h	ETHUSD	63	38	-213.12	0.509	-0.187	-278.00	1	167	22	-0.232	41	-0.163
volume-heatmap-divergence	15m	DOGEUSD	108	65	-309.25	0.560	-0.166	-443.53	1	83	23	-0.008	85	-0.209
trend-strength-signals	15m	ETHUSD	177	111	-444.34	0.524	-0.162	-688.59	1	83	69	-0.162	108	-0.162
volume-heatmap-divergence	1h	SOLUSD	65	38	-203.93	0.554	-0.179	-241.90	1	167	18	0.007	47	-0.250
volumatic-variable-index-dynamic-average	4h	LINKUSD	15	11	43.16	1.537	0.147	36.45	4	333	7	-0.042	8	0.312
volume-heatmap-divergence	15m	LINKUSD	109	63	-396.81	0.482	-0.228	-516.12	1	83	20	-0.043	89	-0.269
volume-heatmap-divergence	1h	XRPUSD	78	50	-132.78	0.760	-0.084	-244.80	2	167	25	0.239	53	-0.236
volumatic-variable-index-dynamic-average	4h	AVAXUSD	16	6	-128.19	0.312	-0.424	-134.40	1	333	9	-0.476	7	-0.358
volumatic-variable-index-dynamic-average	15m	DOGEUSD	63	49	144.87	1.534	0.115	-164.66	5	83	23	-0.107	40	0.243
volume-heatmap-divergence	15m	AVAXUSD	111	71	-70.59	0.904	-0.023	-325.07	3	83	31	-0.098	80	0.006
volumatic-variable-index-dynamic-average	1h	LINKUSD	54	31	-184.89	0.551	-0.184	-234.12	1	167	21	-0.297	33	-0.112
volume-heatmap-divergence	1h	DOGEUSD	76	49	-96.70	0.809	-0.061	-237.45	2	167	27	-0.009	49	-0.090
volume-heatmap-divergence	15m	ZECUSD	119	70	-368.87	0.501	-0.191	-527.65	0	83	50	-0.258	69	-0.143
volumatic-variable-index-dynamic-average	4h	ZECUSD	24	17	119.46	1.895	0.262	83.69	4	333	7	0.555	17	0.141
volume-heatmap-divergence	1h	LINKUSD	75	46	-136.15	0.757	-0.092	-246.91	1	167	27	0.042	48	-0.166
volume-heatmap-divergence	4h	BTCUSD	36	25	-53.78	0.736	-0.073	-87.04	1	333	0	0.000	36	-0.073
volume-trend-order-block-engine	15m	BTCUSD	19	11	-88.23	0.412	-0.243	-153.86	3	83	6	-0.297	13	-0.217
volume-heatmap-divergence	1h	AVAXUSD	72	50	118.64	1.233	0.089	-23.61	3	167	32	0.259	40	-0.046
volume-heatmap-divergence	4h	ETHUSD	26	18	-15.39	0.896	-0.027	-19.43	2	333	0	0.000	26	-0.027
volumatic-variable-index-dynamic-average	1h	AVAXUSD	44	25	-123.77	0.664	-0.144	-187.93	3	167	19	-0.024	25	-0.234
volume-heatmap-divergence	1h	ZECUSD	64	36	-181.61	0.626	-0.160	-241.95	1	167	22	-0.176	42	-0.152
volume-heatmap-divergence	4h	SOLUSD	29	20	9.20	1.052	0.018	-27.56	3	333	0	0.000	29	0.018
volume-trend-order-block-engine	15m	ETHUSD	38	24	-95.15	0.605	-0.128	-209.36	3	83	16	-0.063	22	-0.175
volume-trend-order-block-engine	1h	BTCUSD	26	15	-106.35	0.486	-0.213	-194.44	3	167	14	-0.172	12	-0.261
volume-heatmap-divergence	4h	XRPUSD	23	15	-32.24	0.791	-0.066	-50.56	2	333	0	0.000	23	-0.066
volume-trend-order-block-engine	15m	SOLUSD	59	45	-56.09	0.786	-0.047	-97.98	2	83	14	-0.115	45	-0.026
volume-trend-order-block-engine	1h	ETHUSD	57	38	-57.99	0.846	-0.045	-200.98	2	167	31	0.051	26	-0.161
volume-heatmap-divergence	4h	DOGEUSD	20	13	-4.45	0.967	-0.005	-47.81	2	333	0	0.000	20	-0.005
volume-trend-order-block-engine	15m	XRPUSD	41	24	-140.42	0.549	-0.178	-231.96	2	83	9	-0.072	32	-0.208
volumatic-variable-index-dynamic-average	1h	ZECUSD	41	30	183.87	1.860	0.223	124.40	6	167	19	-0.038	22	0.447
volume-heatmap-divergence	4h	LINKUSD	24	17	15.49	1.109	0.037	0.26	2	333	0	0.000	24	0.037
volume-trend-order-block-engine	1h	SOLUSD	33	19	-125.70	0.529	-0.207	-222.81	2	167	20	-0.118	13	-0.345
volume-trend-order-block-engine	4h	BTCUSD	20	13	3.83	1.032	0.009	-38.36	3	333	7	-0.083	13	0.059
volume-heatmap-divergence	4h	AVAXUSD	24	15	14.42	1.079	0.039	-34.03	2	333	0	0.000	24	0.039
volume-trend-order-block-engine	15m	DOGEUSD	52	32	-150.30	0.592	-0.151	-222.38	4	83	8	-0.023	44	-0.174
volume-trend-order-block-engine	4h	ETHUSD	13	7	-53.73	0.539	-0.211	-65.00	3	333	6	-0.002	7	-0.389
volume-trend-order-block-engine	1h	XRPUSD	38	23	-144.79	0.491	-0.201	-184.70	2	167	19	0.003	19	-0.405
volume-heatmap-divergence	4h	ZECUSD	19	11	-77.64	0.455	-0.223	-73.54	0	333	0	0.000	19	-0.223
volume-trend-order-block-engine	4h	SOLUSD	20	14	17.46	1.179	0.020	-9.70	5	333	14	-0.030	6	0.138
volume-trend-order-block-engine	1h	DOGEUSD	40	26	-113.70	0.578	-0.147	-231.68	3	167	27	-0.063	13	-0.323
volume-trend-order-block-engine	15m	LINKUSD	50	24	-194.16	0.582	-0.208	-300.04	3	83	14	-0.315	36	-0.167
volume-trend-order-block-engine	4h	XRPUSD	21	16	45.62	1.530	0.110	22.97	5	333	13	0.243	8	-0.106
volumatic-variable-index-dynamic-average	15m	LINKUSD	56	33	-239.79	0.373	-0.241	-349.70	2	83	23	-0.458	33	-0.089
volume-trend-order-block-engine	1h	LINKUSD	38	22	-81.82	0.744	-0.106	-138.33	3	167	17	0.193	21	-0.349
volume-trend-order-block-engine	4h	DOGEUSD	28	17	-36.46	0.837	-0.060	-52.94	2	333	16	0.239	12	-0.459
volume-weighted-median-oscillator	15m	BTCUSD	183	96	-548.29	0.438	-0.218	-739.84	0	83	48	-0.155	135	-0.240
volume-trend-order-block-engine	1h	AVAXUSD	50	37	30.73	1.113	0.034	-57.96	6	167	24	0.037	26	0.032
volume-trend-order-block-engine	4h	LINKUSD	21	14	23.05	1.172	0.061	-21.19	4	333	13	-0.187	8	0.463
volume-trend-order-block-engine	15m	AVAXUSD	48	29	-138.41	0.615	-0.150	-267.64	4	83	19	0.068	29	-0.293
volume-trend-order-block-engine	1h	ZECUSD	31	18	-120.72	0.482	-0.212	-156.99	2	167	10	-0.182	21	-0.226
volume-weighted-median-oscillator	15m	ETHUSD	416	211	-854.15	0.403	-0.231	-942.33	0	83	155	-0.205	261	-0.246
volume-trend-order-block-engine	4h	AVAXUSD	19	12	93.95	1.619	0.259	43.60	3	333	6	0.602	13	0.101
volume-trend-order-block-engine	15m	ZECUSD	84	54	50.26	1.089	0.035	-193.11	4	83	43	0.078	41	-0.009
volume-weighted-median-oscillator	1h	BTCUSD	354	200	-541.69	0.623	-0.110	-763.74	1	167	188	-0.121	166	-0.097
volume-trend-order-block-engine	4h	ZECUSD	15	8	101.25	1.763	0.368	87.50	5	333	9	-0.014	6	0.941
volume-weighted-median-oscillator	15m	SOLUSD	537	295	-867.07	0.444	-0.198	-951.78	0	83	156	-0.150	381	-0.217
volume-weighted-median-oscillator	4h	BTCUSD	197	123	-123.53	0.882	-0.030	-332.04	5	333	98	-0.077	99	0.017
volume-weighted-median-oscillator	1h	ETHUSD	404	237	-487.34	0.715	-0.079	-764.62	2	167	215	-0.075	189	-0.085
volumetric-fair-value-gaps	15m	BTCUSD	37	22	-128.01	0.494	-0.184	-120.14	3	83	10	-0.070	27	-0.227
volume-weighted-median-oscillator	4h	ETHUSD	198	132	403.83	1.353	0.092	70.19	6	333	88	0.152	110	0.044
volume-weighted-median-oscillator	15m	XRPUSD	432	248	-703.99	0.586	-0.137	-898.23	0	83	91	-0.103	341	-0.146
volumetric-fair-value-gaps	15m	ETHUSD	133	77	-304.02	0.628	-0.132	-533.75	3	83	55	-0.028	78	-0.205
volume-weighted-median-oscillator	4h	SOLUSD	214	129	-19.17	0.983	0.002	-233.90	3	333	113	0.007	101	-0.005
volume-weighted-median-oscillator	1h	SOLUSD	392	234	-419.99	0.764	-0.068	-701.22	1	167	198	-0.075	194	-0.060
volumetric-fair-value-gaps	15m	SOLUSD	141	85	-352.98	0.567	-0.156	-527.07	2	83	42	0.024	99	-0.232
volume-weighted-median-oscillator	4h	XRPUSD	207	120	97.77	1.081	0.030	-203.24	4	333	112	-0.029	95	0.100
volume-weighted-median-oscillator	15m	DOGEUSD	512	288	-800.44	0.558	-0.154	-939.00	0	83	154	-0.151	358	-0.155
volumatic-variable-index-dynamic-average	15m	AVAXUSD	73	44	-161.59	0.697	-0.115	-279.19	2	83	30	-0.081	43	-0.139
volumetric-fair-value-gaps	15m	XRPUSD	145	83	-473.23	0.455	-0.217	-621.15	0	83	36	-0.116	109	-0.250
volume-weighted-median-oscillator	4h	DOGEUSD	216	127	34.53	1.024	0.013	-218.08	4	333	107	0.053	109	-0.026
volume-weighted-median-oscillator	1h	XRPUSD	417	242	-473.87	0.737	-0.071	-795.28	1	167	210	-0.089	207	-0.052
volume-weighted-median-oscillator	15m	LINKUSD	549	306	-827.30	0.564	-0.156	-949.37	0	83	148	-0.121	401	-0.169
volumetric-fair-value-gaps	15m	DOGEUSD	134	78	-331.36	0.604	-0.144	-474.63	1	83	52	-0.178	82	-0.123
volume-weighted-median-oscillator	4h	LINKUSD	219	130	35.09	1.025	0.014	-193.85	4	333	109	0.023	110	0.004
volume-weighted-median-oscillator	1h	DOGEUSD	419	230	-453.99	0.761	-0.066	-763.66	2	167	211	-0.079	208	-0.053
volume-weighted-median-oscillator	15m	AVAXUSD	598	320	-852.25	0.527	-0.156	-968.12	0	83	219	-0.196	379	-0.133
volumetric-fair-value-gaps	15m	LINKUSD	176	110	-53.70	0.944	-0.011	-427.03	4	83	72	-0.063	104	0.025
volume-weighted-median-oscillator	4h	AVAXUSD	211	123	123.91	1.081	0.035	-204.54	3	333	96	0.130	115	-0.045
volume-weighted-median-oscillator	1h	LINKUSD	389	240	-373.76	0.791	-0.055	-702.30	3	167	208	-0.104	181	0.002
volume-weighted-median-oscillator	15m	ZECUSD	797	438	-811.24	0.601	-0.106	-924.57	1	83	384	-0.174	413	-0.043
volume-weighted-median-oscillator	4h	ZECUSD	205	131	898.16	1.560	0.169	661.15	5	333	88	0.315	117	0.060
volumetric-fair-value-gaps	15m	AVAXUSD	194	114	-172.41	0.863	-0.043	-568.89	3	83	102	-0.004	92	-0.086
volumetric-fair-value-gaps	1h	BTCUSD	94	63	-41.96	0.918	-0.017	-237.04	3	167	42	-0.165	52	0.102
volumetric-fair-value-gaps	4h	BTCUSD	37	20	-70.96	0.730	-0.102	-109.97	3	333	13	0.158	24	-0.243
volume-weighted-median-oscillator	1h	AVAXUSD	414	248	-302.39	0.851	-0.038	-681.38	1	167	207	-0.047	207	-0.029
volumetric-fair-value-gaps	15m	ZECUSD	175	115	222.65	1.217	0.066	-226.35	4	83	84	-0.001	91	0.128
volumetric-fair-value-gaps	1h	ETHUSD	96	67	112.38	1.224	0.060	-144.56	5	167	45	0.211	51	-0.073
volumetric-fair-value-gaps	4h	ETHUSD	42	26	-31.63	0.897	-0.030	-9.12	5	333	25	0.172	17	-0.327
volume-weighted-median-oscillator	1h	ZECUSD	389	235	-72.63	0.963	-0.005	-264.08	4	167	182	-0.051	207	0.035
volumetric-fair-value-gaps	1h	SOLUSD	84	49	-240.16	0.554	-0.165	-282.50	2	167	40	-0.161	44	-0.169
volumetric-fair-value-gaps	4h	SOLUSD	41	23	1.60	1.005	0.014	-55.67	3	333	19	0.216	22	-0.162
wavetrend-ribbon	1h	BTCUSD	408	226	-711.71	0.588	-0.154	-903.47	0	167	220	-0.098	188	-0.219
volumetric-fair-value-gaps	1h	XRPUSD	72	49	103.63	1.261	0.077	-110.70	4	167	33	0.080	39	0.073
volumetric-fair-value-gaps	4h	XRPUSD	51	29	-107.06	0.699	-0.106	-149.16	2	333	27	-0.159	24	-0.046
wavetrend-ribbon	1h	ETHUSD	460	244	-678.59	0.630	-0.120	-887.36	0	167	235	-0.101	225	-0.140
volumetric-fair-value-gaps	1h	DOGEUSD	85	48	-114.12	0.805	-0.063	-161.26	3	167	28	-0.216	57	0.012
volumetric-fair-value-gaps	4h	DOGEUSD	51	33	71.32	1.224	0.074	37.09	4	333	33	0.039	18	0.137
volumatic-variable-index-dynamic-average	15m	ZECUSD	82	50	-153.92	0.709	-0.096	-340.31	3	83	37	-0.254	45	0.034
volumetric-fair-value-gaps	1h	LINKUSD	101	62	-99.49	0.835	-0.048	-302.48	3	167	49	0.008	52	-0.101
volumetric-fair-value-gaps	4h	LINKUSD	29	17	-22.81	0.888	-0.034	-66.57	2	333	19	0.018	10	-0.133
wavetrend-ribbon	15m	BTCUSD	186	100	-457.59	0.502	-0.164	-654.36	2	83	41	-0.000	145	-0.211
volumetric-fair-value-gaps	1h	AVAXUSD	85	51	-198.38	0.623	-0.126	-317.15	2	167	31	-0.232	54	-0.065
volumetric-fair-value-gaps	4h	AVAXUSD	46	32	75.09	1.313	0.085	52.24	5	333	31	0.157	15	-0.064
wavetrend-ribbon	1h	SOLUSD	454	260	-511.03	0.752	-0.079	-814.59	1	167	227	-0.065	227	-0.093
wavetrend-ribbon	4h	BTCUSD	212	137	27.89	1.027	0.011	-188.71	5	333	107	-0.025	105	0.048
volumetric-fair-value-gaps	1h	ZECUSD	100	58	-145.64	0.786	-0.073	-167.55	3	167	44	-0.009	56	-0.124
volumetric-fair-value-gaps	4h	ZECUSD	36	26	158.97	1.952	0.235	161.61	6	333	18	0.127	18	0.343
wavetrend-ribbon	4h	ETHUSD	204	140	435.27	1.412	0.094	191.93	6	333	99	0.076	105	0.112
wavetrend-ribbon	1h	XRPUSD	433	251	-537.49	0.697	-0.085	-831.52	1	167	213	-0.135	220	-0.036
zero-lag-liquidity	1h	BTCUSD	7	5	-9.11	0.703	-0.065	-18.25	0	167	0	0.000	7	-0.065
zero-lag-liquidity	15m	BTCUSD	13	9	-23.40	0.700	-0.088	-47.30	0	83	0	0.000	13	-0.088
wavetrend-ribbon	4h	SOLUSD	211	134	119.76	1.099	0.035	-68.52	5	333	103	0.081	108	-0.009
zero-lag-liquidity	1h	ETHUSD	7	4	-4.47	0.890	-0.030	-10.71	0	167	0	0.000	7	-0.030
wavetrend-ribbon	15m	ETHUSD	440	246	-738.93	0.535	-0.151	-934.15	1	83	159	-0.135	281	-0.159
wavetrend-ribbon	1h	DOGEUSD	442	248	-641.54	0.655	-0.112	-862.11	1	167	214	-0.130	228	-0.095
wavetrend-ribbon	4h	XRPUSD	220	128	-149.62	0.877	-0.032	-326.39	3	333	115	-0.085	105	0.028
zero-lag-liquidity	15m	ETHUSD	23	12	-129.42	0.266	-0.299	-156.76	0	83	0	0.000	23	-0.299
zero-lag-liquidity	1h	SOLUSD	4	3	3.34	1.188	0.029	-4.55	1	167	0	0.000	4	0.029
wavetrend-ribbon	4h	DOGEUSD	200	108	-340.41	0.745	-0.099	-462.29	1	333	98	-0.047	102	-0.148
wavetrend-ribbon	1h	LINKUSD	477	269	-680.17	0.641	-0.115	-896.70	1	167	232	-0.151	245	-0.080
zero-lag-liquidity	1h	XRPUSD	1	1	5.24	99.000	0.262	4.85	1	167	0	0.000	1	0.262
zero-lag-liquidity	15m	SOLUSD	22	13	-84.08	0.411	-0.201	-87.39	0	83	0	0.000	22	-0.201
wavetrend-ribbon	4h	LINKUSD	209	127	108.82	1.089	0.032	-151.79	4	333	103	-0.018	106	0.080
zero-lag-liquidity	1h	DOGEUSD	5	2	-28.54	0.295	-0.285	-33.09	0	167	0	0.000	5	-0.285
wavetrend-ribbon	1h	AVAXUSD	456	262	-377.01	0.849	-0.045	-780.80	3	167	216	-0.072	240	-0.021
wavetrend-ribbon	15m	SOLUSD	527	292	-828.74	0.478	-0.173	-943.10	0	83	153	-0.211	374	-0.157
wavetrend-ribbon	4h	AVAXUSD	221	121	-278.61	0.792	-0.069	-428.27	4	333	110	-0.022	111	-0.114
zero-lag-liquidity	15m	XRPUSD	12	7	-43.95	0.533	-0.182	-76.08	0	83	0	0.000	12	-0.182
zero-lag-liquidity	1h	LINKUSD	3	1	-34.54	0.126	-0.581	-35.60	0	167	0	0.000	3	-0.581
wavetrend-ribbon	1h	ZECUSD	433	266	-145.93	0.950	-0.013	-403.86	4	167	212	0.079	221	-0.102
trend-strength-signals	15m	SOLUSD	227	142	-616.18	0.418	-0.215	-799.88	1	83	59	-0.112	168	-0.251
wavetrend-ribbon	4h	ZECUSD	210	140	507.38	1.330	0.109	258.44	6	333	99	0.199	111	0.030
wavetrend-ribbon	15m	XRPUSD	491	278	-790.32	0.541	-0.155	-934.42	1	83	112	-0.205	379	-0.141
zero-lag-liquidity	1h	AVAXUSD	3	2	-4.36	0.779	-0.075	-4.44	0	167	0	0.000	3	-0.075
zero-lag-liquidity	15m	DOGEUSD	23	13	-41.96	0.752	-0.088	-92.99	0	83	0	0.000	23	-0.088
zero-lag-liquidity	1h	ZECUSD	2	2	52.44	99.000	1.336	43.82	1	167	0	0.000	2	1.336
wavetrend-ribbon	15m	DOGEUSD	499	294	-627.81	0.678	-0.095	-909.75	2	83	129	-0.145	370	-0.077
zero-lag-liquidity	15m	LINKUSD	22	11	-110.41	0.403	-0.263	-158.31	0	83	0	0.000	22	-0.263
zero-lag-trend-signals-mtf	15m	BTCUSD	130	66	-527.65	0.310	-0.289	-633.92	0	83	27	-0.270	103	-0.294
zero-lag-trend-signals-mtf	1h	BTCUSD	331	179	-672.20	0.536	-0.171	-819.10	0	167	111	-0.182	220	-0.165
wavetrend-ribbon	15m	LINKUSD	544	309	-783.32	0.601	-0.137	-960.89	1	83	133	-0.133	411	-0.138
zero-lag-liquidity	15m	AVAXUSD	19	14	45.90	1.764	0.121	25.98	1	83	0	0.000	19	0.121
zero-lag-trend-signals-mtf	4h	BTCUSD	243	131	-378.75	0.702	-0.096	-567.99	1	333	44	-0.020	199	-0.113
wavetrend-ribbon	15m	AVAXUSD	528	301	-642.23	0.759	-0.091	-937.67	2	83	206	-0.050	322	-0.117
zero-lag-trend-signals-mtf	1h	ETHUSD	336	188	-506.65	0.698	-0.099	-773.03	1	167	100	-0.172	236	-0.068
zero-lag-trend-signals-mtf	15m	ETHUSD	301	178	-653.33	0.506	-0.171	-840.96	0	83	100	-0.212	201	-0.151
zero-lag-liquidity	15m	ZECUSD	25	17	44.24	1.317	0.109	-22.31	1	83	0	0.000	25	0.109
zero-lag-trend-signals-mtf	4h	ETHUSD	256	131	-293.61	0.805	-0.064	-450.75	6	333	46	0.205	210	-0.124
wavetrend-ribbon	15m	ZECUSD	833	475	-786.20	0.725	-0.095	-918.32	0	83	375	-0.107	458	-0.084
zero-lag-trend-signals-mtf	1h	SOLUSD	366	209	-557.80	0.693	-0.111	-710.20	2	167	111	0.006	255	-0.162
zero-lag-trend-signals-mtf	15m	SOLUSD	386	221	-815.46	0.447	-0.227	-888.28	0	83	95	-0.205	291	-0.235
zero-lag-trend-signals-mtf	4h	SOLUSD	254	131	-343.56	0.709	-0.087	-462.34	2	333	42	-0.057	212	-0.093
zero-lag-trend-signals-mtf	1h	XRPUSD	351	201	-558.88	0.645	-0.112	-725.36	1	167	112	-0.171	239	-0.084
zero-lag-trend-signals-mtf	15m	XRPUSD	342	223	-543.64	0.656	-0.110	-768.93	1	83	58	-0.076	284	-0.117
zero-lag-trend-signals-mtf	1h	DOGEUSD	357	204	-474.24	0.722	-0.085	-710.57	3	167	113	-0.127	244	-0.066
zero-lag-trend-signals-mtf	4h	XRPUSD	247	137	-126.01	0.907	-0.023	-347.86	3	333	43	-0.024	204	-0.022
zero-lag-trend-signals-mtf	15m	DOGEUSD	377	234	-656.99	0.595	-0.138	-876.00	0	83	78	-0.129	299	-0.140
zero-lag-trend-signals-mtf	1h	LINKUSD	358	207	-433.72	0.752	-0.074	-650.35	3	167	115	-0.154	243	-0.037
zero-lag-trend-signals-mtf	4h	DOGEUSD	242	125	-302.18	0.777	-0.071	-451.60	3	333	47	0.111	195	-0.115
zero-lag-trend-signals-mtf	15m	LINKUSD	408	220	-817.13	0.559	-0.203	-933.19	0	83	89	-0.102	319	-0.232
zero-lag-trend-signals-mtf	1h	AVAXUSD	392	222	-321.34	0.852	-0.043	-690.85	2	167	120	-0.107	272	-0.015
zero-lag-trend-signals-mtf	4h	LINKUSD	251	132	-286.60	0.797	-0.063	-443.01	4	333	46	-0.024	205	-0.072
zero-lag-trend-signals-mtf	15m	AVAXUSD	434	235	-839.33	0.505	-0.207	-941.40	0	83	115	-0.171	319	-0.220
zero-lag-trend-signals-mtf	1h	ZECUSD	349	206	171.84	1.068	0.033	-126.24	5	167	96	0.163	253	-0.016
zero-lag-trend-signals-mtf	4h	AVAXUSD	257	118	-474.89	0.618	-0.123	-549.69	0	333	43	-0.249	214	-0.097
zero-lag-trend-signals-mtf	15m	ZECUSD	555	341	-637.34	0.738	-0.090	-875.76	1	83	234	-0.112	321	-0.073
zero-lag-trend-signals-mtf	4h	ZECUSD	237	139	502.43	1.345	0.098	257.34	7	333	30	0.201	207	0.083
trend-strength-signals	15m	XRPUSD	190	120	-449.53	0.585	-0.152	-677.56	2	83	36	-0.071	154	-0.171
trend-strength-signals	15m	DOGEUSD	211	128	-467.03	0.604	-0.143	-753.16	1	83	64	-0.186	147	-0.125
