scanner	tf	symbol	variant	trades	avgR	sumR	win	t1	r1	t2	r2	both	mfe05	mfe1	mfe2	firstBarStops	note
ai-predictive-flow-zeiierman	15m	ETHUSD	base	10	-0.167	-1.7	0.50	6	-0.173	4	-0.158	0	0.50	0.30	0.20	0.30	
ai-predictive-flow-zeiierman	15m	ETHUSD	gross	89	-0.001	-0.1	0.65	46	0.008	43	-0.010	0	0.65	0.20	0.07	0.17	
ai-predictive-flow-zeiierman	15m	ETHUSD	stop1.5	40	0.010	0.4	0.68	20	0.055	20	-0.034	0	0.68	0.28	0.10	0.07	
ai-predictive-flow-zeiierman	15m	ETHUSD	stop2	63	-0.063	-3.9	0.67	33	-0.163	30	0.048	0	0.67	0.22	0.08	0.08	
ai-predictive-flow-zeiierman	15m	ETHUSD	tp1	10	-0.469	-4.7	0.30	6	-0.404	4	-0.567	0	0.30	0.00	0.00	0.30	
ai-predictive-flow-zeiierman	15m	ETHUSD	levels	10	-0.167	-1.7	0.50	6	-0.173	4	-0.158	0	0.50	0.30	0.20	0.30	
ai-predictive-flow-zeiierman	15m	ETHUSD	er0.25	4	-0.532	-2.1	0.25	4	-0.532	0	0.000	0	0.25	0.25	0.00	0.75	
ai-predictive-flow-zeiierman	15m	ETHUSD	confirm1	5	-0.065	-0.3	0.60	3	-0.111	2	0.003	0	0.60	0.40	0.20	0.20	
ai-predictive-flow-zeiierman	15m	ETHUSD	er+stop1.5	22	-0.071	-1.6	0.59	14	-0.079	8	-0.058	0	0.59	0.23	0.09	0.14	
ai-predictive-flow-zeiierman	15m	ETHUSD	er+stop2	33	-0.101	-3.3	0.61	19	-0.192	14	0.022	0	0.61	0.24	0.09	0.12	
ai-predictive-flow-zeiierman	15m	ETHUSD	confirm1+er	1	0.502	0.5	1.00	1	0.502	0	0.000	0	1.00	1.00	0.00	0.00	
ai-predictive-flow-zeiierman	15m	ETHUSD	inverted	10	0.132	1.3	0.80	6	0.311	4	-0.136	0	0.80	0.20	0.10	0.00	
ai-predictive-flow-zeiierman	15m	ETHUSD	long	10	-0.167	-1.7	0.50	6	-0.173	4	-0.158	0	0.50	0.30	0.20	0.30	
ai-predictive-flow-zeiierman	15m	ETHUSD	short	0	0.000	0.0	0.00	0	0.000	0	0.000	0	0.00	0.00	0.00	0.00	
ai-predictive-flow-zeiierman	15m	ETHUSD	label:alertcondition:Background Turned Bullish	10	-0.167	-1.7	0.50	6	-0.173	4	-0.158	0	0.50	0.30	0.20	0.30	
ai-predictive-flow-zeiierman	15m	ETHUSD	repaint	88	-0.167	-1.7	0.50	6	-0.173	4	-0.158	0	0.50	0.30	0.20	0.30	0 of 88 earlier entries changed when the last 60 bars were hidden (0%)
ai-predictive-flow-zeiierman	15m	ETHUSD	verdict	10	-0.167	-1.7	0.50	6	-0.173	4	-0.158	0	0.50	0.30	0.20	0.30	too few trades to say → more history or a faster timeframe before judging
ai-predictive-flow-zeiierman	15m	BTCUSD	base	4	-0.406	-1.6	0.50	3	-0.208	1	-1.000	0	0.50	0.00	0.00	0.00	
ai-predictive-flow-zeiierman	15m	BTCUSD	gross	98	-0.087	-8.5	0.62	49	0.025	49	-0.199	0	0.61	0.15	0.03	0.11	
ai-predictive-flow-zeiierman	15m	BTCUSD	stop1.5	13	-0.337	-4.4	0.54	5	-0.418	8	-0.286	0	0.54	0.08	0.00	0.08	
ai-predictive-flow-zeiierman	15m	BTCUSD	stop2	38	-0.230	-8.7	0.61	18	-0.199	20	-0.258	0	0.61	0.13	0.00	0.03	
ai-predictive-flow-zeiierman	15m	BTCUSD	tp1	4	-0.577	-2.3	0.25	3	-0.435	1	-1.000	0	0.50	0.00	0.00	0.00	
ai-predictive-flow-zeiierman	15m	BTCUSD	levels	4	-0.406	-1.6	0.50	3	-0.208	1	-1.000	0	0.50	0.00	0.00	0.00	
ai-predictive-flow-zeiierman	15m	BTCUSD	er0.25	3	-0.208	-0.6	0.67	3	-0.208	0	0.000	0	0.67	0.00	0.00	0.00	
ai-predictive-flow-zeiierman	15m	BTCUSD	confirm1	1	-0.909	-0.9	0.00	1	-0.909	0	0.000	0	0.00	0.00	0.00	0.00	
ai-predictive-flow-zeiierman	15m	BTCUSD	er+stop1.5	7	-0.471	-3.3	0.43	3	-0.529	4	-0.427	0	0.43	0.00	0.00	0.00	
ai-predictive-flow-zeiierman	15m	BTCUSD	er+stop2	22	-0.202	-4.4	0.64	13	-0.173	9	-0.242	0	0.64	0.18	0.00	0.05	
ai-predictive-flow-zeiierman	15m	BTCUSD	confirm1+er	1	-0.909	-0.9	0.00	1	-0.909	0	0.000	0	0.00	0.00	0.00	0.00	
ai-predictive-flow-zeiierman	15m	BTCUSD	inverted	4	0.123	0.5	1.00	3	0.143	1	0.061	0	1.00	0.00	0.00	0.00	
ai-predictive-flow-zeiierman	15m	BTCUSD	long	4	-0.406	-1.6	0.50	3	-0.208	1	-1.000	0	0.50	0.00	0.00	0.00	
ai-predictive-flow-zeiierman	15m	BTCUSD	short	0	0.000	0.0	0.00	0	0.000	0	0.000	0	0.00	0.00	0.00	0.00	
ai-predictive-flow-zeiierman	15m	BTCUSD	repaint	97	-0.406	-1.6	0.50	3	-0.208	1	-1.000	0	0.50	0.00	0.00	0.00	0 of 97 earlier entries changed when the last 60 bars were hidden (0%)
ai-predictive-flow-zeiierman	15m	BTCUSD	verdict	4	-0.406	-1.6	0.50	3	-0.208	1	-1.000	0	0.50	0.00	0.00	0.00	too few trades to say → more history or a faster timeframe before judging
ai-predictive-flow-zeiierman	15m	SOLUSD	base	22	-0.087	-1.9	0.73	9	0.160	13	-0.258	0	0.73	0.18	0.05	0.09	
ai-predictive-flow-zeiierman	15m	SOLUSD	gross	96	-0.161	-15.5	0.56	50	-0.110	46	-0.217	0	0.56	0.15	0.04	0.23	
ai-predictive-flow-zeiierman	15m	SOLUSD	stop1.5	52	-0.235	-12.2	0.58	16	0.040	36	-0.357	0	0.58	0.08	0.04	0.06	
ai-predictive-flow-zeiierman	15m	SOLUSD	stop2	74	-0.180	-13.3	0.61	32	-0.106	42	-0.237	0	0.61	0.11	0.04	0.03	
ai-predictive-flow-zeiierman	15m	SOLUSD	tp1	22	-0.165	-3.6	0.50	9	-0.236	13	-0.116	0	0.59	0.00	0.00	0.14	
ai-predictive-flow-zeiierman	15m	SOLUSD	levels	22	-0.087	-1.9	0.73	9	0.160	13	-0.258	0	0.73	0.18	0.05	0.09	
ai-predictive-flow-zeiierman	15m	SOLUSD	er0.25	13	-0.080	-1.0	0.69	6	0.362	7	-0.459	0	0.69	0.23	0.08	0.08	
ai-predictive-flow-zeiierman	15m	SOLUSD	confirm1	11	0.089	1.0	0.73	4	0.578	7	-0.190	0	0.73	0.09	0.09	0.00	
ai-predictive-flow-zeiierman	15m	SOLUSD	er+stop1.5	29	-0.246	-7.1	0.55	10	0.071	19	-0.413	0	0.55	0.10	0.03	0.07	
ai-predictive-flow-zeiierman	15m	SOLUSD	er+stop2	37	-0.127	-4.7	0.59	16	-0.002	21	-0.221	0	0.59	0.14	0.08	0.03	
ai-predictive-flow-zeiierman	15m	SOLUSD	confirm1+er	5	0.735	3.7	1.00	3	1.104	2	0.180	0	1.00	0.20	0.20	0.00	
ai-predictive-flow-zeiierman	15m	SOLUSD	inverted	22	-0.219	-4.8	0.59	9	-0.256	13	-0.194	0	0.59	0.18	0.00	0.27	
ai-predictive-flow-zeiierman	15m	SOLUSD	long	22	-0.087	-1.9	0.73	9	0.160	13	-0.258	0	0.73	0.18	0.05	0.09	
ai-predictive-flow-zeiierman	15m	SOLUSD	short	0	0.000	0.0	0.00	0	0.000	0	0.000	0	0.00	0.00	0.00	0.00	
ai-predictive-flow-zeiierman	15m	SOLUSD	label:alertcondition:Background Turned Bullish	22	-0.087	-1.9	0.73	9	0.160	13	-0.258	0	0.73	0.18	0.05	0.09	
ai-predictive-flow-zeiierman	15m	SOLUSD	repaint	95	-0.087	-1.9	0.73	9	0.160	13	-0.258	0	0.73	0.18	0.05	0.09	0 of 95 earlier entries changed when the last 60 bars were hidden (0%)
ai-predictive-flow-zeiierman	15m	SOLUSD	verdict	22	-0.087	-1.9	0.73	9	0.160	13	-0.258	0	0.73	0.18	0.05	0.09	no variant pays in both halves → not a reading, exit or cost problem on this cell; re-time or retire the pair
ai-predictive-flow-zeiierman	15m	XRPUSD	base	34	-0.061	-2.1	0.68	11	0.077	23	-0.127	0	0.68	0.18	0.06	0.15	
ai-predictive-flow-zeiierman	15m	XRPUSD	gross	98	0.015	1.5	0.65	45	0.094	53	-0.052	0	0.65	0.24	0.05	0.18	
ai-predictive-flow-zeiierman	15m	XRPUSD	stop1.5	57	-0.229	-13.0	0.60	14	-0.058	43	-0.284	0	0.60	0.12	0.02	0.09	
ai-predictive-flow-zeiierman	15m	XRPUSD	stop2	74	-0.188	-13.9	0.66	25	-0.141	49	-0.212	0	0.66	0.07	0.00	0.03	
ai-predictive-flow-zeiierman	15m	XRPUSD	tp1	34	-0.100	-3.4	0.53	11	-0.038	23	-0.129	0	0.65	0.00	0.00	0.15	
ai-predictive-flow-zeiierman	15m	XRPUSD	levels	34	-0.061	-2.1	0.68	11	0.077	23	-0.127	0	0.68	0.18	0.06	0.15	
ai-predictive-flow-zeiierman	15m	XRPUSD	er0.25	20	0.045	0.9	0.70	7	0.330	13	-0.108	0	0.70	0.20	0.10	0.10	
ai-predictive-flow-zeiierman	15m	XRPUSD	confirm1	15	-0.186	-2.8	0.60	5	-0.133	10	-0.213	0	0.60	0.33	0.00	0.07	
ai-predictive-flow-zeiierman	15m	XRPUSD	er+stop1.5	29	-0.082	-2.4	0.69	9	0.067	20	-0.149	0	0.69	0.21	0.03	0.07	
ai-predictive-flow-zeiierman	15m	XRPUSD	er+stop2	38	-0.147	-5.6	0.68	13	-0.188	25	-0.126	0	0.68	0.08	0.00	0.00	
ai-predictive-flow-zeiierman	15m	XRPUSD	confirm1+er	9	-0.052	-0.5	0.67	3	0.068	6	-0.112	0	0.67	0.44	0.00	0.11	
ai-predictive-flow-zeiierman	15m	XRPUSD	inverted	34	-0.096	-3.3	0.65	11	0.145	23	-0.211	0	0.65	0.15	0.03	0.15	
ai-predictive-flow-zeiierman	15m	XRPUSD	long	34	-0.061	-2.1	0.68	11	0.077	23	-0.127	0	0.68	0.18	0.06	0.15	
ai-predictive-flow-zeiierman	15m	XRPUSD	short	0	0.000	0.0	0.00	0	0.000	0	0.000	0	0.00	0.00	0.00	0.00	
ai-predictive-flow-zeiierman	15m	XRPUSD	label:alertcondition:Background Turned Bullish	34	-0.061	-2.1	0.68	11	0.077	23	-0.127	0	0.68	0.18	0.06	0.15	
ai-predictive-flow-zeiierman	15m	XRPUSD	repaint	97	-0.061	-2.1	0.68	11	0.077	23	-0.127	0	0.68	0.18	0.06	0.15	0 of 97 earlier entries changed when the last 60 bars were hidden (0%)
ai-predictive-flow-zeiierman	15m	XRPUSD	verdict	34	-0.061	-2.1	0.68	11	0.077	23	-0.127	0	0.68	0.18	0.06	0.15	no variant pays in both halves → not a reading, exit or cost problem on this cell; re-time or retire the pair
ai-predictive-flow-zeiierman	15m	BNBUSD	base	1	0.346	0.3	1.00	0	0.000	1	0.346	0	1.00	0.00	0.00	0.00	
ai-predictive-flow-zeiierman	15m	BNBUSD	gross	104	-0.070	-7.2	0.57	53	-0.066	51	-0.073	0	0.57	0.30	0.08	0.19	
ai-predictive-flow-zeiierman	15m	BNBUSD	stop1.5	8	0.176	1.4	0.75	3	-0.568	5	0.622	0	0.75	0.38	0.25	0.00	
ai-predictive-flow-zeiierman	15m	BNBUSD	stop2	30	-0.214	-6.4	0.60	10	-0.467	20	-0.088	0	0.60	0.20	0.00	0.10	
ai-predictive-flow-zeiierman	15m	BNBUSD	tp1	1	0.656	0.7	1.00	0	0.000	1	0.656	0	0.00	0.00	0.00	0.00	
ai-predictive-flow-zeiierman	15m	BNBUSD	levels	1	0.346	0.3	1.00	0	0.000	1	0.346	0	1.00	0.00	0.00	0.00	
ai-predictive-flow-zeiierman	15m	BNBUSD	er0.25	1	0.346	0.3	1.00	0	0.000	1	0.346	0	1.00	0.00	0.00	0.00	
ai-predictive-flow-zeiierman	15m	BNBUSD	confirm1	0	0.000	0.0	0.00	0	0.000	0	0.000	0	0.00	0.00	0.00	0.00	
ai-predictive-flow-zeiierman	15m	BNBUSD	er+stop1.5	7	0.019	0.1	0.71	3	-0.568	4	0.459	0	0.71	0.29	0.14	0.00	
ai-predictive-flow-zeiierman	15m	BNBUSD	er+stop2	15	-0.364	-5.5	0.47	7	-0.630	8	-0.131	0	0.47	0.13	0.00	0.07	
ai-predictive-flow-zeiierman	15m	BNBUSD	confirm1+er	0	0.000	0.0	0.00	0	0.000	0	0.000	0	0.00	0.00	0.00	0.00	
ai-predictive-flow-zeiierman	15m	BNBUSD	inverted	1	-0.914	-0.9	0.00	0	0.000	1	-0.914	0	0.00	0.00	0.00	1.00	
ai-predictive-flow-zeiierman	15m	BNBUSD	long	1	0.346	0.3	1.00	0	0.000	1	0.346	0	1.00	0.00	0.00	0.00	
ai-predictive-flow-zeiierman	15m	BNBUSD	short	0	0.000	0.0	0.00	0	0.000	0	0.000	0	0.00	0.00	0.00	0.00	
ai-predictive-flow-zeiierman	15m	BNBUSD	repaint	103	0.346	0.3	1.00	0	0.000	1	0.346	0	1.00	0.00	0.00	0.00	0 of 103 earlier entries changed when the last 60 bars were hidden (0%)
ai-predictive-flow-zeiierman	15m	BNBUSD	verdict	1	0.346	0.3	1.00	0	0.000	1	0.346	0	1.00	0.00	0.00	0.00	too few trades to say → more history or a faster timeframe before judging
ai-predictive-flow-zeiierman	15m	DOGEUSD	base	23	0.098	2.3	0.74	10	0.519	13	-0.226	0	0.74	0.35	0.09	0.09	
ai-predictive-flow-zeiierman	15m	DOGEUSD	gross	104	-0.080	-8.3	0.59	55	-0.033	49	-0.131	0	0.59	0.22	0.03	0.22	
ai-predictive-flow-zeiierman	15m	DOGEUSD	stop1.5	54	-0.107	-5.8	0.67	18	0.140	36	-0.231	0	0.67	0.24	0.02	0.07	
ai-predictive-flow-zeiierman	15m	DOGEUSD	stop2	75	-0.110	-8.3	0.67	31	0.068	44	-0.236	0	0.67	0.11	0.01	0.01	
ai-predictive-flow-zeiierman	15m	DOGEUSD	tp1	23	0.039	0.9	0.61	10	0.538	13	-0.345	0	0.48	0.00	0.00	0.13	
ai-predictive-flow-zeiierman	15m	DOGEUSD	levels	23	0.098	2.3	0.74	10	0.519	13	-0.226	0	0.74	0.35	0.09	0.09	
ai-predictive-flow-zeiierman	15m	DOGEUSD	er0.25	13	0.136	1.8	0.77	7	0.411	6	-0.184	0	0.77	0.31	0.08	0.15	
ai-predictive-flow-zeiierman	15m	DOGEUSD	confirm1	10	-0.221	-2.2	0.50	3	0.814	7	-0.664	0	0.50	0.30	0.10	0.10	
ai-predictive-flow-zeiierman	15m	DOGEUSD	er+stop1.5	28	-0.209	-5.9	0.57	11	0.098	17	-0.408	0	0.57	0.25	0.00	0.11	
ai-predictive-flow-zeiierman	15m	DOGEUSD	er+stop2	40	-0.203	-8.1	0.55	16	0.158	24	-0.444	0	0.55	0.13	0.03	0.03	
ai-predictive-flow-zeiierman	15m	DOGEUSD	confirm1+er	5	-0.683	-3.4	0.20	1	0.493	4	-0.977	0	0.20	0.20	0.00	0.20	
ai-predictive-flow-zeiierman	15m	DOGEUSD	inverted	23	-0.202	-4.7	0.61	10	-0.482	13	0.013	0	0.61	0.22	0.00	0.22	
ai-predictive-flow-zeiierman	15m	DOGEUSD	long	23	0.098	2.3	0.74	10	0.519	13	-0.226	0	0.74	0.35	0.09	0.09	
ai-predictive-flow-zeiierman	15m	DOGEUSD	short	0	0.000	0.0	0.00	0	0.000	0	0.000	0	0.00	0.00	0.00	0.00	
ai-predictive-flow-zeiierman	15m	DOGEUSD	label:alertcondition:Background Turned Bullish	23	0.098	2.3	0.74	10	0.519	13	-0.226	0	0.74	0.35	0.09	0.09	
ai-predictive-flow-zeiierman	15m	DOGEUSD	repaint	103	0.098	2.3	0.74	10	0.519	13	-0.226	0	0.74	0.35	0.09	0.09	0 of 103 earlier entries changed when the last 60 bars were hidden (0%)
ai-predictive-flow-zeiierman	15m	DOGEUSD	verdict	23	0.098	2.3	0.74	10	0.519	13	-0.226	0	0.74	0.35	0.09	0.09	no variant pays in both halves → not a reading, exit or cost problem on this cell; re-time or retire the pair
ai-predictive-flow-zeiierman	15m	AVAXUSD	base	32	-0.151	-4.8	0.63	6	-0.629	26	-0.041	0	0.63	0.16	0.06	0.19	
ai-predictive-flow-zeiierman	15m	AVAXUSD	gross	102	-0.071	-7.2	0.53	50	-0.253	52	0.104	0	0.53	0.25	0.06	0.29	
ai-predictive-flow-zeiierman	15m	AVAXUSD	stop1.5	60	-0.061	-3.7	0.67	20	-0.400	40	0.108	0	0.67	0.27	0.05	0.15	
ai-predictive-flow-zeiierman	15m	AVAXUSD	stop2	83	-0.079	-6.6	0.64	35	-0.160	48	-0.020	0	0.64	0.18	0.06	0.04	
ai-predictive-flow-zeiierman	15m	AVAXUSD	tp1	32	-0.354	-11.3	0.38	6	-0.695	26	-0.276	0	0.59	0.00	0.00	0.19	
ai-predictive-flow-zeiierman	15m	AVAXUSD	levels	32	-0.151	-4.8	0.63	6	-0.629	26	-0.041	0	0.63	0.16	0.06	0.19	
ai-predictive-flow-zeiierman	15m	AVAXUSD	er0.25	13	-0.445	-5.8	0.38	5	-0.555	8	-0.377	0	0.38	0.08	0.08	0.31	
ai-predictive-flow-zeiierman	15m	AVAXUSD	confirm1	15	-0.133	-2.0	0.60	0	0.000	15	-0.133	0	0.60	0.20	0.07	0.07	
ai-predictive-flow-zeiierman	15m	AVAXUSD	er+stop1.5	27	-0.114	-3.1	0.63	11	-0.382	16	0.070	0	0.63	0.26	0.04	0.22	
ai-predictive-flow-zeiierman	15m	AVAXUSD	er+stop2	37	-0.155	-5.7	0.62	17	-0.325	20	-0.010	0	0.62	0.19	0.05	0.08	
ai-predictive-flow-zeiierman	15m	AVAXUSD	confirm1+er	4	0.343	1.4	0.75	0	0.000	4	0.343	0	0.75	0.50	0.25	0.25	
ai-predictive-flow-zeiierman	15m	AVAXUSD	inverted	32	0.046	1.5	0.75	6	0.297	26	-0.012	0	0.75	0.25	0.06	0.13	
ai-predictive-flow-zeiierman	15m	AVAXUSD	long	32	-0.151	-4.8	0.63	6	-0.629	26	-0.041	0	0.63	0.16	0.06	0.19	
ai-predictive-flow-zeiierman	15m	AVAXUSD	short	0	0.000	0.0	0.00	0	0.000	0	0.000	0	0.00	0.00	0.00	0.00	
ai-predictive-flow-zeiierman	15m	AVAXUSD	label:alertcondition:Background Turned Bullish	32	-0.151	-4.8	0.63	6	-0.629	26	-0.041	0	0.63	0.16	0.06	0.19	
ai-predictive-flow-zeiierman	15m	AVAXUSD	repaint	101	-0.151	-4.8	0.63	6	-0.629	26	-0.041	0	0.63	0.16	0.06	0.19	0 of 101 earlier entries changed when the last 60 bars were hidden (0%)
ai-predictive-flow-zeiierman	15m	AVAXUSD	verdict	32	-0.151	-4.8	0.63	6	-0.629	26	-0.041	0	0.63	0.16	0.06	0.19	no variant pays in both halves → not a reading, exit or cost problem on this cell; re-time or retire the pair
ai-predictive-flow-zeiierman	15m	ADAUSD	base	64	-0.173	-11.0	0.59	27	-0.138	37	-0.198	0	0.59	0.20	0.05	0.25	
ai-predictive-flow-zeiierman	15m	ADAUSD	gross	99	-0.070	-6.9	0.60	50	-0.080	49	-0.060	0	0.60	0.20	0.05	0.23	
ai-predictive-flow-zeiierman	15m	ADAUSD	stop1.5	93	-0.196	-18.3	0.59	46	-0.136	47	-0.256	0	0.59	0.18	0.00	0.11	
ai-predictive-flow-zeiierman	15m	ADAUSD	stop2	99	-0.152	-15.1	0.64	50	-0.211	49	-0.092	0	0.64	0.16	0.00	0.03	
ai-predictive-flow-zeiierman	15m	ADAUSD	tp1	64	-0.212	-13.6	0.45	27	-0.147	37	-0.260	0	0.45	0.00	0.00	0.27	
ai-predictive-flow-zeiierman	15m	ADAUSD	levels	64	-0.173	-11.0	0.59	27	-0.138	37	-0.198	0	0.59	0.20	0.05	0.25	
ai-predictive-flow-zeiierman	15m	ADAUSD	er0.25	31	-0.303	-9.4	0.48	11	-0.288	20	-0.311	0	0.48	0.16	0.06	0.39	
ai-predictive-flow-zeiierman	15m	ADAUSD	confirm1	25	-0.193	-4.8	0.56	11	0.061	14	-0.392	0	0.56	0.16	0.08	0.16	
ai-predictive-flow-zeiierman	15m	ADAUSD	er+stop1.5	39	-0.234	-9.1	0.56	14	-0.094	25	-0.313	0	0.56	0.18	0.00	0.10	
ai-predictive-flow-zeiierman	15m	ADAUSD	er+stop2	40	-0.172	-6.9	0.63	15	-0.114	25	-0.207	0	0.63	0.15	0.00	0.05	
ai-predictive-flow-zeiierman	15m	ADAUSD	confirm1+er	11	-0.274	-3.0	0.55	6	-0.076	5	-0.510	0	0.55	0.09	0.00	0.27	
ai-predictive-flow-zeiierman	15m	ADAUSD	inverted	64	-0.034	-2.2	0.66	27	-0.144	37	0.047	0	0.66	0.31	0.03	0.23	
ai-predictive-flow-zeiierman	15m	ADAUSD	long	64	-0.173	-11.0	0.59	27	-0.138	37	-0.198	0	0.59	0.20	0.05	0.25	
ai-predictive-flow-zeiierman	15m	ADAUSD	short	0	0.000	0.0	0.00	0	0.000	0	0.000	0	0.00	0.00	0.00	0.00	
ai-predictive-flow-zeiierman	15m	ADAUSD	label:alertcondition:Background Turned Bullish	64	-0.173	-11.0	0.59	27	-0.138	37	-0.198	0	0.59	0.20	0.05	0.25	
ai-predictive-flow-zeiierman	15m	ADAUSD	repaint	98	-0.173	-11.0	0.59	27	-0.138	37	-0.198	0	0.59	0.20	0.05	0.25	0 of 98 earlier entries changed when the last 60 bars were hidden (0%)
ai-predictive-flow-zeiierman	15m	ADAUSD	verdict	64	-0.173	-11.0	0.59	27	-0.138	37	-0.198	0	0.59	0.20	0.05	0.25	no variant pays in both halves → not a reading, exit or cost problem on this cell; re-time or retire the pair
ai-predictive-flow-zeiierman	15m	LTCUSD	base	20	-0.190	-3.8	0.50	5	0.012	15	-0.257	0	0.50	0.10	0.05	0.35	
ai-predictive-flow-zeiierman	15m	LTCUSD	gross	98	0.026	2.6	0.60	47	0.145	51	-0.084	0	0.60	0.24	0.07	0.24	
ai-predictive-flow-zeiierman	15m	LTCUSD	stop1.5	55	-0.095	-5.2	0.65	14	0.043	41	-0.143	0	0.65	0.15	0.04	0.09	
ai-predictive-flow-zeiierman	15m	LTCUSD	stop2	63	-0.214	-13.5	0.59	18	-0.101	45	-0.259	0	0.59	0.11	0.03	0.02	
ai-predictive-flow-zeiierman	15m	LTCUSD	tp1	20	-0.293	-5.9	0.40	5	-0.295	15	-0.293	0	0.45	0.00	0.00	0.35	
ai-predictive-flow-zeiierman	15m	LTCUSD	levels	20	-0.190	-3.8	0.50	5	0.012	15	-0.257	0	0.50	0.10	0.05	0.35	
ai-predictive-flow-zeiierman	15m	LTCUSD	er0.25	10	-0.472	-4.7	0.40	3	-0.562	7	-0.434	0	0.40	0.00	0.00	0.30	
ai-predictive-flow-zeiierman	15m	LTCUSD	confirm1	10	-0.381	-3.8	0.50	3	-0.124	7	-0.491	0	0.50	0.00	0.00	0.20	
ai-predictive-flow-zeiierman	15m	LTCUSD	er+stop1.5	27	-0.230	-6.2	0.56	6	-0.368	21	-0.190	0	0.56	0.04	0.04	0.11	
ai-predictive-flow-zeiierman	15m	LTCUSD	er+stop2	30	-0.266	-8.0	0.53	8	-0.238	22	-0.277	0	0.53	0.10	0.03	0.00	
ai-predictive-flow-zeiierman	15m	LTCUSD	confirm1+er	9	-0.312	-2.8	0.56	3	-0.124	6	-0.407	0	0.56	0.00	0.00	0.22	
ai-predictive-flow-zeiierman	15m	LTCUSD	inverted	20	0.095	1.9	0.70	5	-0.168	15	0.183	0	0.70	0.35	0.10	0.15	
ai-predictive-flow-zeiierman	15m	LTCUSD	long	20	-0.190	-3.8	0.50	5	0.012	15	-0.257	0	0.50	0.10	0.05	0.35	
ai-predictive-flow-zeiierman	15m	LTCUSD	short	0	0.000	0.0	0.00	0	0.000	0	0.000	0	0.00	0.00	0.00	0.00	
ai-predictive-flow-zeiierman	15m	LTCUSD	label:alertcondition:Background Turned Bullish	20	-0.190	-3.8	0.50	5	0.012	15	-0.257	0	0.50	0.10	0.05	0.35	
ai-predictive-flow-zeiierman	15m	LTCUSD	repaint	97	-0.190	-3.8	0.50	5	0.012	15	-0.257	0	0.50	0.10	0.05	0.35	0 of 97 earlier entries changed when the last 60 bars were hidden (0%)
ai-predictive-flow-zeiierman	15m	LTCUSD	verdict	20	-0.190	-3.8	0.50	5	0.012	15	-0.257	0	0.50	0.10	0.05	0.35	no variant pays in both halves → not a reading, exit or cost problem on this cell; re-time or retire the pair
ai-predictive-flow-zeiierman	15m	BCHUSD	base	24	-0.021	-0.5	0.67	5	0.357	19	-0.120	0	0.67	0.17	0.08	0.25	
ai-predictive-flow-zeiierman	15m	BCHUSD	gross	94	0.024	2.3	0.62	42	0.088	52	-0.027	0	0.62	0.26	0.09	0.23	
ai-predictive-flow-zeiierman	15m	BCHUSD	stop1.5	49	-0.251	-12.3	0.51	11	-0.001	38	-0.323	0	0.51	0.16	0.08	0.08	
ai-predictive-flow-zeiierman	15m	BCHUSD	stop2	68	-0.110	-7.5	0.63	20	0.007	48	-0.158	0	0.63	0.19	0.06	0.03	
ai-predictive-flow-zeiierman	15m	BCHUSD	tp1	24	-0.212	-5.1	0.46	5	0.040	19	-0.278	0	0.54	0.00	0.00	0.29	
ai-predictive-flow-zeiierman	15m	BCHUSD	levels	24	-0.021	-0.5	0.67	5	0.357	19	-0.120	0	0.67	0.17	0.08	0.25	
ai-predictive-flow-zeiierman	15m	BCHUSD	er0.25	14	0.036	0.5	0.71	3	0.836	11	-0.182	0	0.71	0.21	0.07	0.21	
ai-predictive-flow-zeiierman	15m	BCHUSD	confirm1	9	-0.205	-1.8	0.44	2	0.472	7	-0.398	0	0.44	0.33	0.11	0.33	
ai-predictive-flow-zeiierman	15m	BCHUSD	er+stop1.5	30	-0.236	-7.1	0.57	9	0.061	21	-0.363	0	0.57	0.13	0.03	0.10	
ai-predictive-flow-zeiierman	15m	BCHUSD	er+stop2	35	-0.068	-2.4	0.69	11	-0.085	24	-0.060	0	0.69	0.14	0.06	0.00	
ai-predictive-flow-zeiierman	15m	BCHUSD	confirm1+er	7	0.012	0.1	0.57	2	0.472	5	-0.172	0	0.57	0.43	0.14	0.29	
ai-predictive-flow-zeiierman	15m	BCHUSD	inverted	24	-0.062	-1.5	0.71	5	-0.410	19	0.029	0	0.71	0.17	0.00	0.13	
ai-predictive-flow-zeiierman	15m	BCHUSD	long	24	-0.021	-0.5	0.67	5	0.357	19	-0.120	0	0.67	0.17	0.08	0.25	
ai-predictive-flow-zeiierman	15m	BCHUSD	short	0	0.000	0.0	0.00	0	0.000	0	0.000	0	0.00	0.00	0.00	0.00	
ai-predictive-flow-zeiierman	15m	BCHUSD	label:alertcondition:Background Turned Bullish	24	-0.021	-0.5	0.67	5	0.357	19	-0.120	0	0.67	0.17	0.08	0.25	
ai-predictive-flow-zeiierman	15m	BCHUSD	repaint	94	-0.021	-0.5	0.67	5	0.357	19	-0.120	0	0.67	0.17	0.08	0.25	0 of 94 earlier entries changed when the last 60 bars were hidden (0%)
ai-predictive-flow-zeiierman	15m	BCHUSD	verdict	24	-0.021	-0.5	0.67	5	0.357	19	-0.120	0	0.67	0.17	0.08	0.25	no variant pays in both halves → not a reading, exit or cost problem on this cell; re-time or retire the pair
ai-predictive-flow-zeiierman	15m	LINKUSD	base	26	0.276	7.2	0.81	7	0.595	19	0.159	1	0.81	0.27	0.12	0.04	
ai-predictive-flow-zeiierman	15m	LINKUSD	gross	101	0.242	24.5	0.66	54	0.334	47	0.136	1	0.65	0.31	0.12	0.19	
ai-predictive-flow-zeiierman	15m	LINKUSD	stop1.5	61	0.059	3.6	0.72	25	0.154	36	-0.007	0	0.72	0.26	0.08	0.05	
ai-predictive-flow-zeiierman	15m	LINKUSD	stop2	77	-0.091	-7.0	0.65	35	-0.156	42	-0.038	0	0.65	0.17	0.04	0.05	
ai-predictive-flow-zeiierman	15m	LINKUSD	tp1	26	-0.002	-0.1	0.58	7	0.235	19	-0.090	0	0.77	0.00	0.00	0.08	
ai-predictive-flow-zeiierman	15m	LINKUSD	levels	26	0.276	7.2	0.81	7	0.595	19	0.159	1	0.81	0.27	0.12	0.04	
ai-predictive-flow-zeiierman	15m	LINKUSD	er0.25	15	0.174	2.6	0.80	3	1.078	12	-0.052	0	0.80	0.13	0.07	0.07	
ai-predictive-flow-zeiierman	15m	LINKUSD	confirm1	20	-0.019	-0.4	0.55	6	0.499	14	-0.241	0	0.55	0.25	0.20	0.25	
ai-predictive-flow-zeiierman	15m	LINKUSD	er+stop1.5	29	0.205	5.9	0.79	10	0.253	19	0.180	1	0.79	0.31	0.10	0.07	
ai-predictive-flow-zeiierman	15m	LINKUSD	er+stop2	37	-0.036	-1.3	0.68	16	-0.173	21	0.068	0	0.68	0.19	0.05	0.03	
ai-predictive-flow-zeiierman	15m	LINKUSD	confirm1+er	11	-0.123	-1.4	0.55	3	0.501	8	-0.357	0	0.55	0.18	0.18	0.36	
ai-predictive-flow-zeiierman	15m	LINKUSD	inverted	26	-0.413	-10.7	0.46	7	-0.609	19	-0.341	0	0.46	0.12	0.00	0.31	
ai-predictive-flow-zeiierman	15m	LINKUSD	long	26	0.276	7.2	0.81	7	0.595	19	0.159	1	0.81	0.27	0.12	0.04	
ai-predictive-flow-zeiierman	15m	LINKUSD	short	0	0.000	0.0	0.00	0	0.000	0	0.000	0	0.00	0.00	0.00	0.00	
ai-predictive-flow-zeiierman	15m	LINKUSD	label:alertcondition:Background Turned Bullish	26	0.276	7.2	0.81	7	0.595	19	0.159	1	0.81	0.27	0.12	0.04	
ai-predictive-flow-zeiierman	15m	LINKUSD	repaint	100	0.276	7.2	0.81	7	0.595	19	0.159	1	0.81	0.27	0.12	0.04	0 of 100 earlier entries changed when the last 60 bars were hidden (0%)
ai-predictive-flow-zeiierman	15m	LINKUSD	verdict	26	0.276	7.2	0.81	7	0.595	19	0.159	1	0.81	0.27	0.12	0.04	pays as read → nothing to fix; measure in shadow
ai-predictive-flow-zeiierman	15m	SUIUSD	base	41	0.075	3.1	0.68	8	0.304	33	0.020	1	0.68	0.32	0.12	0.15	
ai-predictive-flow-zeiierman	15m	SUIUSD	gross	108	0.042	4.5	0.54	51	-0.031	57	0.107	0	0.54	0.29	0.12	0.26	
ai-predictive-flow-zeiierman	15m	SUIUSD	stop1.5	60	-0.038	-2.3	0.65	11	0.259	49	-0.105	0	0.65	0.30	0.07	0.05	
ai-predictive-flow-zeiierman	15m	SUIUSD	stop2	69	-0.083	-5.7	0.62	15	0.050	54	-0.120	0	0.62	0.22	0.04	0.04	
ai-predictive-flow-zeiierman	15m	SUIUSD	tp1	41	0.082	3.4	0.63	8	0.267	33	0.037	1	0.56	0.00	0.00	0.15	
ai-predictive-flow-zeiierman	15m	SUIUSD	levels	41	0.075	3.1	0.68	8	0.304	33	0.020	1	0.68	0.32	0.12	0.15	
ai-predictive-flow-zeiierman	15m	SUIUSD	er0.25	15	0.276	4.1	0.73	5	0.626	10	0.102	1	0.73	0.53	0.20	0.13	
ai-predictive-flow-zeiierman	15m	SUIUSD	confirm1	26	-0.299	-7.8	0.46	5	-0.403	21	-0.275	0	0.46	0.31	0.00	0.31	
ai-predictive-flow-zeiierman	15m	SUIUSD	er+stop1.5	22	-0.101	-2.2	0.55	5	0.461	17	-0.267	0	0.55	0.36	0.09	0.09	
ai-predictive-flow-zeiierman	15m	SUIUSD	er+stop2	27	-0.083	-2.2	0.59	7	0.320	20	-0.224	0	0.59	0.30	0.07	0.11	
ai-predictive-flow-zeiierman	15m	SUIUSD	confirm1+er	12	-0.352	-4.2	0.42	5	-0.403	7	-0.315	0	0.42	0.25	0.00	0.42	
ai-predictive-flow-zeiierman	15m	SUIUSD	inverted	41	-0.105	-4.3	0.54	8	0.014	33	-0.134	0	0.54	0.27	0.12	0.27	
ai-predictive-flow-zeiierman	15m	SUIUSD	long	41	0.075	3.1	0.68	8	0.304	33	0.020	1	0.68	0.32	0.12	0.15	
ai-predictive-flow-zeiierman	15m	SUIUSD	short	0	0.000	0.0	0.00	0	0.000	0	0.000	0	0.00	0.00	0.00	0.00	
ai-predictive-flow-zeiierman	15m	SUIUSD	label:alertcondition:Background Turned Bullish	41	0.075	3.1	0.68	8	0.304	33	0.020	1	0.68	0.32	0.12	0.15	
ai-predictive-flow-zeiierman	15m	SUIUSD	repaint	107	0.075	3.1	0.68	8	0.304	33	0.020	1	0.68	0.32	0.12	0.15	0 of 107 earlier entries changed when the last 60 bars were hidden (0%)
ai-predictive-flow-zeiierman	15m	SUIUSD	verdict	41	0.075	3.1	0.68	8	0.304	33	0.020	1	0.68	0.32	0.12	0.15	pays as read → nothing to fix; measure in shadow
ai-predictive-flow-zeiierman	15m	NEARUSD	base	50	-0.055	-2.7	0.52	8	-0.041	42	-0.057	0	0.52	0.28	0.16	0.36	
ai-predictive-flow-zeiierman	15m	NEARUSD	gross	103	0.063	6.5	0.49	50	-0.080	53	0.198	0	0.49	0.28	0.18	0.40	
ai-predictive-flow-zeiierman	15m	NEARUSD	stop1.5	66	-0.094	-6.2	0.55	18	-0.129	48	-0.081	0	0.55	0.24	0.14	0.18	
ai-predictive-flow-zeiierman	15m	NEARUSD	stop2	81	-0.143	-11.6	0.56	31	-0.336	50	-0.023	0	0.56	0.25	0.07	0.12	
ai-predictive-flow-zeiierman	15m	NEARUSD	tp1	50	-0.249	-12.5	0.42	8	-0.560	42	-0.190	0	0.38	0.00	0.00	0.36	
ai-predictive-flow-zeiierman	15m	NEARUSD	levels	50	-0.055	-2.7	0.52	8	-0.041	42	-0.057	0	0.52	0.28	0.16	0.36	
ai-predictive-flow-zeiierman	15m	NEARUSD	er0.25	28	-0.153	-4.3	0.50	5	-0.566	23	-0.063	0	0.50	0.21	0.14	0.43	
ai-predictive-flow-zeiierman	15m	NEARUSD	confirm1	18	0.336	6.0	0.78	1	-0.912	17	0.409	0	0.78	0.39	0.22	0.17	
ai-predictive-flow-zeiierman	15m	NEARUSD	er+stop1.5	37	-0.108	-4.0	0.51	13	-0.265	24	-0.023	0	0.51	0.27	0.16	0.24	
ai-predictive-flow-zeiierman	15m	NEARUSD	er+stop2	48	-0.184	-8.8	0.52	22	-0.476	26	0.064	0	0.52	0.27	0.08	0.17	
ai-predictive-flow-zeiierman	15m	NEARUSD	confirm1+er	10	0.198	2.0	0.70	1	-0.912	9	0.322	0	0.70	0.30	0.20	0.30	
ai-predictive-flow-zeiierman	15m	NEARUSD	inverted	50	0.114	5.7	0.66	8	0.569	42	0.027	1	0.66	0.30	0.12	0.12	
ai-predictive-flow-zeiierman	15m	NEARUSD	long	50	-0.055	-2.7	0.52	8	-0.041	42	-0.057	0	0.52	0.28	0.16	0.36	
ai-predictive-flow-zeiierman	15m	NEARUSD	short	0	0.000	0.0	0.00	0	0.000	0	0.000	0	0.00	0.00	0.00	0.00	
ai-predictive-flow-zeiierman	15m	NEARUSD	label:alertcondition:Background Turned Bullish	50	-0.055	-2.7	0.52	8	-0.041	42	-0.057	0	0.52	0.28	0.16	0.36	
ai-predictive-flow-zeiierman	15m	NEARUSD	repaint	102	-0.055	-2.7	0.52	8	-0.041	42	-0.057	0	0.52	0.28	0.16	0.36	0 of 102 earlier entries changed when the last 60 bars were hidden (0%)
ai-predictive-flow-zeiierman	15m	NEARUSD	verdict	50	-0.055	-2.7	0.52	8	-0.041	42	-0.057	0	0.52	0.28	0.16	0.36	READING: direction inverted → the signals mean the opposite of how they are read (a warning read as an entry, a state read as a flip); invert or restrict the source
ai-predictive-flow-zeiierman	15m	HYPEUSD	base	22	0.016	0.4	0.59	17	0.126	5	-0.356	0	0.59	0.32	0.14	0.27	
ai-predictive-flow-zeiierman	15m	HYPEUSD	gross	94	0.064	6.1	0.54	47	0.200	47	-0.071	0	0.54	0.30	0.15	0.29	
ai-predictive-flow-zeiierman	15m	HYPEUSD	stop1.5	66	-0.068	-4.5	0.61	31	0.003	35	-0.131	0	0.61	0.26	0.09	0.09	
ai-predictive-flow-zeiierman	15m	HYPEUSD	stop2	87	-0.125	-10.9	0.62	45	-0.077	42	-0.177	0	0.62	0.28	0.03	0.07	
ai-predictive-flow-zeiierman	15m	HYPEUSD	tp1	22	-0.144	-3.2	0.50	17	-0.084	5	-0.346	0	0.41	0.00	0.00	0.27	
ai-predictive-flow-zeiierman	15m	HYPEUSD	levels	22	0.016	0.4	0.59	17	0.126	5	-0.356	0	0.59	0.32	0.14	0.27	
ai-predictive-flow-zeiierman	15m	HYPEUSD	er0.25	13	-0.408	-5.3	0.38	11	-0.395	2	-0.481	0	0.38	0.15	0.08	0.46	
ai-predictive-flow-zeiierman	15m	HYPEUSD	confirm1	9	0.068	0.6	0.78	8	0.067	1	0.076	0	0.78	0.44	0.00	0.22	
ai-predictive-flow-zeiierman	15m	HYPEUSD	er+stop1.5	36	-0.088	-3.2	0.64	18	-0.248	18	0.072	0	0.64	0.22	0.06	0.08	
ai-predictive-flow-zeiierman	15m	HYPEUSD	er+stop2	48	-0.131	-6.3	0.65	26	-0.215	22	-0.030	0	0.65	0.29	0.02	0.04	
ai-predictive-flow-zeiierman	15m	HYPEUSD	confirm1+er	5	0.208	1.0	0.80	5	0.208	0	0.000	0	0.80	0.80	0.00	0.20	
ai-predictive-flow-zeiierman	15m	HYPEUSD	inverted	22	-0.203	-4.5	0.50	17	-0.220	5	-0.143	0	0.50	0.32	0.14	0.18	
ai-predictive-flow-zeiierman	15m	HYPEUSD	long	22	0.016	0.4	0.59	17	0.126	5	-0.356	0	0.59	0.32	0.14	0.27	
ai-predictive-flow-zeiierman	15m	HYPEUSD	short	0	0.000	0.0	0.00	0	0.000	0	0.000	0	0.00	0.00	0.00	0.00	
ai-predictive-flow-zeiierman	15m	HYPEUSD	label:alertcondition:Background Turned Bullish	22	0.016	0.4	0.59	17	0.126	5	-0.356	0	0.59	0.32	0.14	0.27	
ai-predictive-flow-zeiierman	15m	HYPEUSD	repaint	93	0.016	0.4	0.59	17	0.126	5	-0.356	0	0.59	0.32	0.14	0.27	0 of 93 earlier entries changed when the last 60 bars were hidden (0%)
ai-predictive-flow-zeiierman	15m	HYPEUSD	verdict	22	0.016	0.4	0.59	17	0.126	5	-0.356	0	0.59	0.32	0.14	0.27	no variant pays in both halves → not a reading, exit or cost problem on this cell; re-time or retire the pair
ai-predictive-flow-zeiierman	1h	BTCUSD	base	27	0.041	1.1	0.74	15	0.075	12	-0.001	0	0.74	0.22	0.07	0.04	
ai-predictive-flow-zeiierman	1h	BTCUSD	gross	44	0.264	11.6	0.80	20	0.241	24	0.283	1	0.80	0.27	0.07	0.07	
ai-predictive-flow-zeiierman	1h	BTCUSD	stop1.5	36	0.079	2.8	0.83	19	0.060	17	0.099	1	0.83	0.14	0.00	0.03	
ai-predictive-flow-zeiierman	1h	BTCUSD	stop2	41	0.023	0.9	0.76	20	-0.028	21	0.071	0	0.76	0.10	0.02	0.02	
ai-predictive-flow-zeiierman	1h	BTCUSD	tp1	27	0.061	1.7	0.63	15	0.238	12	-0.160	0	0.52	0.00	0.00	0.04	
ai-predictive-flow-zeiierman	1h	BTCUSD	levels	27	0.041	1.1	0.74	15	0.075	12	-0.001	0	0.74	0.22	0.07	0.04	
ai-predictive-flow-zeiierman	1h	BTCUSD	er0.25	11	0.190	2.1	0.73	8	0.340	3	-0.211	0	0.73	0.45	0.18	0.00	
ai-predictive-flow-zeiierman	1h	BTCUSD	confirm1	15	0.048	0.7	0.87	6	0.279	9	-0.106	0	0.87	0.07	0.00	0.00	
ai-predictive-flow-zeiierman	1h	BTCUSD	er+stop1.5	19	0.179	3.4	0.89	12	0.207	7	0.130	1	0.89	0.16	0.00	0.05	
ai-predictive-flow-zeiierman	1h	BTCUSD	er+stop2	21	0.143	3.0	0.90	12	0.164	9	0.116	1	0.90	0.14	0.00	0.05	
ai-predictive-flow-zeiierman	1h	BTCUSD	confirm1+er	7	0.032	0.2	0.86	4	0.231	3	-0.233	0	0.86	0.00	0.00	0.00	
ai-predictive-flow-zeiierman	1h	BTCUSD	inverted	27	-0.419	-11.3	0.48	15	-0.516	12	-0.297	0	0.48	0.07	0.00	0.15	
ai-predictive-flow-zeiierman	1h	BTCUSD	long	27	0.041	1.1	0.74	15	0.075	12	-0.001	0	0.74	0.22	0.07	0.04	
ai-predictive-flow-zeiierman	1h	BTCUSD	short	0	0.000	0.0	0.00	0	0.000	0	0.000	0	0.00	0.00	0.00	0.00	
ai-predictive-flow-zeiierman	1h	BTCUSD	label:alertcondition:Background Turned Bullish	27	0.041	1.1	0.74	15	0.075	12	-0.001	0	0.74	0.22	0.07	0.04	
ai-predictive-flow-zeiierman	1h	BTCUSD	repaint	44	0.041	1.1	0.74	15	0.075	12	-0.001	0	0.74	0.22	0.07	0.04	0 of 44 earlier entries changed when the last 60 bars were hidden (0%)
ai-predictive-flow-zeiierman	1h	BTCUSD	verdict	27	0.041	1.1	0.74	15	0.075	12	-0.001	0	0.74	0.22	0.07	0.04	COSTS: positive before fees, negative after → a slower timeframe or a wider stop/target so each trade pays the round trip several times over
ai-predictive-flow-zeiierman	1h	ETHUSD	base	35	0.147	5.1	0.74	17	-0.130	18	0.409	0	0.74	0.31	0.11	0.03	
ai-predictive-flow-zeiierman	1h	ETHUSD	gross	43	0.238	10.2	0.72	18	-0.069	25	0.459	0	0.72	0.30	0.09	0.05	
ai-predictive-flow-zeiierman	1h	ETHUSD	stop1.5	41	0.044	1.8	0.73	18	-0.162	23	0.205	0	0.73	0.20	0.05	0.02	
ai-predictive-flow-zeiierman	1h	ETHUSD	stop2	43	0.102	4.4	0.79	18	-0.108	25	0.252	0	0.79	0.21	0.05	0.02	
ai-predictive-flow-zeiierman	1h	ETHUSD	tp1	35	0.132	4.6	0.66	17	0.023	18	0.236	1	0.54	0.00	0.00	0.03	
ai-predictive-flow-zeiierman	1h	ETHUSD	levels	35	0.147	5.1	0.74	17	-0.130	18	0.409	0	0.74	0.31	0.11	0.03	
ai-predictive-flow-zeiierman	1h	ETHUSD	er0.25	16	0.197	3.2	0.75	7	-0.274	9	0.564	0	0.75	0.31	0.13	0.06	
ai-predictive-flow-zeiierman	1h	ETHUSD	confirm1	19	-0.215	-4.1	0.58	7	-0.283	12	-0.176	0	0.58	0.16	0.05	0.21	
ai-predictive-flow-zeiierman	1h	ETHUSD	er+stop1.5	21	0.133	2.8	0.81	8	-0.345	13	0.428	0	0.81	0.24	0.05	0.05	
ai-predictive-flow-zeiierman	1h	ETHUSD	er+stop2	22	0.189	4.2	0.86	8	-0.180	14	0.400	0	0.86	0.23	0.05	0.05	
ai-predictive-flow-zeiierman	1h	ETHUSD	confirm1+er	9	-0.041	-0.4	0.67	3	-0.168	6	0.022	0	0.67	0.33	0.11	0.22	
ai-predictive-flow-zeiierman	1h	ETHUSD	inverted	35	-0.391	-13.7	0.49	17	-0.334	18	-0.445	0	0.49	0.09	0.00	0.29	
ai-predictive-flow-zeiierman	1h	ETHUSD	long	35	0.147	5.1	0.74	17	-0.130	18	0.409	0	0.74	0.31	0.11	0.03	
ai-predictive-flow-zeiierman	1h	ETHUSD	short	0	0.000	0.0	0.00	0	0.000	0	0.000	0	0.00	0.00	0.00	0.00	
ai-predictive-flow-zeiierman	1h	ETHUSD	label:alertcondition:Background Turned Bullish	35	0.147	5.1	0.74	17	-0.130	18	0.409	0	0.74	0.31	0.11	0.03	
ai-predictive-flow-zeiierman	1h	ETHUSD	repaint	43	0.147	5.1	0.74	17	-0.130	18	0.409	0	0.74	0.31	0.11	0.03	0 of 43 earlier entries changed when the last 60 bars were hidden (0%)
ai-predictive-flow-zeiierman	1h	ETHUSD	verdict	35	0.147	5.1	0.74	17	-0.130	18	0.409	0	0.74	0.31	0.11	0.03	no variant pays in both halves → not a reading, exit or cost problem on this cell; re-time or retire the pair
ai-predictive-flow-zeiierman	1h	SOLUSD	base	38	-0.151	-5.7	0.61	18	-0.302	20	-0.015	0	0.61	0.18	0.03	0.24	
ai-predictive-flow-zeiierman	1h	SOLUSD	gross	43	-0.052	-2.2	0.60	19	-0.267	24	0.118	0	0.60	0.19	0.02	0.26	
ai-predictive-flow-zeiierman	1h	SOLUSD	stop1.5	42	-0.066	-2.8	0.71	19	-0.178	23	0.027	0	0.71	0.02	0.02	0.07	
ai-predictive-flow-zeiierman	1h	SOLUSD	stop2	43	0.018	0.8	0.74	19	-0.136	24	0.139	0	0.74	0.09	0.02	0.05	
ai-predictive-flow-zeiierman	1h	SOLUSD	tp1	38	-0.216	-8.2	0.45	18	-0.308	20	-0.134	0	0.55	0.00	0.00	0.24	
ai-predictive-flow-zeiierman	1h	SOLUSD	levels	38	-0.151	-5.7	0.61	18	-0.302	20	-0.015	0	0.61	0.18	0.03	0.24	
ai-predictive-flow-zeiierman	1h	SOLUSD	er0.25	19	-0.117	-2.2	0.58	11	-0.465	8	0.360	0	0.58	0.32	0.05	0.32	
ai-predictive-flow-zeiierman	1h	SOLUSD	confirm1	19	-0.028	-0.5	0.74	9	-0.076	10	0.016	0	0.74	0.26	0.00	0.16	
ai-predictive-flow-zeiierman	1h	SOLUSD	er+stop1.5	22	-0.064	-1.4	0.68	11	-0.274	11	0.145	0	0.68	0.05	0.05	0.14	
ai-predictive-flow-zeiierman	1h	SOLUSD	er+stop2	22	-0.032	-0.7	0.73	11	-0.292	11	0.229	0	0.73	0.05	0.05	0.09	
ai-predictive-flow-zeiierman	1h	SOLUSD	confirm1+er	11	0.077	0.9	0.82	4	0.048	7	0.094	0	0.82	0.36	0.00	0.09	
ai-predictive-flow-zeiierman	1h	SOLUSD	inverted	38	0.019	0.7	0.76	18	0.080	20	-0.036	0	0.76	0.26	0.00	0.03	
ai-predictive-flow-zeiierman	1h	SOLUSD	long	38	-0.151	-5.7	0.61	18	-0.302	20	-0.015	0	0.61	0.18	0.03	0.24	
ai-predictive-flow-zeiierman	1h	SOLUSD	short	0	0.000	0.0	0.00	0	0.000	0	0.000	0	0.00	0.00	0.00	0.00	
ai-predictive-flow-zeiierman	1h	SOLUSD	label:alertcondition:Background Turned Bullish	38	-0.151	-5.7	0.61	18	-0.302	20	-0.015	0	0.61	0.18	0.03	0.24	
ai-predictive-flow-zeiierman	1h	SOLUSD	repaint	43	-0.151	-5.7	0.61	18	-0.302	20	-0.015	0	0.61	0.18	0.03	0.24	0 of 43 earlier entries changed when the last 60 bars were hidden (0%)
ai-predictive-flow-zeiierman	1h	SOLUSD	verdict	38	-0.151	-5.7	0.61	18	-0.302	20	-0.015	0	0.61	0.18	0.03	0.24	no variant pays in both halves → not a reading, exit or cost problem on this cell; re-time or retire the pair
ai-predictive-flow-zeiierman	1h	XRPUSD	base	37	0.126	4.7	0.84	20	0.198	17	0.041	1	0.84	0.24	0.05	0.05	
ai-predictive-flow-zeiierman	1h	XRPUSD	gross	45	0.275	12.4	0.84	21	0.363	24	0.198	1	0.84	0.22	0.04	0.04	
ai-predictive-flow-zeiierman	1h	XRPUSD	stop1.5	44	0.097	4.3	0.84	21	0.203	23	0.000	1	0.84	0.09	0.05	0.00	
ai-predictive-flow-zeiierman	1h	XRPUSD	stop2	45	-0.005	-0.2	0.76	21	0.063	24	-0.064	0	0.76	0.07	0.02	0.00	
ai-predictive-flow-zeiierman	1h	XRPUSD	tp1	37	0.162	6.0	0.68	20	0.379	17	-0.093	0	0.68	0.00	0.00	0.05	
ai-predictive-flow-zeiierman	1h	XRPUSD	levels	37	0.126	4.7	0.84	20	0.198	17	0.041	1	0.84	0.24	0.05	0.05	
ai-predictive-flow-zeiierman	1h	XRPUSD	er0.25	25	0.103	2.6	0.80	14	0.239	11	-0.070	0	0.80	0.24	0.08	0.08	
ai-predictive-flow-zeiierman	1h	XRPUSD	confirm1	17	-0.201	-3.4	0.65	10	-0.138	7	-0.291	0	0.65	0.00	0.00	0.06	
ai-predictive-flow-zeiierman	1h	XRPUSD	er+stop1.5	28	0.145	4.0	0.86	14	0.343	14	-0.054	0	0.86	0.11	0.07	0.00	
ai-predictive-flow-zeiierman	1h	XRPUSD	er+stop2	28	0.011	0.3	0.75	14	0.129	14	-0.107	0	0.75	0.11	0.04	0.00	
ai-predictive-flow-zeiierman	1h	XRPUSD	confirm1+er	10	-0.105	-1.0	0.70	7	0.074	3	-0.520	0	0.70	0.00	0.00	0.10	
ai-predictive-flow-zeiierman	1h	XRPUSD	inverted	37	-0.223	-8.3	0.59	20	-0.401	17	-0.015	0	0.59	0.16	0.05	0.14	
ai-predictive-flow-zeiierman	1h	XRPUSD	long	37	0.126	4.7	0.84	20	0.198	17	0.041	1	0.84	0.24	0.05	0.05	
ai-predictive-flow-zeiierman	1h	XRPUSD	short	0	0.000	0.0	0.00	0	0.000	0	0.000	0	0.00	0.00	0.00	0.00	
ai-predictive-flow-zeiierman	1h	XRPUSD	label:alertcondition:Background Turned Bullish	37	0.126	4.7	0.84	20	0.198	17	0.041	1	0.84	0.24	0.05	0.05	
ai-predictive-flow-zeiierman	1h	XRPUSD	repaint	45	0.126	4.7	0.84	20	0.198	17	0.041	1	0.84	0.24	0.05	0.05	0 of 45 earlier entries changed when the last 60 bars were hidden (0%)
ai-predictive-flow-zeiierman	1h	XRPUSD	verdict	37	0.126	4.7	0.84	20	0.198	17	0.041	1	0.84	0.24	0.05	0.05	pays as read → nothing to fix; measure in shadow
ai-predictive-flow-zeiierman	1h	BNBUSD	base	20	-0.151	-3.0	0.60	10	0.084	10	-0.386	0	0.60	0.15	0.10	0.05	
ai-predictive-flow-zeiierman	1h	BNBUSD	gross	39	0.101	3.9	0.69	15	0.255	24	0.004	1	0.69	0.23	0.08	0.05	
ai-predictive-flow-zeiierman	1h	BNBUSD	stop1.5	32	-0.001	-0.0	0.75	13	-0.031	19	0.020	0	0.75	0.16	0.03	0.03	
ai-predictive-flow-zeiierman	1h	BNBUSD	stop2	38	-0.011	-0.4	0.74	14	-0.122	24	0.054	0	0.74	0.21	0.00	0.00	
ai-predictive-flow-zeiierman	1h	BNBUSD	tp1	20	-0.252	-5.0	0.45	10	-0.006	10	-0.499	0	0.60	0.00	0.00	0.15	
ai-predictive-flow-zeiierman	1h	BNBUSD	levels	20	-0.151	-3.0	0.60	10	0.084	10	-0.386	0	0.60	0.15	0.10	0.05	
ai-predictive-flow-zeiierman	1h	BNBUSD	er0.25	8	-0.344	-2.8	0.50	4	-0.311	4	-0.378	0	0.50	0.13	0.00	0.00	
ai-predictive-flow-zeiierman	1h	BNBUSD	confirm1	10	-0.327	-3.3	0.50	6	-0.354	4	-0.287	0	0.50	0.20	0.00	0.10	
ai-predictive-flow-zeiierman	1h	BNBUSD	er+stop1.5	16	-0.005	-0.1	0.75	7	-0.273	9	0.204	0	0.75	0.13	0.00	0.00	
ai-predictive-flow-zeiierman	1h	BNBUSD	er+stop2	20	-0.095	-1.9	0.70	7	-0.274	13	0.002	0	0.70	0.15	0.00	0.00	
ai-predictive-flow-zeiierman	1h	BNBUSD	confirm1+er	4	-0.694	-2.8	0.25	3	-0.593	1	-1.000	0	0.25	0.00	0.00	0.25	
ai-predictive-flow-zeiierman	1h	BNBUSD	inverted	20	-0.022	-0.4	0.70	10	-0.244	10	0.200	0	0.70	0.25	0.05	0.15	
ai-predictive-flow-zeiierman	1h	BNBUSD	long	20	-0.151	-3.0	0.60	10	0.084	10	-0.386	0	0.60	0.15	0.10	0.05	
ai-predictive-flow-zeiierman	1h	BNBUSD	short	0	0.000	0.0	0.00	0	0.000	0	0.000	0	0.00	0.00	0.00	0.00	
ai-predictive-flow-zeiierman	1h	BNBUSD	label:alertcondition:Background Turned Bullish	20	-0.151	-3.0	0.60	10	0.084	10	-0.386	0	0.60	0.15	0.10	0.05	
ai-predictive-flow-zeiierman	1h	BNBUSD	repaint	39	-0.151	-3.0	0.60	10	0.084	10	-0.386	0	0.60	0.15	0.10	0.05	0 of 39 earlier entries changed when the last 60 bars were hidden (0%)
ai-predictive-flow-zeiierman	1h	BNBUSD	verdict	20	-0.151	-3.0	0.60	10	0.084	10	-0.386	0	0.60	0.15	0.10	0.05	COSTS: positive before fees, negative after → a slower timeframe or a wider stop/target so each trade pays the round trip several times over
ai-predictive-flow-zeiierman	1h	DOGEUSD	base	40	-0.148	-5.9	0.60	19	-0.188	21	-0.112	0	0.60	0.20	0.05	0.23	
ai-predictive-flow-zeiierman	1h	DOGEUSD	gross	43	-0.006	-0.3	0.60	19	-0.097	24	0.066	0	0.60	0.23	0.07	0.21	
ai-predictive-flow-zeiierman	1h	DOGEUSD	stop1.5	43	-0.112	-4.8	0.65	19	-0.172	24	-0.065	0	0.65	0.16	0.02	0.07	
ai-predictive-flow-zeiierman	1h	DOGEUSD	stop2	43	-0.181	-7.8	0.58	19	-0.352	24	-0.046	0	0.58	0.14	0.00	0.00	
ai-predictive-flow-zeiierman	1h	DOGEUSD	tp1	40	-0.175	-7.0	0.47	19	-0.429	21	0.054	0	0.47	0.00	0.00	0.25	
ai-predictive-flow-zeiierman	1h	DOGEUSD	levels	40	-0.148	-5.9	0.60	19	-0.188	21	-0.112	0	0.60	0.20	0.05	0.23	
ai-predictive-flow-zeiierman	1h	DOGEUSD	er0.25	22	-0.043	-0.9	0.68	11	-0.238	11	0.153	0	0.68	0.27	0.05	0.18	
ai-predictive-flow-zeiierman	1h	DOGEUSD	confirm1	15	-0.081	-1.2	0.67	8	-0.209	7	0.065	0	0.67	0.13	0.07	0.00	
ai-predictive-flow-zeiierman	1h	DOGEUSD	er+stop1.5	23	-0.064	-1.5	0.70	11	-0.287	12	0.140	0	0.70	0.13	0.00	0.04	
ai-predictive-flow-zeiierman	1h	DOGEUSD	er+stop2	23	-0.305	-7.0	0.52	11	-0.631	12	-0.006	0	0.52	0.04	0.00	0.00	
ai-predictive-flow-zeiierman	1h	DOGEUSD	confirm1+er	9	-0.196	-1.8	0.67	5	-0.528	4	0.220	0	0.67	0.00	0.00	0.00	
ai-predictive-flow-zeiierman	1h	DOGEUSD	inverted	40	-0.004	-0.1	0.72	19	0.055	21	-0.057	0	0.72	0.23	0.03	0.15	
ai-predictive-flow-zeiierman	1h	DOGEUSD	long	40	-0.148	-5.9	0.60	19	-0.188	21	-0.112	0	0.60	0.20	0.05	0.23	
ai-predictive-flow-zeiierman	1h	DOGEUSD	short	0	0.000	0.0	0.00	0	0.000	0	0.000	0	0.00	0.00	0.00	0.00	
ai-predictive-flow-zeiierman	1h	DOGEUSD	label:alertcondition:Background Turned Bullish	40	-0.148	-5.9	0.60	19	-0.188	21	-0.112	0	0.60	0.20	0.05	0.23	
ai-predictive-flow-zeiierman	1h	DOGEUSD	repaint	43	-0.148	-5.9	0.60	19	-0.188	21	-0.112	0	0.60	0.20	0.05	0.23	0 of 43 earlier entries changed when the last 60 bars were hidden (0%)
ai-predictive-flow-zeiierman	1h	DOGEUSD	verdict	40	-0.148	-5.9	0.60	19	-0.188	21	-0.112	0	0.60	0.20	0.05	0.23	no variant pays in both halves → not a reading, exit or cost problem on this cell; re-time or retire the pair
ai-predictive-flow-zeiierman	1h	ADAUSD	base	44	0.073	3.2	0.68	21	-0.231	23	0.350	0	0.68	0.20	0.07	0.11	
ai-predictive-flow-zeiierman	1h	ADAUSD	gross	44	0.179	7.9	0.68	21	-0.152	23	0.482	0	0.68	0.20	0.07	0.11	
ai-predictive-flow-zeiierman	1h	ADAUSD	stop1.5	44	-0.113	-5.0	0.59	21	-0.267	23	0.027	0	0.59	0.11	0.05	0.05	
ai-predictive-flow-zeiierman	1h	ADAUSD	stop2	43	-0.064	-2.7	0.65	20	-0.077	23	-0.052	0	0.65	0.09	0.02	0.00	
ai-predictive-flow-zeiierman	1h	ADAUSD	tp1	44	-0.142	-6.2	0.48	21	-0.322	23	0.023	0	0.57	0.00	0.00	0.11	
ai-predictive-flow-zeiierman	1h	ADAUSD	levels	44	0.073	3.2	0.68	21	-0.231	23	0.350	0	0.68	0.20	0.07	0.11	
ai-predictive-flow-zeiierman	1h	ADAUSD	er0.25	20	0.334	6.7	0.70	8	-0.141	12	0.650	0	0.70	0.35	0.15	0.15	
ai-predictive-flow-zeiierman	1h	ADAUSD	confirm1	24	-0.184	-4.4	0.46	11	-0.296	13	-0.089	0	0.46	0.17	0.04	0.33	
ai-predictive-flow-zeiierman	1h	ADAUSD	er+stop1.5	20	0.173	3.5	0.70	8	-0.177	12	0.406	0	0.70	0.25	0.10	0.05	
ai-predictive-flow-zeiierman	1h	ADAUSD	er+stop2	20	0.165	3.3	0.75	8	-0.012	12	0.283	0	0.75	0.20	0.05	0.00	
ai-predictive-flow-zeiierman	1h	ADAUSD	confirm1+er	14	0.141	2.0	0.57	6	-0.312	8	0.480	0	0.57	0.29	0.07	0.29	
ai-predictive-flow-zeiierman	1h	ADAUSD	inverted	44	-0.086	-3.8	0.68	21	-0.078	23	-0.094	0	0.68	0.14	0.02	0.23	
ai-predictive-flow-zeiierman	1h	ADAUSD	long	44	0.073	3.2	0.68	21	-0.231	23	0.350	0	0.68	0.20	0.07	0.11	
ai-predictive-flow-zeiierman	1h	ADAUSD	short	0	0.000	0.0	0.00	0	0.000	0	0.000	0	0.00	0.00	0.00	0.00	
ai-predictive-flow-zeiierman	1h	ADAUSD	label:alertcondition:Background Turned Bullish	44	0.073	3.2	0.68	21	-0.231	23	0.350	0	0.68	0.20	0.07	0.11	
ai-predictive-flow-zeiierman	1h	ADAUSD	repaint	44	0.073	3.2	0.68	21	-0.231	23	0.350	0	0.68	0.20	0.07	0.11	0 of 44 earlier entries changed when the last 60 bars were hidden (0%)
ai-predictive-flow-zeiierman	1h	ADAUSD	verdict	44	0.073	3.2	0.68	21	-0.231	23	0.350	0	0.68	0.20	0.07	0.11	no variant pays in both halves → not a reading, exit or cost problem on this cell; re-time or retire the pair
ai-predictive-flow-zeiierman	1h	AVAXUSD	base	52	-0.018	-1.0	0.71	26	-0.043	26	0.006	0	0.71	0.21	0.02	0.10	
ai-predictive-flow-zeiierman	1h	AVAXUSD	gross	53	0.109	5.8	0.72	26	0.056	27	0.159	1	0.72	0.23	0.02	0.09	
ai-predictive-flow-zeiierman	1h	AVAXUSD	stop1.5	53	-0.167	-8.9	0.58	26	-0.270	27	-0.069	0	0.58	0.21	0.02	0.02	
ai-predictive-flow-zeiierman	1h	AVAXUSD	stop2	53	-0.138	-7.3	0.60	26	-0.181	27	-0.097	0	0.60	0.09	0.02	0.02	
ai-predictive-flow-zeiierman	1h	AVAXUSD	tp1	52	-0.123	-6.4	0.50	26	-0.176	26	-0.071	0	0.62	0.00	0.00	0.10	
ai-predictive-flow-zeiierman	1h	AVAXUSD	levels	52	-0.018	-1.0	0.71	26	-0.043	26	0.006	0	0.71	0.21	0.02	0.10	
ai-predictive-flow-zeiierman	1h	AVAXUSD	er0.25	24	0.182	4.4	0.83	15	0.162	9	0.217	1	0.83	0.25	0.04	0.08	
ai-predictive-flow-zeiierman	1h	AVAXUSD	confirm1	23	0.115	2.6	0.70	11	-0.153	12	0.361	0	0.70	0.26	0.04	0.09	
ai-predictive-flow-zeiierman	1h	AVAXUSD	er+stop1.5	24	-0.093	-2.2	0.63	15	-0.149	9	0.001	0	0.63	0.25	0.04	0.00	
ai-predictive-flow-zeiierman	1h	AVAXUSD	er+stop2	24	-0.151	-3.6	0.58	15	-0.184	9	-0.097	0	0.58	0.08	0.04	0.00	
ai-predictive-flow-zeiierman	1h	AVAXUSD	confirm1+er	13	0.253	3.3	0.69	8	-0.330	5	1.186	0	0.69	0.23	0.08	0.08	
ai-predictive-flow-zeiierman	1h	AVAXUSD	inverted	52	-0.008	-0.4	0.71	26	0.020	26	-0.037	0	0.71	0.19	0.04	0.13	
ai-predictive-flow-zeiierman	1h	AVAXUSD	long	52	-0.018	-1.0	0.71	26	-0.043	26	0.006	0	0.71	0.21	0.02	0.10	
ai-predictive-flow-zeiierman	1h	AVAXUSD	short	0	0.000	0.0	0.00	0	0.000	0	0.000	0	0.00	0.00	0.00	0.00	
ai-predictive-flow-zeiierman	1h	AVAXUSD	label:alertcondition:Background Turned Bullish	52	-0.018	-1.0	0.71	26	-0.043	26	0.006	0	0.71	0.21	0.02	0.10	
ai-predictive-flow-zeiierman	1h	AVAXUSD	repaint	53	-0.018	-1.0	0.71	26	-0.043	26	0.006	0	0.71	0.21	0.02	0.10	0 of 53 earlier entries changed when the last 60 bars were hidden (0%)
ai-predictive-flow-zeiierman	1h	AVAXUSD	verdict	52	-0.018	-1.0	0.71	26	-0.043	26	0.006	0	0.71	0.21	0.02	0.10	COSTS: positive before fees, negative after → a slower timeframe or a wider stop/target so each trade pays the round trip several times over
ai-predictive-flow-zeiierman	1h	LTCUSD	base	38	-0.150	-5.7	0.58	20	-0.275	18	-0.012	0	0.58	0.18	0.08	0.24	
ai-predictive-flow-zeiierman	1h	LTCUSD	gross	46	-0.024	-1.1	0.61	21	-0.212	25	0.135	0	0.61	0.17	0.07	0.20	
ai-predictive-flow-zeiierman	1h	LTCUSD	stop1.5	44	-0.218	-9.6	0.59	21	-0.296	23	-0.147	0	0.59	0.09	0.02	0.11	
ai-predictive-flow-zeiierman	1h	LTCUSD	stop2	46	-0.153	-7.1	0.61	21	-0.232	25	-0.087	0	0.61	0.17	0.02	0.09	
ai-predictive-flow-zeiierman	1h	LTCUSD	tp1	38	-0.271	-10.3	0.42	20	-0.396	18	-0.131	0	0.47	0.00	0.00	0.26	
ai-predictive-flow-zeiierman	1h	LTCUSD	levels	38	-0.150	-5.7	0.58	20	-0.275	18	-0.012	0	0.58	0.18	0.08	0.24	
ai-predictive-flow-zeiierman	1h	LTCUSD	er0.25	18	-0.285	-5.1	0.50	9	-0.414	9	-0.156	0	0.50	0.28	0.06	0.28	
ai-predictive-flow-zeiierman	1h	LTCUSD	confirm1	17	-0.272	-4.6	0.53	10	-0.649	7	0.266	0	0.53	0.18	0.00	0.29	
ai-predictive-flow-zeiierman	1h	LTCUSD	er+stop1.5	21	-0.208	-4.4	0.62	9	-0.440	12	-0.034	0	0.62	0.10	0.00	0.10	
ai-predictive-flow-zeiierman	1h	LTCUSD	er+stop2	22	-0.128	-2.8	0.64	9	-0.294	13	-0.013	0	0.64	0.18	0.05	0.05	
ai-predictive-flow-zeiierman	1h	LTCUSD	confirm1+er	8	-0.129	-1.0	0.63	5	-0.559	3	0.586	0	0.63	0.25	0.00	0.25	
ai-predictive-flow-zeiierman	1h	LTCUSD	inverted	38	0.023	0.9	0.74	20	0.091	18	-0.053	0	0.74	0.26	0.05	0.13	
ai-predictive-flow-zeiierman	1h	LTCUSD	long	38	-0.150	-5.7	0.58	20	-0.275	18	-0.012	0	0.58	0.18	0.08	0.24	
ai-predictive-flow-zeiierman	1h	LTCUSD	short	0	0.000	0.0	0.00	0	0.000	0	0.000	0	0.00	0.00	0.00	0.00	
ai-predictive-flow-zeiierman	1h	LTCUSD	label:alertcondition:Background Turned Bullish	38	-0.150	-5.7	0.58	20	-0.275	18	-0.012	0	0.58	0.18	0.08	0.24	
ai-predictive-flow-zeiierman	1h	LTCUSD	repaint	46	-0.150	-5.7	0.58	20	-0.275	18	-0.012	0	0.58	0.18	0.08	0.24	0 of 46 earlier entries changed when the last 60 bars were hidden (0%)
ai-predictive-flow-zeiierman	1h	LTCUSD	verdict	38	-0.150	-5.7	0.58	20	-0.275	18	-0.012	0	0.58	0.18	0.08	0.24	no variant pays in both halves → not a reading, exit or cost problem on this cell; re-time or retire the pair
ai-predictive-flow-zeiierman	1h	BCHUSD	base	40	-0.125	-5.0	0.60	18	-0.267	22	-0.009	0	0.60	0.15	0.05	0.17	
ai-predictive-flow-zeiierman	1h	BCHUSD	gross	46	-0.029	-1.3	0.59	21	-0.242	25	0.150	0	0.59	0.15	0.07	0.20	
ai-predictive-flow-zeiierman	1h	BCHUSD	stop1.5	46	-0.021	-1.0	0.65	21	-0.285	25	0.201	0	0.65	0.20	0.07	0.04	
ai-predictive-flow-zeiierman	1h	BCHUSD	stop2	46	-0.048	-2.2	0.61	21	-0.330	25	0.189	0	0.61	0.15	0.07	0.02	
ai-predictive-flow-zeiierman	1h	BCHUSD	tp1	40	-0.255	-10.2	0.42	18	-0.403	22	-0.134	0	0.53	0.00	0.00	0.17	
ai-predictive-flow-zeiierman	1h	BCHUSD	levels	40	-0.125	-5.0	0.60	18	-0.267	22	-0.009	0	0.60	0.15	0.05	0.17	
ai-predictive-flow-zeiierman	1h	BCHUSD	er0.25	21	0.010	0.2	0.71	8	-0.019	13	0.028	0	0.71	0.19	0.05	0.10	
ai-predictive-flow-zeiierman	1h	BCHUSD	confirm1	22	-0.169	-3.7	0.59	10	-0.059	12	-0.261	0	0.59	0.14	0.05	0.14	
ai-predictive-flow-zeiierman	1h	BCHUSD	er+stop1.5	22	0.142	3.1	0.77	8	-0.032	14	0.241	0	0.77	0.27	0.09	0.00	
ai-predictive-flow-zeiierman	1h	BCHUSD	er+stop2	22	0.199	4.4	0.77	8	-0.194	14	0.423	0	0.77	0.18	0.09	0.00	
ai-predictive-flow-zeiierman	1h	BCHUSD	confirm1+er	13	-0.328	-4.3	0.54	5	-0.509	8	-0.216	0	0.54	0.00	0.00	0.23	
ai-predictive-flow-zeiierman	1h	BCHUSD	inverted	40	0.041	1.6	0.70	18	0.087	22	0.003	1	0.70	0.28	0.07	0.15	
ai-predictive-flow-zeiierman	1h	BCHUSD	long	40	-0.125	-5.0	0.60	18	-0.267	22	-0.009	0	0.60	0.15	0.05	0.17	
ai-predictive-flow-zeiierman	1h	BCHUSD	short	0	0.000	0.0	0.00	0	0.000	0	0.000	0	0.00	0.00	0.00	0.00	
ai-predictive-flow-zeiierman	1h	BCHUSD	label:alertcondition:Background Turned Bullish	40	-0.125	-5.0	0.60	18	-0.267	22	-0.009	0	0.60	0.15	0.05	0.17	
ai-predictive-flow-zeiierman	1h	BCHUSD	repaint	46	-0.125	-5.0	0.60	18	-0.267	22	-0.009	0	0.60	0.15	0.05	0.17	0 of 46 earlier entries changed when the last 60 bars were hidden (0%)
ai-predictive-flow-zeiierman	1h	BCHUSD	verdict	40	-0.125	-5.0	0.60	18	-0.267	22	-0.009	0	0.60	0.15	0.05	0.17	no variant pays in both halves → not a reading, exit or cost problem on this cell; re-time or retire the pair
ai-predictive-flow-zeiierman	1h	LINKUSD	base	43	-0.187	-8.0	0.49	20	-0.498	23	0.084	0	0.49	0.21	0.14	0.23	
ai-predictive-flow-zeiierman	1h	LINKUSD	gross	45	-0.105	-4.7	0.49	21	-0.405	24	0.158	0	0.49	0.20	0.13	0.24	
ai-predictive-flow-zeiierman	1h	LINKUSD	stop1.5	45	-0.015	-0.7	0.64	21	-0.275	24	0.213	0	0.64	0.24	0.07	0.09	
ai-predictive-flow-zeiierman	1h	LINKUSD	stop2	45	-0.079	-3.6	0.62	21	-0.303	24	0.116	0	0.62	0.22	0.02	0.04	
ai-predictive-flow-zeiierman	1h	LINKUSD	tp1	43	-0.303	-13.0	0.40	20	-0.554	23	-0.084	0	0.42	0.00	0.00	0.23	
ai-predictive-flow-zeiierman	1h	LINKUSD	levels	43	-0.187	-8.0	0.49	20	-0.498	23	0.084	0	0.49	0.21	0.14	0.23	
ai-predictive-flow-zeiierman	1h	LINKUSD	er0.25	25	-0.061	-1.5	0.52	12	-0.457	13	0.306	0	0.52	0.24	0.20	0.12	
ai-predictive-flow-zeiierman	1h	LINKUSD	confirm1	16	-0.023	-0.4	0.69	4	-0.240	12	0.050	0	0.69	0.19	0.06	0.19	
ai-predictive-flow-zeiierman	1h	LINKUSD	er+stop1.5	26	0.120	3.1	0.69	12	-0.086	14	0.297	0	0.69	0.31	0.12	0.00	
ai-predictive-flow-zeiierman	1h	LINKUSD	er+stop2	26	0.135	3.5	0.73	12	-0.111	14	0.346	0	0.73	0.31	0.04	0.00	
ai-predictive-flow-zeiierman	1h	LINKUSD	confirm1+er	10	0.139	1.4	0.80	2	0.520	8	0.044	0	0.80	0.20	0.00	0.20	
ai-predictive-flow-zeiierman	1h	LINKUSD	inverted	43	0.105	4.5	0.74	20	0.242	23	-0.013	0	0.74	0.30	0.12	0.14	
ai-predictive-flow-zeiierman	1h	LINKUSD	long	43	-0.187	-8.0	0.49	20	-0.498	23	0.084	0	0.49	0.21	0.14	0.23	
ai-predictive-flow-zeiierman	1h	LINKUSD	short	0	0.000	0.0	0.00	0	0.000	0	0.000	0	0.00	0.00	0.00	0.00	
ai-predictive-flow-zeiierman	1h	LINKUSD	label:alertcondition:Background Turned Bullish	43	-0.187	-8.0	0.49	20	-0.498	23	0.084	0	0.49	0.21	0.14	0.23	
ai-predictive-flow-zeiierman	1h	LINKUSD	repaint	44	-0.187	-8.0	0.49	20	-0.498	23	0.084	0	0.49	0.21	0.14	0.23	0 of 44 earlier entries changed when the last 60 bars were hidden (0%)
ai-predictive-flow-zeiierman	1h	LINKUSD	verdict	43	-0.187	-8.0	0.49	20	-0.498	23	0.084	0	0.49	0.21	0.14	0.23	no variant pays in both halves → not a reading, exit or cost problem on this cell; re-time or retire the pair
ai-predictive-flow-zeiierman	1h	SUIUSD	base	39	-0.321	-12.5	0.46	20	-0.254	19	-0.391	0	0.46	0.13	0.05	0.28	
ai-predictive-flow-zeiierman	1h	SUIUSD	gross	46	-0.270	-12.4	0.46	21	-0.154	25	-0.368	0	0.46	0.13	0.04	0.26	
ai-predictive-flow-zeiierman	1h	SUIUSD	stop1.5	45	-0.180	-8.1	0.51	21	-0.273	24	-0.099	0	0.51	0.20	0.04	0.09	
ai-predictive-flow-zeiierman	1h	SUIUSD	stop2	46	-0.218	-10.1	0.50	21	-0.073	25	-0.340	0	0.50	0.15	0.04	0.04	
ai-predictive-flow-zeiierman	1h	SUIUSD	tp1	39	-0.402	-15.7	0.33	20	-0.372	19	-0.433	0	0.36	0.00	0.00	0.28	
ai-predictive-flow-zeiierman	1h	SUIUSD	levels	39	-0.321	-12.5	0.46	20	-0.254	19	-0.391	0	0.46	0.13	0.05	0.28	
ai-predictive-flow-zeiierman	1h	SUIUSD	er0.25	19	-0.059	-1.1	0.63	11	0.110	8	-0.290	0	0.63	0.16	0.11	0.21	
ai-predictive-flow-zeiierman	1h	SUIUSD	confirm1	16	-0.102	-1.6	0.56	8	-0.115	8	-0.089	0	0.56	0.31	0.06	0.06	
ai-predictive-flow-zeiierman	1h	SUIUSD	er+stop1.5	22	0.112	2.5	0.64	11	0.036	11	0.187	1	0.64	0.27	0.09	0.05	
ai-predictive-flow-zeiierman	1h	SUIUSD	er+stop2	23	0.018	0.4	0.61	11	0.143	12	-0.097	0	0.61	0.22	0.09	0.00	
ai-predictive-flow-zeiierman	1h	SUIUSD	confirm1+er	10	0.026	0.3	0.60	6	-0.082	4	0.187	0	0.60	0.40	0.10	0.10	
ai-predictive-flow-zeiierman	1h	SUIUSD	inverted	39	0.194	7.6	0.74	20	0.199	19	0.189	1	0.74	0.31	0.13	0.21	
ai-predictive-flow-zeiierman	1h	SUIUSD	long	39	-0.321	-12.5	0.46	20	-0.254	19	-0.391	0	0.46	0.13	0.05	0.28	
ai-predictive-flow-zeiierman	1h	SUIUSD	short	0	0.000	0.0	0.00	0	0.000	0	0.000	0	0.00	0.00	0.00	0.00	
ai-predictive-flow-zeiierman	1h	SUIUSD	label:alertcondition:Background Turned Bullish	39	-0.321	-12.5	0.46	20	-0.254	19	-0.391	0	0.46	0.13	0.05	0.28	
ai-predictive-flow-zeiierman	1h	SUIUSD	repaint	46	-0.321	-12.5	0.46	20	-0.254	19	-0.391	0	0.46	0.13	0.05	0.28	0 of 46 earlier entries changed when the last 60 bars were hidden (0%)
ai-predictive-flow-zeiierman	1h	SUIUSD	verdict	39	-0.321	-12.5	0.46	20	-0.254	19	-0.391	0	0.46	0.13	0.05	0.28	READING: direction inverted → the signals mean the opposite of how they are read (a warning read as an entry, a state read as a flip); invert or restrict the source
ai-predictive-flow-zeiierman	1h	NEARUSD	base	45	0.100	4.5	0.64	21	-0.029	24	0.212	0	0.64	0.33	0.04	0.27	
ai-predictive-flow-zeiierman	1h	NEARUSD	gross	47	0.139	6.5	0.62	22	0.001	25	0.260	1	0.62	0.32	0.04	0.26	
ai-predictive-flow-zeiierman	1h	NEARUSD	stop1.5	47	0.198	9.3	0.74	22	0.039	25	0.339	1	0.74	0.32	0.06	0.13	
ai-predictive-flow-zeiierman	1h	NEARUSD	stop2	47	0.199	9.3	0.79	22	0.046	25	0.333	1	0.79	0.13	0.06	0.02	
ai-predictive-flow-zeiierman	1h	NEARUSD	tp1	45	0.102	4.6	0.60	21	-0.042	24	0.227	0	0.42	0.00	0.00	0.27	
ai-predictive-flow-zeiierman	1h	NEARUSD	levels	45	0.100	4.5	0.64	21	-0.029	24	0.212	0	0.64	0.33	0.04	0.27	
ai-predictive-flow-zeiierman	1h	NEARUSD	er0.25	23	0.161	3.7	0.70	8	0.032	15	0.230	1	0.70	0.39	0.04	0.26	
ai-predictive-flow-zeiierman	1h	NEARUSD	confirm1	20	-0.036	-0.7	0.65	8	-0.415	12	0.217	0	0.65	0.20	0.05	0.20	
ai-predictive-flow-zeiierman	1h	NEARUSD	er+stop1.5	23	0.316	7.3	0.78	8	0.188	15	0.384	1	0.78	0.39	0.09	0.13	
ai-predictive-flow-zeiierman	1h	NEARUSD	er+stop2	23	0.255	5.9	0.83	8	0.080	15	0.349	1	0.83	0.13	0.09	0.00	
ai-predictive-flow-zeiierman	1h	NEARUSD	confirm1+er	10	0.344	3.4	0.90	3	0.005	7	0.489	0	0.90	0.20	0.10	0.00	
ai-predictive-flow-zeiierman	1h	NEARUSD	inverted	45	-0.012	-0.5	0.62	21	0.301	24	-0.286	0	0.62	0.22	0.09	0.24	
ai-predictive-flow-zeiierman	1h	NEARUSD	long	45	0.100	4.5	0.64	21	-0.029	24	0.212	0	0.64	0.33	0.04	0.27	
ai-predictive-flow-zeiierman	1h	NEARUSD	short	0	0.000	0.0	0.00	0	0.000	0	0.000	0	0.00	0.00	0.00	0.00	
ai-predictive-flow-zeiierman	1h	NEARUSD	label:alertcondition:Background Turned Bullish	45	0.100	4.5	0.64	21	-0.029	24	0.212	0	0.64	0.33	0.04	0.27	
ai-predictive-flow-zeiierman	1h	NEARUSD	repaint	46	0.100	4.5	0.64	21	-0.029	24	0.212	0	0.64	0.33	0.04	0.27	0 of 46 earlier entries changed when the last 60 bars were hidden (0%)
ai-predictive-flow-zeiierman	1h	NEARUSD	verdict	45	0.100	4.5	0.64	21	-0.029	24	0.212	0	0.64	0.33	0.04	0.27	COSTS: positive before fees, negative after → a slower timeframe or a wider stop/target so each trade pays the round trip several times over
ai-predictive-flow-zeiierman	1h	HYPEUSD	base	49	0.045	2.2	0.69	23	-0.164	26	0.229	0	0.67	0.18	0.02	0.14	
ai-predictive-flow-zeiierman	1h	HYPEUSD	gross	49	0.155	7.6	0.69	23	-0.096	26	0.377	0	0.67	0.18	0.02	0.14	
ai-predictive-flow-zeiierman	1h	HYPEUSD	stop1.5	49	0.132	6.5	0.78	23	0.121	26	0.141	1	0.78	0.14	0.02	0.04	
ai-predictive-flow-zeiierman	1h	HYPEUSD	stop2	49	0.187	9.2	0.78	23	0.254	26	0.129	1	0.78	0.16	0.02	0.00	
ai-predictive-flow-zeiierman	1h	HYPEUSD	tp1	49	-0.124	-6.1	0.49	23	-0.202	26	-0.055	0	0.65	0.00	0.00	0.16	
ai-predictive-flow-zeiierman	1h	HYPEUSD	levels	49	0.045	2.2	0.69	23	-0.164	26	0.229	0	0.67	0.18	0.02	0.14	
ai-predictive-flow-zeiierman	1h	HYPEUSD	er0.25	30	-0.001	-0.0	0.63	13	-0.414	17	0.315	0	0.60	0.07	0.03	0.20	
ai-predictive-flow-zeiierman	1h	HYPEUSD	confirm1	17	-0.111	-1.9	0.65	7	-0.038	10	-0.162	0	0.65	0.18	0.00	0.18	
ai-predictive-flow-zeiierman	1h	HYPEUSD	er+stop1.5	30	0.173	5.2	0.77	13	0.047	17	0.270	1	0.77	0.13	0.03	0.07	
ai-predictive-flow-zeiierman	1h	HYPEUSD	er+stop2	30	0.247	7.4	0.73	13	0.315	17	0.194	1	0.73	0.27	0.03	0.00	
ai-predictive-flow-zeiierman	1h	HYPEUSD	confirm1+er	10	-0.181	-1.8	0.60	5	-0.171	5	-0.192	0	0.60	0.20	0.00	0.20	
ai-predictive-flow-zeiierman	1h	HYPEUSD	inverted	49	-0.060	-3.0	0.67	23	0.004	26	-0.118	0	0.67	0.22	0.00	0.12	
ai-predictive-flow-zeiierman	1h	HYPEUSD	long	49	0.045	2.2	0.69	23	-0.164	26	0.229	0	0.67	0.18	0.02	0.14	
ai-predictive-flow-zeiierman	1h	HYPEUSD	short	0	0.000	0.0	0.00	0	0.000	0	0.000	0	0.00	0.00	0.00	0.00	
ai-predictive-flow-zeiierman	1h	HYPEUSD	label:alertcondition:Background Turned Bullish	49	0.045	2.2	0.69	23	-0.164	26	0.229	0	0.67	0.18	0.02	0.14	
ai-predictive-flow-zeiierman	1h	HYPEUSD	repaint	49	0.045	2.2	0.69	23	-0.164	26	0.229	0	0.67	0.18	0.02	0.14	0 of 49 earlier entries changed when the last 60 bars were hidden (0%)
ai-predictive-flow-zeiierman	1h	HYPEUSD	verdict	49	0.045	2.2	0.69	23	-0.164	26	0.229	0	0.67	0.18	0.02	0.14	no variant pays in both halves → not a reading, exit or cost problem on this cell; re-time or retire the pair
ai-predictive-flow-zeiierman	4h	BTCUSD	base	24	-0.005	-0.1	0.71	12	-0.197	12	0.187	0	0.71	0.17	0.04	0.21	
ai-predictive-flow-zeiierman	4h	BTCUSD	gross	24	0.093	2.2	0.71	12	-0.133	12	0.318	0	0.71	0.17	0.04	0.21	
ai-predictive-flow-zeiierman	4h	BTCUSD	stop1.5	24	0.143	3.4	0.83	12	0.181	12	0.104	1	0.83	0.13	0.00	0.04	
ai-predictive-flow-zeiierman	4h	BTCUSD	stop2	24	0.055	1.3	0.79	12	0.121	12	-0.011	0	0.79	0.08	0.00	0.00	
ai-predictive-flow-zeiierman	4h	BTCUSD	tp1	24	0.129	3.1	0.63	12	0.072	12	0.186	1	0.58	0.00	0.00	0.21	
ai-predictive-flow-zeiierman	4h	BTCUSD	levels	24	-0.005	-0.1	0.71	12	-0.197	12	0.187	0	0.71	0.17	0.04	0.21	
ai-predictive-flow-zeiierman	4h	BTCUSD	er0.25	10	-0.284	-2.8	0.50	4	-1.000	6	0.193	0	0.50	0.10	0.10	0.50	
ai-predictive-flow-zeiierman	4h	BTCUSD	confirm1	16	0.171	2.7	0.88	6	0.112	10	0.207	1	0.88	0.19	0.00	0.00	
ai-predictive-flow-zeiierman	4h	BTCUSD	er+stop1.5	10	0.068	0.7	0.80	4	-0.012	6	0.121	0	0.80	0.10	0.00	0.10	
ai-predictive-flow-zeiierman	4h	BTCUSD	er+stop2	10	-0.105	-1.0	0.70	4	-0.068	6	-0.129	0	0.70	0.10	0.00	0.00	
ai-predictive-flow-zeiierman	4h	BTCUSD	confirm1+er	7	0.223	1.6	0.86	2	0.474	5	0.123	0	0.86	0.43	0.00	0.00	
ai-predictive-flow-zeiierman	4h	BTCUSD	inverted	24	-0.320	-7.7	0.50	12	-0.295	12	-0.345	0	0.50	0.17	0.00	0.21	
ai-predictive-flow-zeiierman	4h	BTCUSD	long	24	-0.005	-0.1	0.71	12	-0.197	12	0.187	0	0.71	0.17	0.04	0.21	
ai-predictive-flow-zeiierman	4h	BTCUSD	short	0	0.000	0.0	0.00	0	0.000	0	0.000	0	0.00	0.00	0.00	0.00	
ai-predictive-flow-zeiierman	4h	BTCUSD	label:alertcondition:Background Turned Bullish	24	-0.005	-0.1	0.71	12	-0.197	12	0.187	0	0.71	0.17	0.04	0.21	
ai-predictive-flow-zeiierman	4h	BTCUSD	repaint	23	-0.005	-0.1	0.71	12	-0.197	12	0.187	0	0.71	0.17	0.04	0.21	0 of 23 earlier entries changed when the last 60 bars were hidden (0%)
ai-predictive-flow-zeiierman	4h	BTCUSD	verdict	24	-0.005	-0.1	0.71	12	-0.197	12	0.187	0	0.71	0.17	0.04	0.21	no variant pays in both halves → not a reading, exit or cost problem on this cell; re-time or retire the pair
ai-predictive-flow-zeiierman	4h	ETHUSD	base	26	-0.251	-6.5	0.50	12	-0.207	14	-0.288	0	0.50	0.19	0.00	0.19	
ai-predictive-flow-zeiierman	4h	ETHUSD	gross	26	-0.197	-5.1	0.50	12	-0.158	14	-0.230	0	0.50	0.19	0.00	0.19	
ai-predictive-flow-zeiierman	4h	ETHUSD	stop1.5	26	-0.263	-6.8	0.54	12	-0.398	14	-0.147	0	0.54	0.08	0.00	0.15	
ai-predictive-flow-zeiierman	4h	ETHUSD	stop2	26	-0.188	-4.9	0.54	12	-0.404	14	-0.002	0	0.54	0.08	0.04	0.04	
ai-predictive-flow-zeiierman	4h	ETHUSD	tp1	26	-0.360	-9.4	0.35	12	-0.224	14	-0.476	0	0.38	0.00	0.00	0.19	
ai-predictive-flow-zeiierman	4h	ETHUSD	levels	26	-0.251	-6.5	0.50	12	-0.207	14	-0.288	0	0.50	0.19	0.00	0.19	
ai-predictive-flow-zeiierman	4h	ETHUSD	er0.25	10	-0.588	-5.9	0.30	6	-0.569	4	-0.616	0	0.30	0.10	0.00	0.30	
ai-predictive-flow-zeiierman	4h	ETHUSD	confirm1	10	0.003	0.0	0.70	4	0.515	6	-0.337	0	0.70	0.10	0.10	0.20	
ai-predictive-flow-zeiierman	4h	ETHUSD	er+stop1.5	10	-0.617	-6.2	0.30	6	-0.795	4	-0.349	0	0.30	0.00	0.00	0.20	
ai-predictive-flow-zeiierman	4h	ETHUSD	er+stop2	10	-0.455	-4.6	0.40	6	-0.774	4	0.024	0	0.40	0.00	0.00	0.10	
ai-predictive-flow-zeiierman	4h	ETHUSD	confirm1+er	5	0.036	0.2	0.80	3	0.261	2	-0.300	0	0.80	0.00	0.00	0.20	
ai-predictive-flow-zeiierman	4h	ETHUSD	inverted	26	0.082	2.1	0.69	12	-0.009	14	0.160	0	0.69	0.23	0.04	0.23	
ai-predictive-flow-zeiierman	4h	ETHUSD	long	26	-0.251	-6.5	0.50	12	-0.207	14	-0.288	0	0.50	0.19	0.00	0.19	
ai-predictive-flow-zeiierman	4h	ETHUSD	short	0	0.000	0.0	0.00	0	0.000	0	0.000	0	0.00	0.00	0.00	0.00	
ai-predictive-flow-zeiierman	4h	ETHUSD	label:alertcondition:Background Turned Bullish	26	-0.251	-6.5	0.50	12	-0.207	14	-0.288	0	0.50	0.19	0.00	0.19	
ai-predictive-flow-zeiierman	4h	ETHUSD	repaint	25	-0.251	-6.5	0.50	12	-0.207	14	-0.288	0	0.50	0.19	0.00	0.19	0 of 25 earlier entries changed when the last 60 bars were hidden (0%)
ai-predictive-flow-zeiierman	4h	ETHUSD	verdict	26	-0.251	-6.5	0.50	12	-0.207	14	-0.288	0	0.50	0.19	0.00	0.19	no variant pays in both halves → not a reading, exit or cost problem on this cell; re-time or retire the pair
ai-predictive-flow-zeiierman	4h	SOLUSD	base	21	0.173	3.6	0.76	11	0.050	10	0.308	1	0.76	0.29	0.10	0.05	
ai-predictive-flow-zeiierman	4h	SOLUSD	gross	21	0.253	5.3	0.76	11	0.107	10	0.414	1	0.76	0.29	0.10	0.05	
ai-predictive-flow-zeiierman	4h	SOLUSD	stop1.5	21	0.147	3.1	0.76	11	0.066	10	0.236	1	0.76	0.19	0.00	0.00	
ai-predictive-flow-zeiierman	4h	SOLUSD	stop2	21	0.145	3.1	0.76	11	0.133	10	0.159	1	0.76	0.24	0.00	0.00	
ai-predictive-flow-zeiierman	4h	SOLUSD	tp1	21	0.147	3.1	0.62	11	-0.147	10	0.472	0	0.67	0.00	0.00	0.05	
ai-predictive-flow-zeiierman	4h	SOLUSD	levels	21	0.173	3.6	0.76	11	0.050	10	0.308	1	0.76	0.29	0.10	0.05	
ai-predictive-flow-zeiierman	4h	SOLUSD	er0.25	10	0.027	0.3	0.80	5	0.017	5	0.037	1	0.80	0.10	0.00	0.10	
ai-predictive-flow-zeiierman	4h	SOLUSD	confirm1	13	-0.422	-5.5	0.38	7	-0.408	6	-0.439	0	0.38	0.15	0.00	0.15	
ai-predictive-flow-zeiierman	4h	SOLUSD	er+stop1.5	10	0.128	1.3	0.80	5	0.222	5	0.034	1	0.80	0.10	0.00	0.00	
ai-predictive-flow-zeiierman	4h	SOLUSD	er+stop2	10	-0.108	-1.1	0.60	5	-0.076	5	-0.140	0	0.60	0.20	0.00	0.00	
ai-predictive-flow-zeiierman	4h	SOLUSD	confirm1+er	7	-0.620	-4.3	0.29	4	-0.667	3	-0.557	0	0.29	0.00	0.00	0.14	
ai-predictive-flow-zeiierman	4h	SOLUSD	inverted	21	-0.241	-5.1	0.57	11	-0.023	10	-0.482	0	0.57	0.05	0.00	0.29	
ai-predictive-flow-zeiierman	4h	SOLUSD	long	21	0.173	3.6	0.76	11	0.050	10	0.308	1	0.76	0.29	0.10	0.05	
ai-predictive-flow-zeiierman	4h	SOLUSD	short	0	0.000	0.0	0.00	0	0.000	0	0.000	0	0.00	0.00	0.00	0.00	
ai-predictive-flow-zeiierman	4h	SOLUSD	label:alertcondition:Background Turned Bullish	21	0.173	3.6	0.76	11	0.050	10	0.308	1	0.76	0.29	0.10	0.05	
ai-predictive-flow-zeiierman	4h	SOLUSD	repaint	20	0.173	3.6	0.76	11	0.050	10	0.308	1	0.76	0.29	0.10	0.05	0 of 20 earlier entries changed when the last 60 bars were hidden (0%)
ai-predictive-flow-zeiierman	4h	SOLUSD	verdict	21	0.173	3.6	0.76	11	0.050	10	0.308	1	0.76	0.29	0.10	0.05	pays as read → nothing to fix; measure in shadow
ai-predictive-flow-zeiierman	4h	XRPUSD	base	25	-0.298	-7.5	0.44	12	-0.670	13	0.045	0	0.44	0.04	0.04	0.16	
ai-predictive-flow-zeiierman	4h	XRPUSD	gross	25	-0.245	-6.1	0.44	12	-0.651	13	0.130	0	0.44	0.04	0.04	0.16	
ai-predictive-flow-zeiierman	4h	XRPUSD	stop1.5	25	-0.344	-8.6	0.44	12	-0.669	13	-0.043	0	0.44	0.04	0.04	0.12	
ai-predictive-flow-zeiierman	4h	XRPUSD	stop2	25	-0.233	-5.8	0.52	12	-0.391	13	-0.087	0	0.52	0.04	0.04	0.08	
ai-predictive-flow-zeiierman	4h	XRPUSD	tp1	25	-0.702	-17.6	0.16	12	-0.845	13	-0.571	0	0.44	0.00	0.00	0.24	
ai-predictive-flow-zeiierman	4h	XRPUSD	levels	25	-0.298	-7.5	0.44	12	-0.670	13	0.045	0	0.44	0.04	0.04	0.16	
ai-predictive-flow-zeiierman	4h	XRPUSD	er0.25	9	0.257	2.3	0.67	4	-0.323	5	0.721	0	0.67	0.11	0.11	0.00	
ai-predictive-flow-zeiierman	4h	XRPUSD	confirm1	8	-0.196	-1.6	0.63	4	-0.360	4	-0.031	0	0.63	0.00	0.00	0.00	
ai-predictive-flow-zeiierman	4h	XRPUSD	er+stop1.5	9	-0.218	-2.0	0.44	4	-0.670	5	0.144	0	0.44	0.11	0.11	0.22	
ai-predictive-flow-zeiierman	4h	XRPUSD	er+stop2	9	-0.088	-0.8	0.56	4	-0.589	5	0.312	0	0.56	0.11	0.11	0.11	
ai-predictive-flow-zeiierman	4h	XRPUSD	confirm1+er	4	-0.055	-0.2	0.75	1	0.218	3	-0.146	0	0.75	0.00	0.00	0.00	
ai-predictive-flow-zeiierman	4h	XRPUSD	inverted	25	0.318	7.9	0.88	12	0.519	13	0.132	1	0.88	0.28	0.08	0.08	
ai-predictive-flow-zeiierman	4h	XRPUSD	long	25	-0.298	-7.5	0.44	12	-0.670	13	0.045	0	0.44	0.04	0.04	0.16	
ai-predictive-flow-zeiierman	4h	XRPUSD	short	0	0.000	0.0	0.00	0	0.000	0	0.000	0	0.00	0.00	0.00	0.00	
ai-predictive-flow-zeiierman	4h	XRPUSD	label:alertcondition:Background Turned Bullish	25	-0.298	-7.5	0.44	12	-0.670	13	0.045	0	0.44	0.04	0.04	0.16	
ai-predictive-flow-zeiierman	4h	XRPUSD	repaint	24	-0.298	-7.5	0.44	12	-0.670	13	0.045	0	0.44	0.04	0.04	0.16	0 of 24 earlier entries changed when the last 60 bars were hidden (0%)
ai-predictive-flow-zeiierman	4h	XRPUSD	verdict	25	-0.298	-7.5	0.44	12	-0.670	13	0.045	0	0.44	0.04	0.04	0.16	READING: direction inverted → the signals mean the opposite of how they are read (a warning read as an entry, a state read as a flip); invert or restrict the source
ai-predictive-flow-zeiierman	4h	BNBUSD	base	24	0.076	1.8	0.71	13	-0.061	11	0.239	0	0.71	0.29	0.08	0.17	
ai-predictive-flow-zeiierman	4h	BNBUSD	gross	24	0.181	4.4	0.71	13	0.023	11	0.369	1	0.71	0.29	0.08	0.17	
ai-predictive-flow-zeiierman	4h	BNBUSD	stop1.5	24	-0.064	-1.5	0.67	13	-0.148	11	0.035	0	0.67	0.08	0.00	0.04	
ai-predictive-flow-zeiierman	4h	BNBUSD	stop2	24	0.139	3.3	0.75	13	0.084	11	0.204	1	0.75	0.25	0.04	0.00	
ai-predictive-flow-zeiierman	4h	BNBUSD	tp1	24	-0.021	-0.5	0.54	13	-0.027	11	-0.015	0	0.63	0.00	0.00	0.21	
ai-predictive-flow-zeiierman	4h	BNBUSD	levels	24	0.076	1.8	0.71	13	-0.061	11	0.239	0	0.71	0.29	0.08	0.17	
ai-predictive-flow-zeiierman	4h	BNBUSD	er0.25	12	-0.101	-1.2	0.67	6	-0.301	6	0.100	0	0.67	0.25	0.00	0.25	
ai-predictive-flow-zeiierman	4h	BNBUSD	confirm1	14	0.047	0.7	0.71	8	-0.178	6	0.348	0	0.71	0.21	0.07	0.14	
ai-predictive-flow-zeiierman	4h	BNBUSD	er+stop1.5	12	-0.138	-1.7	0.67	6	-0.131	6	-0.145	0	0.67	0.00	0.00	0.00	
ai-predictive-flow-zeiierman	4h	BNBUSD	er+stop2	12	0.158	1.9	0.83	6	0.134	6	0.182	1	0.83	0.17	0.00	0.00	
ai-predictive-flow-zeiierman	4h	BNBUSD	confirm1+er	9	0.011	0.1	0.78	6	-0.130	3	0.295	0	0.78	0.11	0.00	0.22	
ai-predictive-flow-zeiierman	4h	BNBUSD	inverted	24	-0.160	-3.8	0.58	13	-0.270	11	-0.029	0	0.58	0.13	0.04	0.29	
ai-predictive-flow-zeiierman	4h	BNBUSD	long	24	0.076	1.8	0.71	13	-0.061	11	0.239	0	0.71	0.29	0.08	0.17	
ai-predictive-flow-zeiierman	4h	BNBUSD	short	0	0.000	0.0	0.00	0	0.000	0	0.000	0	0.00	0.00	0.00	0.00	
ai-predictive-flow-zeiierman	4h	BNBUSD	label:alertcondition:Background Turned Bullish	24	0.076	1.8	0.71	13	-0.061	11	0.239	0	0.71	0.29	0.08	0.17	
ai-predictive-flow-zeiierman	4h	BNBUSD	repaint	23	0.076	1.8	0.71	13	-0.061	11	0.239	0	0.71	0.29	0.08	0.17	0 of 23 earlier entries changed when the last 60 bars were hidden (0%)
ai-predictive-flow-zeiierman	4h	BNBUSD	verdict	24	0.076	1.8	0.71	13	-0.061	11	0.239	0	0.71	0.29	0.08	0.17	COSTS: positive before fees, negative after → a slower timeframe or a wider stop/target so each trade pays the round trip several times over
ai-predictive-flow-zeiierman	4h	DOGEUSD	base	25	-0.021	-0.5	0.72	13	-0.118	12	0.085	0	0.72	0.16	0.00	0.16	
ai-predictive-flow-zeiierman	4h	DOGEUSD	gross	25	0.041	1.0	0.72	13	-0.072	12	0.163	0	0.72	0.16	0.00	0.16	
ai-predictive-flow-zeiierman	4h	DOGEUSD	stop1.5	25	0.144	3.6	0.76	13	-0.046	12	0.350	0	0.76	0.16	0.04	0.04	
ai-predictive-flow-zeiierman	4h	DOGEUSD	stop2	25	0.131	3.3	0.76	13	0.071	12	0.196	1	0.76	0.16	0.04	0.00	
ai-predictive-flow-zeiierman	4h	DOGEUSD	tp1	25	-0.028	-0.7	0.52	13	0.016	12	-0.076	0	0.60	0.00	0.00	0.20	
ai-predictive-flow-zeiierman	4h	DOGEUSD	levels	25	-0.021	-0.5	0.72	13	-0.118	12	0.085	0	0.72	0.16	0.00	0.16	
ai-predictive-flow-zeiierman	4h	DOGEUSD	er0.25	10	0.218	2.2	0.90	6	0.135	4	0.342	0	0.90	0.20	0.00	0.10	
ai-predictive-flow-zeiierman	4h	DOGEUSD	confirm1	11	0.155	1.7	0.73	6	0.337	5	-0.063	0	0.73	0.27	0.18	0.09	
ai-predictive-flow-zeiierman	4h	DOGEUSD	er+stop1.5	10	0.447	4.5	0.90	6	0.074	4	1.006	0	0.90	0.20	0.10	0.00	
ai-predictive-flow-zeiierman	4h	DOGEUSD	er+stop2	10	0.374	3.7	0.90	6	0.092	4	0.796	0	0.90	0.20	0.10	0.00	
ai-predictive-flow-zeiierman	4h	DOGEUSD	confirm1+er	8	0.131	1.0	0.75	5	0.117	3	0.154	0	0.75	0.25	0.13	0.13	
ai-predictive-flow-zeiierman	4h	DOGEUSD	inverted	25	-0.173	-4.3	0.60	13	-0.104	12	-0.249	0	0.60	0.08	0.00	0.28	
ai-predictive-flow-zeiierman	4h	DOGEUSD	long	25	-0.021	-0.5	0.72	13	-0.118	12	0.085	0	0.72	0.16	0.00	0.16	
ai-predictive-flow-zeiierman	4h	DOGEUSD	short	0	0.000	0.0	0.00	0	0.000	0	0.000	0	0.00	0.00	0.00	0.00	
ai-predictive-flow-zeiierman	4h	DOGEUSD	label:alertcondition:Background Turned Bullish	25	-0.021	-0.5	0.72	13	-0.118	12	0.085	0	0.72	0.16	0.00	0.16	
ai-predictive-flow-zeiierman	4h	DOGEUSD	repaint	24	-0.021	-0.5	0.72	13	-0.118	12	0.085	0	0.72	0.16	0.00	0.16	0 of 24 earlier entries changed when the last 60 bars were hidden (0%)
ai-predictive-flow-zeiierman	4h	DOGEUSD	verdict	25	-0.021	-0.5	0.72	13	-0.118	12	0.085	0	0.72	0.16	0.00	0.16	no variant pays in both halves → not a reading, exit or cost problem on this cell; re-time or retire the pair
ai-predictive-flow-zeiierman	4h	AVAXUSD	base	23	-0.045	-1.0	0.61	11	-0.011	12	-0.077	0	0.61	0.13	0.04	0.17	
ai-predictive-flow-zeiierman	4h	AVAXUSD	gross	23	0.010	0.2	0.61	11	0.047	12	-0.024	0	0.61	0.13	0.04	0.17	
ai-predictive-flow-zeiierman	4h	AVAXUSD	stop1.5	23	-0.163	-3.8	0.52	11	0.032	12	-0.342	0	0.52	0.09	0.04	0.17	
ai-predictive-flow-zeiierman	4h	AVAXUSD	stop2	23	-0.122	-2.8	0.57	11	-0.102	12	-0.140	0	0.57	0.13	0.04	0.13	
ai-predictive-flow-zeiierman	4h	AVAXUSD	tp1	23	-0.187	-4.3	0.43	11	-0.146	12	-0.225	0	0.61	0.00	0.00	0.17	
ai-predictive-flow-zeiierman	4h	AVAXUSD	levels	23	-0.045	-1.0	0.61	11	-0.011	12	-0.077	0	0.61	0.13	0.04	0.17	
ai-predictive-flow-zeiierman	4h	AVAXUSD	er0.25	9	0.265	2.4	0.67	6	0.381	3	0.034	0	0.67	0.22	0.11	0.00	
ai-predictive-flow-zeiierman	4h	AVAXUSD	confirm1	12	0.005	0.1	0.67	6	-0.358	6	0.369	0	0.67	0.17	0.08	0.08	
ai-predictive-flow-zeiierman	4h	AVAXUSD	er+stop1.5	9	-0.012	-0.1	0.56	6	0.023	3	-0.081	0	0.56	0.11	0.11	0.00	
ai-predictive-flow-zeiierman	4h	AVAXUSD	er+stop2	9	-0.060	-0.5	0.56	6	-0.067	3	-0.047	0	0.56	0.11	0.11	0.00	
ai-predictive-flow-zeiierman	4h	AVAXUSD	confirm1+er	6	-0.095	-0.6	0.67	5	-0.230	1	0.578	0	0.67	0.17	0.00	0.17	
ai-predictive-flow-zeiierman	4h	AVAXUSD	inverted	23	0.153	3.5	0.65	11	-0.053	12	0.343	0	0.65	0.26	0.17	0.04	
ai-predictive-flow-zeiierman	4h	AVAXUSD	long	23	-0.045	-1.0	0.61	11	-0.011	12	-0.077	0	0.61	0.13	0.04	0.17	
ai-predictive-flow-zeiierman	4h	AVAXUSD	short	0	0.000	0.0	0.00	0	0.000	0	0.000	0	0.00	0.00	0.00	0.00	
ai-predictive-flow-zeiierman	4h	AVAXUSD	label:alertcondition:Background Turned Bullish	23	-0.045	-1.0	0.61	11	-0.011	12	-0.077	0	0.61	0.13	0.04	0.17	
ai-predictive-flow-zeiierman	4h	AVAXUSD	repaint	22	-0.045	-1.0	0.61	11	-0.011	12	-0.077	0	0.61	0.13	0.04	0.17	0 of 22 earlier entries changed when the last 60 bars were hidden (0%)
ai-predictive-flow-zeiierman	4h	AVAXUSD	verdict	23	-0.045	-1.0	0.61	11	-0.011	12	-0.077	0	0.61	0.13	0.04	0.17	no variant pays in both halves → not a reading, exit or cost problem on this cell; re-time or retire the pair
ai-predictive-flow-zeiierman	4h	ADAUSD	base	21	0.074	1.5	0.76	12	-0.198	9	0.436	0	0.76	0.14	0.05	0.19	
ai-predictive-flow-zeiierman	4h	ADAUSD	gross	21	0.128	2.7	0.76	12	-0.158	9	0.510	0	0.76	0.14	0.05	0.19	
ai-predictive-flow-zeiierman	4h	ADAUSD	stop1.5	21	0.025	0.5	0.67	12	-0.200	9	0.326	0	0.67	0.24	0.00	0.00	
ai-predictive-flow-zeiierman	4h	ADAUSD	stop2	21	-0.030	-0.6	0.67	12	-0.137	9	0.113	0	0.67	0.14	0.00	0.00	
ai-predictive-flow-zeiierman	4h	ADAUSD	tp1	21	-0.095	-2.0	0.48	12	-0.366	9	0.268	0	0.71	0.00	0.00	0.19	
ai-predictive-flow-zeiierman	4h	ADAUSD	levels	21	0.074	1.5	0.76	12	-0.198	9	0.436	0	0.76	0.14	0.05	0.19	
ai-predictive-flow-zeiierman	4h	ADAUSD	er0.25	11	0.032	0.3	0.73	5	-0.472	6	0.451	0	0.73	0.09	0.09	0.27	
ai-predictive-flow-zeiierman	4h	ADAUSD	confirm1	11	-0.057	-0.6	0.73	6	-0.358	5	0.304	0	0.73	0.00	0.00	0.00	
ai-predictive-flow-zeiierman	4h	ADAUSD	er+stop1.5	11	0.084	0.9	0.73	5	-0.205	6	0.325	0	0.73	0.18	0.00	0.00	
ai-predictive-flow-zeiierman	4h	ADAUSD	er+stop2	11	-0.085	-0.9	0.64	5	-0.204	6	0.014	0	0.64	0.18	0.00	0.00	
ai-predictive-flow-zeiierman	4h	ADAUSD	confirm1+er	6	0.302	1.8	1.00	2	0.264	4	0.321	0	1.00	0.00	0.00	0.00	
ai-predictive-flow-zeiierman	4h	ADAUSD	inverted	21	-0.011	-0.2	0.67	12	0.014	9	-0.045	0	0.67	0.19	0.00	0.24	
ai-predictive-flow-zeiierman	4h	ADAUSD	long	21	0.074	1.5	0.76	12	-0.198	9	0.436	0	0.76	0.14	0.05	0.19	
ai-predictive-flow-zeiierman	4h	ADAUSD	short	0	0.000	0.0	0.00	0	0.000	0	0.000	0	0.00	0.00	0.00	0.00	
ai-predictive-flow-zeiierman	4h	ADAUSD	label:alertcondition:Background Turned Bullish	21	0.074	1.5	0.76	12	-0.198	9	0.436	0	0.76	0.14	0.05	0.19	
ai-predictive-flow-zeiierman	4h	ADAUSD	repaint	20	0.074	1.5	0.76	12	-0.198	9	0.436	0	0.76	0.14	0.05	0.19	0 of 20 earlier entries changed when the last 60 bars were hidden (0%)
ai-predictive-flow-zeiierman	4h	ADAUSD	verdict	21	0.074	1.5	0.76	12	-0.198	9	0.436	0	0.76	0.14	0.05	0.19	no variant pays in both halves → not a reading, exit or cost problem on this cell; re-time or retire the pair
ai-predictive-flow-zeiierman	4h	BCHUSD	base	22	-0.028	-0.6	0.64	12	-0.207	10	0.188	0	0.64	0.23	0.05	0.05	
ai-predictive-flow-zeiierman	4h	BCHUSD	gross	22	0.032	0.7	0.64	12	-0.159	10	0.263	0	0.64	0.23	0.05	0.05	
ai-predictive-flow-zeiierman	4h	BCHUSD	stop1.5	22	-0.107	-2.4	0.55	12	-0.315	10	0.142	0	0.55	0.18	0.09	0.05	
ai-predictive-flow-zeiierman	4h	BCHUSD	stop2	22	-0.232	-5.1	0.50	12	-0.424	10	-0.002	0	0.50	0.09	0.00	0.05	
ai-predictive-flow-zeiierman	4h	BCHUSD	tp1	22	-0.148	-3.2	0.45	12	-0.374	10	0.125	0	0.50	0.00	0.00	0.05	
ai-predictive-flow-zeiierman	4h	BCHUSD	levels	22	-0.028	-0.6	0.64	12	-0.207	10	0.188	0	0.64	0.23	0.05	0.05	
ai-predictive-flow-zeiierman	4h	BCHUSD	er0.25	13	-0.117	-1.5	0.54	9	-0.233	4	0.143	0	0.54	0.23	0.08	0.00	
ai-predictive-flow-zeiierman	4h	BCHUSD	confirm1	10	0.338	3.4	0.70	2	-0.262	8	0.488	0	0.70	0.20	0.20	0.10	
ai-predictive-flow-zeiierman	4h	BCHUSD	er+stop1.5	13	-0.258	-3.4	0.46	9	-0.381	4	0.016	0	0.46	0.15	0.08	0.00	
ai-predictive-flow-zeiierman	4h	BCHUSD	er+stop2	13	-0.296	-3.8	0.46	9	-0.376	4	-0.115	0	0.46	0.08	0.00	0.00	
ai-predictive-flow-zeiierman	4h	BCHUSD	confirm1+er	5	-0.141	-0.7	0.60	1	0.476	4	-0.295	0	0.60	0.00	0.00	0.20	
ai-predictive-flow-zeiierman	4h	BCHUSD	inverted	22	-0.067	-1.5	0.64	12	0.102	10	-0.270	0	0.64	0.09	0.05	0.18	
ai-predictive-flow-zeiierman	4h	BCHUSD	long	22	-0.028	-0.6	0.64	12	-0.207	10	0.188	0	0.64	0.23	0.05	0.05	
ai-predictive-flow-zeiierman	4h	BCHUSD	short	0	0.000	0.0	0.00	0	0.000	0	0.000	0	0.00	0.00	0.00	0.00	
ai-predictive-flow-zeiierman	4h	BCHUSD	label:alertcondition:Background Turned Bullish	22	-0.028	-0.6	0.64	12	-0.207	10	0.188	0	0.64	0.23	0.05	0.05	
ai-predictive-flow-zeiierman	4h	BCHUSD	repaint	21	-0.028	-0.6	0.64	12	-0.207	10	0.188	0	0.64	0.23	0.05	0.05	0 of 21 earlier entries changed when the last 60 bars were hidden (0%)
ai-predictive-flow-zeiierman	4h	BCHUSD	verdict	22	-0.028	-0.6	0.64	12	-0.207	10	0.188	0	0.64	0.23	0.05	0.05	no variant pays in both halves → not a reading, exit or cost problem on this cell; re-time or retire the pair
ai-predictive-flow-zeiierman	4h	LTCUSD	base	23	-0.253	-5.8	0.48	13	-0.293	10	-0.202	0	0.48	0.13	0.04	0.13	
ai-predictive-flow-zeiierman	4h	LTCUSD	gross	23	-0.195	-4.5	0.48	13	-0.249	10	-0.124	0	0.48	0.13	0.04	0.13	
ai-predictive-flow-zeiierman	4h	LTCUSD	stop1.5	23	-0.283	-6.5	0.48	13	-0.451	10	-0.065	0	0.48	0.09	0.04	0.04	
ai-predictive-flow-zeiierman	4h	LTCUSD	stop2	23	-0.217	-5.0	0.57	13	-0.379	10	-0.006	0	0.57	0.04	0.00	0.00	
ai-predictive-flow-zeiierman	4h	LTCUSD	tp1	23	-0.441	-10.2	0.30	13	-0.571	10	-0.273	0	0.43	0.00	0.00	0.13	
ai-predictive-flow-zeiierman	4h	LTCUSD	levels	23	-0.253	-5.8	0.48	13	-0.293	10	-0.202	0	0.48	0.13	0.04	0.13	
ai-predictive-flow-zeiierman	4h	LTCUSD	er0.25	13	-0.484	-6.3	0.31	6	-0.789	7	-0.222	0	0.31	0.08	0.08	0.23	
ai-predictive-flow-zeiierman	4h	LTCUSD	confirm1	10	-0.512	-5.1	0.30	7	-0.822	3	0.211	0	0.30	0.10	0.10	0.40	
ai-predictive-flow-zeiierman	4h	LTCUSD	er+stop1.5	13	-0.512	-6.7	0.31	6	-0.789	7	-0.274	0	0.31	0.08	0.08	0.08	
ai-predictive-flow-zeiierman	4h	LTCUSD	er+stop2	13	-0.356	-4.6	0.46	6	-0.571	7	-0.172	0	0.46	0.08	0.00	0.00	
ai-predictive-flow-zeiierman	4h	LTCUSD	confirm1+er	6	-0.394	-2.4	0.33	3	-1.000	3	0.211	0	0.33	0.17	0.17	0.50	
ai-predictive-flow-zeiierman	4h	LTCUSD	inverted	23	0.088	2.0	0.78	13	0.081	10	0.097	1	0.78	0.17	0.04	0.13	
ai-predictive-flow-zeiierman	4h	LTCUSD	long	23	-0.253	-5.8	0.48	13	-0.293	10	-0.202	0	0.48	0.13	0.04	0.13	
ai-predictive-flow-zeiierman	4h	LTCUSD	short	0	0.000	0.0	0.00	0	0.000	0	0.000	0	0.00	0.00	0.00	0.00	
ai-predictive-flow-zeiierman	4h	LTCUSD	label:alertcondition:Background Turned Bullish	23	-0.253	-5.8	0.48	13	-0.293	10	-0.202	0	0.48	0.13	0.04	0.13	
ai-predictive-flow-zeiierman	4h	LTCUSD	repaint	22	-0.253	-5.8	0.48	13	-0.293	10	-0.202	0	0.48	0.13	0.04	0.13	0 of 22 earlier entries changed when the last 60 bars were hidden (0%)
ai-predictive-flow-zeiierman	4h	LTCUSD	verdict	23	-0.253	-5.8	0.48	13	-0.293	10	-0.202	0	0.48	0.13	0.04	0.13	no variant pays in both halves → not a reading, exit or cost problem on this cell; re-time or retire the pair
ai-predictive-flow-zeiierman	4h	LINKUSD	base	23	0.006	0.1	0.65	13	-0.345	10	0.463	0	0.65	0.22	0.04	0.09	
ai-predictive-flow-zeiierman	4h	LINKUSD	gross	23	0.070	1.6	0.65	13	-0.309	10	0.562	0	0.65	0.22	0.04	0.09	
ai-predictive-flow-zeiierman	4h	LINKUSD	stop1.5	23	-0.074	-1.7	0.61	13	-0.403	10	0.355	0	0.61	0.17	0.04	0.04	
ai-predictive-flow-zeiierman	4h	LINKUSD	stop2	23	0.061	1.4	0.70	13	-0.154	10	0.339	0	0.70	0.26	0.00	0.00	
ai-predictive-flow-zeiierman	4h	LINKUSD	tp1	23	-0.028	-0.6	0.52	13	-0.421	10	0.484	0	0.52	0.00	0.00	0.09	
ai-predictive-flow-zeiierman	4h	LINKUSD	levels	23	0.006	0.1	0.65	13	-0.345	10	0.463	0	0.65	0.22	0.04	0.09	
ai-predictive-flow-zeiierman	4h	LINKUSD	er0.25	9	-0.228	-2.1	0.56	5	-0.497	4	0.108	0	0.56	0.11	0.00	0.22	
ai-predictive-flow-zeiierman	4h	LINKUSD	confirm1	12	0.085	1.0	0.75	7	-0.156	5	0.422	0	0.75	0.17	0.00	0.00	
ai-predictive-flow-zeiierman	4h	LINKUSD	er+stop1.5	9	-0.382	-3.4	0.44	5	-0.734	4	0.058	0	0.44	0.11	0.00	0.11	
ai-predictive-flow-zeiierman	4h	LINKUSD	er+stop2	9	-0.355	-3.2	0.44	5	-0.750	4	0.139	0	0.44	0.11	0.00	0.00	
ai-predictive-flow-zeiierman	4h	LINKUSD	confirm1+er	6	-0.079	-0.5	0.67	3	-0.447	3	0.288	0	0.67	0.17	0.00	0.00	
ai-predictive-flow-zeiierman	4h	LINKUSD	inverted	23	-0.268	-6.2	0.52	13	-0.008	10	-0.606	0	0.52	0.09	0.00	0.35	
ai-predictive-flow-zeiierman	4h	LINKUSD	long	23	0.006	0.1	0.65	13	-0.345	10	0.463	0	0.65	0.22	0.04	0.09	
ai-predictive-flow-zeiierman	4h	LINKUSD	short	0	0.000	0.0	0.00	0	0.000	0	0.000	0	0.00	0.00	0.00	0.00	
ai-predictive-flow-zeiierman	4h	LINKUSD	label:alertcondition:Background Turned Bullish	23	0.006	0.1	0.65	13	-0.345	10	0.463	0	0.65	0.22	0.04	0.09	
ai-predictive-flow-zeiierman	4h	LINKUSD	repaint	23	0.006	0.1	0.65	13	-0.345	10	0.463	0	0.65	0.22	0.04	0.09	0 of 23 earlier entries changed when the last 60 bars were hidden (0%)
ai-predictive-flow-zeiierman	4h	LINKUSD	verdict	23	0.006	0.1	0.65	13	-0.345	10	0.463	0	0.65	0.22	0.04	0.09	no variant pays in both halves → not a reading, exit or cost problem on this cell; re-time or retire the pair
ai-predictive-flow-zeiierman	4h	SUIUSD	base	21	-0.076	-1.6	0.62	11	-0.298	10	0.169	0	0.62	0.05	0.05	0.14	
ai-predictive-flow-zeiierman	4h	SUIUSD	gross	21	-0.021	-0.4	0.62	11	-0.267	10	0.249	0	0.62	0.05	0.05	0.14	
ai-predictive-flow-zeiierman	4h	SUIUSD	stop1.5	21	-0.169	-3.5	0.52	11	-0.146	10	-0.194	0	0.52	0.14	0.05	0.05	
ai-predictive-flow-zeiierman	4h	SUIUSD	stop2	21	-0.098	-2.1	0.57	11	-0.300	10	0.123	0	0.57	0.14	0.00	0.00	
ai-predictive-flow-zeiierman	4h	SUIUSD	tp1	21	-0.371	-7.8	0.33	11	-0.306	10	-0.441	0	0.62	0.00	0.00	0.14	
ai-predictive-flow-zeiierman	4h	SUIUSD	levels	21	-0.076	-1.6	0.62	11	-0.298	10	0.169	0	0.62	0.05	0.05	0.14	
ai-predictive-flow-zeiierman	4h	SUIUSD	er0.25	7	-0.268	-1.9	0.57	4	-0.032	3	-0.584	0	0.57	0.00	0.00	0.14	
ai-predictive-flow-zeiierman	4h	SUIUSD	confirm1	9	-0.278	-2.5	0.56	3	-0.562	6	-0.137	0	0.56	0.00	0.00	0.11	
ai-predictive-flow-zeiierman	4h	SUIUSD	er+stop1.5	7	-0.198	-1.4	0.57	4	0.083	3	-0.572	0	0.57	0.14	0.00	0.00	
ai-predictive-flow-zeiierman	4h	SUIUSD	er+stop2	7	-0.427	-3.0	0.43	4	-0.313	3	-0.580	0	0.43	0.00	0.00	0.00	
ai-predictive-flow-zeiierman	4h	SUIUSD	confirm1+er	4	-0.309	-1.2	0.50	3	-0.562	1	0.450	0	0.50	0.00	0.00	0.25	
ai-predictive-flow-zeiierman	4h	SUIUSD	inverted	21	0.341	7.2	0.86	11	0.428	10	0.245	1	0.86	0.29	0.00	0.10	
ai-predictive-flow-zeiierman	4h	SUIUSD	long	21	-0.076	-1.6	0.62	11	-0.298	10	0.169	0	0.62	0.05	0.05	0.14	
ai-predictive-flow-zeiierman	4h	SUIUSD	short	0	0.000	0.0	0.00	0	0.000	0	0.000	0	0.00	0.00	0.00	0.00	
ai-predictive-flow-zeiierman	4h	SUIUSD	label:alertcondition:Background Turned Bullish	21	-0.076	-1.6	0.62	11	-0.298	10	0.169	0	0.62	0.05	0.05	0.14	
ai-predictive-flow-zeiierman	4h	SUIUSD	repaint	21	-0.076	-1.6	0.62	11	-0.298	10	0.169	0	0.62	0.05	0.05	0.14	0 of 21 earlier entries changed when the last 60 bars were hidden (0%)
ai-predictive-flow-zeiierman	4h	SUIUSD	verdict	21	-0.076	-1.6	0.62	11	-0.298	10	0.169	0	0.62	0.05	0.05	0.14	READING: direction inverted → the signals mean the opposite of how they are read (a warning read as an entry, a state read as a flip); invert or restrict the source
ai-predictive-flow-zeiierman	4h	NEARUSD	base	23	-0.118	-2.7	0.61	12	-0.341	11	0.126	0	0.61	0.09	0.04	0.09	
ai-predictive-flow-zeiierman	4h	NEARUSD	gross	23	-0.078	-1.8	0.61	12	-0.311	11	0.175	0	0.61	0.09	0.04	0.09	
ai-predictive-flow-zeiierman	4h	NEARUSD	stop1.5	23	0.023	0.5	0.65	12	-0.173	11	0.237	0	0.65	0.26	0.04	0.04	
ai-predictive-flow-zeiierman	4h	NEARUSD	stop2	23	0.004	0.1	0.65	12	-0.223	11	0.252	0	0.65	0.17	0.00	0.00	
ai-predictive-flow-zeiierman	4h	NEARUSD	tp1	23	-0.171	-3.9	0.43	12	-0.367	11	0.044	0	0.61	0.00	0.00	0.13	
ai-predictive-flow-zeiierman	4h	NEARUSD	levels	23	-0.118	-2.7	0.61	12	-0.341	11	0.126	0	0.61	0.09	0.04	0.09	
ai-predictive-flow-zeiierman	4h	NEARUSD	er0.25	13	0.061	0.8	0.69	7	-0.247	6	0.421	0	0.69	0.15	0.08	0.08	
ai-predictive-flow-zeiierman	4h	NEARUSD	confirm1	9	0.044	0.4	0.78	3	-0.074	6	0.103	0	0.78	0.00	0.00	0.11	
ai-predictive-flow-zeiierman	4h	NEARUSD	er+stop1.5	13	-0.258	-3.4	0.46	7	-0.552	6	0.084	0	0.46	0.31	0.00	0.08	
ai-predictive-flow-zeiierman	4h	NEARUSD	er+stop2	13	-0.192	-2.5	0.54	7	-0.570	6	0.248	0	0.54	0.15	0.00	0.00	
ai-predictive-flow-zeiierman	4h	NEARUSD	confirm1+er	5	0.332	1.7	1.00	1	0.336	4	0.331	0	1.00	0.00	0.00	0.00	
ai-predictive-flow-zeiierman	4h	NEARUSD	inverted	23	0.074	1.7	0.74	12	0.198	11	-0.060	0	0.74	0.17	0.00	0.09	
ai-predictive-flow-zeiierman	4h	NEARUSD	long	23	-0.118	-2.7	0.61	12	-0.341	11	0.126	0	0.61	0.09	0.04	0.09	
ai-predictive-flow-zeiierman	4h	NEARUSD	short	0	0.000	0.0	0.00	0	0.000	0	0.000	0	0.00	0.00	0.00	0.00	
ai-predictive-flow-zeiierman	4h	NEARUSD	label:alertcondition:Background Turned Bullish	23	-0.118	-2.7	0.61	12	-0.341	11	0.126	0	0.61	0.09	0.04	0.09	
ai-predictive-flow-zeiierman	4h	NEARUSD	repaint	22	-0.118	-2.7	0.61	12	-0.341	11	0.126	0	0.61	0.09	0.04	0.09	0 of 22 earlier entries changed when the last 60 bars were hidden (0%)
ai-predictive-flow-zeiierman	4h	NEARUSD	verdict	23	-0.118	-2.7	0.61	12	-0.341	11	0.126	0	0.61	0.09	0.04	0.09	no variant pays in both halves → not a reading, exit or cost problem on this cell; re-time or retire the pair
ai-predictive-flow-zeiierman	4h	HYPEUSD	base	25	0.139	3.5	0.64	13	-0.210	12	0.517	0	0.64	0.24	0.12	0.16	
ai-predictive-flow-zeiierman	4h	HYPEUSD	gross	25	0.199	5.0	0.64	13	-0.178	12	0.607	0	0.64	0.24	0.12	0.16	
ai-predictive-flow-zeiierman	4h	HYPEUSD	stop1.5	25	0.197	4.9	0.68	13	-0.085	12	0.502	0	0.68	0.24	0.08	0.04	
ai-predictive-flow-zeiierman	4h	HYPEUSD	stop2	25	0.368	9.2	0.72	13	0.191	12	0.559	1	0.72	0.32	0.12	0.04	
ai-predictive-flow-zeiierman	4h	HYPEUSD	tp1	25	0.215	5.4	0.64	13	0.030	12	0.416	1	0.64	0.00	0.00	0.16	
ai-predictive-flow-zeiierman	4h	HYPEUSD	levels	25	0.139	3.5	0.64	13	-0.210	12	0.517	0	0.64	0.24	0.12	0.16	
ai-predictive-flow-zeiierman	4h	HYPEUSD	er0.25	12	-0.274	-3.3	0.42	7	-0.627	5	0.220	0	0.42	0.25	0.08	0.33	
ai-predictive-flow-zeiierman	4h	HYPEUSD	confirm1	15	0.661	9.9	0.93	6	0.515	9	0.758	1	0.93	0.27	0.20	0.07	
ai-predictive-flow-zeiierman	4h	HYPEUSD	er+stop1.5	12	-0.168	-2.0	0.50	7	-0.294	5	0.008	0	0.50	0.25	0.00	0.08	
ai-predictive-flow-zeiierman	4h	HYPEUSD	er+stop2	12	-0.095	-1.1	0.58	7	-0.353	5	0.265	0	0.58	0.25	0.00	0.08	
ai-predictive-flow-zeiierman	4h	HYPEUSD	confirm1+er	7	0.566	4.0	1.00	2	0.835	5	0.459	0	1.00	0.29	0.14	0.00	
ai-predictive-flow-zeiierman	4h	HYPEUSD	inverted	25	-0.275	-6.9	0.48	13	-0.050	12	-0.519	0	0.48	0.20	0.04	0.24	
ai-predictive-flow-zeiierman	4h	HYPEUSD	long	25	0.139	3.5	0.64	13	-0.210	12	0.517	0	0.64	0.24	0.12	0.16	
ai-predictive-flow-zeiierman	4h	HYPEUSD	short	0	0.000	0.0	0.00	0	0.000	0	0.000	0	0.00	0.00	0.00	0.00	
ai-predictive-flow-zeiierman	4h	HYPEUSD	label:alertcondition:Background Turned Bullish	25	0.139	3.5	0.64	13	-0.210	12	0.517	0	0.64	0.24	0.12	0.16	
ai-predictive-flow-zeiierman	4h	HYPEUSD	repaint	24	0.139	3.5	0.64	13	-0.210	12	0.517	0	0.64	0.24	0.12	0.16	0 of 24 earlier entries changed when the last 60 bars were hidden (0%)
ai-predictive-flow-zeiierman	4h	HYPEUSD	verdict	25	0.139	3.5	0.64	13	-0.210	12	0.517	0	0.64	0.24	0.12	0.16	no variant pays in both halves → not a reading, exit or cost problem on this cell; re-time or retire the pair
kinetic-momentum-vectors	15m	BTCUSD	base	3	-0.526	-1.6	0.33	2	-0.934	1	0.290	0	0.33	0.00	0.00	0.67	
kinetic-momentum-vectors	15m	BTCUSD	gross	43	0.099	4.3	0.60	22	0.004	21	0.198	1	0.58	0.21	0.09	0.35	
kinetic-momentum-vectors	15m	BTCUSD	stop1.5	12	0.243	2.9	0.67	6	0.367	6	0.119	1	0.58	0.17	0.00	0.25	
kinetic-momentum-vectors	15m	BTCUSD	stop2	22	0.091	2.0	0.64	9	0.229	13	-0.004	0	0.59	0.18	0.05	0.14	
kinetic-momentum-vectors	15m	BTCUSD	tp1	3	-0.402	-1.2	0.33	2	-0.934	1	0.662	0	0.33	0.00	0.00	0.67	
kinetic-momentum-vectors	15m	BTCUSD	levels	3	-0.526	-1.6	0.33	2	-0.934	1	0.290	0	0.33	0.00	0.00	0.67	
kinetic-momentum-vectors	15m	BTCUSD	er0.25	3	-0.526	-1.6	0.33	2	-0.934	1	0.290	0	0.33	0.00	0.00	0.67	
kinetic-momentum-vectors	15m	BTCUSD	confirm1	3	-0.198	-0.6	0.67	2	-0.353	1	0.113	0	0.67	0.00	0.00	0.33	
kinetic-momentum-vectors	15m	BTCUSD	er+stop1.5	11	0.235	2.6	0.64	6	0.367	5	0.077	1	0.55	0.09	0.00	0.27	
kinetic-momentum-vectors	15m	BTCUSD	er+stop2	16	0.266	4.3	0.69	9	0.229	7	0.314	1	0.63	0.25	0.06	0.13	
kinetic-momentum-vectors	15m	BTCUSD	confirm1+er	3	-0.198	-0.6	0.67	2	-0.353	1	0.113	0	0.67	0.00	0.00	0.33	
kinetic-momentum-vectors	15m	BTCUSD	inverted	3	0.015	0.0	0.33	2	0.480	1	-0.915	0	0.33	0.33	0.33	0.67	
kinetic-momentum-vectors	15m	BTCUSD	long	3	-0.526	-1.6	0.33	2	-0.934	1	0.290	0	0.33	0.00	0.00	0.67	
kinetic-momentum-vectors	15m	BTCUSD	short	0	0.000	0.0	0.00	0	0.000	0	0.000	0	0.00	0.00	0.00	0.00	
kinetic-momentum-vectors	15m	BTCUSD	repaint	45	-0.526	-1.6	0.33	2	-0.934	1	0.290	0	0.33	0.00	0.00	0.67	0 of 45 earlier entries changed when the last 60 bars were hidden (0%)
kinetic-momentum-vectors	15m	BTCUSD	verdict	3	-0.526	-1.6	0.33	2	-0.934	1	0.290	0	0.33	0.00	0.00	0.67	too few trades to say → more history or a faster timeframe before judging
kinetic-momentum-vectors	15m	ETHUSD	base	16	-0.078	-1.3	0.50	8	0.200	8	-0.357	0	0.44	0.06	0.00	0.38	
kinetic-momentum-vectors	15m	ETHUSD	gross	43	0.037	1.6	0.53	23	0.146	20	-0.089	0	0.49	0.23	0.02	0.40	
kinetic-momentum-vectors	15m	ETHUSD	stop1.5	25	-0.031	-0.8	0.64	13	-0.036	12	-0.026	0	0.64	0.16	0.08	0.24	
kinetic-momentum-vectors	15m	ETHUSD	stop2	29	-0.039	-1.1	0.59	15	0.057	14	-0.141	0	0.59	0.14	0.03	0.10	
kinetic-momentum-vectors	15m	ETHUSD	tp1	16	-0.337	-5.4	0.38	8	-0.545	8	-0.129	0	0.38	0.00	0.00	0.44	
kinetic-momentum-vectors	15m	ETHUSD	levels	16	-0.078	-1.3	0.50	8	0.200	8	-0.357	0	0.44	0.06	0.00	0.38	
kinetic-momentum-vectors	15m	ETHUSD	er0.25	13	0.027	0.3	0.54	7	0.196	6	-0.170	0	0.46	0.08	0.00	0.38	
kinetic-momentum-vectors	15m	ETHUSD	confirm1	8	0.236	1.9	0.50	5	0.704	3	-0.545	0	0.38	0.13	0.00	0.38	
kinetic-momentum-vectors	15m	ETHUSD	er+stop1.5	22	0.028	0.6	0.68	11	0.127	11	-0.071	0	0.68	0.14	0.09	0.23	
kinetic-momentum-vectors	15m	ETHUSD	er+stop2	24	0.051	1.2	0.63	13	0.212	11	-0.139	0	0.63	0.17	0.04	0.08	
kinetic-momentum-vectors	15m	ETHUSD	confirm1+er	7	0.401	2.8	0.57	4	1.110	3	-0.545	0	0.43	0.14	0.00	0.29	
kinetic-momentum-vectors	15m	ETHUSD	inverted	15	0.087	1.3	0.67	7	0.361	8	-0.153	0	0.67	0.33	0.07	0.27	
kinetic-momentum-vectors	15m	ETHUSD	long	16	-0.078	-1.3	0.50	8	0.200	8	-0.357	0	0.44	0.06	0.00	0.38	
kinetic-momentum-vectors	15m	ETHUSD	short	0	0.000	0.0	0.00	0	0.000	0	0.000	0	0.00	0.00	0.00	0.00	
kinetic-momentum-vectors	15m	ETHUSD	label:shape:Bull Spike	16	-0.078	-1.3	0.50	8	0.200	8	-0.357	0	0.44	0.06	0.00	0.38	
kinetic-momentum-vectors	15m	ETHUSD	repaint	45	-0.078	-1.3	0.50	8	0.200	8	-0.357	0	0.44	0.06	0.00	0.38	0 of 45 earlier entries changed when the last 60 bars were hidden (0%)
kinetic-momentum-vectors	15m	ETHUSD	verdict	16	-0.078	-1.3	0.50	8	0.200	8	-0.357	0	0.44	0.06	0.00	0.38	too few trades to say → more history or a faster timeframe before judging
kinetic-momentum-vectors	15m	SOLUSD	base	19	-0.079	-1.5	0.58	10	-0.209	9	0.065	0	0.58	0.26	0.16	0.42	
kinetic-momentum-vectors	15m	SOLUSD	gross	42	-0.019	-0.8	0.57	26	-0.048	16	0.027	0	0.57	0.26	0.12	0.38	
kinetic-momentum-vectors	15m	SOLUSD	stop1.5	27	-0.040	-1.1	0.67	14	-0.003	13	-0.079	0	0.67	0.30	0.00	0.19	
kinetic-momentum-vectors	15m	SOLUSD	stop2	37	0.032	1.2	0.73	22	0.080	15	-0.040	0	0.73	0.24	0.05	0.08	
kinetic-momentum-vectors	15m	SOLUSD	tp1	19	-0.097	-1.8	0.53	10	-0.464	9	0.311	0	0.47	0.00	0.00	0.42	
kinetic-momentum-vectors	15m	SOLUSD	levels	19	-0.079	-1.5	0.58	10	-0.209	9	0.065	0	0.58	0.26	0.16	0.42	
kinetic-momentum-vectors	15m	SOLUSD	er0.25	16	0.021	0.3	0.63	8	-0.022	8	0.064	0	0.63	0.31	0.19	0.38	
kinetic-momentum-vectors	15m	SOLUSD	confirm1	8	0.034	0.3	0.75	4	-0.295	4	0.363	0	0.75	0.25	0.00	0.25	
kinetic-momentum-vectors	15m	SOLUSD	er+stop1.5	23	-0.124	-2.9	0.61	11	-0.134	12	-0.115	0	0.61	0.22	0.00	0.22	
kinetic-momentum-vectors	15m	SOLUSD	er+stop2	31	-0.030	-0.9	0.68	18	0.009	13	-0.084	0	0.68	0.19	0.06	0.13	
kinetic-momentum-vectors	15m	SOLUSD	confirm1+er	6	-0.021	-0.1	0.67	3	-0.499	3	0.456	0	0.67	0.33	0.00	0.33	
kinetic-momentum-vectors	15m	SOLUSD	inverted	18	0.087	1.6	0.61	9	0.586	9	-0.413	0	0.61	0.39	0.11	0.33	
kinetic-momentum-vectors	15m	SOLUSD	long	19	-0.079	-1.5	0.58	10	-0.209	9	0.065	0	0.58	0.26	0.16	0.42	
kinetic-momentum-vectors	15m	SOLUSD	short	0	0.000	0.0	0.00	0	0.000	0	0.000	0	0.00	0.00	0.00	0.00	
kinetic-momentum-vectors	15m	SOLUSD	label:shape:Bull Spike	19	-0.079	-1.5	0.58	10	-0.209	9	0.065	0	0.58	0.26	0.16	0.42	
kinetic-momentum-vectors	15m	SOLUSD	repaint	42	-0.079	-1.5	0.58	10	-0.209	9	0.065	0	0.58	0.26	0.16	0.42	0 of 42 earlier entries changed when the last 60 bars were hidden (0%)
kinetic-momentum-vectors	15m	SOLUSD	verdict	19	-0.079	-1.5	0.58	10	-0.209	9	0.065	0	0.58	0.26	0.16	0.42	too few trades to say → more history or a faster timeframe before judging
kinetic-momentum-vectors	15m	XRPUSD	base	23	0.163	3.8	0.83	9	0.093	14	0.208	1	0.83	0.30	0.00	0.17	
kinetic-momentum-vectors	15m	XRPUSD	gross	41	0.088	3.6	0.71	19	-0.009	22	0.171	0	0.71	0.24	0.02	0.27	
kinetic-momentum-vectors	15m	XRPUSD	stop1.5	33	-0.034	-1.1	0.73	13	-0.056	20	-0.021	0	0.73	0.15	0.00	0.12	
kinetic-momentum-vectors	15m	XRPUSD	stop2	35	-0.032	-1.1	0.69	15	-0.104	20	0.021	0	0.69	0.17	0.03	0.09	
kinetic-momentum-vectors	15m	XRPUSD	tp1	23	0.141	3.2	0.65	9	-0.183	14	0.350	0	0.70	0.00	0.00	0.30	
kinetic-momentum-vectors	15m	XRPUSD	levels	23	0.163	3.8	0.83	9	0.093	14	0.208	1	0.83	0.30	0.00	0.17	
kinetic-momentum-vectors	15m	XRPUSD	er0.25	16	0.166	2.7	0.81	6	0.158	10	0.170	1	0.81	0.31	0.00	0.19	
kinetic-momentum-vectors	15m	XRPUSD	confirm1	13	-0.205	-2.7	0.62	4	-0.669	9	0.002	0	0.62	0.15	0.00	0.31	
kinetic-momentum-vectors	15m	XRPUSD	er+stop1.5	23	-0.002	-0.0	0.74	9	0.065	14	-0.045	0	0.74	0.22	0.00	0.09	
kinetic-momentum-vectors	15m	XRPUSD	er+stop2	26	-0.109	-2.8	0.62	11	-0.142	15	-0.084	0	0.62	0.19	0.04	0.08	
kinetic-momentum-vectors	15m	XRPUSD	confirm1+er	10	-0.087	-0.9	0.70	3	-0.572	7	0.121	0	0.70	0.20	0.00	0.30	
kinetic-momentum-vectors	15m	XRPUSD	inverted	23	-0.418	-9.6	0.39	9	-0.119	14	-0.610	0	0.39	0.13	0.00	0.48	
kinetic-momentum-vectors	15m	XRPUSD	long	23	0.163	3.8	0.83	9	0.093	14	0.208	1	0.83	0.30	0.00	0.17	
kinetic-momentum-vectors	15m	XRPUSD	short	0	0.000	0.0	0.00	0	0.000	0	0.000	0	0.00	0.00	0.00	0.00	
kinetic-momentum-vectors	15m	XRPUSD	label:shape:Bull Spike	23	0.163	3.8	0.83	9	0.093	14	0.208	1	0.83	0.30	0.00	0.17	
kinetic-momentum-vectors	15m	XRPUSD	repaint	41	0.163	3.8	0.83	9	0.093	14	0.208	1	0.83	0.30	0.00	0.17	0 of 41 earlier entries changed when the last 60 bars were hidden (0%)
kinetic-momentum-vectors	15m	XRPUSD	verdict	23	0.163	3.8	0.83	9	0.093	14	0.208	1	0.83	0.30	0.00	0.17	pays as read → nothing to fix; measure in shadow
kinetic-momentum-vectors	15m	BNBUSD	base	2	-0.929	-1.9	0.00	2	-0.929	0	0.000	0	0.00	0.00	0.00	1.00	
kinetic-momentum-vectors	15m	BNBUSD	gross	42	0.219	9.2	0.62	20	0.299	22	0.147	1	0.60	0.29	0.14	0.29	
kinetic-momentum-vectors	15m	BNBUSD	stop1.5	15	-0.217	-3.3	0.60	6	-0.366	9	-0.118	0	0.60	0.20	0.00	0.27	
kinetic-momentum-vectors	15m	BNBUSD	stop2	31	-0.109	-3.4	0.68	15	-0.164	16	-0.057	0	0.68	0.13	0.03	0.10	
kinetic-momentum-vectors	15m	BNBUSD	tp1	2	-0.929	-1.9	0.00	2	-0.929	0	0.000	0	0.00	0.00	0.00	1.00	
kinetic-momentum-vectors	15m	BNBUSD	levels	2	-0.929	-1.9	0.00	2	-0.929	0	0.000	0	0.00	0.00	0.00	1.00	
kinetic-momentum-vectors	15m	BNBUSD	er0.25	1	-0.907	-0.9	0.00	1	-0.907	0	0.000	0	0.00	0.00	0.00	1.00	
kinetic-momentum-vectors	15m	BNBUSD	confirm1	2	-0.427	-0.9	0.50	1	-1.000	1	0.147	0	0.50	0.00	0.00	0.00	
kinetic-momentum-vectors	15m	BNBUSD	er+stop1.5	9	-0.393	-3.5	0.44	4	-0.617	5	-0.214	0	0.44	0.22	0.00	0.44	
kinetic-momentum-vectors	15m	BNBUSD	er+stop2	22	-0.150	-3.3	0.68	11	-0.322	11	0.021	0	0.68	0.09	0.00	0.14	
kinetic-momentum-vectors	15m	BNBUSD	confirm1+er	1	0.147	0.1	1.00	0	0.000	1	0.147	0	1.00	0.00	0.00	0.00	
kinetic-momentum-vectors	15m	BNBUSD	inverted	2	1.841	3.7	1.00	2	1.841	0	0.000	0	1.00	1.00	0.50	0.00	
kinetic-momentum-vectors	15m	BNBUSD	long	2	-0.929	-1.9	0.00	2	-0.929	0	0.000	0	0.00	0.00	0.00	1.00	
kinetic-momentum-vectors	15m	BNBUSD	short	0	0.000	0.0	0.00	0	0.000	0	0.000	0	0.00	0.00	0.00	0.00	
kinetic-momentum-vectors	15m	BNBUSD	repaint	42	-0.929	-1.9	0.00	2	-0.929	0	0.000	0	0.00	0.00	0.00	1.00	0 of 42 earlier entries changed when the last 60 bars were hidden (0%)
kinetic-momentum-vectors	15m	BNBUSD	verdict	2	-0.929	-1.9	0.00	2	-0.929	0	0.000	0	0.00	0.00	0.00	1.00	too few trades to say → more history or a faster timeframe before judging
kinetic-momentum-vectors	15m	DOGEUSD	base	24	-0.249	-6.0	0.54	8	-0.216	16	-0.266	0	0.54	0.08	0.04	0.33	
kinetic-momentum-vectors	15m	DOGEUSD	gross	47	-0.032	-1.5	0.60	23	0.019	24	-0.081	0	0.60	0.19	0.06	0.28	
kinetic-momentum-vectors	15m	DOGEUSD	stop1.5	37	0.047	1.8	0.62	17	-0.052	20	0.132	0	0.59	0.14	0.03	0.19	
kinetic-momentum-vectors	15m	DOGEUSD	stop2	37	0.019	0.7	0.68	17	-0.054	20	0.080	0	0.68	0.22	0.05	0.08	
kinetic-momentum-vectors	15m	DOGEUSD	tp1	25	-0.294	-7.4	0.40	9	-0.209	16	-0.342	0	0.52	0.00	0.00	0.40	
kinetic-momentum-vectors	15m	DOGEUSD	levels	24	-0.249	-6.0	0.54	8	-0.216	16	-0.266	0	0.54	0.08	0.04	0.33	
kinetic-momentum-vectors	15m	DOGEUSD	er0.25	20	-0.219	-4.4	0.55	6	-0.153	14	-0.247	0	0.55	0.10	0.05	0.35	
kinetic-momentum-vectors	15m	DOGEUSD	confirm1	11	0.100	1.1	0.82	5	0.142	6	0.065	1	0.82	0.18	0.00	0.09	
kinetic-momentum-vectors	15m	DOGEUSD	er+stop1.5	31	0.172	5.3	0.68	13	0.143	18	0.194	1	0.65	0.16	0.03	0.19	
kinetic-momentum-vectors	15m	DOGEUSD	er+stop2	29	0.136	3.9	0.72	12	0.143	17	0.131	1	0.72	0.28	0.07	0.07	
kinetic-momentum-vectors	15m	DOGEUSD	confirm1+er	9	0.061	0.6	0.78	3	0.055	6	0.065	0	0.78	0.22	0.00	0.11	
kinetic-momentum-vectors	15m	DOGEUSD	inverted	25	0.102	2.5	0.64	9	0.182	16	0.056	1	0.64	0.24	0.12	0.24	
kinetic-momentum-vectors	15m	DOGEUSD	long	24	-0.249	-6.0	0.54	8	-0.216	16	-0.266	0	0.54	0.08	0.04	0.33	
kinetic-momentum-vectors	15m	DOGEUSD	short	0	0.000	0.0	0.00	0	0.000	0	0.000	0	0.00	0.00	0.00	0.00	
kinetic-momentum-vectors	15m	DOGEUSD	label:shape:Bull Spike	24	-0.249	-6.0	0.54	8	-0.216	16	-0.266	0	0.54	0.08	0.04	0.33	
kinetic-momentum-vectors	15m	DOGEUSD	repaint	50	-0.249	-6.0	0.54	8	-0.216	16	-0.266	0	0.54	0.08	0.04	0.33	0 of 50 earlier entries changed when the last 60 bars were hidden (0%)
kinetic-momentum-vectors	15m	DOGEUSD	verdict	24	-0.249	-6.0	0.54	8	-0.216	16	-0.266	0	0.54	0.08	0.04	0.33	READING: direction inverted → the signals mean the opposite of how they are read (a warning read as an entry, a state read as a flip); invert or restrict the source
kinetic-momentum-vectors	15m	AVAXUSD	base	35	0.198	6.9	0.71	13	0.526	22	0.003	1	0.71	0.31	0.06	0.23	
kinetic-momentum-vectors	15m	AVAXUSD	gross	50	0.361	18.1	0.64	20	0.826	30	0.052	1	0.62	0.28	0.08	0.28	
kinetic-momentum-vectors	15m	AVAXUSD	stop1.5	46	0.100	4.6	0.63	18	0.464	28	-0.134	0	0.61	0.28	0.09	0.20	
kinetic-momentum-vectors	15m	AVAXUSD	stop2	46	-0.019	-0.9	0.57	17	0.272	29	-0.189	0	0.57	0.26	0.09	0.11	
kinetic-momentum-vectors	15m	AVAXUSD	tp1	36	-0.113	-4.1	0.50	13	-0.059	23	-0.144	0	0.56	0.00	0.00	0.28	
kinetic-momentum-vectors	15m	AVAXUSD	levels	35	0.198	6.9	0.71	13	0.526	22	0.003	1	0.71	0.31	0.06	0.23	
kinetic-momentum-vectors	15m	AVAXUSD	er0.25	27	0.046	1.2	0.63	9	0.485	18	-0.173	0	0.63	0.22	0.00	0.33	
kinetic-momentum-vectors	15m	AVAXUSD	confirm1	19	0.208	4.0	0.68	9	0.302	10	0.124	1	0.68	0.32	0.21	0.16	
kinetic-momentum-vectors	15m	AVAXUSD	er+stop1.5	35	0.013	0.4	0.54	14	0.478	21	-0.298	0	0.51	0.20	0.09	0.26	
kinetic-momentum-vectors	15m	AVAXUSD	er+stop2	34	-0.070	-2.4	0.53	14	0.202	20	-0.260	0	0.53	0.24	0.09	0.12	
kinetic-momentum-vectors	15m	AVAXUSD	confirm1+er	13	0.389	5.1	0.77	6	0.327	7	0.443	1	0.77	0.38	0.23	0.23	
kinetic-momentum-vectors	15m	AVAXUSD	inverted	34	-0.062	-2.1	0.56	11	-0.116	23	-0.036	0	0.56	0.24	0.06	0.32	
kinetic-momentum-vectors	15m	AVAXUSD	long	35	0.198	6.9	0.71	13	0.526	22	0.003	1	0.71	0.31	0.06	0.23	
kinetic-momentum-vectors	15m	AVAXUSD	short	0	0.000	0.0	0.00	0	0.000	0	0.000	0	0.00	0.00	0.00	0.00	
kinetic-momentum-vectors	15m	AVAXUSD	label:shape:Bull Spike	35	0.198	6.9	0.71	13	0.526	22	0.003	1	0.71	0.31	0.06	0.23	
kinetic-momentum-vectors	15m	AVAXUSD	repaint	51	0.198	6.9	0.71	13	0.526	22	0.003	1	0.71	0.31	0.06	0.23	0 of 51 earlier entries changed when the last 60 bars were hidden (0%)
kinetic-momentum-vectors	15m	AVAXUSD	verdict	35	0.198	6.9	0.71	13	0.526	22	0.003	1	0.71	0.31	0.06	0.23	pays as read → nothing to fix; measure in shadow
kinetic-momentum-vectors	15m	ADAUSD	base	47	0.171	8.1	0.72	28	0.230	19	0.085	1	0.72	0.28	0.11	0.23	
kinetic-momentum-vectors	15m	ADAUSD	gross	51	0.219	11.2	0.69	29	0.358	22	0.036	1	0.69	0.25	0.10	0.25	
kinetic-momentum-vectors	15m	ADAUSD	stop1.5	49	0.025	1.2	0.71	28	0.142	21	-0.131	0	0.71	0.16	0.04	0.08	
kinetic-momentum-vectors	15m	ADAUSD	stop2	49	-0.111	-5.4	0.63	28	0.043	21	-0.316	0	0.63	0.16	0.02	0.06	
kinetic-momentum-vectors	15m	ADAUSD	tp1	48	-0.090	-4.3	0.52	29	-0.027	19	-0.186	0	0.50	0.00	0.00	0.27	
kinetic-momentum-vectors	15m	ADAUSD	levels	47	0.171	8.1	0.72	28	0.230	19	0.085	1	0.72	0.28	0.11	0.23	
kinetic-momentum-vectors	15m	ADAUSD	er0.25	31	0.428	13.3	0.77	20	0.582	11	0.148	1	0.74	0.29	0.10	0.23	
kinetic-momentum-vectors	15m	ADAUSD	confirm1	27	-0.087	-2.4	0.52	14	0.256	13	-0.458	0	0.48	0.19	0.04	0.30	
kinetic-momentum-vectors	15m	ADAUSD	er+stop1.5	31	0.133	4.1	0.71	18	0.366	13	-0.191	0	0.71	0.19	0.10	0.06	
kinetic-momentum-vectors	15m	ADAUSD	er+stop2	32	-0.000	-0.0	0.66	18	0.267	14	-0.344	0	0.66	0.22	0.06	0.03	
kinetic-momentum-vectors	15m	ADAUSD	confirm1+er	20	0.102	2.0	0.60	12	0.365	8	-0.292	0	0.55	0.25	0.05	0.30	
kinetic-momentum-vectors	15m	ADAUSD	inverted	48	-0.002	-0.1	0.65	29	0.027	19	-0.045	0	0.65	0.19	0.04	0.31	
kinetic-momentum-vectors	15m	ADAUSD	long	47	0.171	8.1	0.72	28	0.230	19	0.085	1	0.72	0.28	0.11	0.23	
kinetic-momentum-vectors	15m	ADAUSD	short	0	0.000	0.0	0.00	0	0.000	0	0.000	0	0.00	0.00	0.00	0.00	
kinetic-momentum-vectors	15m	ADAUSD	label:shape:Bull Spike	47	0.171	8.1	0.72	28	0.230	19	0.085	1	0.72	0.28	0.11	0.23	
kinetic-momentum-vectors	15m	ADAUSD	repaint	52	0.171	8.1	0.72	28	0.230	19	0.085	1	0.72	0.28	0.11	0.23	0 of 52 earlier entries changed when the last 60 bars were hidden (0%)
kinetic-momentum-vectors	15m	ADAUSD	verdict	47	0.171	8.1	0.72	28	0.230	19	0.085	1	0.72	0.28	0.11	0.23	pays as read → nothing to fix; measure in shadow
kinetic-momentum-vectors	15m	LTCUSD	base	19	0.103	2.0	0.74	5	0.114	14	0.099	1	0.74	0.26	0.11	0.11	
kinetic-momentum-vectors	15m	LTCUSD	gross	45	0.036	1.6	0.64	22	0.040	23	0.033	1	0.64	0.18	0.09	0.29	
kinetic-momentum-vectors	15m	LTCUSD	stop1.5	28	-0.052	-1.5	0.61	9	-0.074	19	-0.042	0	0.61	0.29	0.14	0.21	
kinetic-momentum-vectors	15m	LTCUSD	stop2	35	-0.070	-2.4	0.66	12	-0.157	23	-0.024	0	0.66	0.20	0.00	0.09	
kinetic-momentum-vectors	15m	LTCUSD	tp1	21	-0.257	-5.4	0.43	6	-0.434	15	-0.186	0	0.57	0.00	0.00	0.29	
kinetic-momentum-vectors	15m	LTCUSD	levels	19	0.103	2.0	0.74	5	0.114	14	0.099	1	0.74	0.26	0.11	0.11	
kinetic-momentum-vectors	15m	LTCUSD	er0.25	8	0.382	3.1	0.88	2	1.180	6	0.117	0	0.88	0.38	0.13	0.00	
kinetic-momentum-vectors	15m	LTCUSD	confirm1	12	-0.269	-3.2	0.42	4	-0.396	8	-0.205	0	0.42	0.25	0.17	0.25	
kinetic-momentum-vectors	15m	LTCUSD	er+stop1.5	14	0.009	0.1	0.64	5	0.323	9	-0.165	0	0.64	0.36	0.14	0.21	
kinetic-momentum-vectors	15m	LTCUSD	er+stop2	17	0.003	0.1	0.71	5	0.167	12	-0.065	0	0.71	0.24	0.00	0.06	
kinetic-momentum-vectors	15m	LTCUSD	confirm1+er	7	0.071	0.5	0.57	2	0.171	5	0.031	0	0.57	0.43	0.29	0.14	
kinetic-momentum-vectors	15m	LTCUSD	inverted	21	-0.161	-3.4	0.62	6	-0.104	15	-0.183	0	0.62	0.14	0.00	0.33	
kinetic-momentum-vectors	15m	LTCUSD	long	19	0.103	2.0	0.74	5	0.114	14	0.099	1	0.74	0.26	0.11	0.11	
kinetic-momentum-vectors	15m	LTCUSD	short	0	0.000	0.0	0.00	0	0.000	0	0.000	0	0.00	0.00	0.00	0.00	
kinetic-momentum-vectors	15m	LTCUSD	label:shape:Bull Spike	19	0.103	2.0	0.74	5	0.114	14	0.099	1	0.74	0.26	0.11	0.11	
kinetic-momentum-vectors	15m	LTCUSD	repaint	49	0.103	2.0	0.74	5	0.114	14	0.099	1	0.74	0.26	0.11	0.11	0 of 49 earlier entries changed when the last 60 bars were hidden (0%)
kinetic-momentum-vectors	15m	LTCUSD	verdict	19	0.103	2.0	0.74	5	0.114	14	0.099	1	0.74	0.26	0.11	0.11	too few trades to say → more history or a faster timeframe before judging
kinetic-momentum-vectors	15m	BCHUSD	base	21	0.355	7.5	0.76	11	0.530	10	0.164	1	0.76	0.48	0.05	0.24	
kinetic-momentum-vectors	15m	BCHUSD	gross	38	0.289	11.0	0.71	21	0.160	17	0.448	1	0.71	0.39	0.08	0.24	
kinetic-momentum-vectors	15m	BCHUSD	stop1.5	34	0.037	1.3	0.65	18	0.069	16	0.001	1	0.65	0.15	0.03	0.24	
kinetic-momentum-vectors	15m	BCHUSD	stop2	35	0.037	1.3	0.66	18	0.046	17	0.028	1	0.66	0.14	0.03	0.14	
kinetic-momentum-vectors	15m	BCHUSD	tp1	22	0.236	5.2	0.68	12	0.245	10	0.225	1	0.55	0.00	0.00	0.23	
kinetic-momentum-vectors	15m	BCHUSD	levels	21	0.355	7.5	0.76	11	0.530	10	0.164	1	0.76	0.48	0.05	0.24	
kinetic-momentum-vectors	15m	BCHUSD	er0.25	13	0.377	4.9	0.69	6	0.775	7	0.036	1	0.69	0.31	0.08	0.31	
kinetic-momentum-vectors	15m	BCHUSD	confirm1	12	0.402	4.8	0.75	7	0.613	5	0.106	1	0.75	0.17	0.08	0.08	
kinetic-momentum-vectors	15m	BCHUSD	er+stop1.5	23	-0.050	-1.1	0.52	12	0.034	11	-0.141	0	0.52	0.17	0.04	0.35	
kinetic-momentum-vectors	15m	BCHUSD	er+stop2	23	0.080	1.8	0.61	11	0.243	12	-0.069	0	0.61	0.22	0.04	0.22	
kinetic-momentum-vectors	15m	BCHUSD	confirm1+er	7	0.838	5.9	0.86	3	1.877	4	0.059	0	0.86	0.29	0.14	0.14	
kinetic-momentum-vectors	15m	BCHUSD	inverted	21	-0.134	-2.8	0.48	11	-0.008	10	-0.273	0	0.48	0.19	0.14	0.38	
kinetic-momentum-vectors	15m	BCHUSD	long	21	0.355	7.5	0.76	11	0.530	10	0.164	1	0.76	0.48	0.05	0.24	
kinetic-momentum-vectors	15m	BCHUSD	short	0	0.000	0.0	0.00	0	0.000	0	0.000	0	0.00	0.00	0.00	0.00	
kinetic-momentum-vectors	15m	BCHUSD	label:shape:Bull Spike	21	0.355	7.5	0.76	11	0.530	10	0.164	1	0.76	0.48	0.05	0.24	
kinetic-momentum-vectors	15m	BCHUSD	repaint	41	0.355	7.5	0.76	11	0.530	10	0.164	1	0.76	0.48	0.05	0.24	0 of 41 earlier entries changed when the last 60 bars were hidden (0%)
kinetic-momentum-vectors	15m	BCHUSD	verdict	21	0.355	7.5	0.76	11	0.530	10	0.164	1	0.76	0.48	0.05	0.24	pays as read → nothing to fix; measure in shadow
kinetic-momentum-vectors	15m	LINKUSD	base	24	-0.040	-1.0	0.50	9	-0.173	15	0.040	0	0.50	0.29	0.17	0.42	
kinetic-momentum-vectors	15m	LINKUSD	gross	41	0.014	0.6	0.51	20	-0.151	21	0.170	0	0.51	0.32	0.15	0.41	
kinetic-momentum-vectors	15m	LINKUSD	stop1.5	33	0.086	2.8	0.64	14	-0.202	19	0.298	0	0.64	0.36	0.12	0.24	
kinetic-momentum-vectors	15m	LINKUSD	stop2	37	0.184	6.8	0.76	18	0.207	19	0.163	1	0.76	0.38	0.08	0.03	
kinetic-momentum-vectors	15m	LINKUSD	tp1	24	-0.178	-4.3	0.46	9	-0.197	15	-0.166	0	0.38	0.00	0.00	0.46	
kinetic-momentum-vectors	15m	LINKUSD	levels	24	-0.040	-1.0	0.50	9	-0.173	15	0.040	0	0.50	0.29	0.17	0.42	
kinetic-momentum-vectors	15m	LINKUSD	er0.25	16	0.099	1.6	0.56	4	-0.161	12	0.186	0	0.56	0.31	0.19	0.38	
kinetic-momentum-vectors	15m	LINKUSD	confirm1	11	-0.281	-3.1	0.45	4	-0.391	7	-0.218	0	0.45	0.18	0.09	0.27	
kinetic-momentum-vectors	15m	LINKUSD	er+stop1.5	21	0.181	3.8	0.67	7	-0.379	14	0.461	0	0.67	0.38	0.14	0.24	
kinetic-momentum-vectors	15m	LINKUSD	er+stop2	25	0.186	4.7	0.76	11	0.042	14	0.299	1	0.76	0.40	0.08	0.04	
kinetic-momentum-vectors	15m	LINKUSD	confirm1+er	8	-0.326	-2.6	0.38	2	-0.390	6	-0.305	0	0.38	0.25	0.13	0.38	
kinetic-momentum-vectors	15m	LINKUSD	inverted	24	0.024	0.6	0.58	9	0.032	15	0.019	1	0.58	0.33	0.04	0.29	
kinetic-momentum-vectors	15m	LINKUSD	long	24	-0.040	-1.0	0.50	9	-0.173	15	0.040	0	0.50	0.29	0.17	0.42	
kinetic-momentum-vectors	15m	LINKUSD	short	0	0.000	0.0	0.00	0	0.000	0	0.000	0	0.00	0.00	0.00	0.00	
kinetic-momentum-vectors	15m	LINKUSD	label:shape:Bull Spike	24	-0.040	-1.0	0.50	9	-0.173	15	0.040	0	0.50	0.29	0.17	0.42	
kinetic-momentum-vectors	15m	LINKUSD	repaint	41	-0.040	-1.0	0.50	9	-0.173	15	0.040	0	0.50	0.29	0.17	0.42	0 of 41 earlier entries changed when the last 60 bars were hidden (0%)
kinetic-momentum-vectors	15m	LINKUSD	verdict	24	-0.040	-1.0	0.50	9	-0.173	15	0.040	0	0.50	0.29	0.17	0.42	STOP: too tight for this market's bar size (first-bar stops) → fallbackAtrSl 2× for this scanner
kinetic-momentum-vectors	15m	SUIUSD	base	18	0.694	12.5	0.83	6	0.081	12	1.001	1	0.83	0.50	0.39	0.17	
kinetic-momentum-vectors	15m	SUIUSD	gross	31	0.516	16.0	0.65	16	0.237	15	0.814	1	0.65	0.42	0.29	0.23	
kinetic-momentum-vectors	15m	SUIUSD	stop1.5	21	0.418	8.8	0.76	9	-0.056	12	0.773	0	0.76	0.52	0.19	0.14	
kinetic-momentum-vectors	15m	SUIUSD	stop2	28	0.082	2.3	0.68	13	-0.221	15	0.345	0	0.68	0.36	0.07	0.11	
kinetic-momentum-vectors	15m	SUIUSD	tp1	18	0.353	6.4	0.78	6	-0.101	12	0.581	0	0.61	0.00	0.00	0.22	
kinetic-momentum-vectors	15m	SUIUSD	levels	18	0.694	12.5	0.83	6	0.081	12	1.001	1	0.83	0.50	0.39	0.17	
kinetic-momentum-vectors	15m	SUIUSD	er0.25	11	0.672	7.4	0.91	3	0.209	8	0.846	0	0.91	0.64	0.45	0.09	
kinetic-momentum-vectors	15m	SUIUSD	confirm1	12	0.035	0.4	0.67	4	0.219	8	-0.057	0	0.67	0.33	0.08	0.17	
kinetic-momentum-vectors	15m	SUIUSD	er+stop1.5	13	0.467	6.1	0.85	5	0.226	8	0.618	1	0.85	0.54	0.15	0.08	
kinetic-momentum-vectors	15m	SUIUSD	er+stop2	17	0.174	3.0	0.76	7	-0.003	10	0.298	0	0.76	0.41	0.06	0.06	
kinetic-momentum-vectors	15m	SUIUSD	confirm1+er	9	-0.009	-0.1	0.67	2	-0.313	7	0.078	0	0.67	0.33	0.00	0.22	
kinetic-momentum-vectors	15m	SUIUSD	inverted	17	-0.109	-1.9	0.47	5	0.732	12	-0.460	0	0.47	0.18	0.12	0.47	
kinetic-momentum-vectors	15m	SUIUSD	long	18	0.694	12.5	0.83	6	0.081	12	1.001	1	0.83	0.50	0.39	0.17	
kinetic-momentum-vectors	15m	SUIUSD	short	0	0.000	0.0	0.00	0	0.000	0	0.000	0	0.00	0.00	0.00	0.00	
kinetic-momentum-vectors	15m	SUIUSD	label:shape:Bull Spike	18	0.694	12.5	0.83	6	0.081	12	1.001	1	0.83	0.50	0.39	0.17	
kinetic-momentum-vectors	15m	SUIUSD	repaint	31	0.694	12.5	0.83	6	0.081	12	1.001	1	0.83	0.50	0.39	0.17	0 of 31 earlier entries changed when the last 60 bars were hidden (0%)
kinetic-momentum-vectors	15m	SUIUSD	verdict	18	0.694	12.5	0.83	6	0.081	12	1.001	1	0.83	0.50	0.39	0.17	too few trades to say → more history or a faster timeframe before judging
kinetic-momentum-vectors	15m	NEARUSD	base	48	0.158	7.6	0.75	6	0.370	42	0.127	1	0.75	0.31	0.08	0.08	
kinetic-momentum-vectors	15m	NEARUSD	gross	63	0.308	19.4	0.68	20	0.578	43	0.182	1	0.68	0.32	0.14	0.17	
kinetic-momentum-vectors	15m	NEARUSD	stop1.5	56	0.037	2.1	0.68	13	0.018	43	0.043	1	0.68	0.21	0.07	0.07	
kinetic-momentum-vectors	15m	NEARUSD	stop2	60	0.072	4.3	0.72	17	0.143	43	0.043	1	0.72	0.23	0.05	0.05	
kinetic-momentum-vectors	15m	NEARUSD	tp1	49	0.105	5.2	0.61	6	0.193	43	0.093	1	0.65	0.00	0.00	0.12	
kinetic-momentum-vectors	15m	NEARUSD	levels	48	0.158	7.6	0.75	6	0.370	42	0.127	1	0.75	0.31	0.08	0.08	
kinetic-momentum-vectors	15m	NEARUSD	er0.25	33	-0.052	-1.7	0.67	5	0.183	28	-0.094	0	0.67	0.21	0.06	0.12	
kinetic-momentum-vectors	15m	NEARUSD	confirm1	26	0.231	6.0	0.77	3	0.691	23	0.171	0	0.77	0.31	0.15	0.12	
kinetic-momentum-vectors	15m	NEARUSD	er+stop1.5	35	-0.069	-2.4	0.66	7	-0.152	28	-0.048	0	0.66	0.11	0.03	0.03	
kinetic-momentum-vectors	15m	NEARUSD	er+stop2	36	-0.007	-0.3	0.69	8	0.177	28	-0.060	0	0.69	0.22	0.00	0.00	
kinetic-momentum-vectors	15m	NEARUSD	confirm1+er	18	0.065	1.2	0.72	2	0.647	16	-0.008	0	0.72	0.22	0.11	0.11	
kinetic-momentum-vectors	15m	NEARUSD	inverted	49	-0.181	-8.9	0.57	6	-0.334	43	-0.160	0	0.57	0.12	0.02	0.31	
kinetic-momentum-vectors	15m	NEARUSD	long	48	0.158	7.6	0.75	6	0.370	42	0.127	1	0.75	0.31	0.08	0.08	
kinetic-momentum-vectors	15m	NEARUSD	short	0	0.000	0.0	0.00	0	0.000	0	0.000	0	0.00	0.00	0.00	0.00	
kinetic-momentum-vectors	15m	NEARUSD	label:shape:Bull Spike	48	0.158	7.6	0.75	6	0.370	42	0.127	1	0.75	0.31	0.08	0.08	
kinetic-momentum-vectors	15m	NEARUSD	repaint	64	0.158	7.6	0.75	6	0.370	42	0.127	1	0.75	0.31	0.08	0.08	0 of 64 earlier entries changed when the last 60 bars were hidden (0%)
kinetic-momentum-vectors	15m	NEARUSD	verdict	48	0.158	7.6	0.75	6	0.370	42	0.127	1	0.75	0.31	0.08	0.08	pays as read → nothing to fix; measure in shadow
kinetic-momentum-vectors	15m	HYPEUSD	base	24	0.090	2.2	0.67	10	0.265	14	-0.035	0	0.67	0.38	0.08	0.29	
kinetic-momentum-vectors	15m	HYPEUSD	gross	49	-0.013	-0.6	0.57	23	0.001	26	-0.025	0	0.57	0.27	0.06	0.39	
kinetic-momentum-vectors	15m	HYPEUSD	stop1.5	37	-0.053	-2.0	0.68	17	-0.080	20	-0.030	0	0.68	0.11	0.03	0.22	
kinetic-momentum-vectors	15m	HYPEUSD	stop2	44	-0.088	-3.9	0.66	23	-0.115	21	-0.058	0	0.66	0.16	0.05	0.07	
kinetic-momentum-vectors	15m	HYPEUSD	tp1	25	-0.031	-0.8	0.56	11	0.122	14	-0.152	0	0.48	0.00	0.00	0.28	
kinetic-momentum-vectors	15m	HYPEUSD	levels	24	0.090	2.2	0.67	10	0.265	14	-0.035	0	0.67	0.38	0.08	0.29	
kinetic-momentum-vectors	15m	HYPEUSD	er0.25	14	0.143	2.0	0.64	5	0.547	9	-0.081	0	0.64	0.36	0.07	0.29	
kinetic-momentum-vectors	15m	HYPEUSD	confirm1	16	-0.072	-1.2	0.69	6	0.435	10	-0.377	0	0.69	0.13	0.00	0.13	
kinetic-momentum-vectors	15m	HYPEUSD	er+stop1.5	20	-0.099	-2.0	0.60	8	-0.084	12	-0.109	0	0.60	0.15	0.05	0.25	
kinetic-momentum-vectors	15m	HYPEUSD	er+stop2	22	-0.170	-3.7	0.55	9	-0.364	13	-0.037	0	0.55	0.18	0.09	0.09	
kinetic-momentum-vectors	15m	HYPEUSD	confirm1+er	9	-0.091	-0.8	0.67	4	0.456	5	-0.529	0	0.67	0.22	0.00	0.11	
kinetic-momentum-vectors	15m	HYPEUSD	inverted	25	-0.258	-6.4	0.48	11	-0.392	14	-0.152	0	0.48	0.24	0.04	0.40	
kinetic-momentum-vectors	15m	HYPEUSD	long	24	0.090	2.2	0.67	10	0.265	14	-0.035	0	0.67	0.38	0.08	0.29	
kinetic-momentum-vectors	15m	HYPEUSD	short	0	0.000	0.0	0.00	0	0.000	0	0.000	0	0.00	0.00	0.00	0.00	
kinetic-momentum-vectors	15m	HYPEUSD	label:shape:Bull Spike	24	0.090	2.2	0.67	10	0.265	14	-0.035	0	0.67	0.38	0.08	0.29	
kinetic-momentum-vectors	15m	HYPEUSD	repaint	50	0.090	2.2	0.67	10	0.265	14	-0.035	0	0.67	0.38	0.08	0.29	0 of 50 earlier entries changed when the last 60 bars were hidden (0%)
kinetic-momentum-vectors	15m	HYPEUSD	verdict	24	0.090	2.2	0.67	10	0.265	14	-0.035	0	0.67	0.38	0.08	0.29	no variant pays in both halves → not a reading, exit or cost problem on this cell; re-time or retire the pair
kinetic-momentum-vectors	1h	BTCUSD	base	8	0.128	1.0	0.75	2	0.868	6	-0.119	0	0.75	0.13	0.13	0.13	
kinetic-momentum-vectors	1h	BTCUSD	gross	10	0.778	7.8	0.80	2	1.175	8	0.679	0	0.80	0.20	0.20	0.10	
kinetic-momentum-vectors	1h	BTCUSD	stop1.5	10	0.316	3.2	0.60	2	0.073	8	0.376	0	0.60	0.30	0.20	0.10	
kinetic-momentum-vectors	1h	BTCUSD	stop2	10	0.466	4.7	0.70	2	0.535	8	0.449	0	0.70	0.20	0.00	0.10	
kinetic-momentum-vectors	1h	BTCUSD	tp1	9	-0.411	-3.7	0.33	3	-0.421	6	-0.406	0	0.56	0.00	0.00	0.33	
kinetic-momentum-vectors	1h	BTCUSD	levels	8	0.128	1.0	0.75	2	0.868	6	-0.119	0	0.75	0.13	0.13	0.13	
kinetic-momentum-vectors	1h	BTCUSD	er0.25	5	0.266	1.3	1.00	1	0.130	4	0.300	0	1.00	0.00	0.00	0.00	
kinetic-momentum-vectors	1h	BTCUSD	confirm1	3	-0.164	-0.5	0.67	0	0.000	3	-0.164	0	0.67	0.00	0.00	0.33	
kinetic-momentum-vectors	1h	BTCUSD	er+stop1.5	6	0.564	3.4	0.67	1	-1.000	5	0.877	0	0.67	0.17	0.17	0.17	
kinetic-momentum-vectors	1h	BTCUSD	er+stop2	6	0.905	5.4	0.83	1	0.321	5	1.022	0	0.83	0.17	0.00	0.17	
kinetic-momentum-vectors	1h	BTCUSD	confirm1+er	3	-0.164	-0.5	0.67	0	0.000	3	-0.164	0	0.67	0.00	0.00	0.33	
kinetic-momentum-vectors	1h	BTCUSD	inverted	9	0.137	1.2	0.78	3	0.343	6	0.034	0	0.78	0.44	0.11	0.22	
kinetic-momentum-vectors	1h	BTCUSD	long	8	0.128	1.0	0.75	2	0.868	6	-0.119	0	0.75	0.13	0.13	0.13	
kinetic-momentum-vectors	1h	BTCUSD	short	0	0.000	0.0	0.00	0	0.000	0	0.000	0	0.00	0.00	0.00	0.00	
kinetic-momentum-vectors	1h	BTCUSD	repaint	11	0.128	1.0	0.75	2	0.868	6	-0.119	0	0.75	0.13	0.13	0.13	0 of 11 earlier entries changed when the last 60 bars were hidden (0%)
kinetic-momentum-vectors	1h	BTCUSD	verdict	8	0.128	1.0	0.75	2	0.868	6	-0.119	0	0.75	0.13	0.13	0.13	too few trades to say → more history or a faster timeframe before judging
kinetic-momentum-vectors	1h	ETHUSD	base	14	0.282	3.9	0.86	5	0.289	9	0.277	1	0.86	0.14	0.07	0.14	
kinetic-momentum-vectors	1h	ETHUSD	gross	14	0.421	5.9	0.86	5	0.431	9	0.416	1	0.86	0.14	0.07	0.14	
kinetic-momentum-vectors	1h	ETHUSD	stop1.5	14	0.582	8.1	0.93	5	0.385	9	0.691	1	0.93	0.14	0.07	0.07	
kinetic-momentum-vectors	1h	ETHUSD	stop2	14	0.870	12.2	0.93	5	0.340	9	1.164	1	0.93	0.21	0.14	0.07	
kinetic-momentum-vectors	1h	ETHUSD	tp1	14	0.362	5.1	0.79	5	0.374	9	0.355	1	0.64	0.00	0.00	0.21	
kinetic-momentum-vectors	1h	ETHUSD	levels	14	0.282	3.9	0.86	5	0.289	9	0.277	1	0.86	0.14	0.07	0.14	
kinetic-momentum-vectors	1h	ETHUSD	er0.25	9	0.317	2.8	0.78	3	0.386	6	0.282	0	0.78	0.22	0.11	0.22	
kinetic-momentum-vectors	1h	ETHUSD	confirm1	8	-0.147	-1.2	0.63	3	0.332	5	-0.434	0	0.63	0.13	0.00	0.25	
kinetic-momentum-vectors	1h	ETHUSD	er+stop1.5	9	0.724	6.5	0.89	3	0.302	6	0.935	0	0.89	0.11	0.11	0.11	
kinetic-momentum-vectors	1h	ETHUSD	er+stop2	9	1.152	10.4	0.89	3	0.304	6	1.575	0	0.89	0.22	0.22	0.11	
kinetic-momentum-vectors	1h	ETHUSD	confirm1+er	6	-0.101	-0.6	0.67	2	0.282	4	-0.293	0	0.67	0.00	0.00	0.33	
kinetic-momentum-vectors	1h	ETHUSD	inverted	14	-0.467	-6.5	0.36	5	-0.488	9	-0.456	0	0.36	0.07	0.07	0.50	
kinetic-momentum-vectors	1h	ETHUSD	long	14	0.282	3.9	0.86	5	0.289	9	0.277	1	0.86	0.14	0.07	0.14	
kinetic-momentum-vectors	1h	ETHUSD	short	0	0.000	0.0	0.00	0	0.000	0	0.000	0	0.00	0.00	0.00	0.00	
kinetic-momentum-vectors	1h	ETHUSD	label:shape:Bull Spike	14	0.282	3.9	0.86	5	0.289	9	0.277	1	0.86	0.14	0.07	0.14	
kinetic-momentum-vectors	1h	ETHUSD	repaint	14	0.282	3.9	0.86	5	0.289	9	0.277	1	0.86	0.14	0.07	0.14	0 of 14 earlier entries changed when the last 60 bars were hidden (0%)
kinetic-momentum-vectors	1h	ETHUSD	verdict	14	0.282	3.9	0.86	5	0.289	9	0.277	1	0.86	0.14	0.07	0.14	too few trades to say → more history or a faster timeframe before judging
kinetic-momentum-vectors	1h	XRPUSD	base	16	0.014	0.2	0.63	7	0.049	9	-0.013	0	0.63	0.19	0.13	0.38	
kinetic-momentum-vectors	1h	XRPUSD	gross	17	0.122	2.1	0.65	7	0.184	10	0.079	1	0.65	0.18	0.12	0.35	
kinetic-momentum-vectors	1h	XRPUSD	stop1.5	16	0.289	4.6	0.69	7	0.016	9	0.501	1	0.69	0.25	0.13	0.25	
kinetic-momentum-vectors	1h	XRPUSD	stop2	16	0.152	2.4	0.56	7	-0.383	9	0.568	0	0.56	0.25	0.13	0.13	
kinetic-momentum-vectors	1h	XRPUSD	tp1	17	-0.044	-0.7	0.53	7	-0.269	10	0.114	0	0.35	0.00	0.00	0.41	
kinetic-momentum-vectors	1h	XRPUSD	levels	16	0.014	0.2	0.63	7	0.049	9	-0.013	0	0.63	0.19	0.13	0.38	
kinetic-momentum-vectors	1h	XRPUSD	er0.25	12	0.051	0.6	0.58	5	0.014	7	0.078	1	0.58	0.25	0.17	0.42	
kinetic-momentum-vectors	1h	XRPUSD	confirm1	8	-0.047	-0.4	0.63	2	-0.420	6	0.078	0	0.63	0.38	0.00	0.38	
kinetic-momentum-vectors	1h	XRPUSD	er+stop1.5	12	0.376	4.5	0.67	5	-0.126	7	0.735	0	0.67	0.25	0.17	0.25	
kinetic-momentum-vectors	1h	XRPUSD	er+stop2	12	0.197	2.4	0.50	5	-0.665	7	0.812	0	0.50	0.33	0.17	0.17	
kinetic-momentum-vectors	1h	XRPUSD	confirm1+er	7	-0.076	-0.5	0.57	1	-1.000	6	0.078	0	0.57	0.43	0.00	0.43	
kinetic-momentum-vectors	1h	XRPUSD	inverted	17	-0.098	-1.7	0.59	7	0.282	10	-0.364	0	0.59	0.24	0.06	0.35	
kinetic-momentum-vectors	1h	XRPUSD	long	16	0.014	0.2	0.63	7	0.049	9	-0.013	0	0.63	0.19	0.13	0.38	
kinetic-momentum-vectors	1h	XRPUSD	short	0	0.000	0.0	0.00	0	0.000	0	0.000	0	0.00	0.00	0.00	0.00	
kinetic-momentum-vectors	1h	XRPUSD	label:shape:Bull Spike	16	0.014	0.2	0.63	7	0.049	9	-0.013	0	0.63	0.19	0.13	0.38	
kinetic-momentum-vectors	1h	XRPUSD	repaint	18	0.014	0.2	0.63	7	0.049	9	-0.013	0	0.63	0.19	0.13	0.38	0 of 18 earlier entries changed when the last 60 bars were hidden (0%)
kinetic-momentum-vectors	1h	XRPUSD	verdict	16	0.014	0.2	0.63	7	0.049	9	-0.013	0	0.63	0.19	0.13	0.38	too few trades to say → more history or a faster timeframe before judging
kinetic-momentum-vectors	1h	SOLUSD	base	20	0.050	1.0	0.80	6	-0.163	14	0.141	0	0.80	0.15	0.05	0.15	
kinetic-momentum-vectors	1h	SOLUSD	gross	20	0.170	3.4	0.80	6	-0.057	14	0.267	0	0.80	0.15	0.05	0.15	
kinetic-momentum-vectors	1h	SOLUSD	stop1.5	20	-0.129	-2.6	0.65	6	-0.311	14	-0.050	0	0.65	0.15	0.00	0.15	
kinetic-momentum-vectors	1h	SOLUSD	stop2	19	0.019	0.4	0.68	6	-0.134	13	0.090	0	0.68	0.11	0.05	0.05	
kinetic-momentum-vectors	1h	SOLUSD	tp1	20	-0.139	-2.8	0.50	6	-0.427	14	-0.016	0	0.70	0.00	0.00	0.25	
kinetic-momentum-vectors	1h	SOLUSD	levels	20	0.050	1.0	0.80	6	-0.163	14	0.141	0	0.80	0.15	0.05	0.15	
kinetic-momentum-vectors	1h	SOLUSD	er0.25	17	0.017	0.3	0.76	6	-0.163	11	0.116	0	0.76	0.18	0.06	0.18	
kinetic-momentum-vectors	1h	SOLUSD	confirm1	9	-0.428	-3.9	0.44	3	-0.202	6	-0.541	0	0.44	0.00	0.00	0.33	
kinetic-momentum-vectors	1h	SOLUSD	er+stop1.5	17	-0.209	-3.6	0.59	6	-0.311	11	-0.154	0	0.59	0.12	0.00	0.18	
kinetic-momentum-vectors	1h	SOLUSD	er+stop2	16	-0.028	-0.5	0.63	6	-0.134	10	0.035	0	0.63	0.13	0.06	0.06	
kinetic-momentum-vectors	1h	SOLUSD	confirm1+er	8	-0.356	-2.9	0.50	3	-0.202	5	-0.449	0	0.50	0.00	0.00	0.38	
kinetic-momentum-vectors	1h	SOLUSD	inverted	20	0.215	4.3	0.70	6	0.034	14	0.292	1	0.65	0.25	0.05	0.25	
kinetic-momentum-vectors	1h	SOLUSD	long	20	0.050	1.0	0.80	6	-0.163	14	0.141	0	0.80	0.15	0.05	0.15	
kinetic-momentum-vectors	1h	SOLUSD	short	0	0.000	0.0	0.00	0	0.000	0	0.000	0	0.00	0.00	0.00	0.00	
kinetic-momentum-vectors	1h	SOLUSD	label:shape:Bull Spike	20	0.050	1.0	0.80	6	-0.163	14	0.141	0	0.80	0.15	0.05	0.15	
kinetic-momentum-vectors	1h	SOLUSD	repaint	20	0.050	1.0	0.80	6	-0.163	14	0.141	0	0.80	0.15	0.05	0.15	0 of 20 earlier entries changed when the last 60 bars were hidden (0%)
kinetic-momentum-vectors	1h	SOLUSD	verdict	20	0.050	1.0	0.80	6	-0.163	14	0.141	0	0.80	0.15	0.05	0.15	READING: direction inverted → the signals mean the opposite of how they are read (a warning read as an entry, a state read as a flip); invert or restrict the source
kinetic-momentum-vectors	1h	BNBUSD	base	18	-0.008	-0.1	0.78	9	0.009	9	-0.026	0	0.78	0.22	0.00	0.11	
kinetic-momentum-vectors	1h	BNBUSD	gross	21	0.189	4.0	0.81	9	0.155	12	0.214	1	0.81	0.29	0.00	0.10	
kinetic-momentum-vectors	1h	BNBUSD	stop1.5	21	0.093	1.9	0.86	9	-0.011	12	0.170	0	0.86	0.05	0.00	0.05	
kinetic-momentum-vectors	1h	BNBUSD	stop2	20	0.013	0.3	0.80	9	-0.167	11	0.160	0	0.80	0.05	0.00	0.05	
kinetic-momentum-vectors	1h	BNBUSD	tp1	18	0.136	2.4	0.67	9	-0.048	9	0.320	0	0.61	0.00	0.00	0.17	
kinetic-momentum-vectors	1h	BNBUSD	levels	18	-0.008	-0.1	0.78	9	0.009	9	-0.026	0	0.78	0.22	0.00	0.11	
kinetic-momentum-vectors	1h	BNBUSD	er0.25	15	-0.081	-1.2	0.73	7	-0.099	8	-0.066	0	0.73	0.13	0.00	0.13	
kinetic-momentum-vectors	1h	BNBUSD	confirm1	11	-0.168	-1.8	0.64	5	0.353	6	-0.602	0	0.64	0.09	0.00	0.27	
kinetic-momentum-vectors	1h	BNBUSD	er+stop1.5	18	0.065	1.2	0.83	7	-0.093	11	0.166	0	0.83	0.06	0.00	0.06	
kinetic-momentum-vectors	1h	BNBUSD	er+stop2	18	-0.034	-0.6	0.78	7	-0.276	11	0.120	0	0.78	0.00	0.00	0.06	
kinetic-momentum-vectors	1h	BNBUSD	confirm1+er	10	-0.210	-2.1	0.60	4	0.379	6	-0.602	0	0.60	0.10	0.00	0.30	
kinetic-momentum-vectors	1h	BNBUSD	inverted	18	-0.196	-3.5	0.56	9	-0.256	9	-0.137	0	0.56	0.22	0.06	0.33	
kinetic-momentum-vectors	1h	BNBUSD	long	18	-0.008	-0.1	0.78	9	0.009	9	-0.026	0	0.78	0.22	0.00	0.11	
kinetic-momentum-vectors	1h	BNBUSD	short	0	0.000	0.0	0.00	0	0.000	0	0.000	0	0.00	0.00	0.00	0.00	
kinetic-momentum-vectors	1h	BNBUSD	label:shape:Bull Spike	18	-0.008	-0.1	0.78	9	0.009	9	-0.026	0	0.78	0.22	0.00	0.11	
kinetic-momentum-vectors	1h	BNBUSD	repaint	21	-0.008	-0.1	0.78	9	0.009	9	-0.026	0	0.78	0.22	0.00	0.11	0 of 21 earlier entries changed when the last 60 bars were hidden (0%)
kinetic-momentum-vectors	1h	BNBUSD	verdict	18	-0.008	-0.1	0.78	9	0.009	9	-0.026	0	0.78	0.22	0.00	0.11	too few trades to say → more history or a faster timeframe before judging
kinetic-momentum-vectors	1h	DOGEUSD	base	15	-0.193	-2.9	0.53	2	-0.226	13	-0.188	0	0.53	0.20	0.07	0.40	
kinetic-momentum-vectors	1h	DOGEUSD	gross	16	-0.021	-0.3	0.56	2	-0.185	14	0.002	0	0.56	0.25	0.13	0.38	
kinetic-momentum-vectors	1h	DOGEUSD	stop1.5	16	0.098	1.6	0.75	2	-0.326	14	0.158	0	0.75	0.19	0.00	0.19	
kinetic-momentum-vectors	1h	DOGEUSD	stop2	16	0.046	0.7	0.75	2	-0.367	14	0.105	0	0.75	0.19	0.00	0.13	
kinetic-momentum-vectors	1h	DOGEUSD	tp1	15	-0.389	-5.8	0.33	2	-0.064	13	-0.440	0	0.40	0.00	0.00	0.40	
kinetic-momentum-vectors	1h	DOGEUSD	levels	15	-0.193	-2.9	0.53	2	-0.226	13	-0.188	0	0.53	0.20	0.07	0.40	
kinetic-momentum-vectors	1h	DOGEUSD	er0.25	12	-0.224	-2.7	0.50	1	-0.956	11	-0.158	0	0.50	0.17	0.08	0.42	
kinetic-momentum-vectors	1h	DOGEUSD	confirm1	8	-0.665	-5.3	0.25	0	0.000	8	-0.665	0	0.25	0.00	0.00	0.50	
kinetic-momentum-vectors	1h	DOGEUSD	er+stop1.5	13	0.142	1.8	0.77	1	-1.000	12	0.237	0	0.77	0.23	0.00	0.23	
kinetic-momentum-vectors	1h	DOGEUSD	er+stop2	13	-0.013	-0.2	0.69	1	-1.000	12	0.069	0	0.69	0.23	0.00	0.15	
kinetic-momentum-vectors	1h	DOGEUSD	confirm1+er	8	-0.665	-5.3	0.25	0	0.000	8	-0.665	0	0.25	0.00	0.00	0.50	
kinetic-momentum-vectors	1h	DOGEUSD	inverted	15	0.009	0.1	0.73	2	0.313	13	-0.037	0	0.73	0.20	0.00	0.20	
kinetic-momentum-vectors	1h	DOGEUSD	long	15	-0.193	-2.9	0.53	2	-0.226	13	-0.188	0	0.53	0.20	0.07	0.40	
kinetic-momentum-vectors	1h	DOGEUSD	short	0	0.000	0.0	0.00	0	0.000	0	0.000	0	0.00	0.00	0.00	0.00	
kinetic-momentum-vectors	1h	DOGEUSD	label:shape:Bull Spike	15	-0.193	-2.9	0.53	2	-0.226	13	-0.188	0	0.53	0.20	0.07	0.40	
kinetic-momentum-vectors	1h	DOGEUSD	repaint	16	-0.193	-2.9	0.53	2	-0.226	13	-0.188	0	0.53	0.20	0.07	0.40	0 of 16 earlier entries changed when the last 60 bars were hidden (0%)
kinetic-momentum-vectors	1h	DOGEUSD	verdict	15	-0.193	-2.9	0.53	2	-0.226	13	-0.188	0	0.53	0.20	0.07	0.40	too few trades to say → more history or a faster timeframe before judging
kinetic-momentum-vectors	1h	ADAUSD	base	21	0.146	3.1	0.71	7	0.381	14	0.029	1	0.71	0.29	0.10	0.19	
kinetic-momentum-vectors	1h	ADAUSD	gross	21	0.224	4.7	0.71	7	0.486	14	0.092	1	0.71	0.29	0.10	0.19	
kinetic-momentum-vectors	1h	ADAUSD	stop1.5	21	-0.061	-1.3	0.62	7	0.053	14	-0.119	0	0.62	0.24	0.05	0.14	
kinetic-momentum-vectors	1h	ADAUSD	stop2	19	-0.032	-0.6	0.58	7	0.021	12	-0.063	0	0.58	0.21	0.05	0.05	
kinetic-momentum-vectors	1h	ADAUSD	tp1	22	-0.075	-1.6	0.50	7	0.318	15	-0.258	0	0.45	0.00	0.00	0.32	
kinetic-momentum-vectors	1h	ADAUSD	levels	21	0.146	3.1	0.71	7	0.381	14	0.029	1	0.71	0.29	0.10	0.19	
kinetic-momentum-vectors	1h	ADAUSD	er0.25	16	0.217	3.5	0.75	6	0.382	10	0.117	1	0.75	0.31	0.13	0.19	
kinetic-momentum-vectors	1h	ADAUSD	confirm1	12	-0.421	-5.0	0.42	6	-0.341	6	-0.500	0	0.42	0.00	0.00	0.33	
kinetic-momentum-vectors	1h	ADAUSD	er+stop1.5	16	-0.023	-0.4	0.63	6	0.019	10	-0.049	0	0.63	0.25	0.06	0.13	
kinetic-momentum-vectors	1h	ADAUSD	er+stop2	14	0.102	1.4	0.64	6	-0.064	8	0.227	0	0.64	0.29	0.07	0.07	
kinetic-momentum-vectors	1h	ADAUSD	confirm1+er	11	-0.368	-4.0	0.45	6	-0.341	5	-0.400	0	0.45	0.00	0.00	0.36	
kinetic-momentum-vectors	1h	ADAUSD	inverted	21	0.097	2.0	0.57	7	-0.613	14	0.451	0	0.52	0.10	0.05	0.43	
kinetic-momentum-vectors	1h	ADAUSD	long	21	0.146	3.1	0.71	7	0.381	14	0.029	1	0.71	0.29	0.10	0.19	
kinetic-momentum-vectors	1h	ADAUSD	short	0	0.000	0.0	0.00	0	0.000	0	0.000	0	0.00	0.00	0.00	0.00	
kinetic-momentum-vectors	1h	ADAUSD	label:shape:Bull Spike	21	0.146	3.1	0.71	7	0.381	14	0.029	1	0.71	0.29	0.10	0.19	
kinetic-momentum-vectors	1h	ADAUSD	repaint	22	0.146	3.1	0.71	7	0.381	14	0.029	1	0.71	0.29	0.10	0.19	0 of 22 earlier entries changed when the last 60 bars were hidden (0%)
kinetic-momentum-vectors	1h	ADAUSD	verdict	21	0.146	3.1	0.71	7	0.381	14	0.029	1	0.71	0.29	0.10	0.19	pays as read → nothing to fix; measure in shadow
kinetic-momentum-vectors	1h	AVAXUSD	base	21	-0.259	-5.4	0.52	6	-0.546	15	-0.144	0	0.52	0.14	0.00	0.43	
kinetic-momentum-vectors	1h	AVAXUSD	gross	21	-0.221	-4.6	0.52	6	-0.547	15	-0.090	0	0.52	0.14	0.00	0.43	
kinetic-momentum-vectors	1h	AVAXUSD	stop1.5	20	-0.025	-0.5	0.70	6	-0.353	14	0.116	0	0.70	0.05	0.00	0.20	
kinetic-momentum-vectors	1h	AVAXUSD	stop2	20	0.048	1.0	0.70	6	-0.330	14	0.210	0	0.70	0.20	0.05	0.10	
kinetic-momentum-vectors	1h	AVAXUSD	tp1	21	-0.030	-0.6	0.52	6	-0.375	15	0.107	0	0.48	0.00	0.00	0.43	
kinetic-momentum-vectors	1h	AVAXUSD	levels	21	-0.259	-5.4	0.52	6	-0.546	15	-0.144	0	0.52	0.14	0.00	0.43	
kinetic-momentum-vectors	1h	AVAXUSD	er0.25	15	-0.066	-1.0	0.67	1	0.171	14	-0.083	0	0.67	0.20	0.00	0.33	
kinetic-momentum-vectors	1h	AVAXUSD	confirm1	6	-0.098	-0.6	0.67	2	0.369	4	-0.331	0	0.67	0.17	0.00	0.33	
kinetic-momentum-vectors	1h	AVAXUSD	er+stop1.5	14	0.210	2.9	0.86	1	0.327	13	0.201	0	0.86	0.07	0.00	0.14	
kinetic-momentum-vectors	1h	AVAXUSD	er+stop2	14	0.300	4.2	0.86	1	0.253	13	0.304	0	0.86	0.29	0.07	0.07	
kinetic-momentum-vectors	1h	AVAXUSD	confirm1+er	5	-0.187	-0.9	0.60	1	0.387	4	-0.331	0	0.60	0.20	0.00	0.40	
kinetic-momentum-vectors	1h	AVAXUSD	inverted	20	0.402	8.0	0.85	6	0.437	14	0.387	1	0.85	0.25	0.15	0.15	
kinetic-momentum-vectors	1h	AVAXUSD	long	21	-0.259	-5.4	0.52	6	-0.546	15	-0.144	0	0.52	0.14	0.00	0.43	
kinetic-momentum-vectors	1h	AVAXUSD	short	0	0.000	0.0	0.00	0	0.000	0	0.000	0	0.00	0.00	0.00	0.00	
kinetic-momentum-vectors	1h	AVAXUSD	label:shape:Bull Spike	21	-0.259	-5.4	0.52	6	-0.546	15	-0.144	0	0.52	0.14	0.00	0.43	
kinetic-momentum-vectors	1h	AVAXUSD	repaint	21	-0.259	-5.4	0.52	6	-0.546	15	-0.144	0	0.52	0.14	0.00	0.43	0 of 21 earlier entries changed when the last 60 bars were hidden (0%)
kinetic-momentum-vectors	1h	AVAXUSD	verdict	21	-0.259	-5.4	0.52	6	-0.546	15	-0.144	0	0.52	0.14	0.00	0.43	READING: direction inverted → the signals mean the opposite of how they are read (a warning read as an entry, a state read as a flip); invert or restrict the source
kinetic-momentum-vectors	1h	LTCUSD	base	20	0.167	3.3	0.70	4	-0.331	16	0.291	0	0.70	0.35	0.15	0.20	
kinetic-momentum-vectors	1h	LTCUSD	gross	22	0.219	4.8	0.68	4	-0.252	18	0.324	0	0.68	0.32	0.14	0.23	
kinetic-momentum-vectors	1h	LTCUSD	stop1.5	21	0.282	5.9	0.76	4	-0.380	17	0.438	0	0.76	0.33	0.14	0.05	
kinetic-momentum-vectors	1h	LTCUSD	stop2	20	0.306	6.1	0.80	4	-0.063	16	0.398	0	0.80	0.30	0.20	0.05	
kinetic-momentum-vectors	1h	LTCUSD	tp1	20	0.157	3.1	0.65	4	-0.138	16	0.231	0	0.45	0.00	0.00	0.20	
kinetic-momentum-vectors	1h	LTCUSD	levels	20	0.167	3.3	0.70	4	-0.331	16	0.291	0	0.70	0.35	0.15	0.20	
kinetic-momentum-vectors	1h	LTCUSD	er0.25	12	0.372	4.5	0.75	1	-1.000	11	0.496	0	0.75	0.50	0.25	0.25	
kinetic-momentum-vectors	1h	LTCUSD	confirm1	12	0.179	2.2	0.50	3	0.672	9	0.015	0	0.50	0.33	0.17	0.42	
kinetic-momentum-vectors	1h	LTCUSD	er+stop1.5	12	0.443	5.3	0.75	1	-1.000	11	0.574	0	0.75	0.50	0.25	0.08	
kinetic-momentum-vectors	1h	LTCUSD	er+stop2	11	0.306	3.4	0.73	1	-1.000	10	0.437	0	0.73	0.36	0.27	0.09	
kinetic-momentum-vectors	1h	LTCUSD	confirm1+er	8	-0.109	-0.9	0.38	1	-1.000	7	0.018	0	0.38	0.25	0.13	0.50	
kinetic-momentum-vectors	1h	LTCUSD	inverted	20	-0.149	-3.0	0.55	4	-0.372	16	-0.093	0	0.55	0.10	0.10	0.45	
kinetic-momentum-vectors	1h	LTCUSD	long	20	0.167	3.3	0.70	4	-0.331	16	0.291	0	0.70	0.35	0.15	0.20	
kinetic-momentum-vectors	1h	LTCUSD	short	0	0.000	0.0	0.00	0	0.000	0	0.000	0	0.00	0.00	0.00	0.00	
kinetic-momentum-vectors	1h	LTCUSD	label:shape:Bull Spike	20	0.167	3.3	0.70	4	-0.331	16	0.291	0	0.70	0.35	0.15	0.20	
kinetic-momentum-vectors	1h	LTCUSD	repaint	22	0.167	3.3	0.70	4	-0.331	16	0.291	0	0.70	0.35	0.15	0.20	0 of 22 earlier entries changed when the last 60 bars were hidden (0%)
kinetic-momentum-vectors	1h	LTCUSD	verdict	20	0.167	3.3	0.70	4	-0.331	16	0.291	0	0.70	0.35	0.15	0.20	no variant pays in both halves → not a reading, exit or cost problem on this cell; re-time or retire the pair
kinetic-momentum-vectors	1h	BCHUSD	base	27	0.257	6.9	0.67	13	-0.046	14	0.538	0	0.67	0.30	0.15	0.22	
kinetic-momentum-vectors	1h	BCHUSD	gross	27	0.350	9.5	0.67	13	0.026	14	0.652	1	0.67	0.30	0.15	0.22	
kinetic-momentum-vectors	1h	BCHUSD	stop1.5	24	0.457	11.0	0.79	11	-0.045	13	0.882	0	0.79	0.38	0.08	0.08	
kinetic-momentum-vectors	1h	BCHUSD	stop2	24	0.300	7.2	0.75	11	-0.235	13	0.753	0	0.75	0.29	0.13	0.04	
kinetic-momentum-vectors	1h	BCHUSD	tp1	29	0.089	2.6	0.59	13	-0.147	16	0.281	0	0.38	0.00	0.00	0.24	
kinetic-momentum-vectors	1h	BCHUSD	levels	27	0.257	6.9	0.67	13	-0.046	14	0.538	0	0.67	0.30	0.15	0.22	
kinetic-momentum-vectors	1h	BCHUSD	er0.25	21	0.234	4.9	0.62	9	-0.144	12	0.518	0	0.62	0.24	0.14	0.33	
kinetic-momentum-vectors	1h	BCHUSD	confirm1	15	-0.131	-2.0	0.53	6	-0.317	9	-0.007	0	0.53	0.20	0.13	0.33	
kinetic-momentum-vectors	1h	BCHUSD	er+stop1.5	19	0.651	12.4	0.84	8	-0.075	11	1.180	0	0.84	0.42	0.16	0.11	
kinetic-momentum-vectors	1h	BCHUSD	er+stop2	19	0.461	8.8	0.79	8	-0.304	11	1.017	0	0.79	0.37	0.21	0.05	
kinetic-momentum-vectors	1h	BCHUSD	confirm1+er	11	-0.070	-0.8	0.55	4	-0.371	7	0.102	0	0.55	0.18	0.18	0.45	
kinetic-momentum-vectors	1h	BCHUSD	inverted	29	-0.171	-5.0	0.55	13	-0.132	16	-0.204	0	0.55	0.24	0.00	0.38	
kinetic-momentum-vectors	1h	BCHUSD	long	27	0.257	6.9	0.67	13	-0.046	14	0.538	0	0.67	0.30	0.15	0.22	
kinetic-momentum-vectors	1h	BCHUSD	short	0	0.000	0.0	0.00	0	0.000	0	0.000	0	0.00	0.00	0.00	0.00	
kinetic-momentum-vectors	1h	BCHUSD	label:shape:Bull Spike	27	0.257	6.9	0.67	13	-0.046	14	0.538	0	0.67	0.30	0.15	0.22	
kinetic-momentum-vectors	1h	BCHUSD	repaint	29	0.257	6.9	0.67	13	-0.046	14	0.538	0	0.67	0.30	0.15	0.22	0 of 29 earlier entries changed when the last 60 bars were hidden (0%)
kinetic-momentum-vectors	1h	BCHUSD	verdict	27	0.257	6.9	0.67	13	-0.046	14	0.538	0	0.67	0.30	0.15	0.22	COSTS: positive before fees, negative after → a slower timeframe or a wider stop/target so each trade pays the round trip several times over
kinetic-momentum-vectors	1h	LINKUSD	base	23	-0.200	-4.6	0.57	8	0.195	15	-0.411	0	0.57	0.22	0.00	0.30	
kinetic-momentum-vectors	1h	LINKUSD	gross	24	-0.110	-2.6	0.58	8	0.336	16	-0.332	0	0.58	0.21	0.00	0.29	
kinetic-momentum-vectors	1h	LINKUSD	stop1.5	24	-0.022	-0.5	0.71	8	0.185	16	-0.126	0	0.71	0.21	0.00	0.13	
kinetic-momentum-vectors	1h	LINKUSD	stop2	24	-0.083	-2.0	0.67	8	0.050	16	-0.149	0	0.67	0.13	0.00	0.08	
kinetic-momentum-vectors	1h	LINKUSD	tp1	23	-0.301	-6.9	0.39	8	0.310	15	-0.627	0	0.48	0.00	0.00	0.35	
kinetic-momentum-vectors	1h	LINKUSD	levels	23	-0.200	-4.6	0.57	8	0.195	15	-0.411	0	0.57	0.22	0.00	0.30	
kinetic-momentum-vectors	1h	LINKUSD	er0.25	14	-0.265	-3.7	0.50	4	0.058	10	-0.394	0	0.50	0.21	0.00	0.43	
kinetic-momentum-vectors	1h	LINKUSD	confirm1	10	-0.154	-1.5	0.60	6	0.170	4	-0.640	0	0.60	0.20	0.00	0.10	
kinetic-momentum-vectors	1h	LINKUSD	er+stop1.5	15	-0.027	-0.4	0.67	4	0.100	11	-0.073	0	0.67	0.27	0.00	0.20	
kinetic-momentum-vectors	1h	LINKUSD	er+stop2	15	0.005	0.1	0.73	4	0.021	11	-0.001	0	0.73	0.13	0.00	0.13	
kinetic-momentum-vectors	1h	LINKUSD	confirm1+er	5	0.036	0.2	0.80	3	0.247	2	-0.280	0	0.80	0.20	0.00	0.20	
kinetic-momentum-vectors	1h	LINKUSD	inverted	23	-0.120	-2.8	0.61	8	-0.503	15	0.084	0	0.61	0.22	0.04	0.22	
kinetic-momentum-vectors	1h	LINKUSD	long	23	-0.200	-4.6	0.57	8	0.195	15	-0.411	0	0.57	0.22	0.00	0.30	
kinetic-momentum-vectors	1h	LINKUSD	short	0	0.000	0.0	0.00	0	0.000	0	0.000	0	0.00	0.00	0.00	0.00	
kinetic-momentum-vectors	1h	LINKUSD	label:shape:Bull Spike	23	-0.200	-4.6	0.57	8	0.195	15	-0.411	0	0.57	0.22	0.00	0.30	
kinetic-momentum-vectors	1h	LINKUSD	repaint	24	-0.200	-4.6	0.57	8	0.195	15	-0.411	0	0.57	0.22	0.00	0.30	0 of 24 earlier entries changed when the last 60 bars were hidden (0%)
kinetic-momentum-vectors	1h	LINKUSD	verdict	23	-0.200	-4.6	0.57	8	0.195	15	-0.411	0	0.57	0.22	0.00	0.30	no variant pays in both halves → not a reading, exit or cost problem on this cell; re-time or retire the pair
kinetic-momentum-vectors	1h	SUIUSD	base	21	-0.044	-0.9	0.57	11	0.042	10	-0.139	0	0.57	0.24	0.10	0.33	
kinetic-momentum-vectors	1h	SUIUSD	gross	21	0.028	0.6	0.57	11	0.129	10	-0.082	0	0.57	0.24	0.10	0.33	
kinetic-momentum-vectors	1h	SUIUSD	stop1.5	21	-0.125	-2.6	0.57	11	-0.026	10	-0.234	0	0.57	0.19	0.05	0.29	
kinetic-momentum-vectors	1h	SUIUSD	stop2	21	-0.084	-1.8	0.57	11	0.219	10	-0.417	0	0.57	0.19	0.05	0.14	
kinetic-momentum-vectors	1h	SUIUSD	tp1	21	-0.128	-2.7	0.48	11	-0.011	10	-0.255	0	0.43	0.00	0.00	0.38	
kinetic-momentum-vectors	1h	SUIUSD	levels	21	-0.044	-0.9	0.57	11	0.042	10	-0.139	0	0.57	0.24	0.10	0.33	
kinetic-momentum-vectors	1h	SUIUSD	er0.25	16	0.000	0.0	0.56	9	0.135	7	-0.173	0	0.56	0.25	0.13	0.38	
kinetic-momentum-vectors	1h	SUIUSD	confirm1	9	-0.055	-0.5	0.56	6	0.140	3	-0.446	0	0.56	0.22	0.11	0.22	
kinetic-momentum-vectors	1h	SUIUSD	er+stop1.5	16	-0.092	-1.5	0.56	9	0.055	7	-0.280	0	0.56	0.25	0.06	0.31	
kinetic-momentum-vectors	1h	SUIUSD	er+stop2	16	-0.033	-0.5	0.56	9	0.355	7	-0.531	0	0.56	0.25	0.06	0.19	
kinetic-momentum-vectors	1h	SUIUSD	confirm1+er	7	0.050	0.3	0.57	5	0.137	2	-0.169	0	0.57	0.29	0.14	0.29	
kinetic-momentum-vectors	1h	SUIUSD	inverted	20	0.188	3.8	0.75	11	-0.018	9	0.439	0	0.75	0.30	0.10	0.15	
kinetic-momentum-vectors	1h	SUIUSD	long	21	-0.044	-0.9	0.57	11	0.042	10	-0.139	0	0.57	0.24	0.10	0.33	
kinetic-momentum-vectors	1h	SUIUSD	short	0	0.000	0.0	0.00	0	0.000	0	0.000	0	0.00	0.00	0.00	0.00	
kinetic-momentum-vectors	1h	SUIUSD	label:shape:Bull Spike	21	-0.044	-0.9	0.57	11	0.042	10	-0.139	0	0.57	0.24	0.10	0.33	
kinetic-momentum-vectors	1h	SUIUSD	repaint	21	-0.044	-0.9	0.57	11	0.042	10	-0.139	0	0.57	0.24	0.10	0.33	0 of 21 earlier entries changed when the last 60 bars were hidden (0%)
kinetic-momentum-vectors	1h	SUIUSD	verdict	21	-0.044	-0.9	0.57	11	0.042	10	-0.139	0	0.57	0.24	0.10	0.33	no variant pays in both halves → not a reading, exit or cost problem on this cell; re-time or retire the pair
kinetic-momentum-vectors	1h	NEARUSD	base	44	-0.057	-2.5	0.64	25	-0.116	19	0.020	0	0.64	0.18	0.05	0.32	
kinetic-momentum-vectors	1h	NEARUSD	gross	44	-0.011	-0.5	0.64	25	-0.080	19	0.079	0	0.64	0.18	0.05	0.32	
kinetic-momentum-vectors	1h	NEARUSD	stop1.5	44	-0.062	-2.7	0.66	25	-0.034	19	-0.099	0	0.66	0.11	0.00	0.16	
kinetic-momentum-vectors	1h	NEARUSD	stop2	42	-0.139	-5.8	0.62	23	-0.100	19	-0.186	0	0.62	0.10	0.00	0.05	
kinetic-momentum-vectors	1h	NEARUSD	tp1	43	0.052	2.2	0.56	24	0.105	19	-0.015	0	0.53	0.00	0.00	0.33	
kinetic-momentum-vectors	1h	NEARUSD	levels	44	-0.057	-2.5	0.64	25	-0.116	19	0.020	0	0.64	0.18	0.05	0.32	
kinetic-momentum-vectors	1h	NEARUSD	er0.25	32	-0.128	-4.1	0.63	19	-0.141	13	-0.108	0	0.63	0.16	0.00	0.34	
kinetic-momentum-vectors	1h	NEARUSD	confirm1	22	-0.067	-1.5	0.64	12	-0.149	10	0.031	0	0.64	0.14	0.00	0.27	
kinetic-momentum-vectors	1h	NEARUSD	er+stop1.5	32	-0.049	-1.6	0.69	19	0.017	13	-0.144	0	0.69	0.06	0.00	0.16	
kinetic-momentum-vectors	1h	NEARUSD	er+stop2	32	-0.161	-5.2	0.63	19	-0.160	13	-0.164	0	0.63	0.03	0.00	0.06	
kinetic-momentum-vectors	1h	NEARUSD	confirm1+er	16	-0.100	-1.6	0.63	10	-0.159	6	-0.001	0	0.63	0.13	0.00	0.31	
kinetic-momentum-vectors	1h	NEARUSD	inverted	43	-0.000	-0.0	0.70	24	0.098	19	-0.124	0	0.70	0.19	0.00	0.26	
kinetic-momentum-vectors	1h	NEARUSD	long	44	-0.057	-2.5	0.64	25	-0.116	19	0.020	0	0.64	0.18	0.05	0.32	
kinetic-momentum-vectors	1h	NEARUSD	short	0	0.000	0.0	0.00	0	0.000	0	0.000	0	0.00	0.00	0.00	0.00	
kinetic-momentum-vectors	1h	NEARUSD	label:shape:Bull Spike	44	-0.057	-2.5	0.64	25	-0.116	19	0.020	0	0.64	0.18	0.05	0.32	
kinetic-momentum-vectors	1h	NEARUSD	repaint	42	-0.057	-2.5	0.64	25	-0.116	19	0.020	0	0.64	0.18	0.05	0.32	0 of 42 earlier entries changed when the last 60 bars were hidden (0%)
kinetic-momentum-vectors	1h	NEARUSD	verdict	44	-0.057	-2.5	0.64	25	-0.116	19	0.020	0	0.64	0.18	0.05	0.32	no variant pays in both halves → not a reading, exit or cost problem on this cell; re-time or retire the pair
kinetic-momentum-vectors	1h	HYPEUSD	base	26	-0.070	-1.8	0.69	16	0.111	10	-0.362	0	0.69	0.12	0.00	0.23	
kinetic-momentum-vectors	1h	HYPEUSD	gross	26	-0.001	-0.0	0.69	16	0.180	10	-0.289	0	0.69	0.12	0.00	0.23	
kinetic-momentum-vectors	1h	HYPEUSD	stop1.5	26	0.081	2.1	0.77	16	0.250	10	-0.190	0	0.77	0.15	0.04	0.15	
kinetic-momentum-vectors	1h	HYPEUSD	stop2	25	0.132	3.3	0.80	15	0.214	10	0.008	1	0.80	0.08	0.00	0.08	
kinetic-momentum-vectors	1h	HYPEUSD	tp1	26	0.058	1.5	0.58	16	0.279	10	-0.297	0	0.62	0.00	0.00	0.27	
kinetic-momentum-vectors	1h	HYPEUSD	levels	26	-0.070	-1.8	0.69	16	0.111	10	-0.362	0	0.69	0.12	0.00	0.23	
kinetic-momentum-vectors	1h	HYPEUSD	er0.25	19	0.078	1.5	0.79	14	0.181	5	-0.212	0	0.79	0.16	0.00	0.16	
kinetic-momentum-vectors	1h	HYPEUSD	confirm1	15	0.000	0.0	0.67	11	-0.117	4	0.322	0	0.67	0.33	0.07	0.20	
kinetic-momentum-vectors	1h	HYPEUSD	er+stop1.5	19	0.285	5.4	0.89	14	0.337	5	0.138	1	0.89	0.21	0.05	0.05	
kinetic-momentum-vectors	1h	HYPEUSD	er+stop2	18	0.318	5.7	0.94	13	0.288	5	0.397	1	0.94	0.06	0.00	0.00	
kinetic-momentum-vectors	1h	HYPEUSD	confirm1+er	13	-0.024	-0.3	0.62	11	-0.117	2	0.488	0	0.62	0.38	0.08	0.23	
kinetic-momentum-vectors	1h	HYPEUSD	inverted	26	-0.111	-2.9	0.58	16	-0.218	10	0.060	0	0.58	0.23	0.04	0.23	
kinetic-momentum-vectors	1h	HYPEUSD	long	26	-0.070	-1.8	0.69	16	0.111	10	-0.362	0	0.69	0.12	0.00	0.23	
kinetic-momentum-vectors	1h	HYPEUSD	short	0	0.000	0.0	0.00	0	0.000	0	0.000	0	0.00	0.00	0.00	0.00	
kinetic-momentum-vectors	1h	HYPEUSD	label:shape:Bull Spike	26	-0.070	-1.8	0.69	16	0.111	10	-0.362	0	0.69	0.12	0.00	0.23	
kinetic-momentum-vectors	1h	HYPEUSD	repaint	26	-0.070	-1.8	0.69	16	0.111	10	-0.362	0	0.69	0.12	0.00	0.23	0 of 26 earlier entries changed when the last 60 bars were hidden (0%)
kinetic-momentum-vectors	1h	HYPEUSD	verdict	26	-0.070	-1.8	0.69	16	0.111	10	-0.362	0	0.69	0.12	0.00	0.23	no variant pays in both halves → not a reading, exit or cost problem on this cell; re-time or retire the pair
kinetic-momentum-vectors	4h	BTCUSD	base	6	0.048	0.3	0.83	4	-0.046	2	0.236	0	0.83	0.00	0.00	0.00	
kinetic-momentum-vectors	4h	BTCUSD	gross	6	0.123	0.7	0.83	4	0.030	2	0.308	0	0.83	0.00	0.00	0.00	
kinetic-momentum-vectors	4h	BTCUSD	stop1.5	6	0.119	0.7	0.83	4	0.007	2	0.342	0	0.83	0.17	0.00	0.00	
kinetic-momentum-vectors	4h	BTCUSD	stop2	6	0.121	0.7	0.83	4	-0.013	2	0.389	0	0.83	0.00	0.00	0.00	
kinetic-momentum-vectors	4h	BTCUSD	tp1	6	0.200	1.2	0.67	4	-0.101	2	0.803	0	0.83	0.00	0.00	0.00	
kinetic-momentum-vectors	4h	BTCUSD	levels	6	0.048	0.3	0.83	4	-0.046	2	0.236	0	0.83	0.00	0.00	0.00	
kinetic-momentum-vectors	4h	BTCUSD	er0.25	6	0.048	0.3	0.83	4	-0.046	2	0.236	0	0.83	0.00	0.00	0.00	
kinetic-momentum-vectors	4h	BTCUSD	confirm1	3	-0.120	-0.4	0.67	2	-0.377	1	0.393	0	0.67	0.00	0.00	0.33	
kinetic-momentum-vectors	4h	BTCUSD	er+stop1.5	6	0.119	0.7	0.83	4	0.007	2	0.342	0	0.83	0.17	0.00	0.00	
kinetic-momentum-vectors	4h	BTCUSD	er+stop2	6	0.121	0.7	0.83	4	-0.013	2	0.389	0	0.83	0.00	0.00	0.00	
kinetic-momentum-vectors	4h	BTCUSD	confirm1+er	3	-0.120	-0.4	0.67	2	-0.377	1	0.393	0	0.67	0.00	0.00	0.33	
kinetic-momentum-vectors	4h	BTCUSD	inverted	6	-0.337	-2.0	0.50	4	-0.349	2	-0.315	0	0.50	0.00	0.00	0.50	
kinetic-momentum-vectors	4h	BTCUSD	long	6	0.048	0.3	0.83	4	-0.046	2	0.236	0	0.83	0.00	0.00	0.00	
kinetic-momentum-vectors	4h	BTCUSD	short	0	0.000	0.0	0.00	0	0.000	0	0.000	0	0.00	0.00	0.00	0.00	
kinetic-momentum-vectors	4h	BTCUSD	repaint	6	0.048	0.3	0.83	4	-0.046	2	0.236	0	0.83	0.00	0.00	0.00	0 of 6 earlier entries changed when the last 60 bars were hidden (0%)
kinetic-momentum-vectors	4h	BTCUSD	verdict	6	0.048	0.3	0.83	4	-0.046	2	0.236	0	0.83	0.00	0.00	0.00	too few trades to say → more history or a faster timeframe before judging
kinetic-momentum-vectors	4h	ETHUSD	base	5	-0.221	-1.1	0.60	2	-0.394	3	-0.106	0	0.60	0.00	0.00	0.00	
kinetic-momentum-vectors	4h	ETHUSD	gross	5	-0.172	-0.9	0.60	2	-0.355	3	-0.050	0	0.60	0.00	0.00	0.00	
kinetic-momentum-vectors	4h	ETHUSD	stop1.5	5	-0.381	-1.9	0.40	2	-1.000	3	0.031	0	0.40	0.20	0.00	0.00	
kinetic-momentum-vectors	4h	ETHUSD	stop2	5	0.191	1.0	0.40	2	-1.000	3	0.985	0	0.40	0.40	0.20	0.00	
kinetic-momentum-vectors	4h	ETHUSD	tp1	5	-0.264	-1.3	0.40	2	-1.000	3	0.226	0	0.60	0.00	0.00	0.00	
kinetic-momentum-vectors	4h	ETHUSD	levels	5	-0.221	-1.1	0.60	2	-0.394	3	-0.106	0	0.60	0.00	0.00	0.00	
kinetic-momentum-vectors	4h	ETHUSD	er0.25	2	0.341	0.7	1.00	0	0.000	2	0.341	0	1.00	0.00	0.00	0.00	
kinetic-momentum-vectors	4h	ETHUSD	confirm1	2	0.292	0.6	1.00	0	0.000	2	0.292	0	1.00	0.00	0.00	0.00	
kinetic-momentum-vectors	4h	ETHUSD	er+stop1.5	2	0.547	1.1	1.00	0	0.000	2	0.547	0	1.00	0.50	0.00	0.00	
kinetic-momentum-vectors	4h	ETHUSD	er+stop2	2	1.977	4.0	1.00	0	0.000	2	1.977	0	1.00	1.00	0.50	0.00	
kinetic-momentum-vectors	4h	ETHUSD	confirm1+er	2	0.292	0.6	1.00	0	0.000	2	0.292	0	1.00	0.00	0.00	0.00	
kinetic-momentum-vectors	4h	ETHUSD	inverted	5	0.004	0.0	0.80	2	0.233	3	-0.149	0	0.80	0.00	0.00	0.00	
kinetic-momentum-vectors	4h	ETHUSD	long	5	-0.221	-1.1	0.60	2	-0.394	3	-0.106	0	0.60	0.00	0.00	0.00	
kinetic-momentum-vectors	4h	ETHUSD	short	0	0.000	0.0	0.00	0	0.000	0	0.000	0	0.00	0.00	0.00	0.00	
kinetic-momentum-vectors	4h	ETHUSD	repaint	5	-0.221	-1.1	0.60	2	-0.394	3	-0.106	0	0.60	0.00	0.00	0.00	0 of 5 earlier entries changed when the last 60 bars were hidden (0%)
kinetic-momentum-vectors	4h	ETHUSD	verdict	5	-0.221	-1.1	0.60	2	-0.394	3	-0.106	0	0.60	0.00	0.00	0.00	too few trades to say → more history or a faster timeframe before judging
kinetic-momentum-vectors	4h	SOLUSD	base	9	-0.050	-0.4	0.67	3	0.175	6	-0.162	0	0.67	0.22	0.00	0.22	
kinetic-momentum-vectors	4h	SOLUSD	gross	9	0.012	0.1	0.67	3	0.239	6	-0.102	0	0.67	0.22	0.00	0.22	
kinetic-momentum-vectors	4h	SOLUSD	stop1.5	9	0.205	1.8	0.67	3	0.013	6	0.300	0	0.67	0.33	0.11	0.11	
kinetic-momentum-vectors	4h	SOLUSD	stop2	9	0.118	1.1	0.67	3	-0.070	6	0.212	0	0.67	0.11	0.11	0.11	
kinetic-momentum-vectors	4h	SOLUSD	tp1	9	0.243	2.2	0.67	3	0.257	6	0.236	0	0.56	0.00	0.00	0.22	
kinetic-momentum-vectors	4h	SOLUSD	levels	9	-0.050	-0.4	0.67	3	0.175	6	-0.162	0	0.67	0.22	0.00	0.22	
kinetic-momentum-vectors	4h	SOLUSD	er0.25	7	-0.191	-1.3	0.57	2	-0.067	5	-0.240	0	0.57	0.14	0.00	0.29	
kinetic-momentum-vectors	4h	SOLUSD	confirm1	4	0.523	2.1	0.50	1	-1.000	3	1.031	0	0.50	0.50	0.25	0.00	
kinetic-momentum-vectors	4h	SOLUSD	er+stop1.5	7	0.104	0.7	0.57	2	-0.204	5	0.228	0	0.57	0.29	0.14	0.14	
kinetic-momentum-vectors	4h	SOLUSD	er+stop2	7	0.031	0.2	0.57	2	-0.275	5	0.154	0	0.57	0.14	0.14	0.14	
kinetic-momentum-vectors	4h	SOLUSD	confirm1+er	3	0.422	1.3	0.33	1	-1.000	2	1.133	0	0.33	0.33	0.33	0.00	
kinetic-momentum-vectors	4h	SOLUSD	inverted	9	-0.243	-2.2	0.56	3	-0.541	6	-0.094	0	0.56	0.11	0.00	0.33	
kinetic-momentum-vectors	4h	SOLUSD	long	9	-0.050	-0.4	0.67	3	0.175	6	-0.162	0	0.67	0.22	0.00	0.22	
kinetic-momentum-vectors	4h	SOLUSD	short	0	0.000	0.0	0.00	0	0.000	0	0.000	0	0.00	0.00	0.00	0.00	
kinetic-momentum-vectors	4h	SOLUSD	repaint	9	-0.050	-0.4	0.67	3	0.175	6	-0.162	0	0.67	0.22	0.00	0.22	0 of 9 earlier entries changed when the last 60 bars were hidden (0%)
kinetic-momentum-vectors	4h	SOLUSD	verdict	9	-0.050	-0.4	0.67	3	0.175	6	-0.162	0	0.67	0.22	0.00	0.22	too few trades to say → more history or a faster timeframe before judging
kinetic-momentum-vectors	4h	XRPUSD	base	9	0.346	3.1	0.78	4	0.527	5	0.201	0	0.78	0.44	0.11	0.22	
kinetic-momentum-vectors	4h	XRPUSD	gross	9	0.422	3.8	0.78	4	0.625	5	0.259	0	0.78	0.44	0.11	0.22	
kinetic-momentum-vectors	4h	XRPUSD	stop1.5	9	0.111	1.0	0.67	4	0.159	5	0.072	0	0.67	0.44	0.11	0.11	
kinetic-momentum-vectors	4h	XRPUSD	stop2	9	0.035	0.3	0.67	4	0.061	5	0.013	0	0.67	0.22	0.00	0.11	
kinetic-momentum-vectors	4h	XRPUSD	tp1	9	0.257	2.3	0.67	4	0.405	5	0.139	0	0.44	0.00	0.00	0.22	
kinetic-momentum-vectors	4h	XRPUSD	levels	9	0.346	3.1	0.78	4	0.527	5	0.201	0	0.78	0.44	0.11	0.22	
kinetic-momentum-vectors	4h	XRPUSD	er0.25	8	0.514	4.1	0.88	4	0.527	4	0.502	0	0.88	0.50	0.13	0.13	
kinetic-momentum-vectors	4h	XRPUSD	confirm1	5	0.094	0.5	0.60	4	-0.250	1	1.474	0	0.60	0.60	0.20	0.00	
kinetic-momentum-vectors	4h	XRPUSD	er+stop1.5	8	0.250	2.0	0.75	4	0.159	4	0.340	0	0.75	0.50	0.13	0.13	
kinetic-momentum-vectors	4h	XRPUSD	er+stop2	8	0.164	1.3	0.75	4	0.061	4	0.267	0	0.75	0.25	0.00	0.13	
kinetic-momentum-vectors	4h	XRPUSD	confirm1+er	5	0.094	0.5	0.60	4	-0.250	1	1.474	0	0.60	0.60	0.20	0.00	
kinetic-momentum-vectors	4h	XRPUSD	inverted	9	-0.297	-2.7	0.44	4	-0.690	5	0.016	0	0.44	0.11	0.11	0.56	
kinetic-momentum-vectors	4h	XRPUSD	long	9	0.346	3.1	0.78	4	0.527	5	0.201	0	0.78	0.44	0.11	0.22	
kinetic-momentum-vectors	4h	XRPUSD	short	0	0.000	0.0	0.00	0	0.000	0	0.000	0	0.00	0.00	0.00	0.00	
kinetic-momentum-vectors	4h	XRPUSD	repaint	9	0.346	3.1	0.78	4	0.527	5	0.201	0	0.78	0.44	0.11	0.22	0 of 9 earlier entries changed when the last 60 bars were hidden (0%)
kinetic-momentum-vectors	4h	XRPUSD	verdict	9	0.346	3.1	0.78	4	0.527	5	0.201	0	0.78	0.44	0.11	0.22	too few trades to say → more history or a faster timeframe before judging
kinetic-momentum-vectors	4h	BNBUSD	base	13	0.101	1.3	0.85	3	-0.101	10	0.162	0	0.85	0.08	0.00	0.08	
kinetic-momentum-vectors	4h	BNBUSD	gross	13	0.199	2.6	0.85	3	-0.010	10	0.261	0	0.85	0.08	0.00	0.08	
kinetic-momentum-vectors	4h	BNBUSD	stop1.5	12	0.035	0.4	0.67	3	-0.570	9	0.237	0	0.67	0.17	0.08	0.17	
kinetic-momentum-vectors	4h	BNBUSD	stop2	12	-0.121	-1.4	0.50	3	-0.570	9	0.029	0	0.50	0.25	0.17	0.08	
kinetic-momentum-vectors	4h	BNBUSD	tp1	13	-0.175	-2.3	0.46	3	-0.403	10	-0.107	0	0.77	0.00	0.00	0.23	
kinetic-momentum-vectors	4h	BNBUSD	levels	13	0.101	1.3	0.85	3	-0.101	10	0.162	0	0.85	0.08	0.00	0.08	
kinetic-momentum-vectors	4h	BNBUSD	er0.25	10	0.035	0.4	0.80	3	-0.101	7	0.094	0	0.80	0.00	0.00	0.10	
kinetic-momentum-vectors	4h	BNBUSD	confirm1	8	0.843	6.7	0.88	1	0.248	7	0.928	0	0.88	0.25	0.25	0.00	
kinetic-momentum-vectors	4h	BNBUSD	er+stop1.5	10	-0.193	-1.9	0.60	3	-0.570	7	-0.031	0	0.60	0.10	0.00	0.20	
kinetic-momentum-vectors	4h	BNBUSD	er+stop2	10	-0.312	-3.1	0.40	3	-0.570	7	-0.202	0	0.40	0.30	0.10	0.10	
kinetic-momentum-vectors	4h	BNBUSD	confirm1+er	5	0.543	2.7	0.80	1	0.248	4	0.617	0	0.80	0.20	0.20	0.00	
kinetic-momentum-vectors	4h	BNBUSD	inverted	13	-0.039	-0.5	0.62	3	0.094	10	-0.079	0	0.62	0.23	0.08	0.23	
kinetic-momentum-vectors	4h	BNBUSD	long	13	0.101	1.3	0.85	3	-0.101	10	0.162	0	0.85	0.08	0.00	0.08	
kinetic-momentum-vectors	4h	BNBUSD	short	0	0.000	0.0	0.00	0	0.000	0	0.000	0	0.00	0.00	0.00	0.00	
kinetic-momentum-vectors	4h	BNBUSD	label:shape:Bull Spike	13	0.101	1.3	0.85	3	-0.101	10	0.162	0	0.85	0.08	0.00	0.08	
kinetic-momentum-vectors	4h	BNBUSD	repaint	13	0.101	1.3	0.85	3	-0.101	10	0.162	0	0.85	0.08	0.00	0.08	0 of 13 earlier entries changed when the last 60 bars were hidden (0%)
kinetic-momentum-vectors	4h	BNBUSD	verdict	13	0.101	1.3	0.85	3	-0.101	10	0.162	0	0.85	0.08	0.00	0.08	too few trades to say → more history or a faster timeframe before judging
kinetic-momentum-vectors	4h	DOGEUSD	base	12	-0.154	-1.8	0.58	5	-0.024	7	-0.246	0	0.58	0.17	0.00	0.33	
kinetic-momentum-vectors	4h	DOGEUSD	gross	12	-0.116	-1.4	0.58	5	0.030	7	-0.219	0	0.58	0.17	0.00	0.33	
kinetic-momentum-vectors	4h	DOGEUSD	stop1.5	12	-0.119	-1.4	0.58	5	-0.143	7	-0.101	0	0.58	0.25	0.00	0.08	
kinetic-momentum-vectors	4h	DOGEUSD	stop2	12	-0.173	-2.1	0.58	5	-0.187	7	-0.163	0	0.58	0.17	0.00	0.08	
kinetic-momentum-vectors	4h	DOGEUSD	tp1	12	-0.203	-2.4	0.42	5	-0.245	7	-0.173	0	0.58	0.00	0.00	0.33	
kinetic-momentum-vectors	4h	DOGEUSD	levels	12	-0.154	-1.8	0.58	5	-0.024	7	-0.246	0	0.58	0.17	0.00	0.33	
kinetic-momentum-vectors	4h	DOGEUSD	er0.25	9	-0.024	-0.2	0.67	4	0.220	5	-0.220	0	0.67	0.22	0.00	0.33	
kinetic-momentum-vectors	4h	DOGEUSD	confirm1	3	0.745	2.2	1.00	2	0.614	1	1.005	0	1.00	0.67	0.00	0.00	
kinetic-momentum-vectors	4h	DOGEUSD	er+stop1.5	9	-0.173	-1.6	0.56	4	0.071	5	-0.368	0	0.56	0.22	0.00	0.11	
kinetic-momentum-vectors	4h	DOGEUSD	er+stop2	9	-0.359	-3.2	0.44	4	-0.308	5	-0.400	0	0.44	0.11	0.00	0.11	
kinetic-momentum-vectors	4h	DOGEUSD	confirm1+er	3	0.745	2.2	1.00	2	0.614	1	1.005	0	1.00	0.67	0.00	0.00	
kinetic-momentum-vectors	4h	DOGEUSD	inverted	12	0.150	1.8	0.75	5	0.035	7	0.232	1	0.75	0.17	0.08	0.17	
kinetic-momentum-vectors	4h	DOGEUSD	long	12	-0.154	-1.8	0.58	5	-0.024	7	-0.246	0	0.58	0.17	0.00	0.33	
kinetic-momentum-vectors	4h	DOGEUSD	short	0	0.000	0.0	0.00	0	0.000	0	0.000	0	0.00	0.00	0.00	0.00	
kinetic-momentum-vectors	4h	DOGEUSD	label:shape:Bull Spike	12	-0.154	-1.8	0.58	5	-0.024	7	-0.246	0	0.58	0.17	0.00	0.33	
kinetic-momentum-vectors	4h	DOGEUSD	repaint	12	-0.154	-1.8	0.58	5	-0.024	7	-0.246	0	0.58	0.17	0.00	0.33	0 of 12 earlier entries changed when the last 60 bars were hidden (0%)
kinetic-momentum-vectors	4h	DOGEUSD	verdict	12	-0.154	-1.8	0.58	5	-0.024	7	-0.246	0	0.58	0.17	0.00	0.33	too few trades to say → more history or a faster timeframe before judging
kinetic-momentum-vectors	4h	AVAXUSD	base	9	-0.302	-2.7	0.44	0	0.000	9	-0.302	0	0.44	0.22	0.00	0.44	
kinetic-momentum-vectors	4h	AVAXUSD	gross	9	-0.272	-2.5	0.44	0	0.000	9	-0.272	0	0.44	0.22	0.00	0.44	
kinetic-momentum-vectors	4h	AVAXUSD	stop1.5	9	-0.093	-0.8	0.67	0	0.000	9	-0.093	0	0.67	0.11	0.00	0.11	
kinetic-momentum-vectors	4h	AVAXUSD	stop2	8	-0.227	-1.8	0.50	0	0.000	8	-0.227	0	0.50	0.25	0.00	0.13	
kinetic-momentum-vectors	4h	AVAXUSD	tp1	9	-0.151	-1.4	0.44	0	0.000	9	-0.151	0	0.33	0.00	0.00	0.44	
kinetic-momentum-vectors	4h	AVAXUSD	levels	9	-0.302	-2.7	0.44	0	0.000	9	-0.302	0	0.44	0.22	0.00	0.44	
kinetic-momentum-vectors	4h	AVAXUSD	er0.25	9	-0.302	-2.7	0.44	0	0.000	9	-0.302	0	0.44	0.22	0.00	0.44	
kinetic-momentum-vectors	4h	AVAXUSD	confirm1	5	0.173	0.9	0.80	0	0.000	5	0.173	0	0.80	0.20	0.00	0.20	
kinetic-momentum-vectors	4h	AVAXUSD	er+stop1.5	9	-0.093	-0.8	0.67	0	0.000	9	-0.093	0	0.67	0.11	0.00	0.11	
kinetic-momentum-vectors	4h	AVAXUSD	er+stop2	8	-0.227	-1.8	0.50	0	0.000	8	-0.227	0	0.50	0.25	0.00	0.13	
kinetic-momentum-vectors	4h	AVAXUSD	confirm1+er	5	0.173	0.9	0.80	0	0.000	5	0.173	0	0.80	0.20	0.00	0.20	
kinetic-momentum-vectors	4h	AVAXUSD	inverted	9	0.079	0.7	0.67	0	0.000	9	0.079	0	0.67	0.33	0.11	0.22	
kinetic-momentum-vectors	4h	AVAXUSD	long	9	-0.302	-2.7	0.44	0	0.000	9	-0.302	0	0.44	0.22	0.00	0.44	
kinetic-momentum-vectors	4h	AVAXUSD	short	0	0.000	0.0	0.00	0	0.000	0	0.000	0	0.00	0.00	0.00	0.00	
kinetic-momentum-vectors	4h	AVAXUSD	repaint	9	-0.302	-2.7	0.44	0	0.000	9	-0.302	0	0.44	0.22	0.00	0.44	0 of 9 earlier entries changed when the last 60 bars were hidden (0%)
kinetic-momentum-vectors	4h	AVAXUSD	verdict	9	-0.302	-2.7	0.44	0	0.000	9	-0.302	0	0.44	0.22	0.00	0.44	too few trades to say → more history or a faster timeframe before judging
kinetic-momentum-vectors	4h	ADAUSD	base	14	-0.270	-3.8	0.50	3	-0.079	11	-0.322	0	0.50	0.14	0.00	0.36	
kinetic-momentum-vectors	4h	ADAUSD	gross	14	-0.240	-3.4	0.50	3	-0.043	11	-0.293	0	0.50	0.14	0.00	0.36	
kinetic-momentum-vectors	4h	ADAUSD	stop1.5	13	-0.186	-2.4	0.54	3	-0.136	10	-0.201	0	0.54	0.08	0.08	0.23	
kinetic-momentum-vectors	4h	ADAUSD	stop2	13	-0.211	-2.7	0.54	3	-0.113	10	-0.240	0	0.54	0.08	0.00	0.15	
kinetic-momentum-vectors	4h	ADAUSD	tp1	14	-0.182	-2.5	0.43	3	-0.367	11	-0.132	0	0.50	0.00	0.00	0.36	
kinetic-momentum-vectors	4h	ADAUSD	levels	14	-0.270	-3.8	0.50	3	-0.079	11	-0.322	0	0.50	0.14	0.00	0.36	
kinetic-momentum-vectors	4h	ADAUSD	er0.25	13	-0.360	-4.7	0.46	3	-0.079	10	-0.445	0	0.46	0.08	0.00	0.38	
kinetic-momentum-vectors	4h	ADAUSD	confirm1	5	-0.150	-0.7	0.60	1	-1.000	4	0.063	0	0.60	0.20	0.00	0.00	
kinetic-momentum-vectors	4h	ADAUSD	er+stop1.5	12	-0.252	-3.0	0.50	3	-0.136	9	-0.291	0	0.50	0.08	0.08	0.25	
kinetic-momentum-vectors	4h	ADAUSD	er+stop2	12	-0.267	-3.2	0.50	3	-0.113	9	-0.318	0	0.50	0.08	0.00	0.17	
kinetic-momentum-vectors	4h	ADAUSD	confirm1+er	4	-0.361	-1.4	0.50	1	-1.000	3	-0.149	0	0.50	0.00	0.00	0.00	
kinetic-momentum-vectors	4h	ADAUSD	inverted	14	0.033	0.5	0.71	3	-0.099	11	0.069	0	0.71	0.07	0.07	0.14	
kinetic-momentum-vectors	4h	ADAUSD	long	14	-0.270	-3.8	0.50	3	-0.079	11	-0.322	0	0.50	0.14	0.00	0.36	
kinetic-momentum-vectors	4h	ADAUSD	short	0	0.000	0.0	0.00	0	0.000	0	0.000	0	0.00	0.00	0.00	0.00	
kinetic-momentum-vectors	4h	ADAUSD	label:shape:Bull Spike	14	-0.270	-3.8	0.50	3	-0.079	11	-0.322	0	0.50	0.14	0.00	0.36	
kinetic-momentum-vectors	4h	ADAUSD	repaint	12	-0.270	-3.8	0.50	3	-0.079	11	-0.322	0	0.50	0.14	0.00	0.36	0 of 12 earlier entries changed when the last 60 bars were hidden (0%)
kinetic-momentum-vectors	4h	ADAUSD	verdict	14	-0.270	-3.8	0.50	3	-0.079	11	-0.322	0	0.50	0.14	0.00	0.36	too few trades to say → more history or a faster timeframe before judging
kinetic-momentum-vectors	4h	LTCUSD	base	10	0.318	3.2	0.70	0	0.000	10	0.318	0	0.70	0.40	0.20	0.30	
kinetic-momentum-vectors	4h	LTCUSD	gross	10	0.404	4.0	0.70	0	0.000	10	0.404	0	0.70	0.40	0.20	0.30	
kinetic-momentum-vectors	4h	LTCUSD	stop1.5	10	0.323	3.2	0.80	0	0.000	10	0.323	0	0.80	0.30	0.10	0.00	
kinetic-momentum-vectors	4h	LTCUSD	stop2	10	0.073	0.7	0.70	0	0.000	10	0.073	0	0.70	0.30	0.00	0.00	
kinetic-momentum-vectors	4h	LTCUSD	tp1	10	0.128	1.3	0.60	0	0.000	10	0.128	0	0.50	0.00	0.00	0.30	
kinetic-momentum-vectors	4h	LTCUSD	levels	10	0.318	3.2	0.70	0	0.000	10	0.318	0	0.70	0.40	0.20	0.30	
kinetic-momentum-vectors	4h	LTCUSD	er0.25	8	0.305	2.4	0.63	0	0.000	8	0.305	0	0.63	0.50	0.25	0.38	
kinetic-momentum-vectors	4h	LTCUSD	confirm1	6	-0.169	-1.0	0.50	0	0.000	6	-0.169	0	0.50	0.17	0.17	0.50	
kinetic-momentum-vectors	4h	LTCUSD	er+stop1.5	8	0.314	2.5	0.75	0	0.000	8	0.314	0	0.75	0.38	0.13	0.00	
kinetic-momentum-vectors	4h	LTCUSD	er+stop2	8	0.171	1.4	0.75	0	0.000	8	0.171	0	0.75	0.38	0.00	0.00	
kinetic-momentum-vectors	4h	LTCUSD	confirm1+er	4	-0.377	-1.5	0.25	0	0.000	4	-0.377	0	0.25	0.25	0.25	0.75	
kinetic-momentum-vectors	4h	LTCUSD	inverted	10	-0.239	-2.4	0.50	0	0.000	10	-0.239	0	0.50	0.10	0.00	0.50	
kinetic-momentum-vectors	4h	LTCUSD	long	10	0.318	3.2	0.70	0	0.000	10	0.318	0	0.70	0.40	0.20	0.30	
kinetic-momentum-vectors	4h	LTCUSD	short	0	0.000	0.0	0.00	0	0.000	0	0.000	0	0.00	0.00	0.00	0.00	
kinetic-momentum-vectors	4h	LTCUSD	label:shape:Bull Spike	10	0.318	3.2	0.70	0	0.000	10	0.318	0	0.70	0.40	0.20	0.30	
kinetic-momentum-vectors	4h	LTCUSD	repaint	10	0.318	3.2	0.70	0	0.000	10	0.318	0	0.70	0.40	0.20	0.30	0 of 10 earlier entries changed when the last 60 bars were hidden (0%)
kinetic-momentum-vectors	4h	LTCUSD	verdict	10	0.318	3.2	0.70	0	0.000	10	0.318	0	0.70	0.40	0.20	0.30	too few trades to say → more history or a faster timeframe before judging
kinetic-momentum-vectors	4h	BCHUSD	base	7	0.073	0.5	0.71	2	-0.369	5	0.251	0	0.71	0.29	0.00	0.14	
kinetic-momentum-vectors	4h	BCHUSD	gross	7	0.136	0.9	0.71	2	-0.312	5	0.315	0	0.71	0.29	0.00	0.14	
kinetic-momentum-vectors	4h	BCHUSD	stop1.5	7	-0.187	-1.3	0.57	2	-1.000	5	0.138	0	0.57	0.14	0.00	0.00	
kinetic-momentum-vectors	4h	BCHUSD	stop2	7	-0.229	-1.6	0.57	2	-1.000	5	0.080	0	0.57	0.00	0.00	0.00	
kinetic-momentum-vectors	4h	BCHUSD	tp1	7	0.082	0.6	0.57	2	-1.000	5	0.515	0	0.71	0.00	0.00	0.14	
kinetic-momentum-vectors	4h	BCHUSD	levels	7	0.073	0.5	0.71	2	-0.369	5	0.251	0	0.71	0.29	0.00	0.14	
kinetic-momentum-vectors	4h	BCHUSD	er0.25	7	0.073	0.5	0.71	2	-0.369	5	0.251	0	0.71	0.29	0.00	0.14	
kinetic-momentum-vectors	4h	BCHUSD	confirm1	3	-0.089	-0.3	0.67	1	-1.000	2	0.366	0	0.67	0.00	0.00	0.33	
kinetic-momentum-vectors	4h	BCHUSD	er+stop1.5	7	-0.187	-1.3	0.57	2	-1.000	5	0.138	0	0.57	0.14	0.00	0.00	
kinetic-momentum-vectors	4h	BCHUSD	er+stop2	7	-0.229	-1.6	0.57	2	-1.000	5	0.080	0	0.57	0.00	0.00	0.00	
kinetic-momentum-vectors	4h	BCHUSD	confirm1+er	3	-0.089	-0.3	0.67	1	-1.000	2	0.366	0	0.67	0.00	0.00	0.33	
kinetic-momentum-vectors	4h	BCHUSD	inverted	7	0.039	0.3	0.71	2	0.613	5	-0.190	0	0.71	0.29	0.00	0.29	
kinetic-momentum-vectors	4h	BCHUSD	long	7	0.073	0.5	0.71	2	-0.369	5	0.251	0	0.71	0.29	0.00	0.14	
kinetic-momentum-vectors	4h	BCHUSD	short	0	0.000	0.0	0.00	0	0.000	0	0.000	0	0.00	0.00	0.00	0.00	
kinetic-momentum-vectors	4h	BCHUSD	repaint	7	0.073	0.5	0.71	2	-0.369	5	0.251	0	0.71	0.29	0.00	0.14	0 of 7 earlier entries changed when the last 60 bars were hidden (0%)
kinetic-momentum-vectors	4h	BCHUSD	verdict	7	0.073	0.5	0.71	2	-0.369	5	0.251	0	0.71	0.29	0.00	0.14	too few trades to say → more history or a faster timeframe before judging
kinetic-momentum-vectors	4h	LINKUSD	base	11	-0.321	-3.5	0.45	2	-1.000	9	-0.170	0	0.45	0.09	0.09	0.45	
kinetic-momentum-vectors	4h	LINKUSD	gross	11	-0.285	-3.1	0.45	2	-1.000	9	-0.126	0	0.45	0.09	0.09	0.45	
kinetic-momentum-vectors	4h	LINKUSD	stop1.5	11	-0.211	-2.3	0.55	2	-1.000	9	-0.036	0	0.55	0.18	0.00	0.27	
kinetic-momentum-vectors	4h	LINKUSD	stop2	11	-0.077	-0.8	0.64	2	-1.000	9	0.129	0	0.64	0.18	0.00	0.00	
kinetic-momentum-vectors	4h	LINKUSD	tp1	11	-0.311	-3.4	0.36	2	-1.000	9	-0.158	0	0.45	0.00	0.00	0.45	
kinetic-momentum-vectors	4h	LINKUSD	levels	11	-0.321	-3.5	0.45	2	-1.000	9	-0.170	0	0.45	0.09	0.09	0.45	
kinetic-momentum-vectors	4h	LINKUSD	er0.25	8	-0.381	-3.1	0.38	1	-1.000	7	-0.293	0	0.38	0.13	0.13	0.50	
kinetic-momentum-vectors	4h	LINKUSD	confirm1	3	-0.095	-0.3	0.67	0	0.000	3	-0.095	0	0.67	0.00	0.00	0.33	
kinetic-momentum-vectors	4h	LINKUSD	er+stop1.5	8	-0.288	-2.3	0.50	1	-1.000	7	-0.186	0	0.50	0.13	0.00	0.38	
kinetic-momentum-vectors	4h	LINKUSD	er+stop2	8	-0.097	-0.8	0.63	1	-1.000	7	0.032	0	0.63	0.25	0.00	0.00	
kinetic-momentum-vectors	4h	LINKUSD	confirm1+er	2	-0.272	-0.5	0.50	0	0.000	2	-0.272	0	0.50	0.00	0.00	0.50	
kinetic-momentum-vectors	4h	LINKUSD	inverted	11	-0.149	-1.6	0.64	2	0.389	9	-0.268	0	0.64	0.09	0.00	0.18	
kinetic-momentum-vectors	4h	LINKUSD	long	11	-0.321	-3.5	0.45	2	-1.000	9	-0.170	0	0.45	0.09	0.09	0.45	
kinetic-momentum-vectors	4h	LINKUSD	short	0	0.000	0.0	0.00	0	0.000	0	0.000	0	0.00	0.00	0.00	0.00	
kinetic-momentum-vectors	4h	LINKUSD	label:shape:Bull Spike	11	-0.321	-3.5	0.45	2	-1.000	9	-0.170	0	0.45	0.09	0.09	0.45	
kinetic-momentum-vectors	4h	LINKUSD	repaint	11	-0.321	-3.5	0.45	2	-1.000	9	-0.170	0	0.45	0.09	0.09	0.45	0 of 11 earlier entries changed when the last 60 bars were hidden (0%)
kinetic-momentum-vectors	4h	LINKUSD	verdict	11	-0.321	-3.5	0.45	2	-1.000	9	-0.170	0	0.45	0.09	0.09	0.45	too few trades to say → more history or a faster timeframe before judging
kinetic-momentum-vectors	4h	SUIUSD	base	16	-0.091	-1.5	0.56	3	0.347	13	-0.192	0	0.56	0.25	0.06	0.38	
kinetic-momentum-vectors	4h	SUIUSD	gross	16	-0.047	-0.7	0.56	3	0.424	13	-0.155	0	0.56	0.25	0.06	0.38	
kinetic-momentum-vectors	4h	SUIUSD	stop1.5	15	0.077	1.2	0.67	3	0.131	12	0.064	0	0.67	0.27	0.07	0.13	
kinetic-momentum-vectors	4h	SUIUSD	stop2	15	0.012	0.2	0.67	3	0.019	12	0.010	0	0.67	0.13	0.07	0.07	
kinetic-momentum-vectors	4h	SUIUSD	tp1	16	-0.051	-0.8	0.50	3	0.257	13	-0.121	0	0.56	0.00	0.00	0.38	
kinetic-momentum-vectors	4h	SUIUSD	levels	16	-0.091	-1.5	0.56	3	0.347	13	-0.192	0	0.56	0.25	0.06	0.38	
kinetic-momentum-vectors	4h	SUIUSD	er0.25	14	-0.051	-0.7	0.57	2	1.020	12	-0.229	0	0.57	0.29	0.07	0.43	
kinetic-momentum-vectors	4h	SUIUSD	confirm1	10	0.140	1.4	0.70	3	0.473	7	-0.003	0	0.70	0.30	0.10	0.10	
kinetic-momentum-vectors	4h	SUIUSD	er+stop1.5	13	0.243	3.2	0.77	2	0.696	11	0.161	0	0.77	0.31	0.08	0.15	
kinetic-momentum-vectors	4h	SUIUSD	er+stop2	13	0.168	2.2	0.77	2	0.529	11	0.102	0	0.77	0.15	0.08	0.08	
kinetic-momentum-vectors	4h	SUIUSD	confirm1+er	8	0.425	3.4	0.88	2	1.210	6	0.163	0	0.88	0.38	0.13	0.13	
kinetic-momentum-vectors	4h	SUIUSD	inverted	16	-0.172	-2.8	0.56	3	-0.533	13	-0.089	0	0.56	0.19	0.00	0.38	
kinetic-momentum-vectors	4h	SUIUSD	long	16	-0.091	-1.5	0.56	3	0.347	13	-0.192	0	0.56	0.25	0.06	0.38	
kinetic-momentum-vectors	4h	SUIUSD	short	0	0.000	0.0	0.00	0	0.000	0	0.000	0	0.00	0.00	0.00	0.00	
kinetic-momentum-vectors	4h	SUIUSD	label:shape:Bull Spike	16	-0.091	-1.5	0.56	3	0.347	13	-0.192	0	0.56	0.25	0.06	0.38	
kinetic-momentum-vectors	4h	SUIUSD	repaint	16	-0.091	-1.5	0.56	3	0.347	13	-0.192	0	0.56	0.25	0.06	0.38	0 of 16 earlier entries changed when the last 60 bars were hidden (0%)
kinetic-momentum-vectors	4h	SUIUSD	verdict	16	-0.091	-1.5	0.56	3	0.347	13	-0.192	0	0.56	0.25	0.06	0.38	too few trades to say → more history or a faster timeframe before judging
kinetic-momentum-vectors	4h	NEARUSD	base	15	0.164	2.5	0.80	5	0.434	10	0.029	1	0.80	0.20	0.00	0.07	
kinetic-momentum-vectors	4h	NEARUSD	gross	15	0.207	3.1	0.80	5	0.493	10	0.063	1	0.80	0.20	0.00	0.07	
kinetic-momentum-vectors	4h	NEARUSD	stop1.5	15	0.169	2.5	0.80	5	0.469	10	0.019	1	0.80	0.27	0.00	0.13	
kinetic-momentum-vectors	4h	NEARUSD	stop2	14	0.335	4.7	0.86	5	0.452	9	0.270	1	0.86	0.14	0.07	0.07	
kinetic-momentum-vectors	4h	NEARUSD	tp1	15	0.411	6.2	0.73	5	0.913	10	0.160	1	0.80	0.00	0.00	0.13	
kinetic-momentum-vectors	4h	NEARUSD	levels	15	0.164	2.5	0.80	5	0.434	10	0.029	1	0.80	0.20	0.00	0.07	
kinetic-momentum-vectors	4h	NEARUSD	er0.25	12	0.243	2.9	0.83	3	0.540	9	0.144	0	0.83	0.25	0.00	0.08	
kinetic-momentum-vectors	4h	NEARUSD	confirm1	9	0.258	2.3	0.89	3	0.144	6	0.315	0	0.89	0.22	0.00	0.11	
kinetic-momentum-vectors	4h	NEARUSD	er+stop1.5	12	0.091	1.1	0.75	3	0.564	9	-0.066	0	0.75	0.25	0.00	0.17	
kinetic-momentum-vectors	4h	NEARUSD	er+stop2	11	0.293	3.2	0.82	3	0.462	8	0.230	0	0.82	0.18	0.09	0.09	
kinetic-momentum-vectors	4h	NEARUSD	confirm1+er	9	0.258	2.3	0.89	3	0.144	6	0.315	0	0.89	0.22	0.00	0.11	
kinetic-momentum-vectors	4h	NEARUSD	inverted	16	-0.062	-1.0	0.63	5	-0.492	11	0.133	0	0.63	0.13	0.06	0.25	
kinetic-momentum-vectors	4h	NEARUSD	long	15	0.164	2.5	0.80	5	0.434	10	0.029	1	0.80	0.20	0.00	0.07	
kinetic-momentum-vectors	4h	NEARUSD	short	0	0.000	0.0	0.00	0	0.000	0	0.000	0	0.00	0.00	0.00	0.00	
kinetic-momentum-vectors	4h	NEARUSD	label:shape:Bull Spike	15	0.164	2.5	0.80	5	0.434	10	0.029	1	0.80	0.20	0.00	0.07	
kinetic-momentum-vectors	4h	NEARUSD	repaint	16	0.164	2.5	0.80	5	0.434	10	0.029	1	0.80	0.20	0.00	0.07	0 of 16 earlier entries changed when the last 60 bars were hidden (0%)
kinetic-momentum-vectors	4h	NEARUSD	verdict	15	0.164	2.5	0.80	5	0.434	10	0.029	1	0.80	0.20	0.00	0.07	too few trades to say → more history or a faster timeframe before judging
kinetic-momentum-vectors	4h	HYPEUSD	base	15	-0.065	-1.0	0.60	9	0.276	6	-0.575	0	0.60	0.20	0.07	0.27	
kinetic-momentum-vectors	4h	HYPEUSD	gross	15	-0.028	-0.4	0.60	9	0.328	6	-0.562	0	0.60	0.20	0.07	0.27	
kinetic-momentum-vectors	4h	HYPEUSD	stop1.5	15	0.420	6.3	0.73	9	0.142	6	0.837	1	0.73	0.27	0.07	0.07	
kinetic-momentum-vectors	4h	HYPEUSD	stop2	15	0.236	3.5	0.73	9	0.069	6	0.486	1	0.73	0.13	0.07	0.00	
kinetic-momentum-vectors	4h	HYPEUSD	tp1	15	0.018	0.3	0.53	9	0.277	6	-0.369	0	0.60	0.00	0.00	0.33	
kinetic-momentum-vectors	4h	HYPEUSD	levels	15	-0.065	-1.0	0.60	9	0.276	6	-0.575	0	0.60	0.20	0.07	0.27	
kinetic-momentum-vectors	4h	HYPEUSD	er0.25	13	-0.113	-1.5	0.54	8	0.277	5	-0.738	0	0.54	0.23	0.08	0.31	
kinetic-momentum-vectors	4h	HYPEUSD	confirm1	8	-0.337	-2.7	0.50	5	0.056	3	-0.993	0	0.50	0.00	0.00	0.38	
kinetic-momentum-vectors	4h	HYPEUSD	er+stop1.5	13	0.438	5.7	0.69	8	0.115	5	0.955	1	0.69	0.31	0.08	0.08	
kinetic-momentum-vectors	4h	HYPEUSD	er+stop2	13	0.231	3.0	0.69	8	0.044	5	0.530	1	0.69	0.15	0.08	0.00	
kinetic-momentum-vectors	4h	HYPEUSD	confirm1+er	7	-0.243	-1.7	0.57	5	0.056	2	-0.989	0	0.57	0.00	0.00	0.43	
kinetic-momentum-vectors	4h	HYPEUSD	inverted	15	-0.176	-2.6	0.60	9	-0.419	6	0.187	0	0.60	0.07	0.00	0.27	
kinetic-momentum-vectors	4h	HYPEUSD	long	15	-0.065	-1.0	0.60	9	0.276	6	-0.575	0	0.60	0.20	0.07	0.27	
kinetic-momentum-vectors	4h	HYPEUSD	short	0	0.000	0.0	0.00	0	0.000	0	0.000	0	0.00	0.00	0.00	0.00	
kinetic-momentum-vectors	4h	HYPEUSD	label:shape:Bull Spike	15	-0.065	-1.0	0.60	9	0.276	6	-0.575	0	0.60	0.20	0.07	0.27	
kinetic-momentum-vectors	4h	HYPEUSD	repaint	15	-0.065	-1.0	0.60	9	0.276	6	-0.575	0	0.60	0.20	0.07	0.27	0 of 15 earlier entries changed when the last 60 bars were hidden (0%)
kinetic-momentum-vectors	4h	HYPEUSD	verdict	15	-0.065	-1.0	0.60	9	0.276	6	-0.575	0	0.60	0.20	0.07	0.27	too few trades to say → more history or a faster timeframe before judging
liquidity-trail-matrix	15m	ETHUSD	base	66	-0.015	-1.0	0.70	35	-0.090	31	0.070	0	0.70	0.18	0.05	0.02	
liquidity-trail-matrix	15m	ETHUSD	gross	120	-0.092	-11.1	0.58	58	-0.118	62	-0.068	0	0.58	0.15	0.03	0.13	
liquidity-trail-matrix	15m	ETHUSD	stop1.5	66	-0.015	-1.0	0.70	35	-0.090	31	0.070	0	0.70	0.18	0.05	0.02	
liquidity-trail-matrix	15m	ETHUSD	stop2	66	-0.015	-1.0	0.70	35	-0.090	31	0.070	0	0.70	0.18	0.05	0.02	
liquidity-trail-matrix	15m	ETHUSD	tp1	66	-0.095	-6.3	0.52	35	-0.154	31	-0.028	0	0.58	0.00	0.00	0.02	
liquidity-trail-matrix	15m	ETHUSD	levels	66	-0.015	-1.0	0.70	35	-0.090	31	0.070	0	0.70	0.18	0.05	0.02	
liquidity-trail-matrix	15m	ETHUSD	script	66	-0.015	-1.0	0.70	35	-0.090	31	0.070	0	0.70	0.18	0.05	0.02	
liquidity-trail-matrix	15m	ETHUSD	er0.25	37	0.033	1.2	0.73	21	-0.062	16	0.157	0	0.73	0.22	0.03	0.00	
liquidity-trail-matrix	15m	ETHUSD	confirm1	39	-0.208	-8.1	0.56	19	-0.194	20	-0.222	0	0.51	0.05	0.00	0.03	
liquidity-trail-matrix	15m	ETHUSD	er+stop1.5	37	0.033	1.2	0.73	21	-0.062	16	0.157	0	0.73	0.22	0.03	0.00	
liquidity-trail-matrix	15m	ETHUSD	er+stop2	37	0.033	1.2	0.73	21	-0.062	16	0.157	0	0.73	0.22	0.03	0.00	
liquidity-trail-matrix	15m	ETHUSD	confirm1+er	23	-0.194	-4.5	0.57	11	-0.235	12	-0.158	0	0.48	0.09	0.00	0.00	
liquidity-trail-matrix	15m	ETHUSD	inverted	21	-0.081	-1.7	0.71	12	-0.138	9	-0.004	0	0.71	0.14	0.00	0.19	
liquidity-trail-matrix	15m	ETHUSD	long	35	-0.039	-1.4	0.66	21	-0.130	14	0.097	0	0.66	0.23	0.06	0.03	
liquidity-trail-matrix	15m	ETHUSD	short	31	0.013	0.4	0.74	14	-0.029	17	0.047	0	0.74	0.13	0.03	0.00	
liquidity-trail-matrix	15m	ETHUSD	label:alert:🔴 SHORT	31	0.013	0.4	0.74	14	-0.029	17	0.047	0	0.74	0.13	0.03	0.00	
liquidity-trail-matrix	15m	ETHUSD	label:alert:🟢 LONG	35	-0.039	-1.4	0.66	21	-0.130	14	0.097	0	0.66	0.23	0.06	0.03	
liquidity-trail-matrix	15m	ETHUSD	repaint	120	-0.015	-1.0	0.70	35	-0.090	31	0.070	0	0.70	0.18	0.05	0.02	0 of 120 earlier entries changed when the last 60 bars were hidden (0%)
liquidity-trail-matrix	15m	ETHUSD	verdict	66	-0.015	-1.0	0.70	35	-0.090	31	0.070	0	0.70	0.18	0.05	0.02	no variant pays in both halves → not a reading, exit or cost problem on this cell; re-time or retire the pair
liquidity-trail-matrix	15m	BTCUSD	base	47	-0.200	-9.4	0.57	16	-0.248	31	-0.175	0	0.57	0.09	0.02	0.04	
liquidity-trail-matrix	15m	BTCUSD	gross	142	-0.169	-24.0	0.57	76	-0.180	66	-0.155	0	0.58	0.11	0.02	0.14	
liquidity-trail-matrix	15m	BTCUSD	stop1.5	47	-0.200	-9.4	0.57	16	-0.248	31	-0.175	0	0.57	0.09	0.02	0.04	
liquidity-trail-matrix	15m	BTCUSD	stop2	47	-0.200	-9.4	0.57	16	-0.248	31	-0.175	0	0.57	0.09	0.02	0.04	
liquidity-trail-matrix	15m	BTCUSD	tp1	47	-0.367	-17.3	0.34	16	-0.214	31	-0.446	0	0.57	0.00	0.00	0.04	
liquidity-trail-matrix	15m	BTCUSD	levels	47	-0.200	-9.4	0.57	16	-0.248	31	-0.175	0	0.57	0.09	0.02	0.04	
liquidity-trail-matrix	15m	BTCUSD	script	47	-0.200	-9.4	0.57	16	-0.248	31	-0.175	0	0.57	0.09	0.02	0.04	
liquidity-trail-matrix	15m	BTCUSD	er0.25	28	-0.354	-9.9	0.50	11	-0.407	17	-0.320	0	0.50	0.00	0.00	0.07	
liquidity-trail-matrix	15m	BTCUSD	confirm1	30	-0.272	-8.2	0.50	11	-0.292	19	-0.261	0	0.47	0.00	0.00	0.00	
liquidity-trail-matrix	15m	BTCUSD	er+stop1.5	28	-0.354	-9.9	0.50	11	-0.407	17	-0.320	0	0.50	0.00	0.00	0.07	
liquidity-trail-matrix	15m	BTCUSD	er+stop2	28	-0.354	-9.9	0.50	11	-0.407	17	-0.320	0	0.50	0.00	0.00	0.07	
liquidity-trail-matrix	15m	BTCUSD	confirm1+er	19	-0.119	-2.3	0.58	6	0.034	13	-0.190	0	0.53	0.00	0.00	0.00	
liquidity-trail-matrix	15m	BTCUSD	inverted	4	-0.343	-1.4	0.50	2	-0.290	2	-0.396	0	0.50	0.00	0.00	0.25	
liquidity-trail-matrix	15m	BTCUSD	long	25	-0.243	-6.1	0.56	10	-0.042	15	-0.378	0	0.56	0.12	0.00	0.08	
liquidity-trail-matrix	15m	BTCUSD	short	22	-0.150	-3.3	0.59	6	-0.590	16	0.015	0	0.59	0.05	0.05	0.00	
liquidity-trail-matrix	15m	BTCUSD	label:alert:🔴 SHORT	22	-0.150	-3.3	0.59	6	-0.590	16	0.015	0	0.59	0.05	0.05	0.00	
liquidity-trail-matrix	15m	BTCUSD	label:alert:🟢 LONG	25	-0.243	-6.1	0.56	10	-0.042	15	-0.378	0	0.56	0.12	0.00	0.08	
liquidity-trail-matrix	15m	BTCUSD	repaint	142	-0.200	-9.4	0.57	16	-0.248	31	-0.175	0	0.57	0.09	0.02	0.04	0 of 142 earlier entries changed when the last 60 bars were hidden (0%)
liquidity-trail-matrix	15m	BTCUSD	verdict	47	-0.200	-9.4	0.57	16	-0.248	31	-0.175	0	0.57	0.09	0.02	0.04	no variant pays in both halves → not a reading, exit or cost problem on this cell; re-time or retire the pair
liquidity-trail-matrix	15m	SOLUSD	base	76	-0.212	-16.1	0.59	29	-0.347	47	-0.128	0	0.59	0.09	0.00	0.03	
liquidity-trail-matrix	15m	SOLUSD	gross	126	-0.062	-7.8	0.60	62	-0.163	64	0.036	0	0.60	0.17	0.02	0.08	
liquidity-trail-matrix	15m	SOLUSD	stop1.5	76	-0.212	-16.1	0.59	29	-0.347	47	-0.128	0	0.59	0.09	0.00	0.03	
liquidity-trail-matrix	15m	SOLUSD	stop2	76	-0.212	-16.1	0.59	29	-0.347	47	-0.128	0	0.59	0.09	0.00	0.03	
liquidity-trail-matrix	15m	SOLUSD	tp1	76	-0.281	-21.4	0.41	29	-0.544	47	-0.119	0	0.54	0.00	0.00	0.03	
liquidity-trail-matrix	15m	SOLUSD	levels	76	-0.212	-16.1	0.59	29	-0.347	47	-0.128	0	0.59	0.09	0.00	0.03	
liquidity-trail-matrix	15m	SOLUSD	script	76	-0.212	-16.1	0.59	29	-0.347	47	-0.128	0	0.59	0.09	0.00	0.03	
liquidity-trail-matrix	15m	SOLUSD	er0.25	34	-0.129	-4.4	0.62	15	-0.209	19	-0.066	0	0.62	0.12	0.00	0.00	
liquidity-trail-matrix	15m	SOLUSD	confirm1	41	-0.231	-9.5	0.51	19	-0.185	22	-0.270	0	0.46	0.10	0.00	0.07	
liquidity-trail-matrix	15m	SOLUSD	er+stop1.5	34	-0.129	-4.4	0.62	15	-0.209	19	-0.066	0	0.62	0.12	0.00	0.00	
liquidity-trail-matrix	15m	SOLUSD	er+stop2	34	-0.129	-4.4	0.62	15	-0.209	19	-0.066	0	0.62	0.12	0.00	0.00	
liquidity-trail-matrix	15m	SOLUSD	confirm1+er	25	-0.147	-3.7	0.56	13	0.007	12	-0.314	0	0.56	0.16	0.00	0.04	
liquidity-trail-matrix	15m	SOLUSD	inverted	47	0.022	1.0	0.72	21	0.104	26	-0.045	0	0.72	0.26	0.04	0.21	
liquidity-trail-matrix	15m	SOLUSD	long	41	-0.222	-9.1	0.61	19	-0.168	22	-0.269	0	0.61	0.07	0.00	0.00	
liquidity-trail-matrix	15m	SOLUSD	short	35	-0.199	-7.0	0.57	10	-0.685	25	-0.005	0	0.57	0.11	0.00	0.06	
liquidity-trail-matrix	15m	SOLUSD	label:alert:🔴 SHORT	35	-0.199	-7.0	0.57	10	-0.685	25	-0.005	0	0.57	0.11	0.00	0.06	
liquidity-trail-matrix	15m	SOLUSD	label:alert:🟢 LONG	41	-0.222	-9.1	0.61	19	-0.168	22	-0.269	0	0.61	0.07	0.00	0.00	
liquidity-trail-matrix	15m	SOLUSD	repaint	126	-0.212	-16.1	0.59	29	-0.347	47	-0.128	0	0.59	0.09	0.00	0.03	0 of 126 earlier entries changed when the last 60 bars were hidden (0%)
liquidity-trail-matrix	15m	SOLUSD	verdict	76	-0.212	-16.1	0.59	29	-0.347	47	-0.128	0	0.59	0.09	0.00	0.03	no variant pays in both halves → not a reading, exit or cost problem on this cell; re-time or retire the pair
liquidity-trail-matrix	15m	XRPUSD	base	74	-0.278	-20.6	0.53	25	-0.408	49	-0.212	0	0.53	0.12	0.03	0.08	
liquidity-trail-matrix	15m	XRPUSD	gross	132	-0.158	-20.9	0.56	63	-0.188	69	-0.131	0	0.55	0.14	0.02	0.12	
liquidity-trail-matrix	15m	XRPUSD	stop1.5	74	-0.278	-20.6	0.53	25	-0.408	49	-0.212	0	0.53	0.12	0.03	0.08	
liquidity-trail-matrix	15m	XRPUSD	stop2	74	-0.278	-20.6	0.53	25	-0.408	49	-0.212	0	0.53	0.12	0.03	0.08	
liquidity-trail-matrix	15m	XRPUSD	tp1	74	-0.362	-26.8	0.36	25	-0.440	49	-0.322	0	0.49	0.00	0.00	0.08	
liquidity-trail-matrix	15m	XRPUSD	levels	74	-0.278	-20.6	0.53	25	-0.408	49	-0.212	0	0.53	0.12	0.03	0.08	
liquidity-trail-matrix	15m	XRPUSD	script	74	-0.278	-20.6	0.53	25	-0.408	49	-0.212	0	0.53	0.12	0.03	0.08	
liquidity-trail-matrix	15m	XRPUSD	er0.25	39	-0.363	-14.2	0.46	16	-0.497	23	-0.270	0	0.46	0.13	0.05	0.08	
liquidity-trail-matrix	15m	XRPUSD	confirm1	43	-0.203	-8.7	0.51	13	-0.204	30	-0.203	0	0.51	0.16	0.00	0.09	
liquidity-trail-matrix	15m	XRPUSD	er+stop1.5	39	-0.363	-14.2	0.46	16	-0.497	23	-0.270	0	0.46	0.13	0.05	0.08	
liquidity-trail-matrix	15m	XRPUSD	er+stop2	39	-0.363	-14.2	0.46	16	-0.497	23	-0.270	0	0.46	0.13	0.05	0.08	
liquidity-trail-matrix	15m	XRPUSD	confirm1+er	22	-0.127	-2.8	0.59	9	-0.232	13	-0.055	0	0.59	0.18	0.00	0.14	
liquidity-trail-matrix	15m	XRPUSD	inverted	48	-0.098	-4.7	0.60	14	0.198	34	-0.219	0	0.63	0.19	0.02	0.29	
liquidity-trail-matrix	15m	XRPUSD	long	38	-0.398	-15.1	0.45	12	-0.460	26	-0.369	0	0.45	0.08	0.03	0.13	
liquidity-trail-matrix	15m	XRPUSD	short	36	-0.153	-5.5	0.61	13	-0.360	23	-0.036	0	0.61	0.17	0.03	0.03	
liquidity-trail-matrix	15m	XRPUSD	label:alert:🔴 SHORT	36	-0.153	-5.5	0.61	13	-0.360	23	-0.036	0	0.61	0.17	0.03	0.03	
liquidity-trail-matrix	15m	XRPUSD	label:alert:🟢 LONG	38	-0.398	-15.1	0.45	12	-0.460	26	-0.369	0	0.45	0.08	0.03	0.13	
liquidity-trail-matrix	15m	XRPUSD	repaint	132	-0.278	-20.6	0.53	25	-0.408	49	-0.212	0	0.53	0.12	0.03	0.08	0 of 132 earlier entries changed when the last 60 bars were hidden (0%)
liquidity-trail-matrix	15m	XRPUSD	verdict	74	-0.278	-20.6	0.53	25	-0.408	49	-0.212	0	0.53	0.12	0.03	0.08	no variant pays in both halves → not a reading, exit or cost problem on this cell; re-time or retire the pair
liquidity-trail-matrix	15m	BNBUSD	base	48	-0.190	-9.1	0.58	21	-0.164	27	-0.211	0	0.58	0.19	0.06	0.06	
liquidity-trail-matrix	15m	BNBUSD	gross	191	-0.124	-23.6	0.57	97	-0.139	94	-0.108	0	0.57	0.19	0.05	0.19	
liquidity-trail-matrix	15m	BNBUSD	stop1.5	48	-0.190	-9.1	0.58	21	-0.164	27	-0.211	0	0.58	0.19	0.06	0.06	
liquidity-trail-matrix	15m	BNBUSD	stop2	48	-0.190	-9.1	0.58	21	-0.164	27	-0.211	0	0.58	0.19	0.06	0.06	
liquidity-trail-matrix	15m	BNBUSD	tp1	48	-0.169	-8.1	0.46	21	-0.189	27	-0.152	0	0.48	0.00	0.00	0.06	
liquidity-trail-matrix	15m	BNBUSD	levels	48	-0.190	-9.1	0.58	21	-0.164	27	-0.211	0	0.58	0.19	0.06	0.06	
liquidity-trail-matrix	15m	BNBUSD	script	48	-0.190	-9.1	0.58	21	-0.164	27	-0.211	0	0.58	0.19	0.06	0.06	
liquidity-trail-matrix	15m	BNBUSD	er0.25	27	-0.020	-0.6	0.70	10	0.096	17	-0.089	0	0.70	0.19	0.07	0.07	
liquidity-trail-matrix	15m	BNBUSD	confirm1	31	-0.065	-2.0	0.48	13	-0.056	18	-0.071	0	0.48	0.16	0.03	0.00	
liquidity-trail-matrix	15m	BNBUSD	er+stop1.5	27	-0.020	-0.6	0.70	10	0.096	17	-0.089	0	0.70	0.19	0.07	0.07	
liquidity-trail-matrix	15m	BNBUSD	er+stop2	27	-0.020	-0.6	0.70	10	0.096	17	-0.089	0	0.70	0.19	0.07	0.07	
liquidity-trail-matrix	15m	BNBUSD	confirm1+er	19	-0.216	-4.1	0.42	9	-0.371	10	-0.076	0	0.42	0.11	0.00	0.00	
liquidity-trail-matrix	15m	BNBUSD	inverted	3	-0.582	-1.7	0.33	2	-0.937	1	0.129	0	0.33	0.00	0.00	0.67	
liquidity-trail-matrix	15m	BNBUSD	long	29	-0.220	-6.4	0.52	12	-0.047	17	-0.342	0	0.52	0.28	0.10	0.07	
liquidity-trail-matrix	15m	BNBUSD	short	19	-0.145	-2.7	0.68	9	-0.319	10	0.012	0	0.68	0.05	0.00	0.05	
liquidity-trail-matrix	15m	BNBUSD	label:alert:🔴 SHORT	19	-0.145	-2.7	0.68	9	-0.319	10	0.012	0	0.68	0.05	0.00	0.05	
liquidity-trail-matrix	15m	BNBUSD	label:alert:🟢 LONG	29	-0.220	-6.4	0.52	12	-0.047	17	-0.342	0	0.52	0.28	0.10	0.07	
liquidity-trail-matrix	15m	BNBUSD	repaint	190	-0.190	-9.1	0.58	21	-0.164	27	-0.211	0	0.58	0.19	0.06	0.06	0 of 190 earlier entries changed when the last 60 bars were hidden (0%)
liquidity-trail-matrix	15m	BNBUSD	verdict	48	-0.190	-9.1	0.58	21	-0.164	27	-0.211	0	0.58	0.19	0.06	0.06	no variant pays in both halves → not a reading, exit or cost problem on this cell; re-time or retire the pair
liquidity-trail-matrix	15m	DOGEUSD	base	80	-0.192	-15.4	0.57	39	-0.212	41	-0.173	0	0.57	0.15	0.01	0.11	
liquidity-trail-matrix	15m	DOGEUSD	gross	141	-0.189	-26.6	0.52	75	-0.201	66	-0.175	0	0.52	0.17	0.02	0.18	
liquidity-trail-matrix	15m	DOGEUSD	stop1.5	80	-0.192	-15.4	0.57	39	-0.212	41	-0.173	0	0.57	0.15	0.01	0.11	
liquidity-trail-matrix	15m	DOGEUSD	stop2	80	-0.192	-15.4	0.57	39	-0.212	41	-0.173	0	0.57	0.15	0.01	0.11	
liquidity-trail-matrix	15m	DOGEUSD	tp1	80	-0.150	-12.0	0.47	39	-0.132	41	-0.168	0	0.47	0.00	0.00	0.11	
liquidity-trail-matrix	15m	DOGEUSD	levels	80	-0.192	-15.4	0.57	39	-0.212	41	-0.173	0	0.57	0.15	0.01	0.11	
liquidity-trail-matrix	15m	DOGEUSD	script	80	-0.192	-15.4	0.57	39	-0.212	41	-0.173	0	0.57	0.15	0.01	0.11	
liquidity-trail-matrix	15m	DOGEUSD	er0.25	40	-0.197	-7.9	0.57	18	-0.330	22	-0.087	0	0.57	0.13	0.00	0.05	
liquidity-trail-matrix	15m	DOGEUSD	confirm1	41	-0.173	-7.1	0.46	22	-0.150	19	-0.199	0	0.39	0.07	0.02	0.02	
liquidity-trail-matrix	15m	DOGEUSD	er+stop1.5	40	-0.197	-7.9	0.57	18	-0.330	22	-0.087	0	0.57	0.13	0.00	0.05	
liquidity-trail-matrix	15m	DOGEUSD	er+stop2	40	-0.197	-7.9	0.57	18	-0.330	22	-0.087	0	0.57	0.13	0.00	0.05	
liquidity-trail-matrix	15m	DOGEUSD	confirm1+er	19	-0.253	-4.8	0.42	8	-0.316	11	-0.206	0	0.32	0.00	0.00	0.05	
liquidity-trail-matrix	15m	DOGEUSD	inverted	43	0.084	3.6	0.77	11	0.326	32	0.001	1	0.77	0.26	0.02	0.26	
liquidity-trail-matrix	15m	DOGEUSD	long	37	-0.259	-9.6	0.57	19	-0.175	18	-0.348	0	0.57	0.11	0.00	0.16	
liquidity-trail-matrix	15m	DOGEUSD	short	43	-0.135	-5.8	0.58	20	-0.248	23	-0.036	0	0.58	0.19	0.02	0.07	
liquidity-trail-matrix	15m	DOGEUSD	label:alert:🔴 SHORT	43	-0.135	-5.8	0.58	20	-0.248	23	-0.036	0	0.58	0.19	0.02	0.07	
liquidity-trail-matrix	15m	DOGEUSD	label:alert:🟢 LONG	37	-0.259	-9.6	0.57	19	-0.175	18	-0.348	0	0.57	0.11	0.00	0.16	
liquidity-trail-matrix	15m	DOGEUSD	repaint	141	-0.192	-15.4	0.57	39	-0.212	41	-0.173	0	0.57	0.15	0.01	0.11	0 of 141 earlier entries changed when the last 60 bars were hidden (0%)
liquidity-trail-matrix	15m	DOGEUSD	verdict	80	-0.192	-15.4	0.57	39	-0.212	41	-0.173	0	0.57	0.15	0.01	0.11	no variant pays in both halves → not a reading, exit or cost problem on this cell; re-time or retire the pair
liquidity-trail-matrix	15m	AVAXUSD	base	104	-0.100	-10.4	0.65	48	-0.093	56	-0.107	0	0.64	0.13	0.02	0.09	
liquidity-trail-matrix	15m	AVAXUSD	gross	189	-0.058	-11.0	0.59	108	-0.109	81	0.011	0	0.58	0.18	0.04	0.19	
liquidity-trail-matrix	15m	AVAXUSD	stop1.5	104	-0.100	-10.4	0.65	48	-0.093	56	-0.107	0	0.64	0.13	0.02	0.09	
liquidity-trail-matrix	15m	AVAXUSD	stop2	104	-0.100	-10.4	0.65	48	-0.093	56	-0.107	0	0.64	0.13	0.02	0.09	
liquidity-trail-matrix	15m	AVAXUSD	tp1	104	-0.136	-14.2	0.49	48	-0.208	56	-0.074	0	0.58	0.00	0.00	0.09	
liquidity-trail-matrix	15m	AVAXUSD	levels	104	-0.100	-10.4	0.65	48	-0.093	56	-0.107	0	0.64	0.13	0.02	0.09	
liquidity-trail-matrix	15m	AVAXUSD	script	104	-0.100	-10.4	0.65	48	-0.093	56	-0.107	0	0.64	0.13	0.02	0.09	
liquidity-trail-matrix	15m	AVAXUSD	er0.25	51	-0.103	-5.3	0.61	27	0.004	24	-0.224	0	0.59	0.16	0.04	0.08	
liquidity-trail-matrix	15m	AVAXUSD	confirm1	66	-0.066	-4.3	0.56	30	-0.130	36	-0.012	0	0.50	0.17	0.00	0.05	
liquidity-trail-matrix	15m	AVAXUSD	er+stop1.5	51	-0.103	-5.3	0.61	27	0.004	24	-0.224	0	0.59	0.16	0.04	0.08	
liquidity-trail-matrix	15m	AVAXUSD	er+stop2	51	-0.103	-5.3	0.61	27	0.004	24	-0.224	0	0.59	0.16	0.04	0.08	
liquidity-trail-matrix	15m	AVAXUSD	confirm1+er	35	-0.253	-8.9	0.46	17	-0.364	18	-0.148	0	0.43	0.06	0.00	0.06	
liquidity-trail-matrix	15m	AVAXUSD	inverted	56	-0.143	-8.0	0.61	18	0.092	38	-0.255	0	0.59	0.21	0.02	0.36	
liquidity-trail-matrix	15m	AVAXUSD	long	52	-0.054	-2.8	0.67	23	-0.072	29	-0.040	0	0.65	0.13	0.02	0.12	
liquidity-trail-matrix	15m	AVAXUSD	short	52	-0.147	-7.6	0.63	25	-0.112	27	-0.179	0	0.63	0.12	0.02	0.06	
liquidity-trail-matrix	15m	AVAXUSD	label:alert:🟢 LONG	52	-0.054	-2.8	0.67	23	-0.072	29	-0.040	0	0.65	0.13	0.02	0.12	
liquidity-trail-matrix	15m	AVAXUSD	label:alert:🔴 SHORT	52	-0.147	-7.6	0.63	25	-0.112	27	-0.179	0	0.63	0.12	0.02	0.06	
liquidity-trail-matrix	15m	AVAXUSD	repaint	189	-0.100	-10.4	0.65	48	-0.093	56	-0.107	0	0.64	0.13	0.02	0.09	0 of 189 earlier entries changed when the last 60 bars were hidden (0%)
liquidity-trail-matrix	15m	AVAXUSD	verdict	104	-0.100	-10.4	0.65	48	-0.093	56	-0.107	0	0.64	0.13	0.02	0.09	no variant pays in both halves → not a reading, exit or cost problem on this cell; re-time or retire the pair
liquidity-trail-matrix	15m	ADAUSD	base	94	0.004	0.4	0.64	39	-0.045	55	0.039	0	0.64	0.26	0.10	0.11	
liquidity-trail-matrix	15m	ADAUSD	gross	120	0.107	12.9	0.65	57	0.088	63	0.125	1	0.64	0.27	0.07	0.14	
liquidity-trail-matrix	15m	ADAUSD	stop1.5	94	0.004	0.4	0.64	39	-0.045	55	0.039	0	0.64	0.26	0.10	0.11	
liquidity-trail-matrix	15m	ADAUSD	stop2	94	0.004	0.4	0.64	39	-0.045	55	0.039	0	0.64	0.26	0.10	0.11	
liquidity-trail-matrix	15m	ADAUSD	tp1	94	-0.185	-17.4	0.46	39	-0.100	55	-0.246	0	0.55	0.00	0.00	0.11	
liquidity-trail-matrix	15m	ADAUSD	levels	94	0.004	0.4	0.64	39	-0.045	55	0.039	0	0.64	0.26	0.10	0.11	
liquidity-trail-matrix	15m	ADAUSD	script	94	0.004	0.4	0.64	39	-0.045	55	0.039	0	0.64	0.26	0.10	0.11	
liquidity-trail-matrix	15m	ADAUSD	er0.25	38	0.096	3.6	0.68	15	0.098	23	0.094	1	0.68	0.26	0.08	0.11	
liquidity-trail-matrix	15m	ADAUSD	confirm1	48	-0.149	-7.2	0.56	19	-0.203	29	-0.114	0	0.54	0.08	0.00	0.06	
liquidity-trail-matrix	15m	ADAUSD	er+stop1.5	38	0.096	3.6	0.68	15	0.098	23	0.094	1	0.68	0.26	0.08	0.11	
liquidity-trail-matrix	15m	ADAUSD	er+stop2	38	0.096	3.6	0.68	15	0.098	23	0.094	1	0.68	0.26	0.08	0.11	
liquidity-trail-matrix	15m	ADAUSD	confirm1+er	26	-0.209	-5.4	0.50	9	-0.339	17	-0.140	0	0.46	0.08	0.00	0.08	
liquidity-trail-matrix	15m	ADAUSD	inverted	95	-0.080	-7.6	0.64	42	-0.122	53	-0.047	0	0.65	0.20	0.02	0.37	
liquidity-trail-matrix	15m	ADAUSD	long	45	-0.089	-4.0	0.58	24	-0.001	21	-0.190	0	0.58	0.27	0.11	0.11	
liquidity-trail-matrix	15m	ADAUSD	short	49	0.089	4.4	0.69	15	-0.116	34	0.180	0	0.69	0.24	0.08	0.10	
liquidity-trail-matrix	15m	ADAUSD	label:alert:🔴 SHORT	49	0.089	4.4	0.69	15	-0.116	34	0.180	0	0.69	0.24	0.08	0.10	
liquidity-trail-matrix	15m	ADAUSD	label:alert:🟢 LONG	45	-0.089	-4.0	0.58	24	-0.001	21	-0.190	0	0.58	0.27	0.11	0.11	
liquidity-trail-matrix	15m	ADAUSD	repaint	120	0.004	0.4	0.64	39	-0.045	55	0.039	0	0.64	0.26	0.10	0.11	0 of 120 earlier entries changed when the last 60 bars were hidden (0%)
liquidity-trail-matrix	15m	ADAUSD	verdict	94	0.004	0.4	0.64	39	-0.045	55	0.039	0	0.64	0.26	0.10	0.11	COSTS: positive before fees, negative after → a slower timeframe or a wider stop/target so each trade pays the round trip several times over
liquidity-trail-matrix	15m	LTCUSD	base	70	-0.273	-19.1	0.51	23	-0.183	47	-0.317	0	0.51	0.14	0.01	0.07	
liquidity-trail-matrix	15m	LTCUSD	gross	154	-0.228	-35.2	0.48	85	-0.208	69	-0.253	0	0.47	0.16	0.01	0.23	
liquidity-trail-matrix	15m	LTCUSD	stop1.5	70	-0.273	-19.1	0.51	23	-0.183	47	-0.317	0	0.51	0.14	0.01	0.07	
liquidity-trail-matrix	15m	LTCUSD	stop2	70	-0.273	-19.1	0.51	23	-0.183	47	-0.317	0	0.51	0.14	0.01	0.07	
liquidity-trail-matrix	15m	LTCUSD	tp1	70	-0.267	-18.7	0.41	23	-0.368	47	-0.217	0	0.44	0.00	0.00	0.07	
liquidity-trail-matrix	15m	LTCUSD	levels	70	-0.273	-19.1	0.51	23	-0.183	47	-0.317	0	0.51	0.14	0.01	0.07	
liquidity-trail-matrix	15m	LTCUSD	script	70	-0.273	-19.1	0.51	23	-0.183	47	-0.317	0	0.51	0.14	0.01	0.07	
liquidity-trail-matrix	15m	LTCUSD	er0.25	31	-0.284	-8.8	0.55	8	-0.174	23	-0.323	0	0.55	0.10	0.00	0.06	
liquidity-trail-matrix	15m	LTCUSD	confirm1	33	-0.202	-6.7	0.52	15	-0.328	18	-0.097	0	0.45	0.06	0.03	0.03	
liquidity-trail-matrix	15m	LTCUSD	er+stop1.5	31	-0.284	-8.8	0.55	8	-0.174	23	-0.323	0	0.55	0.10	0.00	0.06	
liquidity-trail-matrix	15m	LTCUSD	er+stop2	31	-0.284	-8.8	0.55	8	-0.174	23	-0.323	0	0.55	0.10	0.00	0.06	
liquidity-trail-matrix	15m	LTCUSD	confirm1+er	19	-0.321	-6.1	0.47	10	-0.371	9	-0.266	0	0.47	0.00	0.00	0.00	
liquidity-trail-matrix	15m	LTCUSD	inverted	33	0.031	1.0	0.76	5	-0.258	28	0.082	0	0.76	0.21	0.03	0.21	
liquidity-trail-matrix	15m	LTCUSD	long	30	-0.125	-3.7	0.60	9	-0.250	21	-0.071	0	0.60	0.17	0.03	0.10	
liquidity-trail-matrix	15m	LTCUSD	short	40	-0.385	-15.4	0.45	14	-0.140	26	-0.516	0	0.45	0.13	0.00	0.05	
liquidity-trail-matrix	15m	LTCUSD	label:alert:🟢 LONG	30	-0.125	-3.7	0.60	9	-0.250	21	-0.071	0	0.60	0.17	0.03	0.10	
liquidity-trail-matrix	15m	LTCUSD	label:alert:🔴 SHORT	40	-0.385	-15.4	0.45	14	-0.140	26	-0.516	0	0.45	0.13	0.00	0.05	
liquidity-trail-matrix	15m	LTCUSD	repaint	154	-0.273	-19.1	0.51	23	-0.183	47	-0.317	0	0.51	0.14	0.01	0.07	0 of 154 earlier entries changed when the last 60 bars were hidden (0%)
liquidity-trail-matrix	15m	LTCUSD	verdict	70	-0.273	-19.1	0.51	23	-0.183	47	-0.317	0	0.51	0.14	0.01	0.07	no variant pays in both halves → not a reading, exit or cost problem on this cell; re-time or retire the pair
liquidity-trail-matrix	15m	BCHUSD	base	92	-0.158	-14.5	0.57	36	-0.280	56	-0.080	0	0.57	0.21	0.07	0.10	
liquidity-trail-matrix	15m	BCHUSD	gross	201	-0.075	-15.1	0.54	111	-0.143	90	0.008	0	0.52	0.23	0.07	0.19	
liquidity-trail-matrix	15m	BCHUSD	stop1.5	92	-0.158	-14.5	0.57	36	-0.280	56	-0.080	0	0.57	0.21	0.07	0.10	
liquidity-trail-matrix	15m	BCHUSD	stop2	92	-0.158	-14.5	0.57	36	-0.280	56	-0.080	0	0.57	0.21	0.07	0.10	
liquidity-trail-matrix	15m	BCHUSD	tp1	92	-0.248	-22.8	0.42	36	-0.278	56	-0.229	0	0.50	0.00	0.00	0.10	
liquidity-trail-matrix	15m	BCHUSD	levels	92	-0.158	-14.5	0.57	36	-0.280	56	-0.080	0	0.57	0.21	0.07	0.10	
liquidity-trail-matrix	15m	BCHUSD	script	92	-0.158	-14.5	0.57	36	-0.280	56	-0.080	0	0.57	0.21	0.07	0.10	
liquidity-trail-matrix	15m	BCHUSD	er0.25	41	-0.129	-5.3	0.61	16	-0.269	25	-0.039	0	0.61	0.24	0.02	0.10	
liquidity-trail-matrix	15m	BCHUSD	confirm1	59	-0.123	-7.3	0.51	20	0.204	39	-0.292	0	0.44	0.08	0.00	0.00	
liquidity-trail-matrix	15m	BCHUSD	er+stop1.5	41	-0.129	-5.3	0.61	16	-0.269	25	-0.039	0	0.61	0.24	0.02	0.10	
liquidity-trail-matrix	15m	BCHUSD	er+stop2	41	-0.129	-5.3	0.61	16	-0.269	25	-0.039	0	0.61	0.24	0.02	0.10	
liquidity-trail-matrix	15m	BCHUSD	confirm1+er	27	-0.023	-0.6	0.56	8	0.585	19	-0.279	0	0.48	0.15	0.00	0.00	
liquidity-trail-matrix	15m	BCHUSD	inverted	44	0.005	0.2	0.66	13	0.113	31	-0.040	0	0.66	0.32	0.07	0.39	
liquidity-trail-matrix	15m	BCHUSD	long	45	-0.117	-5.2	0.58	18	-0.289	27	-0.002	0	0.58	0.20	0.09	0.09	
liquidity-trail-matrix	15m	BCHUSD	short	47	-0.202	-9.5	0.55	18	-0.282	29	-0.152	0	0.55	0.21	0.04	0.11	
liquidity-trail-matrix	15m	BCHUSD	label:alert:🟢 LONG	45	-0.113	-5.1	0.58	18	-0.279	27	-0.002	0	0.58	0.20	0.09	0.09	
liquidity-trail-matrix	15m	BCHUSD	label:alert:🔴 SHORT	47	-0.202	-9.5	0.55	18	-0.282	29	-0.152	0	0.55	0.21	0.04	0.11	
liquidity-trail-matrix	15m	BCHUSD	repaint	201	-0.158	-14.5	0.57	36	-0.280	56	-0.080	0	0.57	0.21	0.07	0.10	0 of 201 earlier entries changed when the last 60 bars were hidden (0%)
liquidity-trail-matrix	15m	BCHUSD	verdict	92	-0.158	-14.5	0.57	36	-0.280	56	-0.080	0	0.57	0.21	0.07	0.10	no variant pays in both halves → not a reading, exit or cost problem on this cell; re-time or retire the pair
liquidity-trail-matrix	15m	LINKUSD	base	94	-0.091	-8.5	0.63	41	-0.203	53	-0.004	0	0.63	0.17	0.05	0.06	
liquidity-trail-matrix	15m	LINKUSD	gross	172	0.054	9.2	0.63	103	-0.007	69	0.145	0	0.62	0.23	0.06	0.14	
liquidity-trail-matrix	15m	LINKUSD	stop1.5	94	-0.091	-8.5	0.63	41	-0.203	53	-0.004	0	0.63	0.17	0.05	0.06	
liquidity-trail-matrix	15m	LINKUSD	stop2	94	-0.091	-8.5	0.63	41	-0.203	53	-0.004	0	0.63	0.17	0.05	0.06	
liquidity-trail-matrix	15m	LINKUSD	tp1	94	-0.124	-11.7	0.49	41	-0.247	53	-0.030	0	0.59	0.00	0.00	0.06	
liquidity-trail-matrix	15m	LINKUSD	levels	94	-0.091	-8.5	0.63	41	-0.203	53	-0.004	0	0.63	0.17	0.05	0.06	
liquidity-trail-matrix	15m	LINKUSD	script	94	-0.091	-8.5	0.63	41	-0.203	53	-0.004	0	0.63	0.17	0.05	0.06	
liquidity-trail-matrix	15m	LINKUSD	er0.25	41	0.034	1.4	0.68	16	-0.206	25	0.187	0	0.68	0.17	0.07	0.05	
liquidity-trail-matrix	15m	LINKUSD	confirm1	64	-0.036	-2.3	0.63	26	-0.066	38	-0.015	0	0.58	0.16	0.02	0.02	
liquidity-trail-matrix	15m	LINKUSD	er+stop1.5	41	0.034	1.4	0.68	16	-0.206	25	0.187	0	0.68	0.17	0.07	0.05	
liquidity-trail-matrix	15m	LINKUSD	er+stop2	41	0.034	1.4	0.68	16	-0.206	25	0.187	0	0.68	0.17	0.07	0.05	
liquidity-trail-matrix	15m	LINKUSD	confirm1+er	36	-0.064	-2.3	0.58	11	-0.020	25	-0.083	0	0.56	0.14	0.03	0.00	
liquidity-trail-matrix	15m	LINKUSD	inverted	50	-0.141	-7.0	0.60	12	-0.343	38	-0.077	0	0.60	0.20	0.02	0.34	
liquidity-trail-matrix	15m	LINKUSD	long	51	-0.079	-4.0	0.65	24	-0.132	27	-0.032	0	0.65	0.18	0.06	0.04	
liquidity-trail-matrix	15m	LINKUSD	short	43	-0.104	-4.5	0.60	17	-0.302	26	0.025	0	0.60	0.16	0.05	0.09	
liquidity-trail-matrix	15m	LINKUSD	label:alert:🟢 LONG	51	-0.079	-4.0	0.65	24	-0.132	27	-0.032	0	0.65	0.18	0.06	0.04	
liquidity-trail-matrix	15m	LINKUSD	label:alert:🔴 SHORT	43	-0.104	-4.5	0.60	17	-0.302	26	0.025	0	0.60	0.16	0.05	0.09	
liquidity-trail-matrix	15m	LINKUSD	repaint	172	-0.091	-8.5	0.63	41	-0.203	53	-0.004	0	0.63	0.17	0.05	0.06	0 of 172 earlier entries changed when the last 60 bars were hidden (0%)
liquidity-trail-matrix	15m	LINKUSD	verdict	94	-0.091	-8.5	0.63	41	-0.203	53	-0.004	0	0.63	0.17	0.05	0.06	no variant pays in both halves → not a reading, exit or cost problem on this cell; re-time or retire the pair
liquidity-trail-matrix	15m	SUIUSD	base	99	-0.241	-23.9	0.53	38	-0.205	61	-0.264	0	0.53	0.19	0.01	0.17	
liquidity-trail-matrix	15m	SUIUSD	gross	224	-0.093	-20.8	0.50	132	-0.092	92	-0.094	0	0.45	0.21	0.04	0.29	
liquidity-trail-matrix	15m	SUIUSD	stop1.5	99	-0.241	-23.9	0.53	38	-0.205	61	-0.264	0	0.53	0.19	0.01	0.17	
liquidity-trail-matrix	15m	SUIUSD	stop2	99	-0.241	-23.9	0.53	38	-0.205	61	-0.264	0	0.53	0.19	0.01	0.17	
liquidity-trail-matrix	15m	SUIUSD	tp1	99	-0.265	-26.2	0.40	38	-0.208	61	-0.300	0	0.44	0.00	0.00	0.17	
liquidity-trail-matrix	15m	SUIUSD	levels	99	-0.241	-23.9	0.53	38	-0.205	61	-0.264	0	0.53	0.19	0.01	0.17	
liquidity-trail-matrix	15m	SUIUSD	script	99	-0.241	-23.9	0.53	38	-0.205	61	-0.264	0	0.53	0.19	0.01	0.17	
liquidity-trail-matrix	15m	SUIUSD	er0.25	49	-0.094	-4.6	0.61	20	-0.104	29	-0.087	0	0.61	0.20	0.02	0.10	
liquidity-trail-matrix	15m	SUIUSD	confirm1	62	-0.118	-7.3	0.52	26	-0.049	36	-0.169	0	0.45	0.08	0.02	0.05	
liquidity-trail-matrix	15m	SUIUSD	er+stop1.5	49	-0.094	-4.6	0.61	20	-0.104	29	-0.087	0	0.61	0.20	0.02	0.10	
liquidity-trail-matrix	15m	SUIUSD	er+stop2	49	-0.094	-4.6	0.61	20	-0.104	29	-0.087	0	0.61	0.20	0.02	0.10	
liquidity-trail-matrix	15m	SUIUSD	confirm1+er	39	-0.105	-4.1	0.49	18	-0.021	21	-0.177	0	0.44	0.10	0.03	0.05	
liquidity-trail-matrix	15m	SUIUSD	inverted	71	0.026	1.9	0.65	19	0.153	52	-0.020	0	0.65	0.38	0.07	0.38	
liquidity-trail-matrix	15m	SUIUSD	long	60	-0.200	-12.0	0.55	22	-0.293	38	-0.146	0	0.55	0.22	0.02	0.20	
liquidity-trail-matrix	15m	SUIUSD	short	39	-0.306	-11.9	0.49	16	-0.083	23	-0.460	0	0.49	0.15	0.00	0.13	
liquidity-trail-matrix	15m	SUIUSD	label:alert:🔴 SHORT	39	-0.306	-11.9	0.49	16	-0.083	23	-0.460	0	0.49	0.15	0.00	0.13	
liquidity-trail-matrix	15m	SUIUSD	label:alert:🟢 LONG	60	-0.200	-12.0	0.55	22	-0.293	38	-0.146	0	0.55	0.22	0.02	0.20	
liquidity-trail-matrix	15m	SUIUSD	repaint	224	-0.241	-23.9	0.53	38	-0.205	61	-0.264	0	0.53	0.19	0.01	0.17	0 of 224 earlier entries changed when the last 60 bars were hidden (0%)
liquidity-trail-matrix	15m	SUIUSD	verdict	99	-0.241	-23.9	0.53	38	-0.205	61	-0.264	0	0.53	0.19	0.01	0.17	no variant pays in both halves → not a reading, exit or cost problem on this cell; re-time or retire the pair
liquidity-trail-matrix	15m	NEARUSD	base	130	-0.264	-34.3	0.48	56	-0.367	74	-0.186	0	0.48	0.19	0.05	0.20	
liquidity-trail-matrix	15m	NEARUSD	gross	255	-0.042	-10.7	0.47	158	-0.035	97	-0.054	0	0.39	0.21	0.06	0.27	
liquidity-trail-matrix	15m	NEARUSD	stop1.5	130	-0.264	-34.3	0.48	56	-0.367	74	-0.186	0	0.48	0.19	0.05	0.20	
liquidity-trail-matrix	15m	NEARUSD	stop2	130	-0.264	-34.3	0.48	56	-0.367	74	-0.186	0	0.48	0.19	0.05	0.20	
liquidity-trail-matrix	15m	NEARUSD	tp1	130	-0.247	-32.1	0.41	56	-0.331	74	-0.184	0	0.39	0.00	0.00	0.20	
liquidity-trail-matrix	15m	NEARUSD	levels	130	-0.264	-34.3	0.48	56	-0.367	74	-0.186	0	0.48	0.19	0.05	0.20	
liquidity-trail-matrix	15m	NEARUSD	script	130	-0.264	-34.3	0.48	56	-0.367	74	-0.186	0	0.48	0.19	0.05	0.20	
liquidity-trail-matrix	15m	NEARUSD	er0.25	56	-0.299	-16.7	0.46	26	-0.364	30	-0.242	0	0.46	0.16	0.04	0.20	
liquidity-trail-matrix	15m	NEARUSD	confirm1	62	-0.157	-9.7	0.45	31	-0.219	31	-0.094	0	0.42	0.15	0.02	0.11	
liquidity-trail-matrix	15m	NEARUSD	er+stop1.5	56	-0.299	-16.7	0.46	26	-0.364	30	-0.242	0	0.46	0.16	0.04	0.20	
liquidity-trail-matrix	15m	NEARUSD	er+stop2	56	-0.299	-16.7	0.46	26	-0.364	30	-0.242	0	0.46	0.16	0.04	0.20	
liquidity-trail-matrix	15m	NEARUSD	confirm1+er	38	-0.218	-8.3	0.47	20	-0.350	18	-0.071	0	0.42	0.11	0.00	0.11	
liquidity-trail-matrix	15m	NEARUSD	inverted	99	0.074	7.3	0.68	25	0.159	74	0.045	1	0.67	0.38	0.10	0.37	
liquidity-trail-matrix	15m	NEARUSD	long	67	-0.291	-19.5	0.46	24	-0.511	43	-0.169	0	0.46	0.18	0.04	0.25	
liquidity-trail-matrix	15m	NEARUSD	short	63	-0.234	-14.7	0.49	32	-0.259	31	-0.209	0	0.49	0.21	0.05	0.14	
liquidity-trail-matrix	15m	NEARUSD	label:alert:🔴 SHORT	63	-0.234	-14.7	0.49	32	-0.259	31	-0.209	0	0.49	0.21	0.05	0.14	
liquidity-trail-matrix	15m	NEARUSD	label:alert:🟢 LONG	67	-0.291	-19.5	0.46	24	-0.511	43	-0.169	0	0.46	0.18	0.04	0.25	
liquidity-trail-matrix	15m	NEARUSD	repaint	254	-0.264	-34.3	0.48	56	-0.367	74	-0.186	0	0.48	0.19	0.05	0.20	0 of 254 earlier entries changed when the last 60 bars were hidden (0%)
liquidity-trail-matrix	15m	NEARUSD	verdict	130	-0.264	-34.3	0.48	56	-0.367	74	-0.186	0	0.48	0.19	0.05	0.20	no variant pays in both halves → not a reading, exit or cost problem on this cell; re-time or retire the pair
liquidity-trail-matrix	15m	HYPEUSD	base	113	-0.135	-15.2	0.58	56	-0.235	57	-0.036	0	0.58	0.23	0.06	0.10	
liquidity-trail-matrix	15m	HYPEUSD	gross	193	-0.010	-2.0	0.59	93	-0.032	100	0.010	0	0.58	0.25	0.07	0.16	
liquidity-trail-matrix	15m	HYPEUSD	stop1.5	113	-0.135	-15.2	0.58	56	-0.235	57	-0.036	0	0.58	0.23	0.06	0.10	
liquidity-trail-matrix	15m	HYPEUSD	stop2	113	-0.135	-15.2	0.58	56	-0.235	57	-0.036	0	0.58	0.23	0.06	0.10	
liquidity-trail-matrix	15m	HYPEUSD	tp1	113	-0.191	-21.6	0.46	56	-0.291	57	-0.092	0	0.51	0.00	0.00	0.11	
liquidity-trail-matrix	15m	HYPEUSD	levels	113	-0.135	-15.2	0.58	56	-0.235	57	-0.036	0	0.58	0.23	0.06	0.10	
liquidity-trail-matrix	15m	HYPEUSD	script	113	-0.135	-15.2	0.58	56	-0.235	57	-0.036	0	0.58	0.23	0.06	0.10	
liquidity-trail-matrix	15m	HYPEUSD	er0.25	47	-0.189	-8.9	0.60	25	-0.147	22	-0.237	0	0.60	0.13	0.02	0.11	
liquidity-trail-matrix	15m	HYPEUSD	confirm1	67	-0.177	-11.8	0.55	31	-0.100	36	-0.243	0	0.48	0.07	0.00	0.07	
liquidity-trail-matrix	15m	HYPEUSD	er+stop1.5	47	-0.189	-8.9	0.60	25	-0.147	22	-0.237	0	0.60	0.13	0.02	0.11	
liquidity-trail-matrix	15m	HYPEUSD	er+stop2	47	-0.189	-8.9	0.60	25	-0.147	22	-0.237	0	0.60	0.13	0.02	0.11	
liquidity-trail-matrix	15m	HYPEUSD	confirm1+er	38	-0.186	-7.1	0.58	17	-0.059	21	-0.289	0	0.50	0.00	0.00	0.11	
liquidity-trail-matrix	15m	HYPEUSD	inverted	64	0.045	2.9	0.69	32	0.100	32	-0.010	0	0.69	0.31	0.06	0.34	
liquidity-trail-matrix	15m	HYPEUSD	long	56	-0.046	-2.6	0.64	29	-0.183	27	0.102	0	0.64	0.27	0.05	0.07	
liquidity-trail-matrix	15m	HYPEUSD	short	57	-0.222	-12.6	0.53	27	-0.290	30	-0.161	0	0.53	0.19	0.07	0.12	
liquidity-trail-matrix	15m	HYPEUSD	label:alert:🟢 LONG	56	-0.046	-2.6	0.64	29	-0.183	27	0.102	0	0.64	0.27	0.05	0.07	
liquidity-trail-matrix	15m	HYPEUSD	label:alert:🔴 SHORT	57	-0.222	-12.6	0.53	27	-0.290	30	-0.161	0	0.53	0.19	0.07	0.12	
liquidity-trail-matrix	15m	HYPEUSD	repaint	193	-0.135	-15.2	0.58	56	-0.235	57	-0.036	0	0.58	0.23	0.06	0.10	0 of 193 earlier entries changed when the last 60 bars were hidden (0%)
liquidity-trail-matrix	15m	HYPEUSD	verdict	113	-0.135	-15.2	0.58	56	-0.235	57	-0.036	0	0.58	0.23	0.06	0.10	no variant pays in both halves → not a reading, exit or cost problem on this cell; re-time or retire the pair
liquidity-trail-matrix	1h	BTCUSD	base	54	-0.008	-0.4	0.74	27	0.041	27	-0.056	0	0.74	0.15	0.00	0.04	
liquidity-trail-matrix	1h	BTCUSD	gross	66	0.040	2.7	0.71	30	0.120	36	-0.026	0	0.71	0.14	0.00	0.06	
liquidity-trail-matrix	1h	BTCUSD	stop1.5	54	-0.008	-0.4	0.74	27	0.041	27	-0.056	0	0.74	0.15	0.00	0.04	
liquidity-trail-matrix	1h	BTCUSD	stop2	54	-0.008	-0.4	0.74	27	0.041	27	-0.056	0	0.74	0.15	0.00	0.04	
liquidity-trail-matrix	1h	BTCUSD	tp1	54	-0.045	-2.4	0.54	27	-0.065	27	-0.025	0	0.65	0.00	0.00	0.04	
liquidity-trail-matrix	1h	BTCUSD	levels	54	-0.008	-0.4	0.74	27	0.041	27	-0.056	0	0.74	0.15	0.00	0.04	
liquidity-trail-matrix	1h	BTCUSD	script	54	-0.008	-0.4	0.74	27	0.041	27	-0.056	0	0.74	0.15	0.00	0.04	
liquidity-trail-matrix	1h	BTCUSD	er0.25	29	-0.087	-2.5	0.69	13	-0.217	16	0.019	0	0.69	0.17	0.00	0.03	
liquidity-trail-matrix	1h	BTCUSD	confirm1	28	-0.046	-1.3	0.64	13	0.115	15	-0.185	0	0.64	0.21	0.00	0.00	
liquidity-trail-matrix	1h	BTCUSD	er+stop1.5	29	-0.087	-2.5	0.69	13	-0.217	16	0.019	0	0.69	0.17	0.00	0.03	
liquidity-trail-matrix	1h	BTCUSD	er+stop2	29	-0.087	-2.5	0.69	13	-0.217	16	0.019	0	0.69	0.17	0.00	0.03	
liquidity-trail-matrix	1h	BTCUSD	confirm1+er	15	-0.034	-0.5	0.60	6	-0.041	9	-0.030	0	0.60	0.27	0.00	0.00	
liquidity-trail-matrix	1h	BTCUSD	inverted	46	-0.141	-6.5	0.63	28	-0.164	18	-0.105	0	0.63	0.22	0.02	0.30	
liquidity-trail-matrix	1h	BTCUSD	long	29	-0.228	-6.6	0.62	15	-0.301	14	-0.148	0	0.62	0.07	0.00	0.07	
liquidity-trail-matrix	1h	BTCUSD	short	25	0.248	6.2	0.88	12	0.469	13	0.044	1	0.88	0.24	0.00	0.00	
liquidity-trail-matrix	1h	BTCUSD	label:alert:🔴 SHORT	25	0.248	6.2	0.88	12	0.469	13	0.044	1	0.88	0.24	0.00	0.00	
liquidity-trail-matrix	1h	BTCUSD	label:alert:🟢 LONG	29	-0.228	-6.6	0.62	15	-0.301	14	-0.148	0	0.62	0.07	0.00	0.07	
liquidity-trail-matrix	1h	BTCUSD	repaint	65	-0.008	-0.4	0.74	27	0.041	27	-0.056	0	0.74	0.15	0.00	0.04	0 of 65 earlier entries changed when the last 60 bars were hidden (0%)
liquidity-trail-matrix	1h	BTCUSD	verdict	54	-0.008	-0.4	0.74	27	0.041	27	-0.056	0	0.74	0.15	0.00	0.04	READING: label mix (alert:🟢 LONG lose; alert:🔴 SHORT pay) → read only the paying channel/label (sources or a label allow-list in the scanner config)
liquidity-trail-matrix	1h	ETHUSD	base	51	-0.047	-2.4	0.65	26	-0.079	25	-0.014	0	0.65	0.25	0.06	0.08	
liquidity-trail-matrix	1h	ETHUSD	gross	55	0.015	0.8	0.64	27	0.020	28	0.010	1	0.64	0.25	0.05	0.09	
liquidity-trail-matrix	1h	ETHUSD	stop1.5	51	-0.047	-2.4	0.65	26	-0.079	25	-0.014	0	0.65	0.25	0.06	0.08	
liquidity-trail-matrix	1h	ETHUSD	stop2	51	-0.047	-2.4	0.65	26	-0.079	25	-0.014	0	0.65	0.25	0.06	0.08	
liquidity-trail-matrix	1h	ETHUSD	tp1	51	-0.154	-7.8	0.47	26	-0.168	25	-0.139	0	0.49	0.00	0.00	0.08	
liquidity-trail-matrix	1h	ETHUSD	levels	51	-0.047	-2.4	0.65	26	-0.079	25	-0.014	0	0.65	0.25	0.06	0.08	
liquidity-trail-matrix	1h	ETHUSD	script	51	-0.047	-2.4	0.65	26	-0.079	25	-0.014	0	0.65	0.25	0.06	0.08	
liquidity-trail-matrix	1h	ETHUSD	er0.25	28	-0.075	-2.1	0.61	12	-0.166	16	-0.007	0	0.61	0.21	0.07	0.14	
liquidity-trail-matrix	1h	ETHUSD	confirm1	22	0.076	1.7	0.59	11	-0.161	11	0.312	0	0.55	0.23	0.05	0.00	
liquidity-trail-matrix	1h	ETHUSD	er+stop1.5	28	-0.075	-2.1	0.61	12	-0.166	16	-0.007	0	0.61	0.21	0.07	0.14	
liquidity-trail-matrix	1h	ETHUSD	er+stop2	28	-0.075	-2.1	0.61	12	-0.166	16	-0.007	0	0.61	0.21	0.07	0.14	
liquidity-trail-matrix	1h	ETHUSD	confirm1+er	13	0.431	5.6	0.77	5	0.204	8	0.573	1	0.77	0.38	0.08	0.00	
liquidity-trail-matrix	1h	ETHUSD	inverted	51	-0.025	-1.3	0.69	26	0.033	25	-0.085	0	0.69	0.24	0.04	0.33	
liquidity-trail-matrix	1h	ETHUSD	long	27	-0.150	-4.0	0.59	15	-0.368	12	0.123	0	0.59	0.15	0.07	0.11	
liquidity-trail-matrix	1h	ETHUSD	short	24	0.069	1.7	0.71	11	0.317	13	-0.140	0	0.71	0.38	0.04	0.04	
liquidity-trail-matrix	1h	ETHUSD	label:alert:🔴 SHORT	24	0.069	1.7	0.71	11	0.317	13	-0.140	0	0.71	0.38	0.04	0.04	
liquidity-trail-matrix	1h	ETHUSD	label:alert:🟢 LONG	27	-0.150	-4.0	0.59	15	-0.368	12	0.123	0	0.59	0.15	0.07	0.11	
liquidity-trail-matrix	1h	ETHUSD	repaint	54	-0.047	-2.4	0.65	26	-0.079	25	-0.014	0	0.65	0.25	0.06	0.08	0 of 54 earlier entries changed when the last 60 bars were hidden (0%)
liquidity-trail-matrix	1h	ETHUSD	verdict	51	-0.047	-2.4	0.65	26	-0.079	25	-0.014	0	0.65	0.25	0.06	0.08	COSTS: positive before fees, negative after → a slower timeframe or a wider stop/target so each trade pays the round trip several times over
liquidity-trail-matrix	1h	XRPUSD	base	66	0.025	1.6	0.73	31	0.132	35	-0.070	0	0.73	0.15	0.05	0.08	
liquidity-trail-matrix	1h	XRPUSD	gross	67	0.102	6.9	0.72	31	0.254	36	-0.028	0	0.72	0.15	0.04	0.09	
liquidity-trail-matrix	1h	XRPUSD	stop1.5	66	0.025	1.6	0.73	31	0.132	35	-0.070	0	0.73	0.15	0.05	0.08	
liquidity-trail-matrix	1h	XRPUSD	stop2	66	0.025	1.6	0.73	31	0.132	35	-0.070	0	0.73	0.15	0.05	0.08	
liquidity-trail-matrix	1h	XRPUSD	tp1	66	-0.156	-10.3	0.47	31	-0.033	35	-0.265	0	0.65	0.00	0.00	0.11	
liquidity-trail-matrix	1h	XRPUSD	levels	66	0.025	1.6	0.73	31	0.132	35	-0.070	0	0.73	0.15	0.05	0.08	
liquidity-trail-matrix	1h	XRPUSD	script	66	0.025	1.6	0.73	31	0.132	35	-0.070	0	0.73	0.15	0.05	0.08	
liquidity-trail-matrix	1h	XRPUSD	er0.25	36	0.050	1.8	0.72	18	0.062	18	0.037	1	0.72	0.14	0.06	0.06	
liquidity-trail-matrix	1h	XRPUSD	confirm1	35	-0.222	-7.8	0.51	19	-0.224	16	-0.220	0	0.49	0.03	0.00	0.00	
liquidity-trail-matrix	1h	XRPUSD	er+stop1.5	36	0.050	1.8	0.72	18	0.062	18	0.037	1	0.72	0.14	0.06	0.06	
liquidity-trail-matrix	1h	XRPUSD	er+stop2	36	0.050	1.8	0.72	18	0.062	18	0.037	1	0.72	0.14	0.06	0.06	
liquidity-trail-matrix	1h	XRPUSD	confirm1+er	22	-0.220	-4.8	0.55	13	-0.147	9	-0.325	0	0.50	0.05	0.00	0.00	
liquidity-trail-matrix	1h	XRPUSD	inverted	61	-0.261	-15.9	0.51	30	-0.398	31	-0.128	0	0.51	0.11	0.02	0.38	
liquidity-trail-matrix	1h	XRPUSD	long	32	0.234	7.5	0.84	12	0.379	20	0.146	1	0.84	0.16	0.09	0.03	
liquidity-trail-matrix	1h	XRPUSD	short	34	-0.172	-5.9	0.62	19	-0.025	15	-0.359	0	0.62	0.15	0.00	0.12	
liquidity-trail-matrix	1h	XRPUSD	label:alert:🟢 LONG	32	0.234	7.5	0.84	12	0.379	20	0.146	1	0.84	0.16	0.09	0.03	
liquidity-trail-matrix	1h	XRPUSD	label:alert:🔴 SHORT	34	-0.172	-5.9	0.62	19	-0.025	15	-0.359	0	0.62	0.15	0.00	0.12	
liquidity-trail-matrix	1h	XRPUSD	repaint	66	0.025	1.6	0.73	31	0.132	35	-0.070	0	0.73	0.15	0.05	0.08	0 of 66 earlier entries changed when the last 60 bars were hidden (0%)
liquidity-trail-matrix	1h	XRPUSD	verdict	66	0.025	1.6	0.73	31	0.132	35	-0.070	0	0.73	0.15	0.05	0.08	READING: label mix (alert:🔴 SHORT lose; alert:🟢 LONG pay) → read only the paying channel/label (sources or a label allow-list in the scanner config)
liquidity-trail-matrix	1h	SOLUSD	base	56	-0.025	-1.4	0.68	27	0.103	29	-0.145	0	0.68	0.13	0.04	0.09	
liquidity-trail-matrix	1h	SOLUSD	gross	58	0.083	4.8	0.69	27	0.192	31	-0.012	0	0.69	0.16	0.03	0.09	
liquidity-trail-matrix	1h	SOLUSD	stop1.5	56	-0.025	-1.4	0.68	27	0.103	29	-0.145	0	0.68	0.13	0.04	0.09	
liquidity-trail-matrix	1h	SOLUSD	stop2	56	-0.025	-1.4	0.68	27	0.103	29	-0.145	0	0.68	0.13	0.04	0.09	
liquidity-trail-matrix	1h	SOLUSD	tp1	56	-0.090	-5.0	0.50	27	-0.053	29	-0.124	0	0.59	0.00	0.00	0.11	
liquidity-trail-matrix	1h	SOLUSD	levels	56	-0.025	-1.4	0.68	27	0.103	29	-0.145	0	0.68	0.13	0.04	0.09	
liquidity-trail-matrix	1h	SOLUSD	script	56	-0.025	-1.4	0.68	27	0.103	29	-0.145	0	0.68	0.13	0.04	0.09	
liquidity-trail-matrix	1h	SOLUSD	er0.25	28	0.015	0.4	0.64	12	0.278	16	-0.182	0	0.64	0.14	0.07	0.04	
liquidity-trail-matrix	1h	SOLUSD	confirm1	24	0.329	7.9	0.79	12	0.554	12	0.104	1	0.75	0.29	0.08	0.00	
liquidity-trail-matrix	1h	SOLUSD	er+stop1.5	28	0.015	0.4	0.64	12	0.278	16	-0.182	0	0.64	0.14	0.07	0.04	
liquidity-trail-matrix	1h	SOLUSD	er+stop2	28	0.015	0.4	0.64	12	0.278	16	-0.182	0	0.64	0.14	0.07	0.04	
liquidity-trail-matrix	1h	SOLUSD	confirm1+er	13	0.315	4.1	0.77	7	0.424	6	0.187	1	0.69	0.38	0.15	0.00	
liquidity-trail-matrix	1h	SOLUSD	inverted	58	-0.100	-5.8	0.67	27	-0.005	31	-0.183	0	0.67	0.10	0.02	0.26	
liquidity-trail-matrix	1h	SOLUSD	long	29	-0.093	-2.7	0.66	13	0.023	16	-0.188	0	0.66	0.14	0.03	0.10	
liquidity-trail-matrix	1h	SOLUSD	short	27	0.048	1.3	0.70	14	0.177	13	-0.091	0	0.70	0.11	0.04	0.07	
liquidity-trail-matrix	1h	SOLUSD	label:alert:🔴 SHORT	27	0.048	1.3	0.70	14	0.177	13	-0.091	0	0.70	0.11	0.04	0.07	
liquidity-trail-matrix	1h	SOLUSD	label:alert:🟢 LONG	29	-0.093	-2.7	0.66	13	0.023	16	-0.188	0	0.66	0.14	0.03	0.10	
liquidity-trail-matrix	1h	SOLUSD	repaint	57	-0.025	-1.4	0.68	27	0.103	29	-0.145	0	0.68	0.13	0.04	0.09	0 of 57 earlier entries changed when the last 60 bars were hidden (0%)
liquidity-trail-matrix	1h	SOLUSD	verdict	56	-0.025	-1.4	0.68	27	0.103	29	-0.145	0	0.68	0.13	0.04	0.09	no variant pays in both halves → not a reading, exit or cost problem on this cell; re-time or retire the pair
liquidity-trail-matrix	1h	BNBUSD	base	61	-0.112	-6.8	0.64	36	-0.123	25	-0.096	0	0.64	0.16	0.03	0.10	
liquidity-trail-matrix	1h	BNBUSD	gross	82	0.020	1.6	0.65	44	-0.003	38	0.046	0	0.65	0.17	0.04	0.10	
liquidity-trail-matrix	1h	BNBUSD	stop1.5	61	-0.112	-6.8	0.64	36	-0.123	25	-0.096	0	0.64	0.16	0.03	0.10	
liquidity-trail-matrix	1h	BNBUSD	stop2	61	-0.112	-6.8	0.64	36	-0.123	25	-0.096	0	0.64	0.16	0.03	0.10	
liquidity-trail-matrix	1h	BNBUSD	tp1	60	-0.314	-18.8	0.40	36	-0.424	24	-0.148	0	0.52	0.00	0.00	0.12	
liquidity-trail-matrix	1h	BNBUSD	levels	61	-0.112	-6.8	0.64	36	-0.123	25	-0.096	0	0.64	0.16	0.03	0.10	
liquidity-trail-matrix	1h	BNBUSD	script	61	-0.112	-6.8	0.64	36	-0.123	25	-0.096	0	0.64	0.16	0.03	0.10	
liquidity-trail-matrix	1h	BNBUSD	er0.25	32	-0.156	-5.0	0.56	16	-0.095	16	-0.218	0	0.56	0.19	0.06	0.13	
liquidity-trail-matrix	1h	BNBUSD	confirm1	28	-0.046	-1.3	0.61	16	-0.167	12	0.115	0	0.54	0.21	0.00	0.04	
liquidity-trail-matrix	1h	BNBUSD	er+stop1.5	32	-0.156	-5.0	0.56	16	-0.095	16	-0.218	0	0.56	0.19	0.06	0.13	
liquidity-trail-matrix	1h	BNBUSD	er+stop2	32	-0.156	-5.0	0.56	16	-0.095	16	-0.218	0	0.56	0.19	0.06	0.13	
liquidity-trail-matrix	1h	BNBUSD	confirm1+er	13	0.083	1.1	0.62	7	-0.069	6	0.260	0	0.54	0.38	0.00	0.00	
liquidity-trail-matrix	1h	BNBUSD	inverted	48	-0.073	-3.5	0.65	33	0.004	15	-0.243	0	0.65	0.25	0.04	0.23	
liquidity-trail-matrix	1h	BNBUSD	long	35	-0.038	-1.3	0.69	23	-0.002	12	-0.108	0	0.69	0.14	0.06	0.11	
liquidity-trail-matrix	1h	BNBUSD	short	26	-0.211	-5.5	0.58	13	-0.337	13	-0.084	0	0.58	0.19	0.00	0.08	
liquidity-trail-matrix	1h	BNBUSD	label:alert:🟢 LONG	35	-0.038	-1.3	0.69	23	-0.002	12	-0.108	0	0.69	0.14	0.06	0.11	
liquidity-trail-matrix	1h	BNBUSD	label:alert:🔴 SHORT	26	-0.211	-5.5	0.58	13	-0.337	13	-0.084	0	0.58	0.19	0.00	0.08	
liquidity-trail-matrix	1h	BNBUSD	repaint	81	-0.112	-6.8	0.64	36	-0.123	25	-0.096	0	0.64	0.16	0.03	0.10	0 of 81 earlier entries changed when the last 60 bars were hidden (0%)
liquidity-trail-matrix	1h	BNBUSD	verdict	61	-0.112	-6.8	0.64	36	-0.123	25	-0.096	0	0.64	0.16	0.03	0.10	no variant pays in both halves → not a reading, exit or cost problem on this cell; re-time or retire the pair
liquidity-trail-matrix	1h	DOGEUSD	base	68	-0.132	-9.0	0.57	29	-0.223	39	-0.065	0	0.57	0.21	0.06	0.07	
liquidity-trail-matrix	1h	DOGEUSD	gross	73	-0.059	-4.3	0.58	33	-0.168	40	0.031	0	0.58	0.22	0.05	0.08	
liquidity-trail-matrix	1h	DOGEUSD	stop1.5	68	-0.132	-9.0	0.57	29	-0.223	39	-0.065	0	0.57	0.21	0.06	0.07	
liquidity-trail-matrix	1h	DOGEUSD	stop2	68	-0.132	-9.0	0.57	29	-0.223	39	-0.065	0	0.57	0.21	0.06	0.07	
liquidity-trail-matrix	1h	DOGEUSD	tp1	68	-0.150	-10.2	0.47	29	-0.201	39	-0.111	0	0.44	0.00	0.00	0.07	
liquidity-trail-matrix	1h	DOGEUSD	levels	68	-0.132	-9.0	0.57	29	-0.223	39	-0.065	0	0.57	0.21	0.06	0.07	
liquidity-trail-matrix	1h	DOGEUSD	script	68	-0.132	-9.0	0.57	29	-0.223	39	-0.065	0	0.57	0.21	0.06	0.07	
liquidity-trail-matrix	1h	DOGEUSD	er0.25	35	-0.272	-9.5	0.46	13	-0.477	22	-0.150	0	0.46	0.26	0.00	0.09	
liquidity-trail-matrix	1h	DOGEUSD	confirm1	38	-0.014	-0.5	0.58	17	-0.002	21	-0.023	0	0.58	0.08	0.00	0.03	
liquidity-trail-matrix	1h	DOGEUSD	er+stop1.5	35	-0.272	-9.5	0.46	13	-0.477	22	-0.150	0	0.46	0.26	0.00	0.09	
liquidity-trail-matrix	1h	DOGEUSD	er+stop2	35	-0.272	-9.5	0.46	13	-0.477	22	-0.150	0	0.46	0.26	0.00	0.09	
liquidity-trail-matrix	1h	DOGEUSD	confirm1+er	16	-0.075	-1.2	0.56	5	-0.190	11	-0.023	0	0.56	0.06	0.00	0.00	
liquidity-trail-matrix	1h	DOGEUSD	inverted	69	-0.173	-11.9	0.59	33	-0.224	36	-0.126	0	0.59	0.19	0.01	0.26	
liquidity-trail-matrix	1h	DOGEUSD	long	26	0.042	1.1	0.69	10	-0.116	16	0.140	0	0.69	0.27	0.04	0.04	
liquidity-trail-matrix	1h	DOGEUSD	short	42	-0.240	-10.1	0.50	19	-0.279	23	-0.208	0	0.50	0.17	0.07	0.10	
liquidity-trail-matrix	1h	DOGEUSD	label:alert:🟢 LONG	26	0.042	1.1	0.69	10	-0.116	16	0.140	0	0.69	0.27	0.04	0.04	
liquidity-trail-matrix	1h	DOGEUSD	label:alert:🔴 SHORT	42	-0.240	-10.1	0.50	19	-0.279	23	-0.208	0	0.50	0.17	0.07	0.10	
liquidity-trail-matrix	1h	DOGEUSD	repaint	72	-0.132	-9.0	0.57	29	-0.223	39	-0.065	0	0.57	0.21	0.06	0.07	0 of 72 earlier entries changed when the last 60 bars were hidden (0%)
liquidity-trail-matrix	1h	DOGEUSD	verdict	68	-0.132	-9.0	0.57	29	-0.223	39	-0.065	0	0.57	0.21	0.06	0.07	no variant pays in both halves → not a reading, exit or cost problem on this cell; re-time or retire the pair
liquidity-trail-matrix	1h	ADAUSD	base	50	0.089	4.5	0.74	23	0.025	27	0.143	1	0.74	0.14	0.04	0.08	
liquidity-trail-matrix	1h	ADAUSD	gross	51	0.171	8.7	0.75	23	0.092	28	0.236	1	0.75	0.16	0.04	0.08	
liquidity-trail-matrix	1h	ADAUSD	stop1.5	50	0.089	4.5	0.74	23	0.025	27	0.143	1	0.74	0.14	0.04	0.08	
liquidity-trail-matrix	1h	ADAUSD	stop2	50	0.089	4.5	0.74	23	0.025	27	0.143	1	0.74	0.14	0.04	0.08	
liquidity-trail-matrix	1h	ADAUSD	tp1	50	0.079	3.9	0.58	23	0.120	27	0.044	1	0.68	0.00	0.00	0.10	
liquidity-trail-matrix	1h	ADAUSD	levels	50	0.089	4.5	0.74	23	0.025	27	0.143	1	0.74	0.14	0.04	0.08	
liquidity-trail-matrix	1h	ADAUSD	script	50	0.089	4.5	0.74	23	0.025	27	0.143	1	0.74	0.14	0.04	0.08	
liquidity-trail-matrix	1h	ADAUSD	er0.25	22	0.058	1.3	0.73	10	0.019	12	0.090	1	0.73	0.09	0.00	0.05	
liquidity-trail-matrix	1h	ADAUSD	confirm1	18	0.189	3.4	0.78	9	0.143	9	0.234	1	0.67	0.17	0.00	0.00	
liquidity-trail-matrix	1h	ADAUSD	er+stop1.5	22	0.058	1.3	0.73	10	0.019	12	0.090	1	0.73	0.09	0.00	0.05	
liquidity-trail-matrix	1h	ADAUSD	er+stop2	22	0.058	1.3	0.73	10	0.019	12	0.090	1	0.73	0.09	0.00	0.05	
liquidity-trail-matrix	1h	ADAUSD	confirm1+er	10	0.146	1.5	0.80	5	-0.031	5	0.323	0	0.60	0.10	0.00	0.00	
liquidity-trail-matrix	1h	ADAUSD	inverted	51	0.010	0.5	0.71	23	-0.071	28	0.077	0	0.71	0.24	0.04	0.16	
liquidity-trail-matrix	1h	ADAUSD	long	28	0.232	6.5	0.79	13	0.018	15	0.417	1	0.79	0.21	0.07	0.07	
liquidity-trail-matrix	1h	ADAUSD	short	22	-0.092	-2.0	0.68	10	0.035	12	-0.198	0	0.68	0.05	0.00	0.09	
liquidity-trail-matrix	1h	ADAUSD	label:alert:🟢 LONG	28	0.232	6.5	0.79	13	0.018	15	0.417	1	0.79	0.21	0.07	0.07	
liquidity-trail-matrix	1h	ADAUSD	label:alert:🔴 SHORT	22	-0.092	-2.0	0.68	10	0.035	12	-0.198	0	0.68	0.05	0.00	0.09	
liquidity-trail-matrix	1h	ADAUSD	repaint	50	0.089	4.5	0.74	23	0.025	27	0.143	1	0.74	0.14	0.04	0.08	0 of 50 earlier entries changed when the last 60 bars were hidden (0%)
liquidity-trail-matrix	1h	ADAUSD	verdict	50	0.089	4.5	0.74	23	0.025	27	0.143	1	0.74	0.14	0.04	0.08	pays as read → nothing to fix; measure in shadow
liquidity-trail-matrix	1h	AVAXUSD	base	70	-0.079	-5.5	0.61	37	-0.104	33	-0.050	0	0.61	0.20	0.06	0.13	
liquidity-trail-matrix	1h	AVAXUSD	gross	71	-0.016	-1.1	0.61	37	-0.022	34	-0.010	0	0.61	0.20	0.06	0.13	
liquidity-trail-matrix	1h	AVAXUSD	stop1.5	70	-0.079	-5.5	0.61	37	-0.104	33	-0.050	0	0.61	0.20	0.06	0.13	
liquidity-trail-matrix	1h	AVAXUSD	stop2	70	-0.079	-5.5	0.61	37	-0.104	33	-0.050	0	0.61	0.20	0.06	0.13	
liquidity-trail-matrix	1h	AVAXUSD	tp1	70	-0.221	-15.4	0.43	37	-0.174	33	-0.273	0	0.56	0.00	0.00	0.16	
liquidity-trail-matrix	1h	AVAXUSD	levels	70	-0.079	-5.5	0.61	37	-0.104	33	-0.050	0	0.61	0.20	0.06	0.13	
liquidity-trail-matrix	1h	AVAXUSD	script	70	-0.079	-5.5	0.61	37	-0.104	33	-0.050	0	0.61	0.20	0.06	0.13	
liquidity-trail-matrix	1h	AVAXUSD	er0.25	35	-0.126	-4.4	0.57	18	-0.219	17	-0.027	0	0.57	0.17	0.06	0.09	
liquidity-trail-matrix	1h	AVAXUSD	confirm1	30	0.121	3.6	0.70	15	0.258	15	-0.017	0	0.70	0.23	0.03	0.00	
liquidity-trail-matrix	1h	AVAXUSD	er+stop1.5	35	-0.126	-4.4	0.57	18	-0.219	17	-0.027	0	0.57	0.17	0.06	0.09	
liquidity-trail-matrix	1h	AVAXUSD	er+stop2	35	-0.126	-4.4	0.57	18	-0.219	17	-0.027	0	0.57	0.17	0.06	0.09	
liquidity-trail-matrix	1h	AVAXUSD	confirm1+er	16	0.159	2.5	0.75	6	0.107	10	0.190	1	0.75	0.19	0.06	0.00	
liquidity-trail-matrix	1h	AVAXUSD	inverted	71	-0.025	-1.8	0.69	37	0.065	34	-0.122	0	0.69	0.20	0.03	0.28	
liquidity-trail-matrix	1h	AVAXUSD	long	38	-0.050	-1.9	0.63	21	-0.138	17	0.058	0	0.63	0.24	0.05	0.13	
liquidity-trail-matrix	1h	AVAXUSD	short	32	-0.112	-3.6	0.59	16	-0.060	16	-0.165	0	0.59	0.16	0.06	0.13	
liquidity-trail-matrix	1h	AVAXUSD	label:alert:🟢 LONG	38	-0.050	-1.9	0.63	21	-0.138	17	0.058	0	0.63	0.24	0.05	0.13	
liquidity-trail-matrix	1h	AVAXUSD	label:alert:🔴 SHORT	32	-0.112	-3.6	0.59	16	-0.060	16	-0.165	0	0.59	0.16	0.06	0.13	
liquidity-trail-matrix	1h	AVAXUSD	repaint	69	-0.079	-5.5	0.61	37	-0.104	33	-0.050	0	0.61	0.20	0.06	0.13	0 of 69 earlier entries changed when the last 60 bars were hidden (0%)
liquidity-trail-matrix	1h	AVAXUSD	verdict	70	-0.079	-5.5	0.61	37	-0.104	33	-0.050	0	0.61	0.20	0.06	0.13	no variant pays in both halves → not a reading, exit or cost problem on this cell; re-time or retire the pair
liquidity-trail-matrix	1h	LTCUSD	base	68	-0.271	-18.4	0.53	34	-0.218	34	-0.324	0	0.53	0.18	0.00	0.09	
liquidity-trail-matrix	1h	LTCUSD	gross	77	-0.166	-12.8	0.55	39	-0.113	38	-0.220	0	0.55	0.19	0.00	0.12	
liquidity-trail-matrix	1h	LTCUSD	stop1.5	68	-0.271	-18.4	0.53	34	-0.218	34	-0.324	0	0.53	0.18	0.00	0.09	
liquidity-trail-matrix	1h	LTCUSD	stop2	68	-0.271	-18.4	0.53	34	-0.218	34	-0.324	0	0.53	0.18	0.00	0.09	
liquidity-trail-matrix	1h	LTCUSD	tp1	68	-0.325	-22.1	0.38	34	-0.329	34	-0.321	0	0.44	0.00	0.00	0.09	
liquidity-trail-matrix	1h	LTCUSD	levels	68	-0.271	-18.4	0.53	34	-0.218	34	-0.324	0	0.53	0.18	0.00	0.09	
liquidity-trail-matrix	1h	LTCUSD	script	68	-0.271	-18.4	0.53	34	-0.218	34	-0.324	0	0.53	0.18	0.00	0.09	
liquidity-trail-matrix	1h	LTCUSD	er0.25	29	-0.162	-4.7	0.62	14	-0.041	15	-0.274	0	0.62	0.17	0.00	0.03	
liquidity-trail-matrix	1h	LTCUSD	confirm1	27	-0.266	-7.2	0.41	15	-0.330	12	-0.186	0	0.44	0.19	0.00	0.11	
liquidity-trail-matrix	1h	LTCUSD	er+stop1.5	29	-0.162	-4.7	0.62	14	-0.041	15	-0.274	0	0.62	0.17	0.00	0.03	
liquidity-trail-matrix	1h	LTCUSD	er+stop2	29	-0.162	-4.7	0.62	14	-0.041	15	-0.274	0	0.62	0.17	0.00	0.03	
liquidity-trail-matrix	1h	LTCUSD	confirm1+er	13	-0.391	-5.1	0.31	7	-0.397	6	-0.384	0	0.38	0.15	0.00	0.15	
liquidity-trail-matrix	1h	LTCUSD	inverted	63	-0.126	-7.9	0.68	37	-0.147	26	-0.096	0	0.67	0.11	0.00	0.22	
liquidity-trail-matrix	1h	LTCUSD	long	39	-0.170	-6.6	0.62	21	-0.227	18	-0.102	0	0.62	0.21	0.00	0.08	
liquidity-trail-matrix	1h	LTCUSD	short	29	-0.408	-11.8	0.41	13	-0.203	16	-0.575	0	0.41	0.14	0.00	0.10	
liquidity-trail-matrix	1h	LTCUSD	label:alert:🟢 LONG	39	-0.170	-6.6	0.62	21	-0.227	18	-0.102	0	0.62	0.21	0.00	0.08	
liquidity-trail-matrix	1h	LTCUSD	label:alert:🔴 SHORT	29	-0.408	-11.8	0.41	13	-0.203	16	-0.575	0	0.41	0.14	0.00	0.10	
liquidity-trail-matrix	1h	LTCUSD	repaint	76	-0.271	-18.4	0.53	34	-0.218	34	-0.324	0	0.53	0.18	0.00	0.09	0 of 76 earlier entries changed when the last 60 bars were hidden (0%)
liquidity-trail-matrix	1h	LTCUSD	verdict	68	-0.271	-18.4	0.53	34	-0.218	34	-0.324	0	0.53	0.18	0.00	0.09	no variant pays in both halves → not a reading, exit or cost problem on this cell; re-time or retire the pair
liquidity-trail-matrix	1h	BCHUSD	base	61	-0.207	-12.6	0.54	23	-0.076	38	-0.287	0	0.54	0.13	0.07	0.10	
liquidity-trail-matrix	1h	BCHUSD	gross	64	-0.135	-8.6	0.55	26	-0.001	38	-0.226	0	0.55	0.13	0.06	0.09	
liquidity-trail-matrix	1h	BCHUSD	stop1.5	61	-0.207	-12.6	0.54	23	-0.076	38	-0.287	0	0.54	0.13	0.07	0.10	
liquidity-trail-matrix	1h	BCHUSD	stop2	61	-0.207	-12.6	0.54	23	-0.076	38	-0.287	0	0.54	0.13	0.07	0.10	
liquidity-trail-matrix	1h	BCHUSD	tp1	60	-0.269	-16.2	0.40	23	-0.196	37	-0.315	0	0.48	0.00	0.00	0.12	
liquidity-trail-matrix	1h	BCHUSD	levels	61	-0.207	-12.6	0.54	23	-0.076	38	-0.287	0	0.54	0.13	0.07	0.10	
liquidity-trail-matrix	1h	BCHUSD	script	61	-0.207	-12.6	0.54	23	-0.076	38	-0.287	0	0.54	0.13	0.07	0.10	
liquidity-trail-matrix	1h	BCHUSD	er0.25	32	-0.039	-1.3	0.63	12	-0.152	20	0.028	0	0.63	0.19	0.09	0.06	
liquidity-trail-matrix	1h	BCHUSD	confirm1	28	0.020	0.6	0.64	15	0.014	13	0.027	1	0.57	0.18	0.00	0.00	
liquidity-trail-matrix	1h	BCHUSD	er+stop1.5	32	-0.039	-1.3	0.63	12	-0.152	20	0.028	0	0.63	0.19	0.09	0.06	
liquidity-trail-matrix	1h	BCHUSD	er+stop2	32	-0.039	-1.3	0.63	12	-0.152	20	0.028	0	0.63	0.19	0.09	0.06	
liquidity-trail-matrix	1h	BCHUSD	confirm1+er	16	0.120	1.9	0.69	6	0.176	10	0.086	1	0.63	0.19	0.00	0.00	
liquidity-trail-matrix	1h	BCHUSD	inverted	56	0.005	0.3	0.70	21	-0.055	35	0.041	0	0.70	0.23	0.04	0.23	
liquidity-trail-matrix	1h	BCHUSD	long	34	-0.232	-7.9	0.53	12	-0.184	22	-0.259	0	0.53	0.12	0.09	0.09	
liquidity-trail-matrix	1h	BCHUSD	short	27	-0.175	-4.7	0.56	11	0.042	16	-0.325	0	0.56	0.15	0.04	0.11	
liquidity-trail-matrix	1h	BCHUSD	label:alert:🔴 SHORT	27	-0.175	-4.7	0.56	11	0.042	16	-0.325	0	0.56	0.15	0.04	0.11	
liquidity-trail-matrix	1h	BCHUSD	label:alert:🟢 LONG	34	-0.232	-7.9	0.53	12	-0.184	22	-0.259	0	0.53	0.12	0.09	0.09	
liquidity-trail-matrix	1h	BCHUSD	repaint	63	-0.207	-12.6	0.54	23	-0.076	38	-0.287	0	0.54	0.13	0.07	0.10	0 of 63 earlier entries changed when the last 60 bars were hidden (0%)
liquidity-trail-matrix	1h	BCHUSD	verdict	61	-0.207	-12.6	0.54	23	-0.076	38	-0.287	0	0.54	0.13	0.07	0.10	no variant pays in both halves → not a reading, exit or cost problem on this cell; re-time or retire the pair
liquidity-trail-matrix	1h	LINKUSD	base	77	-0.147	-11.3	0.61	43	-0.112	34	-0.192	0	0.61	0.18	0.01	0.12	
liquidity-trail-matrix	1h	LINKUSD	gross	80	-0.016	-1.3	0.63	44	-0.004	36	-0.032	0	0.63	0.21	0.03	0.11	
liquidity-trail-matrix	1h	LINKUSD	stop1.5	77	-0.147	-11.3	0.61	43	-0.112	34	-0.192	0	0.61	0.18	0.01	0.12	
liquidity-trail-matrix	1h	LINKUSD	stop2	77	-0.147	-11.3	0.61	43	-0.112	34	-0.192	0	0.61	0.18	0.01	0.12	
liquidity-trail-matrix	1h	LINKUSD	tp1	77	-0.125	-9.6	0.48	43	-0.120	34	-0.132	0	0.56	0.00	0.00	0.13	
liquidity-trail-matrix	1h	LINKUSD	levels	77	-0.147	-11.3	0.61	43	-0.112	34	-0.192	0	0.61	0.18	0.01	0.12	
liquidity-trail-matrix	1h	LINKUSD	script	77	-0.147	-11.3	0.61	43	-0.112	34	-0.192	0	0.61	0.18	0.01	0.12	
liquidity-trail-matrix	1h	LINKUSD	er0.25	42	-0.078	-3.3	0.64	19	0.016	23	-0.156	0	0.64	0.21	0.02	0.14	
liquidity-trail-matrix	1h	LINKUSD	confirm1	32	0.023	0.7	0.69	18	-0.146	14	0.241	0	0.66	0.22	0.00	0.03	
liquidity-trail-matrix	1h	LINKUSD	er+stop1.5	42	-0.078	-3.3	0.64	19	0.016	23	-0.156	0	0.64	0.21	0.02	0.14	
liquidity-trail-matrix	1h	LINKUSD	er+stop2	42	-0.078	-3.3	0.64	19	0.016	23	-0.156	0	0.64	0.21	0.02	0.14	
liquidity-trail-matrix	1h	LINKUSD	confirm1+er	14	0.139	1.9	0.79	6	0.003	8	0.241	1	0.71	0.21	0.00	0.00	
liquidity-trail-matrix	1h	LINKUSD	inverted	78	0.013	1.0	0.72	43	0.030	35	-0.009	0	0.72	0.22	0.04	0.24	
liquidity-trail-matrix	1h	LINKUSD	long	40	-0.087	-3.5	0.68	21	-0.160	19	-0.006	0	0.68	0.13	0.03	0.10	
liquidity-trail-matrix	1h	LINKUSD	short	37	-0.213	-7.9	0.54	22	-0.066	15	-0.428	0	0.54	0.24	0.00	0.14	
liquidity-trail-matrix	1h	LINKUSD	label:alert:🟢 LONG	40	-0.087	-3.5	0.68	21	-0.160	19	-0.006	0	0.68	0.13	0.03	0.10	
liquidity-trail-matrix	1h	LINKUSD	label:alert:🔴 SHORT	37	-0.213	-7.9	0.54	22	-0.066	15	-0.428	0	0.54	0.24	0.00	0.14	
liquidity-trail-matrix	1h	LINKUSD	repaint	80	-0.147	-11.3	0.61	43	-0.112	34	-0.192	0	0.61	0.18	0.01	0.12	0 of 80 earlier entries changed when the last 60 bars were hidden (0%)
liquidity-trail-matrix	1h	LINKUSD	verdict	77	-0.147	-11.3	0.61	43	-0.112	34	-0.192	0	0.61	0.18	0.01	0.12	no variant pays in both halves → not a reading, exit or cost problem on this cell; re-time or retire the pair
liquidity-trail-matrix	1h	SUIUSD	base	66	0.003	0.2	0.64	34	-0.033	32	0.040	0	0.64	0.27	0.03	0.09	
liquidity-trail-matrix	1h	SUIUSD	gross	73	0.045	3.3	0.62	36	0.035	37	0.054	1	0.62	0.26	0.03	0.12	
liquidity-trail-matrix	1h	SUIUSD	stop1.5	66	0.003	0.2	0.64	34	-0.033	32	0.040	0	0.64	0.27	0.03	0.09	
liquidity-trail-matrix	1h	SUIUSD	stop2	66	0.003	0.2	0.64	34	-0.033	32	0.040	0	0.64	0.27	0.03	0.09	
liquidity-trail-matrix	1h	SUIUSD	tp1	66	-0.081	-5.3	0.50	34	-0.201	32	0.047	0	0.50	0.00	0.00	0.11	
liquidity-trail-matrix	1h	SUIUSD	levels	66	0.003	0.2	0.64	34	-0.033	32	0.040	0	0.64	0.27	0.03	0.09	
liquidity-trail-matrix	1h	SUIUSD	script	66	0.003	0.2	0.64	34	-0.033	32	0.040	0	0.64	0.27	0.03	0.09	
liquidity-trail-matrix	1h	SUIUSD	er0.25	27	0.196	5.3	0.78	12	0.478	15	-0.029	0	0.78	0.37	0.00	0.00	
liquidity-trail-matrix	1h	SUIUSD	confirm1	32	-0.094	-3.0	0.50	20	-0.058	12	-0.155	0	0.44	0.16	0.00	0.03	
liquidity-trail-matrix	1h	SUIUSD	er+stop1.5	27	0.196	5.3	0.78	12	0.478	15	-0.029	0	0.78	0.37	0.00	0.00	
liquidity-trail-matrix	1h	SUIUSD	er+stop2	27	0.196	5.3	0.78	12	0.478	15	-0.029	0	0.78	0.37	0.00	0.00	
liquidity-trail-matrix	1h	SUIUSD	confirm1+er	16	0.070	1.1	0.50	9	0.104	7	0.027	1	0.44	0.19	0.00	0.00	
liquidity-trail-matrix	1h	SUIUSD	inverted	68	0.027	1.8	0.68	36	0.011	32	0.044	1	0.68	0.32	0.04	0.28	
liquidity-trail-matrix	1h	SUIUSD	long	35	-0.039	-1.4	0.60	19	-0.016	16	-0.065	0	0.60	0.26	0.06	0.09	
liquidity-trail-matrix	1h	SUIUSD	short	31	0.049	1.5	0.68	15	-0.053	16	0.146	0	0.68	0.29	0.00	0.10	
liquidity-trail-matrix	1h	SUIUSD	label:alert:🔴 SHORT	31	0.049	1.5	0.68	15	-0.053	16	0.146	0	0.68	0.29	0.00	0.10	
liquidity-trail-matrix	1h	SUIUSD	label:alert:🟢 LONG	35	-0.039	-1.4	0.60	19	-0.016	16	-0.065	0	0.60	0.26	0.06	0.09	
liquidity-trail-matrix	1h	SUIUSD	repaint	72	0.003	0.2	0.64	34	-0.033	32	0.040	0	0.64	0.27	0.03	0.09	0 of 72 earlier entries changed when the last 60 bars were hidden (0%)
liquidity-trail-matrix	1h	SUIUSD	verdict	66	0.003	0.2	0.64	34	-0.033	32	0.040	0	0.64	0.27	0.03	0.09	COSTS: positive before fees, negative after → a slower timeframe or a wider stop/target so each trade pays the round trip several times over
liquidity-trail-matrix	1h	NEARUSD	base	78	-0.060	-4.7	0.62	40	0.041	38	-0.165	0	0.62	0.23	0.03	0.14	
liquidity-trail-matrix	1h	NEARUSD	gross	82	-0.017	-1.4	0.60	41	0.133	41	-0.168	0	0.60	0.22	0.02	0.17	
liquidity-trail-matrix	1h	NEARUSD	stop1.5	78	-0.060	-4.7	0.62	40	0.041	38	-0.165	0	0.62	0.23	0.03	0.14	
liquidity-trail-matrix	1h	NEARUSD	stop2	78	-0.060	-4.7	0.62	40	0.041	38	-0.165	0	0.62	0.23	0.03	0.14	
liquidity-trail-matrix	1h	NEARUSD	tp1	77	-0.038	-2.9	0.52	40	0.111	37	-0.198	0	0.47	0.00	0.00	0.14	
liquidity-trail-matrix	1h	NEARUSD	levels	78	-0.060	-4.7	0.62	40	0.041	38	-0.165	0	0.62	0.23	0.03	0.14	
liquidity-trail-matrix	1h	NEARUSD	script	78	-0.060	-4.7	0.62	40	0.041	38	-0.165	0	0.62	0.23	0.03	0.14	
liquidity-trail-matrix	1h	NEARUSD	er0.25	39	-0.022	-0.8	0.64	19	0.201	20	-0.233	0	0.64	0.21	0.03	0.18	
liquidity-trail-matrix	1h	NEARUSD	confirm1	34	-0.106	-3.6	0.53	16	-0.193	18	-0.028	0	0.47	0.15	0.03	0.09	
liquidity-trail-matrix	1h	NEARUSD	er+stop1.5	39	-0.022	-0.8	0.64	19	0.201	20	-0.233	0	0.64	0.21	0.03	0.18	
liquidity-trail-matrix	1h	NEARUSD	er+stop2	39	-0.022	-0.8	0.64	19	0.201	20	-0.233	0	0.64	0.21	0.03	0.18	
liquidity-trail-matrix	1h	NEARUSD	confirm1+er	20	-0.053	-1.1	0.55	10	0.114	10	-0.221	0	0.55	0.15	0.05	0.10	
liquidity-trail-matrix	1h	NEARUSD	inverted	80	0.041	3.2	0.66	39	0.034	41	0.047	1	0.68	0.24	0.05	0.34	
liquidity-trail-matrix	1h	NEARUSD	long	40	-0.160	-6.4	0.55	17	-0.207	23	-0.126	0	0.55	0.17	0.03	0.17	
liquidity-trail-matrix	1h	NEARUSD	short	38	0.046	1.8	0.68	23	0.224	15	-0.226	0	0.68	0.29	0.03	0.11	
liquidity-trail-matrix	1h	NEARUSD	label:alert:🔴 SHORT	38	0.046	1.8	0.68	23	0.224	15	-0.226	0	0.68	0.29	0.03	0.11	
liquidity-trail-matrix	1h	NEARUSD	label:alert:🟢 LONG	40	-0.160	-6.4	0.55	17	-0.207	23	-0.126	0	0.55	0.17	0.03	0.17	
liquidity-trail-matrix	1h	NEARUSD	repaint	80	-0.060	-4.7	0.62	40	0.041	38	-0.165	0	0.62	0.23	0.03	0.14	0 of 80 earlier entries changed when the last 60 bars were hidden (0%)
liquidity-trail-matrix	1h	NEARUSD	verdict	78	-0.060	-4.7	0.62	40	0.041	38	-0.165	0	0.62	0.23	0.03	0.14	no variant pays in both halves → not a reading, exit or cost problem on this cell; re-time or retire the pair
liquidity-trail-matrix	1h	HYPEUSD	base	69	0.010	0.7	0.71	42	-0.077	27	0.146	0	0.71	0.22	0.00	0.10	
liquidity-trail-matrix	1h	HYPEUSD	gross	71	0.075	5.3	0.70	43	-0.002	28	0.193	0	0.70	0.23	0.00	0.11	
liquidity-trail-matrix	1h	HYPEUSD	stop1.5	69	0.010	0.7	0.71	42	-0.077	27	0.146	0	0.71	0.22	0.00	0.10	
liquidity-trail-matrix	1h	HYPEUSD	stop2	69	0.010	0.7	0.71	42	-0.077	27	0.146	0	0.71	0.22	0.00	0.10	
liquidity-trail-matrix	1h	HYPEUSD	tp1	69	0.047	3.3	0.57	42	-0.063	27	0.218	0	0.61	0.00	0.00	0.10	
liquidity-trail-matrix	1h	HYPEUSD	levels	69	0.010	0.7	0.71	42	-0.077	27	0.146	0	0.71	0.22	0.00	0.10	
liquidity-trail-matrix	1h	HYPEUSD	script	69	0.010	0.7	0.71	42	-0.077	27	0.146	0	0.71	0.22	0.00	0.10	
liquidity-trail-matrix	1h	HYPEUSD	er0.25	33	-0.011	-0.4	0.70	18	-0.028	15	0.009	0	0.70	0.21	0.00	0.06	
liquidity-trail-matrix	1h	HYPEUSD	confirm1	28	0.076	2.1	0.71	17	0.210	11	-0.133	0	0.64	0.07	0.00	0.04	
liquidity-trail-matrix	1h	HYPEUSD	er+stop1.5	33	-0.011	-0.4	0.70	18	-0.028	15	0.009	0	0.70	0.21	0.00	0.06	
liquidity-trail-matrix	1h	HYPEUSD	er+stop2	33	-0.011	-0.4	0.70	18	-0.028	15	0.009	0	0.70	0.21	0.00	0.06	
liquidity-trail-matrix	1h	HYPEUSD	confirm1+er	15	0.071	1.1	0.67	8	0.316	7	-0.208	0	0.67	0.07	0.00	0.00	
liquidity-trail-matrix	1h	HYPEUSD	inverted	71	-0.023	-1.7	0.66	43	0.017	28	-0.085	0	0.66	0.24	0.03	0.31	
liquidity-trail-matrix	1h	HYPEUSD	long	39	0.021	0.8	0.72	25	0.038	14	-0.010	0	0.72	0.21	0.00	0.10	
liquidity-trail-matrix	1h	HYPEUSD	short	30	-0.003	-0.1	0.70	17	-0.245	13	0.313	0	0.70	0.23	0.00	0.10	
liquidity-trail-matrix	1h	HYPEUSD	label:alert:🟢 LONG	39	0.021	0.8	0.72	25	0.038	14	-0.010	0	0.72	0.21	0.00	0.10	
liquidity-trail-matrix	1h	HYPEUSD	label:alert:🔴 SHORT	30	-0.003	-0.1	0.70	17	-0.245	13	0.313	0	0.70	0.23	0.00	0.10	
liquidity-trail-matrix	1h	HYPEUSD	repaint	70	0.010	0.7	0.71	42	-0.077	27	0.146	0	0.71	0.22	0.00	0.10	0 of 70 earlier entries changed when the last 60 bars were hidden (0%)
liquidity-trail-matrix	1h	HYPEUSD	verdict	69	0.010	0.7	0.71	42	-0.077	27	0.146	0	0.71	0.22	0.00	0.10	no variant pays in both halves → not a reading, exit or cost problem on this cell; re-time or retire the pair
liquidity-trail-matrix	4h	ETHUSD	base	27	0.092	2.5	0.74	15	0.193	12	-0.034	0	0.74	0.19	0.04	0.07	
liquidity-trail-matrix	4h	ETHUSD	gross	27	0.154	4.1	0.74	15	0.258	12	0.023	1	0.74	0.19	0.04	0.07	
liquidity-trail-matrix	4h	ETHUSD	stop1.5	27	0.092	2.5	0.74	15	0.193	12	-0.034	0	0.74	0.19	0.04	0.07	
liquidity-trail-matrix	4h	ETHUSD	stop2	27	0.092	2.5	0.74	15	0.193	12	-0.034	0	0.74	0.19	0.04	0.07	
liquidity-trail-matrix	4h	ETHUSD	tp1	27	0.121	3.3	0.59	15	0.388	12	-0.212	0	0.59	0.00	0.00	0.07	
liquidity-trail-matrix	4h	ETHUSD	levels	27	0.092	2.5	0.74	15	0.193	12	-0.034	0	0.74	0.19	0.04	0.07	
liquidity-trail-matrix	4h	ETHUSD	script	27	0.092	2.5	0.74	15	0.193	12	-0.034	0	0.74	0.19	0.04	0.07	
liquidity-trail-matrix	4h	ETHUSD	er0.25	11	0.299	3.3	0.91	6	0.387	5	0.193	1	0.91	0.18	0.00	0.00	
liquidity-trail-matrix	4h	ETHUSD	confirm1	14	0.117	1.6	0.71	8	0.360	6	-0.206	0	0.57	0.07	0.00	0.07	
liquidity-trail-matrix	4h	ETHUSD	er+stop1.5	11	0.299	3.3	0.91	6	0.387	5	0.193	1	0.91	0.18	0.00	0.00	
liquidity-trail-matrix	4h	ETHUSD	er+stop2	11	0.299	3.3	0.91	6	0.387	5	0.193	1	0.91	0.18	0.00	0.00	
liquidity-trail-matrix	4h	ETHUSD	confirm1+er	7	0.187	1.3	0.71	3	0.705	4	-0.202	0	0.57	0.14	0.00	0.00	
liquidity-trail-matrix	4h	ETHUSD	inverted	27	-0.205	-5.5	0.59	15	-0.165	12	-0.256	0	0.59	0.07	0.00	0.11	
liquidity-trail-matrix	4h	ETHUSD	long	16	0.092	1.5	0.75	9	0.098	7	0.084	1	0.75	0.19	0.00	0.06	
liquidity-trail-matrix	4h	ETHUSD	short	11	0.092	1.0	0.73	6	0.335	5	-0.199	0	0.73	0.18	0.09	0.09	
liquidity-trail-matrix	4h	ETHUSD	label:alert:🟢 LONG	16	0.092	1.5	0.75	9	0.098	7	0.084	1	0.75	0.19	0.00	0.06	
liquidity-trail-matrix	4h	ETHUSD	label:alert:🔴 SHORT	11	0.092	1.0	0.73	6	0.335	5	-0.199	0	0.73	0.18	0.09	0.09	
liquidity-trail-matrix	4h	ETHUSD	repaint	26	0.092	2.5	0.74	15	0.193	12	-0.034	0	0.74	0.19	0.04	0.07	0 of 26 earlier entries changed when the last 60 bars were hidden (0%)
liquidity-trail-matrix	4h	ETHUSD	verdict	27	0.092	2.5	0.74	15	0.193	12	-0.034	0	0.74	0.19	0.04	0.07	COSTS: positive before fees, negative after → a slower timeframe or a wider stop/target so each trade pays the round trip several times over
liquidity-trail-matrix	4h	BTCUSD	base	32	0.140	4.5	0.75	19	0.152	13	0.123	1	0.75	0.16	0.06	0.06	
liquidity-trail-matrix	4h	BTCUSD	gross	32	0.219	7.0	0.75	19	0.236	13	0.195	1	0.75	0.16	0.06	0.06	
liquidity-trail-matrix	4h	BTCUSD	stop1.5	32	0.140	4.5	0.75	19	0.152	13	0.123	1	0.75	0.16	0.06	0.06	
liquidity-trail-matrix	4h	BTCUSD	stop2	32	0.140	4.5	0.75	19	0.152	13	0.123	1	0.75	0.16	0.06	0.06	
liquidity-trail-matrix	4h	BTCUSD	tp1	32	0.045	1.4	0.56	19	0.072	13	0.006	1	0.72	0.00	0.00	0.06	
liquidity-trail-matrix	4h	BTCUSD	levels	32	0.140	4.5	0.75	19	0.152	13	0.123	1	0.75	0.16	0.06	0.06	
liquidity-trail-matrix	4h	BTCUSD	script	32	0.140	4.5	0.75	19	0.152	13	0.123	1	0.75	0.16	0.06	0.06	
liquidity-trail-matrix	4h	BTCUSD	er0.25	17	0.081	1.4	0.71	9	-0.104	8	0.289	0	0.71	0.12	0.06	0.00	
liquidity-trail-matrix	4h	BTCUSD	confirm1	15	-0.064	-1.0	0.60	10	-0.167	5	0.142	0	0.60	0.07	0.00	0.07	
liquidity-trail-matrix	4h	BTCUSD	er+stop1.5	17	0.081	1.4	0.71	9	-0.104	8	0.289	0	0.71	0.12	0.06	0.00	
liquidity-trail-matrix	4h	BTCUSD	er+stop2	17	0.081	1.4	0.71	9	-0.104	8	0.289	0	0.71	0.12	0.06	0.00	
liquidity-trail-matrix	4h	BTCUSD	confirm1+er	4	-0.100	-0.4	0.50	2	-0.208	2	0.008	0	0.50	0.00	0.00	0.00	
liquidity-trail-matrix	4h	BTCUSD	inverted	32	-0.219	-7.0	0.59	19	-0.174	13	-0.284	0	0.59	0.06	0.00	0.22	
liquidity-trail-matrix	4h	BTCUSD	long	13	0.259	3.4	0.77	8	0.238	5	0.292	1	0.77	0.15	0.08	0.08	
liquidity-trail-matrix	4h	BTCUSD	short	19	0.060	1.1	0.74	11	0.090	8	0.018	1	0.74	0.16	0.05	0.05	
liquidity-trail-matrix	4h	BTCUSD	label:alert:🟢 LONG	13	0.259	3.4	0.77	8	0.238	5	0.292	1	0.77	0.15	0.08	0.08	
liquidity-trail-matrix	4h	BTCUSD	label:alert:🔴 SHORT	19	0.060	1.1	0.74	11	0.090	8	0.018	1	0.74	0.16	0.05	0.05	
liquidity-trail-matrix	4h	BTCUSD	repaint	30	0.140	4.5	0.75	19	0.152	13	0.123	1	0.75	0.16	0.06	0.06	0 of 30 earlier entries changed when the last 60 bars were hidden (0%)
liquidity-trail-matrix	4h	BTCUSD	verdict	32	0.140	4.5	0.75	19	0.152	13	0.123	1	0.75	0.16	0.06	0.06	pays as read → nothing to fix; measure in shadow
liquidity-trail-matrix	4h	XRPUSD	base	35	0.031	1.1	0.74	17	0.139	18	-0.071	0	0.74	0.17	0.03	0.06	
liquidity-trail-matrix	4h	XRPUSD	gross	35	0.082	2.9	0.74	17	0.194	18	-0.024	0	0.74	0.17	0.03	0.06	
liquidity-trail-matrix	4h	XRPUSD	stop1.5	35	0.031	1.1	0.74	17	0.139	18	-0.071	0	0.74	0.17	0.03	0.06	
liquidity-trail-matrix	4h	XRPUSD	stop2	35	0.031	1.1	0.74	17	0.139	18	-0.071	0	0.74	0.17	0.03	0.06	
liquidity-trail-matrix	4h	XRPUSD	tp1	35	0.083	2.9	0.57	17	0.003	18	0.159	1	0.69	0.00	0.00	0.06	
liquidity-trail-matrix	4h	XRPUSD	levels	35	0.031	1.1	0.74	17	0.139	18	-0.071	0	0.74	0.17	0.03	0.06	
liquidity-trail-matrix	4h	XRPUSD	script	35	0.031	1.1	0.74	17	0.139	18	-0.071	0	0.74	0.17	0.03	0.06	
liquidity-trail-matrix	4h	XRPUSD	er0.25	18	-0.116	-2.1	0.61	7	-0.011	11	-0.182	0	0.61	0.22	0.06	0.11	
liquidity-trail-matrix	4h	XRPUSD	confirm1	19	-0.124	-2.4	0.58	8	-0.296	11	0.001	0	0.53	0.11	0.00	0.00	
liquidity-trail-matrix	4h	XRPUSD	er+stop1.5	18	-0.116	-2.1	0.61	7	-0.011	11	-0.182	0	0.61	0.22	0.06	0.11	
liquidity-trail-matrix	4h	XRPUSD	er+stop2	18	-0.116	-2.1	0.61	7	-0.011	11	-0.182	0	0.61	0.22	0.06	0.11	
liquidity-trail-matrix	4h	XRPUSD	confirm1+er	10	0.166	1.7	0.80	2	0.462	8	0.092	0	0.70	0.10	0.00	0.00	
liquidity-trail-matrix	4h	XRPUSD	inverted	35	-0.151	-5.3	0.51	17	0.019	18	-0.311	0	0.51	0.17	0.06	0.20	
liquidity-trail-matrix	4h	XRPUSD	long	16	-0.000	-0.0	0.75	4	0.054	12	-0.018	0	0.75	0.13	0.00	0.06	
liquidity-trail-matrix	4h	XRPUSD	short	19	0.057	1.1	0.74	13	0.165	6	-0.176	0	0.74	0.21	0.05	0.05	
liquidity-trail-matrix	4h	XRPUSD	label:alert:🔴 SHORT	19	0.057	1.1	0.74	13	0.165	6	-0.176	0	0.74	0.21	0.05	0.05	
liquidity-trail-matrix	4h	XRPUSD	label:alert:🟢 LONG	16	-0.000	-0.0	0.75	4	0.054	12	-0.018	0	0.75	0.13	0.00	0.06	
liquidity-trail-matrix	4h	XRPUSD	repaint	34	0.031	1.1	0.74	17	0.139	18	-0.071	0	0.74	0.17	0.03	0.06	0 of 34 earlier entries changed when the last 60 bars were hidden (0%)
liquidity-trail-matrix	4h	XRPUSD	verdict	35	0.031	1.1	0.74	17	0.139	18	-0.071	0	0.74	0.17	0.03	0.06	no variant pays in both halves → not a reading, exit or cost problem on this cell; re-time or retire the pair
liquidity-trail-matrix	4h	SOLUSD	base	30	-0.237	-7.1	0.50	15	-0.370	15	-0.104	0	0.50	0.10	0.03	0.17	
liquidity-trail-matrix	4h	SOLUSD	gross	30	-0.209	-6.3	0.50	15	-0.347	15	-0.071	0	0.50	0.10	0.03	0.17	
liquidity-trail-matrix	4h	SOLUSD	stop1.5	30	-0.237	-7.1	0.50	15	-0.370	15	-0.104	0	0.50	0.10	0.03	0.17	
liquidity-trail-matrix	4h	SOLUSD	stop2	30	-0.237	-7.1	0.50	15	-0.370	15	-0.104	0	0.50	0.10	0.03	0.17	
liquidity-trail-matrix	4h	SOLUSD	tp1	29	-0.272	-7.9	0.38	15	-0.233	14	-0.314	0	0.48	0.00	0.00	0.17	
liquidity-trail-matrix	4h	SOLUSD	levels	30	-0.237	-7.1	0.50	15	-0.370	15	-0.104	0	0.50	0.10	0.03	0.17	
liquidity-trail-matrix	4h	SOLUSD	script	30	-0.237	-7.1	0.50	15	-0.370	15	-0.104	0	0.50	0.10	0.03	0.17	
liquidity-trail-matrix	4h	SOLUSD	er0.25	15	-0.181	-2.7	0.53	6	-0.299	9	-0.102	0	0.53	0.13	0.00	0.13	
liquidity-trail-matrix	4h	SOLUSD	confirm1	12	0.319	3.8	0.83	5	0.457	7	0.219	1	0.83	0.25	0.00	0.00	
liquidity-trail-matrix	4h	SOLUSD	er+stop1.5	15	-0.181	-2.7	0.53	6	-0.299	9	-0.102	0	0.53	0.13	0.00	0.13	
liquidity-trail-matrix	4h	SOLUSD	er+stop2	15	-0.181	-2.7	0.53	6	-0.299	9	-0.102	0	0.53	0.13	0.00	0.13	
liquidity-trail-matrix	4h	SOLUSD	confirm1+er	6	0.211	1.3	0.83	3	0.381	3	0.040	0	0.83	0.00	0.00	0.00	
liquidity-trail-matrix	4h	SOLUSD	inverted	30	-0.134	-4.0	0.60	15	-0.081	15	-0.188	0	0.60	0.20	0.00	0.17	
liquidity-trail-matrix	4h	SOLUSD	long	20	-0.339	-6.8	0.40	9	-0.555	11	-0.163	0	0.40	0.15	0.05	0.20	
liquidity-trail-matrix	4h	SOLUSD	short	10	-0.032	-0.3	0.70	6	-0.093	4	0.059	0	0.70	0.00	0.00	0.10	
liquidity-trail-matrix	4h	SOLUSD	label:alert:🔴 SHORT	10	-0.032	-0.3	0.70	6	-0.093	4	0.059	0	0.70	0.00	0.00	0.10	
liquidity-trail-matrix	4h	SOLUSD	label:alert:🟢 LONG	20	-0.339	-6.8	0.40	9	-0.555	11	-0.163	0	0.40	0.15	0.05	0.20	
liquidity-trail-matrix	4h	SOLUSD	repaint	29	-0.237	-7.1	0.50	15	-0.370	15	-0.104	0	0.50	0.10	0.03	0.17	0 of 29 earlier entries changed when the last 60 bars were hidden (0%)
liquidity-trail-matrix	4h	SOLUSD	verdict	30	-0.237	-7.1	0.50	15	-0.370	15	-0.104	0	0.50	0.10	0.03	0.17	no variant pays in both halves → not a reading, exit or cost problem on this cell; re-time or retire the pair
liquidity-trail-matrix	4h	BNBUSD	base	28	0.018	0.5	0.64	19	-0.028	9	0.117	0	0.64	0.21	0.11	0.11	
liquidity-trail-matrix	4h	BNBUSD	gross	28	0.095	2.7	0.64	19	0.038	9	0.214	1	0.64	0.21	0.11	0.11	
liquidity-trail-matrix	4h	BNBUSD	stop1.5	28	0.018	0.5	0.64	19	-0.028	9	0.117	0	0.64	0.21	0.11	0.11	
liquidity-trail-matrix	4h	BNBUSD	stop2	28	0.018	0.5	0.64	19	-0.028	9	0.117	0	0.64	0.21	0.11	0.11	
liquidity-trail-matrix	4h	BNBUSD	tp1	28	-0.080	-2.2	0.50	19	-0.215	9	0.204	0	0.61	0.00	0.00	0.11	
liquidity-trail-matrix	4h	BNBUSD	levels	28	0.018	0.5	0.64	19	-0.028	9	0.117	0	0.64	0.21	0.11	0.11	
liquidity-trail-matrix	4h	BNBUSD	script	28	0.018	0.5	0.64	19	-0.028	9	0.117	0	0.64	0.21	0.11	0.11	
liquidity-trail-matrix	4h	BNBUSD	er0.25	11	-0.197	-2.2	0.64	7	-0.269	4	-0.071	0	0.64	0.00	0.00	0.18	
liquidity-trail-matrix	4h	BNBUSD	confirm1	15	0.003	0.0	0.60	7	-0.284	8	0.254	0	0.60	0.13	0.13	0.07	
liquidity-trail-matrix	4h	BNBUSD	er+stop1.5	11	-0.197	-2.2	0.64	7	-0.269	4	-0.071	0	0.64	0.00	0.00	0.18	
liquidity-trail-matrix	4h	BNBUSD	er+stop2	11	-0.197	-2.2	0.64	7	-0.269	4	-0.071	0	0.64	0.00	0.00	0.18	
liquidity-trail-matrix	4h	BNBUSD	confirm1+er	7	-0.080	-0.6	0.71	2	-0.339	5	0.024	0	0.71	0.00	0.00	0.14	
liquidity-trail-matrix	4h	BNBUSD	inverted	29	-0.030	-0.9	0.69	19	0.122	10	-0.320	0	0.69	0.21	0.00	0.21	
liquidity-trail-matrix	4h	BNBUSD	long	16	-0.047	-0.7	0.69	8	-0.154	8	0.060	0	0.69	0.19	0.06	0.19	
liquidity-trail-matrix	4h	BNBUSD	short	12	0.105	1.3	0.58	11	0.063	1	0.573	0	0.58	0.25	0.17	0.00	
liquidity-trail-matrix	4h	BNBUSD	label:alert:🔴 SHORT	12	0.105	1.3	0.58	11	0.063	1	0.573	0	0.58	0.25	0.17	0.00	
liquidity-trail-matrix	4h	BNBUSD	label:alert:🟢 LONG	16	-0.047	-0.7	0.69	8	-0.154	8	0.060	0	0.69	0.19	0.06	0.19	
liquidity-trail-matrix	4h	BNBUSD	repaint	28	0.018	0.5	0.64	19	-0.028	9	0.117	0	0.64	0.21	0.11	0.11	0 of 28 earlier entries changed when the last 60 bars were hidden (0%)
liquidity-trail-matrix	4h	BNBUSD	verdict	28	0.018	0.5	0.64	19	-0.028	9	0.117	0	0.64	0.21	0.11	0.11	COSTS: positive before fees, negative after → a slower timeframe or a wider stop/target so each trade pays the round trip several times over
liquidity-trail-matrix	4h	DOGEUSD	base	32	0.159	5.1	0.81	19	0.245	13	0.034	1	0.81	0.16	0.06	0.06	
liquidity-trail-matrix	4h	DOGEUSD	gross	32	0.213	6.8	0.81	19	0.299	13	0.087	1	0.81	0.16	0.06	0.06	
liquidity-trail-matrix	4h	DOGEUSD	stop1.5	32	0.159	5.1	0.81	19	0.245	13	0.034	1	0.81	0.16	0.06	0.06	
liquidity-trail-matrix	4h	DOGEUSD	stop2	32	0.159	5.1	0.81	19	0.245	13	0.034	1	0.81	0.16	0.06	0.06	
liquidity-trail-matrix	4h	DOGEUSD	tp1	32	0.073	2.3	0.56	19	0.206	13	-0.122	0	0.72	0.00	0.00	0.09	
liquidity-trail-matrix	4h	DOGEUSD	levels	32	0.159	5.1	0.81	19	0.245	13	0.034	1	0.81	0.16	0.06	0.06	
liquidity-trail-matrix	4h	DOGEUSD	script	32	0.159	5.1	0.81	19	0.245	13	0.034	1	0.81	0.16	0.06	0.06	
liquidity-trail-matrix	4h	DOGEUSD	er0.25	17	0.182	3.1	0.82	10	0.230	7	0.114	1	0.82	0.18	0.06	0.00	
liquidity-trail-matrix	4h	DOGEUSD	confirm1	17	0.103	1.8	0.71	10	0.161	7	0.020	1	0.65	0.12	0.00	0.06	
liquidity-trail-matrix	4h	DOGEUSD	er+stop1.5	17	0.182	3.1	0.82	10	0.230	7	0.114	1	0.82	0.18	0.06	0.00	
liquidity-trail-matrix	4h	DOGEUSD	er+stop2	17	0.182	3.1	0.82	10	0.230	7	0.114	1	0.82	0.18	0.06	0.00	
liquidity-trail-matrix	4h	DOGEUSD	confirm1+er	12	0.032	0.4	0.67	8	-0.006	4	0.110	0	0.58	0.08	0.00	0.08	
liquidity-trail-matrix	4h	DOGEUSD	inverted	33	0.044	1.4	0.70	19	-0.043	14	0.161	0	0.70	0.21	0.06	0.27	
liquidity-trail-matrix	4h	DOGEUSD	long	23	0.107	2.5	0.74	14	0.217	9	-0.064	0	0.74	0.22	0.09	0.09	
liquidity-trail-matrix	4h	DOGEUSD	short	9	0.293	2.6	1.00	5	0.323	4	0.256	0	1.00	0.00	0.00	0.00	
liquidity-trail-matrix	4h	DOGEUSD	label:alert:🟢 LONG	23	0.107	2.5	0.74	14	0.217	9	-0.064	0	0.74	0.22	0.09	0.09	
liquidity-trail-matrix	4h	DOGEUSD	repaint	31	0.159	5.1	0.81	19	0.245	13	0.034	1	0.81	0.16	0.06	0.06	0 of 31 earlier entries changed when the last 60 bars were hidden (0%)
liquidity-trail-matrix	4h	DOGEUSD	verdict	32	0.159	5.1	0.81	19	0.245	13	0.034	1	0.81	0.16	0.06	0.06	pays as read → nothing to fix; measure in shadow
liquidity-trail-matrix	4h	AVAXUSD	base	30	-0.028	-0.8	0.63	17	-0.056	13	0.009	0	0.63	0.20	0.07	0.00	
liquidity-trail-matrix	4h	AVAXUSD	gross	30	0.019	0.6	0.63	17	-0.016	13	0.064	0	0.63	0.20	0.07	0.00	
liquidity-trail-matrix	4h	AVAXUSD	stop1.5	30	-0.028	-0.8	0.63	17	-0.056	13	0.009	0	0.63	0.20	0.07	0.00	
liquidity-trail-matrix	4h	AVAXUSD	stop2	30	-0.028	-0.8	0.63	17	-0.056	13	0.009	0	0.63	0.20	0.07	0.00	
liquidity-trail-matrix	4h	AVAXUSD	tp1	30	-0.105	-3.1	0.47	17	0.022	13	-0.271	0	0.53	0.00	0.00	0.00	
liquidity-trail-matrix	4h	AVAXUSD	levels	30	-0.028	-0.8	0.63	17	-0.056	13	0.009	0	0.63	0.20	0.07	0.00	
liquidity-trail-matrix	4h	AVAXUSD	script	30	-0.028	-0.8	0.63	17	-0.056	13	0.009	0	0.63	0.20	0.07	0.00	
liquidity-trail-matrix	4h	AVAXUSD	er0.25	16	-0.006	-0.1	0.63	8	0.024	8	-0.036	0	0.63	0.19	0.13	0.00	
liquidity-trail-matrix	4h	AVAXUSD	confirm1	18	0.099	1.8	0.72	9	0.053	9	0.144	1	0.67	0.00	0.00	0.00	
liquidity-trail-matrix	4h	AVAXUSD	er+stop1.5	16	-0.006	-0.1	0.63	8	0.024	8	-0.036	0	0.63	0.19	0.13	0.00	
liquidity-trail-matrix	4h	AVAXUSD	er+stop2	16	-0.006	-0.1	0.63	8	0.024	8	-0.036	0	0.63	0.19	0.13	0.00	
liquidity-trail-matrix	4h	AVAXUSD	confirm1+er	10	0.458	4.6	1.00	4	0.384	6	0.507	0	0.90	0.00	0.00	0.00	
liquidity-trail-matrix	4h	AVAXUSD	inverted	31	-0.173	-5.4	0.61	17	-0.188	14	-0.155	0	0.61	0.06	0.00	0.23	
liquidity-trail-matrix	4h	AVAXUSD	long	20	-0.201	-4.0	0.55	10	-0.274	10	-0.129	0	0.55	0.15	0.05	0.00	
liquidity-trail-matrix	4h	AVAXUSD	short	10	0.318	3.2	0.80	7	0.254	3	0.467	0	0.80	0.30	0.10	0.00	
liquidity-trail-matrix	4h	AVAXUSD	label:alert:🔴 SHORT	10	0.318	3.2	0.80	7	0.254	3	0.467	0	0.80	0.30	0.10	0.00	
liquidity-trail-matrix	4h	AVAXUSD	label:alert:🟢 LONG	20	-0.201	-4.0	0.55	10	-0.274	10	-0.129	0	0.55	0.15	0.05	0.00	
liquidity-trail-matrix	4h	AVAXUSD	repaint	30	-0.028	-0.8	0.63	17	-0.056	13	0.009	0	0.63	0.20	0.07	0.00	0 of 30 earlier entries changed when the last 60 bars were hidden (0%)
liquidity-trail-matrix	4h	AVAXUSD	verdict	30	-0.028	-0.8	0.63	17	-0.056	13	0.009	0	0.63	0.20	0.07	0.00	no variant pays in both halves → not a reading, exit or cost problem on this cell; re-time or retire the pair
liquidity-trail-matrix	4h	ADAUSD	base	35	0.072	2.5	0.71	22	0.139	13	-0.040	0	0.71	0.14	0.06	0.06	
liquidity-trail-matrix	4h	ADAUSD	gross	35	0.115	4.0	0.71	22	0.184	13	-0.003	0	0.71	0.14	0.06	0.06	
liquidity-trail-matrix	4h	ADAUSD	stop1.5	35	0.072	2.5	0.71	22	0.139	13	-0.040	0	0.71	0.14	0.06	0.06	
liquidity-trail-matrix	4h	ADAUSD	stop2	35	0.072	2.5	0.71	22	0.139	13	-0.040	0	0.71	0.14	0.06	0.06	
liquidity-trail-matrix	4h	ADAUSD	tp1	35	-0.121	-4.3	0.46	22	-0.128	13	-0.110	0	0.66	0.00	0.00	0.06	
liquidity-trail-matrix	4h	ADAUSD	levels	35	0.072	2.5	0.71	22	0.139	13	-0.040	0	0.71	0.14	0.06	0.06	
liquidity-trail-matrix	4h	ADAUSD	script	35	0.072	2.5	0.71	22	0.139	13	-0.040	0	0.71	0.14	0.06	0.06	
liquidity-trail-matrix	4h	ADAUSD	er0.25	22	0.011	0.3	0.68	12	0.031	10	-0.012	0	0.68	0.14	0.05	0.09	
liquidity-trail-matrix	4h	ADAUSD	confirm1	18	0.109	2.0	0.78	11	-0.047	7	0.353	0	0.72	0.06	0.00	0.06	
liquidity-trail-matrix	4h	ADAUSD	er+stop1.5	22	0.011	0.3	0.68	12	0.031	10	-0.012	0	0.68	0.14	0.05	0.09	
liquidity-trail-matrix	4h	ADAUSD	er+stop2	22	0.011	0.3	0.68	12	0.031	10	-0.012	0	0.68	0.14	0.05	0.09	
liquidity-trail-matrix	4h	ADAUSD	confirm1+er	11	0.099	1.1	0.82	6	0.076	5	0.126	1	0.82	0.00	0.00	0.09	
liquidity-trail-matrix	4h	ADAUSD	inverted	35	-0.070	-2.4	0.69	22	-0.166	13	0.093	0	0.69	0.09	0.00	0.14	
liquidity-trail-matrix	4h	ADAUSD	long	18	-0.154	-2.8	0.61	11	-0.243	7	-0.014	0	0.61	0.06	0.00	0.00	
liquidity-trail-matrix	4h	ADAUSD	short	17	0.311	5.3	0.82	11	0.520	6	-0.070	0	0.82	0.24	0.12	0.12	
liquidity-trail-matrix	4h	ADAUSD	label:alert:🔴 SHORT	17	0.311	5.3	0.82	11	0.520	6	-0.070	0	0.82	0.24	0.12	0.12	
liquidity-trail-matrix	4h	ADAUSD	label:alert:🟢 LONG	18	-0.154	-2.8	0.61	11	-0.243	7	-0.014	0	0.61	0.06	0.00	0.00	
liquidity-trail-matrix	4h	ADAUSD	repaint	35	0.072	2.5	0.71	22	0.139	13	-0.040	0	0.71	0.14	0.06	0.06	0 of 35 earlier entries changed when the last 60 bars were hidden (0%)
liquidity-trail-matrix	4h	ADAUSD	verdict	35	0.072	2.5	0.71	22	0.139	13	-0.040	0	0.71	0.14	0.06	0.06	no variant pays in both halves → not a reading, exit or cost problem on this cell; re-time or retire the pair
liquidity-trail-matrix	4h	LTCUSD	base	24	0.183	4.4	0.75	13	0.024	11	0.371	1	0.75	0.21	0.13	0.00	
liquidity-trail-matrix	4h	LTCUSD	gross	24	0.266	6.4	0.75	13	0.086	11	0.480	1	0.75	0.21	0.13	0.00	
liquidity-trail-matrix	4h	LTCUSD	stop1.5	24	0.183	4.4	0.75	13	0.024	11	0.371	1	0.75	0.21	0.13	0.00	
liquidity-trail-matrix	4h	LTCUSD	stop2	24	0.183	4.4	0.75	13	0.024	11	0.371	1	0.75	0.21	0.13	0.00	
liquidity-trail-matrix	4h	LTCUSD	tp1	24	-0.075	-1.8	0.50	13	-0.277	11	0.164	0	0.63	0.00	0.00	0.00	
liquidity-trail-matrix	4h	LTCUSD	levels	24	0.183	4.4	0.75	13	0.024	11	0.371	1	0.75	0.21	0.13	0.00	
liquidity-trail-matrix	4h	LTCUSD	script	24	0.183	4.4	0.75	13	0.024	11	0.371	1	0.75	0.21	0.13	0.00	
liquidity-trail-matrix	4h	LTCUSD	er0.25	13	0.140	1.8	0.77	6	-0.033	7	0.287	0	0.77	0.23	0.08	0.00	
liquidity-trail-matrix	4h	LTCUSD	confirm1	12	-0.057	-0.7	0.58	6	-0.161	6	0.047	0	0.50	0.00	0.00	0.00	
liquidity-trail-matrix	4h	LTCUSD	er+stop1.5	13	0.140	1.8	0.77	6	-0.033	7	0.287	0	0.77	0.23	0.08	0.00	
liquidity-trail-matrix	4h	LTCUSD	er+stop2	13	0.140	1.8	0.77	6	-0.033	7	0.287	0	0.77	0.23	0.08	0.00	
liquidity-trail-matrix	4h	LTCUSD	confirm1+er	9	-0.041	-0.4	0.56	4	-0.059	5	-0.027	0	0.56	0.00	0.00	0.00	
liquidity-trail-matrix	4h	LTCUSD	inverted	25	-0.117	-2.9	0.60	13	0.008	12	-0.252	0	0.60	0.16	0.00	0.20	
liquidity-trail-matrix	4h	LTCUSD	long	12	0.401	4.8	0.92	6	0.157	6	0.645	1	0.92	0.25	0.17	0.00	
liquidity-trail-matrix	4h	LTCUSD	short	12	-0.035	-0.4	0.58	7	-0.091	5	0.042	0	0.58	0.17	0.08	0.00	
liquidity-trail-matrix	4h	LTCUSD	label:alert:🟢 LONG	12	0.401	4.8	0.92	6	0.157	6	0.645	1	0.92	0.25	0.17	0.00	
liquidity-trail-matrix	4h	LTCUSD	label:alert:🔴 SHORT	12	-0.035	-0.4	0.58	7	-0.091	5	0.042	0	0.58	0.17	0.08	0.00	
liquidity-trail-matrix	4h	LTCUSD	repaint	24	0.183	4.4	0.75	13	0.024	11	0.371	1	0.75	0.21	0.13	0.00	0 of 24 earlier entries changed when the last 60 bars were hidden (0%)
liquidity-trail-matrix	4h	LTCUSD	verdict	24	0.183	4.4	0.75	13	0.024	11	0.371	1	0.75	0.21	0.13	0.00	pays as read → nothing to fix; measure in shadow
liquidity-trail-matrix	4h	BCHUSD	base	34	0.019	0.7	0.65	17	-0.066	17	0.105	0	0.65	0.26	0.03	0.12	
liquidity-trail-matrix	4h	BCHUSD	gross	34	0.065	2.2	0.65	17	-0.018	17	0.147	0	0.65	0.26	0.03	0.12	
liquidity-trail-matrix	4h	BCHUSD	stop1.5	34	0.019	0.7	0.65	17	-0.066	17	0.105	0	0.65	0.26	0.03	0.12	
liquidity-trail-matrix	4h	BCHUSD	stop2	34	0.019	0.7	0.65	17	-0.066	17	0.105	0	0.65	0.26	0.03	0.12	
liquidity-trail-matrix	4h	BCHUSD	tp1	34	0.011	0.4	0.53	17	-0.224	17	0.247	0	0.62	0.00	0.00	0.12	
liquidity-trail-matrix	4h	BCHUSD	levels	34	0.019	0.7	0.65	17	-0.066	17	0.105	0	0.65	0.26	0.03	0.12	
liquidity-trail-matrix	4h	BCHUSD	script	34	0.019	0.7	0.65	17	-0.066	17	0.105	0	0.65	0.26	0.03	0.12	
liquidity-trail-matrix	4h	BCHUSD	er0.25	16	0.017	0.3	0.69	7	-0.131	9	0.133	0	0.69	0.25	0.00	0.00	
liquidity-trail-matrix	4h	BCHUSD	confirm1	13	0.196	2.5	0.77	5	0.289	8	0.137	1	0.69	0.08	0.00	0.00	
liquidity-trail-matrix	4h	BCHUSD	er+stop1.5	16	0.017	0.3	0.69	7	-0.131	9	0.133	0	0.69	0.25	0.00	0.00	
liquidity-trail-matrix	4h	BCHUSD	er+stop2	16	0.017	0.3	0.69	7	-0.131	9	0.133	0	0.69	0.25	0.00	0.00	
liquidity-trail-matrix	4h	BCHUSD	confirm1+er	10	0.138	1.4	0.80	3	0.219	7	0.103	0	0.70	0.00	0.00	0.00	
liquidity-trail-matrix	4h	BCHUSD	inverted	35	-0.019	-0.7	0.69	17	0.068	18	-0.102	0	0.69	0.09	0.00	0.26	
liquidity-trail-matrix	4h	BCHUSD	long	17	-0.025	-0.4	0.65	6	-0.006	11	-0.036	0	0.65	0.29	0.00	0.12	
liquidity-trail-matrix	4h	BCHUSD	short	17	0.064	1.1	0.65	11	-0.099	6	0.363	0	0.65	0.24	0.06	0.12	
liquidity-trail-matrix	4h	BCHUSD	label:alert:🔴 SHORT	17	0.064	1.1	0.65	11	-0.099	6	0.363	0	0.65	0.24	0.06	0.12	
liquidity-trail-matrix	4h	BCHUSD	label:alert:🟢 LONG	17	-0.025	-0.4	0.65	6	-0.006	11	-0.036	0	0.65	0.29	0.00	0.12	
liquidity-trail-matrix	4h	BCHUSD	repaint	34	0.019	0.7	0.65	17	-0.066	17	0.105	0	0.65	0.26	0.03	0.12	0 of 34 earlier entries changed when the last 60 bars were hidden (0%)
liquidity-trail-matrix	4h	BCHUSD	verdict	34	0.019	0.7	0.65	17	-0.066	17	0.105	0	0.65	0.26	0.03	0.12	no variant pays in both halves → not a reading, exit or cost problem on this cell; re-time or retire the pair
liquidity-trail-matrix	4h	LINKUSD	base	28	-0.064	-1.8	0.68	15	-0.109	13	-0.011	0	0.68	0.07	0.00	0.04	
liquidity-trail-matrix	4h	LINKUSD	gross	28	-0.018	-0.5	0.68	15	-0.072	13	0.044	0	0.68	0.07	0.00	0.04	
liquidity-trail-matrix	4h	LINKUSD	stop1.5	28	-0.064	-1.8	0.68	15	-0.109	13	-0.011	0	0.68	0.07	0.00	0.04	
liquidity-trail-matrix	4h	LINKUSD	stop2	28	-0.064	-1.8	0.68	15	-0.109	13	-0.011	0	0.68	0.07	0.00	0.04	
liquidity-trail-matrix	4h	LINKUSD	tp1	28	0.150	4.2	0.61	15	0.145	13	0.156	1	0.68	0.00	0.00	0.04	
liquidity-trail-matrix	4h	LINKUSD	levels	28	-0.064	-1.8	0.68	15	-0.109	13	-0.011	0	0.68	0.07	0.00	0.04	
liquidity-trail-matrix	4h	LINKUSD	script	28	-0.064	-1.8	0.68	15	-0.109	13	-0.011	0	0.68	0.07	0.00	0.04	
liquidity-trail-matrix	4h	LINKUSD	er0.25	11	-0.156	-1.7	0.64	6	-0.139	5	-0.177	0	0.64	0.00	0.00	0.09	
liquidity-trail-matrix	4h	LINKUSD	confirm1	15	-0.011	-0.2	0.67	10	-0.229	5	0.426	0	0.67	0.13	0.00	0.00	
liquidity-trail-matrix	4h	LINKUSD	er+stop1.5	11	-0.156	-1.7	0.64	6	-0.139	5	-0.177	0	0.64	0.00	0.00	0.09	
liquidity-trail-matrix	4h	LINKUSD	er+stop2	11	-0.156	-1.7	0.64	6	-0.139	5	-0.177	0	0.64	0.00	0.00	0.09	
liquidity-trail-matrix	4h	LINKUSD	confirm1+er	5	0.135	0.7	0.80	3	-0.032	2	0.386	0	0.80	0.20	0.00	0.00	
liquidity-trail-matrix	4h	LINKUSD	inverted	29	-0.194	-5.6	0.59	15	-0.291	14	-0.091	0	0.59	0.07	0.00	0.14	
liquidity-trail-matrix	4h	LINKUSD	long	17	-0.008	-0.1	0.71	8	0.025	9	-0.038	0	0.71	0.06	0.00	0.00	
liquidity-trail-matrix	4h	LINKUSD	short	11	-0.149	-1.6	0.64	7	-0.262	4	0.049	0	0.64	0.09	0.00	0.09	
liquidity-trail-matrix	4h	LINKUSD	label:alert:🟢 LONG	17	-0.008	-0.1	0.71	8	0.025	9	-0.038	0	0.71	0.06	0.00	0.00	
liquidity-trail-matrix	4h	LINKUSD	label:alert:🔴 SHORT	11	-0.149	-1.6	0.64	7	-0.262	4	0.049	0	0.64	0.09	0.00	0.09	
liquidity-trail-matrix	4h	LINKUSD	repaint	28	-0.064	-1.8	0.68	15	-0.109	13	-0.011	0	0.68	0.07	0.00	0.04	0 of 28 earlier entries changed when the last 60 bars were hidden (0%)
liquidity-trail-matrix	4h	LINKUSD	verdict	28	-0.064	-1.8	0.68	15	-0.109	13	-0.011	0	0.68	0.07	0.00	0.04	no variant pays in both halves → not a reading, exit or cost problem on this cell; re-time or retire the pair
liquidity-trail-matrix	4h	SUIUSD	base	35	-0.155	-5.4	0.57	21	-0.289	14	0.045	0	0.57	0.11	0.00	0.03	
liquidity-trail-matrix	4h	SUIUSD	gross	35	-0.120	-4.2	0.57	21	-0.264	14	0.094	0	0.57	0.11	0.00	0.03	
liquidity-trail-matrix	4h	SUIUSD	stop1.5	35	-0.155	-5.4	0.57	21	-0.289	14	0.045	0	0.57	0.11	0.00	0.03	
liquidity-trail-matrix	4h	SUIUSD	stop2	35	-0.155	-5.4	0.57	21	-0.289	14	0.045	0	0.57	0.11	0.00	0.03	
liquidity-trail-matrix	4h	SUIUSD	tp1	35	-0.237	-8.3	0.40	21	-0.364	14	-0.045	0	0.54	0.00	0.00	0.06	
liquidity-trail-matrix	4h	SUIUSD	levels	35	-0.155	-5.4	0.57	21	-0.289	14	0.045	0	0.57	0.11	0.00	0.03	
liquidity-trail-matrix	4h	SUIUSD	script	35	-0.155	-5.4	0.57	21	-0.289	14	0.045	0	0.57	0.11	0.00	0.03	
liquidity-trail-matrix	4h	SUIUSD	er0.25	16	0.120	1.9	0.75	9	0.024	7	0.244	1	0.75	0.13	0.00	0.00	
liquidity-trail-matrix	4h	SUIUSD	confirm1	11	0.032	0.4	0.64	6	0.041	5	0.021	1	0.45	0.18	0.00	0.00	
liquidity-trail-matrix	4h	SUIUSD	er+stop1.5	16	0.120	1.9	0.75	9	0.024	7	0.244	1	0.75	0.13	0.00	0.00	
liquidity-trail-matrix	4h	SUIUSD	er+stop2	16	0.120	1.9	0.75	9	0.024	7	0.244	1	0.75	0.13	0.00	0.00	
liquidity-trail-matrix	4h	SUIUSD	confirm1+er	7	0.146	1.0	0.71	3	-0.028	4	0.277	0	0.43	0.29	0.00	0.00	
liquidity-trail-matrix	4h	SUIUSD	inverted	36	0.122	4.4	0.72	21	0.130	15	0.112	1	0.72	0.14	0.03	0.19	
liquidity-trail-matrix	4h	SUIUSD	long	17	0.042	0.7	0.71	9	-0.193	8	0.307	0	0.71	0.18	0.00	0.00	
liquidity-trail-matrix	4h	SUIUSD	short	18	-0.342	-6.1	0.44	12	-0.360	6	-0.305	0	0.44	0.06	0.00	0.06	
liquidity-trail-matrix	4h	SUIUSD	label:alert:🟢 LONG	17	0.042	0.7	0.71	9	-0.193	8	0.307	0	0.71	0.18	0.00	0.00	
liquidity-trail-matrix	4h	SUIUSD	label:alert:🔴 SHORT	18	-0.342	-6.1	0.44	12	-0.360	6	-0.305	0	0.44	0.06	0.00	0.06	
liquidity-trail-matrix	4h	SUIUSD	repaint	35	-0.155	-5.4	0.57	21	-0.289	14	0.045	0	0.57	0.11	0.00	0.03	0 of 35 earlier entries changed when the last 60 bars were hidden (0%)
liquidity-trail-matrix	4h	SUIUSD	verdict	35	-0.155	-5.4	0.57	21	-0.289	14	0.045	0	0.57	0.11	0.00	0.03	READING: direction inverted → the signals mean the opposite of how they are read (a warning read as an entry, a state read as a flip); invert or restrict the source
liquidity-trail-matrix	4h	NEARUSD	base	29	0.128	3.7	0.79	13	0.232	16	0.043	1	0.79	0.07	0.00	0.03	
liquidity-trail-matrix	4h	NEARUSD	gross	29	0.168	4.9	0.79	13	0.279	16	0.077	1	0.79	0.07	0.00	0.03	
liquidity-trail-matrix	4h	NEARUSD	stop1.5	29	0.128	3.7	0.79	13	0.232	16	0.043	1	0.79	0.07	0.00	0.03	
liquidity-trail-matrix	4h	NEARUSD	stop2	29	0.128	3.7	0.79	13	0.232	16	0.043	1	0.79	0.07	0.00	0.03	
liquidity-trail-matrix	4h	NEARUSD	tp1	29	0.194	5.6	0.62	13	0.033	16	0.325	1	0.79	0.00	0.00	0.03	
liquidity-trail-matrix	4h	NEARUSD	levels	29	0.128	3.7	0.79	13	0.232	16	0.043	1	0.79	0.07	0.00	0.03	
liquidity-trail-matrix	4h	NEARUSD	script	29	0.128	3.7	0.79	13	0.232	16	0.043	1	0.79	0.07	0.00	0.03	
liquidity-trail-matrix	4h	NEARUSD	er0.25	10	0.280	2.8	0.90	3	0.339	7	0.255	0	0.90	0.10	0.00	0.00	
liquidity-trail-matrix	4h	NEARUSD	confirm1	16	-0.091	-1.5	0.50	9	-0.103	7	-0.075	0	0.50	0.06	0.06	0.13	
liquidity-trail-matrix	4h	NEARUSD	er+stop1.5	10	0.280	2.8	0.90	3	0.339	7	0.255	0	0.90	0.10	0.00	0.00	
liquidity-trail-matrix	4h	NEARUSD	er+stop2	10	0.280	2.8	0.90	3	0.339	7	0.255	0	0.90	0.10	0.00	0.00	
liquidity-trail-matrix	4h	NEARUSD	confirm1+er	7	-0.245	-1.7	0.43	4	-0.533	3	0.139	0	0.43	0.00	0.00	0.00	
liquidity-trail-matrix	4h	NEARUSD	inverted	29	-0.071	-2.0	0.66	13	-0.165	16	0.006	0	0.66	0.10	0.00	0.14	
liquidity-trail-matrix	4h	NEARUSD	long	16	0.102	1.6	0.75	6	0.328	10	-0.034	0	0.75	0.06	0.00	0.00	
liquidity-trail-matrix	4h	NEARUSD	short	13	0.159	2.1	0.85	7	0.150	6	0.170	1	0.85	0.08	0.00	0.08	
liquidity-trail-matrix	4h	NEARUSD	label:alert:🔴 SHORT	13	0.159	2.1	0.85	7	0.150	6	0.170	1	0.85	0.08	0.00	0.08	
liquidity-trail-matrix	4h	NEARUSD	label:alert:🟢 LONG	16	0.102	1.6	0.75	6	0.328	10	-0.034	0	0.75	0.06	0.00	0.00	
liquidity-trail-matrix	4h	NEARUSD	repaint	29	0.128	3.7	0.79	13	0.232	16	0.043	1	0.79	0.07	0.00	0.03	0 of 29 earlier entries changed when the last 60 bars were hidden (0%)
liquidity-trail-matrix	4h	NEARUSD	verdict	29	0.128	3.7	0.79	13	0.232	16	0.043	1	0.79	0.07	0.00	0.03	pays as read → nothing to fix; measure in shadow
liquidity-trail-matrix	4h	HYPEUSD	base	35	0.054	1.9	0.69	16	0.163	19	-0.038	0	0.69	0.14	0.06	0.03	
liquidity-trail-matrix	4h	HYPEUSD	gross	35	0.093	3.2	0.69	16	0.200	19	0.002	1	0.69	0.14	0.06	0.03	
liquidity-trail-matrix	4h	HYPEUSD	stop1.5	35	0.054	1.9	0.69	16	0.163	19	-0.038	0	0.69	0.14	0.06	0.03	
liquidity-trail-matrix	4h	HYPEUSD	stop2	35	0.054	1.9	0.69	16	0.163	19	-0.038	0	0.69	0.14	0.06	0.03	
liquidity-trail-matrix	4h	HYPEUSD	tp1	35	0.156	5.5	0.60	16	0.328	19	0.011	1	0.63	0.00	0.00	0.03	
liquidity-trail-matrix	4h	HYPEUSD	levels	35	0.054	1.9	0.69	16	0.163	19	-0.038	0	0.69	0.14	0.06	0.03	
liquidity-trail-matrix	4h	HYPEUSD	script	35	0.054	1.9	0.69	16	0.163	19	-0.038	0	0.69	0.14	0.06	0.03	
liquidity-trail-matrix	4h	HYPEUSD	er0.25	21	0.050	1.1	0.62	11	0.201	10	-0.116	0	0.62	0.19	0.10	0.05	
liquidity-trail-matrix	4h	HYPEUSD	confirm1	17	0.121	2.1	0.76	8	0.287	9	-0.027	0	0.65	0.06	0.00	0.00	
liquidity-trail-matrix	4h	HYPEUSD	er+stop1.5	21	0.050	1.1	0.62	11	0.201	10	-0.116	0	0.62	0.19	0.10	0.05	
liquidity-trail-matrix	4h	HYPEUSD	er+stop2	21	0.050	1.1	0.62	11	0.201	10	-0.116	0	0.62	0.19	0.10	0.05	
liquidity-trail-matrix	4h	HYPEUSD	confirm1+er	12	0.102	1.2	0.75	5	0.170	7	0.054	1	0.58	0.00	0.00	0.00	
liquidity-trail-matrix	4h	HYPEUSD	inverted	35	0.014	0.5	0.69	16	0.053	19	-0.019	0	0.69	0.11	0.00	0.20	
liquidity-trail-matrix	4h	HYPEUSD	long	17	0.084	1.4	0.71	8	0.016	9	0.145	1	0.71	0.12	0.06	0.06	
liquidity-trail-matrix	4h	HYPEUSD	short	18	0.025	0.5	0.67	8	0.310	10	-0.203	0	0.67	0.17	0.06	0.00	
liquidity-trail-matrix	4h	HYPEUSD	label:alert:🟢 LONG	17	0.084	1.4	0.71	8	0.016	9	0.145	1	0.71	0.12	0.06	0.06	
liquidity-trail-matrix	4h	HYPEUSD	label:alert:🔴 SHORT	18	0.025	0.5	0.67	8	0.310	10	-0.203	0	0.67	0.17	0.06	0.00	
liquidity-trail-matrix	4h	HYPEUSD	repaint	33	0.054	1.9	0.69	16	0.163	19	-0.038	0	0.69	0.14	0.06	0.03	0 of 33 earlier entries changed when the last 60 bars were hidden (0%)
liquidity-trail-matrix	4h	HYPEUSD	verdict	35	0.054	1.9	0.69	16	0.163	19	-0.038	0	0.69	0.14	0.06	0.03	COSTS: positive before fees, negative after → a slower timeframe or a wider stop/target so each trade pays the round trip several times over
pivot-channel-breaks	15m	ETHUSD	base	19	0.073	1.4	0.58	8	0.762	11	-0.429	0	0.53	0.16	0.05	0.26	
pivot-channel-breaks	15m	ETHUSD	gross	119	-0.061	-7.2	0.56	57	0.086	62	-0.196	0	0.55	0.19	0.06	0.15	
pivot-channel-breaks	15m	ETHUSD	stop1.5	55	-0.138	-7.6	0.58	23	0.141	32	-0.338	0	0.58	0.24	0.04	0.07	
pivot-channel-breaks	15m	ETHUSD	stop2	83	-0.055	-4.6	0.63	38	-0.029	45	-0.077	0	0.63	0.24	0.06	0.02	
pivot-channel-breaks	15m	ETHUSD	tp1	19	-0.186	-3.5	0.47	8	0.261	11	-0.511	0	0.37	0.00	0.00	0.26	
pivot-channel-breaks	15m	ETHUSD	levels	19	0.073	1.4	0.58	8	0.762	11	-0.429	0	0.53	0.16	0.05	0.26	
pivot-channel-breaks	15m	ETHUSD	er0.25	13	0.162	2.1	0.54	4	1.792	9	-0.563	0	0.46	0.15	0.08	0.31	
pivot-channel-breaks	15m	ETHUSD	confirm1	10	0.192	1.9	0.60	4	0.651	6	-0.115	0	0.60	0.30	0.10	0.10	
pivot-channel-breaks	15m	ETHUSD	er+stop1.5	30	-0.069	-2.1	0.57	11	0.485	19	-0.390	0	0.57	0.23	0.07	0.07	
pivot-channel-breaks	15m	ETHUSD	er+stop2	42	0.124	5.2	0.69	18	0.230	24	0.044	1	0.69	0.31	0.10	0.02	
pivot-channel-breaks	15m	ETHUSD	confirm1+er	5	0.890	4.4	0.80	3	1.172	2	0.466	0	0.80	0.60	0.20	0.20	
pivot-channel-breaks	15m	ETHUSD	inverted	19	-0.227	-4.3	0.58	8	-0.496	11	-0.031	0	0.58	0.16	0.00	0.21	
pivot-channel-breaks	15m	ETHUSD	long	19	0.073	1.4	0.58	8	0.762	11	-0.429	0	0.53	0.16	0.05	0.26	
pivot-channel-breaks	15m	ETHUSD	short	0	0.000	0.0	0.00	0	0.000	0	0.000	0	0.00	0.00	0.00	0.00	
pivot-channel-breaks	15m	ETHUSD	label:shape:Break Up	19	0.073	1.4	0.58	8	0.762	11	-0.429	0	0.53	0.16	0.05	0.26	
pivot-channel-breaks	15m	ETHUSD	repaint	118	0.073	1.4	0.58	8	0.762	11	-0.429	0	0.53	0.16	0.05	0.26	0 of 118 earlier entries changed when the last 60 bars were hidden (0%)
pivot-channel-breaks	15m	ETHUSD	verdict	19	0.073	1.4	0.58	8	0.762	11	-0.429	0	0.53	0.16	0.05	0.26	too few trades to say → more history or a faster timeframe before judging
pivot-channel-breaks	15m	BTCUSD	base	5	-0.217	-1.1	0.60	4	-0.323	1	0.211	0	0.60	0.00	0.00	0.20	
pivot-channel-breaks	15m	BTCUSD	gross	112	-0.045	-5.1	0.61	53	0.012	59	-0.096	0	0.60	0.18	0.06	0.13	
pivot-channel-breaks	15m	BTCUSD	stop1.5	26	-0.265	-6.9	0.58	13	-0.418	13	-0.112	0	0.58	0.04	0.00	0.12	
pivot-channel-breaks	15m	BTCUSD	stop2	52	-0.182	-9.5	0.63	23	-0.118	29	-0.233	0	0.63	0.15	0.02	0.02	
pivot-channel-breaks	15m	BTCUSD	tp1	5	0.003	0.0	0.60	4	-0.156	1	0.639	0	0.60	0.00	0.00	0.20	
pivot-channel-breaks	15m	BTCUSD	levels	5	-0.217	-1.1	0.60	4	-0.323	1	0.211	0	0.60	0.00	0.00	0.20	
pivot-channel-breaks	15m	BTCUSD	er0.25	3	-0.098	-0.3	0.67	3	-0.098	0	0.000	0	0.67	0.00	0.00	0.33	
pivot-channel-breaks	15m	BTCUSD	confirm1	4	0.340	1.4	1.00	2	0.421	2	0.260	0	1.00	0.50	0.00	0.00	
pivot-channel-breaks	15m	BTCUSD	er+stop1.5	13	-0.333	-4.3	0.54	8	-0.507	5	-0.054	0	0.54	0.00	0.00	0.15	
pivot-channel-breaks	15m	BTCUSD	er+stop2	25	-0.033	-0.8	0.76	14	-0.039	11	-0.024	0	0.76	0.16	0.00	0.00	
pivot-channel-breaks	15m	BTCUSD	confirm1+er	4	0.340	1.4	1.00	2	0.421	2	0.260	0	1.00	0.50	0.00	0.00	
pivot-channel-breaks	15m	BTCUSD	inverted	5	-0.437	-2.2	0.40	4	-0.319	1	-0.910	0	0.40	0.00	0.00	0.20	
pivot-channel-breaks	15m	BTCUSD	long	5	-0.217	-1.1	0.60	4	-0.323	1	0.211	0	0.60	0.00	0.00	0.20	
pivot-channel-breaks	15m	BTCUSD	short	0	0.000	0.0	0.00	0	0.000	0	0.000	0	0.00	0.00	0.00	0.00	
pivot-channel-breaks	15m	BTCUSD	repaint	111	-0.217	-1.1	0.60	4	-0.323	1	0.211	0	0.60	0.00	0.00	0.20	0 of 111 earlier entries changed when the last 60 bars were hidden (0%)
pivot-channel-breaks	15m	BTCUSD	verdict	5	-0.217	-1.1	0.60	4	-0.323	1	0.211	0	0.60	0.00	0.00	0.20	too few trades to say → more history or a faster timeframe before judging
pivot-channel-breaks	15m	SOLUSD	base	33	-0.337	-11.1	0.48	16	-0.252	17	-0.416	0	0.48	0.18	0.00	0.27	
pivot-channel-breaks	15m	SOLUSD	gross	126	-0.045	-5.6	0.63	63	0.037	63	-0.126	0	0.63	0.22	0.04	0.20	
pivot-channel-breaks	15m	SOLUSD	stop1.5	66	-0.213	-14.1	0.61	20	0.008	46	-0.309	0	0.61	0.11	0.02	0.03	
pivot-channel-breaks	15m	SOLUSD	stop2	99	-0.254	-25.1	0.57	42	-0.203	57	-0.291	0	0.57	0.12	0.03	0.02	
pivot-channel-breaks	15m	SOLUSD	tp1	33	-0.216	-7.1	0.45	16	-0.226	17	-0.207	0	0.36	0.00	0.00	0.27	
pivot-channel-breaks	15m	SOLUSD	levels	33	-0.337	-11.1	0.48	16	-0.252	17	-0.416	0	0.48	0.18	0.00	0.27	
pivot-channel-breaks	15m	SOLUSD	er0.25	23	-0.173	-4.0	0.61	13	-0.200	10	-0.137	0	0.61	0.22	0.00	0.26	
pivot-channel-breaks	15m	SOLUSD	confirm1	15	0.160	2.4	0.73	8	0.176	7	0.143	1	0.73	0.27	0.13	0.13	
pivot-channel-breaks	15m	SOLUSD	er+stop1.5	35	-0.156	-5.5	0.63	14	-0.011	21	-0.253	0	0.63	0.09	0.03	0.03	
pivot-channel-breaks	15m	SOLUSD	er+stop2	48	-0.077	-3.7	0.67	21	0.005	27	-0.142	0	0.67	0.19	0.06	0.00	
pivot-channel-breaks	15m	SOLUSD	confirm1+er	13	0.166	2.2	0.69	8	0.176	5	0.150	1	0.69	0.31	0.15	0.15	
pivot-channel-breaks	15m	SOLUSD	inverted	33	-0.178	-5.9	0.61	16	-0.110	17	-0.242	0	0.61	0.18	0.03	0.27	
pivot-channel-breaks	15m	SOLUSD	long	33	-0.337	-11.1	0.48	16	-0.252	17	-0.416	0	0.48	0.18	0.00	0.27	
pivot-channel-breaks	15m	SOLUSD	short	0	0.000	0.0	0.00	0	0.000	0	0.000	0	0.00	0.00	0.00	0.00	
pivot-channel-breaks	15m	SOLUSD	label:shape:Break Up	33	-0.337	-11.1	0.48	16	-0.252	17	-0.416	0	0.48	0.18	0.00	0.27	
pivot-channel-breaks	15m	SOLUSD	repaint	126	-0.337	-11.1	0.48	16	-0.252	17	-0.416	0	0.48	0.18	0.00	0.27	0 of 126 earlier entries changed when the last 60 bars were hidden (0%)
pivot-channel-breaks	15m	SOLUSD	verdict	33	-0.337	-11.1	0.48	16	-0.252	17	-0.416	0	0.48	0.18	0.00	0.27	no variant pays in both halves → not a reading, exit or cost problem on this cell; re-time or retire the pair
pivot-channel-breaks	15m	XRPUSD	base	40	-0.107	-4.3	0.63	10	-0.007	30	-0.141	0	0.63	0.17	0.07	0.23	
pivot-channel-breaks	15m	XRPUSD	gross	115	0.032	3.6	0.68	53	0.043	62	0.022	1	0.68	0.15	0.05	0.19	
pivot-channel-breaks	15m	XRPUSD	stop1.5	64	-0.108	-6.9	0.67	16	-0.044	48	-0.129	0	0.67	0.17	0.05	0.03	
pivot-channel-breaks	15m	XRPUSD	stop2	93	-0.139	-12.9	0.65	34	-0.174	59	-0.119	0	0.65	0.12	0.02	0.02	
pivot-channel-breaks	15m	XRPUSD	tp1	40	-0.103	-4.1	0.53	10	-0.112	30	-0.100	0	0.55	0.00	0.00	0.23	
pivot-channel-breaks	15m	XRPUSD	levels	40	-0.107	-4.3	0.63	10	-0.007	30	-0.141	0	0.63	0.17	0.07	0.23	
pivot-channel-breaks	15m	XRPUSD	er0.25	27	-0.010	-0.3	0.70	5	0.414	22	-0.107	0	0.70	0.19	0.07	0.19	
pivot-channel-breaks	15m	XRPUSD	confirm1	19	-0.029	-0.6	0.63	4	0.901	15	-0.277	0	0.63	0.37	0.05	0.16	
pivot-channel-breaks	15m	XRPUSD	er+stop1.5	37	-0.025	-0.9	0.73	7	0.166	30	-0.069	0	0.73	0.16	0.05	0.03	
pivot-channel-breaks	15m	XRPUSD	er+stop2	49	-0.076	-3.7	0.71	14	-0.141	35	-0.050	0	0.71	0.08	0.02	0.04	
pivot-channel-breaks	15m	XRPUSD	confirm1+er	15	0.066	1.0	0.67	4	0.901	11	-0.238	0	0.67	0.47	0.07	0.13	
pivot-channel-breaks	15m	XRPUSD	inverted	40	-0.044	-1.8	0.70	10	-0.049	30	-0.042	0	0.70	0.20	0.03	0.23	
pivot-channel-breaks	15m	XRPUSD	long	40	-0.107	-4.3	0.63	10	-0.007	30	-0.141	0	0.63	0.17	0.07	0.23	
pivot-channel-breaks	15m	XRPUSD	short	0	0.000	0.0	0.00	0	0.000	0	0.000	0	0.00	0.00	0.00	0.00	
pivot-channel-breaks	15m	XRPUSD	label:shape:Break Up	40	-0.107	-4.3	0.63	10	-0.007	30	-0.141	0	0.63	0.17	0.07	0.23	
pivot-channel-breaks	15m	XRPUSD	repaint	114	-0.107	-4.3	0.63	10	-0.007	30	-0.141	0	0.63	0.17	0.07	0.23	0 of 114 earlier entries changed when the last 60 bars were hidden (0%)
pivot-channel-breaks	15m	XRPUSD	verdict	40	-0.107	-4.3	0.63	10	-0.007	30	-0.141	0	0.63	0.17	0.07	0.23	COSTS: positive before fees, negative after → a slower timeframe or a wider stop/target so each trade pays the round trip several times over
pivot-channel-breaks	15m	BNBUSD	base	1	-0.920	-0.9	0.00	0	0.000	1	-0.920	0	0.00	0.00	0.00	1.00	
pivot-channel-breaks	15m	BNBUSD	gross	136	-0.024	-3.2	0.60	67	-0.065	69	0.016	0	0.60	0.21	0.07	0.24	
pivot-channel-breaks	15m	BNBUSD	stop1.5	16	0.149	2.4	0.81	8	0.267	8	0.032	1	0.81	0.44	0.06	0.19	
pivot-channel-breaks	15m	BNBUSD	stop2	42	-0.076	-3.2	0.67	17	0.078	25	-0.181	0	0.67	0.31	0.07	0.02	
pivot-channel-breaks	15m	BNBUSD	tp1	1	-0.920	-0.9	0.00	0	0.000	1	-0.920	0	0.00	0.00	0.00	1.00	
pivot-channel-breaks	15m	BNBUSD	levels	1	-0.920	-0.9	0.00	0	0.000	1	-0.920	0	0.00	0.00	0.00	1.00	
pivot-channel-breaks	15m	BNBUSD	er0.25	1	-0.920	-0.9	0.00	0	0.000	1	-0.920	0	0.00	0.00	0.00	1.00	
pivot-channel-breaks	15m	BNBUSD	confirm1	0	0.000	0.0	0.00	0	0.000	0	0.000	0	0.00	0.00	0.00	0.00	
pivot-channel-breaks	15m	BNBUSD	er+stop1.5	10	0.068	0.7	0.70	5	0.248	5	-0.113	0	0.70	0.40	0.10	0.30	
pivot-channel-breaks	15m	BNBUSD	er+stop2	19	-0.226	-4.3	0.53	9	-0.288	10	-0.170	0	0.53	0.26	0.11	0.11	
pivot-channel-breaks	15m	BNBUSD	confirm1+er	0	0.000	0.0	0.00	0	0.000	0	0.000	0	0.00	0.00	0.00	0.00	
pivot-channel-breaks	15m	BNBUSD	inverted	1	1.247	1.2	1.00	0	0.000	1	1.247	0	1.00	1.00	1.00	0.00	
pivot-channel-breaks	15m	BNBUSD	long	1	-0.920	-0.9	0.00	0	0.000	1	-0.920	0	0.00	0.00	0.00	1.00	
pivot-channel-breaks	15m	BNBUSD	short	0	0.000	0.0	0.00	0	0.000	0	0.000	0	0.00	0.00	0.00	0.00	
pivot-channel-breaks	15m	BNBUSD	repaint	136	-0.920	-0.9	0.00	0	0.000	1	-0.920	0	0.00	0.00	0.00	1.00	0 of 136 earlier entries changed when the last 60 bars were hidden (0%)
pivot-channel-breaks	15m	BNBUSD	verdict	1	-0.920	-0.9	0.00	0	0.000	1	-0.920	0	0.00	0.00	0.00	1.00	too few trades to say → more history or a faster timeframe before judging
pivot-channel-breaks	15m	DOGEUSD	base	38	-0.258	-9.8	0.55	10	-0.044	28	-0.335	0	0.55	0.13	0.05	0.21	
pivot-channel-breaks	15m	DOGEUSD	gross	123	-0.086	-10.5	0.60	51	-0.196	72	-0.007	0	0.60	0.15	0.05	0.18	
pivot-channel-breaks	15m	DOGEUSD	stop1.5	76	-0.082	-6.2	0.62	21	-0.086	55	-0.080	0	0.62	0.18	0.05	0.07	
pivot-channel-breaks	15m	DOGEUSD	stop2	98	-0.075	-7.3	0.63	34	-0.149	64	-0.036	0	0.63	0.23	0.06	0.03	
pivot-channel-breaks	15m	DOGEUSD	tp1	38	-0.278	-10.6	0.42	10	0.052	28	-0.396	0	0.47	0.00	0.00	0.21	
pivot-channel-breaks	15m	DOGEUSD	levels	38	-0.258	-9.8	0.55	10	-0.044	28	-0.335	0	0.55	0.13	0.05	0.21	
pivot-channel-breaks	15m	DOGEUSD	er0.25	23	-0.160	-3.7	0.61	6	0.154	17	-0.270	0	0.61	0.17	0.09	0.22	
pivot-channel-breaks	15m	DOGEUSD	confirm1	17	-0.014	-0.2	0.71	4	-0.169	13	0.033	0	0.71	0.18	0.06	0.18	
pivot-channel-breaks	15m	DOGEUSD	er+stop1.5	39	-0.138	-5.4	0.56	12	-0.214	27	-0.104	0	0.56	0.13	0.03	0.08	
pivot-channel-breaks	15m	DOGEUSD	er+stop2	48	-0.056	-2.7	0.60	16	-0.157	32	-0.006	0	0.60	0.23	0.08	0.02	
pivot-channel-breaks	15m	DOGEUSD	confirm1+er	10	0.059	0.6	0.70	3	0.087	7	0.047	0	0.70	0.30	0.10	0.20	
pivot-channel-breaks	15m	DOGEUSD	inverted	38	-0.075	-2.9	0.71	10	-0.137	28	-0.053	0	0.71	0.08	0.03	0.16	
pivot-channel-breaks	15m	DOGEUSD	long	38	-0.258	-9.8	0.55	10	-0.044	28	-0.335	0	0.55	0.13	0.05	0.21	
pivot-channel-breaks	15m	DOGEUSD	short	0	0.000	0.0	0.00	0	0.000	0	0.000	0	0.00	0.00	0.00	0.00	
pivot-channel-breaks	15m	DOGEUSD	label:shape:Break Up	38	-0.258	-9.8	0.55	10	-0.044	28	-0.335	0	0.55	0.13	0.05	0.21	
pivot-channel-breaks	15m	DOGEUSD	repaint	122	-0.258	-9.8	0.55	10	-0.044	28	-0.335	0	0.55	0.13	0.05	0.21	0 of 122 earlier entries changed when the last 60 bars were hidden (0%)
pivot-channel-breaks	15m	DOGEUSD	verdict	38	-0.258	-9.8	0.55	10	-0.044	28	-0.335	0	0.55	0.13	0.05	0.21	no variant pays in both halves → not a reading, exit or cost problem on this cell; re-time or retire the pair
pivot-channel-breaks	15m	AVAXUSD	base	46	-0.046	-2.1	0.61	10	-0.136	36	-0.021	0	0.61	0.17	0.09	0.17	
pivot-channel-breaks	15m	AVAXUSD	gross	135	-0.045	-6.1	0.56	66	-0.149	69	0.054	0	0.56	0.25	0.08	0.23	
pivot-channel-breaks	15m	AVAXUSD	stop1.5	88	-0.049	-4.3	0.64	36	-0.154	52	0.024	0	0.64	0.26	0.07	0.09	
pivot-channel-breaks	15m	AVAXUSD	stop2	118	-0.143	-16.8	0.58	54	-0.121	64	-0.161	0	0.58	0.16	0.05	0.03	
pivot-channel-breaks	15m	AVAXUSD	tp1	46	-0.096	-4.4	0.52	10	0.032	36	-0.131	0	0.52	0.00	0.00	0.17	
pivot-channel-breaks	15m	AVAXUSD	levels	46	-0.046	-2.1	0.61	10	-0.136	36	-0.021	0	0.61	0.17	0.09	0.17	
pivot-channel-breaks	15m	AVAXUSD	er0.25	25	0.039	1.0	0.64	6	-0.027	19	0.060	0	0.64	0.20	0.08	0.24	
pivot-channel-breaks	15m	AVAXUSD	confirm1	18	-0.229	-4.1	0.50	3	-0.038	15	-0.267	0	0.50	0.17	0.06	0.39	
pivot-channel-breaks	15m	AVAXUSD	er+stop1.5	40	-0.032	-1.3	0.60	16	-0.006	24	-0.050	0	0.60	0.28	0.07	0.15	
pivot-channel-breaks	15m	AVAXUSD	er+stop2	47	0.028	1.3	0.62	19	0.230	28	-0.110	0	0.62	0.19	0.11	0.02	
pivot-channel-breaks	15m	AVAXUSD	confirm1+er	15	-0.444	-6.7	0.40	3	-0.038	12	-0.546	0	0.40	0.07	0.00	0.47	
pivot-channel-breaks	15m	AVAXUSD	inverted	46	-0.070	-3.2	0.70	10	-0.066	36	-0.071	0	0.70	0.22	0.02	0.15	
pivot-channel-breaks	15m	AVAXUSD	long	46	-0.046	-2.1	0.61	10	-0.136	36	-0.021	0	0.61	0.17	0.09	0.17	
pivot-channel-breaks	15m	AVAXUSD	short	0	0.000	0.0	0.00	0	0.000	0	0.000	0	0.00	0.00	0.00	0.00	
pivot-channel-breaks	15m	AVAXUSD	label:shape:Break Up	46	-0.046	-2.1	0.61	10	-0.136	36	-0.021	0	0.61	0.17	0.09	0.17	
pivot-channel-breaks	15m	AVAXUSD	repaint	135	-0.046	-2.1	0.61	10	-0.136	36	-0.021	0	0.61	0.17	0.09	0.17	0 of 135 earlier entries changed when the last 60 bars were hidden (0%)
pivot-channel-breaks	15m	AVAXUSD	verdict	46	-0.046	-2.1	0.61	10	-0.136	36	-0.021	0	0.61	0.17	0.09	0.17	no variant pays in both halves → not a reading, exit or cost problem on this cell; re-time or retire the pair
pivot-channel-breaks	15m	ADAUSD	base	86	-0.026	-2.2	0.66	30	0.019	56	-0.050	0	0.66	0.19	0.08	0.16	
pivot-channel-breaks	15m	ADAUSD	gross	116	0.082	9.6	0.67	52	0.116	64	0.055	1	0.67	0.20	0.08	0.17	
pivot-channel-breaks	15m	ADAUSD	stop1.5	112	-0.089	-10.0	0.65	50	-0.012	62	-0.152	0	0.65	0.19	0.04	0.09	
pivot-channel-breaks	15m	ADAUSD	stop2	114	0.063	7.2	0.71	52	0.006	62	0.111	1	0.71	0.20	0.05	0.02	
pivot-channel-breaks	15m	ADAUSD	tp1	86	-0.105	-9.1	0.52	30	-0.125	56	-0.095	0	0.51	0.00	0.00	0.17	
pivot-channel-breaks	15m	ADAUSD	levels	86	-0.026	-2.2	0.66	30	0.019	56	-0.050	0	0.66	0.19	0.08	0.16	
pivot-channel-breaks	15m	ADAUSD	er0.25	39	0.084	3.3	0.74	12	0.151	27	0.054	1	0.74	0.21	0.05	0.18	
pivot-channel-breaks	15m	ADAUSD	confirm1	39	0.138	5.4	0.67	12	0.038	27	0.182	1	0.67	0.26	0.13	0.18	
pivot-channel-breaks	15m	ADAUSD	er+stop1.5	46	-0.042	-1.9	0.67	14	0.134	32	-0.119	0	0.67	0.20	0.04	0.09	
pivot-channel-breaks	15m	ADAUSD	er+stop2	46	0.003	0.1	0.70	14	-0.196	32	0.090	0	0.70	0.15	0.04	0.02	
pivot-channel-breaks	15m	ADAUSD	confirm1+er	25	0.033	0.8	0.60	9	0.208	16	-0.065	0	0.60	0.24	0.16	0.20	
pivot-channel-breaks	15m	ADAUSD	inverted	86	-0.257	-22.1	0.57	30	-0.279	56	-0.245	0	0.57	0.08	0.01	0.26	
pivot-channel-breaks	15m	ADAUSD	long	86	-0.026	-2.2	0.66	30	0.019	56	-0.050	0	0.66	0.19	0.08	0.16	
pivot-channel-breaks	15m	ADAUSD	short	0	0.000	0.0	0.00	0	0.000	0	0.000	0	0.00	0.00	0.00	0.00	
pivot-channel-breaks	15m	ADAUSD	label:shape:Break Up	86	-0.026	-2.2	0.66	30	0.019	56	-0.050	0	0.66	0.19	0.08	0.16	
pivot-channel-breaks	15m	ADAUSD	repaint	115	-0.026	-2.2	0.66	30	0.019	56	-0.050	0	0.66	0.19	0.08	0.16	0 of 115 earlier entries changed when the last 60 bars were hidden (0%)
pivot-channel-breaks	15m	ADAUSD	verdict	86	-0.026	-2.2	0.66	30	0.019	56	-0.050	0	0.66	0.19	0.08	0.16	COSTS: positive before fees, negative after → a slower timeframe or a wider stop/target so each trade pays the round trip several times over
pivot-channel-breaks	15m	LTCUSD	base	21	0.009	0.2	0.71	4	0.134	17	-0.021	0	0.71	0.24	0.10	0.24	
pivot-channel-breaks	15m	LTCUSD	gross	121	-0.039	-4.7	0.55	61	-0.023	60	-0.056	0	0.55	0.27	0.08	0.29	
pivot-channel-breaks	15m	LTCUSD	stop1.5	62	-0.050	-3.1	0.69	17	-0.086	45	-0.036	0	0.69	0.18	0.05	0.11	
pivot-channel-breaks	15m	LTCUSD	stop2	80	-0.041	-3.3	0.70	25	-0.052	55	-0.037	0	0.70	0.20	0.04	0.09	
pivot-channel-breaks	15m	LTCUSD	tp1	21	0.064	1.3	0.62	4	-0.159	17	0.117	0	0.62	0.00	0.00	0.24	
pivot-channel-breaks	15m	LTCUSD	levels	21	0.009	0.2	0.71	4	0.134	17	-0.021	0	0.71	0.24	0.10	0.24	
pivot-channel-breaks	15m	LTCUSD	er0.25	10	0.002	0.0	0.70	2	-0.361	8	0.093	0	0.70	0.10	0.10	0.30	
pivot-channel-breaks	15m	LTCUSD	confirm1	12	0.123	1.5	0.83	2	0.691	10	0.010	0	0.83	0.17	0.08	0.08	
pivot-channel-breaks	15m	LTCUSD	er+stop1.5	27	-0.090	-2.4	0.67	6	-0.350	21	-0.016	0	0.67	0.15	0.04	0.15	
pivot-channel-breaks	15m	LTCUSD	er+stop2	31	-0.138	-4.3	0.65	8	-0.523	23	-0.004	0	0.65	0.13	0.03	0.10	
pivot-channel-breaks	15m	LTCUSD	confirm1+er	9	0.166	1.5	0.89	2	0.691	7	0.016	0	0.89	0.11	0.11	0.00	
pivot-channel-breaks	15m	LTCUSD	inverted	21	-0.238	-5.0	0.52	4	0.134	17	-0.326	0	0.52	0.14	0.10	0.19	
pivot-channel-breaks	15m	LTCUSD	long	21	0.009	0.2	0.71	4	0.134	17	-0.021	0	0.71	0.24	0.10	0.24	
pivot-channel-breaks	15m	LTCUSD	short	0	0.000	0.0	0.00	0	0.000	0	0.000	0	0.00	0.00	0.00	0.00	
pivot-channel-breaks	15m	LTCUSD	label:shape:Break Up	21	0.009	0.2	0.71	4	0.134	17	-0.021	0	0.71	0.24	0.10	0.24	
pivot-channel-breaks	15m	LTCUSD	repaint	120	0.009	0.2	0.71	4	0.134	17	-0.021	0	0.71	0.24	0.10	0.24	0 of 120 earlier entries changed when the last 60 bars were hidden (0%)
pivot-channel-breaks	15m	LTCUSD	verdict	21	0.009	0.2	0.71	4	0.134	17	-0.021	0	0.71	0.24	0.10	0.24	no variant pays in both halves → not a reading, exit or cost problem on this cell; re-time or retire the pair
pivot-channel-breaks	15m	BCHUSD	base	38	-0.090	-3.4	0.55	8	-0.607	30	0.049	0	0.55	0.29	0.11	0.29	
pivot-channel-breaks	15m	BCHUSD	gross	136	0.115	15.7	0.58	64	-0.115	72	0.320	0	0.58	0.33	0.11	0.26	
pivot-channel-breaks	15m	BCHUSD	stop1.5	76	-0.106	-8.1	0.61	20	-0.258	56	-0.052	0	0.61	0.24	0.11	0.12	
pivot-channel-breaks	15m	BCHUSD	stop2	101	-0.067	-6.8	0.63	32	0.027	69	-0.111	0	0.63	0.22	0.07	0.04	
pivot-channel-breaks	15m	BCHUSD	tp1	38	-0.270	-10.2	0.42	8	-0.513	30	-0.205	0	0.53	0.00	0.00	0.32	
pivot-channel-breaks	15m	BCHUSD	levels	38	-0.090	-3.4	0.55	8	-0.607	30	0.049	0	0.55	0.29	0.11	0.29	
pivot-channel-breaks	15m	BCHUSD	er0.25	20	0.005	0.1	0.60	4	-0.622	16	0.162	0	0.60	0.35	0.10	0.35	
pivot-channel-breaks	15m	BCHUSD	confirm1	14	-0.280	-3.9	0.50	2	-0.955	12	-0.167	0	0.50	0.14	0.07	0.29	
pivot-channel-breaks	15m	BCHUSD	er+stop1.5	30	0.045	1.4	0.67	7	0.281	23	-0.027	0	0.67	0.40	0.13	0.13	
pivot-channel-breaks	15m	BCHUSD	er+stop2	42	0.133	5.6	0.76	14	0.377	28	0.011	1	0.76	0.21	0.10	0.05	
pivot-channel-breaks	15m	BCHUSD	confirm1+er	11	-0.372	-4.1	0.45	2	-0.955	9	-0.243	0	0.45	0.09	0.00	0.36	
pivot-channel-breaks	15m	BCHUSD	inverted	38	0.119	4.5	0.71	8	0.202	30	0.097	1	0.71	0.34	0.08	0.11	
pivot-channel-breaks	15m	BCHUSD	long	38	-0.090	-3.4	0.55	8	-0.607	30	0.049	0	0.55	0.29	0.11	0.29	
pivot-channel-breaks	15m	BCHUSD	short	0	0.000	0.0	0.00	0	0.000	0	0.000	0	0.00	0.00	0.00	0.00	
pivot-channel-breaks	15m	BCHUSD	label:shape:Break Up	38	-0.090	-3.4	0.55	8	-0.607	30	0.049	0	0.55	0.29	0.11	0.29	
pivot-channel-breaks	15m	BCHUSD	repaint	135	-0.090	-3.4	0.55	8	-0.607	30	0.049	0	0.55	0.29	0.11	0.29	0 of 135 earlier entries changed when the last 60 bars were hidden (0%)
pivot-channel-breaks	15m	BCHUSD	verdict	38	-0.090	-3.4	0.55	8	-0.607	30	0.049	0	0.55	0.29	0.11	0.29	READING: direction inverted → the signals mean the opposite of how they are read (a warning read as an entry, a state read as a flip); invert or restrict the source
pivot-channel-breaks	15m	LINKUSD	base	45	-0.135	-6.1	0.53	13	0.048	32	-0.209	0	0.53	0.31	0.07	0.24	
pivot-channel-breaks	15m	LINKUSD	gross	139	0.049	6.9	0.56	74	0.108	65	-0.018	0	0.56	0.32	0.06	0.27	
pivot-channel-breaks	15m	LINKUSD	stop1.5	87	-0.140	-12.2	0.59	34	-0.057	53	-0.194	0	0.59	0.17	0.06	0.16	
pivot-channel-breaks	15m	LINKUSD	stop2	115	-0.174	-20.0	0.59	55	-0.109	60	-0.233	0	0.59	0.14	0.06	0.10	
pivot-channel-breaks	15m	LINKUSD	tp1	45	-0.156	-7.0	0.49	13	-0.186	32	-0.144	0	0.36	0.00	0.00	0.24	
pivot-channel-breaks	15m	LINKUSD	levels	45	-0.135	-6.1	0.53	13	0.048	32	-0.209	0	0.53	0.31	0.07	0.24	
pivot-channel-breaks	15m	LINKUSD	er0.25	23	0.065	1.5	0.57	7	0.395	16	-0.080	0	0.57	0.43	0.13	0.35	
pivot-channel-breaks	15m	LINKUSD	confirm1	20	0.044	0.9	0.70	5	0.423	15	-0.083	0	0.70	0.25	0.10	0.10	
pivot-channel-breaks	15m	LINKUSD	er+stop1.5	32	0.076	2.4	0.66	10	0.286	22	-0.019	0	0.66	0.25	0.09	0.22	
pivot-channel-breaks	15m	LINKUSD	er+stop2	43	-0.127	-5.5	0.58	18	-0.142	25	-0.116	0	0.58	0.14	0.09	0.19	
pivot-channel-breaks	15m	LINKUSD	confirm1+er	10	0.072	0.7	0.60	2	1.090	8	-0.183	0	0.60	0.40	0.20	0.10	
pivot-channel-breaks	15m	LINKUSD	inverted	45	0.003	0.1	0.56	13	0.173	32	-0.067	0	0.51	0.27	0.02	0.29	
pivot-channel-breaks	15m	LINKUSD	long	45	-0.135	-6.1	0.53	13	0.048	32	-0.209	0	0.53	0.31	0.07	0.24	
pivot-channel-breaks	15m	LINKUSD	short	0	0.000	0.0	0.00	0	0.000	0	0.000	0	0.00	0.00	0.00	0.00	
pivot-channel-breaks	15m	LINKUSD	label:shape:Break Up	45	-0.135	-6.1	0.53	13	0.048	32	-0.209	0	0.53	0.31	0.07	0.24	
pivot-channel-breaks	15m	LINKUSD	repaint	138	-0.135	-6.1	0.53	13	0.048	32	-0.209	0	0.53	0.31	0.07	0.24	0 of 138 earlier entries changed when the last 60 bars were hidden (0%)
pivot-channel-breaks	15m	LINKUSD	verdict	45	-0.135	-6.1	0.53	13	0.048	32	-0.209	0	0.53	0.31	0.07	0.24	no variant pays in both halves → not a reading, exit or cost problem on this cell; re-time or retire the pair
pivot-channel-breaks	15m	SUIUSD	base	51	0.228	11.6	0.55	15	0.438	36	0.140	1	0.55	0.29	0.20	0.29	
pivot-channel-breaks	15m	SUIUSD	gross	140	0.197	27.6	0.51	73	0.195	67	0.199	1	0.50	0.31	0.17	0.29	
pivot-channel-breaks	15m	SUIUSD	stop1.5	75	-0.018	-1.4	0.55	19	0.158	56	-0.078	0	0.55	0.27	0.13	0.11	
pivot-channel-breaks	15m	SUIUSD	stop2	90	-0.004	-0.3	0.58	27	0.168	63	-0.077	0	0.58	0.27	0.11	0.09	
pivot-channel-breaks	15m	SUIUSD	tp1	49	-0.250	-12.2	0.43	14	-0.007	35	-0.347	0	0.39	0.00	0.00	0.33	
pivot-channel-breaks	15m	SUIUSD	levels	51	0.228	11.6	0.55	15	0.438	36	0.140	1	0.55	0.29	0.20	0.29	
pivot-channel-breaks	15m	SUIUSD	er0.25	17	0.357	6.1	0.65	7	0.130	10	0.515	1	0.65	0.35	0.24	0.24	
pivot-channel-breaks	15m	SUIUSD	confirm1	21	0.495	10.4	0.81	7	0.534	14	0.476	1	0.81	0.38	0.19	0.14	
pivot-channel-breaks	15m	SUIUSD	er+stop1.5	21	0.130	2.7	0.57	8	0.232	13	0.067	1	0.57	0.29	0.19	0.14	
pivot-channel-breaks	15m	SUIUSD	er+stop2	26	0.091	2.4	0.54	10	0.569	16	-0.208	0	0.54	0.27	0.15	0.15	
pivot-channel-breaks	15m	SUIUSD	confirm1+er	14	0.620	8.7	0.86	4	0.429	10	0.697	0	0.86	0.43	0.21	0.14	
pivot-channel-breaks	15m	SUIUSD	inverted	51	0.006	0.3	0.65	15	-0.242	36	0.109	0	0.65	0.33	0.10	0.27	
pivot-channel-breaks	15m	SUIUSD	long	51	0.228	11.6	0.55	15	0.438	36	0.140	1	0.55	0.29	0.20	0.29	
pivot-channel-breaks	15m	SUIUSD	short	0	0.000	0.0	0.00	0	0.000	0	0.000	0	0.00	0.00	0.00	0.00	
pivot-channel-breaks	15m	SUIUSD	label:shape:Break Up	51	0.228	11.6	0.55	15	0.438	36	0.140	1	0.55	0.29	0.20	0.29	
pivot-channel-breaks	15m	SUIUSD	repaint	140	0.228	11.6	0.55	15	0.438	36	0.140	1	0.55	0.29	0.20	0.29	0 of 140 earlier entries changed when the last 60 bars were hidden (0%)
pivot-channel-breaks	15m	SUIUSD	verdict	51	0.228	11.6	0.55	15	0.438	36	0.140	1	0.55	0.29	0.20	0.29	pays as read → nothing to fix; measure in shadow
pivot-channel-breaks	15m	HYPEUSD	base	43	-0.098	-4.2	0.58	21	0.190	22	-0.373	0	0.58	0.26	0.09	0.23	
pivot-channel-breaks	15m	HYPEUSD	gross	145	-0.006	-0.9	0.57	71	0.119	74	-0.126	0	0.57	0.30	0.10	0.24	
pivot-channel-breaks	15m	HYPEUSD	stop1.5	103	-0.131	-13.5	0.62	46	0.014	57	-0.249	0	0.62	0.21	0.04	0.07	
pivot-channel-breaks	15m	HYPEUSD	stop2	130	-0.171	-22.2	0.58	63	-0.159	67	-0.182	0	0.58	0.23	0.02	0.02	
pivot-channel-breaks	15m	HYPEUSD	tp1	43	-0.312	-13.4	0.40	21	-0.009	22	-0.600	0	0.40	0.00	0.00	0.28	
pivot-channel-breaks	15m	HYPEUSD	levels	43	-0.098	-4.2	0.58	21	0.190	22	-0.373	0	0.58	0.26	0.09	0.23	
pivot-channel-breaks	15m	HYPEUSD	er0.25	18	-0.139	-2.5	0.56	10	0.187	8	-0.546	0	0.56	0.33	0.11	0.22	
pivot-channel-breaks	15m	HYPEUSD	confirm1	22	0.293	6.5	0.77	12	0.530	10	0.009	1	0.77	0.45	0.14	0.14	
pivot-channel-breaks	15m	HYPEUSD	er+stop1.5	33	-0.118	-3.9	0.61	18	-0.019	15	-0.237	0	0.61	0.30	0.03	0.03	
pivot-channel-breaks	15m	HYPEUSD	er+stop2	37	-0.126	-4.7	0.59	20	-0.239	17	0.007	0	0.59	0.27	0.03	0.00	
pivot-channel-breaks	15m	HYPEUSD	confirm1+er	8	0.354	2.8	0.88	4	0.679	4	0.028	0	0.88	0.50	0.13	0.13	
pivot-channel-breaks	15m	HYPEUSD	inverted	43	0.106	4.6	0.72	21	-0.058	22	0.263	0	0.72	0.37	0.12	0.16	
pivot-channel-breaks	15m	HYPEUSD	long	43	-0.098	-4.2	0.58	21	0.190	22	-0.373	0	0.58	0.26	0.09	0.23	
pivot-channel-breaks	15m	HYPEUSD	short	0	0.000	0.0	0.00	0	0.000	0	0.000	0	0.00	0.00	0.00	0.00	
pivot-channel-breaks	15m	HYPEUSD	label:shape:Break Up	43	-0.098	-4.2	0.58	21	0.190	22	-0.373	0	0.58	0.26	0.09	0.23	
pivot-channel-breaks	15m	HYPEUSD	repaint	144	-0.098	-4.2	0.58	21	0.190	22	-0.373	0	0.58	0.26	0.09	0.23	0 of 144 earlier entries changed when the last 60 bars were hidden (0%)
pivot-channel-breaks	15m	HYPEUSD	verdict	43	-0.098	-4.2	0.58	21	0.190	22	-0.373	0	0.58	0.26	0.09	0.23	no variant pays in both halves → not a reading, exit or cost problem on this cell; re-time or retire the pair
pivot-channel-breaks	15m	NEARUSD	base	65	-0.032	-2.1	0.58	7	-0.395	58	0.012	0	0.58	0.28	0.12	0.15	
pivot-channel-breaks	15m	NEARUSD	gross	143	0.011	1.6	0.50	73	-0.154	70	0.184	0	0.50	0.30	0.13	0.29	
pivot-channel-breaks	15m	NEARUSD	stop1.5	91	-0.116	-10.5	0.56	28	-0.206	63	-0.075	0	0.56	0.24	0.07	0.03	
pivot-channel-breaks	15m	NEARUSD	stop2	119	-0.164	-19.5	0.56	52	-0.189	67	-0.144	0	0.56	0.20	0.03	0.05	
pivot-channel-breaks	15m	NEARUSD	tp1	65	-0.125	-8.1	0.49	7	-0.484	58	-0.082	0	0.51	0.00	0.00	0.18	
pivot-channel-breaks	15m	NEARUSD	levels	65	-0.032	-2.1	0.58	7	-0.395	58	0.012	0	0.58	0.28	0.12	0.15	
pivot-channel-breaks	15m	NEARUSD	er0.25	29	-0.056	-1.6	0.62	5	-0.465	24	0.030	0	0.62	0.14	0.10	0.21	
pivot-channel-breaks	15m	NEARUSD	confirm1	32	-0.127	-4.1	0.53	2	-0.298	30	-0.115	0	0.53	0.22	0.13	0.28	
pivot-channel-breaks	15m	NEARUSD	er+stop1.5	35	-0.092	-3.2	0.60	10	-0.303	25	-0.008	0	0.60	0.26	0.06	0.03	
pivot-channel-breaks	15m	NEARUSD	er+stop2	45	0.043	2.0	0.71	18	0.146	27	-0.025	0	0.71	0.22	0.07	0.00	
pivot-channel-breaks	15m	NEARUSD	confirm1+er	20	-0.323	-6.5	0.45	2	-0.298	18	-0.325	0	0.45	0.10	0.05	0.45	
pivot-channel-breaks	15m	NEARUSD	inverted	66	-0.058	-3.8	0.61	7	0.392	59	-0.111	0	0.61	0.29	0.08	0.21	
pivot-channel-breaks	15m	NEARUSD	long	65	-0.032	-2.1	0.58	7	-0.395	58	0.012	0	0.58	0.28	0.12	0.15	
pivot-channel-breaks	15m	NEARUSD	short	0	0.000	0.0	0.00	0	0.000	0	0.000	0	0.00	0.00	0.00	0.00	
pivot-channel-breaks	15m	NEARUSD	label:shape:Break Up	65	-0.032	-2.1	0.58	7	-0.395	58	0.012	0	0.58	0.28	0.12	0.15	
pivot-channel-breaks	15m	NEARUSD	repaint	143	-0.032	-2.1	0.58	7	-0.395	58	0.012	0	0.58	0.28	0.12	0.15	0 of 143 earlier entries changed when the last 60 bars were hidden (0%)
pivot-channel-breaks	15m	NEARUSD	verdict	65	-0.032	-2.1	0.58	7	-0.395	58	0.012	0	0.58	0.28	0.12	0.15	no variant pays in both halves → not a reading, exit or cost problem on this cell; re-time or retire the pair
pivot-channel-breaks	1h	ETHUSD	base	45	0.076	3.4	0.76	27	0.163	18	-0.055	0	0.76	0.13	0.04	0.13	
pivot-channel-breaks	1h	ETHUSD	gross	58	0.151	8.8	0.74	29	0.266	29	0.037	1	0.74	0.14	0.03	0.10	
pivot-channel-breaks	1h	ETHUSD	stop1.5	57	0.033	1.9	0.68	29	0.012	28	0.055	1	0.68	0.18	0.05	0.07	
pivot-channel-breaks	1h	ETHUSD	stop2	58	0.101	5.9	0.71	29	0.087	29	0.116	1	0.71	0.19	0.07	0.03	
pivot-channel-breaks	1h	ETHUSD	tp1	45	0.004	0.2	0.58	27	0.015	18	-0.013	0	0.67	0.00	0.00	0.13	
pivot-channel-breaks	1h	ETHUSD	levels	45	0.076	3.4	0.76	27	0.163	18	-0.055	0	0.76	0.13	0.04	0.13	
pivot-channel-breaks	1h	ETHUSD	er0.25	24	0.006	0.1	0.71	14	0.151	10	-0.198	0	0.71	0.08	0.04	0.13	
pivot-channel-breaks	1h	ETHUSD	confirm1	32	0.055	1.7	0.63	22	0.017	10	0.138	1	0.63	0.25	0.09	0.19	
pivot-channel-breaks	1h	ETHUSD	er+stop1.5	34	0.005	0.2	0.65	15	-0.012	19	0.018	0	0.65	0.18	0.06	0.03	
pivot-channel-breaks	1h	ETHUSD	er+stop2	35	0.156	5.5	0.74	15	0.168	20	0.147	1	0.74	0.20	0.06	0.03	
pivot-channel-breaks	1h	ETHUSD	confirm1+er	22	0.093	2.0	0.68	17	-0.010	5	0.440	0	0.68	0.27	0.09	0.14	
pivot-channel-breaks	1h	ETHUSD	inverted	45	-0.243	-10.9	0.56	27	-0.225	18	-0.268	0	0.56	0.11	0.04	0.29	
pivot-channel-breaks	1h	ETHUSD	long	45	0.076	3.4	0.76	27	0.163	18	-0.055	0	0.76	0.13	0.04	0.13	
pivot-channel-breaks	1h	ETHUSD	short	0	0.000	0.0	0.00	0	0.000	0	0.000	0	0.00	0.00	0.00	0.00	
pivot-channel-breaks	1h	ETHUSD	label:shape:Break Up	45	0.076	3.4	0.76	27	0.163	18	-0.055	0	0.76	0.13	0.04	0.13	
pivot-channel-breaks	1h	ETHUSD	repaint	58	0.076	3.4	0.76	27	0.163	18	-0.055	0	0.76	0.13	0.04	0.13	0 of 58 earlier entries changed when the last 60 bars were hidden (0%)
pivot-channel-breaks	1h	ETHUSD	verdict	45	0.076	3.4	0.76	27	0.163	18	-0.055	0	0.76	0.13	0.04	0.13	COSTS: positive before fees, negative after → a slower timeframe or a wider stop/target so each trade pays the round trip several times over
pivot-channel-breaks	1h	BTCUSD	base	39	-0.217	-8.5	0.64	19	-0.097	20	-0.330	0	0.64	0.10	0.00	0.18	
pivot-channel-breaks	1h	BTCUSD	gross	62	0.041	2.5	0.69	29	0.135	33	-0.042	0	0.69	0.15	0.03	0.13	
pivot-channel-breaks	1h	BTCUSD	stop1.5	54	-0.120	-6.5	0.69	27	-0.106	27	-0.134	0	0.69	0.11	0.02	0.04	
pivot-channel-breaks	1h	BTCUSD	stop2	60	-0.133	-8.0	0.67	29	-0.139	31	-0.127	0	0.67	0.08	0.03	0.02	
pivot-channel-breaks	1h	BTCUSD	tp1	39	-0.220	-8.6	0.46	19	-0.114	20	-0.320	0	0.56	0.00	0.00	0.21	
pivot-channel-breaks	1h	BTCUSD	levels	39	-0.217	-8.5	0.64	19	-0.097	20	-0.330	0	0.64	0.10	0.00	0.18	
pivot-channel-breaks	1h	BTCUSD	er0.25	24	-0.144	-3.5	0.71	13	-0.097	11	-0.201	0	0.71	0.08	0.00	0.21	
pivot-channel-breaks	1h	BTCUSD	confirm1	16	-0.368	-5.9	0.50	9	-0.425	7	-0.294	0	0.50	0.13	0.00	0.38	
pivot-channel-breaks	1h	BTCUSD	er+stop1.5	29	-0.173	-5.0	0.66	17	-0.108	12	-0.264	0	0.66	0.10	0.00	0.07	
pivot-channel-breaks	1h	BTCUSD	er+stop2	34	-0.223	-7.6	0.62	19	-0.252	15	-0.185	0	0.62	0.06	0.00	0.03	
pivot-channel-breaks	1h	BTCUSD	confirm1+er	10	-0.403	-4.0	0.50	7	-0.475	3	-0.235	0	0.50	0.00	0.00	0.40	
pivot-channel-breaks	1h	BTCUSD	inverted	39	-0.016	-0.6	0.74	19	-0.018	20	-0.015	0	0.74	0.26	0.03	0.10	
pivot-channel-breaks	1h	BTCUSD	long	39	-0.217	-8.5	0.64	19	-0.097	20	-0.330	0	0.64	0.10	0.00	0.18	
pivot-channel-breaks	1h	BTCUSD	short	0	0.000	0.0	0.00	0	0.000	0	0.000	0	0.00	0.00	0.00	0.00	
pivot-channel-breaks	1h	BTCUSD	label:shape:Break Up	39	-0.217	-8.5	0.64	19	-0.097	20	-0.330	0	0.64	0.10	0.00	0.18	
pivot-channel-breaks	1h	BTCUSD	repaint	62	-0.217	-8.5	0.64	19	-0.097	20	-0.330	0	0.64	0.10	0.00	0.18	0 of 62 earlier entries changed when the last 60 bars were hidden (0%)
pivot-channel-breaks	1h	BTCUSD	verdict	39	-0.217	-8.5	0.64	19	-0.097	20	-0.330	0	0.64	0.10	0.00	0.18	no variant pays in both halves → not a reading, exit or cost problem on this cell; re-time or retire the pair
pivot-channel-breaks	1h	SOLUSD	base	52	-0.075	-3.9	0.67	29	-0.076	23	-0.074	0	0.67	0.12	0.06	0.15	
pivot-channel-breaks	1h	SOLUSD	gross	57	0.017	1.0	0.65	29	0.024	28	0.010	1	0.65	0.14	0.07	0.16	
pivot-channel-breaks	1h	SOLUSD	stop1.5	57	-0.083	-4.8	0.63	29	-0.125	28	-0.040	0	0.63	0.16	0.02	0.09	
pivot-channel-breaks	1h	SOLUSD	stop2	57	-0.078	-4.5	0.61	29	-0.199	28	0.047	0	0.61	0.14	0.04	0.02	
pivot-channel-breaks	1h	SOLUSD	tp1	52	-0.185	-9.6	0.46	29	-0.326	23	-0.008	0	0.58	0.00	0.00	0.19	
pivot-channel-breaks	1h	SOLUSD	levels	52	-0.075	-3.9	0.67	29	-0.076	23	-0.074	0	0.67	0.12	0.06	0.15	
pivot-channel-breaks	1h	SOLUSD	er0.25	22	-0.036	-0.8	0.73	15	-0.083	7	0.065	0	0.73	0.05	0.05	0.14	
pivot-channel-breaks	1h	SOLUSD	confirm1	32	-0.213	-6.8	0.53	17	-0.290	15	-0.126	0	0.53	0.16	0.06	0.22	
pivot-channel-breaks	1h	SOLUSD	er+stop1.5	25	-0.081	-2.0	0.68	15	-0.081	10	-0.081	0	0.68	0.20	0.00	0.08	
pivot-channel-breaks	1h	SOLUSD	er+stop2	25	-0.076	-1.9	0.60	15	-0.254	10	0.192	0	0.60	0.12	0.04	0.00	
pivot-channel-breaks	1h	SOLUSD	confirm1+er	20	-0.105	-2.1	0.70	9	-0.301	11	0.055	0	0.70	0.10	0.00	0.15	
pivot-channel-breaks	1h	SOLUSD	inverted	53	-0.080	-4.2	0.68	29	-0.043	24	-0.124	0	0.68	0.17	0.02	0.17	
pivot-channel-breaks	1h	SOLUSD	long	52	-0.075	-3.9	0.67	29	-0.076	23	-0.074	0	0.67	0.12	0.06	0.15	
pivot-channel-breaks	1h	SOLUSD	short	0	0.000	0.0	0.00	0	0.000	0	0.000	0	0.00	0.00	0.00	0.00	
pivot-channel-breaks	1h	SOLUSD	label:shape:Break Up	52	-0.075	-3.9	0.67	29	-0.076	23	-0.074	0	0.67	0.12	0.06	0.15	
pivot-channel-breaks	1h	SOLUSD	repaint	58	-0.075	-3.9	0.67	29	-0.076	23	-0.074	0	0.67	0.12	0.06	0.15	0 of 58 earlier entries changed when the last 60 bars were hidden (0%)
pivot-channel-breaks	1h	SOLUSD	verdict	52	-0.075	-3.9	0.67	29	-0.076	23	-0.074	0	0.67	0.12	0.06	0.15	COSTS: positive before fees, negative after → a slower timeframe or a wider stop/target so each trade pays the round trip several times over
pivot-channel-breaks	1h	XRPUSD	base	48	0.161	7.7	0.85	27	0.154	21	0.171	1	0.85	0.15	0.06	0.02	
pivot-channel-breaks	1h	XRPUSD	gross	53	0.324	17.2	0.87	27	0.321	26	0.328	1	0.87	0.19	0.06	0.02	
pivot-channel-breaks	1h	XRPUSD	stop1.5	53	0.174	9.2	0.79	27	0.081	26	0.270	1	0.79	0.17	0.08	0.00	
pivot-channel-breaks	1h	XRPUSD	stop2	52	0.204	10.6	0.77	27	-0.012	25	0.437	0	0.77	0.17	0.08	0.00	
pivot-channel-breaks	1h	XRPUSD	tp1	47	0.148	7.0	0.66	27	0.210	20	0.065	1	0.74	0.00	0.00	0.09	
pivot-channel-breaks	1h	XRPUSD	levels	48	0.161	7.7	0.85	27	0.154	21	0.171	1	0.85	0.15	0.06	0.02	
pivot-channel-breaks	1h	XRPUSD	er0.25	19	0.231	4.4	0.89	12	0.129	7	0.407	1	0.89	0.16	0.05	0.05	
pivot-channel-breaks	1h	XRPUSD	confirm1	33	-0.019	-0.6	0.70	19	-0.038	14	0.007	0	0.70	0.21	0.03	0.12	
pivot-channel-breaks	1h	XRPUSD	er+stop1.5	24	0.357	8.6	0.88	12	-0.012	12	0.727	0	0.88	0.17	0.04	0.00	
pivot-channel-breaks	1h	XRPUSD	er+stop2	24	0.347	8.3	0.88	12	-0.017	12	0.710	0	0.88	0.17	0.08	0.00	
pivot-channel-breaks	1h	XRPUSD	confirm1+er	19	0.004	0.1	0.74	12	-0.049	7	0.094	0	0.74	0.21	0.00	0.11	
pivot-channel-breaks	1h	XRPUSD	inverted	48	-0.285	-13.7	0.54	27	-0.286	21	-0.283	0	0.54	0.08	0.04	0.23	
pivot-channel-breaks	1h	XRPUSD	long	48	0.161	7.7	0.85	27	0.154	21	0.171	1	0.85	0.15	0.06	0.02	
pivot-channel-breaks	1h	XRPUSD	short	0	0.000	0.0	0.00	0	0.000	0	0.000	0	0.00	0.00	0.00	0.00	
pivot-channel-breaks	1h	XRPUSD	label:shape:Break Up	48	0.161	7.7	0.85	27	0.154	21	0.171	1	0.85	0.15	0.06	0.02	
pivot-channel-breaks	1h	XRPUSD	repaint	53	0.161	7.7	0.85	27	0.154	21	0.171	1	0.85	0.15	0.06	0.02	0 of 53 earlier entries changed when the last 60 bars were hidden (0%)
pivot-channel-breaks	1h	XRPUSD	verdict	48	0.161	7.7	0.85	27	0.154	21	0.171	1	0.85	0.15	0.06	0.02	pays as read → nothing to fix; measure in shadow
pivot-channel-breaks	1h	BNBUSD	base	34	-0.027	-0.9	0.62	18	0.165	16	-0.242	0	0.62	0.24	0.09	0.21	
pivot-channel-breaks	1h	BNBUSD	gross	63	0.158	9.9	0.60	30	0.481	33	-0.136	0	0.60	0.29	0.11	0.19	
pivot-channel-breaks	1h	BNBUSD	stop1.5	57	-0.059	-3.4	0.65	29	0.091	28	-0.215	0	0.65	0.21	0.09	0.07	
pivot-channel-breaks	1h	BNBUSD	stop2	63	-0.103	-6.5	0.62	30	-0.007	33	-0.191	0	0.62	0.17	0.08	0.03	
pivot-channel-breaks	1h	BNBUSD	tp1	34	-0.306	-10.4	0.41	18	-0.265	16	-0.352	0	0.53	0.00	0.00	0.26	
pivot-channel-breaks	1h	BNBUSD	levels	34	-0.027	-0.9	0.62	18	0.165	16	-0.242	0	0.62	0.24	0.09	0.21	
pivot-channel-breaks	1h	BNBUSD	er0.25	16	0.236	3.8	0.81	9	0.324	7	0.122	1	0.81	0.31	0.06	0.13	
pivot-channel-breaks	1h	BNBUSD	confirm1	20	-0.207	-4.1	0.50	13	-0.208	7	-0.205	0	0.50	0.20	0.10	0.20	
pivot-channel-breaks	1h	BNBUSD	er+stop1.5	26	0.099	2.6	0.77	14	0.189	12	-0.006	0	0.77	0.15	0.12	0.12	
pivot-channel-breaks	1h	BNBUSD	er+stop2	28	-0.041	-1.1	0.64	15	-0.003	13	-0.085	0	0.64	0.18	0.11	0.04	
pivot-channel-breaks	1h	BNBUSD	confirm1+er	13	-0.479	-6.2	0.38	8	-0.685	5	-0.150	0	0.38	0.08	0.00	0.31	
pivot-channel-breaks	1h	BNBUSD	inverted	34	-0.058	-2.0	0.71	18	-0.002	16	-0.122	0	0.71	0.21	0.03	0.09	
pivot-channel-breaks	1h	BNBUSD	long	34	-0.027	-0.9	0.62	18	0.165	16	-0.242	0	0.62	0.24	0.09	0.21	
pivot-channel-breaks	1h	BNBUSD	short	0	0.000	0.0	0.00	0	0.000	0	0.000	0	0.00	0.00	0.00	0.00	
pivot-channel-breaks	1h	BNBUSD	label:shape:Break Up	34	-0.027	-0.9	0.62	18	0.165	16	-0.242	0	0.62	0.24	0.09	0.21	
pivot-channel-breaks	1h	BNBUSD	repaint	63	-0.027	-0.9	0.62	18	0.165	16	-0.242	0	0.62	0.24	0.09	0.21	0 of 63 earlier entries changed when the last 60 bars were hidden (0%)
pivot-channel-breaks	1h	BNBUSD	verdict	34	-0.027	-0.9	0.62	18	0.165	16	-0.242	0	0.62	0.24	0.09	0.21	WHIPSAW: pays only when the market is moving efficiently → efficiency-ratio gate ≥ 0.25 on this timeframe
pivot-channel-breaks	1h	DOGEUSD	base	53	-0.272	-14.4	0.55	30	-0.331	23	-0.194	0	0.55	0.17	0.02	0.19	
pivot-channel-breaks	1h	DOGEUSD	gross	55	-0.160	-8.8	0.56	30	-0.247	25	-0.055	0	0.56	0.16	0.02	0.18	
pivot-channel-breaks	1h	DOGEUSD	stop1.5	54	-0.223	-12.0	0.56	30	-0.246	24	-0.193	0	0.56	0.15	0.02	0.06	
pivot-channel-breaks	1h	DOGEUSD	stop2	53	0.008	0.4	0.60	30	-0.064	23	0.102	0	0.60	0.17	0.08	0.00	
pivot-channel-breaks	1h	DOGEUSD	tp1	53	-0.311	-16.5	0.40	30	-0.418	23	-0.173	0	0.40	0.00	0.00	0.21	
pivot-channel-breaks	1h	DOGEUSD	levels	53	-0.272	-14.4	0.55	30	-0.331	23	-0.194	0	0.55	0.17	0.02	0.19	
pivot-channel-breaks	1h	DOGEUSD	er0.25	23	-0.108	-2.5	0.70	10	-0.302	13	0.041	0	0.70	0.17	0.00	0.17	
pivot-channel-breaks	1h	DOGEUSD	confirm1	24	0.149	3.6	0.58	12	0.118	12	0.181	1	0.58	0.29	0.17	0.25	
pivot-channel-breaks	1h	DOGEUSD	er+stop1.5	24	-0.164	-3.9	0.63	10	-0.294	14	-0.071	0	0.63	0.13	0.00	0.08	
pivot-channel-breaks	1h	DOGEUSD	er+stop2	23	0.316	7.3	0.70	10	0.185	13	0.417	1	0.70	0.22	0.13	0.00	
pivot-channel-breaks	1h	DOGEUSD	confirm1+er	15	0.327	4.9	0.60	5	0.149	10	0.417	1	0.60	0.40	0.20	0.27	
pivot-channel-breaks	1h	DOGEUSD	inverted	53	-0.059	-3.1	0.70	30	-0.066	23	-0.049	0	0.70	0.17	0.02	0.19	
pivot-channel-breaks	1h	DOGEUSD	long	53	-0.272	-14.4	0.55	30	-0.331	23	-0.194	0	0.55	0.17	0.02	0.19	
pivot-channel-breaks	1h	DOGEUSD	short	0	0.000	0.0	0.00	0	0.000	0	0.000	0	0.00	0.00	0.00	0.00	
pivot-channel-breaks	1h	DOGEUSD	label:shape:Break Up	53	-0.272	-14.4	0.55	30	-0.331	23	-0.194	0	0.55	0.17	0.02	0.19	
pivot-channel-breaks	1h	DOGEUSD	repaint	55	-0.272	-14.4	0.55	30	-0.331	23	-0.194	0	0.55	0.17	0.02	0.19	0 of 55 earlier entries changed when the last 60 bars were hidden (0%)
pivot-channel-breaks	1h	DOGEUSD	verdict	53	-0.272	-14.4	0.55	30	-0.331	23	-0.194	0	0.55	0.17	0.02	0.19	no variant pays in both halves → not a reading, exit or cost problem on this cell; re-time or retire the pair
pivot-channel-breaks	1h	AVAXUSD	base	58	-0.078	-4.5	0.62	26	-0.025	32	-0.122	0	0.62	0.24	0.07	0.21	
pivot-channel-breaks	1h	AVAXUSD	gross	59	0.009	0.5	0.61	27	0.048	32	-0.024	0	0.61	0.24	0.07	0.22	
pivot-channel-breaks	1h	AVAXUSD	stop1.5	59	-0.055	-3.2	0.64	27	0.017	32	-0.116	0	0.64	0.10	0.07	0.07	
pivot-channel-breaks	1h	AVAXUSD	stop2	59	-0.015	-0.9	0.69	27	0.034	32	-0.057	0	0.69	0.19	0.00	0.02	
pivot-channel-breaks	1h	AVAXUSD	tp1	58	-0.213	-12.4	0.45	26	-0.190	32	-0.232	0	0.48	0.00	0.00	0.22	
pivot-channel-breaks	1h	AVAXUSD	levels	58	-0.078	-4.5	0.62	26	-0.025	32	-0.122	0	0.62	0.24	0.07	0.21	
pivot-channel-breaks	1h	AVAXUSD	er0.25	22	-0.198	-4.4	0.55	10	-0.182	12	-0.212	0	0.55	0.23	0.05	0.32	
pivot-channel-breaks	1h	AVAXUSD	confirm1	29	-0.262	-7.6	0.48	15	-0.335	14	-0.185	0	0.48	0.24	0.07	0.31	
pivot-channel-breaks	1h	AVAXUSD	er+stop1.5	23	-0.194	-4.5	0.57	11	-0.171	12	-0.215	0	0.57	0.04	0.04	0.13	
pivot-channel-breaks	1h	AVAXUSD	er+stop2	23	0.048	1.1	0.74	11	0.020	12	0.073	1	0.74	0.22	0.00	0.00	
pivot-channel-breaks	1h	AVAXUSD	confirm1+er	14	-0.331	-4.6	0.50	6	-0.175	8	-0.449	0	0.50	0.21	0.00	0.43	
pivot-channel-breaks	1h	AVAXUSD	inverted	58	-0.072	-4.2	0.67	26	-0.161	32	0.000	0	0.67	0.19	0.03	0.24	
pivot-channel-breaks	1h	AVAXUSD	long	58	-0.078	-4.5	0.62	26	-0.025	32	-0.122	0	0.62	0.24	0.07	0.21	
pivot-channel-breaks	1h	AVAXUSD	short	0	0.000	0.0	0.00	0	0.000	0	0.000	0	0.00	0.00	0.00	0.00	
pivot-channel-breaks	1h	AVAXUSD	label:shape:Break Up	58	-0.078	-4.5	0.62	26	-0.025	32	-0.122	0	0.62	0.24	0.07	0.21	
pivot-channel-breaks	1h	AVAXUSD	repaint	59	-0.078	-4.5	0.62	26	-0.025	32	-0.122	0	0.62	0.24	0.07	0.21	0 of 59 earlier entries changed when the last 60 bars were hidden (0%)
pivot-channel-breaks	1h	AVAXUSD	verdict	58	-0.078	-4.5	0.62	26	-0.025	32	-0.122	0	0.62	0.24	0.07	0.21	no variant pays in both halves → not a reading, exit or cost problem on this cell; re-time or retire the pair
pivot-channel-breaks	1h	ADAUSD	base	49	-0.064	-3.1	0.63	27	-0.126	22	0.012	0	0.63	0.12	0.08	0.14	
pivot-channel-breaks	1h	ADAUSD	gross	49	0.016	0.8	0.63	27	-0.051	22	0.099	0	0.63	0.12	0.08	0.14	
pivot-channel-breaks	1h	ADAUSD	stop1.5	49	-0.139	-6.8	0.61	27	-0.111	22	-0.173	0	0.61	0.10	0.04	0.04	
pivot-channel-breaks	1h	ADAUSD	stop2	49	-0.024	-1.2	0.67	27	-0.102	22	0.071	0	0.67	0.22	0.02	0.02	
pivot-channel-breaks	1h	ADAUSD	tp1	49	-0.155	-7.6	0.47	27	-0.143	22	-0.170	0	0.55	0.00	0.00	0.16	
pivot-channel-breaks	1h	ADAUSD	levels	49	-0.064	-3.1	0.63	27	-0.126	22	0.012	0	0.63	0.12	0.08	0.14	
pivot-channel-breaks	1h	ADAUSD	er0.25	24	0.089	2.1	0.71	16	-0.100	8	0.468	0	0.71	0.21	0.13	0.21	
pivot-channel-breaks	1h	ADAUSD	confirm1	20	0.166	3.3	0.65	14	0.051	6	0.436	1	0.65	0.15	0.10	0.10	
pivot-channel-breaks	1h	ADAUSD	er+stop1.5	24	-0.030	-0.7	0.67	16	-0.120	8	0.150	0	0.67	0.17	0.04	0.08	
pivot-channel-breaks	1h	ADAUSD	er+stop2	24	0.004	0.1	0.67	16	-0.000	8	0.011	0	0.67	0.33	0.04	0.04	
pivot-channel-breaks	1h	ADAUSD	confirm1+er	13	0.290	3.8	0.69	9	-0.094	4	1.154	0	0.69	0.15	0.08	0.08	
pivot-channel-breaks	1h	ADAUSD	inverted	49	-0.090	-4.4	0.69	27	-0.090	22	-0.090	0	0.69	0.10	0.00	0.18	
pivot-channel-breaks	1h	ADAUSD	long	49	-0.064	-3.1	0.63	27	-0.126	22	0.012	0	0.63	0.12	0.08	0.14	
pivot-channel-breaks	1h	ADAUSD	short	0	0.000	0.0	0.00	0	0.000	0	0.000	0	0.00	0.00	0.00	0.00	
pivot-channel-breaks	1h	ADAUSD	label:shape:Break Up	49	-0.064	-3.1	0.63	27	-0.126	22	0.012	0	0.63	0.12	0.08	0.14	
pivot-channel-breaks	1h	ADAUSD	repaint	49	-0.064	-3.1	0.63	27	-0.126	22	0.012	0	0.63	0.12	0.08	0.14	0 of 49 earlier entries changed when the last 60 bars were hidden (0%)
pivot-channel-breaks	1h	ADAUSD	verdict	49	-0.064	-3.1	0.63	27	-0.126	22	0.012	0	0.63	0.12	0.08	0.14	no variant pays in both halves → not a reading, exit or cost problem on this cell; re-time or retire the pair
pivot-channel-breaks	1h	BCHUSD	base	42	-0.111	-4.7	0.64	22	-0.221	20	0.011	0	0.64	0.24	0.02	0.19	
pivot-channel-breaks	1h	BCHUSD	gross	51	-0.017	-0.9	0.63	29	-0.119	22	0.117	0	0.63	0.24	0.04	0.18	
pivot-channel-breaks	1h	BCHUSD	stop1.5	49	0.134	6.6	0.71	27	0.039	22	0.250	1	0.71	0.24	0.06	0.06	
pivot-channel-breaks	1h	BCHUSD	stop2	48	-0.026	-1.3	0.63	26	-0.168	22	0.141	0	0.63	0.17	0.06	0.04	
pivot-channel-breaks	1h	BCHUSD	tp1	41	-0.231	-9.5	0.44	21	-0.329	20	-0.128	0	0.51	0.00	0.00	0.22	
pivot-channel-breaks	1h	BCHUSD	levels	42	-0.111	-4.7	0.64	22	-0.221	20	0.011	0	0.64	0.24	0.02	0.19	
pivot-channel-breaks	1h	BCHUSD	er0.25	14	-0.328	-4.6	0.50	8	-0.534	6	-0.055	0	0.50	0.14	0.00	0.21	
pivot-channel-breaks	1h	BCHUSD	confirm1	23	-0.290	-6.7	0.48	12	-0.204	11	-0.385	0	0.48	0.17	0.04	0.39	
pivot-channel-breaks	1h	BCHUSD	er+stop1.5	18	0.158	2.8	0.78	11	0.074	7	0.289	1	0.78	0.22	0.06	0.00	
pivot-channel-breaks	1h	BCHUSD	er+stop2	17	0.139	2.4	0.65	10	0.137	7	0.141	1	0.65	0.24	0.12	0.00	
pivot-channel-breaks	1h	BCHUSD	confirm1+er	12	-0.181	-2.2	0.50	6	-0.054	6	-0.307	0	0.50	0.25	0.08	0.50	
pivot-channel-breaks	1h	BCHUSD	inverted	42	-0.037	-1.5	0.67	22	-0.049	20	-0.023	0	0.67	0.31	0.02	0.12	
pivot-channel-breaks	1h	BCHUSD	long	42	-0.111	-4.7	0.64	22	-0.221	20	0.011	0	0.64	0.24	0.02	0.19	
pivot-channel-breaks	1h	BCHUSD	short	0	0.000	0.0	0.00	0	0.000	0	0.000	0	0.00	0.00	0.00	0.00	
pivot-channel-breaks	1h	BCHUSD	label:shape:Break Up	42	-0.111	-4.7	0.64	22	-0.221	20	0.011	0	0.64	0.24	0.02	0.19	
pivot-channel-breaks	1h	BCHUSD	repaint	51	-0.111	-4.7	0.64	22	-0.221	20	0.011	0	0.64	0.24	0.02	0.19	0 of 51 earlier entries changed when the last 60 bars were hidden (0%)
pivot-channel-breaks	1h	BCHUSD	verdict	42	-0.111	-4.7	0.64	22	-0.221	20	0.011	0	0.64	0.24	0.02	0.19	no variant pays in both halves → not a reading, exit or cost problem on this cell; re-time or retire the pair
pivot-channel-breaks	1h	LTCUSD	base	36	-0.091	-3.3	0.58	20	-0.263	16	0.123	0	0.58	0.22	0.08	0.11	
pivot-channel-breaks	1h	LTCUSD	gross	49	-0.018	-0.9	0.57	23	-0.190	26	0.133	0	0.57	0.20	0.06	0.14	
pivot-channel-breaks	1h	LTCUSD	stop1.5	48	-0.037	-1.8	0.65	23	0.036	25	-0.103	0	0.65	0.21	0.08	0.06	
pivot-channel-breaks	1h	LTCUSD	stop2	49	0.064	3.1	0.71	23	0.069	26	0.060	1	0.71	0.20	0.06	0.04	
pivot-channel-breaks	1h	LTCUSD	tp1	36	-0.007	-0.3	0.58	20	-0.173	16	0.200	0	0.56	0.00	0.00	0.11	
pivot-channel-breaks	1h	LTCUSD	levels	36	-0.091	-3.3	0.58	20	-0.263	16	0.123	0	0.58	0.22	0.08	0.11	
pivot-channel-breaks	1h	LTCUSD	er0.25	22	0.018	0.4	0.64	10	-0.047	12	0.072	0	0.64	0.23	0.09	0.18	
pivot-channel-breaks	1h	LTCUSD	confirm1	18	-0.267	-4.8	0.50	8	-0.554	10	-0.037	0	0.50	0.17	0.06	0.33	
pivot-channel-breaks	1h	LTCUSD	er+stop1.5	27	0.140	3.8	0.70	13	0.258	14	0.030	1	0.70	0.26	0.15	0.07	
pivot-channel-breaks	1h	LTCUSD	er+stop2	28	0.265	7.4	0.79	13	0.292	15	0.241	1	0.79	0.32	0.11	0.04	
pivot-channel-breaks	1h	LTCUSD	confirm1+er	13	-0.484	-6.3	0.38	5	-1.000	8	-0.162	0	0.38	0.08	0.00	0.46	
pivot-channel-breaks	1h	LTCUSD	inverted	36	-0.107	-3.8	0.67	20	-0.116	16	-0.095	0	0.67	0.17	0.06	0.25	
pivot-channel-breaks	1h	LTCUSD	long	36	-0.091	-3.3	0.58	20	-0.263	16	0.123	0	0.58	0.22	0.08	0.11	
pivot-channel-breaks	1h	LTCUSD	short	0	0.000	0.0	0.00	0	0.000	0	0.000	0	0.00	0.00	0.00	0.00	
pivot-channel-breaks	1h	LTCUSD	label:shape:Break Up	36	-0.091	-3.3	0.58	20	-0.263	16	0.123	0	0.58	0.22	0.08	0.11	
pivot-channel-breaks	1h	LTCUSD	repaint	49	-0.091	-3.3	0.58	20	-0.263	16	0.123	0	0.58	0.22	0.08	0.11	0 of 49 earlier entries changed when the last 60 bars were hidden (0%)
pivot-channel-breaks	1h	LTCUSD	verdict	36	-0.091	-3.3	0.58	20	-0.263	16	0.123	0	0.58	0.22	0.08	0.11	no variant pays in both halves → not a reading, exit or cost problem on this cell; re-time or retire the pair
pivot-channel-breaks	1h	LINKUSD	base	63	0.051	3.2	0.67	33	-0.006	30	0.113	0	0.67	0.21	0.06	0.16	
pivot-channel-breaks	1h	LINKUSD	gross	68	0.127	8.7	0.65	35	0.056	33	0.202	1	0.65	0.19	0.06	0.18	
pivot-channel-breaks	1h	LINKUSD	stop1.5	67	0.079	5.3	0.70	34	0.165	33	-0.009	0	0.70	0.15	0.07	0.07	
pivot-channel-breaks	1h	LINKUSD	stop2	65	0.120	7.8	0.71	34	0.072	31	0.171	1	0.71	0.18	0.11	0.00	
pivot-channel-breaks	1h	LINKUSD	tp1	62	-0.013	-0.8	0.56	33	-0.108	29	0.095	0	0.55	0.00	0.00	0.18	
pivot-channel-breaks	1h	LINKUSD	levels	63	0.051	3.2	0.67	33	-0.006	30	0.113	0	0.67	0.21	0.06	0.16	
pivot-channel-breaks	1h	LINKUSD	er0.25	33	0.016	0.5	0.61	17	-0.079	16	0.116	0	0.61	0.18	0.06	0.21	
pivot-channel-breaks	1h	LINKUSD	confirm1	34	0.017	0.6	0.65	18	0.026	16	0.008	1	0.65	0.18	0.09	0.24	
pivot-channel-breaks	1h	LINKUSD	er+stop1.5	36	0.038	1.4	0.67	17	0.122	19	-0.037	0	0.67	0.14	0.08	0.08	
pivot-channel-breaks	1h	LINKUSD	er+stop2	35	0.082	2.9	0.71	17	0.065	18	0.098	1	0.71	0.17	0.11	0.00	
pivot-channel-breaks	1h	LINKUSD	confirm1+er	20	-0.127	-2.5	0.60	9	-0.267	11	-0.013	0	0.60	0.20	0.05	0.25	
pivot-channel-breaks	1h	LINKUSD	inverted	63	-0.200	-12.6	0.62	33	-0.149	30	-0.256	0	0.62	0.11	0.00	0.21	
pivot-channel-breaks	1h	LINKUSD	long	63	0.051	3.2	0.67	33	-0.006	30	0.113	0	0.67	0.21	0.06	0.16	
pivot-channel-breaks	1h	LINKUSD	short	0	0.000	0.0	0.00	0	0.000	0	0.000	0	0.00	0.00	0.00	0.00	
pivot-channel-breaks	1h	LINKUSD	label:shape:Break Up	63	0.051	3.2	0.67	33	-0.006	30	0.113	0	0.67	0.21	0.06	0.16	
pivot-channel-breaks	1h	LINKUSD	repaint	68	0.051	3.2	0.67	33	-0.006	30	0.113	0	0.67	0.21	0.06	0.16	0 of 68 earlier entries changed when the last 60 bars were hidden (0%)
pivot-channel-breaks	1h	LINKUSD	verdict	63	0.051	3.2	0.67	33	-0.006	30	0.113	0	0.67	0.21	0.06	0.16	COSTS: positive before fees, negative after → a slower timeframe or a wider stop/target so each trade pays the round trip several times over
pivot-channel-breaks	1h	SUIUSD	base	57	-0.146	-8.3	0.56	30	-0.007	27	-0.300	0	0.56	0.26	0.07	0.28	
pivot-channel-breaks	1h	SUIUSD	gross	61	-0.023	-1.4	0.57	30	0.100	31	-0.142	0	0.57	0.28	0.08	0.28	
pivot-channel-breaks	1h	SUIUSD	stop1.5	61	-0.036	-2.2	0.62	30	0.101	31	-0.168	0	0.62	0.25	0.03	0.07	
pivot-channel-breaks	1h	SUIUSD	stop2	61	-0.031	-1.9	0.66	30	0.149	31	-0.204	0	0.66	0.18	0.03	0.00	
pivot-channel-breaks	1h	SUIUSD	tp1	57	-0.255	-14.6	0.42	30	-0.229	27	-0.285	0	0.40	0.00	0.00	0.32	
pivot-channel-breaks	1h	SUIUSD	levels	57	-0.146	-8.3	0.56	30	-0.007	27	-0.300	0	0.56	0.26	0.07	0.28	
pivot-channel-breaks	1h	SUIUSD	er0.25	22	0.017	0.4	0.64	14	0.187	8	-0.281	0	0.64	0.32	0.14	0.23	
pivot-channel-breaks	1h	SUIUSD	confirm1	23	0.293	6.7	0.61	13	0.571	10	-0.069	0	0.61	0.30	0.26	0.22	
pivot-channel-breaks	1h	SUIUSD	er+stop1.5	22	0.223	4.9	0.77	14	0.365	8	-0.026	0	0.77	0.36	0.05	0.05	
pivot-channel-breaks	1h	SUIUSD	er+stop2	22	0.253	5.6	0.82	14	0.363	8	0.062	1	0.82	0.32	0.05	0.00	
pivot-channel-breaks	1h	SUIUSD	confirm1+er	15	-0.037	-0.6	0.40	9	0.123	6	-0.278	0	0.40	0.27	0.27	0.33	
pivot-channel-breaks	1h	SUIUSD	inverted	57	-0.088	-5.0	0.61	30	-0.115	27	-0.059	0	0.61	0.35	0.04	0.25	
pivot-channel-breaks	1h	SUIUSD	long	57	-0.146	-8.3	0.56	30	-0.007	27	-0.300	0	0.56	0.26	0.07	0.28	
pivot-channel-breaks	1h	SUIUSD	short	0	0.000	0.0	0.00	0	0.000	0	0.000	0	0.00	0.00	0.00	0.00	
pivot-channel-breaks	1h	SUIUSD	label:shape:Break Up	57	-0.146	-8.3	0.56	30	-0.007	27	-0.300	0	0.56	0.26	0.07	0.28	
pivot-channel-breaks	1h	SUIUSD	repaint	60	-0.146	-8.3	0.56	30	-0.007	27	-0.300	0	0.56	0.26	0.07	0.28	0 of 60 earlier entries changed when the last 60 bars were hidden (0%)
pivot-channel-breaks	1h	SUIUSD	verdict	57	-0.146	-8.3	0.56	30	-0.007	27	-0.300	0	0.56	0.26	0.07	0.28	no variant pays in both halves → not a reading, exit or cost problem on this cell; re-time or retire the pair
pivot-channel-breaks	1h	NEARUSD	base	67	-0.018	-1.2	0.67	31	-0.080	36	0.035	0	0.67	0.22	0.03	0.21	
pivot-channel-breaks	1h	NEARUSD	gross	71	0.031	2.2	0.65	34	-0.025	37	0.084	0	0.65	0.23	0.04	0.23	
pivot-channel-breaks	1h	NEARUSD	stop1.5	71	-0.040	-2.8	0.65	34	-0.084	37	0.000	0	0.65	0.20	0.03	0.13	
pivot-channel-breaks	1h	NEARUSD	stop2	71	0.036	2.5	0.73	34	-0.018	37	0.085	0	0.73	0.14	0.01	0.06	
pivot-channel-breaks	1h	NEARUSD	tp1	67	-0.013	-0.9	0.54	31	-0.043	36	0.012	0	0.51	0.00	0.00	0.22	
pivot-channel-breaks	1h	NEARUSD	levels	67	-0.018	-1.2	0.67	31	-0.080	36	0.035	0	0.67	0.22	0.03	0.21	
pivot-channel-breaks	1h	NEARUSD	er0.25	27	0.068	1.8	0.74	12	0.039	15	0.092	1	0.74	0.22	0.00	0.15	
pivot-channel-breaks	1h	NEARUSD	confirm1	32	-0.151	-4.8	0.59	13	0.090	19	-0.315	0	0.59	0.22	0.03	0.25	
pivot-channel-breaks	1h	NEARUSD	er+stop1.5	27	-0.114	-3.1	0.63	12	-0.028	15	-0.183	0	0.63	0.15	0.00	0.07	
pivot-channel-breaks	1h	NEARUSD	er+stop2	27	0.116	3.1	0.81	12	0.141	15	0.096	1	0.81	0.11	0.00	0.00	
pivot-channel-breaks	1h	NEARUSD	confirm1+er	18	-0.060	-1.1	0.67	8	0.426	10	-0.449	0	0.67	0.22	0.00	0.22	
pivot-channel-breaks	1h	NEARUSD	inverted	67	0.071	4.8	0.66	31	0.126	36	0.024	1	0.66	0.27	0.09	0.24	
pivot-channel-breaks	1h	NEARUSD	long	67	-0.018	-1.2	0.67	31	-0.080	36	0.035	0	0.67	0.22	0.03	0.21	
pivot-channel-breaks	1h	NEARUSD	short	0	0.000	0.0	0.00	0	0.000	0	0.000	0	0.00	0.00	0.00	0.00	
pivot-channel-breaks	1h	NEARUSD	label:shape:Break Up	67	-0.018	-1.2	0.67	31	-0.080	36	0.035	0	0.67	0.22	0.03	0.21	
pivot-channel-breaks	1h	NEARUSD	repaint	71	-0.018	-1.2	0.67	31	-0.080	36	0.035	0	0.67	0.22	0.03	0.21	0 of 71 earlier entries changed when the last 60 bars were hidden (0%)
pivot-channel-breaks	1h	NEARUSD	verdict	67	-0.018	-1.2	0.67	31	-0.080	36	0.035	0	0.67	0.22	0.03	0.21	WHIPSAW: pays only when the market is moving efficiently → efficiency-ratio gate ≥ 0.25 on this timeframe
pivot-channel-breaks	1h	HYPEUSD	base	66	0.019	1.3	0.71	30	0.083	36	-0.034	0	0.71	0.26	0.06	0.15	
pivot-channel-breaks	1h	HYPEUSD	gross	66	0.131	8.7	0.71	30	0.183	36	0.088	1	0.71	0.26	0.06	0.15	
pivot-channel-breaks	1h	HYPEUSD	stop1.5	66	0.083	5.5	0.77	30	0.263	36	-0.067	0	0.77	0.14	0.03	0.05	
pivot-channel-breaks	1h	HYPEUSD	stop2	64	0.209	13.4	0.81	29	0.166	35	0.244	1	0.81	0.19	0.02	0.00	
pivot-channel-breaks	1h	HYPEUSD	tp1	66	0.024	1.6	0.58	30	0.140	36	-0.074	0	0.55	0.00	0.00	0.18	
pivot-channel-breaks	1h	HYPEUSD	levels	66	0.019	1.3	0.71	30	0.083	36	-0.034	0	0.71	0.26	0.06	0.15	
pivot-channel-breaks	1h	HYPEUSD	er0.25	32	0.018	0.6	0.72	14	0.103	18	-0.049	0	0.72	0.25	0.03	0.16	
pivot-channel-breaks	1h	HYPEUSD	confirm1	36	0.088	3.2	0.67	18	0.103	18	0.073	1	0.64	0.25	0.03	0.17	
pivot-channel-breaks	1h	HYPEUSD	er+stop1.5	32	0.135	4.3	0.81	14	0.413	18	-0.081	0	0.81	0.13	0.03	0.09	
pivot-channel-breaks	1h	HYPEUSD	er+stop2	32	0.258	8.2	0.81	14	0.276	18	0.243	1	0.81	0.16	0.03	0.03	
pivot-channel-breaks	1h	HYPEUSD	confirm1+er	18	0.276	5.0	0.72	6	0.263	12	0.282	1	0.67	0.22	0.00	0.17	
pivot-channel-breaks	1h	HYPEUSD	inverted	66	-0.143	-9.4	0.65	30	-0.198	36	-0.097	0	0.65	0.14	0.00	0.21	
pivot-channel-breaks	1h	HYPEUSD	long	66	0.019	1.3	0.71	30	0.083	36	-0.034	0	0.71	0.26	0.06	0.15	
pivot-channel-breaks	1h	HYPEUSD	short	0	0.000	0.0	0.00	0	0.000	0	0.000	0	0.00	0.00	0.00	0.00	
pivot-channel-breaks	1h	HYPEUSD	label:shape:Break Up	66	0.019	1.3	0.71	30	0.083	36	-0.034	0	0.71	0.26	0.06	0.15	
pivot-channel-breaks	1h	HYPEUSD	repaint	66	0.019	1.3	0.71	30	0.083	36	-0.034	0	0.71	0.26	0.06	0.15	0 of 66 earlier entries changed when the last 60 bars were hidden (0%)
pivot-channel-breaks	1h	HYPEUSD	verdict	66	0.019	1.3	0.71	30	0.083	36	-0.034	0	0.71	0.26	0.06	0.15	COSTS: positive before fees, negative after → a slower timeframe or a wider stop/target so each trade pays the round trip several times over
pivot-channel-breaks	4h	ETHUSD	base	25	0.088	2.2	0.76	15	-0.036	10	0.274	0	0.76	0.24	0.04	0.12	
pivot-channel-breaks	4h	ETHUSD	gross	25	0.162	4.0	0.76	15	0.021	10	0.373	1	0.76	0.24	0.04	0.12	
pivot-channel-breaks	4h	ETHUSD	stop1.5	25	0.128	3.2	0.80	15	0.139	10	0.112	1	0.80	0.12	0.00	0.12	
pivot-channel-breaks	4h	ETHUSD	stop2	25	0.024	0.6	0.72	15	-0.092	10	0.199	0	0.72	0.12	0.04	0.04	
pivot-channel-breaks	4h	ETHUSD	tp1	25	0.039	1.0	0.56	15	-0.124	10	0.284	0	0.56	0.00	0.00	0.16	
pivot-channel-breaks	4h	ETHUSD	levels	25	0.088	2.2	0.76	15	-0.036	10	0.274	0	0.76	0.24	0.04	0.12	
pivot-channel-breaks	4h	ETHUSD	er0.25	12	0.011	0.1	0.75	8	-0.180	4	0.392	0	0.75	0.17	0.00	0.08	
pivot-channel-breaks	4h	ETHUSD	confirm1	12	0.147	1.8	0.75	7	-0.015	5	0.374	0	0.75	0.25	0.08	0.08	
pivot-channel-breaks	4h	ETHUSD	er+stop1.5	12	0.263	3.2	0.92	8	0.179	4	0.432	0	0.92	0.08	0.00	0.08	
pivot-channel-breaks	4h	ETHUSD	er+stop2	12	-0.114	-1.4	0.67	8	-0.190	4	0.036	0	0.67	0.08	0.00	0.00	
pivot-channel-breaks	4h	ETHUSD	confirm1+er	8	0.061	0.5	0.75	5	0.057	3	0.066	0	0.75	0.13	0.00	0.13	
pivot-channel-breaks	4h	ETHUSD	inverted	25	-0.069	-1.7	0.60	15	0.057	10	-0.258	0	0.60	0.16	0.08	0.12	
pivot-channel-breaks	4h	ETHUSD	long	25	0.088	2.2	0.76	15	-0.036	10	0.274	0	0.76	0.24	0.04	0.12	
pivot-channel-breaks	4h	ETHUSD	short	0	0.000	0.0	0.00	0	0.000	0	0.000	0	0.00	0.00	0.00	0.00	
pivot-channel-breaks	4h	ETHUSD	label:shape:Break Up	25	0.088	2.2	0.76	15	-0.036	10	0.274	0	0.76	0.24	0.04	0.12	
pivot-channel-breaks	4h	ETHUSD	repaint	25	0.088	2.2	0.76	15	-0.036	10	0.274	0	0.76	0.24	0.04	0.12	0 of 25 earlier entries changed when the last 60 bars were hidden (0%)
pivot-channel-breaks	4h	ETHUSD	verdict	25	0.088	2.2	0.76	15	-0.036	10	0.274	0	0.76	0.24	0.04	0.12	COSTS: positive before fees, negative after → a slower timeframe or a wider stop/target so each trade pays the round trip several times over
pivot-channel-breaks	4h	BTCUSD	base	25	-0.106	-2.6	0.68	11	-0.401	14	0.126	0	0.68	0.08	0.04	0.04	
pivot-channel-breaks	4h	BTCUSD	gross	25	-0.010	-0.2	0.68	11	-0.346	14	0.255	0	0.68	0.08	0.04	0.04	
pivot-channel-breaks	4h	BTCUSD	stop1.5	25	-0.073	-1.8	0.68	11	-0.249	14	0.065	0	0.68	0.08	0.00	0.00	
pivot-channel-breaks	4h	BTCUSD	stop2	25	-0.186	-4.6	0.56	11	-0.404	14	-0.014	0	0.56	0.12	0.04	0.00	
pivot-channel-breaks	4h	BTCUSD	tp1	25	-0.220	-5.5	0.44	11	-0.343	14	-0.124	0	0.64	0.00	0.00	0.08	
pivot-channel-breaks	4h	BTCUSD	levels	25	-0.106	-2.6	0.68	11	-0.401	14	0.126	0	0.68	0.08	0.04	0.04	
pivot-channel-breaks	4h	BTCUSD	er0.25	9	-0.398	-3.6	0.44	6	-0.798	3	0.400	0	0.44	0.11	0.00	0.11	
pivot-channel-breaks	4h	BTCUSD	confirm1	13	-0.081	-1.1	0.54	6	-0.322	7	0.125	0	0.54	0.31	0.08	0.08	
pivot-channel-breaks	4h	BTCUSD	er+stop1.5	9	-0.285	-2.6	0.56	6	-0.567	3	0.278	0	0.56	0.00	0.00	0.00	
pivot-channel-breaks	4h	BTCUSD	er+stop2	9	-0.587	-5.3	0.33	6	-0.590	3	-0.580	0	0.33	0.00	0.00	0.00	
pivot-channel-breaks	4h	BTCUSD	confirm1+er	5	-0.412	-2.1	0.40	3	-0.588	2	-0.149	0	0.40	0.20	0.00	0.00	
pivot-channel-breaks	4h	BTCUSD	inverted	25	0.046	1.2	0.72	11	0.018	14	0.068	1	0.72	0.20	0.04	0.04	
pivot-channel-breaks	4h	BTCUSD	long	25	-0.106	-2.6	0.68	11	-0.401	14	0.126	0	0.68	0.08	0.04	0.04	
pivot-channel-breaks	4h	BTCUSD	short	0	0.000	0.0	0.00	0	0.000	0	0.000	0	0.00	0.00	0.00	0.00	
pivot-channel-breaks	4h	BTCUSD	label:shape:Break Up	25	-0.106	-2.6	0.68	11	-0.401	14	0.126	0	0.68	0.08	0.04	0.04	
pivot-channel-breaks	4h	BTCUSD	repaint	25	-0.106	-2.6	0.68	11	-0.401	14	0.126	0	0.68	0.08	0.04	0.04	0 of 25 earlier entries changed when the last 60 bars were hidden (0%)
pivot-channel-breaks	4h	BTCUSD	verdict	25	-0.106	-2.6	0.68	11	-0.401	14	0.126	0	0.68	0.08	0.04	0.04	no variant pays in both halves → not a reading, exit or cost problem on this cell; re-time or retire the pair
pivot-channel-breaks	4h	SOLUSD	base	23	-0.065	-1.5	0.57	10	-0.248	13	0.077	0	0.57	0.22	0.13	0.09	
pivot-channel-breaks	4h	SOLUSD	gross	23	-0.001	-0.0	0.57	10	-0.207	13	0.157	0	0.57	0.22	0.13	0.09	
pivot-channel-breaks	4h	SOLUSD	stop1.5	23	-0.074	-1.7	0.61	10	-0.188	13	0.014	0	0.61	0.17	0.04	0.04	
pivot-channel-breaks	4h	SOLUSD	stop2	23	-0.188	-4.3	0.48	10	-0.538	13	0.082	0	0.48	0.17	0.04	0.00	
pivot-channel-breaks	4h	SOLUSD	tp1	23	-0.356	-8.2	0.35	10	-0.811	13	-0.007	0	0.52	0.00	0.00	0.09	
pivot-channel-breaks	4h	SOLUSD	levels	23	-0.065	-1.5	0.57	10	-0.248	13	0.077	0	0.57	0.22	0.13	0.09	
pivot-channel-breaks	4h	SOLUSD	er0.25	15	-0.227	-3.4	0.53	6	-0.565	9	-0.002	0	0.53	0.13	0.07	0.13	
pivot-channel-breaks	4h	SOLUSD	confirm1	10	-0.058	-0.6	0.70	3	-0.589	7	0.170	0	0.70	0.10	0.00	0.10	
pivot-channel-breaks	4h	SOLUSD	er+stop1.5	15	0.029	0.4	0.73	6	0.053	9	0.013	1	0.73	0.13	0.00	0.07	
pivot-channel-breaks	4h	SOLUSD	er+stop2	15	-0.215	-3.2	0.53	6	-0.498	9	-0.026	0	0.53	0.13	0.00	0.00	
pivot-channel-breaks	4h	SOLUSD	confirm1+er	6	-0.345	-2.1	0.50	2	-1.000	4	-0.017	0	0.50	0.00	0.00	0.17	
pivot-channel-breaks	4h	SOLUSD	inverted	23	0.051	1.2	0.74	10	0.269	13	-0.118	0	0.74	0.13	0.00	0.09	
pivot-channel-breaks	4h	SOLUSD	long	23	-0.065	-1.5	0.57	10	-0.248	13	0.077	0	0.57	0.22	0.13	0.09	
pivot-channel-breaks	4h	SOLUSD	short	0	0.000	0.0	0.00	0	0.000	0	0.000	0	0.00	0.00	0.00	0.00	
pivot-channel-breaks	4h	SOLUSD	label:shape:Break Up	23	-0.065	-1.5	0.57	10	-0.248	13	0.077	0	0.57	0.22	0.13	0.09	
pivot-channel-breaks	4h	SOLUSD	repaint	23	-0.065	-1.5	0.57	10	-0.248	13	0.077	0	0.57	0.22	0.13	0.09	0 of 23 earlier entries changed when the last 60 bars were hidden (0%)
pivot-channel-breaks	4h	SOLUSD	verdict	23	-0.065	-1.5	0.57	10	-0.248	13	0.077	0	0.57	0.22	0.13	0.09	no variant pays in both halves → not a reading, exit or cost problem on this cell; re-time or retire the pair
pivot-channel-breaks	4h	XRPUSD	base	23	0.086	2.0	0.70	12	-0.056	11	0.241	0	0.70	0.13	0.04	0.17	
pivot-channel-breaks	4h	XRPUSD	gross	23	0.170	3.9	0.70	12	0.011	11	0.342	1	0.70	0.13	0.04	0.17	
pivot-channel-breaks	4h	XRPUSD	stop1.5	23	-0.060	-1.4	0.61	12	-0.002	11	-0.124	0	0.61	0.09	0.09	0.04	
pivot-channel-breaks	4h	XRPUSD	stop2	23	-0.309	-7.1	0.43	12	-0.218	11	-0.409	0	0.43	0.09	0.04	0.04	
pivot-channel-breaks	4h	XRPUSD	tp1	23	-0.193	-4.4	0.43	12	-0.069	11	-0.329	0	0.65	0.00	0.00	0.22	
pivot-channel-breaks	4h	XRPUSD	levels	23	0.086	2.0	0.70	12	-0.056	11	0.241	0	0.70	0.13	0.04	0.17	
pivot-channel-breaks	4h	XRPUSD	er0.25	14	0.041	0.6	0.57	8	-0.090	6	0.217	0	0.57	0.21	0.07	0.29	
pivot-channel-breaks	4h	XRPUSD	confirm1	10	-0.209	-2.1	0.60	7	-0.043	3	-0.596	0	0.60	0.10	0.00	0.10	
pivot-channel-breaks	4h	XRPUSD	er+stop1.5	14	-0.209	-2.9	0.50	8	-0.176	6	-0.252	0	0.50	0.07	0.07	0.07	
pivot-channel-breaks	4h	XRPUSD	er+stop2	14	-0.403	-5.6	0.36	8	-0.290	6	-0.554	0	0.36	0.07	0.07	0.07	
pivot-channel-breaks	4h	XRPUSD	confirm1+er	7	-0.245	-1.7	0.57	5	-0.185	2	-0.394	0	0.57	0.14	0.00	0.14	
pivot-channel-breaks	4h	XRPUSD	inverted	23	0.122	2.8	0.78	12	-0.041	11	0.300	0	0.78	0.26	0.00	0.13	
pivot-channel-breaks	4h	XRPUSD	long	23	0.086	2.0	0.70	12	-0.056	11	0.241	0	0.70	0.13	0.04	0.17	
pivot-channel-breaks	4h	XRPUSD	short	0	0.000	0.0	0.00	0	0.000	0	0.000	0	0.00	0.00	0.00	0.00	
pivot-channel-breaks	4h	XRPUSD	label:shape:Break Up	23	0.086	2.0	0.70	12	-0.056	11	0.241	0	0.70	0.13	0.04	0.17	
pivot-channel-breaks	4h	XRPUSD	repaint	22	0.086	2.0	0.70	12	-0.056	11	0.241	0	0.70	0.13	0.04	0.17	0 of 22 earlier entries changed when the last 60 bars were hidden (0%)
pivot-channel-breaks	4h	XRPUSD	verdict	23	0.086	2.0	0.70	12	-0.056	11	0.241	0	0.70	0.13	0.04	0.17	COSTS: positive before fees, negative after → a slower timeframe or a wider stop/target so each trade pays the round trip several times over
pivot-channel-breaks	4h	BNBUSD	base	31	-0.107	-3.3	0.71	13	-0.147	18	-0.078	0	0.71	0.06	0.00	0.06	
pivot-channel-breaks	4h	BNBUSD	gross	31	-0.010	-0.3	0.71	13	-0.060	18	0.027	0	0.71	0.06	0.00	0.06	
pivot-channel-breaks	4h	BNBUSD	stop1.5	31	-0.121	-3.7	0.61	13	0.080	18	-0.265	0	0.61	0.16	0.03	0.03	
pivot-channel-breaks	4h	BNBUSD	stop2	31	-0.079	-2.4	0.65	13	0.084	18	-0.196	0	0.65	0.03	0.03	0.00	
pivot-channel-breaks	4h	BNBUSD	tp1	31	-0.139	-4.3	0.48	13	0.100	18	-0.313	0	0.68	0.00	0.00	0.10	
pivot-channel-breaks	4h	BNBUSD	levels	31	-0.107	-3.3	0.71	13	-0.147	18	-0.078	0	0.71	0.06	0.00	0.06	
pivot-channel-breaks	4h	BNBUSD	er0.25	18	-0.163	-2.9	0.67	8	-0.234	10	-0.106	0	0.67	0.06	0.00	0.11	
pivot-channel-breaks	4h	BNBUSD	confirm1	17	-0.031	-0.5	0.53	8	-0.332	9	0.237	0	0.53	0.24	0.12	0.24	
pivot-channel-breaks	4h	BNBUSD	er+stop1.5	18	-0.312	-5.6	0.50	8	-0.098	10	-0.483	0	0.50	0.17	0.00	0.06	
pivot-channel-breaks	4h	BNBUSD	er+stop2	18	-0.245	-4.4	0.56	8	0.050	10	-0.480	0	0.56	0.00	0.00	0.00	
pivot-channel-breaks	4h	BNBUSD	confirm1+er	12	-0.316	-3.8	0.42	5	-0.698	7	-0.043	0	0.42	0.25	0.08	0.33	
pivot-channel-breaks	4h	BNBUSD	inverted	31	-0.199	-6.2	0.61	13	-0.288	18	-0.135	0	0.61	0.06	0.00	0.19	
pivot-channel-breaks	4h	BNBUSD	long	31	-0.107	-3.3	0.71	13	-0.147	18	-0.078	0	0.71	0.06	0.00	0.06	
pivot-channel-breaks	4h	BNBUSD	short	0	0.000	0.0	0.00	0	0.000	0	0.000	0	0.00	0.00	0.00	0.00	
pivot-channel-breaks	4h	BNBUSD	label:shape:Break Up	31	-0.107	-3.3	0.71	13	-0.147	18	-0.078	0	0.71	0.06	0.00	0.06	
pivot-channel-breaks	4h	BNBUSD	repaint	30	-0.107	-3.3	0.71	13	-0.147	18	-0.078	0	0.71	0.06	0.00	0.06	0 of 30 earlier entries changed when the last 60 bars were hidden (0%)
pivot-channel-breaks	4h	BNBUSD	verdict	31	-0.107	-3.3	0.71	13	-0.147	18	-0.078	0	0.71	0.06	0.00	0.06	no variant pays in both halves → not a reading, exit or cost problem on this cell; re-time or retire the pair
pivot-channel-breaks	4h	DOGEUSD	base	25	-0.346	-8.7	0.44	12	-0.440	13	-0.260	0	0.44	0.12	0.04	0.24	
pivot-channel-breaks	4h	DOGEUSD	gross	25	-0.305	-7.6	0.44	12	-0.410	13	-0.208	0	0.44	0.12	0.04	0.24	
pivot-channel-breaks	4h	DOGEUSD	stop1.5	25	-0.199	-5.0	0.48	12	-0.380	13	-0.032	0	0.48	0.20	0.04	0.08	
pivot-channel-breaks	4h	DOGEUSD	stop2	24	-0.330	-7.9	0.42	12	-0.643	12	-0.017	0	0.42	0.13	0.04	0.04	
pivot-channel-breaks	4h	DOGEUSD	tp1	25	-0.403	-10.1	0.32	12	-0.683	13	-0.144	0	0.40	0.00	0.00	0.24	
pivot-channel-breaks	4h	DOGEUSD	levels	25	-0.346	-8.7	0.44	12	-0.440	13	-0.260	0	0.44	0.12	0.04	0.24	
pivot-channel-breaks	4h	DOGEUSD	er0.25	13	-0.482	-6.3	0.38	8	-0.624	5	-0.255	0	0.38	0.08	0.00	0.38	
pivot-channel-breaks	4h	DOGEUSD	confirm1	6	0.223	1.3	0.83	1	0.343	5	0.199	0	0.83	0.17	0.17	0.17	
pivot-channel-breaks	4h	DOGEUSD	er+stop1.5	13	-0.077	-1.0	0.54	8	-0.299	5	0.279	0	0.54	0.15	0.08	0.08	
pivot-channel-breaks	4h	DOGEUSD	er+stop2	12	-0.300	-3.6	0.42	8	-0.668	4	0.434	0	0.42	0.17	0.08	0.00	
pivot-channel-breaks	4h	DOGEUSD	confirm1+er	5	0.212	1.1	0.80	1	0.343	4	0.179	0	0.80	0.20	0.20	0.20	
pivot-channel-breaks	4h	DOGEUSD	inverted	25	0.089	2.2	0.72	12	0.232	13	-0.043	0	0.72	0.16	0.04	0.16	
pivot-channel-breaks	4h	DOGEUSD	long	25	-0.346	-8.7	0.44	12	-0.440	13	-0.260	0	0.44	0.12	0.04	0.24	
pivot-channel-breaks	4h	DOGEUSD	short	0	0.000	0.0	0.00	0	0.000	0	0.000	0	0.00	0.00	0.00	0.00	
pivot-channel-breaks	4h	DOGEUSD	label:shape:Break Up	25	-0.346	-8.7	0.44	12	-0.440	13	-0.260	0	0.44	0.12	0.04	0.24	
pivot-channel-breaks	4h	DOGEUSD	repaint	24	-0.346	-8.7	0.44	12	-0.440	13	-0.260	0	0.44	0.12	0.04	0.24	0 of 24 earlier entries changed when the last 60 bars were hidden (0%)
pivot-channel-breaks	4h	DOGEUSD	verdict	25	-0.346	-8.7	0.44	12	-0.440	13	-0.260	0	0.44	0.12	0.04	0.24	no variant pays in both halves → not a reading, exit or cost problem on this cell; re-time or retire the pair
pivot-channel-breaks	4h	AVAXUSD	base	28	-0.276	-7.7	0.54	16	-0.264	12	-0.292	0	0.54	0.07	0.00	0.07	
pivot-channel-breaks	4h	AVAXUSD	gross	28	-0.231	-6.5	0.54	16	-0.221	12	-0.244	0	0.54	0.07	0.00	0.07	
pivot-channel-breaks	4h	AVAXUSD	stop1.5	28	-0.278	-7.8	0.50	16	-0.322	12	-0.220	0	0.50	0.04	0.00	0.04	
pivot-channel-breaks	4h	AVAXUSD	stop2	28	-0.435	-12.2	0.39	16	-0.472	12	-0.385	0	0.39	0.04	0.00	0.00	
pivot-channel-breaks	4h	AVAXUSD	tp1	28	-0.331	-9.3	0.36	16	-0.295	12	-0.379	0	0.50	0.00	0.00	0.07	
pivot-channel-breaks	4h	AVAXUSD	levels	28	-0.276	-7.7	0.54	16	-0.264	12	-0.292	0	0.54	0.07	0.00	0.07	
pivot-channel-breaks	4h	AVAXUSD	er0.25	15	-0.153	-2.3	0.60	10	-0.201	5	-0.058	0	0.60	0.13	0.00	0.07	
pivot-channel-breaks	4h	AVAXUSD	confirm1	11	-0.281	-3.1	0.55	7	-0.442	4	0.001	0	0.55	0.00	0.00	0.09	
pivot-channel-breaks	4h	AVAXUSD	er+stop1.5	15	-0.193	-2.9	0.60	10	-0.212	5	-0.156	0	0.60	0.00	0.00	0.07	
pivot-channel-breaks	4h	AVAXUSD	er+stop2	15	-0.436	-6.5	0.40	10	-0.429	5	-0.451	0	0.40	0.00	0.00	0.00	
pivot-channel-breaks	4h	AVAXUSD	confirm1+er	7	-0.427	-3.0	0.43	4	-0.688	3	-0.079	0	0.43	0.00	0.00	0.14	
pivot-channel-breaks	4h	AVAXUSD	inverted	28	0.158	4.4	0.82	16	0.262	12	0.020	1	0.82	0.14	0.04	0.11	
pivot-channel-breaks	4h	AVAXUSD	long	28	-0.276	-7.7	0.54	16	-0.264	12	-0.292	0	0.54	0.07	0.00	0.07	
pivot-channel-breaks	4h	AVAXUSD	short	0	0.000	0.0	0.00	0	0.000	0	0.000	0	0.00	0.00	0.00	0.00	
pivot-channel-breaks	4h	AVAXUSD	label:shape:Break Up	28	-0.276	-7.7	0.54	16	-0.264	12	-0.292	0	0.54	0.07	0.00	0.07	
pivot-channel-breaks	4h	AVAXUSD	repaint	28	-0.276	-7.7	0.54	16	-0.264	12	-0.292	0	0.54	0.07	0.00	0.07	0 of 28 earlier entries changed when the last 60 bars were hidden (0%)
pivot-channel-breaks	4h	AVAXUSD	verdict	28	-0.276	-7.7	0.54	16	-0.264	12	-0.292	0	0.54	0.07	0.00	0.07	READING: direction inverted → the signals mean the opposite of how they are read (a warning read as an entry, a state read as a flip); invert or restrict the source
pivot-channel-breaks	4h	ADAUSD	base	27	-0.204	-5.5	0.56	14	-0.055	13	-0.364	0	0.56	0.07	0.04	0.15	
pivot-channel-breaks	4h	ADAUSD	gross	27	-0.163	-4.4	0.56	14	-0.003	13	-0.334	0	0.56	0.07	0.04	0.15	
pivot-channel-breaks	4h	ADAUSD	stop1.5	27	-0.279	-7.5	0.52	14	-0.357	13	-0.196	0	0.52	0.04	0.00	0.04	
pivot-channel-breaks	4h	ADAUSD	stop2	27	-0.063	-1.7	0.63	14	-0.384	13	0.283	0	0.63	0.11	0.04	0.04	
pivot-channel-breaks	4h	ADAUSD	tp1	27	-0.297	-8.0	0.37	14	-0.459	13	-0.122	0	0.56	0.00	0.00	0.15	
pivot-channel-breaks	4h	ADAUSD	levels	27	-0.204	-5.5	0.56	14	-0.055	13	-0.364	0	0.56	0.07	0.04	0.15	
pivot-channel-breaks	4h	ADAUSD	er0.25	14	-0.153	-2.1	0.64	8	-0.181	6	-0.116	0	0.64	0.00	0.00	0.21	
pivot-channel-breaks	4h	ADAUSD	confirm1	7	0.106	0.7	0.86	3	-0.101	4	0.262	0	0.86	0.00	0.00	0.00	
pivot-channel-breaks	4h	ADAUSD	er+stop1.5	14	-0.334	-4.7	0.50	8	-0.647	6	0.084	0	0.50	0.00	0.00	0.07	
pivot-channel-breaks	4h	ADAUSD	er+stop2	14	-0.215	-3.0	0.50	8	-0.663	6	0.382	0	0.50	0.07	0.07	0.07	
pivot-channel-breaks	4h	ADAUSD	confirm1+er	6	0.291	1.7	1.00	2	0.348	4	0.262	0	1.00	0.00	0.00	0.00	
pivot-channel-breaks	4h	ADAUSD	inverted	27	0.114	3.1	0.74	14	0.136	13	0.091	1	0.74	0.22	0.04	0.07	
pivot-channel-breaks	4h	ADAUSD	long	27	-0.204	-5.5	0.56	14	-0.055	13	-0.364	0	0.56	0.07	0.04	0.15	
pivot-channel-breaks	4h	ADAUSD	short	0	0.000	0.0	0.00	0	0.000	0	0.000	0	0.00	0.00	0.00	0.00	
pivot-channel-breaks	4h	ADAUSD	label:shape:Break Up	27	-0.204	-5.5	0.56	14	-0.055	13	-0.364	0	0.56	0.07	0.04	0.15	
pivot-channel-breaks	4h	ADAUSD	repaint	26	-0.204	-5.5	0.56	14	-0.055	13	-0.364	0	0.56	0.07	0.04	0.15	0 of 26 earlier entries changed when the last 60 bars were hidden (0%)
pivot-channel-breaks	4h	ADAUSD	verdict	27	-0.204	-5.5	0.56	14	-0.055	13	-0.364	0	0.56	0.07	0.04	0.15	READING: direction inverted → the signals mean the opposite of how they are read (a warning read as an entry, a state read as a flip); invert or restrict the source
pivot-channel-breaks	4h	LTCUSD	base	21	-0.213	-4.5	0.62	10	-0.132	11	-0.287	0	0.62	0.05	0.00	0.10	
pivot-channel-breaks	4h	LTCUSD	gross	21	-0.154	-3.2	0.62	10	-0.070	11	-0.230	0	0.62	0.05	0.00	0.10	
pivot-channel-breaks	4h	LTCUSD	stop1.5	21	-0.044	-0.9	0.71	10	-0.043	11	-0.045	0	0.71	0.00	0.00	0.10	
pivot-channel-breaks	4h	LTCUSD	stop2	21	-0.075	-1.6	0.67	10	-0.173	11	0.013	0	0.67	0.05	0.00	0.00	
pivot-channel-breaks	4h	LTCUSD	tp1	21	-0.215	-4.5	0.43	10	-0.451	11	0.001	0	0.62	0.00	0.00	0.14	
pivot-channel-breaks	4h	LTCUSD	levels	21	-0.213	-4.5	0.62	10	-0.132	11	-0.287	0	0.62	0.05	0.00	0.10	
pivot-channel-breaks	4h	LTCUSD	er0.25	6	-0.183	-1.1	0.67	4	-0.072	2	-0.404	0	0.67	0.00	0.00	0.00	
pivot-channel-breaks	4h	LTCUSD	confirm1	10	-0.130	-1.3	0.60	5	-0.484	5	0.223	0	0.60	0.10	0.10	0.30	
pivot-channel-breaks	4h	LTCUSD	er+stop1.5	6	0.337	2.0	1.00	4	0.357	2	0.297	0	1.00	0.00	0.00	0.00	
pivot-channel-breaks	4h	LTCUSD	er+stop2	6	0.081	0.5	0.83	4	-0.036	2	0.315	0	0.83	0.00	0.00	0.00	
pivot-channel-breaks	4h	LTCUSD	confirm1+er	6	0.233	1.4	0.83	3	-0.139	3	0.606	0	0.83	0.17	0.17	0.17	
pivot-channel-breaks	4h	LTCUSD	inverted	21	-0.090	-1.9	0.62	10	0.043	11	-0.210	0	0.62	0.19	0.00	0.10	
pivot-channel-breaks	4h	LTCUSD	long	21	-0.213	-4.5	0.62	10	-0.132	11	-0.287	0	0.62	0.05	0.00	0.10	
pivot-channel-breaks	4h	LTCUSD	short	0	0.000	0.0	0.00	0	0.000	0	0.000	0	0.00	0.00	0.00	0.00	
pivot-channel-breaks	4h	LTCUSD	label:shape:Break Up	21	-0.213	-4.5	0.62	10	-0.132	11	-0.287	0	0.62	0.05	0.00	0.10	
pivot-channel-breaks	4h	LTCUSD	repaint	21	-0.213	-4.5	0.62	10	-0.132	11	-0.287	0	0.62	0.05	0.00	0.10	0 of 21 earlier entries changed when the last 60 bars were hidden (0%)
pivot-channel-breaks	4h	LTCUSD	verdict	21	-0.213	-4.5	0.62	10	-0.132	11	-0.287	0	0.62	0.05	0.00	0.10	no variant pays in both halves → not a reading, exit or cost problem on this cell; re-time or retire the pair
pivot-channel-breaks	4h	BCHUSD	base	22	-0.134	-2.9	0.59	13	-0.352	9	0.182	0	0.59	0.05	0.05	0.14	
pivot-channel-breaks	4h	BCHUSD	gross	22	-0.076	-1.7	0.59	13	-0.311	9	0.263	0	0.59	0.05	0.05	0.14	
pivot-channel-breaks	4h	BCHUSD	stop1.5	22	-0.170	-3.7	0.50	13	-0.494	9	0.298	0	0.50	0.14	0.14	0.14	
pivot-channel-breaks	4h	BCHUSD	stop2	22	-0.109	-2.4	0.55	13	-0.432	9	0.359	0	0.55	0.32	0.00	0.00	
pivot-channel-breaks	4h	BCHUSD	tp1	22	-0.151	-3.3	0.45	13	-0.280	9	0.036	0	0.55	0.00	0.00	0.18	
pivot-channel-breaks	4h	BCHUSD	levels	22	-0.134	-2.9	0.59	13	-0.352	9	0.182	0	0.59	0.05	0.05	0.14	
pivot-channel-breaks	4h	BCHUSD	er0.25	9	-0.387	-3.5	0.44	6	-0.521	3	-0.120	0	0.44	0.00	0.00	0.00	
pivot-channel-breaks	4h	BCHUSD	confirm1	10	0.551	5.5	0.80	5	0.519	5	0.584	1	0.80	0.30	0.30	0.00	
pivot-channel-breaks	4h	BCHUSD	er+stop1.5	9	-0.557	-5.0	0.33	6	-0.567	3	-0.538	0	0.33	0.00	0.00	0.11	
pivot-channel-breaks	4h	BCHUSD	er+stop2	9	-0.355	-3.2	0.44	6	-0.506	3	-0.053	0	0.44	0.22	0.00	0.00	
pivot-channel-breaks	4h	BCHUSD	confirm1+er	5	0.388	1.9	0.80	2	0.349	3	0.414	0	0.80	0.20	0.20	0.00	
pivot-channel-breaks	4h	BCHUSD	inverted	22	-0.018	-0.4	0.68	13	-0.041	9	0.014	0	0.68	0.23	0.00	0.09	
pivot-channel-breaks	4h	BCHUSD	long	22	-0.134	-2.9	0.59	13	-0.352	9	0.182	0	0.59	0.05	0.05	0.14	
pivot-channel-breaks	4h	BCHUSD	short	0	0.000	0.0	0.00	0	0.000	0	0.000	0	0.00	0.00	0.00	0.00	
pivot-channel-breaks	4h	BCHUSD	label:shape:Break Up	22	-0.134	-2.9	0.59	13	-0.352	9	0.182	0	0.59	0.05	0.05	0.14	
pivot-channel-breaks	4h	BCHUSD	repaint	22	-0.134	-2.9	0.59	13	-0.352	9	0.182	0	0.59	0.05	0.05	0.14	0 of 22 earlier entries changed when the last 60 bars were hidden (0%)
pivot-channel-breaks	4h	BCHUSD	verdict	22	-0.134	-2.9	0.59	13	-0.352	9	0.182	0	0.59	0.05	0.05	0.14	no variant pays in both halves → not a reading, exit or cost problem on this cell; re-time or retire the pair
pivot-channel-breaks	4h	SUIUSD	base	22	-0.189	-4.2	0.50	10	-0.385	12	-0.027	0	0.50	0.09	0.05	0.23	
pivot-channel-breaks	4h	SUIUSD	gross	22	-0.143	-3.1	0.50	10	-0.350	12	0.030	0	0.50	0.09	0.05	0.23	
pivot-channel-breaks	4h	SUIUSD	stop1.5	22	-0.071	-1.6	0.59	10	-0.304	12	0.123	0	0.59	0.18	0.05	0.09	
pivot-channel-breaks	4h	SUIUSD	stop2	22	-0.018	-0.4	0.64	10	-0.237	12	0.164	0	0.64	0.14	0.00	0.00	
pivot-channel-breaks	4h	SUIUSD	tp1	22	-0.318	-7.0	0.36	10	-0.814	12	0.095	0	0.50	0.00	0.00	0.23	
pivot-channel-breaks	4h	SUIUSD	levels	22	-0.189	-4.2	0.50	10	-0.385	12	-0.027	0	0.50	0.09	0.05	0.23	
pivot-channel-breaks	4h	SUIUSD	er0.25	10	-0.365	-3.7	0.40	8	-0.387	2	-0.280	0	0.40	0.10	0.00	0.30	
pivot-channel-breaks	4h	SUIUSD	confirm1	8	0.453	3.6	1.00	3	0.662	5	0.327	0	1.00	0.13	0.13	0.00	
pivot-channel-breaks	4h	SUIUSD	er+stop1.5	10	-0.139	-1.4	0.60	8	-0.284	2	0.441	0	0.60	0.20	0.00	0.10	
pivot-channel-breaks	4h	SUIUSD	er+stop2	10	-0.152	-1.5	0.60	8	-0.282	2	0.367	0	0.60	0.00	0.00	0.00	
pivot-channel-breaks	4h	SUIUSD	confirm1+er	6	0.518	3.1	1.00	3	0.662	3	0.374	0	1.00	0.17	0.17	0.00	
pivot-channel-breaks	4h	SUIUSD	inverted	22	0.095	2.1	0.77	10	0.364	12	-0.130	0	0.77	0.23	0.00	0.14	
pivot-channel-breaks	4h	SUIUSD	long	22	-0.189	-4.2	0.50	10	-0.385	12	-0.027	0	0.50	0.09	0.05	0.23	
pivot-channel-breaks	4h	SUIUSD	short	0	0.000	0.0	0.00	0	0.000	0	0.000	0	0.00	0.00	0.00	0.00	
pivot-channel-breaks	4h	SUIUSD	label:shape:Break Up	22	-0.189	-4.2	0.50	10	-0.385	12	-0.027	0	0.50	0.09	0.05	0.23	
pivot-channel-breaks	4h	SUIUSD	repaint	22	-0.189	-4.2	0.50	10	-0.385	12	-0.027	0	0.50	0.09	0.05	0.23	0 of 22 earlier entries changed when the last 60 bars were hidden (0%)
pivot-channel-breaks	4h	SUIUSD	verdict	22	-0.189	-4.2	0.50	10	-0.385	12	-0.027	0	0.50	0.09	0.05	0.23	no variant pays in both halves → not a reading, exit or cost problem on this cell; re-time or retire the pair
pivot-channel-breaks	4h	LINKUSD	base	26	0.007	0.2	0.65	11	-0.173	15	0.139	0	0.65	0.23	0.04	0.15	
pivot-channel-breaks	4h	LINKUSD	gross	26	0.071	1.8	0.65	11	-0.118	15	0.210	0	0.65	0.23	0.04	0.15	
pivot-channel-breaks	4h	LINKUSD	stop1.5	25	-0.004	-0.1	0.64	10	-0.123	15	0.075	0	0.64	0.24	0.00	0.04	
pivot-channel-breaks	4h	LINKUSD	stop2	25	0.043	1.1	0.72	10	-0.063	15	0.114	0	0.72	0.16	0.00	0.00	
pivot-channel-breaks	4h	LINKUSD	tp1	26	-0.066	-1.7	0.50	11	-0.492	15	0.245	0	0.62	0.00	0.00	0.15	
pivot-channel-breaks	4h	LINKUSD	levels	26	0.007	0.2	0.65	11	-0.173	15	0.139	0	0.65	0.23	0.04	0.15	
pivot-channel-breaks	4h	LINKUSD	er0.25	15	-0.001	-0.0	0.67	7	0.110	8	-0.098	0	0.67	0.13	0.07	0.13	
pivot-channel-breaks	4h	LINKUSD	confirm1	10	0.345	3.5	0.90	2	0.672	8	0.263	0	0.90	0.30	0.00	0.00	
pivot-channel-breaks	4h	LINKUSD	er+stop1.5	15	-0.067	-1.0	0.60	7	-0.029	8	-0.100	0	0.60	0.20	0.00	0.07	
pivot-channel-breaks	4h	LINKUSD	er+stop2	15	0.071	1.1	0.73	7	0.091	8	0.054	1	0.73	0.20	0.00	0.00	
pivot-channel-breaks	4h	LINKUSD	confirm1+er	6	0.204	1.2	0.83	1	0.221	5	0.200	0	0.83	0.33	0.00	0.00	
pivot-channel-breaks	4h	LINKUSD	inverted	26	-0.144	-3.7	0.62	11	0.203	15	-0.398	0	0.62	0.08	0.00	0.23	
pivot-channel-breaks	4h	LINKUSD	long	26	0.007	0.2	0.65	11	-0.173	15	0.139	0	0.65	0.23	0.04	0.15	
pivot-channel-breaks	4h	LINKUSD	short	0	0.000	0.0	0.00	0	0.000	0	0.000	0	0.00	0.00	0.00	0.00	
pivot-channel-breaks	4h	LINKUSD	label:shape:Break Up	26	0.007	0.2	0.65	11	-0.173	15	0.139	0	0.65	0.23	0.04	0.15	
pivot-channel-breaks	4h	LINKUSD	repaint	26	0.007	0.2	0.65	11	-0.173	15	0.139	0	0.65	0.23	0.04	0.15	0 of 26 earlier entries changed when the last 60 bars were hidden (0%)
pivot-channel-breaks	4h	LINKUSD	verdict	26	0.007	0.2	0.65	11	-0.173	15	0.139	0	0.65	0.23	0.04	0.15	no variant pays in both halves → not a reading, exit or cost problem on this cell; re-time or retire the pair
pivot-channel-breaks	4h	NEARUSD	base	24	-0.189	-4.5	0.54	10	-0.707	14	0.182	0	0.54	0.17	0.00	0.17	
pivot-channel-breaks	4h	NEARUSD	gross	24	-0.156	-3.7	0.54	10	-0.696	14	0.230	0	0.54	0.17	0.00	0.17	
pivot-channel-breaks	4h	NEARUSD	stop1.5	24	-0.239	-5.7	0.54	10	-0.570	14	-0.003	0	0.54	0.04	0.00	0.04	
pivot-channel-breaks	4h	NEARUSD	stop2	24	-0.071	-1.7	0.63	10	-0.457	14	0.204	0	0.63	0.08	0.00	0.00	
pivot-channel-breaks	4h	NEARUSD	tp1	24	-0.202	-4.8	0.42	10	-0.806	14	0.230	0	0.54	0.00	0.00	0.21	
pivot-channel-breaks	4h	NEARUSD	levels	24	-0.189	-4.5	0.54	10	-0.707	14	0.182	0	0.54	0.17	0.00	0.17	
pivot-channel-breaks	4h	NEARUSD	er0.25	16	-0.062	-1.0	0.63	7	-0.581	9	0.342	0	0.63	0.19	0.00	0.13	
pivot-channel-breaks	4h	NEARUSD	confirm1	11	0.431	4.7	0.91	2	-0.313	9	0.597	0	0.91	0.18	0.09	0.00	
pivot-channel-breaks	4h	NEARUSD	er+stop1.5	16	-0.120	-1.9	0.63	7	-0.580	9	0.239	0	0.63	0.06	0.00	0.06	
pivot-channel-breaks	4h	NEARUSD	er+stop2	16	-0.009	-0.1	0.69	7	-0.613	9	0.460	0	0.69	0.06	0.00	0.00	
pivot-channel-breaks	4h	NEARUSD	confirm1+er	10	0.260	2.6	0.90	2	-0.313	8	0.403	0	0.90	0.10	0.00	0.00	
pivot-channel-breaks	4h	NEARUSD	inverted	24	-0.036	-0.9	0.67	10	0.340	14	-0.305	0	0.67	0.17	0.00	0.29	
pivot-channel-breaks	4h	NEARUSD	long	24	-0.189	-4.5	0.54	10	-0.707	14	0.182	0	0.54	0.17	0.00	0.17	
pivot-channel-breaks	4h	NEARUSD	short	0	0.000	0.0	0.00	0	0.000	0	0.000	0	0.00	0.00	0.00	0.00	
pivot-channel-breaks	4h	NEARUSD	label:shape:Break Up	24	-0.189	-4.5	0.54	10	-0.707	14	0.182	0	0.54	0.17	0.00	0.17	
pivot-channel-breaks	4h	NEARUSD	repaint	24	-0.189	-4.5	0.54	10	-0.707	14	0.182	0	0.54	0.17	0.00	0.17	0 of 24 earlier entries changed when the last 60 bars were hidden (0%)
pivot-channel-breaks	4h	NEARUSD	verdict	24	-0.189	-4.5	0.54	10	-0.707	14	0.182	0	0.54	0.17	0.00	0.17	no variant pays in both halves → not a reading, exit or cost problem on this cell; re-time or retire the pair
pivot-channel-breaks	4h	HYPEUSD	base	29	0.043	1.2	0.69	12	0.005	17	0.070	1	0.69	0.17	0.03	0.10	
pivot-channel-breaks	4h	HYPEUSD	gross	29	0.099	2.9	0.69	12	0.052	17	0.133	1	0.69	0.17	0.03	0.10	
pivot-channel-breaks	4h	HYPEUSD	stop1.5	29	0.110	3.2	0.72	12	0.181	17	0.060	1	0.72	0.21	0.03	0.00	
pivot-channel-breaks	4h	HYPEUSD	stop2	29	0.092	2.7	0.76	12	0.265	17	-0.030	0	0.76	0.03	0.03	0.00	
pivot-channel-breaks	4h	HYPEUSD	tp1	29	0.173	5.0	0.62	12	0.267	17	0.107	1	0.69	0.00	0.00	0.10	
pivot-channel-breaks	4h	HYPEUSD	levels	29	0.043	1.2	0.69	12	0.005	17	0.070	1	0.69	0.17	0.03	0.10	
pivot-channel-breaks	4h	HYPEUSD	er0.25	10	-0.214	-2.1	0.60	4	-0.363	6	-0.115	0	0.60	0.10	0.00	0.20	
pivot-channel-breaks	4h	HYPEUSD	confirm1	14	-0.015	-0.2	0.71	6	-0.090	8	0.042	0	0.71	0.14	0.00	0.14	
pivot-channel-breaks	4h	HYPEUSD	er+stop1.5	10	-0.110	-1.1	0.60	4	0.104	6	-0.252	0	0.60	0.20	0.00	0.00	
pivot-channel-breaks	4h	HYPEUSD	er+stop2	10	-0.171	-1.7	0.60	4	0.041	6	-0.312	0	0.60	0.00	0.00	0.00	
pivot-channel-breaks	4h	HYPEUSD	confirm1+er	10	-0.057	-0.6	0.70	4	-0.345	6	0.135	0	0.70	0.00	0.00	0.20	
pivot-channel-breaks	4h	HYPEUSD	inverted	29	-0.138	-4.0	0.62	12	0.058	17	-0.276	0	0.62	0.07	0.00	0.10	
pivot-channel-breaks	4h	HYPEUSD	long	29	0.043	1.2	0.69	12	0.005	17	0.070	1	0.69	0.17	0.03	0.10	
pivot-channel-breaks	4h	HYPEUSD	short	0	0.000	0.0	0.00	0	0.000	0	0.000	0	0.00	0.00	0.00	0.00	
pivot-channel-breaks	4h	HYPEUSD	label:shape:Break Up	29	0.043	1.2	0.69	12	0.005	17	0.070	1	0.69	0.17	0.03	0.10	
pivot-channel-breaks	4h	HYPEUSD	repaint	28	0.043	1.2	0.69	12	0.005	17	0.070	1	0.69	0.17	0.03	0.10	0 of 28 earlier entries changed when the last 60 bars were hidden (0%)
pivot-channel-breaks	4h	HYPEUSD	verdict	29	0.043	1.2	0.69	12	0.005	17	0.070	1	0.69	0.17	0.03	0.10	pays as read → nothing to fix; measure in shadow
pulse-trend-radar	15m	ETHUSD	base	120	-0.202	-24.3	0.57	56	-0.198	64	-0.206	0	0.57	0.16	0.03	0.04	
pulse-trend-radar	15m	ETHUSD	gross	143	-0.100	-14.3	0.57	72	-0.114	71	-0.086	0	0.57	0.17	0.03	0.05	
pulse-trend-radar	15m	ETHUSD	stop1.5	120	-0.202	-24.3	0.57	56	-0.198	64	-0.206	0	0.57	0.16	0.03	0.04	
pulse-trend-radar	15m	ETHUSD	stop2	120	-0.202	-24.3	0.57	56	-0.198	64	-0.206	0	0.57	0.16	0.03	0.04	
pulse-trend-radar	15m	ETHUSD	tp1	120	-0.262	-31.4	0.41	56	-0.280	64	-0.245	0	0.49	0.00	0.00	0.04	
pulse-trend-radar	15m	ETHUSD	levels	120	-0.202	-24.3	0.57	56	-0.198	64	-0.206	0	0.57	0.16	0.03	0.04	
pulse-trend-radar	15m	ETHUSD	script	120	-0.202	-24.3	0.57	56	-0.198	64	-0.206	0	0.57	0.16	0.03	0.04	
pulse-trend-radar	15m	ETHUSD	er0.25	53	-0.132	-7.0	0.64	23	-0.209	30	-0.073	0	0.64	0.19	0.02	0.02	
pulse-trend-radar	15m	ETHUSD	confirm1	56	-0.289	-16.2	0.54	25	-0.275	31	-0.301	0	0.52	0.07	0.00	0.02	
pulse-trend-radar	15m	ETHUSD	er+stop1.5	53	-0.132	-7.0	0.64	23	-0.209	30	-0.073	0	0.64	0.19	0.02	0.02	
pulse-trend-radar	15m	ETHUSD	er+stop2	53	-0.132	-7.0	0.64	23	-0.209	30	-0.073	0	0.64	0.19	0.02	0.02	
pulse-trend-radar	15m	ETHUSD	confirm1+er	33	-0.341	-11.2	0.52	14	-0.442	19	-0.266	0	0.52	0.06	0.00	0.03	
pulse-trend-radar	15m	ETHUSD	inverted	28	-0.087	-2.4	0.68	10	-0.061	18	-0.102	0	0.68	0.21	0.04	0.11	
pulse-trend-radar	15m	ETHUSD	long	57	-0.290	-16.5	0.53	27	-0.237	30	-0.338	0	0.53	0.18	0.00	0.05	
pulse-trend-radar	15m	ETHUSD	short	63	-0.132	-8.3	0.63	29	-0.166	34	-0.103	0	0.63	0.14	0.05	0.03	
pulse-trend-radar	15m	ETHUSD	label:alert:🔴 SELL [B]	17	-0.208	-3.5	0.65	8	-0.067	9	-0.333	0	0.65	0.12	0.00	0.00	
pulse-trend-radar	15m	ETHUSD	label:alert:🟢 BUY [B]	14	-0.294	-4.1	0.50	6	-0.319	8	-0.276	0	0.50	0.00	0.00	0.07	
pulse-trend-radar	15m	ETHUSD	label:alert:🔴 SELL [C]	40	-0.134	-5.4	0.60	20	-0.215	20	-0.054	0	0.60	0.15	0.07	0.05	
pulse-trend-radar	15m	ETHUSD	label:alert:🟢 BUY [C]	38	-0.294	-11.2	0.50	19	-0.204	19	-0.384	0	0.50	0.21	0.00	0.05	
pulse-trend-radar	15m	ETHUSD	repaint	142	-0.202	-24.3	0.57	56	-0.198	64	-0.206	0	0.57	0.16	0.03	0.04	0 of 142 earlier entries changed when the last 60 bars were hidden (0%)
pulse-trend-radar	15m	ETHUSD	verdict	120	-0.202	-24.3	0.57	56	-0.198	64	-0.206	0	0.57	0.16	0.03	0.04	no variant pays in both halves → not a reading, exit or cost problem on this cell; re-time or retire the pair
pulse-trend-radar	15m	BTCUSD	base	77	-0.138	-10.6	0.62	31	-0.030	46	-0.211	0	0.62	0.14	0.03	0.04	
pulse-trend-radar	15m	BTCUSD	gross	127	-0.014	-1.7	0.63	65	0.108	62	-0.141	0	0.63	0.17	0.02	0.02	
pulse-trend-radar	15m	BTCUSD	stop1.5	77	-0.138	-10.6	0.62	31	-0.030	46	-0.211	0	0.62	0.14	0.03	0.04	
pulse-trend-radar	15m	BTCUSD	stop2	77	-0.138	-10.6	0.62	31	-0.030	46	-0.211	0	0.62	0.14	0.03	0.04	
pulse-trend-radar	15m	BTCUSD	tp1	77	-0.135	-10.4	0.49	31	-0.202	46	-0.090	0	0.56	0.00	0.00	0.04	
pulse-trend-radar	15m	BTCUSD	levels	77	-0.138	-10.6	0.62	31	-0.030	46	-0.211	0	0.62	0.14	0.03	0.04	
pulse-trend-radar	15m	BTCUSD	script	77	-0.138	-10.6	0.62	31	-0.030	46	-0.211	0	0.62	0.14	0.03	0.04	
pulse-trend-radar	15m	BTCUSD	er0.25	31	-0.345	-10.7	0.48	10	-0.520	21	-0.261	0	0.48	0.13	0.00	0.03	
pulse-trend-radar	15m	BTCUSD	confirm1	40	-0.003	-0.1	0.80	17	0.041	23	-0.035	0	0.80	0.10	0.00	0.03	
pulse-trend-radar	15m	BTCUSD	er+stop1.5	31	-0.345	-10.7	0.48	10	-0.520	21	-0.261	0	0.48	0.13	0.00	0.03	
pulse-trend-radar	15m	BTCUSD	er+stop2	31	-0.345	-10.7	0.48	10	-0.520	21	-0.261	0	0.48	0.13	0.00	0.03	
pulse-trend-radar	15m	BTCUSD	confirm1+er	22	-0.088	-1.9	0.73	8	-0.160	14	-0.048	0	0.73	0.05	0.00	0.05	
pulse-trend-radar	15m	BTCUSD	inverted	8	-0.375	-3.0	0.50	5	-0.252	3	-0.580	0	0.50	0.00	0.00	0.25	
pulse-trend-radar	15m	BTCUSD	long	39	-0.268	-10.4	0.56	17	-0.298	22	-0.244	0	0.56	0.15	0.00	0.08	
pulse-trend-radar	15m	BTCUSD	short	37	0.029	1.1	0.73	13	0.431	24	-0.189	0	0.73	0.16	0.05	0.00	
pulse-trend-radar	15m	BTCUSD	label:alert:🔴 SELL [C]	22	-0.077	-1.7	0.73	6	0.167	16	-0.168	0	0.73	0.14	0.00	0.00	
pulse-trend-radar	15m	BTCUSD	label:alert:🟢 BUY [B]	11	-0.344	-3.8	0.55	5	-0.291	6	-0.388	0	0.55	0.00	0.00	0.00	
pulse-trend-radar	15m	BTCUSD	label:alert:🟢 BUY [C]	24	-0.263	-6.3	0.54	10	-0.367	14	-0.189	0	0.54	0.17	0.00	0.08	
pulse-trend-radar	15m	BTCUSD	repaint	127	-0.138	-10.6	0.62	31	-0.030	46	-0.211	0	0.62	0.14	0.03	0.04	0 of 127 earlier entries changed when the last 60 bars were hidden (0%)
pulse-trend-radar	15m	BTCUSD	verdict	77	-0.138	-10.6	0.62	31	-0.030	46	-0.211	0	0.62	0.14	0.03	0.04	no variant pays in both halves → not a reading, exit or cost problem on this cell; re-time or retire the pair
pulse-trend-radar	15m	XRPUSD	base	107	-0.218	-23.4	0.59	51	-0.202	56	-0.234	0	0.59	0.13	0.02	0.02	
pulse-trend-radar	15m	XRPUSD	gross	117	-0.068	-8.0	0.62	60	0.009	57	-0.149	0	0.62	0.14	0.02	0.02	
pulse-trend-radar	15m	XRPUSD	stop1.5	107	-0.218	-23.4	0.59	51	-0.202	56	-0.234	0	0.59	0.13	0.02	0.02	
pulse-trend-radar	15m	XRPUSD	stop2	107	-0.218	-23.4	0.59	51	-0.202	56	-0.234	0	0.59	0.13	0.02	0.02	
pulse-trend-radar	15m	XRPUSD	tp1	107	-0.241	-25.7	0.42	51	-0.273	56	-0.211	0	0.56	0.00	0.00	0.02	
pulse-trend-radar	15m	XRPUSD	levels	107	-0.218	-23.4	0.59	51	-0.202	56	-0.234	0	0.59	0.13	0.02	0.02	
pulse-trend-radar	15m	XRPUSD	script	107	-0.218	-23.4	0.59	51	-0.202	56	-0.234	0	0.59	0.13	0.02	0.02	
pulse-trend-radar	15m	XRPUSD	er0.25	53	-0.213	-11.3	0.60	28	-0.121	25	-0.317	0	0.60	0.09	0.02	0.04	
pulse-trend-radar	15m	XRPUSD	confirm1	49	-0.227	-11.1	0.59	25	-0.138	24	-0.319	0	0.59	0.06	0.00	0.02	
pulse-trend-radar	15m	XRPUSD	er+stop1.5	53	-0.213	-11.3	0.60	28	-0.121	25	-0.317	0	0.60	0.09	0.02	0.04	
pulse-trend-radar	15m	XRPUSD	er+stop2	53	-0.213	-11.3	0.60	28	-0.121	25	-0.317	0	0.60	0.09	0.02	0.04	
pulse-trend-radar	15m	XRPUSD	confirm1+er	28	-0.334	-9.4	0.54	15	-0.185	13	-0.507	0	0.54	0.00	0.00	0.04	
pulse-trend-radar	15m	XRPUSD	inverted	42	0.037	1.6	0.69	15	0.224	27	-0.066	0	0.69	0.26	0.10	0.17	
pulse-trend-radar	15m	XRPUSD	long	54	-0.264	-14.2	0.56	25	-0.235	29	-0.289	0	0.56	0.15	0.02	0.02	
pulse-trend-radar	15m	XRPUSD	short	53	-0.172	-9.1	0.62	26	-0.170	27	-0.174	0	0.62	0.11	0.02	0.02	
pulse-trend-radar	15m	XRPUSD	label:alert:🟢 BUY [B]	15	-0.001	-0.0	0.73	7	-0.038	8	0.032	0	0.73	0.33	0.00	0.00	
pulse-trend-radar	15m	XRPUSD	label:alert:🔴 SELL [C]	37	-0.081	-3.0	0.70	19	-0.135	18	-0.023	0	0.70	0.08	0.03	0.00	
pulse-trend-radar	15m	XRPUSD	label:alert:🔴 SELL [B]	12	-0.491	-5.9	0.33	4	-0.650	8	-0.411	0	0.33	0.17	0.00	0.08	
pulse-trend-radar	15m	XRPUSD	label:alert:🟢 BUY [C]	33	-0.249	-8.2	0.58	17	-0.271	16	-0.227	0	0.58	0.09	0.03	0.03	
pulse-trend-radar	15m	XRPUSD	repaint	116	-0.218	-23.4	0.59	51	-0.202	56	-0.234	0	0.59	0.13	0.02	0.02	0 of 116 earlier entries changed when the last 60 bars were hidden (0%)
pulse-trend-radar	15m	XRPUSD	verdict	107	-0.218	-23.4	0.59	51	-0.202	56	-0.234	0	0.59	0.13	0.02	0.02	no variant pays in both halves → not a reading, exit or cost problem on this cell; re-time or retire the pair
pulse-trend-radar	15m	SOLUSD	base	103	-0.167	-17.2	0.59	53	-0.347	50	0.024	0	0.59	0.16	0.05	0.07	
pulse-trend-radar	15m	SOLUSD	gross	112	-0.069	-7.8	0.60	61	-0.227	51	0.119	0	0.60	0.14	0.04	0.06	
pulse-trend-radar	15m	SOLUSD	stop1.5	103	-0.167	-17.2	0.59	53	-0.347	50	0.024	0	0.59	0.16	0.05	0.07	
pulse-trend-radar	15m	SOLUSD	stop2	103	-0.167	-17.2	0.59	53	-0.347	50	0.024	0	0.59	0.16	0.05	0.07	
pulse-trend-radar	15m	SOLUSD	tp1	103	-0.135	-13.9	0.49	53	-0.292	50	0.030	0	0.51	0.00	0.00	0.07	
pulse-trend-radar	15m	SOLUSD	levels	103	-0.167	-17.2	0.59	53	-0.347	50	0.024	0	0.59	0.16	0.05	0.07	
pulse-trend-radar	15m	SOLUSD	script	103	-0.167	-17.2	0.59	53	-0.347	50	0.024	0	0.59	0.16	0.05	0.07	
pulse-trend-radar	15m	SOLUSD	er0.25	59	-0.100	-5.9	0.63	31	-0.271	28	0.088	0	0.63	0.20	0.05	0.07	
pulse-trend-radar	15m	SOLUSD	confirm1	50	-0.069	-3.4	0.72	27	-0.060	23	-0.079	0	0.72	0.10	0.00	0.02	
pulse-trend-radar	15m	SOLUSD	er+stop1.5	59	-0.100	-5.9	0.63	31	-0.271	28	0.088	0	0.63	0.20	0.05	0.07	
pulse-trend-radar	15m	SOLUSD	er+stop2	59	-0.100	-5.9	0.63	31	-0.271	28	0.088	0	0.63	0.20	0.05	0.07	
pulse-trend-radar	15m	SOLUSD	confirm1+er	22	0.070	1.5	0.82	13	0.073	9	0.065	1	0.82	0.14	0.00	0.00	
pulse-trend-radar	15m	SOLUSD	inverted	33	0.067	2.2	0.76	14	0.123	19	0.025	1	0.76	0.18	0.09	0.06	
pulse-trend-radar	15m	SOLUSD	long	50	-0.187	-9.4	0.58	25	-0.270	25	-0.104	0	0.58	0.14	0.06	0.08	
pulse-trend-radar	15m	SOLUSD	short	53	-0.162	-8.6	0.60	28	-0.443	25	0.153	0	0.60	0.17	0.04	0.06	
pulse-trend-radar	15m	SOLUSD	label:alert:🔴 SELL [C]	39	-0.092	-3.6	0.64	21	-0.386	18	0.252	0	0.64	0.18	0.05	0.05	
pulse-trend-radar	15m	SOLUSD	label:alert:🔴 SELL [B]	12	-0.316	-3.8	0.50	6	-0.479	6	-0.154	0	0.50	0.17	0.00	0.08	
pulse-trend-radar	15m	SOLUSD	label:alert:🟢 BUY [B]	16	-0.298	-4.8	0.56	9	-0.115	7	-0.535	0	0.56	0.13	0.00	0.13	
pulse-trend-radar	15m	SOLUSD	label:alert:🟢 BUY [C]	29	-0.187	-5.4	0.55	14	-0.334	15	-0.049	0	0.55	0.14	0.07	0.07	
pulse-trend-radar	15m	SOLUSD	repaint	111	-0.167	-17.2	0.59	53	-0.347	50	0.024	0	0.59	0.16	0.05	0.07	0 of 111 earlier entries changed when the last 60 bars were hidden (0%)
pulse-trend-radar	15m	SOLUSD	verdict	103	-0.167	-17.2	0.59	53	-0.347	50	0.024	0	0.59	0.16	0.05	0.07	no variant pays in both halves → not a reading, exit or cost problem on this cell; re-time or retire the pair
pulse-trend-radar	15m	DOGEUSD	base	115	-0.096	-11.0	0.67	53	0.026	62	-0.201	0	0.67	0.14	0.00	0.02	
pulse-trend-radar	15m	DOGEUSD	gross	121	-0.030	-3.6	0.65	59	0.071	62	-0.125	0	0.65	0.13	0.00	0.02	
pulse-trend-radar	15m	DOGEUSD	stop1.5	115	-0.096	-11.0	0.67	53	0.026	62	-0.201	0	0.67	0.14	0.00	0.02	
pulse-trend-radar	15m	DOGEUSD	stop2	115	-0.096	-11.0	0.67	53	0.026	62	-0.201	0	0.67	0.14	0.00	0.02	
pulse-trend-radar	15m	DOGEUSD	tp1	115	-0.105	-12.1	0.49	53	0.021	62	-0.213	0	0.57	0.00	0.00	0.02	
pulse-trend-radar	15m	DOGEUSD	levels	115	-0.096	-11.0	0.67	53	0.026	62	-0.201	0	0.67	0.14	0.00	0.02	
pulse-trend-radar	15m	DOGEUSD	script	115	-0.096	-11.0	0.67	53	0.026	62	-0.201	0	0.67	0.14	0.00	0.02	
pulse-trend-radar	15m	DOGEUSD	er0.25	59	-0.159	-9.4	0.66	28	-0.045	31	-0.262	0	0.66	0.12	0.00	0.02	
pulse-trend-radar	15m	DOGEUSD	confirm1	52	-0.060	-3.1	0.71	24	0.143	28	-0.234	0	0.69	0.06	0.00	0.00	
pulse-trend-radar	15m	DOGEUSD	er+stop1.5	59	-0.159	-9.4	0.66	28	-0.045	31	-0.262	0	0.66	0.12	0.00	0.02	
pulse-trend-radar	15m	DOGEUSD	er+stop2	59	-0.159	-9.4	0.66	28	-0.045	31	-0.262	0	0.66	0.12	0.00	0.02	
pulse-trend-radar	15m	DOGEUSD	confirm1+er	34	-0.072	-2.4	0.71	14	0.154	20	-0.230	0	0.68	0.03	0.00	0.00	
pulse-trend-radar	15m	DOGEUSD	inverted	44	-0.127	-5.6	0.64	16	-0.255	28	-0.054	0	0.64	0.14	0.05	0.18	
pulse-trend-radar	15m	DOGEUSD	long	56	-0.069	-3.9	0.68	25	0.109	31	-0.213	0	0.68	0.16	0.00	0.04	
pulse-trend-radar	15m	DOGEUSD	short	59	-0.147	-8.7	0.66	28	-0.076	31	-0.212	0	0.66	0.12	0.00	0.00	
pulse-trend-radar	15m	DOGEUSD	label:alert:🟢 BUY [B]	18	0.078	1.4	0.72	8	0.476	10	-0.241	0	0.72	0.28	0.00	0.00	
pulse-trend-radar	15m	DOGEUSD	label:alert:🔴 SELL [A]	10	0.039	0.4	0.80	3	-0.243	7	0.160	0	0.80	0.30	0.00	0.00	
pulse-trend-radar	15m	DOGEUSD	label:alert:🔴 SELL [B]	11	-0.089	-1.0	0.73	8	0.114	3	-0.632	0	0.73	0.09	0.00	0.00	
pulse-trend-radar	15m	DOGEUSD	label:alert:🟢 BUY [C]	36	-0.077	-2.8	0.69	15	0.094	21	-0.199	0	0.69	0.11	0.00	0.06	
pulse-trend-radar	15m	DOGEUSD	label:alert:🔴 SELL [C]	36	-0.150	-5.4	0.64	16	-0.082	20	-0.204	0	0.64	0.08	0.00	0.00	
pulse-trend-radar	15m	DOGEUSD	repaint	121	-0.096	-11.0	0.67	53	0.026	62	-0.201	0	0.67	0.14	0.00	0.02	0 of 121 earlier entries changed when the last 60 bars were hidden (0%)
pulse-trend-radar	15m	DOGEUSD	verdict	115	-0.096	-11.0	0.67	53	0.026	62	-0.201	0	0.67	0.14	0.00	0.02	no variant pays in both halves → not a reading, exit or cost problem on this cell; re-time or retire the pair
pulse-trend-radar	15m	BNBUSD	base	87	-0.247	-21.5	0.54	32	-0.259	55	-0.239	0	0.54	0.18	0.05	0.01	
pulse-trend-radar	15m	BNBUSD	gross	164	-0.069	-11.4	0.60	82	-0.055	82	-0.084	0	0.60	0.19	0.03	0.02	
pulse-trend-radar	15m	BNBUSD	stop1.5	87	-0.247	-21.5	0.54	32	-0.259	55	-0.239	0	0.54	0.18	0.05	0.01	
pulse-trend-radar	15m	BNBUSD	stop2	87	-0.247	-21.5	0.54	32	-0.259	55	-0.239	0	0.54	0.18	0.05	0.01	
pulse-trend-radar	15m	BNBUSD	tp1	86	-0.260	-22.4	0.43	32	-0.315	54	-0.228	0	0.49	0.00	0.00	0.01	
pulse-trend-radar	15m	BNBUSD	levels	87	-0.247	-21.5	0.54	32	-0.259	55	-0.239	0	0.54	0.18	0.05	0.01	
pulse-trend-radar	15m	BNBUSD	script	87	-0.247	-21.5	0.54	32	-0.259	55	-0.239	0	0.54	0.18	0.05	0.01	
pulse-trend-radar	15m	BNBUSD	er0.25	34	-0.199	-6.8	0.56	13	-0.066	21	-0.282	0	0.56	0.21	0.06	0.03	
pulse-trend-radar	15m	BNBUSD	confirm1	52	-0.119	-6.2	0.63	22	-0.052	30	-0.168	0	0.62	0.19	0.02	0.00	
pulse-trend-radar	15m	BNBUSD	er+stop1.5	34	-0.199	-6.8	0.56	13	-0.066	21	-0.282	0	0.56	0.21	0.06	0.03	
pulse-trend-radar	15m	BNBUSD	er+stop2	34	-0.199	-6.8	0.56	13	-0.066	21	-0.282	0	0.56	0.21	0.06	0.03	
pulse-trend-radar	15m	BNBUSD	confirm1+er	24	0.098	2.3	0.83	9	0.258	15	0.002	1	0.83	0.25	0.00	0.00	
pulse-trend-radar	15m	BNBUSD	inverted	2	-0.410	-0.8	0.50	1	-1.000	1	0.181	0	0.50	0.00	0.00	0.00	
pulse-trend-radar	15m	BNBUSD	long	42	-0.312	-13.1	0.50	16	-0.225	26	-0.366	0	0.50	0.17	0.05	0.02	
pulse-trend-radar	15m	BNBUSD	short	45	-0.167	-7.5	0.60	16	-0.293	29	-0.098	0	0.60	0.20	0.04	0.00	
pulse-trend-radar	15m	BNBUSD	label:alert:🔴 SELL [B]	18	-0.031	-0.6	0.61	7	-0.138	11	0.037	0	0.61	0.28	0.11	0.00	
pulse-trend-radar	15m	BNBUSD	label:alert:🟢 BUY [B]	10	-0.283	-2.8	0.50	3	-0.533	7	-0.176	0	0.50	0.30	0.00	0.10	
pulse-trend-radar	15m	BNBUSD	label:alert:🔴 SELL [C]	25	-0.284	-7.1	0.56	7	-0.435	18	-0.226	0	0.56	0.12	0.00	0.00	
pulse-trend-radar	15m	BNBUSD	label:alert:🟢 BUY [C]	28	-0.353	-9.9	0.46	13	-0.154	15	-0.526	0	0.46	0.14	0.07	0.00	
pulse-trend-radar	15m	BNBUSD	repaint	164	-0.247	-21.5	0.54	32	-0.259	55	-0.239	0	0.54	0.18	0.05	0.01	0 of 164 earlier entries changed when the last 60 bars were hidden (0%)
pulse-trend-radar	15m	BNBUSD	verdict	87	-0.247	-21.5	0.54	32	-0.259	55	-0.239	0	0.54	0.18	0.05	0.01	no variant pays in both halves → not a reading, exit or cost problem on this cell; re-time or retire the pair
pulse-trend-radar	15m	ADAUSD	base	115	-0.140	-16.1	0.58	49	-0.154	66	-0.130	0	0.58	0.11	0.04	0.01	
pulse-trend-radar	15m	ADAUSD	gross	115	-0.081	-9.4	0.58	49	-0.095	66	-0.071	0	0.58	0.11	0.04	0.01	
pulse-trend-radar	15m	ADAUSD	stop1.5	115	-0.140	-16.1	0.58	49	-0.154	66	-0.130	0	0.58	0.11	0.04	0.01	
pulse-trend-radar	15m	ADAUSD	stop2	115	-0.140	-16.1	0.58	49	-0.154	66	-0.130	0	0.58	0.11	0.04	0.01	
pulse-trend-radar	15m	ADAUSD	tp1	115	-0.125	-14.4	0.46	49	-0.077	66	-0.161	0	0.54	0.00	0.00	0.01	
pulse-trend-radar	15m	ADAUSD	levels	115	-0.140	-16.1	0.58	49	-0.154	66	-0.130	0	0.58	0.11	0.04	0.01	
pulse-trend-radar	15m	ADAUSD	script	115	-0.140	-16.1	0.58	49	-0.154	66	-0.130	0	0.58	0.11	0.04	0.01	
pulse-trend-radar	15m	ADAUSD	er0.25	54	-0.247	-13.3	0.52	20	-0.285	34	-0.224	0	0.52	0.07	0.04	0.02	
pulse-trend-radar	15m	ADAUSD	confirm1	56	-0.056	-3.1	0.66	23	-0.094	33	-0.030	0	0.66	0.16	0.02	0.02	
pulse-trend-radar	15m	ADAUSD	er+stop1.5	54	-0.247	-13.3	0.52	20	-0.285	34	-0.224	0	0.52	0.07	0.04	0.02	
pulse-trend-radar	15m	ADAUSD	er+stop2	54	-0.247	-13.3	0.52	20	-0.285	34	-0.224	0	0.52	0.07	0.04	0.02	
pulse-trend-radar	15m	ADAUSD	confirm1+er	30	-0.114	-3.4	0.60	11	-0.082	19	-0.132	0	0.60	0.27	0.03	0.03	
pulse-trend-radar	15m	ADAUSD	inverted	97	-0.081	-7.9	0.66	34	0.030	63	-0.142	0	0.66	0.20	0.05	0.16	
pulse-trend-radar	15m	ADAUSD	long	57	-0.153	-8.7	0.58	24	-0.099	33	-0.193	0	0.58	0.12	0.05	0.02	
pulse-trend-radar	15m	ADAUSD	short	58	-0.145	-8.4	0.59	25	-0.218	33	-0.090	0	0.59	0.10	0.03	0.00	
pulse-trend-radar	15m	ADAUSD	label:alert:🔴 SELL [C]	36	0.100	3.6	0.72	15	-0.199	21	0.313	0	0.72	0.14	0.06	0.00	
pulse-trend-radar	15m	ADAUSD	label:alert:🟢 BUY [B]	16	-0.067	-1.1	0.56	9	0.251	7	-0.477	0	0.56	0.13	0.06	0.06	
pulse-trend-radar	15m	ADAUSD	label:alert:🟢 BUY [C]	38	-0.136	-5.2	0.61	14	-0.260	24	-0.063	0	0.61	0.13	0.05	0.00	
pulse-trend-radar	15m	ADAUSD	label:alert:🔴 SELL [B]	16	-0.439	-7.0	0.44	8	-0.184	8	-0.695	0	0.44	0.06	0.00	0.00	
pulse-trend-radar	15m	ADAUSD	repaint	114	-0.140	-16.1	0.58	49	-0.154	66	-0.130	0	0.58	0.11	0.04	0.01	0 of 114 earlier entries changed when the last 60 bars were hidden (0%)
pulse-trend-radar	15m	ADAUSD	verdict	115	-0.140	-16.1	0.58	49	-0.154	66	-0.130	0	0.58	0.11	0.04	0.01	no variant pays in both halves → not a reading, exit or cost problem on this cell; re-time or retire the pair
pulse-trend-radar	15m	AVAXUSD	base	140	-0.238	-33.3	0.54	76	-0.265	64	-0.206	0	0.54	0.14	0.02	0.05	
pulse-trend-radar	15m	AVAXUSD	gross	147	-0.170	-24.9	0.54	81	-0.180	66	-0.157	0	0.53	0.14	0.02	0.05	
pulse-trend-radar	15m	AVAXUSD	stop1.5	140	-0.238	-33.3	0.54	76	-0.265	64	-0.206	0	0.54	0.14	0.02	0.05	
pulse-trend-radar	15m	AVAXUSD	stop2	140	-0.238	-33.3	0.54	76	-0.265	64	-0.206	0	0.54	0.14	0.02	0.05	
pulse-trend-radar	15m	AVAXUSD	tp1	140	-0.266	-37.3	0.41	76	-0.284	64	-0.245	0	0.48	0.00	0.00	0.06	
pulse-trend-radar	15m	AVAXUSD	levels	140	-0.238	-33.3	0.54	76	-0.265	64	-0.206	0	0.54	0.14	0.02	0.05	
pulse-trend-radar	15m	AVAXUSD	script	140	-0.238	-33.3	0.54	76	-0.265	64	-0.206	0	0.54	0.14	0.02	0.05	
pulse-trend-radar	15m	AVAXUSD	er0.25	62	-0.337	-20.9	0.47	38	-0.376	24	-0.275	0	0.47	0.15	0.03	0.08	
pulse-trend-radar	15m	AVAXUSD	confirm1	50	0.071	3.5	0.74	25	0.044	25	0.097	1	0.68	0.16	0.00	0.00	
pulse-trend-radar	15m	AVAXUSD	er+stop1.5	62	-0.337	-20.9	0.47	38	-0.376	24	-0.275	0	0.47	0.15	0.03	0.08	
pulse-trend-radar	15m	AVAXUSD	er+stop2	62	-0.337	-20.9	0.47	38	-0.376	24	-0.275	0	0.47	0.15	0.03	0.08	
pulse-trend-radar	15m	AVAXUSD	confirm1+er	23	0.092	2.1	0.74	11	-0.062	12	0.232	0	0.70	0.17	0.00	0.00	
pulse-trend-radar	15m	AVAXUSD	inverted	48	-0.089	-4.3	0.65	12	-0.141	36	-0.072	0	0.65	0.27	0.04	0.19	
pulse-trend-radar	15m	AVAXUSD	long	67	-0.214	-14.3	0.54	36	-0.174	31	-0.261	0	0.52	0.15	0.04	0.06	
pulse-trend-radar	15m	AVAXUSD	short	73	-0.260	-19.0	0.55	40	-0.347	33	-0.154	0	0.55	0.14	0.00	0.04	
pulse-trend-radar	15m	AVAXUSD	label:alert:🟢 BUY [B]	21	-0.172	-3.6	0.57	10	-0.325	11	-0.033	0	0.57	0.24	0.05	0.05	
pulse-trend-radar	15m	AVAXUSD	label:alert:🟢 BUY [C]	40	-0.120	-4.8	0.60	23	-0.003	17	-0.278	0	0.57	0.13	0.05	0.05	
pulse-trend-radar	15m	AVAXUSD	label:alert:🔴 SELL [B]	21	-0.244	-5.1	0.57	14	-0.348	7	-0.036	0	0.57	0.10	0.00	0.05	
pulse-trend-radar	15m	AVAXUSD	label:alert:🔴 SELL [C]	38	-0.150	-5.7	0.63	21	-0.322	17	0.063	0	0.63	0.16	0.00	0.03	
pulse-trend-radar	15m	AVAXUSD	label:alert:🔴 SELL [A]	12	-0.513	-6.2	0.33	5	-0.451	7	-0.558	0	0.33	0.17	0.00	0.08	
pulse-trend-radar	15m	AVAXUSD	repaint	147	-0.238	-33.3	0.54	76	-0.265	64	-0.206	0	0.54	0.14	0.02	0.05	0 of 147 earlier entries changed when the last 60 bars were hidden (0%)
pulse-trend-radar	15m	AVAXUSD	verdict	140	-0.238	-33.3	0.54	76	-0.265	64	-0.206	0	0.54	0.14	0.02	0.05	no variant pays in both halves → not a reading, exit or cost problem on this cell; re-time or retire the pair
pulse-trend-radar	15m	LTCUSD	base	116	-0.274	-31.8	0.55	47	-0.305	69	-0.253	0	0.55	0.07	0.01	0.06	
pulse-trend-radar	15m	LTCUSD	gross	144	-0.103	-14.9	0.60	74	-0.050	70	-0.160	0	0.60	0.10	0.03	0.05	
pulse-trend-radar	15m	LTCUSD	stop1.5	116	-0.274	-31.8	0.55	47	-0.305	69	-0.253	0	0.55	0.07	0.01	0.06	
pulse-trend-radar	15m	LTCUSD	stop2	116	-0.274	-31.8	0.55	47	-0.305	69	-0.253	0	0.55	0.07	0.01	0.06	
pulse-trend-radar	15m	LTCUSD	tp1	116	-0.276	-32.0	0.40	47	-0.334	69	-0.236	0	0.53	0.00	0.00	0.06	
pulse-trend-radar	15m	LTCUSD	levels	116	-0.274	-31.8	0.55	47	-0.305	69	-0.253	0	0.55	0.07	0.01	0.06	
pulse-trend-radar	15m	LTCUSD	script	116	-0.274	-31.8	0.55	47	-0.305	69	-0.253	0	0.55	0.07	0.01	0.06	
pulse-trend-radar	15m	LTCUSD	er0.25	50	-0.347	-17.4	0.48	22	-0.361	28	-0.336	0	0.48	0.10	0.02	0.10	
pulse-trend-radar	15m	LTCUSD	confirm1	49	-0.072	-3.5	0.71	22	-0.103	27	-0.046	0	0.71	0.10	0.00	0.04	
pulse-trend-radar	15m	LTCUSD	er+stop1.5	50	-0.347	-17.4	0.48	22	-0.361	28	-0.336	0	0.48	0.10	0.02	0.10	
pulse-trend-radar	15m	LTCUSD	er+stop2	50	-0.347	-17.4	0.48	22	-0.361	28	-0.336	0	0.48	0.10	0.02	0.10	
pulse-trend-radar	15m	LTCUSD	confirm1+er	24	-0.080	-1.9	0.71	9	-0.018	15	-0.116	0	0.71	0.04	0.00	0.04	
pulse-trend-radar	15m	LTCUSD	inverted	35	0.198	6.9	0.74	5	0.056	30	0.222	1	0.74	0.43	0.09	0.11	
pulse-trend-radar	15m	LTCUSD	long	59	-0.279	-16.5	0.54	25	-0.334	34	-0.238	0	0.54	0.08	0.02	0.08	
pulse-trend-radar	15m	LTCUSD	short	55	-0.243	-13.4	0.60	22	-0.272	33	-0.224	0	0.60	0.05	0.00	0.04	
pulse-trend-radar	15m	LTCUSD	label:alert:🔴 SELL [B]	13	-0.106	-1.4	0.69	7	-0.156	6	-0.046	0	0.69	0.08	0.00	0.00	
pulse-trend-radar	15m	LTCUSD	label:alert:🔴 SELL [C]	33	-0.219	-7.2	0.61	11	-0.178	22	-0.240	0	0.61	0.06	0.00	0.06	
pulse-trend-radar	15m	LTCUSD	label:alert:🟢 BUY [C]	29	-0.297	-8.6	0.52	15	-0.224	14	-0.376	0	0.52	0.10	0.03	0.10	
pulse-trend-radar	15m	LTCUSD	label:alert:🟢 BUY [B]	22	-0.404	-8.9	0.45	7	-0.648	15	-0.290	0	0.45	0.00	0.00	0.09	
pulse-trend-radar	15m	LTCUSD	repaint	143	-0.274	-31.8	0.55	47	-0.305	69	-0.253	0	0.55	0.07	0.01	0.06	0 of 143 earlier entries changed when the last 60 bars were hidden (0%)
pulse-trend-radar	15m	LTCUSD	verdict	116	-0.274	-31.8	0.55	47	-0.305	69	-0.253	0	0.55	0.07	0.01	0.06	READING: direction inverted → the signals mean the opposite of how they are read (a warning read as an entry, a state read as a flip); invert or restrict the source
pulse-trend-radar	15m	BCHUSD	base	145	-0.232	-33.7	0.51	65	-0.160	80	-0.291	0	0.50	0.14	0.06	0.05	
pulse-trend-radar	15m	BCHUSD	gross	177	-0.127	-22.5	0.51	96	-0.060	81	-0.207	0	0.50	0.16	0.06	0.06	
pulse-trend-radar	15m	BCHUSD	stop1.5	145	-0.232	-33.7	0.51	65	-0.160	80	-0.291	0	0.50	0.14	0.06	0.05	
pulse-trend-radar	15m	BCHUSD	stop2	145	-0.232	-33.7	0.51	65	-0.160	80	-0.291	0	0.50	0.14	0.06	0.05	
pulse-trend-radar	15m	BCHUSD	tp1	145	-0.266	-38.5	0.41	65	-0.206	80	-0.314	0	0.48	0.00	0.00	0.05	
pulse-trend-radar	15m	BCHUSD	levels	145	-0.232	-33.7	0.51	65	-0.160	80	-0.291	0	0.50	0.14	0.06	0.05	
pulse-trend-radar	15m	BCHUSD	script	145	-0.232	-33.7	0.51	65	-0.160	80	-0.291	0	0.50	0.14	0.06	0.05	
pulse-trend-radar	15m	BCHUSD	er0.25	62	-0.209	-12.9	0.56	22	-0.104	40	-0.266	0	0.55	0.13	0.06	0.05	
pulse-trend-radar	15m	BCHUSD	confirm1	68	-0.202	-13.7	0.60	26	-0.167	42	-0.224	0	0.60	0.06	0.00	0.01	
pulse-trend-radar	15m	BCHUSD	er+stop1.5	62	-0.209	-12.9	0.56	22	-0.104	40	-0.266	0	0.55	0.13	0.06	0.05	
pulse-trend-radar	15m	BCHUSD	er+stop2	62	-0.209	-12.9	0.56	22	-0.104	40	-0.266	0	0.55	0.13	0.06	0.05	
pulse-trend-radar	15m	BCHUSD	confirm1+er	33	-0.122	-4.0	0.67	9	0.156	24	-0.227	0	0.67	0.03	0.00	0.03	
pulse-trend-radar	15m	BCHUSD	inverted	41	0.086	3.5	0.76	14	0.219	27	0.018	1	0.76	0.27	0.05	0.12	
pulse-trend-radar	15m	BCHUSD	long	73	-0.109	-8.0	0.59	33	0.105	40	-0.286	0	0.59	0.19	0.07	0.01	
pulse-trend-radar	15m	BCHUSD	short	72	-0.326	-23.5	0.47	32	-0.337	40	-0.316	0	0.47	0.11	0.06	0.08	
pulse-trend-radar	15m	BCHUSD	label:alert:🟢 BUY [C]	47	-0.004	-0.2	0.66	22	0.197	25	-0.182	0	0.64	0.26	0.11	0.00	
pulse-trend-radar	15m	BCHUSD	label:alert:🟢 BUY [B]	20	-0.163	-3.3	0.50	9	0.006	11	-0.302	0	0.50	0.10	0.00	0.00	
pulse-trend-radar	15m	BCHUSD	label:alert:🔴 SELL [B]	21	-0.547	-11.5	0.33	12	-0.397	9	-0.747	0	0.33	0.10	0.05	0.10	
pulse-trend-radar	15m	BCHUSD	label:alert:🔴 SELL [C]	42	-0.301	-12.7	0.45	16	-0.492	26	-0.184	0	0.45	0.12	0.05	0.10	
pulse-trend-radar	15m	BCHUSD	repaint	175	-0.232	-33.7	0.51	65	-0.160	80	-0.291	0	0.50	0.14	0.06	0.05	0 of 175 earlier entries changed when the last 60 bars were hidden (0%)
pulse-trend-radar	15m	BCHUSD	verdict	145	-0.232	-33.7	0.51	65	-0.160	80	-0.291	0	0.50	0.14	0.06	0.05	no variant pays in both halves → not a reading, exit or cost problem on this cell; re-time or retire the pair
pulse-trend-radar	15m	LINKUSD	base	131	-0.044	-5.7	0.66	73	-0.017	58	-0.077	0	0.64	0.18	0.05	0.03	
pulse-trend-radar	15m	LINKUSD	gross	140	0.074	10.4	0.66	81	0.110	59	0.026	1	0.64	0.19	0.06	0.04	
pulse-trend-radar	15m	LINKUSD	stop1.5	131	-0.044	-5.7	0.66	73	-0.017	58	-0.077	0	0.64	0.18	0.05	0.03	
pulse-trend-radar	15m	LINKUSD	stop2	131	-0.044	-5.7	0.66	73	-0.017	58	-0.077	0	0.64	0.18	0.05	0.03	
pulse-trend-radar	15m	LINKUSD	tp1	131	-0.098	-12.8	0.50	73	-0.114	58	-0.076	0	0.55	0.00	0.00	0.03	
pulse-trend-radar	15m	LINKUSD	levels	131	-0.044	-5.7	0.66	73	-0.017	58	-0.077	0	0.64	0.18	0.05	0.03	
pulse-trend-radar	15m	LINKUSD	script	131	-0.044	-5.7	0.66	73	-0.017	58	-0.077	0	0.64	0.18	0.05	0.03	
pulse-trend-radar	15m	LINKUSD	er0.25	57	0.001	0.1	0.72	30	-0.009	27	0.013	0	0.72	0.16	0.05	0.02	
pulse-trend-radar	15m	LINKUSD	confirm1	65	-0.061	-4.0	0.62	35	-0.068	30	-0.053	0	0.58	0.18	0.02	0.00	
pulse-trend-radar	15m	LINKUSD	er+stop1.5	57	0.001	0.1	0.72	30	-0.009	27	0.013	0	0.72	0.16	0.05	0.02	
pulse-trend-radar	15m	LINKUSD	er+stop2	57	0.001	0.1	0.72	30	-0.009	27	0.013	0	0.72	0.16	0.05	0.02	
pulse-trend-radar	15m	LINKUSD	confirm1+er	38	0.021	0.8	0.66	24	0.043	14	-0.018	0	0.61	0.21	0.03	0.00	
pulse-trend-radar	15m	LINKUSD	inverted	50	-0.039	-1.9	0.68	17	-0.009	33	-0.054	0	0.68	0.28	0.06	0.06	
pulse-trend-radar	15m	LINKUSD	long	66	0.010	0.6	0.70	37	0.193	29	-0.224	0	0.68	0.17	0.05	0.05	
pulse-trend-radar	15m	LINKUSD	short	65	-0.095	-6.2	0.63	36	-0.234	29	0.076	0	0.63	0.18	0.05	0.02	
pulse-trend-radar	15m	LINKUSD	label:alert:🟢 BUY [C]	45	0.059	2.6	0.69	27	0.342	18	-0.366	0	0.67	0.16	0.07	0.04	
pulse-trend-radar	15m	LINKUSD	label:alert:🟢 BUY [B]	14	-0.014	-0.2	0.79	6	0.032	8	-0.048	0	0.71	0.21	0.00	0.00	
pulse-trend-radar	15m	LINKUSD	label:alert:🔴 SELL [C]	43	-0.036	-1.5	0.70	26	-0.245	17	0.285	0	0.70	0.14	0.02	0.02	
pulse-trend-radar	15m	LINKUSD	label:alert:🔴 SELL [B]	18	-0.304	-5.5	0.50	8	-0.173	10	-0.408	0	0.50	0.22	0.06	0.00	
pulse-trend-radar	15m	LINKUSD	repaint	139	-0.044	-5.7	0.66	73	-0.017	58	-0.077	0	0.64	0.18	0.05	0.03	0 of 139 earlier entries changed when the last 60 bars were hidden (0%)
pulse-trend-radar	15m	LINKUSD	verdict	131	-0.044	-5.7	0.66	73	-0.017	58	-0.077	0	0.64	0.18	0.05	0.03	COSTS: positive before fees, negative after → a slower timeframe or a wider stop/target so each trade pays the round trip several times over
pulse-trend-radar	15m	SUIUSD	base	117	-0.077	-9.0	0.62	40	-0.179	77	-0.023	0	0.62	0.14	0.04	0.03	
pulse-trend-radar	15m	SUIUSD	gross	173	0.060	10.4	0.63	94	0.024	79	0.103	1	0.62	0.18	0.06	0.05	
pulse-trend-radar	15m	SUIUSD	stop1.5	117	-0.077	-9.0	0.62	40	-0.179	77	-0.023	0	0.62	0.14	0.04	0.03	
pulse-trend-radar	15m	SUIUSD	stop2	117	-0.077	-9.0	0.62	40	-0.179	77	-0.023	0	0.62	0.14	0.04	0.03	
pulse-trend-radar	15m	SUIUSD	tp1	117	-0.162	-18.9	0.44	40	-0.125	77	-0.181	0	0.56	0.00	0.00	0.03	
pulse-trend-radar	15m	SUIUSD	levels	117	-0.077	-9.0	0.62	40	-0.179	77	-0.023	0	0.62	0.14	0.04	0.03	
pulse-trend-radar	15m	SUIUSD	script	117	-0.077	-9.0	0.62	40	-0.179	77	-0.023	0	0.62	0.14	0.04	0.03	
pulse-trend-radar	15m	SUIUSD	er0.25	52	-0.007	-0.4	0.65	14	-0.167	38	0.052	0	0.65	0.13	0.06	0.04	
pulse-trend-radar	15m	SUIUSD	confirm1	57	-0.030	-1.7	0.61	24	-0.061	33	-0.008	0	0.58	0.21	0.04	0.02	
pulse-trend-radar	15m	SUIUSD	er+stop1.5	52	-0.007	-0.4	0.65	14	-0.167	38	0.052	0	0.65	0.13	0.06	0.04	
pulse-trend-radar	15m	SUIUSD	er+stop2	52	-0.007	-0.4	0.65	14	-0.167	38	0.052	0	0.65	0.13	0.06	0.04	
pulse-trend-radar	15m	SUIUSD	confirm1+er	38	-0.066	-2.5	0.58	15	-0.096	23	-0.047	0	0.53	0.18	0.05	0.03	
pulse-trend-radar	15m	SUIUSD	inverted	65	-0.058	-3.7	0.62	16	-0.106	49	-0.042	0	0.62	0.26	0.08	0.23	
pulse-trend-radar	15m	SUIUSD	long	57	-0.046	-2.6	0.65	19	-0.101	38	-0.019	0	0.65	0.12	0.05	0.07	
pulse-trend-radar	15m	SUIUSD	short	60	-0.063	-3.8	0.65	21	-0.192	39	0.006	0	0.65	0.18	0.03	0.00	
pulse-trend-radar	15m	SUIUSD	label:alert:🟢 BUY [C]	37	0.094	3.5	0.70	15	-0.112	22	0.235	0	0.70	0.19	0.08	0.03	
pulse-trend-radar	15m	SUIUSD	label:alert:🔴 SELL [C]	36	-0.045	-1.6	0.67	15	-0.121	21	0.009	0	0.67	0.17	0.03	0.00	
pulse-trend-radar	15m	SUIUSD	label:alert:🔴 SELL [B]	17	-0.102	-1.7	0.53	5	-0.246	12	-0.042	0	0.53	0.12	0.06	0.00	
pulse-trend-radar	15m	SUIUSD	label:alert:🟢 BUY [B]	16	-0.279	-4.5	0.56	3	-0.150	13	-0.309	0	0.56	0.00	0.00	0.13	
pulse-trend-radar	15m	SUIUSD	repaint	172	-0.077	-9.0	0.62	40	-0.179	77	-0.023	0	0.62	0.14	0.04	0.03	0 of 172 earlier entries changed when the last 60 bars were hidden (0%)
pulse-trend-radar	15m	SUIUSD	verdict	117	-0.077	-9.0	0.62	40	-0.179	77	-0.023	0	0.62	0.14	0.04	0.03	COSTS: positive before fees, negative after → a slower timeframe or a wider stop/target so each trade pays the round trip several times over
pulse-trend-radar	15m	NEARUSD	base	148	-0.229	-33.9	0.50	74	-0.302	74	-0.156	0	0.49	0.19	0.02	0.10	
pulse-trend-radar	15m	NEARUSD	gross	272	-0.010	-2.8	0.47	185	-0.000	87	-0.032	0	0.43	0.22	0.08	0.25	
pulse-trend-radar	15m	NEARUSD	stop1.5	152	-0.195	-29.6	0.50	78	-0.231	74	-0.156	0	0.49	0.20	0.03	0.11	
pulse-trend-radar	15m	NEARUSD	stop2	157	-0.220	-34.6	0.49	82	-0.270	75	-0.166	0	0.48	0.20	0.03	0.12	
pulse-trend-radar	15m	NEARUSD	tp1	148	-0.314	-46.5	0.37	74	-0.451	74	-0.176	0	0.40	0.00	0.00	0.10	
pulse-trend-radar	15m	NEARUSD	levels	148	-0.229	-33.9	0.50	74	-0.302	74	-0.156	0	0.49	0.19	0.02	0.10	
pulse-trend-radar	15m	NEARUSD	script	148	-0.229	-33.9	0.50	74	-0.302	74	-0.156	0	0.49	0.19	0.02	0.10	
pulse-trend-radar	15m	NEARUSD	er0.25	58	-0.370	-21.5	0.43	32	-0.400	26	-0.334	0	0.41	0.14	0.00	0.10	
pulse-trend-radar	15m	NEARUSD	confirm1	70	-0.239	-16.7	0.51	37	-0.324	33	-0.143	0	0.47	0.09	0.01	0.09	
pulse-trend-radar	15m	NEARUSD	er+stop1.5	59	-0.337	-19.9	0.44	33	-0.340	26	-0.334	0	0.42	0.15	0.02	0.10	
pulse-trend-radar	15m	NEARUSD	er+stop2	62	-0.349	-21.7	0.44	35	-0.345	27	-0.355	0	0.42	0.16	0.02	0.11	
pulse-trend-radar	15m	NEARUSD	confirm1+er	32	-0.179	-5.7	0.53	18	-0.328	14	0.014	0	0.53	0.13	0.03	0.06	
pulse-trend-radar	15m	NEARUSD	inverted	81	0.295	23.9	0.79	17	0.547	64	0.229	1	0.79	0.36	0.16	0.10	
pulse-trend-radar	15m	NEARUSD	long	72	-0.158	-11.4	0.57	36	-0.212	36	-0.105	0	0.57	0.21	0.01	0.08	
pulse-trend-radar	15m	NEARUSD	short	76	-0.286	-21.8	0.46	38	-0.358	38	-0.215	0	0.46	0.18	0.03	0.12	
pulse-trend-radar	15m	NEARUSD	label:alert:🟢 BUY [B]	22	-0.064	-1.4	0.59	13	-0.140	9	0.044	0	0.59	0.18	0.00	0.09	
pulse-trend-radar	15m	NEARUSD	label:alert:🟢 BUY [C]	40	-0.193	-7.7	0.53	20	-0.207	20	-0.179	0	0.53	0.28	0.03	0.07	
pulse-trend-radar	15m	NEARUSD	label:alert:🔴 SELL [B]	24	-0.380	-9.1	0.46	11	-0.327	13	-0.425	0	0.42	0.13	0.00	0.04	
pulse-trend-radar	15m	NEARUSD	label:alert:🔴 SELL [C]	45	-0.259	-11.7	0.42	23	-0.426	22	-0.085	0	0.42	0.20	0.04	0.16	
pulse-trend-radar	15m	NEARUSD	repaint	272	-0.229	-33.9	0.50	74	-0.302	74	-0.156	0	0.49	0.19	0.02	0.10	0 of 272 earlier entries changed when the last 60 bars were hidden (0%)
pulse-trend-radar	15m	NEARUSD	verdict	148	-0.229	-33.9	0.50	74	-0.302	74	-0.156	0	0.49	0.19	0.02	0.10	READING: direction inverted → the signals mean the opposite of how they are read (a warning read as an entry, a state read as a flip); invert or restrict the source
pulse-trend-radar	15m	HYPEUSD	base	123	-0.033	-4.1	0.67	55	-0.077	68	0.003	0	0.67	0.19	0.05	0.01	
pulse-trend-radar	15m	HYPEUSD	gross	124	0.069	8.5	0.66	56	0.009	68	0.117	1	0.66	0.19	0.05	0.02	
pulse-trend-radar	15m	HYPEUSD	stop1.5	123	-0.033	-4.1	0.67	55	-0.077	68	0.003	0	0.67	0.19	0.05	0.01	
pulse-trend-radar	15m	HYPEUSD	stop2	123	-0.033	-4.1	0.67	55	-0.077	68	0.003	0	0.67	0.19	0.05	0.01	
pulse-trend-radar	15m	HYPEUSD	tp1	123	-0.083	-10.2	0.50	55	-0.173	68	-0.010	0	0.58	0.00	0.00	0.01	
pulse-trend-radar	15m	HYPEUSD	levels	123	-0.033	-4.1	0.67	55	-0.077	68	0.003	0	0.67	0.19	0.05	0.01	
pulse-trend-radar	15m	HYPEUSD	script	123	-0.033	-4.1	0.67	55	-0.077	68	0.003	0	0.67	0.19	0.05	0.01	
pulse-trend-radar	15m	HYPEUSD	er0.25	53	-0.071	-3.8	0.62	23	-0.148	30	-0.012	0	0.62	0.19	0.06	0.02	
pulse-trend-radar	15m	HYPEUSD	confirm1	54	-0.063	-3.4	0.69	26	-0.108	28	-0.022	0	0.67	0.13	0.02	0.02	
pulse-trend-radar	15m	HYPEUSD	er+stop1.5	53	-0.071	-3.8	0.62	23	-0.148	30	-0.012	0	0.62	0.19	0.06	0.02	
pulse-trend-radar	15m	HYPEUSD	er+stop2	53	-0.071	-3.8	0.62	23	-0.148	30	-0.012	0	0.62	0.19	0.06	0.02	
pulse-trend-radar	15m	HYPEUSD	confirm1+er	27	-0.142	-3.8	0.63	13	-0.261	14	-0.032	0	0.59	0.11	0.04	0.04	
pulse-trend-radar	15m	HYPEUSD	inverted	40	0.059	2.4	0.70	21	0.195	19	-0.092	0	0.70	0.25	0.10	0.13	
pulse-trend-radar	15m	HYPEUSD	long	62	-0.089	-5.5	0.68	28	-0.091	34	-0.088	0	0.68	0.18	0.02	0.02	
pulse-trend-radar	15m	HYPEUSD	short	60	0.041	2.4	0.68	27	-0.063	33	0.125	0	0.68	0.22	0.08	0.00	
pulse-trend-radar	15m	HYPEUSD	label:alert:🔴 SELL [C]	39	-0.001	-0.1	0.67	19	-0.145	20	0.135	0	0.67	0.18	0.05	0.00	
pulse-trend-radar	15m	HYPEUSD	label:alert:🔴 SELL [B]	19	-0.015	-0.3	0.58	7	0.111	12	-0.088	0	0.58	0.21	0.16	0.00	
pulse-trend-radar	15m	HYPEUSD	label:alert:🟢 BUY [B]	19	-0.034	-0.6	0.74	7	0.115	12	-0.121	0	0.74	0.11	0.00	0.05	
pulse-trend-radar	15m	HYPEUSD	label:alert:🟢 BUY [C]	38	-0.096	-3.7	0.66	17	-0.134	21	-0.065	0	0.66	0.18	0.03	0.00	
pulse-trend-radar	15m	HYPEUSD	repaint	124	-0.033	-4.1	0.67	55	-0.077	68	0.003	0	0.67	0.19	0.05	0.01	0 of 124 earlier entries changed when the last 60 bars were hidden (0%)
pulse-trend-radar	15m	HYPEUSD	verdict	123	-0.033	-4.1	0.67	55	-0.077	68	0.003	0	0.67	0.19	0.05	0.01	COSTS: positive before fees, negative after → a slower timeframe or a wider stop/target so each trade pays the round trip several times over
pulse-trend-radar	1h	BTCUSD	base	71	-0.154	-10.9	0.59	39	-0.177	32	-0.125	0	0.59	0.14	0.03	0.08	
pulse-trend-radar	1h	BTCUSD	gross	73	-0.103	-7.5	0.58	39	-0.117	34	-0.088	0	0.58	0.14	0.03	0.11	
pulse-trend-radar	1h	BTCUSD	stop1.5	71	-0.154	-10.9	0.59	39	-0.177	32	-0.125	0	0.59	0.14	0.03	0.08	
pulse-trend-radar	1h	BTCUSD	stop2	71	-0.154	-10.9	0.59	39	-0.177	32	-0.125	0	0.59	0.14	0.03	0.08	
pulse-trend-radar	1h	BTCUSD	tp1	71	-0.247	-17.5	0.41	39	-0.276	32	-0.212	0	0.55	0.00	0.00	0.08	
pulse-trend-radar	1h	BTCUSD	levels	71	-0.154	-10.9	0.59	39	-0.177	32	-0.125	0	0.59	0.14	0.03	0.08	
pulse-trend-radar	1h	BTCUSD	script	71	-0.154	-10.9	0.59	39	-0.177	32	-0.125	0	0.59	0.14	0.03	0.08	
pulse-trend-radar	1h	BTCUSD	er0.25	35	-0.237	-8.3	0.51	21	-0.200	14	-0.292	0	0.51	0.14	0.03	0.09	
pulse-trend-radar	1h	BTCUSD	confirm1	33	-0.158	-5.2	0.61	17	-0.175	16	-0.141	0	0.61	0.12	0.00	0.00	
pulse-trend-radar	1h	BTCUSD	er+stop1.5	35	-0.237	-8.3	0.51	21	-0.200	14	-0.292	0	0.51	0.14	0.03	0.09	
pulse-trend-radar	1h	BTCUSD	er+stop2	35	-0.237	-8.3	0.51	21	-0.200	14	-0.292	0	0.51	0.14	0.03	0.09	
pulse-trend-radar	1h	BTCUSD	confirm1+er	19	-0.113	-2.1	0.63	10	0.020	9	-0.261	0	0.63	0.11	0.00	0.00	
pulse-trend-radar	1h	BTCUSD	inverted	50	-0.068	-3.4	0.68	30	-0.093	20	-0.029	0	0.68	0.24	0.06	0.18	
pulse-trend-radar	1h	BTCUSD	long	35	0.056	1.9	0.71	19	-0.079	16	0.216	0	0.71	0.23	0.06	0.09	
pulse-trend-radar	1h	BTCUSD	short	36	-0.337	-12.1	0.50	20	-0.221	16	-0.482	0	0.50	0.06	0.00	0.08	
pulse-trend-radar	1h	BTCUSD	label:alert:🟢 BUY [C]	27	0.052	1.4	0.74	13	-0.012	14	0.112	0	0.74	0.19	0.04	0.07	
pulse-trend-radar	1h	BTCUSD	label:alert:🔴 SELL [B]	10	-0.722	-7.2	0.20	6	-0.581	4	-0.934	0	0.20	0.00	0.00	0.00	
pulse-trend-radar	1h	BTCUSD	label:alert:🔴 SELL [C]	21	-0.364	-7.6	0.48	12	-0.212	9	-0.566	0	0.48	0.05	0.00	0.14	
pulse-trend-radar	1h	BTCUSD	repaint	73	-0.154	-10.9	0.59	39	-0.177	32	-0.125	0	0.59	0.14	0.03	0.08	0 of 73 earlier entries changed when the last 60 bars were hidden (0%)
pulse-trend-radar	1h	BTCUSD	verdict	71	-0.154	-10.9	0.59	39	-0.177	32	-0.125	0	0.59	0.14	0.03	0.08	no variant pays in both halves → not a reading, exit or cost problem on this cell; re-time or retire the pair
pulse-trend-radar	1h	ETHUSD	base	75	-0.151	-11.3	0.59	39	-0.249	36	-0.045	0	0.59	0.11	0.03	0.05	
pulse-trend-radar	1h	ETHUSD	gross	75	-0.088	-6.6	0.59	39	-0.203	36	0.037	0	0.59	0.11	0.03	0.05	
pulse-trend-radar	1h	ETHUSD	stop1.5	75	-0.151	-11.3	0.59	39	-0.249	36	-0.045	0	0.59	0.11	0.03	0.05	
pulse-trend-radar	1h	ETHUSD	stop2	75	-0.151	-11.3	0.59	39	-0.249	36	-0.045	0	0.59	0.11	0.03	0.05	
pulse-trend-radar	1h	ETHUSD	tp1	75	-0.237	-17.8	0.40	39	-0.229	36	-0.246	0	0.53	0.00	0.00	0.05	
pulse-trend-radar	1h	ETHUSD	levels	75	-0.151	-11.3	0.59	39	-0.249	36	-0.045	0	0.59	0.11	0.03	0.05	
pulse-trend-radar	1h	ETHUSD	script	75	-0.151	-11.3	0.59	39	-0.249	36	-0.045	0	0.59	0.11	0.03	0.05	
pulse-trend-radar	1h	ETHUSD	er0.25	42	-0.194	-8.1	0.55	20	-0.326	22	-0.074	0	0.55	0.12	0.05	0.05	
pulse-trend-radar	1h	ETHUSD	confirm1	41	-0.034	-1.4	0.61	18	-0.091	23	0.010	0	0.61	0.20	0.07	0.00	
pulse-trend-radar	1h	ETHUSD	er+stop1.5	42	-0.194	-8.1	0.55	20	-0.326	22	-0.074	0	0.55	0.12	0.05	0.05	
pulse-trend-radar	1h	ETHUSD	er+stop2	42	-0.194	-8.1	0.55	20	-0.326	22	-0.074	0	0.55	0.12	0.05	0.05	
pulse-trend-radar	1h	ETHUSD	confirm1+er	25	-0.043	-1.1	0.56	11	-0.184	14	0.067	0	0.56	0.24	0.12	0.00	
pulse-trend-radar	1h	ETHUSD	inverted	65	-0.154	-10.0	0.63	36	-0.083	29	-0.242	0	0.63	0.18	0.00	0.12	
pulse-trend-radar	1h	ETHUSD	long	37	-0.143	-5.3	0.59	19	-0.376	18	0.103	0	0.59	0.14	0.05	0.05	
pulse-trend-radar	1h	ETHUSD	short	38	-0.180	-6.9	0.58	20	-0.137	18	-0.229	0	0.58	0.08	0.00	0.05	
pulse-trend-radar	1h	ETHUSD	label:alert:🔴 SELL [B]	10	-0.126	-1.3	0.60	5	-0.023	5	-0.228	0	0.60	0.10	0.00	0.00	
pulse-trend-radar	1h	ETHUSD	label:alert:🟢 BUY [C]	26	-0.099	-2.6	0.62	13	-0.380	13	0.181	0	0.62	0.15	0.04	0.04	
pulse-trend-radar	1h	ETHUSD	label:alert:🟢 BUY [B]	10	-0.333	-3.3	0.50	6	-0.339	4	-0.325	0	0.50	0.00	0.00	0.10	
pulse-trend-radar	1h	ETHUSD	label:alert:🔴 SELL [C]	24	-0.199	-4.8	0.58	13	-0.154	11	-0.252	0	0.58	0.04	0.00	0.08	
pulse-trend-radar	1h	ETHUSD	repaint	74	-0.151	-11.3	0.59	39	-0.249	36	-0.045	0	0.59	0.11	0.03	0.05	0 of 74 earlier entries changed when the last 60 bars were hidden (0%)
pulse-trend-radar	1h	ETHUSD	verdict	75	-0.151	-11.3	0.59	39	-0.249	36	-0.045	0	0.59	0.11	0.03	0.05	no variant pays in both halves → not a reading, exit or cost problem on this cell; re-time or retire the pair
pulse-trend-radar	1h	XRPUSD	base	65	-0.064	-4.2	0.63	27	-0.099	38	-0.039	0	0.63	0.11	0.05	0.03	
pulse-trend-radar	1h	XRPUSD	gross	65	-0.004	-0.2	0.63	27	-0.041	38	0.023	0	0.63	0.11	0.05	0.03	
pulse-trend-radar	1h	XRPUSD	stop1.5	65	-0.064	-4.2	0.63	27	-0.099	38	-0.039	0	0.63	0.11	0.05	0.03	
pulse-trend-radar	1h	XRPUSD	stop2	65	-0.064	-4.2	0.63	27	-0.099	38	-0.039	0	0.63	0.11	0.05	0.03	
pulse-trend-radar	1h	XRPUSD	tp1	65	-0.202	-13.1	0.42	27	-0.148	38	-0.240	0	0.62	0.00	0.00	0.03	
pulse-trend-radar	1h	XRPUSD	levels	65	-0.064	-4.2	0.63	27	-0.099	38	-0.039	0	0.63	0.11	0.05	0.03	
pulse-trend-radar	1h	XRPUSD	script	65	-0.064	-4.2	0.63	27	-0.099	38	-0.039	0	0.63	0.11	0.05	0.03	
pulse-trend-radar	1h	XRPUSD	er0.25	37	0.097	3.6	0.70	17	0.034	20	0.152	1	0.70	0.16	0.08	0.03	
pulse-trend-radar	1h	XRPUSD	confirm1	30	-0.062	-1.9	0.67	13	-0.189	17	0.036	0	0.63	0.10	0.00	0.00	
pulse-trend-radar	1h	XRPUSD	er+stop1.5	37	0.097	3.6	0.70	17	0.034	20	0.152	1	0.70	0.16	0.08	0.03	
pulse-trend-radar	1h	XRPUSD	er+stop2	37	0.097	3.6	0.70	17	0.034	20	0.152	1	0.70	0.16	0.08	0.03	
pulse-trend-radar	1h	XRPUSD	confirm1+er	23	0.004	0.1	0.70	9	-0.113	14	0.079	0	0.65	0.13	0.00	0.00	
pulse-trend-radar	1h	XRPUSD	inverted	59	-0.142	-8.3	0.68	27	-0.157	32	-0.128	0	0.68	0.07	0.00	0.17	
pulse-trend-radar	1h	XRPUSD	long	32	0.006	0.2	0.66	13	-0.225	19	0.164	0	0.66	0.13	0.06	0.03	
pulse-trend-radar	1h	XRPUSD	short	33	-0.137	-4.5	0.61	14	0.005	19	-0.242	0	0.61	0.09	0.03	0.03	
pulse-trend-radar	1h	XRPUSD	label:alert:🔴 SELL [B]	15	-0.016	-0.2	0.67	7	-0.028	8	-0.005	0	0.67	0.07	0.07	0.00	
pulse-trend-radar	1h	XRPUSD	label:alert:🔴 SELL [C]	16	-0.230	-3.7	0.56	7	0.037	9	-0.438	0	0.56	0.13	0.00	0.06	
pulse-trend-radar	1h	XRPUSD	label:alert:🟢 BUY [C]	21	-0.177	-3.7	0.57	9	-0.420	12	0.006	0	0.57	0.05	0.05	0.05	
pulse-trend-radar	1h	XRPUSD	repaint	64	-0.064	-4.2	0.63	27	-0.099	38	-0.039	0	0.63	0.11	0.05	0.03	0 of 64 earlier entries changed when the last 60 bars were hidden (0%)
pulse-trend-radar	1h	XRPUSD	verdict	65	-0.064	-4.2	0.63	27	-0.099	38	-0.039	0	0.63	0.11	0.05	0.03	WHIPSAW: pays only when the market is moving efficiently → efficiency-ratio gate ≥ 0.25 on this timeframe
pulse-trend-radar	1h	SOLUSD	base	66	-0.166	-11.0	0.59	32	-0.156	34	-0.176	0	0.59	0.14	0.00	0.00	
pulse-trend-radar	1h	SOLUSD	gross	66	-0.112	-7.4	0.59	32	-0.109	34	-0.116	0	0.59	0.14	0.00	0.00	
pulse-trend-radar	1h	SOLUSD	stop1.5	66	-0.166	-11.0	0.59	32	-0.156	34	-0.176	0	0.59	0.14	0.00	0.00	
pulse-trend-radar	1h	SOLUSD	stop2	66	-0.166	-11.0	0.59	32	-0.156	34	-0.176	0	0.59	0.14	0.00	0.00	
pulse-trend-radar	1h	SOLUSD	tp1	66	-0.062	-4.1	0.50	32	-0.058	34	-0.066	0	0.56	0.00	0.00	0.00	
pulse-trend-radar	1h	SOLUSD	levels	66	-0.166	-11.0	0.59	32	-0.156	34	-0.176	0	0.59	0.14	0.00	0.00	
pulse-trend-radar	1h	SOLUSD	script	66	-0.166	-11.0	0.59	32	-0.156	34	-0.176	0	0.59	0.14	0.00	0.00	
pulse-trend-radar	1h	SOLUSD	er0.25	38	-0.126	-4.8	0.61	17	0.006	21	-0.232	0	0.61	0.11	0.00	0.00	
pulse-trend-radar	1h	SOLUSD	confirm1	26	0.015	0.4	0.73	16	-0.016	10	0.065	0	0.73	0.15	0.00	0.00	
pulse-trend-radar	1h	SOLUSD	er+stop1.5	38	-0.126	-4.8	0.61	17	0.006	21	-0.232	0	0.61	0.11	0.00	0.00	
pulse-trend-radar	1h	SOLUSD	er+stop2	38	-0.126	-4.8	0.61	17	0.006	21	-0.232	0	0.61	0.11	0.00	0.00	
pulse-trend-radar	1h	SOLUSD	confirm1+er	17	0.100	1.7	0.76	11	0.074	6	0.148	1	0.76	0.24	0.00	0.00	
pulse-trend-radar	1h	SOLUSD	inverted	63	-0.068	-4.3	0.68	32	-0.050	31	-0.086	0	0.68	0.19	0.03	0.08	
pulse-trend-radar	1h	SOLUSD	long	33	-0.060	-2.0	0.67	16	-0.124	17	-0.000	0	0.67	0.15	0.00	0.00	
pulse-trend-radar	1h	SOLUSD	short	33	-0.240	-7.9	0.55	16	-0.188	17	-0.289	0	0.55	0.12	0.00	0.00	
pulse-trend-radar	1h	SOLUSD	label:alert:🟢 BUY [C]	26	-0.041	-1.1	0.69	12	0.007	14	-0.083	0	0.69	0.12	0.00	0.00	
pulse-trend-radar	1h	SOLUSD	label:alert:🔴 SELL [C]	20	-0.293	-5.9	0.50	9	-0.194	11	-0.374	0	0.50	0.10	0.00	0.00	
pulse-trend-radar	1h	SOLUSD	repaint	65	-0.166	-11.0	0.59	32	-0.156	34	-0.176	0	0.59	0.14	0.00	0.00	0 of 65 earlier entries changed when the last 60 bars were hidden (0%)
pulse-trend-radar	1h	SOLUSD	verdict	66	-0.166	-11.0	0.59	32	-0.156	34	-0.176	0	0.59	0.14	0.00	0.00	no variant pays in both halves → not a reading, exit or cost problem on this cell; re-time or retire the pair
pulse-trend-radar	1h	BNBUSD	base	81	-0.157	-12.7	0.57	39	-0.176	42	-0.140	0	0.57	0.12	0.05	0.05	
pulse-trend-radar	1h	BNBUSD	gross	81	-0.083	-6.7	0.57	39	-0.114	42	-0.055	0	0.57	0.12	0.05	0.05	
pulse-trend-radar	1h	BNBUSD	stop1.5	81	-0.157	-12.7	0.57	39	-0.176	42	-0.140	0	0.57	0.12	0.05	0.05	
pulse-trend-radar	1h	BNBUSD	stop2	81	-0.157	-12.7	0.57	39	-0.176	42	-0.140	0	0.57	0.12	0.05	0.05	
pulse-trend-radar	1h	BNBUSD	tp1	81	-0.314	-25.4	0.36	39	-0.300	42	-0.327	0	0.51	0.00	0.00	0.05	
pulse-trend-radar	1h	BNBUSD	levels	81	-0.157	-12.7	0.57	39	-0.176	42	-0.140	0	0.57	0.12	0.05	0.05	
pulse-trend-radar	1h	BNBUSD	script	81	-0.157	-12.7	0.57	39	-0.176	42	-0.140	0	0.57	0.12	0.05	0.05	
pulse-trend-radar	1h	BNBUSD	er0.25	36	-0.135	-4.9	0.61	18	-0.143	18	-0.127	0	0.61	0.14	0.03	0.03	
pulse-trend-radar	1h	BNBUSD	confirm1	34	-0.200	-6.8	0.53	16	-0.371	18	-0.047	0	0.53	0.12	0.00	0.03	
pulse-trend-radar	1h	BNBUSD	er+stop1.5	36	-0.135	-4.9	0.61	18	-0.143	18	-0.127	0	0.61	0.14	0.03	0.03	
pulse-trend-radar	1h	BNBUSD	er+stop2	36	-0.135	-4.9	0.61	18	-0.143	18	-0.127	0	0.61	0.14	0.03	0.03	
pulse-trend-radar	1h	BNBUSD	confirm1+er	21	-0.177	-3.7	0.52	9	-0.553	12	0.106	0	0.52	0.14	0.00	0.05	
pulse-trend-radar	1h	BNBUSD	inverted	49	0.184	9.0	0.80	28	0.263	21	0.078	1	0.80	0.37	0.08	0.04	
pulse-trend-radar	1h	BNBUSD	long	40	-0.158	-6.3	0.60	19	-0.304	21	-0.026	0	0.60	0.07	0.03	0.03	
pulse-trend-radar	1h	BNBUSD	short	41	-0.180	-7.4	0.54	20	-0.072	21	-0.283	0	0.54	0.17	0.07	0.07	
pulse-trend-radar	1h	BNBUSD	label:alert:🟢 BUY [B]	10	0.042	0.4	0.70	5	-0.099	5	0.183	0	0.70	0.20	0.00	0.00	
pulse-trend-radar	1h	BNBUSD	label:alert:🟢 BUY [C]	25	-0.146	-3.6	0.60	10	-0.217	15	-0.099	0	0.60	0.04	0.04	0.04	
pulse-trend-radar	1h	BNBUSD	label:alert:🔴 SELL [C]	29	-0.165	-4.8	0.55	14	-0.046	15	-0.275	0	0.55	0.14	0.07	0.10	
pulse-trend-radar	1h	BNBUSD	repaint	81	-0.157	-12.7	0.57	39	-0.176	42	-0.140	0	0.57	0.12	0.05	0.05	0 of 81 earlier entries changed when the last 60 bars were hidden (0%)
pulse-trend-radar	1h	BNBUSD	verdict	81	-0.157	-12.7	0.57	39	-0.176	42	-0.140	0	0.57	0.12	0.05	0.05	READING: direction inverted → the signals mean the opposite of how they are read (a warning read as an entry, a state read as a flip); invert or restrict the source
pulse-trend-radar	1h	DOGEUSD	base	71	0.025	1.7	0.61	37	-0.090	34	0.150	0	0.61	0.27	0.07	0.04	
pulse-trend-radar	1h	DOGEUSD	gross	71	0.082	5.8	0.61	37	-0.043	34	0.218	0	0.61	0.27	0.07	0.04	
pulse-trend-radar	1h	DOGEUSD	stop1.5	71	0.025	1.7	0.61	37	-0.090	34	0.150	0	0.61	0.27	0.07	0.04	
pulse-trend-radar	1h	DOGEUSD	stop2	71	0.025	1.7	0.61	37	-0.090	34	0.150	0	0.61	0.27	0.07	0.04	
pulse-trend-radar	1h	DOGEUSD	tp1	71	-0.190	-13.5	0.41	37	-0.232	34	-0.144	0	0.58	0.00	0.00	0.04	
pulse-trend-radar	1h	DOGEUSD	levels	71	0.025	1.7	0.61	37	-0.090	34	0.150	0	0.61	0.27	0.07	0.04	
pulse-trend-radar	1h	DOGEUSD	script	71	0.025	1.7	0.61	37	-0.090	34	0.150	0	0.61	0.27	0.07	0.04	
pulse-trend-radar	1h	DOGEUSD	er0.25	32	0.250	8.0	0.72	15	0.258	17	0.243	1	0.72	0.34	0.09	0.03	
pulse-trend-radar	1h	DOGEUSD	confirm1	33	-0.062	-2.0	0.61	14	0.177	19	-0.237	0	0.61	0.18	0.03	0.00	
pulse-trend-radar	1h	DOGEUSD	er+stop1.5	32	0.250	8.0	0.72	15	0.258	17	0.243	1	0.72	0.34	0.09	0.03	
pulse-trend-radar	1h	DOGEUSD	er+stop2	32	0.250	8.0	0.72	15	0.258	17	0.243	1	0.72	0.34	0.09	0.03	
pulse-trend-radar	1h	DOGEUSD	confirm1+er	18	0.069	1.2	0.67	7	0.546	11	-0.234	0	0.67	0.22	0.06	0.00	
pulse-trend-radar	1h	DOGEUSD	inverted	68	-0.120	-8.1	0.59	37	0.069	31	-0.345	0	0.59	0.24	0.07	0.22	
pulse-trend-radar	1h	DOGEUSD	long	35	0.040	1.4	0.60	18	-0.066	17	0.152	0	0.60	0.26	0.09	0.03	
pulse-trend-radar	1h	DOGEUSD	short	36	-0.017	-0.6	0.61	19	-0.140	17	0.120	0	0.61	0.28	0.06	0.06	
pulse-trend-radar	1h	DOGEUSD	label:alert:🟢 BUY [C]	26	0.141	3.7	0.65	13	0.095	13	0.188	1	0.65	0.27	0.08	0.00	
pulse-trend-radar	1h	DOGEUSD	label:alert:🔴 SELL [C]	26	0.001	0.0	0.62	13	-0.244	13	0.245	0	0.62	0.27	0.08	0.08	
pulse-trend-radar	1h	DOGEUSD	repaint	70	0.025	1.7	0.61	37	-0.090	34	0.150	0	0.61	0.27	0.07	0.04	0 of 70 earlier entries changed when the last 60 bars were hidden (0%)
pulse-trend-radar	1h	DOGEUSD	verdict	71	0.025	1.7	0.61	37	-0.090	34	0.150	0	0.61	0.27	0.07	0.04	WHIPSAW: pays only when the market is moving efficiently → efficiency-ratio gate ≥ 0.25 on this timeframe
pulse-trend-radar	1h	AVAXUSD	base	78	-0.029	-2.3	0.63	39	-0.020	39	-0.038	0	0.63	0.18	0.03	0.00	
pulse-trend-radar	1h	AVAXUSD	gross	78	0.022	1.7	0.63	39	0.034	39	0.010	1	0.63	0.18	0.03	0.00	
pulse-trend-radar	1h	AVAXUSD	stop1.5	78	-0.029	-2.3	0.63	39	-0.020	39	-0.038	0	0.63	0.18	0.03	0.00	
pulse-trend-radar	1h	AVAXUSD	stop2	78	-0.029	-2.3	0.63	39	-0.020	39	-0.038	0	0.63	0.18	0.03	0.00	
pulse-trend-radar	1h	AVAXUSD	tp1	78	-0.147	-11.5	0.44	39	-0.182	39	-0.112	0	0.56	0.00	0.00	0.00	
pulse-trend-radar	1h	AVAXUSD	levels	78	-0.029	-2.3	0.63	39	-0.020	39	-0.038	0	0.63	0.18	0.03	0.00	
pulse-trend-radar	1h	AVAXUSD	script	78	-0.029	-2.3	0.63	39	-0.020	39	-0.038	0	0.63	0.18	0.03	0.00	
pulse-trend-radar	1h	AVAXUSD	er0.25	39	-0.206	-8.0	0.51	15	-0.144	24	-0.245	0	0.51	0.18	0.00	0.00	
pulse-trend-radar	1h	AVAXUSD	confirm1	30	-0.119	-3.6	0.60	17	-0.051	13	-0.208	0	0.57	0.10	0.03	0.00	
pulse-trend-radar	1h	AVAXUSD	er+stop1.5	39	-0.206	-8.0	0.51	15	-0.144	24	-0.245	0	0.51	0.18	0.00	0.00	
pulse-trend-radar	1h	AVAXUSD	er+stop2	39	-0.206	-8.0	0.51	15	-0.144	24	-0.245	0	0.51	0.18	0.00	0.00	
pulse-trend-radar	1h	AVAXUSD	confirm1+er	14	-0.469	-6.6	0.36	6	-0.773	8	-0.241	0	0.36	0.14	0.00	0.00	
pulse-trend-radar	1h	AVAXUSD	inverted	78	-0.089	-7.0	0.68	39	-0.204	39	0.025	0	0.68	0.17	0.00	0.14	
pulse-trend-radar	1h	AVAXUSD	long	38	-0.036	-1.4	0.63	19	-0.088	19	0.015	0	0.63	0.16	0.05	0.00	
pulse-trend-radar	1h	AVAXUSD	short	40	-0.003	-0.1	0.68	20	0.084	20	-0.089	0	0.68	0.20	0.00	0.00	
pulse-trend-radar	1h	AVAXUSD	label:alert:🔴 SELL [C]	27	0.075	2.0	0.67	13	0.144	14	0.011	1	0.67	0.22	0.00	0.00	
pulse-trend-radar	1h	AVAXUSD	label:alert:🟢 BUY [C]	27	-0.094	-2.5	0.56	14	-0.138	13	-0.047	0	0.56	0.19	0.07	0.00	
pulse-trend-radar	1h	AVAXUSD	repaint	77	-0.029	-2.3	0.63	39	-0.020	39	-0.038	0	0.63	0.18	0.03	0.00	0 of 77 earlier entries changed when the last 60 bars were hidden (0%)
pulse-trend-radar	1h	AVAXUSD	verdict	78	-0.029	-2.3	0.63	39	-0.020	39	-0.038	0	0.63	0.18	0.03	0.00	COSTS: positive before fees, negative after → a slower timeframe or a wider stop/target so each trade pays the round trip several times over
pulse-trend-radar	1h	ADAUSD	base	53	-0.064	-3.4	0.58	30	-0.217	23	0.135	0	0.58	0.09	0.06	0.00	
pulse-trend-radar	1h	ADAUSD	gross	53	-0.026	-1.4	0.58	30	-0.183	23	0.179	0	0.58	0.09	0.06	0.00	
pulse-trend-radar	1h	ADAUSD	stop1.5	53	-0.064	-3.4	0.58	30	-0.217	23	0.135	0	0.58	0.09	0.06	0.00	
pulse-trend-radar	1h	ADAUSD	stop2	53	-0.064	-3.4	0.58	30	-0.217	23	0.135	0	0.58	0.09	0.06	0.00	
pulse-trend-radar	1h	ADAUSD	tp1	53	-0.133	-7.1	0.45	30	-0.300	23	0.084	0	0.58	0.00	0.00	0.00	
pulse-trend-radar	1h	ADAUSD	levels	53	-0.064	-3.4	0.58	30	-0.217	23	0.135	0	0.58	0.09	0.06	0.00	
pulse-trend-radar	1h	ADAUSD	script	53	-0.064	-3.4	0.58	30	-0.217	23	0.135	0	0.58	0.09	0.06	0.00	
pulse-trend-radar	1h	ADAUSD	er0.25	24	0.094	2.3	0.58	12	-0.221	12	0.410	0	0.58	0.17	0.13	0.00	
pulse-trend-radar	1h	ADAUSD	confirm1	19	-0.103	-2.0	0.53	10	-0.290	9	0.105	0	0.53	0.11	0.05	0.00	
pulse-trend-radar	1h	ADAUSD	er+stop1.5	24	0.094	2.3	0.58	12	-0.221	12	0.410	0	0.58	0.17	0.13	0.00	
pulse-trend-radar	1h	ADAUSD	er+stop2	24	0.094	2.3	0.58	12	-0.221	12	0.410	0	0.58	0.17	0.13	0.00	
pulse-trend-radar	1h	ADAUSD	confirm1+er	10	0.271	2.7	0.70	6	-0.311	4	1.144	0	0.70	0.20	0.10	0.00	
pulse-trend-radar	1h	ADAUSD	inverted	53	-0.001	-0.1	0.72	30	-0.012	23	0.013	0	0.72	0.17	0.04	0.13	
pulse-trend-radar	1h	ADAUSD	long	26	0.159	4.1	0.65	15	-0.202	11	0.651	0	0.65	0.15	0.12	0.00	
pulse-trend-radar	1h	ADAUSD	short	27	-0.279	-7.5	0.52	15	-0.232	12	-0.339	0	0.52	0.04	0.00	0.00	
pulse-trend-radar	1h	ADAUSD	label:alert:🟢 BUY [C]	18	0.179	3.2	0.67	10	-0.190	8	0.639	0	0.67	0.17	0.11	0.00	
pulse-trend-radar	1h	ADAUSD	label:alert:🔴 SELL [C]	16	-0.215	-3.4	0.56	8	-0.242	8	-0.189	0	0.56	0.06	0.00	0.00	
pulse-trend-radar	1h	ADAUSD	repaint	52	-0.064	-3.4	0.58	30	-0.217	23	0.135	0	0.58	0.09	0.06	0.00	0 of 52 earlier entries changed when the last 60 bars were hidden (0%)
pulse-trend-radar	1h	ADAUSD	verdict	53	-0.064	-3.4	0.58	30	-0.217	23	0.135	0	0.58	0.09	0.06	0.00	no variant pays in both halves → not a reading, exit or cost problem on this cell; re-time or retire the pair
pulse-trend-radar	1h	LTCUSD	base	67	-0.064	-4.3	0.66	39	-0.101	28	-0.013	0	0.66	0.13	0.03	0.04	
pulse-trend-radar	1h	LTCUSD	gross	67	0.001	0.1	0.66	39	-0.040	28	0.058	0	0.66	0.13	0.03	0.04	
pulse-trend-radar	1h	LTCUSD	stop1.5	67	-0.064	-4.3	0.66	39	-0.101	28	-0.013	0	0.66	0.13	0.03	0.04	
pulse-trend-radar	1h	LTCUSD	stop2	67	-0.064	-4.3	0.66	39	-0.101	28	-0.013	0	0.66	0.13	0.03	0.04	
pulse-trend-radar	1h	LTCUSD	tp1	67	-0.083	-5.6	0.49	39	-0.137	28	-0.008	0	0.63	0.00	0.00	0.04	
pulse-trend-radar	1h	LTCUSD	levels	67	-0.064	-4.3	0.66	39	-0.101	28	-0.013	0	0.66	0.13	0.03	0.04	
pulse-trend-radar	1h	LTCUSD	script	67	-0.064	-4.3	0.66	39	-0.101	28	-0.013	0	0.66	0.13	0.03	0.04	
pulse-trend-radar	1h	LTCUSD	er0.25	29	-0.084	-2.4	0.62	16	-0.118	13	-0.041	0	0.62	0.21	0.03	0.07	
pulse-trend-radar	1h	LTCUSD	confirm1	30	-0.181	-5.4	0.60	17	-0.136	13	-0.239	0	0.60	0.13	0.00	0.00	
pulse-trend-radar	1h	LTCUSD	er+stop1.5	29	-0.084	-2.4	0.62	16	-0.118	13	-0.041	0	0.62	0.21	0.03	0.07	
pulse-trend-radar	1h	LTCUSD	er+stop2	29	-0.084	-2.4	0.62	16	-0.118	13	-0.041	0	0.62	0.21	0.03	0.07	
pulse-trend-radar	1h	LTCUSD	confirm1+er	17	-0.184	-3.1	0.59	6	-0.117	11	-0.221	0	0.59	0.18	0.00	0.00	
pulse-trend-radar	1h	LTCUSD	inverted	56	-0.120	-6.7	0.64	37	-0.132	19	-0.099	0	0.64	0.16	0.02	0.09	
pulse-trend-radar	1h	LTCUSD	long	33	-0.060	-2.0	0.67	19	-0.175	14	0.096	0	0.67	0.12	0.03	0.06	
pulse-trend-radar	1h	LTCUSD	short	34	-0.069	-2.3	0.65	20	-0.032	14	-0.122	0	0.65	0.15	0.03	0.03	
pulse-trend-radar	1h	LTCUSD	label:alert:🟢 BUY [C]	19	-0.015	-0.3	0.68	11	-0.229	8	0.279	0	0.68	0.16	0.05	0.05	
pulse-trend-radar	1h	LTCUSD	label:alert:🟢 BUY [B]	12	-0.190	-2.3	0.58	6	-0.232	6	-0.149	0	0.58	0.08	0.00	0.08	
pulse-trend-radar	1h	LTCUSD	label:alert:🔴 SELL [C]	27	-0.174	-4.7	0.59	17	-0.010	10	-0.454	0	0.59	0.11	0.00	0.04	
pulse-trend-radar	1h	LTCUSD	repaint	66	-0.064	-4.3	0.66	39	-0.101	28	-0.013	0	0.66	0.13	0.03	0.04	0 of 66 earlier entries changed when the last 60 bars were hidden (0%)
pulse-trend-radar	1h	LTCUSD	verdict	67	-0.064	-4.3	0.66	39	-0.101	28	-0.013	0	0.66	0.13	0.03	0.04	no variant pays in both halves → not a reading, exit or cost problem on this cell; re-time or retire the pair
pulse-trend-radar	1h	BCHUSD	base	72	-0.075	-5.4	0.57	31	-0.116	41	-0.044	0	0.57	0.18	0.07	0.03	
pulse-trend-radar	1h	BCHUSD	gross	72	-0.013	-0.9	0.57	31	-0.050	41	0.015	0	0.57	0.18	0.07	0.03	
pulse-trend-radar	1h	BCHUSD	stop1.5	72	-0.075	-5.4	0.57	31	-0.116	41	-0.044	0	0.57	0.18	0.07	0.03	
pulse-trend-radar	1h	BCHUSD	stop2	72	-0.075	-5.4	0.57	31	-0.116	41	-0.044	0	0.57	0.18	0.07	0.03	
pulse-trend-radar	1h	BCHUSD	tp1	72	-0.171	-12.3	0.42	31	-0.052	41	-0.261	0	0.49	0.00	0.00	0.03	
pulse-trend-radar	1h	BCHUSD	levels	72	-0.075	-5.4	0.57	31	-0.116	41	-0.044	0	0.57	0.18	0.07	0.03	
pulse-trend-radar	1h	BCHUSD	script	72	-0.075	-5.4	0.57	31	-0.116	41	-0.044	0	0.57	0.18	0.07	0.03	
pulse-trend-radar	1h	BCHUSD	er0.25	30	0.096	2.9	0.63	14	-0.241	16	0.391	0	0.63	0.23	0.10	0.07	
pulse-trend-radar	1h	BCHUSD	confirm1	31	-0.167	-5.2	0.52	12	0.098	19	-0.335	0	0.48	0.13	0.06	0.00	
pulse-trend-radar	1h	BCHUSD	er+stop1.5	30	0.096	2.9	0.63	14	-0.241	16	0.391	0	0.63	0.23	0.10	0.07	
pulse-trend-radar	1h	BCHUSD	er+stop2	30	0.096	2.9	0.63	14	-0.241	16	0.391	0	0.63	0.23	0.10	0.07	
pulse-trend-radar	1h	BCHUSD	confirm1+er	13	-0.048	-0.6	0.62	7	-0.035	6	-0.063	0	0.54	0.15	0.08	0.00	
pulse-trend-radar	1h	BCHUSD	inverted	63	0.004	0.3	0.73	27	0.042	36	-0.025	0	0.73	0.24	0.02	0.13	
pulse-trend-radar	1h	BCHUSD	long	36	-0.089	-3.2	0.58	16	-0.042	20	-0.126	0	0.58	0.17	0.08	0.06	
pulse-trend-radar	1h	BCHUSD	short	36	-0.067	-2.4	0.58	15	-0.196	21	0.025	0	0.58	0.19	0.06	0.00	
pulse-trend-radar	1h	BCHUSD	label:alert:🔴 SELL [B]	10	0.441	4.4	0.80	4	0.197	6	0.604	0	0.80	0.20	0.10	0.00	
pulse-trend-radar	1h	BCHUSD	label:alert:🟢 BUY [C]	28	-0.156	-4.4	0.50	13	-0.148	15	-0.164	0	0.50	0.14	0.11	0.07	
pulse-trend-radar	1h	BCHUSD	label:alert:🔴 SELL [C]	21	-0.285	-6.0	0.48	10	-0.472	11	-0.116	0	0.48	0.14	0.05	0.00	
pulse-trend-radar	1h	BCHUSD	repaint	71	-0.075	-5.4	0.57	31	-0.116	41	-0.044	0	0.57	0.18	0.07	0.03	0 of 71 earlier entries changed when the last 60 bars were hidden (0%)
pulse-trend-radar	1h	BCHUSD	verdict	72	-0.075	-5.4	0.57	31	-0.116	41	-0.044	0	0.57	0.18	0.07	0.03	no variant pays in both halves → not a reading, exit or cost problem on this cell; re-time or retire the pair
pulse-trend-radar	1h	LINKUSD	base	85	-0.234	-19.9	0.52	51	-0.304	34	-0.129	0	0.52	0.13	0.02	0.05	
pulse-trend-radar	1h	LINKUSD	gross	85	-0.189	-16.1	0.52	51	-0.263	34	-0.079	0	0.52	0.13	0.02	0.05	
pulse-trend-radar	1h	LINKUSD	stop1.5	85	-0.234	-19.9	0.52	51	-0.304	34	-0.129	0	0.52	0.13	0.02	0.05	
pulse-trend-radar	1h	LINKUSD	stop2	85	-0.234	-19.9	0.52	51	-0.304	34	-0.129	0	0.52	0.13	0.02	0.05	
pulse-trend-radar	1h	LINKUSD	tp1	85	-0.276	-23.5	0.38	51	-0.345	34	-0.172	0	0.51	0.00	0.00	0.06	
pulse-trend-radar	1h	LINKUSD	levels	85	-0.234	-19.9	0.52	51	-0.304	34	-0.129	0	0.52	0.13	0.02	0.05	
pulse-trend-radar	1h	LINKUSD	script	85	-0.234	-19.9	0.52	51	-0.304	34	-0.129	0	0.52	0.13	0.02	0.05	
pulse-trend-radar	1h	LINKUSD	er0.25	36	-0.136	-4.9	0.58	17	-0.203	19	-0.076	0	0.58	0.19	0.03	0.03	
pulse-trend-radar	1h	LINKUSD	confirm1	35	-0.047	-1.6	0.66	17	-0.027	18	-0.065	0	0.63	0.17	0.03	0.00	
pulse-trend-radar	1h	LINKUSD	er+stop1.5	36	-0.136	-4.9	0.58	17	-0.203	19	-0.076	0	0.58	0.19	0.03	0.03	
pulse-trend-radar	1h	LINKUSD	er+stop2	36	-0.136	-4.9	0.58	17	-0.203	19	-0.076	0	0.58	0.19	0.03	0.03	
pulse-trend-radar	1h	LINKUSD	confirm1+er	23	0.121	2.8	0.74	9	0.135	14	0.113	1	0.70	0.26	0.04	0.00	
pulse-trend-radar	1h	LINKUSD	inverted	80	0.097	7.8	0.71	48	0.193	32	-0.047	0	0.71	0.30	0.10	0.13	
pulse-trend-radar	1h	LINKUSD	long	42	-0.217	-9.1	0.55	25	-0.313	17	-0.076	0	0.55	0.14	0.02	0.05	
pulse-trend-radar	1h	LINKUSD	short	43	-0.241	-10.4	0.51	26	-0.279	17	-0.183	0	0.51	0.12	0.02	0.05	
pulse-trend-radar	1h	LINKUSD	label:alert:🔴 SELL [B]	13	-0.215	-2.8	0.46	6	-0.442	7	-0.021	0	0.46	0.15	0.08	0.00	
pulse-trend-radar	1h	LINKUSD	label:alert:🟢 BUY [C]	24	-0.145	-3.5	0.63	14	-0.341	10	0.131	0	0.63	0.08	0.00	0.00	
pulse-trend-radar	1h	LINKUSD	label:alert:🟢 BUY [B]	16	-0.228	-3.6	0.50	10	-0.205	6	-0.266	0	0.50	0.25	0.06	0.13	
pulse-trend-radar	1h	LINKUSD	label:alert:🔴 SELL [C]	27	-0.237	-6.4	0.52	17	-0.203	10	-0.296	0	0.52	0.11	0.00	0.07	
pulse-trend-radar	1h	LINKUSD	repaint	85	-0.234	-19.9	0.52	51	-0.304	34	-0.129	0	0.52	0.13	0.02	0.05	0 of 85 earlier entries changed when the last 60 bars were hidden (0%)
pulse-trend-radar	1h	LINKUSD	verdict	85	-0.234	-19.9	0.52	51	-0.304	34	-0.129	0	0.52	0.13	0.02	0.05	no variant pays in both halves → not a reading, exit or cost problem on this cell; re-time or retire the pair
pulse-trend-radar	1h	SUIUSD	base	83	-0.169	-14.1	0.54	39	-0.344	44	-0.015	0	0.54	0.13	0.04	0.01	
pulse-trend-radar	1h	SUIUSD	gross	83	-0.123	-10.2	0.54	39	-0.311	44	0.043	0	0.54	0.13	0.04	0.01	
pulse-trend-radar	1h	SUIUSD	stop1.5	83	-0.169	-14.1	0.54	39	-0.344	44	-0.015	0	0.54	0.13	0.04	0.01	
pulse-trend-radar	1h	SUIUSD	stop2	83	-0.169	-14.1	0.54	39	-0.344	44	-0.015	0	0.54	0.13	0.04	0.01	
pulse-trend-radar	1h	SUIUSD	tp1	83	-0.188	-15.6	0.42	39	-0.378	44	-0.020	0	0.49	0.00	0.00	0.01	
pulse-trend-radar	1h	SUIUSD	levels	83	-0.169	-14.1	0.54	39	-0.344	44	-0.015	0	0.54	0.13	0.04	0.01	
pulse-trend-radar	1h	SUIUSD	script	83	-0.169	-14.1	0.54	39	-0.344	44	-0.015	0	0.54	0.13	0.04	0.01	
pulse-trend-radar	1h	SUIUSD	er0.25	34	-0.068	-2.3	0.59	18	-0.204	16	0.084	0	0.59	0.15	0.06	0.03	
pulse-trend-radar	1h	SUIUSD	confirm1	32	-0.097	-3.1	0.63	16	-0.136	16	-0.059	0	0.63	0.13	0.00	0.00	
pulse-trend-radar	1h	SUIUSD	er+stop1.5	34	-0.068	-2.3	0.59	18	-0.204	16	0.084	0	0.59	0.15	0.06	0.03	
pulse-trend-radar	1h	SUIUSD	er+stop2	34	-0.068	-2.3	0.59	18	-0.204	16	0.084	0	0.59	0.15	0.06	0.03	
pulse-trend-radar	1h	SUIUSD	confirm1+er	21	-0.046	-1.0	0.67	9	0.205	12	-0.234	0	0.67	0.10	0.00	0.00	
pulse-trend-radar	1h	SUIUSD	inverted	74	0.132	9.8	0.69	38	0.280	36	-0.024	0	0.69	0.32	0.14	0.19	
pulse-trend-radar	1h	SUIUSD	long	40	-0.014	-0.6	0.63	19	-0.138	21	0.098	0	0.63	0.20	0.03	0.03	
pulse-trend-radar	1h	SUIUSD	short	43	-0.308	-13.3	0.47	20	-0.540	23	-0.107	0	0.47	0.09	0.05	0.00	
pulse-trend-radar	1h	SUIUSD	label:alert:🟢 BUY [C]	32	-0.033	-1.1	0.59	15	-0.097	17	0.023	0	0.59	0.22	0.03	0.03	
pulse-trend-radar	1h	SUIUSD	label:alert:🔴 SELL [B]	12	-0.339	-4.1	0.42	5	-0.468	7	-0.247	0	0.42	0.08	0.08	0.00	
pulse-trend-radar	1h	SUIUSD	label:alert:🔴 SELL [C]	25	-0.306	-7.6	0.48	12	-0.454	13	-0.169	0	0.48	0.04	0.04	0.00	
pulse-trend-radar	1h	SUIUSD	repaint	82	-0.169	-14.1	0.54	39	-0.344	44	-0.015	0	0.54	0.13	0.04	0.01	0 of 82 earlier entries changed when the last 60 bars were hidden (0%)
pulse-trend-radar	1h	SUIUSD	verdict	83	-0.169	-14.1	0.54	39	-0.344	44	-0.015	0	0.54	0.13	0.04	0.01	no variant pays in both halves → not a reading, exit or cost problem on this cell; re-time or retire the pair
pulse-trend-radar	1h	NEARUSD	base	75	-0.128	-9.6	0.57	37	-0.300	38	0.039	0	0.57	0.09	0.03	0.01	
pulse-trend-radar	1h	NEARUSD	gross	75	-0.098	-7.4	0.57	37	-0.276	38	0.075	0	0.57	0.09	0.03	0.01	
pulse-trend-radar	1h	NEARUSD	stop1.5	75	-0.128	-9.6	0.57	37	-0.300	38	0.039	0	0.57	0.09	0.03	0.01	
pulse-trend-radar	1h	NEARUSD	stop2	75	-0.128	-9.6	0.57	37	-0.300	38	0.039	0	0.57	0.09	0.03	0.01	
pulse-trend-radar	1h	NEARUSD	tp1	74	-0.301	-22.2	0.34	37	-0.311	37	-0.290	0	0.55	0.00	0.00	0.01	
pulse-trend-radar	1h	NEARUSD	levels	75	-0.128	-9.6	0.57	37	-0.300	38	0.039	0	0.57	0.09	0.03	0.01	
pulse-trend-radar	1h	NEARUSD	script	75	-0.128	-9.6	0.57	37	-0.300	38	0.039	0	0.57	0.09	0.03	0.01	
pulse-trend-radar	1h	NEARUSD	er0.25	35	0.028	1.0	0.66	17	-0.078	18	0.128	0	0.66	0.11	0.06	0.00	
pulse-trend-radar	1h	NEARUSD	confirm1	24	-0.124	-3.0	0.58	12	-0.035	12	-0.213	0	0.58	0.13	0.00	0.00	
pulse-trend-radar	1h	NEARUSD	er+stop1.5	35	0.028	1.0	0.66	17	-0.078	18	0.128	0	0.66	0.11	0.06	0.00	
pulse-trend-radar	1h	NEARUSD	er+stop2	35	0.028	1.0	0.66	17	-0.078	18	0.128	0	0.66	0.11	0.06	0.00	
pulse-trend-radar	1h	NEARUSD	confirm1+er	15	-0.092	-1.4	0.60	6	0.192	9	-0.282	0	0.60	0.20	0.00	0.00	
pulse-trend-radar	1h	NEARUSD	inverted	74	0.218	16.1	0.77	37	0.438	37	-0.002	0	0.77	0.30	0.09	0.11	
pulse-trend-radar	1h	NEARUSD	long	37	-0.054	-2.0	0.62	18	-0.240	19	0.123	0	0.62	0.08	0.05	0.03	
pulse-trend-radar	1h	NEARUSD	short	38	-0.137	-5.2	0.58	19	-0.257	19	-0.016	0	0.58	0.13	0.00	0.00	
pulse-trend-radar	1h	NEARUSD	label:alert:🟢 BUY [B]	13	-0.037	-0.5	0.46	7	-0.256	6	0.218	0	0.46	0.15	0.15	0.00	
pulse-trend-radar	1h	NEARUSD	label:alert:🟢 BUY [C]	20	-0.096	-1.9	0.65	9	-0.210	11	-0.004	0	0.65	0.05	0.00	0.05	
pulse-trend-radar	1h	NEARUSD	label:alert:🔴 SELL [C]	29	-0.244	-7.1	0.52	13	-0.430	16	-0.092	0	0.52	0.10	0.00	0.00	
pulse-trend-radar	1h	NEARUSD	repaint	72	-0.128	-9.6	0.57	37	-0.300	38	0.039	0	0.57	0.09	0.03	0.01	0 of 72 earlier entries changed when the last 60 bars were hidden (0%)
pulse-trend-radar	1h	NEARUSD	verdict	75	-0.128	-9.6	0.57	37	-0.300	38	0.039	0	0.57	0.09	0.03	0.01	no variant pays in both halves → not a reading, exit or cost problem on this cell; re-time or retire the pair
pulse-trend-radar	1h	HYPEUSD	base	61	0.034	2.0	0.72	31	-0.075	30	0.146	0	0.72	0.13	0.00	0.02	
pulse-trend-radar	1h	HYPEUSD	gross	61	0.079	4.8	0.72	31	-0.041	30	0.204	0	0.72	0.13	0.00	0.02	
pulse-trend-radar	1h	HYPEUSD	stop1.5	61	0.034	2.0	0.72	31	-0.075	30	0.146	0	0.72	0.13	0.00	0.02	
pulse-trend-radar	1h	HYPEUSD	stop2	61	0.034	2.0	0.72	31	-0.075	30	0.146	0	0.72	0.13	0.00	0.02	
pulse-trend-radar	1h	HYPEUSD	tp1	61	0.167	10.2	0.61	31	-0.008	30	0.347	0	0.72	0.00	0.00	0.02	
pulse-trend-radar	1h	HYPEUSD	levels	61	0.034	2.0	0.72	31	-0.075	30	0.146	0	0.72	0.13	0.00	0.02	
pulse-trend-radar	1h	HYPEUSD	script	61	0.034	2.0	0.72	31	-0.075	30	0.146	0	0.72	0.13	0.00	0.02	
pulse-trend-radar	1h	HYPEUSD	er0.25	34	0.100	3.4	0.76	16	0.057	18	0.138	1	0.76	0.18	0.00	0.00	
pulse-trend-radar	1h	HYPEUSD	confirm1	25	0.084	2.1	0.80	9	0.089	16	0.080	1	0.80	0.00	0.00	0.00	
pulse-trend-radar	1h	HYPEUSD	er+stop1.5	34	0.100	3.4	0.76	16	0.057	18	0.138	1	0.76	0.18	0.00	0.00	
pulse-trend-radar	1h	HYPEUSD	er+stop2	34	0.100	3.4	0.76	16	0.057	18	0.138	1	0.76	0.18	0.00	0.00	
pulse-trend-radar	1h	HYPEUSD	confirm1+er	17	0.184	3.1	0.88	5	0.364	12	0.109	1	0.88	0.00	0.00	0.00	
pulse-trend-radar	1h	HYPEUSD	inverted	61	-0.007	-0.4	0.72	31	0.064	30	-0.081	0	0.72	0.18	0.03	0.18	
pulse-trend-radar	1h	HYPEUSD	long	30	0.159	4.8	0.83	15	0.101	15	0.217	1	0.83	0.13	0.00	0.00	
pulse-trend-radar	1h	HYPEUSD	short	31	-0.088	-2.7	0.61	16	-0.241	15	0.075	0	0.61	0.13	0.00	0.03	
pulse-trend-radar	1h	HYPEUSD	label:alert:🟢 BUY [C]	17	0.144	2.4	0.82	11	0.275	6	-0.096	0	0.82	0.12	0.00	0.00	
pulse-trend-radar	1h	HYPEUSD	label:alert:🔴 SELL [C]	22	-0.082	-1.8	0.64	11	-0.048	11	-0.115	0	0.64	0.09	0.00	0.00	
pulse-trend-radar	1h	HYPEUSD	repaint	60	0.034	2.0	0.72	31	-0.075	30	0.146	0	0.72	0.13	0.00	0.02	0 of 60 earlier entries changed when the last 60 bars were hidden (0%)
pulse-trend-radar	1h	HYPEUSD	verdict	61	0.034	2.0	0.72	31	-0.075	30	0.146	0	0.72	0.13	0.00	0.02	WHIPSAW: pays only when the market is moving efficiently → efficiency-ratio gate ≥ 0.25 on this timeframe
pulse-trend-radar	4h	ETHUSD	base	33	0.066	2.2	0.70	18	-0.007	15	0.154	0	0.70	0.06	0.00	0.03	
pulse-trend-radar	4h	ETHUSD	gross	33	0.097	3.2	0.70	18	0.016	15	0.194	1	0.70	0.06	0.00	0.03	
pulse-trend-radar	4h	ETHUSD	stop1.5	33	0.066	2.2	0.70	18	-0.007	15	0.154	0	0.70	0.06	0.00	0.03	
pulse-trend-radar	4h	ETHUSD	stop2	33	0.066	2.2	0.70	18	-0.007	15	0.154	0	0.70	0.06	0.00	0.03	
pulse-trend-radar	4h	ETHUSD	tp1	33	-0.173	-5.7	0.42	18	-0.233	15	-0.100	0	0.67	0.00	0.00	0.03	
pulse-trend-radar	4h	ETHUSD	levels	33	0.066	2.2	0.70	18	-0.007	15	0.154	0	0.70	0.06	0.00	0.03	
pulse-trend-radar	4h	ETHUSD	script	33	0.066	2.2	0.70	18	-0.007	15	0.154	0	0.70	0.06	0.00	0.03	
pulse-trend-radar	4h	ETHUSD	er0.25	13	0.167	2.2	0.69	6	-0.281	7	0.550	0	0.69	0.08	0.00	0.08	
pulse-trend-radar	4h	ETHUSD	confirm1	13	-0.204	-2.7	0.54	7	-0.100	6	-0.326	0	0.54	0.08	0.00	0.00	
pulse-trend-radar	4h	ETHUSD	er+stop1.5	13	0.167	2.2	0.69	6	-0.281	7	0.550	0	0.69	0.08	0.00	0.08	
pulse-trend-radar	4h	ETHUSD	er+stop2	13	0.167	2.2	0.69	6	-0.281	7	0.550	0	0.69	0.08	0.00	0.08	
pulse-trend-radar	4h	ETHUSD	confirm1+er	8	-0.039	-0.3	0.63	5	-0.015	3	-0.080	0	0.63	0.13	0.00	0.00	
pulse-trend-radar	4h	ETHUSD	inverted	33	-0.037	-1.2	0.70	18	-0.077	15	0.011	0	0.70	0.12	0.00	0.18	
pulse-trend-radar	4h	ETHUSD	long	16	0.117	1.9	0.69	9	-0.267	7	0.610	0	0.69	0.06	0.00	0.06	
pulse-trend-radar	4h	ETHUSD	short	17	0.019	0.3	0.71	9	0.253	8	-0.245	0	0.71	0.06	0.00	0.00	
pulse-trend-radar	4h	ETHUSD	label:alert:🟢 BUY [C]	12	0.255	3.1	0.75	7	-0.262	5	0.978	0	0.75	0.08	0.00	0.08	
pulse-trend-radar	4h	ETHUSD	label:alert:🔴 SELL [C]	12	0.091	1.1	0.75	6	0.174	6	0.007	1	0.75	0.08	0.00	0.00	
pulse-trend-radar	4h	ETHUSD	repaint	33	0.066	2.2	0.70	18	-0.007	15	0.154	0	0.70	0.06	0.00	0.03	0 of 33 earlier entries changed when the last 60 bars were hidden (0%)
pulse-trend-radar	4h	ETHUSD	verdict	33	0.066	2.2	0.70	18	-0.007	15	0.154	0	0.70	0.06	0.00	0.03	COSTS: positive before fees, negative after → a slower timeframe or a wider stop/target so each trade pays the round trip several times over
pulse-trend-radar	4h	BTCUSD	base	37	-0.154	-5.7	0.57	20	-0.107	17	-0.210	0	0.57	0.08	0.00	0.03	
pulse-trend-radar	4h	BTCUSD	gross	37	-0.121	-4.5	0.57	20	-0.075	17	-0.175	0	0.57	0.08	0.00	0.03	
pulse-trend-radar	4h	BTCUSD	stop1.5	37	-0.154	-5.7	0.57	20	-0.107	17	-0.210	0	0.57	0.08	0.00	0.03	
pulse-trend-radar	4h	BTCUSD	stop2	37	-0.154	-5.7	0.57	20	-0.107	17	-0.210	0	0.57	0.08	0.00	0.03	
pulse-trend-radar	4h	BTCUSD	tp1	37	-0.253	-9.4	0.38	20	-0.188	17	-0.330	0	0.54	0.00	0.00	0.03	
pulse-trend-radar	4h	BTCUSD	levels	37	-0.154	-5.7	0.57	20	-0.107	17	-0.210	0	0.57	0.08	0.00	0.03	
pulse-trend-radar	4h	BTCUSD	script	37	-0.154	-5.7	0.57	20	-0.107	17	-0.210	0	0.57	0.08	0.00	0.03	
pulse-trend-radar	4h	BTCUSD	er0.25	20	-0.024	-0.5	0.65	10	-0.125	10	0.077	0	0.65	0.10	0.00	0.05	
pulse-trend-radar	4h	BTCUSD	confirm1	20	-0.120	-2.4	0.55	8	-0.268	12	-0.021	0	0.55	0.10	0.00	0.00	
pulse-trend-radar	4h	BTCUSD	er+stop1.5	20	-0.024	-0.5	0.65	10	-0.125	10	0.077	0	0.65	0.10	0.00	0.05	
pulse-trend-radar	4h	BTCUSD	er+stop2	20	-0.024	-0.5	0.65	10	-0.125	10	0.077	0	0.65	0.10	0.00	0.05	
pulse-trend-radar	4h	BTCUSD	confirm1+er	12	0.194	2.3	0.75	4	-0.026	8	0.303	0	0.75	0.17	0.00	0.00	
pulse-trend-radar	4h	BTCUSD	inverted	37	-0.007	-0.3	0.68	20	0.009	17	-0.025	0	0.68	0.16	0.05	0.11	
pulse-trend-radar	4h	BTCUSD	long	18	-0.065	-1.2	0.61	10	-0.245	8	0.161	0	0.61	0.17	0.00	0.06	
pulse-trend-radar	4h	BTCUSD	short	19	-0.284	-5.4	0.53	10	-0.053	9	-0.540	0	0.53	0.00	0.00	0.00	
pulse-trend-radar	4h	BTCUSD	label:alert:🔴 SELL [C]	12	-0.399	-4.8	0.42	5	-0.132	7	-0.591	0	0.42	0.00	0.00	0.00	
pulse-trend-radar	4h	BTCUSD	repaint	35	-0.154	-5.7	0.57	20	-0.107	17	-0.210	0	0.57	0.08	0.00	0.03	0 of 35 earlier entries changed when the last 60 bars were hidden (0%)
pulse-trend-radar	4h	BTCUSD	verdict	37	-0.154	-5.7	0.57	20	-0.107	17	-0.210	0	0.57	0.08	0.00	0.03	no variant pays in both halves → not a reading, exit or cost problem on this cell; re-time or retire the pair
pulse-trend-radar	4h	SOLUSD	base	33	0.094	3.1	0.67	15	0.227	18	-0.016	0	0.67	0.15	0.06	0.00	
pulse-trend-radar	4h	SOLUSD	gross	33	0.123	4.0	0.67	15	0.252	18	0.015	1	0.67	0.15	0.06	0.00	
pulse-trend-radar	4h	SOLUSD	stop1.5	33	0.094	3.1	0.67	15	0.227	18	-0.016	0	0.67	0.15	0.06	0.00	
pulse-trend-radar	4h	SOLUSD	stop2	33	0.094	3.1	0.67	15	0.227	18	-0.016	0	0.67	0.15	0.06	0.00	
pulse-trend-radar	4h	SOLUSD	tp1	33	-0.098	-3.2	0.45	15	-0.257	18	0.034	0	0.64	0.00	0.00	0.00	
pulse-trend-radar	4h	SOLUSD	levels	33	0.094	3.1	0.67	15	0.227	18	-0.016	0	0.67	0.15	0.06	0.00	
pulse-trend-radar	4h	SOLUSD	script	33	0.094	3.1	0.67	15	0.227	18	-0.016	0	0.67	0.15	0.06	0.00	
pulse-trend-radar	4h	SOLUSD	er0.25	16	0.029	0.5	0.63	6	-0.036	10	0.068	0	0.63	0.13	0.06	0.00	
pulse-trend-radar	4h	SOLUSD	confirm1	15	-0.082	-1.2	0.60	7	0.123	8	-0.262	0	0.60	0.13	0.00	0.00	
pulse-trend-radar	4h	SOLUSD	er+stop1.5	16	0.029	0.5	0.63	6	-0.036	10	0.068	0	0.63	0.13	0.06	0.00	
pulse-trend-radar	4h	SOLUSD	er+stop2	16	0.029	0.5	0.63	6	-0.036	10	0.068	0	0.63	0.13	0.06	0.00	
pulse-trend-radar	4h	SOLUSD	confirm1+er	10	-0.290	-2.9	0.50	4	-0.260	6	-0.310	0	0.50	0.00	0.00	0.00	
pulse-trend-radar	4h	SOLUSD	inverted	35	-0.098	-3.4	0.63	17	-0.264	18	0.059	0	0.63	0.14	0.00	0.03	
pulse-trend-radar	4h	SOLUSD	long	16	0.219	3.5	0.69	7	0.163	9	0.262	1	0.69	0.25	0.13	0.00	
pulse-trend-radar	4h	SOLUSD	short	17	-0.023	-0.4	0.65	8	0.283	9	-0.295	0	0.65	0.06	0.00	0.00	
pulse-trend-radar	4h	SOLUSD	label:alert:🟢 BUY [C]	11	0.035	0.4	0.64	6	-0.101	5	0.198	0	0.64	0.09	0.09	0.00	
pulse-trend-radar	4h	SOLUSD	label:alert:🔴 SELL [C]	10	-0.125	-1.3	0.60	4	0.043	6	-0.237	0	0.60	0.00	0.00	0.00	
pulse-trend-radar	4h	SOLUSD	repaint	34	0.094	3.1	0.67	15	0.227	18	-0.016	0	0.67	0.15	0.06	0.00	0 of 34 earlier entries changed when the last 60 bars were hidden (0%)
pulse-trend-radar	4h	SOLUSD	verdict	33	0.094	3.1	0.67	15	0.227	18	-0.016	0	0.67	0.15	0.06	0.00	COSTS: positive before fees, negative after → a slower timeframe or a wider stop/target so each trade pays the round trip several times over
pulse-trend-radar	4h	XRPUSD	base	31	-0.082	-2.5	0.61	17	-0.210	14	0.074	0	0.61	0.13	0.03	0.00	
pulse-trend-radar	4h	XRPUSD	gross	31	-0.055	-1.7	0.61	17	-0.194	14	0.114	0	0.61	0.13	0.03	0.00	
pulse-trend-radar	4h	XRPUSD	stop1.5	31	-0.082	-2.5	0.61	17	-0.210	14	0.074	0	0.61	0.13	0.03	0.00	
pulse-trend-radar	4h	XRPUSD	stop2	31	-0.082	-2.5	0.61	17	-0.210	14	0.074	0	0.61	0.13	0.03	0.00	
pulse-trend-radar	4h	XRPUSD	tp1	31	0.084	2.6	0.55	17	-0.079	14	0.282	0	0.52	0.00	0.00	0.00	
pulse-trend-radar	4h	XRPUSD	levels	31	-0.082	-2.5	0.61	17	-0.210	14	0.074	0	0.61	0.13	0.03	0.00	
pulse-trend-radar	4h	XRPUSD	script	31	-0.082	-2.5	0.61	17	-0.210	14	0.074	0	0.61	0.13	0.03	0.00	
pulse-trend-radar	4h	XRPUSD	er0.25	15	0.022	0.3	0.67	7	-0.161	8	0.181	0	0.67	0.20	0.07	0.00	
pulse-trend-radar	4h	XRPUSD	confirm1	13	-0.140	-1.8	0.54	8	-0.223	5	-0.008	0	0.54	0.08	0.00	0.00	
pulse-trend-radar	4h	XRPUSD	er+stop1.5	15	0.022	0.3	0.67	7	-0.161	8	0.181	0	0.67	0.20	0.07	0.00	
pulse-trend-radar	4h	XRPUSD	er+stop2	15	0.022	0.3	0.67	7	-0.161	8	0.181	0	0.67	0.20	0.07	0.00	
pulse-trend-radar	4h	XRPUSD	confirm1+er	9	-0.286	-2.6	0.44	4	-0.634	5	-0.008	0	0.44	0.00	0.00	0.00	
pulse-trend-radar	4h	XRPUSD	inverted	31	-0.033	-1.0	0.71	17	0.028	14	-0.107	0	0.71	0.03	0.00	0.10	
pulse-trend-radar	4h	XRPUSD	long	15	-0.234	-3.5	0.47	8	-0.576	7	0.157	0	0.47	0.20	0.07	0.00	
pulse-trend-radar	4h	XRPUSD	short	16	0.061	1.0	0.75	9	0.115	7	-0.008	0	0.75	0.06	0.00	0.00	
pulse-trend-radar	4h	XRPUSD	label:alert:🔴 SELL [C]	12	-0.066	-0.8	0.67	6	-0.061	6	-0.072	0	0.67	0.08	0.00	0.00	
pulse-trend-radar	4h	XRPUSD	label:alert:🟢 BUY [C]	10	-0.240	-2.4	0.50	5	-0.321	5	-0.158	0	0.50	0.20	0.00	0.00	
pulse-trend-radar	4h	XRPUSD	repaint	31	-0.082	-2.5	0.61	17	-0.210	14	0.074	0	0.61	0.13	0.03	0.00	0 of 31 earlier entries changed when the last 60 bars were hidden (0%)
pulse-trend-radar	4h	XRPUSD	verdict	31	-0.082	-2.5	0.61	17	-0.210	14	0.074	0	0.61	0.13	0.03	0.00	no variant pays in both halves → not a reading, exit or cost problem on this cell; re-time or retire the pair
pulse-trend-radar	4h	BNBUSD	base	34	-0.096	-3.3	0.59	16	-0.029	18	-0.156	0	0.59	0.12	0.06	0.00	
pulse-trend-radar	4h	BNBUSD	gross	34	-0.062	-2.1	0.59	16	0.003	18	-0.120	0	0.59	0.12	0.06	0.00	
pulse-trend-radar	4h	BNBUSD	stop1.5	34	-0.096	-3.3	0.59	16	-0.029	18	-0.156	0	0.59	0.12	0.06	0.00	
pulse-trend-radar	4h	BNBUSD	stop2	34	-0.096	-3.3	0.59	16	-0.029	18	-0.156	0	0.59	0.12	0.06	0.00	
pulse-trend-radar	4h	BNBUSD	tp1	34	-0.086	-2.9	0.47	16	-0.034	18	-0.133	0	0.56	0.00	0.00	0.00	
pulse-trend-radar	4h	BNBUSD	levels	34	-0.096	-3.3	0.59	16	-0.029	18	-0.156	0	0.59	0.12	0.06	0.00	
pulse-trend-radar	4h	BNBUSD	script	34	-0.096	-3.3	0.59	16	-0.029	18	-0.156	0	0.59	0.12	0.06	0.00	
pulse-trend-radar	4h	BNBUSD	er0.25	14	-0.126	-1.8	0.57	6	-0.090	8	-0.153	0	0.57	0.14	0.07	0.00	
pulse-trend-radar	4h	BNBUSD	confirm1	17	-0.361	-6.1	0.41	5	-0.745	12	-0.202	0	0.41	0.06	0.06	0.00	
pulse-trend-radar	4h	BNBUSD	er+stop1.5	14	-0.126	-1.8	0.57	6	-0.090	8	-0.153	0	0.57	0.14	0.07	0.00	
pulse-trend-radar	4h	BNBUSD	er+stop2	14	-0.126	-1.8	0.57	6	-0.090	8	-0.153	0	0.57	0.14	0.07	0.00	
pulse-trend-radar	4h	BNBUSD	confirm1+er	7	-0.420	-2.9	0.43	3	-0.575	4	-0.304	0	0.43	0.00	0.00	0.00	
pulse-trend-radar	4h	BNBUSD	inverted	35	-0.239	-8.4	0.57	16	-0.440	19	-0.070	0	0.57	0.09	0.00	0.29	
pulse-trend-radar	4h	BNBUSD	long	17	-0.051	-0.9	0.59	8	-0.329	9	0.197	0	0.59	0.12	0.12	0.00	
pulse-trend-radar	4h	BNBUSD	short	16	-0.109	-1.7	0.63	8	0.270	8	-0.488	0	0.63	0.13	0.00	0.00	
pulse-trend-radar	4h	BNBUSD	label:alert:🟢 BUY [C]	10	-0.124	-1.2	0.60	6	-0.312	4	0.158	0	0.60	0.00	0.00	0.00	
pulse-trend-radar	4h	BNBUSD	label:alert:🔴 SELL [C]	12	-0.292	-3.5	0.50	4	0.020	8	-0.448	0	0.50	0.00	0.00	0.00	
pulse-trend-radar	4h	BNBUSD	repaint	34	-0.096	-3.3	0.59	16	-0.029	18	-0.156	0	0.59	0.12	0.06	0.00	0 of 34 earlier entries changed when the last 60 bars were hidden (0%)
pulse-trend-radar	4h	BNBUSD	verdict	34	-0.096	-3.3	0.59	16	-0.029	18	-0.156	0	0.59	0.12	0.06	0.00	no variant pays in both halves → not a reading, exit or cost problem on this cell; re-time or retire the pair
pulse-trend-radar	4h	DOGEUSD	base	35	-0.051	-1.8	0.60	16	0.282	19	-0.331	0	0.60	0.11	0.03	0.00	
pulse-trend-radar	4h	DOGEUSD	gross	35	-0.029	-1.0	0.60	16	0.310	19	-0.314	0	0.60	0.11	0.03	0.00	
pulse-trend-radar	4h	DOGEUSD	stop1.5	35	-0.051	-1.8	0.60	16	0.282	19	-0.331	0	0.60	0.11	0.03	0.00	
pulse-trend-radar	4h	DOGEUSD	stop2	35	-0.051	-1.8	0.60	16	0.282	19	-0.331	0	0.60	0.11	0.03	0.00	
pulse-trend-radar	4h	DOGEUSD	tp1	35	-0.166	-5.8	0.40	16	-0.008	19	-0.299	0	0.60	0.00	0.00	0.00	
pulse-trend-radar	4h	DOGEUSD	levels	35	-0.051	-1.8	0.60	16	0.282	19	-0.331	0	0.60	0.11	0.03	0.00	
pulse-trend-radar	4h	DOGEUSD	script	35	-0.051	-1.8	0.60	16	0.282	19	-0.331	0	0.60	0.11	0.03	0.00	
pulse-trend-radar	4h	DOGEUSD	er0.25	12	-0.080	-1.0	0.58	4	-0.058	8	-0.090	0	0.58	0.17	0.00	0.00	
pulse-trend-radar	4h	DOGEUSD	confirm1	16	-0.033	-0.5	0.63	6	0.314	10	-0.241	0	0.63	0.06	0.00	0.00	
pulse-trend-radar	4h	DOGEUSD	er+stop1.5	12	-0.080	-1.0	0.58	4	-0.058	8	-0.090	0	0.58	0.17	0.00	0.00	
pulse-trend-radar	4h	DOGEUSD	er+stop2	12	-0.080	-1.0	0.58	4	-0.058	8	-0.090	0	0.58	0.17	0.00	0.00	
pulse-trend-radar	4h	DOGEUSD	confirm1+er	9	0.118	1.1	0.78	4	0.065	5	0.161	0	0.78	0.00	0.00	0.00	
pulse-trend-radar	4h	DOGEUSD	inverted	35	-0.116	-4.1	0.66	16	-0.346	19	0.078	0	0.66	0.09	0.00	0.06	
pulse-trend-radar	4h	DOGEUSD	long	17	-0.277	-4.7	0.47	8	-0.028	9	-0.499	0	0.47	0.06	0.00	0.00	
pulse-trend-radar	4h	DOGEUSD	short	18	0.196	3.5	0.78	8	0.592	10	-0.121	0	0.78	0.17	0.06	0.00	
pulse-trend-radar	4h	DOGEUSD	label:alert:🔴 SELL [C]	14	0.093	1.3	0.71	5	0.474	9	-0.119	0	0.71	0.07	0.00	0.00	
pulse-trend-radar	4h	DOGEUSD	label:alert:🟢 BUY [C]	14	-0.311	-4.4	0.43	6	0.073	8	-0.598	0	0.43	0.07	0.00	0.00	
pulse-trend-radar	4h	DOGEUSD	repaint	35	-0.051	-1.8	0.60	16	0.282	19	-0.331	0	0.60	0.11	0.03	0.00	0 of 35 earlier entries changed when the last 60 bars were hidden (0%)
pulse-trend-radar	4h	DOGEUSD	verdict	35	-0.051	-1.8	0.60	16	0.282	19	-0.331	0	0.60	0.11	0.03	0.00	no variant pays in both halves → not a reading, exit or cost problem on this cell; re-time or retire the pair
pulse-trend-radar	4h	AVAXUSD	base	37	-0.067	-2.5	0.62	18	-0.063	19	-0.071	0	0.62	0.14	0.00	0.03	
pulse-trend-radar	4h	AVAXUSD	gross	37	-0.042	-1.6	0.62	18	-0.040	19	-0.045	0	0.62	0.14	0.00	0.03	
pulse-trend-radar	4h	AVAXUSD	stop1.5	37	-0.067	-2.5	0.62	18	-0.063	19	-0.071	0	0.62	0.14	0.00	0.03	
pulse-trend-radar	4h	AVAXUSD	stop2	37	-0.067	-2.5	0.62	18	-0.063	19	-0.071	0	0.62	0.14	0.00	0.03	
pulse-trend-radar	4h	AVAXUSD	tp1	37	-0.040	-1.5	0.49	18	0.082	19	-0.156	0	0.59	0.00	0.00	0.03	
pulse-trend-radar	4h	AVAXUSD	levels	37	-0.067	-2.5	0.62	18	-0.063	19	-0.071	0	0.62	0.14	0.00	0.03	
pulse-trend-radar	4h	AVAXUSD	script	37	-0.067	-2.5	0.62	18	-0.063	19	-0.071	0	0.62	0.14	0.00	0.03	
pulse-trend-radar	4h	AVAXUSD	er0.25	16	-0.191	-3.1	0.56	4	-0.568	12	-0.066	0	0.56	0.06	0.00	0.06	
pulse-trend-radar	4h	AVAXUSD	confirm1	18	-0.398	-7.2	0.44	11	-0.380	7	-0.426	0	0.44	0.00	0.00	0.00	
pulse-trend-radar	4h	AVAXUSD	er+stop1.5	16	-0.191	-3.1	0.56	4	-0.568	12	-0.066	0	0.56	0.06	0.00	0.06	
pulse-trend-radar	4h	AVAXUSD	er+stop2	16	-0.191	-3.1	0.56	4	-0.568	12	-0.066	0	0.56	0.06	0.00	0.06	
pulse-trend-radar	4h	AVAXUSD	confirm1+er	7	-0.414	-2.9	0.43	3	-0.528	4	-0.329	0	0.43	0.00	0.00	0.00	
pulse-trend-radar	4h	AVAXUSD	inverted	37	0.016	0.6	0.65	18	-0.169	19	0.192	0	0.65	0.22	0.08	0.16	
pulse-trend-radar	4h	AVAXUSD	long	18	-0.015	-0.3	0.67	9	-0.112	9	0.082	0	0.67	0.17	0.00	0.06	
pulse-trend-radar	4h	AVAXUSD	short	19	-0.144	-2.7	0.58	9	-0.014	10	-0.261	0	0.58	0.11	0.00	0.00	
pulse-trend-radar	4h	AVAXUSD	label:alert:🟢 BUY [C]	12	0.158	1.9	0.75	6	0.114	6	0.202	1	0.75	0.25	0.00	0.00	
pulse-trend-radar	4h	AVAXUSD	label:alert:🔴 SELL [C]	16	-0.036	-0.6	0.63	8	0.110	8	-0.182	0	0.63	0.13	0.00	0.00	
pulse-trend-radar	4h	AVAXUSD	repaint	36	-0.067	-2.5	0.62	18	-0.063	19	-0.071	0	0.62	0.14	0.00	0.03	0 of 36 earlier entries changed when the last 60 bars were hidden (0%)
pulse-trend-radar	4h	AVAXUSD	verdict	37	-0.067	-2.5	0.62	18	-0.063	19	-0.071	0	0.62	0.14	0.00	0.03	no variant pays in both halves → not a reading, exit or cost problem on this cell; re-time or retire the pair
pulse-trend-radar	4h	ADAUSD	base	41	-0.192	-7.9	0.56	24	-0.221	17	-0.150	0	0.56	0.07	0.00	0.00	
pulse-trend-radar	4h	ADAUSD	gross	41	-0.176	-7.2	0.56	24	-0.206	17	-0.133	0	0.56	0.07	0.00	0.00	
pulse-trend-radar	4h	ADAUSD	stop1.5	41	-0.192	-7.9	0.56	24	-0.221	17	-0.150	0	0.56	0.07	0.00	0.00	
pulse-trend-radar	4h	ADAUSD	stop2	41	-0.192	-7.9	0.56	24	-0.221	17	-0.150	0	0.56	0.07	0.00	0.00	
pulse-trend-radar	4h	ADAUSD	tp1	41	-0.164	-6.7	0.41	24	-0.224	17	-0.080	0	0.56	0.00	0.00	0.00	
pulse-trend-radar	4h	ADAUSD	levels	41	-0.192	-7.9	0.56	24	-0.221	17	-0.150	0	0.56	0.07	0.00	0.00	
pulse-trend-radar	4h	ADAUSD	script	41	-0.192	-7.9	0.56	24	-0.221	17	-0.150	0	0.56	0.07	0.00	0.00	
pulse-trend-radar	4h	ADAUSD	er0.25	19	-0.419	-8.0	0.42	10	-0.436	9	-0.400	0	0.42	0.00	0.00	0.00	
pulse-trend-radar	4h	ADAUSD	confirm1	15	-0.229	-3.4	0.47	9	-0.423	6	0.062	0	0.47	0.13	0.00	0.00	
pulse-trend-radar	4h	ADAUSD	er+stop1.5	19	-0.419	-8.0	0.42	10	-0.436	9	-0.400	0	0.42	0.00	0.00	0.00	
pulse-trend-radar	4h	ADAUSD	er+stop2	19	-0.419	-8.0	0.42	10	-0.436	9	-0.400	0	0.42	0.00	0.00	0.00	
pulse-trend-radar	4h	ADAUSD	confirm1+er	9	-0.342	-3.1	0.44	4	-0.617	5	-0.121	0	0.44	0.00	0.00	0.00	
pulse-trend-radar	4h	ADAUSD	inverted	41	-0.183	-7.5	0.59	24	-0.211	17	-0.144	0	0.59	0.10	0.00	0.17	
pulse-trend-radar	4h	ADAUSD	long	20	-0.126	-2.5	0.60	12	-0.278	8	0.102	0	0.60	0.10	0.00	0.00	
pulse-trend-radar	4h	ADAUSD	short	21	-0.254	-5.3	0.52	12	-0.164	9	-0.375	0	0.52	0.05	0.00	0.00	
pulse-trend-radar	4h	ADAUSD	label:alert:🟢 BUY [C]	12	0.126	1.5	0.75	5	-0.060	7	0.260	0	0.75	0.17	0.00	0.00	
pulse-trend-radar	4h	ADAUSD	label:alert:🔴 SELL [C]	11	-0.217	-2.4	0.55	6	-0.258	5	-0.166	0	0.55	0.09	0.00	0.00	
pulse-trend-radar	4h	ADAUSD	repaint	39	-0.192	-7.9	0.56	24	-0.221	17	-0.150	0	0.56	0.07	0.00	0.00	0 of 39 earlier entries changed when the last 60 bars were hidden (0%)
pulse-trend-radar	4h	ADAUSD	verdict	41	-0.192	-7.9	0.56	24	-0.221	17	-0.150	0	0.56	0.07	0.00	0.00	no variant pays in both halves → not a reading, exit or cost problem on this cell; re-time or retire the pair
pulse-trend-radar	4h	LTCUSD	base	31	-0.264	-8.2	0.48	16	-0.241	15	-0.287	0	0.48	0.10	0.00	0.03	
pulse-trend-radar	4h	LTCUSD	gross	31	-0.240	-7.4	0.48	16	-0.221	15	-0.260	0	0.48	0.10	0.00	0.03	
pulse-trend-radar	4h	LTCUSD	stop1.5	31	-0.264	-8.2	0.48	16	-0.241	15	-0.287	0	0.48	0.10	0.00	0.03	
pulse-trend-radar	4h	LTCUSD	stop2	31	-0.264	-8.2	0.48	16	-0.241	15	-0.287	0	0.48	0.10	0.00	0.03	
pulse-trend-radar	4h	LTCUSD	tp1	31	-0.214	-6.6	0.39	16	-0.317	15	-0.104	0	0.48	0.00	0.00	0.03	
pulse-trend-radar	4h	LTCUSD	levels	31	-0.264	-8.2	0.48	16	-0.241	15	-0.287	0	0.48	0.10	0.00	0.03	
pulse-trend-radar	4h	LTCUSD	script	31	-0.264	-8.2	0.48	16	-0.241	15	-0.287	0	0.48	0.10	0.00	0.03	
pulse-trend-radar	4h	LTCUSD	er0.25	13	-0.278	-3.6	0.46	4	-0.219	9	-0.305	0	0.46	0.15	0.00	0.08	
pulse-trend-radar	4h	LTCUSD	confirm1	8	0.264	2.1	0.88	4	0.458	4	0.069	0	0.88	0.00	0.00	0.00	
pulse-trend-radar	4h	LTCUSD	er+stop1.5	13	-0.278	-3.6	0.46	4	-0.219	9	-0.305	0	0.46	0.15	0.00	0.08	
pulse-trend-radar	4h	LTCUSD	er+stop2	13	-0.278	-3.6	0.46	4	-0.219	9	-0.305	0	0.46	0.15	0.00	0.08	
pulse-trend-radar	4h	LTCUSD	confirm1+er	3	-0.090	-0.3	0.67	1	0.399	2	-0.335	0	0.67	0.00	0.00	0.00	
pulse-trend-radar	4h	LTCUSD	inverted	31	0.063	2.0	0.77	16	0.101	15	0.024	1	0.77	0.16	0.00	0.13	
pulse-trend-radar	4h	LTCUSD	long	15	-0.238	-3.6	0.53	8	-0.114	7	-0.380	0	0.53	0.13	0.00	0.00	
pulse-trend-radar	4h	LTCUSD	short	16	-0.232	-3.7	0.50	8	-0.258	8	-0.206	0	0.50	0.13	0.00	0.06	
pulse-trend-radar	4h	LTCUSD	label:alert:🟢 BUY [C]	12	-0.340	-4.1	0.42	7	-0.297	5	-0.400	0	0.42	0.08	0.00	0.00	
pulse-trend-radar	4h	LTCUSD	repaint	30	-0.264	-8.2	0.48	16	-0.241	15	-0.287	0	0.48	0.10	0.00	0.03	0 of 30 earlier entries changed when the last 60 bars were hidden (0%)
pulse-trend-radar	4h	LTCUSD	verdict	31	-0.264	-8.2	0.48	16	-0.241	15	-0.287	0	0.48	0.10	0.00	0.03	no variant pays in both halves → not a reading, exit or cost problem on this cell; re-time or retire the pair
pulse-trend-radar	4h	BCHUSD	base	38	-0.196	-7.4	0.53	21	-0.396	17	0.052	0	0.53	0.11	0.00	0.05	
pulse-trend-radar	4h	BCHUSD	gross	38	-0.173	-6.6	0.53	21	-0.383	17	0.086	0	0.53	0.11	0.00	0.05	
pulse-trend-radar	4h	BCHUSD	stop1.5	38	-0.196	-7.4	0.53	21	-0.396	17	0.052	0	0.53	0.11	0.00	0.05	
pulse-trend-radar	4h	BCHUSD	stop2	38	-0.196	-7.4	0.53	21	-0.396	17	0.052	0	0.53	0.11	0.00	0.05	
pulse-trend-radar	4h	BCHUSD	tp1	38	-0.092	-3.5	0.45	21	-0.299	17	0.164	0	0.47	0.00	0.00	0.05	
pulse-trend-radar	4h	BCHUSD	levels	38	-0.196	-7.4	0.53	21	-0.396	17	0.052	0	0.53	0.11	0.00	0.05	
pulse-trend-radar	4h	BCHUSD	script	38	-0.196	-7.4	0.53	21	-0.396	17	0.052	0	0.53	0.11	0.00	0.05	
pulse-trend-radar	4h	BCHUSD	er0.25	15	-0.217	-3.3	0.53	6	-0.764	9	0.148	0	0.53	0.13	0.00	0.07	
pulse-trend-radar	4h	BCHUSD	confirm1	18	0.088	1.6	0.72	10	-0.087	8	0.307	0	0.72	0.17	0.00	0.00	
pulse-trend-radar	4h	BCHUSD	er+stop1.5	15	-0.217	-3.3	0.53	6	-0.764	9	0.148	0	0.53	0.13	0.00	0.07	
pulse-trend-radar	4h	BCHUSD	er+stop2	15	-0.217	-3.3	0.53	6	-0.764	9	0.148	0	0.53	0.13	0.00	0.07	
pulse-trend-radar	4h	BCHUSD	confirm1+er	10	0.190	1.9	0.80	2	-0.277	8	0.307	0	0.80	0.20	0.00	0.00	
pulse-trend-radar	4h	BCHUSD	inverted	38	-0.080	-3.0	0.63	21	-0.079	17	-0.081	0	0.63	0.16	0.00	0.16	
pulse-trend-radar	4h	BCHUSD	long	18	-0.218	-3.9	0.50	10	-0.423	8	0.037	0	0.50	0.11	0.00	0.06	
pulse-trend-radar	4h	BCHUSD	short	19	-0.154	-2.9	0.58	10	-0.351	9	0.066	0	0.58	0.11	0.00	0.05	
pulse-trend-radar	4h	BCHUSD	label:alert:🔴 SELL [C]	13	-0.085	-1.1	0.62	7	-0.073	6	-0.098	0	0.62	0.15	0.00	0.08	
pulse-trend-radar	4h	BCHUSD	label:alert:🟢 BUY [C]	13	-0.410	-5.3	0.38	8	-0.403	5	-0.420	0	0.38	0.00	0.00	0.08	
pulse-trend-radar	4h	BCHUSD	repaint	38	-0.196	-7.4	0.53	21	-0.396	17	0.052	0	0.53	0.11	0.00	0.05	0 of 38 earlier entries changed when the last 60 bars were hidden (0%)
pulse-trend-radar	4h	BCHUSD	verdict	38	-0.196	-7.4	0.53	21	-0.396	17	0.052	0	0.53	0.11	0.00	0.05	no variant pays in both halves → not a reading, exit or cost problem on this cell; re-time or retire the pair
pulse-trend-radar	4h	LINKUSD	base	41	-0.094	-3.9	0.63	20	-0.077	21	-0.111	0	0.63	0.05	0.00	0.00	
pulse-trend-radar	4h	LINKUSD	gross	41	-0.072	-3.0	0.63	20	-0.056	21	-0.087	0	0.63	0.05	0.00	0.00	
pulse-trend-radar	4h	LINKUSD	stop1.5	41	-0.094	-3.9	0.63	20	-0.077	21	-0.111	0	0.63	0.05	0.00	0.00	
pulse-trend-radar	4h	LINKUSD	stop2	41	-0.094	-3.9	0.63	20	-0.077	21	-0.111	0	0.63	0.05	0.00	0.00	
pulse-trend-radar	4h	LINKUSD	tp1	41	-0.089	-3.7	0.46	20	-0.317	21	0.127	0	0.63	0.00	0.00	0.00	
pulse-trend-radar	4h	LINKUSD	levels	41	-0.094	-3.9	0.63	20	-0.077	21	-0.111	0	0.63	0.05	0.00	0.00	
pulse-trend-radar	4h	LINKUSD	script	41	-0.094	-3.9	0.63	20	-0.077	21	-0.111	0	0.63	0.05	0.00	0.00	
pulse-trend-radar	4h	LINKUSD	er0.25	20	-0.291	-5.8	0.50	9	-0.387	11	-0.213	0	0.50	0.00	0.00	0.00	
pulse-trend-radar	4h	LINKUSD	confirm1	20	-0.087	-1.7	0.60	8	-0.214	12	-0.002	0	0.60	0.20	0.00	0.00	
pulse-trend-radar	4h	LINKUSD	er+stop1.5	20	-0.291	-5.8	0.50	9	-0.387	11	-0.213	0	0.50	0.00	0.00	0.00	
pulse-trend-radar	4h	LINKUSD	er+stop2	20	-0.291	-5.8	0.50	9	-0.387	11	-0.213	0	0.50	0.00	0.00	0.00	
pulse-trend-radar	4h	LINKUSD	confirm1+er	7	-0.353	-2.5	0.43	1	-1.000	6	-0.245	0	0.43	0.14	0.00	0.00	
pulse-trend-radar	4h	LINKUSD	inverted	41	-0.195	-8.0	0.61	20	-0.140	21	-0.247	0	0.61	0.05	0.00	0.15	
pulse-trend-radar	4h	LINKUSD	long	20	-0.053	-1.1	0.65	10	-0.254	10	0.147	0	0.65	0.05	0.00	0.00	
pulse-trend-radar	4h	LINKUSD	short	21	-0.149	-3.1	0.62	10	0.100	11	-0.376	0	0.62	0.05	0.00	0.00	
pulse-trend-radar	4h	LINKUSD	label:alert:🟢 BUY [C]	14	-0.058	-0.8	0.64	7	-0.115	7	-0.002	0	0.64	0.07	0.00	0.00	
pulse-trend-radar	4h	LINKUSD	label:alert:🔴 SELL [C]	13	-0.152	-2.0	0.62	5	0.048	8	-0.277	0	0.62	0.00	0.00	0.00	
pulse-trend-radar	4h	LINKUSD	repaint	40	-0.094	-3.9	0.63	20	-0.077	21	-0.111	0	0.63	0.05	0.00	0.00	0 of 40 earlier entries changed when the last 60 bars were hidden (0%)
pulse-trend-radar	4h	LINKUSD	verdict	41	-0.094	-3.9	0.63	20	-0.077	21	-0.111	0	0.63	0.05	0.00	0.00	no variant pays in both halves → not a reading, exit or cost problem on this cell; re-time or retire the pair
pulse-trend-radar	4h	SUIUSD	base	39	-0.143	-5.6	0.56	20	-0.052	19	-0.240	0	0.56	0.13	0.00	0.00	
pulse-trend-radar	4h	SUIUSD	gross	39	-0.126	-4.9	0.56	20	-0.035	19	-0.222	0	0.56	0.13	0.00	0.00	
pulse-trend-radar	4h	SUIUSD	stop1.5	39	-0.143	-5.6	0.56	20	-0.052	19	-0.240	0	0.56	0.13	0.00	0.00	
pulse-trend-radar	4h	SUIUSD	stop2	39	-0.143	-5.6	0.56	20	-0.052	19	-0.240	0	0.56	0.13	0.00	0.00	
pulse-trend-radar	4h	SUIUSD	tp1	39	-0.231	-9.0	0.38	20	-0.207	19	-0.257	0	0.56	0.00	0.00	0.00	
pulse-trend-radar	4h	SUIUSD	levels	39	-0.143	-5.6	0.56	20	-0.052	19	-0.240	0	0.56	0.13	0.00	0.00	
pulse-trend-radar	4h	SUIUSD	script	39	-0.143	-5.6	0.56	20	-0.052	19	-0.240	0	0.56	0.13	0.00	0.00	
pulse-trend-radar	4h	SUIUSD	er0.25	20	0.075	1.5	0.75	9	0.246	11	-0.064	0	0.75	0.05	0.00	0.00	
pulse-trend-radar	4h	SUIUSD	confirm1	19	-0.148	-2.8	0.53	11	-0.299	8	0.059	0	0.53	0.16	0.00	0.00	
pulse-trend-radar	4h	SUIUSD	er+stop1.5	20	0.075	1.5	0.75	9	0.246	11	-0.064	0	0.75	0.05	0.00	0.00	
pulse-trend-radar	4h	SUIUSD	er+stop2	20	0.075	1.5	0.75	9	0.246	11	-0.064	0	0.75	0.05	0.00	0.00	
pulse-trend-radar	4h	SUIUSD	confirm1+er	12	-0.267	-3.2	0.50	6	-0.281	6	-0.254	0	0.50	0.00	0.00	0.00	
pulse-trend-radar	4h	SUIUSD	inverted	39	-0.114	-4.5	0.62	20	-0.146	19	-0.081	0	0.62	0.15	0.00	0.26	
pulse-trend-radar	4h	SUIUSD	long	19	0.051	1.0	0.68	9	0.175	10	-0.060	0	0.68	0.16	0.00	0.00	
pulse-trend-radar	4h	SUIUSD	short	20	-0.328	-6.6	0.45	11	-0.237	9	-0.440	0	0.45	0.10	0.00	0.00	
pulse-trend-radar	4h	SUIUSD	label:alert:🟢 BUY [C]	13	0.066	0.9	0.69	8	0.129	5	-0.034	0	0.69	0.23	0.00	0.00	
pulse-trend-radar	4h	SUIUSD	label:alert:🔴 SELL [C]	16	-0.416	-6.7	0.38	9	-0.211	7	-0.680	0	0.38	0.13	0.00	0.00	
pulse-trend-radar	4h	SUIUSD	repaint	37	-0.143	-5.6	0.56	20	-0.052	19	-0.240	0	0.56	0.13	0.00	0.00	0 of 37 earlier entries changed when the last 60 bars were hidden (0%)
pulse-trend-radar	4h	SUIUSD	verdict	39	-0.143	-5.6	0.56	20	-0.052	19	-0.240	0	0.56	0.13	0.00	0.00	no variant pays in both halves → not a reading, exit or cost problem on this cell; re-time or retire the pair
pulse-trend-radar	4h	NEARUSD	base	28	0.063	1.8	0.71	14	0.044	14	0.081	1	0.71	0.07	0.04	0.00	
pulse-trend-radar	4h	NEARUSD	gross	28	0.082	2.3	0.71	14	0.064	14	0.100	1	0.71	0.07	0.04	0.00	
pulse-trend-radar	4h	NEARUSD	stop1.5	28	0.063	1.8	0.71	14	0.044	14	0.081	1	0.71	0.07	0.04	0.00	
pulse-trend-radar	4h	NEARUSD	stop2	28	0.063	1.8	0.71	14	0.044	14	0.081	1	0.71	0.07	0.04	0.00	
pulse-trend-radar	4h	NEARUSD	tp1	28	-0.016	-0.5	0.50	14	-0.151	14	0.119	0	0.71	0.00	0.00	0.00	
pulse-trend-radar	4h	NEARUSD	levels	28	0.063	1.8	0.71	14	0.044	14	0.081	1	0.71	0.07	0.04	0.00	
pulse-trend-radar	4h	NEARUSD	script	28	0.063	1.8	0.71	14	0.044	14	0.081	1	0.71	0.07	0.04	0.00	
pulse-trend-radar	4h	NEARUSD	er0.25	15	0.027	0.4	0.73	6	-0.203	9	0.180	0	0.73	0.07	0.00	0.00	
pulse-trend-radar	4h	NEARUSD	confirm1	14	-0.050	-0.7	0.64	5	-0.349	9	0.116	0	0.64	0.07	0.00	0.00	
pulse-trend-radar	4h	NEARUSD	er+stop1.5	15	0.027	0.4	0.73	6	-0.203	9	0.180	0	0.73	0.07	0.00	0.00	
pulse-trend-radar	4h	NEARUSD	er+stop2	15	0.027	0.4	0.73	6	-0.203	9	0.180	0	0.73	0.07	0.00	0.00	
pulse-trend-radar	4h	NEARUSD	confirm1+er	10	0.036	0.4	0.70	3	0.084	7	0.015	0	0.70	0.10	0.00	0.00	
pulse-trend-radar	4h	NEARUSD	inverted	28	-0.082	-2.3	0.68	14	-0.055	14	-0.108	0	0.68	0.04	0.00	0.14	
pulse-trend-radar	4h	NEARUSD	long	14	0.087	1.2	0.79	7	-0.172	7	0.347	0	0.79	0.00	0.00	0.00	
pulse-trend-radar	4h	NEARUSD	short	14	0.029	0.4	0.64	7	0.243	7	-0.185	0	0.64	0.14	0.07	0.00	
pulse-trend-radar	4h	NEARUSD	label:alert:🟢 BUY [C]	10	-0.027	-0.3	0.70	5	-0.428	5	0.375	0	0.70	0.00	0.00	0.00	
pulse-trend-radar	4h	NEARUSD	repaint	28	0.063	1.8	0.71	14	0.044	14	0.081	1	0.71	0.07	0.04	0.00	0 of 28 earlier entries changed when the last 60 bars were hidden (0%)
pulse-trend-radar	4h	NEARUSD	verdict	28	0.063	1.8	0.71	14	0.044	14	0.081	1	0.71	0.07	0.04	0.00	pays as read → nothing to fix; measure in shadow
pulse-trend-radar	4h	HYPEUSD	base	37	0.147	5.5	0.76	19	0.172	18	0.121	1	0.76	0.05	0.03	0.00	
pulse-trend-radar	4h	HYPEUSD	gross	37	0.168	6.2	0.76	19	0.191	18	0.143	1	0.76	0.05	0.03	0.00	
pulse-trend-radar	4h	HYPEUSD	stop1.5	37	0.147	5.5	0.76	19	0.172	18	0.121	1	0.76	0.05	0.03	0.00	
pulse-trend-radar	4h	HYPEUSD	stop2	37	0.147	5.5	0.76	19	0.172	18	0.121	1	0.76	0.05	0.03	0.00	
pulse-trend-radar	4h	HYPEUSD	tp1	37	0.058	2.1	0.54	19	-0.200	18	0.330	0	0.76	0.00	0.00	0.00	
pulse-trend-radar	4h	HYPEUSD	levels	37	0.147	5.5	0.76	19	0.172	18	0.121	1	0.76	0.05	0.03	0.00	
pulse-trend-radar	4h	HYPEUSD	script	37	0.147	5.5	0.76	19	0.172	18	0.121	1	0.76	0.05	0.03	0.00	
pulse-trend-radar	4h	HYPEUSD	er0.25	19	-0.010	-0.2	0.63	11	-0.077	8	0.081	0	0.63	0.11	0.05	0.00	
pulse-trend-radar	4h	HYPEUSD	confirm1	15	0.088	1.3	0.73	7	-0.171	8	0.315	0	0.73	0.07	0.00	0.00	
pulse-trend-radar	4h	HYPEUSD	er+stop1.5	19	-0.010	-0.2	0.63	11	-0.077	8	0.081	0	0.63	0.11	0.05	0.00	
pulse-trend-radar	4h	HYPEUSD	er+stop2	19	-0.010	-0.2	0.63	11	-0.077	8	0.081	0	0.63	0.11	0.05	0.00	
pulse-trend-radar	4h	HYPEUSD	confirm1+er	6	0.021	0.1	0.67	4	-0.277	2	0.615	0	0.67	0.17	0.00	0.00	
pulse-trend-radar	4h	HYPEUSD	inverted	37	0.026	1.0	0.73	19	-0.044	18	0.100	0	0.73	0.11	0.00	0.08	
pulse-trend-radar	4h	HYPEUSD	long	18	-0.017	-0.3	0.67	9	-0.194	9	0.161	0	0.67	0.00	0.00	0.00	
pulse-trend-radar	4h	HYPEUSD	short	19	0.303	5.8	0.84	10	0.502	9	0.081	1	0.84	0.11	0.05	0.00	
pulse-trend-radar	4h	HYPEUSD	label:alert:🔴 SELL [C]	11	0.300	3.3	0.82	6	0.455	5	0.115	1	0.82	0.09	0.09	0.00	
pulse-trend-radar	4h	HYPEUSD	repaint	37	0.147	5.5	0.76	19	0.172	18	0.121	1	0.76	0.05	0.03	0.00	0 of 37 earlier entries changed when the last 60 bars were hidden (0%)
pulse-trend-radar	4h	HYPEUSD	verdict	37	0.147	5.5	0.76	19	0.172	18	0.121	1	0.76	0.05	0.03	0.00	pays as read → nothing to fix; measure in shadow
session-killzones-breakouts	15m	ETHUSD	base	8	-0.082	-0.7	0.63	5	-0.015	3	-0.193	0	0.63	0.25	0.13	0.38	
session-killzones-breakouts	15m	ETHUSD	gross	47	-0.139	-6.5	0.55	25	-0.182	22	-0.091	0	0.55	0.19	0.06	0.30	
session-killzones-breakouts	15m	ETHUSD	stop1.5	23	-0.176	-4.1	0.65	10	-0.196	13	-0.161	0	0.65	0.09	0.00	0.09	
session-killzones-breakouts	15m	ETHUSD	stop2	32	-0.250	-8.0	0.56	16	-0.398	16	-0.102	0	0.56	0.19	0.00	0.03	
session-killzones-breakouts	15m	ETHUSD	tp1	8	0.061	0.5	0.63	5	0.032	3	0.110	0	0.38	0.00	0.00	0.38	
session-killzones-breakouts	15m	ETHUSD	levels	8	-0.082	-0.7	0.63	5	-0.015	3	-0.193	0	0.63	0.25	0.13	0.38	
session-killzones-breakouts	15m	ETHUSD	er0.25	5	0.224	1.1	0.80	4	0.209	1	0.283	0	0.80	0.40	0.20	0.20	
session-killzones-breakouts	15m	ETHUSD	confirm1	4	-0.342	-1.4	0.50	3	-0.149	1	-0.922	0	0.50	0.00	0.00	0.50	
session-killzones-breakouts	15m	ETHUSD	er+stop1.5	17	-0.097	-1.6	0.71	8	-0.003	9	-0.181	0	0.71	0.12	0.00	0.06	
session-killzones-breakouts	15m	ETHUSD	er+stop2	24	-0.230	-5.5	0.58	13	-0.259	11	-0.195	0	0.58	0.17	0.00	0.04	
session-killzones-breakouts	15m	ETHUSD	confirm1+er	4	-0.342	-1.4	0.50	3	-0.149	1	-0.922	0	0.50	0.00	0.00	0.50	
session-killzones-breakouts	15m	ETHUSD	inverted	8	-0.350	-2.8	0.50	5	-0.424	3	-0.226	0	0.50	0.13	0.00	0.25	
session-killzones-breakouts	15m	ETHUSD	long	8	-0.082	-0.7	0.63	5	-0.015	3	-0.193	0	0.63	0.25	0.13	0.38	
session-killzones-breakouts	15m	ETHUSD	short	0	0.000	0.0	0.00	0	0.000	0	0.000	0	0.00	0.00	0.00	0.00	
session-killzones-breakouts	15m	ETHUSD	repaint	47	-0.082	-0.7	0.63	5	-0.015	3	-0.193	0	0.63	0.25	0.13	0.38	0 of 47 earlier entries changed when the last 60 bars were hidden (0%)
session-killzones-breakouts	15m	ETHUSD	verdict	8	-0.082	-0.7	0.63	5	-0.015	3	-0.193	0	0.63	0.25	0.13	0.38	too few trades to say → more history or a faster timeframe before judging
session-killzones-breakouts	15m	BTCUSD	base	1	0.477	0.5	1.00	1	0.477	0	0.000	0	1.00	1.00	0.00	0.00	
session-killzones-breakouts	15m	BTCUSD	gross	45	0.063	2.8	0.64	22	0.209	23	-0.077	0	0.64	0.27	0.09	0.18	
session-killzones-breakouts	15m	BTCUSD	stop1.5	6	0.080	0.5	0.83	4	-0.011	2	0.264	0	0.83	0.17	0.00	0.00	
session-killzones-breakouts	15m	BTCUSD	stop2	20	-0.032	-0.6	0.75	9	0.005	11	-0.061	0	0.75	0.20	0.00	0.00	
session-killzones-breakouts	15m	BTCUSD	tp1	1	0.688	0.7	1.00	1	0.688	0	0.000	0	0.00	0.00	0.00	0.00	
session-killzones-breakouts	15m	BTCUSD	levels	1	0.477	0.5	1.00	1	0.477	0	0.000	0	1.00	1.00	0.00	0.00	
session-killzones-breakouts	15m	BTCUSD	er0.25	1	0.477	0.5	1.00	1	0.477	0	0.000	0	1.00	1.00	0.00	0.00	
session-killzones-breakouts	15m	BTCUSD	confirm1	2	1.195	2.4	1.00	2	1.195	0	0.000	0	1.00	0.50	0.50	0.00	
session-killzones-breakouts	15m	BTCUSD	er+stop1.5	3	0.318	1.0	1.00	3	0.318	0	0.000	0	1.00	0.33	0.00	0.00	
session-killzones-breakouts	15m	BTCUSD	er+stop2	13	-0.019	-0.3	0.77	7	0.073	6	-0.128	0	0.77	0.15	0.00	0.00	
session-killzones-breakouts	15m	BTCUSD	confirm1+er	2	1.195	2.4	1.00	2	1.195	0	0.000	0	1.00	0.50	0.50	0.00	
session-killzones-breakouts	15m	BTCUSD	inverted	1	-0.922	-0.9	0.00	1	-0.922	0	0.000	0	0.00	0.00	0.00	1.00	
session-killzones-breakouts	15m	BTCUSD	long	1	0.477	0.5	1.00	1	0.477	0	0.000	0	1.00	1.00	0.00	0.00	
session-killzones-breakouts	15m	BTCUSD	short	0	0.000	0.0	0.00	0	0.000	0	0.000	0	0.00	0.00	0.00	0.00	
session-killzones-breakouts	15m	BTCUSD	repaint	45	0.477	0.5	1.00	1	0.477	0	0.000	0	1.00	1.00	0.00	0.00	0 of 45 earlier entries changed when the last 60 bars were hidden (0%)
session-killzones-breakouts	15m	BTCUSD	verdict	1	0.477	0.5	1.00	1	0.477	0	0.000	0	1.00	1.00	0.00	0.00	too few trades to say → more history or a faster timeframe before judging
session-killzones-breakouts	15m	SOLUSD	base	9	0.493	4.4	1.00	4	0.928	5	0.146	0	1.00	0.33	0.22	0.00	
session-killzones-breakouts	15m	SOLUSD	gross	36	-0.051	-1.8	0.58	18	0.281	18	-0.383	0	0.58	0.17	0.11	0.17	
session-killzones-breakouts	15m	SOLUSD	stop1.5	23	-0.137	-3.2	0.61	8	-0.025	15	-0.197	0	0.61	0.22	0.09	0.04	
session-killzones-breakouts	15m	SOLUSD	stop2	27	-0.093	-2.5	0.59	12	-0.187	15	-0.018	0	0.59	0.26	0.07	0.04	
session-killzones-breakouts	15m	SOLUSD	tp1	9	0.477	4.3	0.89	4	0.676	5	0.319	0	0.56	0.00	0.00	0.00	
session-killzones-breakouts	15m	SOLUSD	levels	9	0.493	4.4	1.00	4	0.928	5	0.146	0	1.00	0.33	0.22	0.00	
session-killzones-breakouts	15m	SOLUSD	er0.25	8	0.535	4.3	1.00	4	0.928	4	0.141	0	1.00	0.38	0.25	0.00	
session-killzones-breakouts	15m	SOLUSD	confirm1	7	-0.004	-0.0	0.71	4	0.106	3	-0.151	0	0.71	0.29	0.00	0.00	
session-killzones-breakouts	15m	SOLUSD	er+stop1.5	17	-0.112	-1.9	0.59	6	0.116	11	-0.237	0	0.59	0.29	0.12	0.06	
session-killzones-breakouts	15m	SOLUSD	er+stop2	18	0.078	1.4	0.67	7	0.016	11	0.118	1	0.67	0.33	0.11	0.06	
session-killzones-breakouts	15m	SOLUSD	confirm1+er	7	-0.004	-0.0	0.71	4	0.106	3	-0.151	0	0.71	0.29	0.00	0.00	
session-killzones-breakouts	15m	SOLUSD	inverted	9	-0.567	-5.1	0.33	4	-0.369	5	-0.725	0	0.33	0.00	0.00	0.56	
session-killzones-breakouts	15m	SOLUSD	long	9	0.493	4.4	1.00	4	0.928	5	0.146	0	1.00	0.33	0.22	0.00	
session-killzones-breakouts	15m	SOLUSD	short	0	0.000	0.0	0.00	0	0.000	0	0.000	0	0.00	0.00	0.00	0.00	
session-killzones-breakouts	15m	SOLUSD	repaint	36	0.493	4.4	1.00	4	0.928	5	0.146	0	1.00	0.33	0.22	0.00	0 of 36 earlier entries changed when the last 60 bars were hidden (0%)
session-killzones-breakouts	15m	SOLUSD	verdict	9	0.493	4.4	1.00	4	0.928	5	0.146	0	1.00	0.33	0.22	0.00	too few trades to say → more history or a faster timeframe before judging
session-killzones-breakouts	15m	XRPUSD	base	12	0.483	5.8	0.83	4	1.606	8	-0.079	0	0.83	0.17	0.17	0.17	
session-killzones-breakouts	15m	XRPUSD	gross	36	0.178	6.4	0.69	15	0.319	21	0.077	1	0.69	0.17	0.08	0.22	
session-killzones-breakouts	15m	XRPUSD	stop1.5	23	-0.064	-1.5	0.65	8	0.079	15	-0.140	0	0.65	0.13	0.04	0.13	
session-killzones-breakouts	15m	XRPUSD	stop2	28	-0.056	-1.6	0.68	11	0.039	17	-0.118	0	0.68	0.14	0.04	0.11	
session-killzones-breakouts	15m	XRPUSD	tp1	12	0.275	3.3	0.75	4	0.725	8	0.050	0	0.58	0.00	0.00	0.25	
session-killzones-breakouts	15m	XRPUSD	levels	12	0.483	5.8	0.83	4	1.606	8	-0.079	0	0.83	0.17	0.17	0.17	
session-killzones-breakouts	15m	XRPUSD	er0.25	11	0.520	5.7	0.82	4	1.606	7	-0.100	0	0.82	0.18	0.18	0.18	
session-killzones-breakouts	15m	XRPUSD	confirm1	8	0.471	3.8	0.88	4	0.707	4	0.236	0	0.88	0.38	0.25	0.13	
session-killzones-breakouts	15m	XRPUSD	er+stop1.5	18	-0.076	-1.4	0.61	8	0.079	10	-0.200	0	0.61	0.17	0.06	0.17	
session-killzones-breakouts	15m	XRPUSD	er+stop2	22	-0.071	-1.6	0.64	11	0.039	11	-0.181	0	0.64	0.18	0.05	0.14	
session-killzones-breakouts	15m	XRPUSD	confirm1+er	7	0.497	3.5	0.86	4	0.707	3	0.218	0	0.86	0.43	0.29	0.14	
session-killzones-breakouts	15m	XRPUSD	inverted	12	-0.401	-4.8	0.42	4	-0.635	8	-0.285	0	0.42	0.17	0.00	0.33	
session-killzones-breakouts	15m	XRPUSD	long	12	0.483	5.8	0.83	4	1.606	8	-0.079	0	0.83	0.17	0.17	0.17	
session-killzones-breakouts	15m	XRPUSD	short	0	0.000	0.0	0.00	0	0.000	0	0.000	0	0.00	0.00	0.00	0.00	
session-killzones-breakouts	15m	XRPUSD	label:shape:Asia Bull Breakout	12	0.483	5.8	0.83	4	1.606	8	-0.079	0	0.83	0.17	0.17	0.17	
session-killzones-breakouts	15m	XRPUSD	repaint	36	0.483	5.8	0.83	4	1.606	8	-0.079	0	0.83	0.17	0.17	0.17	0 of 36 earlier entries changed when the last 60 bars were hidden (0%)
session-killzones-breakouts	15m	XRPUSD	verdict	12	0.483	5.8	0.83	4	1.606	8	-0.079	0	0.83	0.17	0.17	0.17	too few trades to say → more history or a faster timeframe before judging
session-killzones-breakouts	15m	BNBUSD	base	0	0.000	0.0	0.00	0	0.000	0	0.000	0	0.00	0.00	0.00	0.00	
session-killzones-breakouts	15m	BNBUSD	gross	44	-0.051	-2.2	0.59	22	-0.142	22	0.040	0	0.59	0.34	0.09	0.30	
session-killzones-breakouts	15m	BNBUSD	stop1.5	8	0.045	0.4	0.75	3	-0.117	5	0.141	0	0.75	0.25	0.00	0.13	
session-killzones-breakouts	15m	BNBUSD	stop2	22	-0.059	-1.3	0.64	7	-0.234	15	0.022	0	0.64	0.32	0.05	0.14	
session-killzones-breakouts	15m	BNBUSD	tp1	0	0.000	0.0	0.00	0	0.000	0	0.000	0	0.00	0.00	0.00	0.00	
session-killzones-breakouts	15m	BNBUSD	levels	0	0.000	0.0	0.00	0	0.000	0	0.000	0	0.00	0.00	0.00	0.00	
session-killzones-breakouts	15m	BNBUSD	er0.25	0	0.000	0.0	0.00	0	0.000	0	0.000	0	0.00	0.00	0.00	0.00	
session-killzones-breakouts	15m	BNBUSD	confirm1	0	0.000	0.0	0.00	0	0.000	0	0.000	0	0.00	0.00	0.00	0.00	
session-killzones-breakouts	15m	BNBUSD	er+stop1.5	7	0.194	1.4	0.86	3	-0.117	4	0.427	0	0.86	0.29	0.00	0.14	
session-killzones-breakouts	15m	BNBUSD	er+stop2	16	0.048	0.8	0.69	6	-0.121	10	0.150	0	0.69	0.38	0.06	0.13	
session-killzones-breakouts	15m	BNBUSD	confirm1+er	0	0.000	0.0	0.00	0	0.000	0	0.000	0	0.00	0.00	0.00	0.00	
session-killzones-breakouts	15m	BNBUSD	inverted	0	0.000	0.0	0.00	0	0.000	0	0.000	0	0.00	0.00	0.00	0.00	
session-killzones-breakouts	15m	BNBUSD	long	0	0.000	0.0	0.00	0	0.000	0	0.000	0	0.00	0.00	0.00	0.00	
session-killzones-breakouts	15m	BNBUSD	short	0	0.000	0.0	0.00	0	0.000	0	0.000	0	0.00	0.00	0.00	0.00	
session-killzones-breakouts	15m	BNBUSD	repaint	44	0.000	0.0	0.00	0	0.000	0	0.000	0	0.00	0.00	0.00	0.00	0 of 44 earlier entries changed when the last 60 bars were hidden (0%)
session-killzones-breakouts	15m	BNBUSD	verdict	0	0.000	0.0	0.00	0	0.000	0	0.000	0	0.00	0.00	0.00	0.00	too few trades to say → more history or a faster timeframe before judging
session-killzones-breakouts	15m	DOGEUSD	base	11	-0.091	-1.0	0.64	4	0.087	7	-0.193	0	0.64	0.27	0.00	0.27	
session-killzones-breakouts	15m	DOGEUSD	gross	40	0.064	2.6	0.68	19	0.127	21	0.007	1	0.68	0.25	0.05	0.20	
session-killzones-breakouts	15m	DOGEUSD	stop1.5	22	0.088	1.9	0.68	6	-0.146	16	0.176	0	0.68	0.27	0.05	0.09	
session-killzones-breakouts	15m	DOGEUSD	stop2	28	-0.046	-1.3	0.57	9	-0.360	19	0.102	0	0.57	0.14	0.07	0.07	
session-killzones-breakouts	15m	DOGEUSD	tp1	11	-0.054	-0.6	0.55	4	0.268	7	-0.239	0	0.36	0.00	0.00	0.36	
session-killzones-breakouts	15m	DOGEUSD	levels	11	-0.091	-1.0	0.64	4	0.087	7	-0.193	0	0.64	0.27	0.00	0.27	
session-killzones-breakouts	15m	DOGEUSD	er0.25	9	-0.066	-0.6	0.67	4	0.087	5	-0.188	0	0.67	0.22	0.00	0.22	
session-killzones-breakouts	15m	DOGEUSD	confirm1	7	-0.302	-2.1	0.43	3	0.181	4	-0.665	0	0.43	0.29	0.14	0.29	
session-killzones-breakouts	15m	DOGEUSD	er+stop1.5	14	-0.259	-3.6	0.57	6	-0.146	8	-0.343	0	0.57	0.14	0.00	0.14	
session-killzones-breakouts	15m	DOGEUSD	er+stop2	20	-0.296	-5.9	0.50	9	-0.360	11	-0.244	0	0.50	0.10	0.05	0.10	
session-killzones-breakouts	15m	DOGEUSD	confirm1+er	7	-0.302	-2.1	0.43	3	0.181	4	-0.665	0	0.43	0.29	0.14	0.29	
session-killzones-breakouts	15m	DOGEUSD	inverted	11	-0.180	-2.0	0.45	4	-0.338	7	-0.089	0	0.45	0.36	0.18	0.55	
session-killzones-breakouts	15m	DOGEUSD	long	11	-0.091	-1.0	0.64	4	0.087	7	-0.193	0	0.64	0.27	0.00	0.27	
session-killzones-breakouts	15m	DOGEUSD	short	0	0.000	0.0	0.00	0	0.000	0	0.000	0	0.00	0.00	0.00	0.00	
session-killzones-breakouts	15m	DOGEUSD	label:shape:Asia Bull Breakout	11	-0.091	-1.0	0.64	4	0.087	7	-0.193	0	0.64	0.27	0.00	0.27	
session-killzones-breakouts	15m	DOGEUSD	repaint	40	-0.091	-1.0	0.64	4	0.087	7	-0.193	0	0.64	0.27	0.00	0.27	0 of 40 earlier entries changed when the last 60 bars were hidden (0%)
session-killzones-breakouts	15m	DOGEUSD	verdict	11	-0.091	-1.0	0.64	4	0.087	7	-0.193	0	0.64	0.27	0.00	0.27	too few trades to say → more history or a faster timeframe before judging
session-killzones-breakouts	15m	AVAXUSD	base	12	0.359	4.3	0.75	4	0.098	8	0.490	0	0.75	0.42	0.25	0.17	
session-killzones-breakouts	15m	AVAXUSD	gross	33	-0.003	-0.1	0.58	15	-0.193	18	0.156	0	0.58	0.24	0.09	0.27	
session-killzones-breakouts	15m	AVAXUSD	stop1.5	23	0.002	0.1	0.70	8	-0.256	15	0.140	0	0.70	0.22	0.13	0.04	
session-killzones-breakouts	15m	AVAXUSD	stop2	29	-0.086	-2.5	0.66	12	-0.284	17	0.053	0	0.66	0.21	0.00	0.10	
session-killzones-breakouts	15m	AVAXUSD	tp1	12	0.309	3.7	0.75	4	-0.119	8	0.522	0	0.67	0.00	0.00	0.17	
session-killzones-breakouts	15m	AVAXUSD	levels	12	0.359	4.3	0.75	4	0.098	8	0.490	0	0.75	0.42	0.25	0.17	
session-killzones-breakouts	15m	AVAXUSD	er0.25	10	0.367	3.7	0.80	3	0.440	7	0.336	0	0.80	0.40	0.20	0.10	
session-killzones-breakouts	15m	AVAXUSD	confirm1	5	0.049	0.2	0.80	1	0.373	4	-0.032	0	0.80	0.20	0.00	0.20	
session-killzones-breakouts	15m	AVAXUSD	er+stop1.5	17	0.088	1.5	0.76	6	-0.016	11	0.145	0	0.76	0.24	0.12	0.00	
session-killzones-breakouts	15m	AVAXUSD	er+stop2	20	-0.028	-0.6	0.70	8	-0.093	12	0.016	0	0.70	0.20	0.00	0.00	
session-killzones-breakouts	15m	AVAXUSD	confirm1+er	5	0.049	0.2	0.80	1	0.373	4	-0.032	0	0.80	0.20	0.00	0.20	
session-killzones-breakouts	15m	AVAXUSD	inverted	12	-0.374	-4.5	0.42	4	-0.045	8	-0.538	0	0.42	0.17	0.08	0.42	
session-killzones-breakouts	15m	AVAXUSD	long	12	0.359	4.3	0.75	4	0.098	8	0.490	0	0.75	0.42	0.25	0.17	
session-killzones-breakouts	15m	AVAXUSD	short	0	0.000	0.0	0.00	0	0.000	0	0.000	0	0.00	0.00	0.00	0.00	
session-killzones-breakouts	15m	AVAXUSD	label:shape:Asia Bull Breakout	12	0.359	4.3	0.75	4	0.098	8	0.490	0	0.75	0.42	0.25	0.17	
session-killzones-breakouts	15m	AVAXUSD	repaint	33	0.359	4.3	0.75	4	0.098	8	0.490	0	0.75	0.42	0.25	0.17	0 of 33 earlier entries changed when the last 60 bars were hidden (0%)
session-killzones-breakouts	15m	AVAXUSD	verdict	12	0.359	4.3	0.75	4	0.098	8	0.490	0	0.75	0.42	0.25	0.17	too few trades to say → more history or a faster timeframe before judging
session-killzones-breakouts	15m	LTCUSD	base	9	-0.054	-0.5	0.56	2	1.096	7	-0.383	0	0.56	0.22	0.11	0.22	
session-killzones-breakouts	15m	LTCUSD	gross	42	0.084	3.5	0.60	24	0.395	18	-0.331	0	0.60	0.24	0.10	0.26	
session-killzones-breakouts	15m	LTCUSD	stop1.5	22	-0.178	-3.9	0.64	7	0.012	15	-0.266	0	0.64	0.14	0.05	0.05	
session-killzones-breakouts	15m	LTCUSD	stop2	26	-0.150	-3.9	0.58	9	-0.026	17	-0.215	0	0.58	0.15	0.04	0.00	
session-killzones-breakouts	15m	LTCUSD	tp1	9	-0.053	-0.5	0.56	2	0.683	7	-0.263	0	0.33	0.00	0.00	0.22	
session-killzones-breakouts	15m	LTCUSD	levels	9	-0.054	-0.5	0.56	2	1.096	7	-0.383	0	0.56	0.22	0.11	0.22	
session-killzones-breakouts	15m	LTCUSD	er0.25	8	0.059	0.5	0.63	2	1.096	6	-0.287	0	0.63	0.25	0.13	0.13	
session-killzones-breakouts	15m	LTCUSD	confirm1	4	0.463	1.9	1.00	1	1.252	3	0.201	0	1.00	0.25	0.25	0.00	
session-killzones-breakouts	15m	LTCUSD	er+stop1.5	18	-0.125	-2.2	0.67	4	0.194	14	-0.216	0	0.67	0.17	0.06	0.00	
session-killzones-breakouts	15m	LTCUSD	er+stop2	20	-0.086	-1.7	0.60	5	0.262	15	-0.202	0	0.60	0.20	0.05	0.00	
session-killzones-breakouts	15m	LTCUSD	confirm1+er	4	0.463	1.9	1.00	1	1.252	3	0.201	0	1.00	0.25	0.25	0.00	
session-killzones-breakouts	15m	LTCUSD	inverted	9	-0.371	-3.3	0.44	2	-0.920	7	-0.214	0	0.44	0.11	0.00	0.44	
session-killzones-breakouts	15m	LTCUSD	long	9	-0.054	-0.5	0.56	2	1.096	7	-0.383	0	0.56	0.22	0.11	0.22	
session-killzones-breakouts	15m	LTCUSD	short	0	0.000	0.0	0.00	0	0.000	0	0.000	0	0.00	0.00	0.00	0.00	
session-killzones-breakouts	15m	LTCUSD	repaint	42	-0.054	-0.5	0.56	2	1.096	7	-0.383	0	0.56	0.22	0.11	0.22	0 of 42 earlier entries changed when the last 60 bars were hidden (0%)
session-killzones-breakouts	15m	LTCUSD	verdict	9	-0.054	-0.5	0.56	2	1.096	7	-0.383	0	0.56	0.22	0.11	0.22	too few trades to say → more history or a faster timeframe before judging
session-killzones-breakouts	15m	ADAUSD	base	31	0.056	1.7	0.61	15	0.352	16	-0.220	0	0.61	0.29	0.10	0.26	
session-killzones-breakouts	15m	ADAUSD	gross	39	0.106	4.1	0.59	19	0.381	20	-0.155	0	0.59	0.31	0.08	0.28	
session-killzones-breakouts	15m	ADAUSD	stop1.5	38	-0.211	-8.0	0.53	18	0.019	20	-0.417	0	0.53	0.18	0.03	0.11	
session-killzones-breakouts	15m	ADAUSD	stop2	39	-0.151	-5.9	0.59	19	0.101	20	-0.390	0	0.59	0.21	0.03	0.05	
session-killzones-breakouts	15m	ADAUSD	tp1	31	-0.323	-10.0	0.39	15	-0.077	16	-0.554	0	0.35	0.00	0.00	0.32	
session-killzones-breakouts	15m	ADAUSD	levels	31	0.056	1.7	0.61	15	0.352	16	-0.220	0	0.61	0.29	0.10	0.26	
session-killzones-breakouts	15m	ADAUSD	er0.25	22	0.056	1.2	0.59	12	0.407	10	-0.366	0	0.59	0.27	0.09	0.23	
session-killzones-breakouts	15m	ADAUSD	confirm1	13	-0.052	-0.7	0.46	5	0.443	8	-0.361	0	0.38	0.08	0.00	0.38	
session-killzones-breakouts	15m	ADAUSD	er+stop1.5	27	-0.159	-4.3	0.56	14	0.185	13	-0.529	0	0.56	0.15	0.04	0.04	
session-killzones-breakouts	15m	ADAUSD	er+stop2	27	-0.108	-2.9	0.63	14	0.274	13	-0.518	0	0.63	0.15	0.04	0.04	
session-killzones-breakouts	15m	ADAUSD	confirm1+er	11	-0.087	-1.0	0.36	5	0.443	6	-0.528	0	0.27	0.09	0.00	0.45	
session-killzones-breakouts	15m	ADAUSD	inverted	31	-0.008	-0.2	0.71	15	0.029	16	-0.043	0	0.71	0.19	0.03	0.23	
session-killzones-breakouts	15m	ADAUSD	long	31	0.056	1.7	0.61	15	0.352	16	-0.220	0	0.61	0.29	0.10	0.26	
session-killzones-breakouts	15m	ADAUSD	short	0	0.000	0.0	0.00	0	0.000	0	0.000	0	0.00	0.00	0.00	0.00	
session-killzones-breakouts	15m	ADAUSD	label:shape:Asia Bull Breakout	31	0.056	1.7	0.61	15	0.352	16	-0.220	0	0.61	0.29	0.10	0.26	
session-killzones-breakouts	15m	ADAUSD	repaint	39	0.056	1.7	0.61	15	0.352	16	-0.220	0	0.61	0.29	0.10	0.26	0 of 39 earlier entries changed when the last 60 bars were hidden (0%)
session-killzones-breakouts	15m	ADAUSD	verdict	31	0.056	1.7	0.61	15	0.352	16	-0.220	0	0.61	0.29	0.10	0.26	no variant pays in both halves → not a reading, exit or cost problem on this cell; re-time or retire the pair
session-killzones-breakouts	15m	BCHUSD	base	6	-0.296	-1.8	0.50	1	0.478	5	-0.451	0	0.50	0.17	0.00	0.50	
session-killzones-breakouts	15m	BCHUSD	gross	36	0.017	0.6	0.58	17	0.047	19	-0.009	0	0.58	0.28	0.14	0.31	
session-killzones-breakouts	15m	BCHUSD	stop1.5	20	-0.357	-7.1	0.45	6	-0.096	14	-0.469	0	0.45	0.15	0.05	0.25	
session-killzones-breakouts	15m	BCHUSD	stop2	25	-0.263	-6.6	0.56	7	-0.086	18	-0.332	0	0.56	0.08	0.04	0.12	
session-killzones-breakouts	15m	BCHUSD	tp1	6	-0.376	-2.3	0.33	1	0.854	5	-0.622	0	0.50	0.00	0.00	0.50	
session-killzones-breakouts	15m	BCHUSD	levels	6	-0.296	-1.8	0.50	1	0.478	5	-0.451	0	0.50	0.17	0.00	0.50	
session-killzones-breakouts	15m	BCHUSD	er0.25	3	-0.470	-1.4	0.33	1	0.478	2	-0.944	0	0.33	0.00	0.00	0.67	
session-killzones-breakouts	15m	BCHUSD	confirm1	2	-0.311	-0.6	0.50	1	0.311	1	-0.932	0	0.50	0.00	0.00	0.50	
session-killzones-breakouts	15m	BCHUSD	er+stop1.5	10	-0.442	-4.4	0.40	5	0.084	5	-0.968	0	0.40	0.10	0.00	0.40	
session-killzones-breakouts	15m	BCHUSD	er+stop2	13	-0.419	-5.5	0.46	5	0.037	8	-0.704	0	0.46	0.08	0.00	0.23	
session-killzones-breakouts	15m	BCHUSD	confirm1+er	2	-0.311	-0.6	0.50	1	0.311	1	-0.932	0	0.50	0.00	0.00	0.50	
session-killzones-breakouts	15m	BCHUSD	inverted	6	0.195	1.2	0.67	1	-0.963	5	0.426	0	0.67	0.33	0.17	0.33	
session-killzones-breakouts	15m	BCHUSD	long	6	-0.296	-1.8	0.50	1	0.478	5	-0.451	0	0.50	0.17	0.00	0.50	
session-killzones-breakouts	15m	BCHUSD	short	0	0.000	0.0	0.00	0	0.000	0	0.000	0	0.00	0.00	0.00	0.00	
session-killzones-breakouts	15m	BCHUSD	repaint	36	-0.296	-1.8	0.50	1	0.478	5	-0.451	0	0.50	0.17	0.00	0.50	0 of 36 earlier entries changed when the last 60 bars were hidden (0%)
session-killzones-breakouts	15m	BCHUSD	verdict	6	-0.296	-1.8	0.50	1	0.478	5	-0.451	0	0.50	0.17	0.00	0.50	too few trades to say → more history or a faster timeframe before judging
session-killzones-breakouts	15m	LINKUSD	base	11	0.389	4.3	0.73	4	-0.146	7	0.694	0	0.73	0.36	0.27	0.18	
session-killzones-breakouts	15m	LINKUSD	gross	36	0.045	1.6	0.56	18	-0.157	18	0.247	0	0.56	0.31	0.14	0.36	
session-killzones-breakouts	15m	LINKUSD	stop1.5	21	0.291	6.1	0.76	9	-0.180	12	0.644	0	0.76	0.38	0.19	0.10	
session-killzones-breakouts	15m	LINKUSD	stop2	28	-0.016	-0.5	0.64	12	-0.180	16	0.107	0	0.64	0.21	0.07	0.18	
session-killzones-breakouts	15m	LINKUSD	tp1	11	0.222	2.4	0.73	4	-0.152	7	0.436	0	0.55	0.00	0.00	0.18	
session-killzones-breakouts	15m	LINKUSD	levels	11	0.389	4.3	0.73	4	-0.146	7	0.694	0	0.73	0.36	0.27	0.18	
session-killzones-breakouts	15m	LINKUSD	er0.25	7	0.784	5.5	0.86	2	0.668	5	0.830	0	0.86	0.43	0.43	0.14	
session-killzones-breakouts	15m	LINKUSD	confirm1	8	0.262	2.1	0.63	2	-0.104	6	0.384	0	0.63	0.63	0.25	0.38	
session-killzones-breakouts	15m	LINKUSD	er+stop1.5	11	0.533	5.9	0.82	5	0.221	6	0.793	1	0.82	0.36	0.27	0.00	
session-killzones-breakouts	15m	LINKUSD	er+stop2	17	0.057	1.0	0.65	7	0.225	10	-0.061	0	0.65	0.29	0.12	0.18	
session-killzones-breakouts	15m	LINKUSD	confirm1+er	6	-0.034	-0.2	0.50	2	-0.104	4	0.000	0	0.50	0.50	0.17	0.50	
session-killzones-breakouts	15m	LINKUSD	inverted	11	-0.518	-5.7	0.36	4	-0.377	7	-0.599	0	0.36	0.09	0.00	0.27	
session-killzones-breakouts	15m	LINKUSD	long	11	0.389	4.3	0.73	4	-0.146	7	0.694	0	0.73	0.36	0.27	0.18	
session-killzones-breakouts	15m	LINKUSD	short	0	0.000	0.0	0.00	0	0.000	0	0.000	0	0.00	0.00	0.00	0.00	
session-killzones-breakouts	15m	LINKUSD	label:shape:Asia Bull Breakout	11	0.389	4.3	0.73	4	-0.146	7	0.694	0	0.73	0.36	0.27	0.18	
session-killzones-breakouts	15m	LINKUSD	repaint	36	0.389	4.3	0.73	4	-0.146	7	0.694	0	0.73	0.36	0.27	0.18	0 of 36 earlier entries changed when the last 60 bars were hidden (0%)
session-killzones-breakouts	15m	LINKUSD	verdict	11	0.389	4.3	0.73	4	-0.146	7	0.694	0	0.73	0.36	0.27	0.18	too few trades to say → more history or a faster timeframe before judging
session-killzones-breakouts	15m	SUIUSD	base	12	0.807	9.7	0.92	3	0.974	9	0.751	0	0.92	0.42	0.25	0.00	
session-killzones-breakouts	15m	SUIUSD	gross	38	-0.011	-0.4	0.50	21	-0.185	17	0.204	0	0.50	0.21	0.11	0.39	
session-killzones-breakouts	15m	SUIUSD	stop1.5	22	0.270	5.9	0.64	6	0.202	16	0.296	1	0.64	0.41	0.23	0.09	
session-killzones-breakouts	15m	SUIUSD	stop2	25	0.073	1.8	0.64	8	-0.189	17	0.196	0	0.64	0.24	0.12	0.08	
session-killzones-breakouts	15m	SUIUSD	tp1	12	0.453	5.4	0.83	3	0.713	9	0.366	0	0.83	0.00	0.00	0.08	
session-killzones-breakouts	15m	SUIUSD	levels	12	0.807	9.7	0.92	3	0.974	9	0.751	0	0.92	0.42	0.25	0.00	
session-killzones-breakouts	15m	SUIUSD	er0.25	8	0.498	4.0	0.88	2	1.310	6	0.227	0	0.88	0.38	0.25	0.00	
session-killzones-breakouts	15m	SUIUSD	confirm1	7	0.830	5.8	1.00	2	1.004	5	0.760	0	1.00	0.71	0.43	0.00	
session-killzones-breakouts	15m	SUIUSD	er+stop1.5	16	0.247	4.0	0.63	4	0.481	12	0.169	0	0.63	0.44	0.25	0.06	
session-killzones-breakouts	15m	SUIUSD	er+stop2	18	0.100	1.8	0.67	5	0.011	13	0.134	1	0.67	0.28	0.11	0.06	
session-killzones-breakouts	15m	SUIUSD	confirm1+er	6	0.767	4.6	1.00	2	1.004	4	0.649	0	1.00	0.67	0.33	0.00	
session-killzones-breakouts	15m	SUIUSD	inverted	12	-0.360	-4.3	0.42	3	-0.536	9	-0.302	0	0.42	0.17	0.08	0.58	
session-killzones-breakouts	15m	SUIUSD	long	12	0.807	9.7	0.92	3	0.974	9	0.751	0	0.92	0.42	0.25	0.00	
session-killzones-breakouts	15m	SUIUSD	short	0	0.000	0.0	0.00	0	0.000	0	0.000	0	0.00	0.00	0.00	0.00	
session-killzones-breakouts	15m	SUIUSD	label:shape:Asia Bull Breakout	12	0.807	9.7	0.92	3	0.974	9	0.751	0	0.92	0.42	0.25	0.00	
session-killzones-breakouts	15m	SUIUSD	repaint	38	0.807	9.7	0.92	3	0.974	9	0.751	0	0.92	0.42	0.25	0.00	0 of 38 earlier entries changed when the last 60 bars were hidden (0%)
session-killzones-breakouts	15m	SUIUSD	verdict	12	0.807	9.7	0.92	3	0.974	9	0.751	0	0.92	0.42	0.25	0.00	too few trades to say → more history or a faster timeframe before judging
session-killzones-breakouts	15m	NEARUSD	base	24	-0.206	-4.9	0.58	4	-0.641	20	-0.119	0	0.58	0.13	0.00	0.21	
session-killzones-breakouts	15m	NEARUSD	gross	40	-0.013	-0.5	0.50	16	0.287	24	-0.213	0	0.50	0.20	0.13	0.30	
session-killzones-breakouts	15m	NEARUSD	stop1.5	30	-0.166	-5.0	0.53	7	-0.428	23	-0.086	0	0.53	0.17	0.10	0.17	
session-killzones-breakouts	15m	NEARUSD	stop2	36	-0.080	-2.9	0.56	12	-0.159	24	-0.041	0	0.56	0.22	0.08	0.08	
session-killzones-breakouts	15m	NEARUSD	tp1	24	-0.162	-3.9	0.46	4	-0.918	20	-0.011	0	0.58	0.00	0.00	0.25	
session-killzones-breakouts	15m	NEARUSD	levels	24	-0.206	-4.9	0.58	4	-0.641	20	-0.119	0	0.58	0.13	0.00	0.21	
session-killzones-breakouts	15m	NEARUSD	er0.25	16	-0.194	-3.1	0.56	3	-0.549	13	-0.112	0	0.56	0.19	0.00	0.25	
session-killzones-breakouts	15m	NEARUSD	confirm1	11	-0.270	-3.0	0.55	1	-0.936	10	-0.203	0	0.55	0.09	0.00	0.27	
session-killzones-breakouts	15m	NEARUSD	er+stop1.5	20	-0.223	-4.5	0.50	5	-0.421	15	-0.157	0	0.50	0.20	0.10	0.15	
session-killzones-breakouts	15m	NEARUSD	er+stop2	24	-0.031	-0.7	0.54	8	-0.018	16	-0.037	0	0.54	0.29	0.08	0.13	
session-killzones-breakouts	15m	NEARUSD	confirm1+er	10	-0.311	-3.1	0.50	1	-0.936	9	-0.242	0	0.50	0.10	0.00	0.30	
session-killzones-breakouts	15m	NEARUSD	inverted	24	0.069	1.7	0.71	4	0.655	20	-0.048	0	0.71	0.21	0.08	0.17	
session-killzones-breakouts	15m	NEARUSD	long	24	-0.206	-4.9	0.58	4	-0.641	20	-0.119	0	0.58	0.13	0.00	0.21	
session-killzones-breakouts	15m	NEARUSD	short	0	0.000	0.0	0.00	0	0.000	0	0.000	0	0.00	0.00	0.00	0.00	
session-killzones-breakouts	15m	NEARUSD	label:shape:Asia Bull Breakout	24	-0.206	-4.9	0.58	4	-0.641	20	-0.119	0	0.58	0.13	0.00	0.21	
session-killzones-breakouts	15m	NEARUSD	repaint	40	-0.206	-4.9	0.58	4	-0.641	20	-0.119	0	0.58	0.13	0.00	0.21	0 of 40 earlier entries changed when the last 60 bars were hidden (0%)
session-killzones-breakouts	15m	NEARUSD	verdict	24	-0.206	-4.9	0.58	4	-0.641	20	-0.119	0	0.58	0.13	0.00	0.21	no variant pays in both halves → not a reading, exit or cost problem on this cell; re-time or retire the pair
session-killzones-breakouts	15m	HYPEUSD	base	9	-0.009	-0.1	0.56	8	-0.110	1	0.796	0	0.56	0.44	0.22	0.22	
session-killzones-breakouts	15m	HYPEUSD	gross	47	-0.074	-3.5	0.53	24	-0.099	23	-0.049	0	0.53	0.30	0.09	0.30	
session-killzones-breakouts	15m	HYPEUSD	stop1.5	33	-0.038	-1.3	0.67	17	-0.307	16	0.248	0	0.67	0.24	0.03	0.18	
session-killzones-breakouts	15m	HYPEUSD	stop2	43	-0.102	-4.4	0.65	23	-0.255	20	0.075	0	0.65	0.21	0.05	0.12	
session-killzones-breakouts	15m	HYPEUSD	tp1	9	-0.215	-1.9	0.44	8	-0.332	1	0.716	0	0.22	0.00	0.00	0.33	
session-killzones-breakouts	15m	HYPEUSD	levels	9	-0.009	-0.1	0.56	8	-0.110	1	0.796	0	0.56	0.44	0.22	0.22	
session-killzones-breakouts	15m	HYPEUSD	er0.25	3	0.195	0.6	0.67	3	0.195	0	0.000	0	0.67	0.33	0.33	0.33	
session-killzones-breakouts	15m	HYPEUSD	confirm1	5	-0.728	-3.6	0.20	4	-0.660	1	-1.000	0	0.20	0.00	0.00	0.60	
session-killzones-breakouts	15m	HYPEUSD	er+stop1.5	19	0.019	0.4	0.68	7	-0.359	12	0.240	0	0.68	0.26	0.05	0.21	
session-killzones-breakouts	15m	HYPEUSD	er+stop2	24	0.062	1.5	0.75	10	-0.117	14	0.190	0	0.75	0.29	0.08	0.13	
session-killzones-breakouts	15m	HYPEUSD	confirm1+er	5	-0.728	-3.6	0.20	4	-0.660	1	-1.000	0	0.20	0.00	0.00	0.60	
session-killzones-breakouts	15m	HYPEUSD	inverted	9	0.018	0.2	0.56	8	0.137	1	-0.929	0	0.56	0.33	0.22	0.44	
session-killzones-breakouts	15m	HYPEUSD	long	9	-0.009	-0.1	0.56	8	-0.110	1	0.796	0	0.56	0.44	0.22	0.22	
session-killzones-breakouts	15m	HYPEUSD	short	0	0.000	0.0	0.00	0	0.000	0	0.000	0	0.00	0.00	0.00	0.00	
session-killzones-breakouts	15m	HYPEUSD	repaint	47	-0.009	-0.1	0.56	8	-0.110	1	0.796	0	0.56	0.44	0.22	0.22	0 of 47 earlier entries changed when the last 60 bars were hidden (0%)
session-killzones-breakouts	15m	HYPEUSD	verdict	9	-0.009	-0.1	0.56	8	-0.110	1	0.796	0	0.56	0.44	0.22	0.22	too few trades to say → more history or a faster timeframe before judging
session-killzones-breakouts	1h	ETHUSD	base	69	-0.018	-1.2	0.70	36	0.156	33	-0.208	0	0.70	0.17	0.04	0.19	
session-killzones-breakouts	1h	ETHUSD	gross	89	0.141	12.6	0.71	41	0.354	48	-0.041	0	0.71	0.21	0.07	0.18	
session-killzones-breakouts	1h	ETHUSD	stop1.5	87	0.016	1.4	0.70	41	0.077	46	-0.038	0	0.70	0.20	0.05	0.08	
session-killzones-breakouts	1h	ETHUSD	stop2	83	-0.072	-6.0	0.63	38	-0.003	45	-0.131	0	0.63	0.19	0.05	0.04	
session-killzones-breakouts	1h	ETHUSD	tp1	69	-0.100	-6.9	0.52	36	-0.054	33	-0.149	0	0.49	0.00	0.00	0.22	
session-killzones-breakouts	1h	ETHUSD	levels	69	-0.018	-1.2	0.70	36	0.156	33	-0.208	0	0.70	0.17	0.04	0.19	
session-killzones-breakouts	1h	ETHUSD	er0.25	34	0.068	2.3	0.76	17	0.211	17	-0.075	0	0.76	0.21	0.06	0.12	
session-killzones-breakouts	1h	ETHUSD	confirm1	31	-0.005	-0.2	0.58	19	0.021	12	-0.047	0	0.58	0.16	0.10	0.29	
session-killzones-breakouts	1h	ETHUSD	er+stop1.5	42	0.083	3.5	0.79	19	0.144	23	0.034	1	0.79	0.19	0.02	0.05	
session-killzones-breakouts	1h	ETHUSD	er+stop2	42	-0.042	-1.7	0.67	19	0.099	23	-0.158	0	0.67	0.17	0.05	0.05	
session-killzones-breakouts	1h	ETHUSD	confirm1+er	16	-0.075	-1.2	0.56	10	0.051	6	-0.285	0	0.56	0.19	0.06	0.38	
session-killzones-breakouts	1h	ETHUSD	inverted	69	-0.071	-4.9	0.67	36	-0.208	33	0.079	0	0.67	0.19	0.06	0.17	
session-killzones-breakouts	1h	ETHUSD	long	69	-0.018	-1.2	0.70	36	0.156	33	-0.208	0	0.70	0.17	0.04	0.19	
session-killzones-breakouts	1h	ETHUSD	short	0	0.000	0.0	0.00	0	0.000	0	0.000	0	0.00	0.00	0.00	0.00	
session-killzones-breakouts	1h	ETHUSD	label:shape:Asia Bull Breakout	69	-0.018	-1.2	0.70	36	0.156	33	-0.208	0	0.70	0.17	0.04	0.19	
session-killzones-breakouts	1h	ETHUSD	repaint	89	-0.018	-1.2	0.70	36	0.156	33	-0.208	0	0.70	0.17	0.04	0.19	0 of 89 earlier entries changed when the last 60 bars were hidden (0%)
session-killzones-breakouts	1h	ETHUSD	verdict	69	-0.018	-1.2	0.70	36	0.156	33	-0.208	0	0.70	0.17	0.04	0.19	no variant pays in both halves → not a reading, exit or cost problem on this cell; re-time or retire the pair
session-killzones-breakouts	1h	BTCUSD	base	50	-0.050	-2.5	0.70	27	-0.047	23	-0.055	0	0.70	0.22	0.04	0.12	
session-killzones-breakouts	1h	BTCUSD	gross	88	0.066	5.8	0.69	43	0.133	45	0.003	1	0.69	0.17	0.03	0.11	
session-killzones-breakouts	1h	BTCUSD	stop1.5	74	-0.110	-8.1	0.61	39	-0.247	35	0.042	0	0.61	0.20	0.05	0.07	
session-killzones-breakouts	1h	BTCUSD	stop2	80	-0.091	-7.3	0.65	41	-0.229	39	0.054	0	0.65	0.14	0.05	0.05	
session-killzones-breakouts	1h	BTCUSD	tp1	50	-0.164	-8.2	0.50	27	-0.198	23	-0.124	0	0.56	0.00	0.00	0.16	
session-killzones-breakouts	1h	BTCUSD	levels	50	-0.050	-2.5	0.70	27	-0.047	23	-0.055	0	0.70	0.22	0.04	0.12	
session-killzones-breakouts	1h	BTCUSD	er0.25	25	0.078	1.9	0.80	15	0.139	10	-0.014	0	0.80	0.28	0.04	0.04	
session-killzones-breakouts	1h	BTCUSD	confirm1	23	0.071	1.6	0.65	13	-0.057	10	0.237	0	0.65	0.22	0.13	0.26	
session-killzones-breakouts	1h	BTCUSD	er+stop1.5	33	0.045	1.5	0.67	19	-0.113	14	0.259	0	0.67	0.24	0.06	0.06	
session-killzones-breakouts	1h	BTCUSD	er+stop2	38	-0.078	-2.9	0.63	21	-0.260	17	0.148	0	0.63	0.16	0.05	0.08	
session-killzones-breakouts	1h	BTCUSD	confirm1+er	17	0.114	1.9	0.65	10	-0.218	7	0.588	0	0.65	0.24	0.12	0.29	
session-killzones-breakouts	1h	BTCUSD	inverted	50	-0.118	-5.9	0.68	27	-0.097	23	-0.141	0	0.68	0.18	0.04	0.14	
session-killzones-breakouts	1h	BTCUSD	long	50	-0.050	-2.5	0.70	27	-0.047	23	-0.055	0	0.70	0.22	0.04	0.12	
session-killzones-breakouts	1h	BTCUSD	short	0	0.000	0.0	0.00	0	0.000	0	0.000	0	0.00	0.00	0.00	0.00	
session-killzones-breakouts	1h	BTCUSD	label:shape:Asia Bull Breakout	50	-0.050	-2.5	0.70	27	-0.047	23	-0.055	0	0.70	0.22	0.04	0.12	
session-killzones-breakouts	1h	BTCUSD	repaint	89	-0.050	-2.5	0.70	27	-0.047	23	-0.055	0	0.70	0.22	0.04	0.12	0 of 89 earlier entries changed when the last 60 bars were hidden (0%)
session-killzones-breakouts	1h	BTCUSD	verdict	50	-0.050	-2.5	0.70	27	-0.047	23	-0.055	0	0.70	0.22	0.04	0.12	COSTS: positive before fees, negative after → a slower timeframe or a wider stop/target so each trade pays the round trip several times over
session-killzones-breakouts	1h	SOLUSD	base	70	-0.054	-3.8	0.61	37	-0.080	33	-0.025	0	0.61	0.24	0.07	0.26	
session-killzones-breakouts	1h	SOLUSD	gross	77	0.093	7.2	0.64	40	0.047	37	0.144	1	0.64	0.26	0.08	0.25	
session-killzones-breakouts	1h	SOLUSD	stop1.5	76	-0.046	-3.5	0.66	39	-0.091	37	0.002	0	0.66	0.20	0.08	0.13	
session-killzones-breakouts	1h	SOLUSD	stop2	75	-0.006	-0.5	0.68	39	-0.091	36	0.085	0	0.68	0.20	0.05	0.04	
session-killzones-breakouts	1h	SOLUSD	tp1	70	-0.135	-9.5	0.50	37	-0.099	33	-0.176	0	0.39	0.00	0.00	0.27	
session-killzones-breakouts	1h	SOLUSD	levels	70	-0.054	-3.8	0.61	37	-0.080	33	-0.025	0	0.61	0.24	0.07	0.26	
session-killzones-breakouts	1h	SOLUSD	er0.25	32	-0.029	-0.9	0.56	12	-0.005	20	-0.043	0	0.56	0.25	0.13	0.25	
session-killzones-breakouts	1h	SOLUSD	confirm1	28	-0.010	-0.3	0.68	18	0.122	10	-0.247	0	0.68	0.14	0.04	0.25	
session-killzones-breakouts	1h	SOLUSD	er+stop1.5	35	0.079	2.8	0.69	12	0.024	23	0.107	1	0.69	0.26	0.14	0.14	
session-killzones-breakouts	1h	SOLUSD	er+stop2	35	0.039	1.4	0.69	12	-0.049	23	0.085	0	0.69	0.26	0.09	0.06	
session-killzones-breakouts	1h	SOLUSD	confirm1+er	17	0.259	4.4	0.82	12	0.568	5	-0.483	0	0.82	0.18	0.06	0.12	
session-killzones-breakouts	1h	SOLUSD	inverted	70	-0.053	-3.7	0.70	37	-0.129	33	0.033	0	0.70	0.20	0.01	0.19	
session-killzones-breakouts	1h	SOLUSD	long	70	-0.054	-3.8	0.61	37	-0.080	33	-0.025	0	0.61	0.24	0.07	0.26	
session-killzones-breakouts	1h	SOLUSD	short	0	0.000	0.0	0.00	0	0.000	0	0.000	0	0.00	0.00	0.00	0.00	
session-killzones-breakouts	1h	SOLUSD	label:shape:Asia Bull Breakout	70	-0.054	-3.8	0.61	37	-0.080	33	-0.025	0	0.61	0.24	0.07	0.26	
session-killzones-breakouts	1h	SOLUSD	repaint	76	-0.054	-3.8	0.61	37	-0.080	33	-0.025	0	0.61	0.24	0.07	0.26	0 of 76 earlier entries changed when the last 60 bars were hidden (0%)
session-killzones-breakouts	1h	SOLUSD	verdict	70	-0.054	-3.8	0.61	37	-0.080	33	-0.025	0	0.61	0.24	0.07	0.26	COSTS: positive before fees, negative after → a slower timeframe or a wider stop/target so each trade pays the round trip several times over
session-killzones-breakouts	1h	XRPUSD	base	59	-0.011	-0.6	0.69	34	-0.036	25	0.023	0	0.69	0.19	0.08	0.08	
session-killzones-breakouts	1h	XRPUSD	gross	68	0.136	9.2	0.72	39	0.095	29	0.191	1	0.72	0.21	0.07	0.09	
session-killzones-breakouts	1h	XRPUSD	stop1.5	67	-0.055	-3.7	0.70	38	-0.147	29	0.066	0	0.70	0.15	0.01	0.03	
session-killzones-breakouts	1h	XRPUSD	stop2	68	-0.028	-1.9	0.72	39	-0.207	29	0.212	0	0.72	0.15	0.01	0.03	
session-killzones-breakouts	1h	XRPUSD	tp1	59	-0.034	-2.0	0.56	34	-0.093	25	0.045	0	0.47	0.00	0.00	0.12	
session-killzones-breakouts	1h	XRPUSD	levels	59	-0.011	-0.6	0.69	34	-0.036	25	0.023	0	0.69	0.19	0.08	0.08	
session-killzones-breakouts	1h	XRPUSD	er0.25	32	-0.096	-3.1	0.66	18	-0.035	14	-0.174	0	0.66	0.19	0.06	0.09	
session-killzones-breakouts	1h	XRPUSD	confirm1	31	-0.019	-0.6	0.65	17	-0.180	14	0.177	0	0.65	0.19	0.06	0.26	
session-killzones-breakouts	1h	XRPUSD	er+stop1.5	36	-0.079	-2.8	0.69	19	-0.142	17	-0.008	0	0.69	0.14	0.00	0.06	
session-killzones-breakouts	1h	XRPUSD	er+stop2	36	-0.004	-0.2	0.72	19	-0.310	17	0.337	0	0.72	0.17	0.03	0.06	
session-killzones-breakouts	1h	XRPUSD	confirm1+er	20	0.071	1.4	0.70	11	-0.102	9	0.283	0	0.70	0.25	0.05	0.25	
session-killzones-breakouts	1h	XRPUSD	inverted	59	-0.190	-11.2	0.58	34	-0.133	25	-0.267	0	0.58	0.10	0.05	0.25	
session-killzones-breakouts	1h	XRPUSD	long	59	-0.011	-0.6	0.69	34	-0.036	25	0.023	0	0.69	0.19	0.08	0.08	
session-killzones-breakouts	1h	XRPUSD	short	0	0.000	0.0	0.00	0	0.000	0	0.000	0	0.00	0.00	0.00	0.00	
session-killzones-breakouts	1h	XRPUSD	label:shape:Asia Bull Breakout	59	-0.011	-0.6	0.69	34	-0.036	25	0.023	0	0.69	0.19	0.08	0.08	
session-killzones-breakouts	1h	XRPUSD	repaint	68	-0.011	-0.6	0.69	34	-0.036	25	0.023	0	0.69	0.19	0.08	0.08	0 of 68 earlier entries changed when the last 60 bars were hidden (0%)
session-killzones-breakouts	1h	XRPUSD	verdict	59	-0.011	-0.6	0.69	34	-0.036	25	0.023	0	0.69	0.19	0.08	0.08	COSTS: positive before fees, negative after → a slower timeframe or a wider stop/target so each trade pays the round trip several times over
session-killzones-breakouts	1h	DOGEUSD	base	64	-0.179	-11.5	0.58	36	-0.196	28	-0.157	0	0.58	0.20	0.08	0.22	
session-killzones-breakouts	1h	DOGEUSD	gross	72	-0.084	-6.1	0.57	37	-0.112	35	-0.055	0	0.57	0.19	0.08	0.22	
session-killzones-breakouts	1h	DOGEUSD	stop1.5	70	-0.113	-7.9	0.61	36	-0.211	34	-0.008	0	0.61	0.20	0.04	0.07	
session-killzones-breakouts	1h	DOGEUSD	stop2	69	-0.126	-8.7	0.59	35	-0.174	34	-0.077	0	0.59	0.22	0.03	0.03	
session-killzones-breakouts	1h	DOGEUSD	tp1	63	-0.237	-14.9	0.44	35	-0.217	28	-0.263	0	0.44	0.00	0.00	0.21	
session-killzones-breakouts	1h	DOGEUSD	levels	64	-0.179	-11.5	0.58	36	-0.196	28	-0.157	0	0.58	0.20	0.08	0.22	
session-killzones-breakouts	1h	DOGEUSD	er0.25	35	-0.217	-7.6	0.51	17	-0.261	18	-0.176	0	0.51	0.26	0.11	0.29	
session-killzones-breakouts	1h	DOGEUSD	confirm1	29	-0.025	-0.7	0.69	17	-0.007	12	-0.050	0	0.69	0.21	0.07	0.14	
session-killzones-breakouts	1h	DOGEUSD	er+stop1.5	37	-0.201	-7.4	0.57	18	-0.297	19	-0.111	0	0.57	0.22	0.00	0.08	
session-killzones-breakouts	1h	DOGEUSD	er+stop2	37	-0.136	-5.0	0.59	18	-0.233	19	-0.044	0	0.59	0.19	0.03	0.05	
session-killzones-breakouts	1h	DOGEUSD	confirm1+er	16	-0.016	-0.3	0.75	9	-0.182	7	0.198	0	0.75	0.19	0.00	0.06	
session-killzones-breakouts	1h	DOGEUSD	inverted	64	-0.112	-7.2	0.67	36	-0.163	28	-0.048	0	0.67	0.16	0.02	0.22	
session-killzones-breakouts	1h	DOGEUSD	long	64	-0.179	-11.5	0.58	36	-0.196	28	-0.157	0	0.58	0.20	0.08	0.22	
session-killzones-breakouts	1h	DOGEUSD	short	0	0.000	0.0	0.00	0	0.000	0	0.000	0	0.00	0.00	0.00	0.00	
session-killzones-breakouts	1h	DOGEUSD	label:shape:Asia Bull Breakout	64	-0.179	-11.5	0.58	36	-0.196	28	-0.157	0	0.58	0.20	0.08	0.22	
session-killzones-breakouts	1h	DOGEUSD	repaint	72	-0.179	-11.5	0.58	36	-0.196	28	-0.157	0	0.58	0.20	0.08	0.22	0 of 72 earlier entries changed when the last 60 bars were hidden (0%)
session-killzones-breakouts	1h	DOGEUSD	verdict	64	-0.179	-11.5	0.58	36	-0.196	28	-0.157	0	0.58	0.20	0.08	0.22	no variant pays in both halves → not a reading, exit or cost problem on this cell; re-time or retire the pair
session-killzones-breakouts	1h	BNBUSD	base	36	-0.219	-7.9	0.47	16	-0.020	20	-0.379	0	0.47	0.19	0.06	0.36	
session-killzones-breakouts	1h	BNBUSD	gross	74	0.118	8.7	0.59	35	0.064	39	0.166	1	0.59	0.28	0.08	0.27	
session-killzones-breakouts	1h	BNBUSD	stop1.5	61	0.084	5.1	0.74	30	0.109	31	0.060	1	0.74	0.26	0.10	0.13	
session-killzones-breakouts	1h	BNBUSD	stop2	69	0.197	13.6	0.77	33	0.092	36	0.292	1	0.77	0.23	0.10	0.03	
session-killzones-breakouts	1h	BNBUSD	tp1	36	-0.304	-10.9	0.42	16	-0.377	20	-0.245	0	0.33	0.00	0.00	0.39	
session-killzones-breakouts	1h	BNBUSD	levels	36	-0.219	-7.9	0.47	16	-0.020	20	-0.379	0	0.47	0.19	0.06	0.36	
session-killzones-breakouts	1h	BNBUSD	er0.25	16	-0.028	-0.4	0.44	8	0.238	8	-0.294	0	0.44	0.31	0.13	0.44	
session-killzones-breakouts	1h	BNBUSD	confirm1	14	-0.004	-0.1	0.57	6	0.223	8	-0.174	0	0.57	0.21	0.14	0.29	
session-killzones-breakouts	1h	BNBUSD	er+stop1.5	24	0.306	7.3	0.79	12	0.389	12	0.222	1	0.79	0.29	0.13	0.08	
session-killzones-breakouts	1h	BNBUSD	er+stop2	30	0.255	7.6	0.73	13	0.044	17	0.416	1	0.73	0.23	0.17	0.03	
session-killzones-breakouts	1h	BNBUSD	confirm1+er	9	0.273	2.5	0.67	4	0.561	5	0.042	0	0.67	0.33	0.22	0.22	
session-killzones-breakouts	1h	BNBUSD	inverted	36	0.015	0.5	0.67	16	0.145	20	-0.090	0	0.67	0.36	0.11	0.19	
session-killzones-breakouts	1h	BNBUSD	long	36	-0.219	-7.9	0.47	16	-0.020	20	-0.379	0	0.47	0.19	0.06	0.36	
session-killzones-breakouts	1h	BNBUSD	short	0	0.000	0.0	0.00	0	0.000	0	0.000	0	0.00	0.00	0.00	0.00	
session-killzones-breakouts	1h	BNBUSD	label:shape:Asia Bull Breakout	36	-0.219	-7.9	0.47	16	-0.020	20	-0.379	0	0.47	0.19	0.06	0.36	
session-killzones-breakouts	1h	BNBUSD	repaint	74	-0.219	-7.9	0.47	16	-0.020	20	-0.379	0	0.47	0.19	0.06	0.36	0 of 74 earlier entries changed when the last 60 bars were hidden (0%)
session-killzones-breakouts	1h	BNBUSD	verdict	36	-0.219	-7.9	0.47	16	-0.020	20	-0.379	0	0.47	0.19	0.06	0.36	STOP: too tight for this market's bar size (first-bar stops) → fallbackAtrSl 2× for this scanner
session-killzones-breakouts	1h	ADAUSD	base	75	-0.176	-13.2	0.55	35	-0.068	40	-0.270	0	0.55	0.21	0.04	0.29	
session-killzones-breakouts	1h	ADAUSD	gross	75	-0.101	-7.5	0.55	35	0.028	40	-0.213	0	0.55	0.21	0.04	0.29	
session-killzones-breakouts	1h	ADAUSD	stop1.5	75	-0.196	-14.7	0.56	35	-0.162	40	-0.226	0	0.56	0.09	0.04	0.17	
session-killzones-breakouts	1h	ADAUSD	stop2	75	-0.166	-12.5	0.57	35	-0.240	40	-0.102	0	0.57	0.11	0.04	0.05	
session-killzones-breakouts	1h	ADAUSD	tp1	75	-0.261	-19.5	0.41	35	-0.191	40	-0.321	0	0.37	0.00	0.00	0.33	
session-killzones-breakouts	1h	ADAUSD	levels	75	-0.176	-13.2	0.55	35	-0.068	40	-0.270	0	0.55	0.21	0.04	0.29	
session-killzones-breakouts	1h	ADAUSD	er0.25	29	-0.273	-7.9	0.52	16	-0.162	13	-0.410	0	0.52	0.14	0.03	0.31	
session-killzones-breakouts	1h	ADAUSD	confirm1	22	0.127	2.8	0.73	15	-0.048	7	0.502	0	0.73	0.23	0.09	0.18	
session-killzones-breakouts	1h	ADAUSD	er+stop1.5	29	-0.262	-7.6	0.52	16	-0.399	13	-0.094	0	0.52	0.10	0.03	0.17	
session-killzones-breakouts	1h	ADAUSD	er+stop2	29	-0.177	-5.1	0.52	16	-0.447	13	0.156	0	0.52	0.14	0.07	0.10	
session-killzones-breakouts	1h	ADAUSD	confirm1+er	13	-0.066	-0.9	0.54	9	-0.302	4	0.464	0	0.54	0.15	0.15	0.31	
session-killzones-breakouts	1h	ADAUSD	inverted	75	0.115	8.6	0.76	35	0.089	40	0.137	1	0.76	0.23	0.07	0.17	
session-killzones-breakouts	1h	ADAUSD	long	75	-0.176	-13.2	0.55	35	-0.068	40	-0.270	0	0.55	0.21	0.04	0.29	
session-killzones-breakouts	1h	ADAUSD	short	0	0.000	0.0	0.00	0	0.000	0	0.000	0	0.00	0.00	0.00	0.00	
session-killzones-breakouts	1h	ADAUSD	label:shape:Asia Bull Breakout	75	-0.176	-13.2	0.55	35	-0.068	40	-0.270	0	0.55	0.21	0.04	0.29	
session-killzones-breakouts	1h	ADAUSD	repaint	75	-0.176	-13.2	0.55	35	-0.068	40	-0.270	0	0.55	0.21	0.04	0.29	0 of 75 earlier entries changed when the last 60 bars were hidden (0%)
session-killzones-breakouts	1h	ADAUSD	verdict	75	-0.176	-13.2	0.55	35	-0.068	40	-0.270	0	0.55	0.21	0.04	0.29	READING: direction inverted → the signals mean the opposite of how they are read (a warning read as an entry, a state read as a flip); invert or restrict the source
session-killzones-breakouts	1h	AVAXUSD	base	64	-0.052	-3.3	0.66	33	-0.140	31	0.041	0	0.66	0.22	0.05	0.27	
session-killzones-breakouts	1h	AVAXUSD	gross	67	0.078	5.2	0.66	35	-0.040	32	0.206	0	0.66	0.24	0.06	0.25	
session-killzones-breakouts	1h	AVAXUSD	stop1.5	67	-0.125	-8.4	0.60	35	-0.235	32	-0.005	0	0.60	0.16	0.03	0.15	
session-killzones-breakouts	1h	AVAXUSD	stop2	65	-0.035	-2.3	0.66	33	-0.172	32	0.106	0	0.66	0.14	0.03	0.03	
session-killzones-breakouts	1h	AVAXUSD	tp1	64	-0.173	-11.1	0.47	33	-0.303	31	-0.034	0	0.50	0.00	0.00	0.27	
session-killzones-breakouts	1h	AVAXUSD	levels	64	-0.052	-3.3	0.66	33	-0.140	31	0.041	0	0.66	0.22	0.05	0.27	
session-killzones-breakouts	1h	AVAXUSD	er0.25	28	-0.143	-4.0	0.57	11	-0.256	17	-0.070	0	0.57	0.25	0.04	0.36	
session-killzones-breakouts	1h	AVAXUSD	confirm1	29	0.007	0.2	0.72	15	0.119	14	-0.113	0	0.72	0.17	0.03	0.14	
session-killzones-breakouts	1h	AVAXUSD	er+stop1.5	28	-0.297	-8.3	0.50	11	-0.510	17	-0.160	0	0.50	0.18	0.00	0.21	
session-killzones-breakouts	1h	AVAXUSD	er+stop2	27	-0.190	-5.1	0.56	10	-0.460	17	-0.031	0	0.56	0.07	0.04	0.07	
session-killzones-breakouts	1h	AVAXUSD	confirm1+er	15	-0.142	-2.1	0.67	7	-0.142	8	-0.142	0	0.67	0.13	0.00	0.20	
session-killzones-breakouts	1h	AVAXUSD	inverted	64	0.003	0.2	0.67	33	0.034	31	-0.029	0	0.67	0.28	0.08	0.19	
session-killzones-breakouts	1h	AVAXUSD	long	64	-0.052	-3.3	0.66	33	-0.140	31	0.041	0	0.66	0.22	0.05	0.27	
session-killzones-breakouts	1h	AVAXUSD	short	0	0.000	0.0	0.00	0	0.000	0	0.000	0	0.00	0.00	0.00	0.00	
session-killzones-breakouts	1h	AVAXUSD	label:shape:Asia Bull Breakout	64	-0.052	-3.3	0.66	33	-0.140	31	0.041	0	0.66	0.22	0.05	0.27	
session-killzones-breakouts	1h	AVAXUSD	repaint	67	-0.052	-3.3	0.66	33	-0.140	31	0.041	0	0.66	0.22	0.05	0.27	0 of 67 earlier entries changed when the last 60 bars were hidden (0%)
session-killzones-breakouts	1h	AVAXUSD	verdict	64	-0.052	-3.3	0.66	33	-0.140	31	0.041	0	0.66	0.22	0.05	0.27	no variant pays in both halves → not a reading, exit or cost problem on this cell; re-time or retire the pair
session-killzones-breakouts	1h	LTCUSD	base	63	-0.179	-11.3	0.54	33	-0.138	30	-0.224	0	0.54	0.27	0.08	0.21	
session-killzones-breakouts	1h	LTCUSD	gross	80	-0.048	-3.9	0.56	38	-0.014	42	-0.079	0	0.56	0.26	0.07	0.20	
session-killzones-breakouts	1h	LTCUSD	stop1.5	77	-0.159	-12.3	0.60	37	-0.202	40	-0.120	0	0.60	0.21	0.04	0.12	
session-killzones-breakouts	1h	LTCUSD	stop2	79	-0.165	-13.1	0.62	37	-0.205	42	-0.130	0	0.62	0.13	0.03	0.09	
session-killzones-breakouts	1h	LTCUSD	tp1	63	-0.264	-16.6	0.43	33	-0.127	30	-0.414	0	0.38	0.00	0.00	0.21	
session-killzones-breakouts	1h	LTCUSD	levels	63	-0.179	-11.3	0.54	33	-0.138	30	-0.224	0	0.54	0.27	0.08	0.21	
session-killzones-breakouts	1h	LTCUSD	er0.25	26	-0.027	-0.7	0.58	12	-0.051	14	-0.006	0	0.58	0.35	0.12	0.27	
session-killzones-breakouts	1h	LTCUSD	confirm1	20	-0.177	-3.5	0.60	12	-0.224	8	-0.107	0	0.60	0.20	0.10	0.25	
session-killzones-breakouts	1h	LTCUSD	er+stop1.5	31	-0.090	-2.8	0.65	13	-0.105	18	-0.080	0	0.65	0.19	0.06	0.13	
session-killzones-breakouts	1h	LTCUSD	er+stop2	32	-0.154	-4.9	0.63	13	-0.233	19	-0.099	0	0.63	0.13	0.03	0.13	
session-killzones-breakouts	1h	LTCUSD	confirm1+er	12	-0.285	-3.4	0.58	9	-0.363	3	-0.052	0	0.58	0.08	0.00	0.33	
session-killzones-breakouts	1h	LTCUSD	inverted	63	0.121	7.6	0.75	33	-0.006	30	0.261	0	0.75	0.24	0.13	0.14	
session-killzones-breakouts	1h	LTCUSD	long	63	-0.179	-11.3	0.54	33	-0.138	30	-0.224	0	0.54	0.27	0.08	0.21	
session-killzones-breakouts	1h	LTCUSD	short	0	0.000	0.0	0.00	0	0.000	0	0.000	0	0.00	0.00	0.00	0.00	
session-killzones-breakouts	1h	LTCUSD	label:shape:Asia Bull Breakout	63	-0.179	-11.3	0.54	33	-0.138	30	-0.224	0	0.54	0.27	0.08	0.21	
session-killzones-breakouts	1h	LTCUSD	repaint	80	-0.179	-11.3	0.54	33	-0.138	30	-0.224	0	0.54	0.27	0.08	0.21	0 of 80 earlier entries changed when the last 60 bars were hidden (0%)
session-killzones-breakouts	1h	LTCUSD	verdict	63	-0.179	-11.3	0.54	33	-0.138	30	-0.224	0	0.54	0.27	0.08	0.21	no variant pays in both halves → not a reading, exit or cost problem on this cell; re-time or retire the pair
session-killzones-breakouts	1h	BCHUSD	base	58	-0.062	-3.6	0.60	27	-0.086	31	-0.041	0	0.60	0.19	0.07	0.16	
session-killzones-breakouts	1h	BCHUSD	gross	68	0.120	8.2	0.63	31	0.109	37	0.129	1	0.63	0.24	0.07	0.13	
session-killzones-breakouts	1h	BCHUSD	stop1.5	66	-0.104	-6.9	0.59	29	-0.116	37	-0.094	0	0.59	0.23	0.05	0.11	
session-killzones-breakouts	1h	BCHUSD	stop2	65	-0.030	-2.0	0.62	28	-0.099	37	0.022	0	0.62	0.22	0.06	0.03	
session-killzones-breakouts	1h	BCHUSD	tp1	58	-0.214	-12.4	0.45	27	-0.219	31	-0.210	0	0.47	0.00	0.00	0.17	
session-killzones-breakouts	1h	BCHUSD	levels	58	-0.062	-3.6	0.60	27	-0.086	31	-0.041	0	0.60	0.19	0.07	0.16	
session-killzones-breakouts	1h	BCHUSD	er0.25	25	-0.030	-0.7	0.72	12	0.042	13	-0.095	0	0.72	0.16	0.04	0.08	
session-killzones-breakouts	1h	BCHUSD	confirm1	27	-0.007	-0.2	0.52	12	-0.373	15	0.286	0	0.48	0.26	0.11	0.30	
session-killzones-breakouts	1h	BCHUSD	er+stop1.5	28	0.059	1.7	0.71	12	0.206	16	-0.052	0	0.71	0.25	0.07	0.07	
session-killzones-breakouts	1h	BCHUSD	er+stop2	28	0.051	1.4	0.68	12	0.207	16	-0.065	0	0.68	0.25	0.07	0.04	
session-killzones-breakouts	1h	BCHUSD	confirm1+er	17	-0.166	-2.8	0.53	8	-0.238	9	-0.102	0	0.53	0.29	0.12	0.29	
session-killzones-breakouts	1h	BCHUSD	inverted	58	0.043	2.5	0.74	27	-0.069	31	0.141	0	0.74	0.12	0.03	0.19	
session-killzones-breakouts	1h	BCHUSD	long	58	-0.062	-3.6	0.60	27	-0.086	31	-0.041	0	0.60	0.19	0.07	0.16	
session-killzones-breakouts	1h	BCHUSD	short	0	0.000	0.0	0.00	0	0.000	0	0.000	0	0.00	0.00	0.00	0.00	
session-killzones-breakouts	1h	BCHUSD	label:shape:Asia Bull Breakout	58	-0.062	-3.6	0.60	27	-0.086	31	-0.041	0	0.60	0.19	0.07	0.16	
session-killzones-breakouts	1h	BCHUSD	repaint	68	-0.062	-3.6	0.60	27	-0.086	31	-0.041	0	0.60	0.19	0.07	0.16	0 of 68 earlier entries changed when the last 60 bars were hidden (0%)
session-killzones-breakouts	1h	BCHUSD	verdict	58	-0.062	-3.6	0.60	27	-0.086	31	-0.041	0	0.60	0.19	0.07	0.16	COSTS: positive before fees, negative after → a slower timeframe or a wider stop/target so each trade pays the round trip several times over
session-killzones-breakouts	1h	LINKUSD	base	68	-0.126	-8.6	0.63	34	-0.184	34	-0.068	0	0.63	0.18	0.01	0.19	
session-killzones-breakouts	1h	LINKUSD	gross	74	0.077	5.7	0.66	39	0.014	35	0.149	1	0.66	0.20	0.04	0.18	
session-killzones-breakouts	1h	LINKUSD	stop1.5	73	0.084	6.2	0.74	38	0.124	35	0.041	1	0.74	0.23	0.07	0.07	
session-killzones-breakouts	1h	LINKUSD	stop2	73	0.016	1.2	0.71	38	-0.061	35	0.099	0	0.71	0.14	0.07	0.04	
session-killzones-breakouts	1h	LINKUSD	tp1	68	-0.129	-8.8	0.50	34	-0.083	34	-0.176	0	0.54	0.00	0.00	0.24	
session-killzones-breakouts	1h	LINKUSD	levels	68	-0.126	-8.6	0.63	34	-0.184	34	-0.068	0	0.63	0.18	0.01	0.19	
session-killzones-breakouts	1h	LINKUSD	er0.25	29	0.008	0.2	0.69	14	-0.133	15	0.140	0	0.69	0.21	0.03	0.14	
session-killzones-breakouts	1h	LINKUSD	confirm1	30	-0.174	-5.2	0.57	15	-0.221	15	-0.128	0	0.57	0.17	0.07	0.30	
session-killzones-breakouts	1h	LINKUSD	er+stop1.5	31	0.152	4.7	0.71	15	-0.049	16	0.341	0	0.71	0.35	0.10	0.06	
session-killzones-breakouts	1h	LINKUSD	er+stop2	31	0.028	0.9	0.68	15	-0.268	16	0.306	0	0.68	0.19	0.10	0.03	
session-killzones-breakouts	1h	LINKUSD	confirm1+er	20	-0.129	-2.6	0.60	11	-0.171	9	-0.079	0	0.60	0.15	0.05	0.35	
session-killzones-breakouts	1h	LINKUSD	inverted	68	-0.087	-5.9	0.66	34	-0.081	34	-0.094	0	0.66	0.18	0.04	0.24	
session-killzones-breakouts	1h	LINKUSD	long	68	-0.126	-8.6	0.63	34	-0.184	34	-0.068	0	0.63	0.18	0.01	0.19	
session-killzones-breakouts	1h	LINKUSD	short	0	0.000	0.0	0.00	0	0.000	0	0.000	0	0.00	0.00	0.00	0.00	
session-killzones-breakouts	1h	LINKUSD	label:shape:Asia Bull Breakout	68	-0.126	-8.6	0.63	34	-0.184	34	-0.068	0	0.63	0.18	0.01	0.19	
session-killzones-breakouts	1h	LINKUSD	repaint	74	-0.126	-8.6	0.63	34	-0.184	34	-0.068	0	0.63	0.18	0.01	0.19	0 of 74 earlier entries changed when the last 60 bars were hidden (0%)
session-killzones-breakouts	1h	LINKUSD	verdict	68	-0.126	-8.6	0.63	34	-0.184	34	-0.068	0	0.63	0.18	0.01	0.19	COSTS: positive before fees, negative after → a slower timeframe or a wider stop/target so each trade pays the round trip several times over
session-killzones-breakouts	1h	SUIUSD	base	60	-0.018	-1.1	0.60	30	-0.041	30	0.004	0	0.60	0.23	0.12	0.23	
session-killzones-breakouts	1h	SUIUSD	gross	70	-0.000	-0.0	0.56	33	-0.023	37	0.020	0	0.56	0.21	0.10	0.27	
session-killzones-breakouts	1h	SUIUSD	stop1.5	69	-0.032	-2.2	0.58	33	-0.133	36	0.061	0	0.58	0.20	0.09	0.13	
session-killzones-breakouts	1h	SUIUSD	stop2	69	-0.060	-4.1	0.58	33	-0.218	36	0.085	0	0.58	0.23	0.07	0.09	
session-killzones-breakouts	1h	SUIUSD	tp1	60	-0.083	-5.0	0.52	30	-0.065	30	-0.102	0	0.42	0.00	0.00	0.23	
session-killzones-breakouts	1h	SUIUSD	levels	60	-0.018	-1.1	0.60	30	-0.041	30	0.004	0	0.60	0.23	0.12	0.23	
session-killzones-breakouts	1h	SUIUSD	er0.25	30	0.038	1.1	0.63	13	-0.253	17	0.260	0	0.63	0.27	0.13	0.20	
session-killzones-breakouts	1h	SUIUSD	confirm1	20	0.622	12.4	0.75	12	0.844	8	0.291	1	0.75	0.50	0.20	0.15	
session-killzones-breakouts	1h	SUIUSD	er+stop1.5	33	-0.096	-3.2	0.58	14	-0.379	19	0.112	0	0.58	0.21	0.06	0.15	
session-killzones-breakouts	1h	SUIUSD	er+stop2	33	-0.048	-1.6	0.61	14	-0.394	19	0.207	0	0.61	0.24	0.06	0.09	
session-killzones-breakouts	1h	SUIUSD	confirm1+er	9	0.802	7.2	0.67	4	0.780	5	0.820	0	0.67	0.56	0.22	0.22	
session-killzones-breakouts	1h	SUIUSD	inverted	60	-0.111	-6.6	0.62	30	-0.272	30	0.051	0	0.62	0.18	0.05	0.23	
session-killzones-breakouts	1h	SUIUSD	long	60	-0.018	-1.1	0.60	30	-0.041	30	0.004	0	0.60	0.23	0.12	0.23	
session-killzones-breakouts	1h	SUIUSD	short	0	0.000	0.0	0.00	0	0.000	0	0.000	0	0.00	0.00	0.00	0.00	
session-killzones-breakouts	1h	SUIUSD	label:shape:Asia Bull Breakout	60	-0.018	-1.1	0.60	30	-0.041	30	0.004	0	0.60	0.23	0.12	0.23	
session-killzones-breakouts	1h	SUIUSD	repaint	70	-0.018	-1.1	0.60	30	-0.041	30	0.004	0	0.60	0.23	0.12	0.23	0 of 70 earlier entries changed when the last 60 bars were hidden (0%)
session-killzones-breakouts	1h	SUIUSD	verdict	60	-0.018	-1.1	0.60	30	-0.041	30	0.004	0	0.60	0.23	0.12	0.23	no variant pays in both halves → not a reading, exit or cost problem on this cell; re-time or retire the pair
session-killzones-breakouts	1h	NEARUSD	base	79	0.038	3.0	0.66	40	0.066	39	0.010	1	0.66	0.25	0.08	0.23	
session-killzones-breakouts	1h	NEARUSD	gross	79	0.110	8.7	0.66	40	0.141	39	0.078	1	0.66	0.25	0.08	0.23	
session-killzones-breakouts	1h	NEARUSD	stop1.5	78	0.076	5.9	0.72	39	0.127	39	0.024	1	0.72	0.23	0.04	0.09	
session-killzones-breakouts	1h	NEARUSD	stop2	78	0.003	0.2	0.68	39	-0.012	39	0.018	0	0.68	0.14	0.04	0.03	
session-killzones-breakouts	1h	NEARUSD	tp1	79	-0.086	-6.8	0.49	40	-0.257	39	0.089	0	0.48	0.00	0.00	0.25	
session-killzones-breakouts	1h	NEARUSD	levels	79	0.038	3.0	0.66	40	0.066	39	0.010	1	0.66	0.25	0.08	0.23	
session-killzones-breakouts	1h	NEARUSD	er0.25	36	-0.108	-3.9	0.58	18	-0.205	18	-0.011	0	0.58	0.22	0.06	0.33	
session-killzones-breakouts	1h	NEARUSD	confirm1	35	-0.054	-1.9	0.66	15	-0.123	20	-0.002	0	0.66	0.20	0.00	0.14	
session-killzones-breakouts	1h	NEARUSD	er+stop1.5	36	-0.082	-2.9	0.64	18	-0.168	18	0.005	0	0.64	0.25	0.00	0.11	
session-killzones-breakouts	1h	NEARUSD	er+stop2	36	-0.101	-3.6	0.61	18	-0.081	18	-0.121	0	0.61	0.08	0.03	0.06	
session-killzones-breakouts	1h	NEARUSD	confirm1+er	20	0.008	0.2	0.70	10	-0.091	10	0.106	0	0.70	0.20	0.00	0.10	
session-killzones-breakouts	1h	NEARUSD	inverted	79	-0.021	-1.7	0.62	40	0.036	39	-0.080	0	0.62	0.25	0.06	0.27	
session-killzones-breakouts	1h	NEARUSD	long	79	0.038	3.0	0.66	40	0.066	39	0.010	1	0.66	0.25	0.08	0.23	
session-killzones-breakouts	1h	NEARUSD	short	0	0.000	0.0	0.00	0	0.000	0	0.000	0	0.00	0.00	0.00	0.00	
session-killzones-breakouts	1h	NEARUSD	label:shape:Asia Bull Breakout	79	0.038	3.0	0.66	40	0.066	39	0.010	1	0.66	0.25	0.08	0.23	
session-killzones-breakouts	1h	NEARUSD	repaint	78	0.038	3.0	0.66	40	0.066	39	0.010	1	0.66	0.25	0.08	0.23	0 of 78 earlier entries changed when the last 60 bars were hidden (0%)
session-killzones-breakouts	1h	NEARUSD	verdict	79	0.038	3.0	0.66	40	0.066	39	0.010	1	0.66	0.25	0.08	0.23	pays as read → nothing to fix; measure in shadow
session-killzones-breakouts	1h	HYPEUSD	base	90	-0.019	-1.7	0.69	43	0.048	47	-0.081	0	0.69	0.26	0.06	0.18	
session-killzones-breakouts	1h	HYPEUSD	gross	90	0.086	7.8	0.69	43	0.145	47	0.033	1	0.69	0.26	0.06	0.18	
session-killzones-breakouts	1h	HYPEUSD	stop1.5	90	-0.016	-1.5	0.71	43	0.103	47	-0.125	0	0.71	0.14	0.01	0.07	
session-killzones-breakouts	1h	HYPEUSD	stop2	89	0.038	3.4	0.76	42	0.169	47	-0.079	0	0.76	0.10	0.00	0.00	
session-killzones-breakouts	1h	HYPEUSD	tp1	90	-0.032	-2.9	0.54	43	0.089	47	-0.143	0	0.54	0.00	0.00	0.21	
session-killzones-breakouts	1h	HYPEUSD	levels	90	-0.019	-1.7	0.69	43	0.048	47	-0.081	0	0.69	0.26	0.06	0.18	
session-killzones-breakouts	1h	HYPEUSD	er0.25	40	0.130	5.2	0.75	18	0.313	22	-0.020	0	0.75	0.38	0.10	0.15	
session-killzones-breakouts	1h	HYPEUSD	confirm1	42	0.040	1.7	0.76	21	-0.017	21	0.096	0	0.76	0.19	0.02	0.19	
session-killzones-breakouts	1h	HYPEUSD	er+stop1.5	40	0.041	1.6	0.75	18	0.266	22	-0.144	0	0.75	0.13	0.00	0.05	
session-killzones-breakouts	1h	HYPEUSD	er+stop2	40	0.104	4.2	0.82	18	0.308	22	-0.063	0	0.82	0.13	0.00	0.00	
session-killzones-breakouts	1h	HYPEUSD	confirm1+er	26	-0.038	-1.0	0.69	15	-0.157	11	0.125	0	0.69	0.15	0.04	0.27	
session-killzones-breakouts	1h	HYPEUSD	inverted	90	-0.155	-13.9	0.60	43	-0.181	47	-0.130	0	0.60	0.18	0.03	0.21	
session-killzones-breakouts	1h	HYPEUSD	long	90	-0.019	-1.7	0.69	43	0.048	47	-0.081	0	0.69	0.26	0.06	0.18	
session-killzones-breakouts	1h	HYPEUSD	short	0	0.000	0.0	0.00	0	0.000	0	0.000	0	0.00	0.00	0.00	0.00	
session-killzones-breakouts	1h	HYPEUSD	label:shape:Asia Bull Breakout	90	-0.019	-1.7	0.69	43	0.048	47	-0.081	0	0.69	0.26	0.06	0.18	
session-killzones-breakouts	1h	HYPEUSD	repaint	90	-0.019	-1.7	0.69	43	0.048	47	-0.081	0	0.69	0.26	0.06	0.18	0 of 90 earlier entries changed when the last 60 bars were hidden (0%)
session-killzones-breakouts	1h	HYPEUSD	verdict	90	-0.019	-1.7	0.69	43	0.048	47	-0.081	0	0.69	0.26	0.06	0.18	COSTS: positive before fees, negative after → a slower timeframe or a wider stop/target so each trade pays the round trip several times over
session-killzones-breakouts	4h	BTCUSD	base	140	-0.108	-15.1	0.66	67	-0.199	73	-0.024	0	0.66	0.13	0.02	0.14	
session-killzones-breakouts	4h	BTCUSD	gross	140	-0.023	-3.2	0.66	67	-0.137	73	0.081	0	0.66	0.13	0.02	0.14	
session-killzones-breakouts	4h	BTCUSD	stop1.5	134	-0.063	-8.5	0.67	67	-0.143	67	0.017	0	0.67	0.09	0.02	0.08	
session-killzones-breakouts	4h	BTCUSD	stop2	114	-0.024	-2.8	0.66	57	-0.040	57	-0.008	0	0.66	0.10	0.02	0.05	
session-killzones-breakouts	4h	BTCUSD	tp1	132	-0.109	-14.3	0.49	66	-0.114	66	-0.104	0	0.59	0.00	0.00	0.15	
session-killzones-breakouts	4h	BTCUSD	levels	140	-0.108	-15.1	0.66	67	-0.199	73	-0.024	0	0.66	0.13	0.02	0.14	
session-killzones-breakouts	4h	BTCUSD	er0.25	62	-0.089	-5.5	0.69	33	-0.148	29	-0.021	0	0.69	0.13	0.00	0.11	
session-killzones-breakouts	4h	BTCUSD	confirm1	57	-0.235	-13.4	0.56	32	-0.237	25	-0.233	0	0.56	0.07	0.02	0.14	
session-killzones-breakouts	4h	BTCUSD	er+stop1.5	59	-0.007	-0.4	0.73	33	-0.047	26	0.042	0	0.73	0.05	0.02	0.07	
session-killzones-breakouts	4h	BTCUSD	er+stop2	53	0.045	2.4	0.70	29	-0.079	24	0.196	0	0.70	0.08	0.02	0.04	
session-killzones-breakouts	4h	BTCUSD	confirm1+er	28	-0.278	-7.8	0.54	15	-0.324	13	-0.225	0	0.54	0.04	0.04	0.11	
session-killzones-breakouts	4h	BTCUSD	inverted	138	-0.120	-16.6	0.67	67	-0.122	71	-0.119	0	0.67	0.04	0.01	0.21	
session-killzones-breakouts	4h	BTCUSD	long	140	-0.108	-15.1	0.66	67	-0.199	73	-0.024	0	0.66	0.13	0.02	0.14	
session-killzones-breakouts	4h	BTCUSD	short	0	0.000	0.0	0.00	0	0.000	0	0.000	0	0.00	0.00	0.00	0.00	
session-killzones-breakouts	4h	BTCUSD	label:shape:Asia Bull Breakout	140	-0.108	-15.1	0.66	67	-0.199	73	-0.024	0	0.66	0.13	0.02	0.14	
session-killzones-breakouts	4h	BTCUSD	repaint	138	-0.108	-15.1	0.66	67	-0.199	73	-0.024	0	0.66	0.13	0.02	0.14	0 of 138 earlier entries changed when the last 60 bars were hidden (0%)
session-killzones-breakouts	4h	BTCUSD	verdict	140	-0.108	-15.1	0.66	67	-0.199	73	-0.024	0	0.66	0.13	0.02	0.14	no variant pays in both halves → not a reading, exit or cost problem on this cell; re-time or retire the pair
session-killzones-breakouts	4h	ETHUSD	base	139	-0.027	-3.7	0.68	63	-0.068	76	0.007	0	0.68	0.12	0.04	0.12	
session-killzones-breakouts	4h	ETHUSD	gross	139	0.043	6.0	0.68	63	-0.012	76	0.089	0	0.68	0.12	0.04	0.12	
session-killzones-breakouts	4h	ETHUSD	stop1.5	121	-0.080	-9.7	0.62	55	-0.047	66	-0.107	0	0.62	0.16	0.02	0.09	
session-killzones-breakouts	4h	ETHUSD	stop2	109	-0.007	-0.8	0.67	52	-0.009	57	-0.006	0	0.67	0.17	0.01	0.04	
session-killzones-breakouts	4h	ETHUSD	tp1	131	-0.053	-7.0	0.51	59	0.013	72	-0.107	0	0.59	0.00	0.00	0.16	
session-killzones-breakouts	4h	ETHUSD	levels	139	-0.027	-3.7	0.68	63	-0.068	76	0.007	0	0.68	0.12	0.04	0.12	
session-killzones-breakouts	4h	ETHUSD	er0.25	59	0.017	1.0	0.71	28	-0.032	31	0.061	0	0.71	0.15	0.03	0.10	
session-killzones-breakouts	4h	ETHUSD	confirm1	70	-0.064	-4.5	0.63	36	0.020	34	-0.152	0	0.63	0.16	0.03	0.20	
session-killzones-breakouts	4h	ETHUSD	er+stop1.5	55	-0.033	-1.8	0.67	27	0.002	28	-0.066	0	0.67	0.15	0.00	0.07	
session-killzones-breakouts	4h	ETHUSD	er+stop2	51	-0.057	-2.9	0.63	27	-0.005	24	-0.115	0	0.63	0.18	0.02	0.06	
session-killzones-breakouts	4h	ETHUSD	confirm1+er	34	-0.068	-2.3	0.65	13	-0.137	21	-0.026	0	0.65	0.12	0.03	0.21	
session-killzones-breakouts	4h	ETHUSD	inverted	139	-0.080	-11.1	0.67	61	-0.100	78	-0.064	0	0.67	0.09	0.01	0.19	
session-killzones-breakouts	4h	ETHUSD	long	139	-0.027	-3.7	0.68	63	-0.068	76	0.007	0	0.68	0.12	0.04	0.12	
session-killzones-breakouts	4h	ETHUSD	short	0	0.000	0.0	0.00	0	0.000	0	0.000	0	0.00	0.00	0.00	0.00	
session-killzones-breakouts	4h	ETHUSD	label:shape:Asia Bull Breakout	139	-0.027	-3.7	0.68	63	-0.068	76	0.007	0	0.68	0.12	0.04	0.12	
session-killzones-breakouts	4h	ETHUSD	repaint	140	-0.027	-3.7	0.68	63	-0.068	76	0.007	0	0.68	0.12	0.04	0.12	0 of 140 earlier entries changed when the last 60 bars were hidden (0%)
session-killzones-breakouts	4h	ETHUSD	verdict	139	-0.027	-3.7	0.68	63	-0.068	76	0.007	0	0.68	0.12	0.04	0.12	no variant pays in both halves → not a reading, exit or cost problem on this cell; re-time or retire the pair
session-killzones-breakouts	4h	SOLUSD	base	137	-0.042	-5.8	0.66	69	-0.083	68	-0.001	0	0.66	0.14	0.03	0.15	
session-killzones-breakouts	4h	SOLUSD	gross	137	0.020	2.8	0.66	69	-0.032	68	0.073	0	0.66	0.14	0.03	0.15	
session-killzones-breakouts	4h	SOLUSD	stop1.5	126	-0.086	-10.8	0.63	66	-0.075	60	-0.098	0	0.63	0.14	0.01	0.09	
session-killzones-breakouts	4h	SOLUSD	stop2	111	-0.061	-6.7	0.63	60	-0.088	51	-0.029	0	0.63	0.11	0.02	0.05	
session-killzones-breakouts	4h	SOLUSD	tp1	127	-0.076	-9.6	0.50	65	-0.047	62	-0.106	0	0.64	0.00	0.00	0.17	
session-killzones-breakouts	4h	SOLUSD	levels	137	-0.042	-5.8	0.66	69	-0.083	68	-0.001	0	0.66	0.14	0.03	0.15	
session-killzones-breakouts	4h	SOLUSD	er0.25	50	0.111	5.5	0.76	25	-0.086	25	0.308	0	0.76	0.12	0.06	0.16	
session-killzones-breakouts	4h	SOLUSD	confirm1	64	-0.076	-4.8	0.66	32	-0.009	32	-0.142	0	0.66	0.14	0.02	0.09	
session-killzones-breakouts	4h	SOLUSD	er+stop1.5	49	0.005	0.2	0.69	25	-0.096	24	0.109	0	0.69	0.16	0.00	0.12	
session-killzones-breakouts	4h	SOLUSD	er+stop2	49	-0.043	-2.1	0.65	25	-0.094	24	0.010	0	0.65	0.16	0.00	0.08	
session-killzones-breakouts	4h	SOLUSD	confirm1+er	33	-0.122	-4.0	0.64	15	-0.202	18	-0.054	0	0.64	0.06	0.03	0.12	
session-killzones-breakouts	4h	SOLUSD	inverted	135	-0.032	-4.3	0.69	69	0.095	66	-0.165	0	0.69	0.10	0.04	0.18	
session-killzones-breakouts	4h	SOLUSD	long	137	-0.042	-5.8	0.66	69	-0.083	68	-0.001	0	0.66	0.14	0.03	0.15	
session-killzones-breakouts	4h	SOLUSD	short	0	0.000	0.0	0.00	0	0.000	0	0.000	0	0.00	0.00	0.00	0.00	
session-killzones-breakouts	4h	SOLUSD	label:shape:Asia Bull Breakout	137	-0.042	-5.8	0.66	69	-0.083	68	-0.001	0	0.66	0.14	0.03	0.15	
session-killzones-breakouts	4h	SOLUSD	repaint	135	-0.042	-5.8	0.66	69	-0.083	68	-0.001	0	0.66	0.14	0.03	0.15	0 of 135 earlier entries changed when the last 60 bars were hidden (0%)
session-killzones-breakouts	4h	SOLUSD	verdict	137	-0.042	-5.8	0.66	69	-0.083	68	-0.001	0	0.66	0.14	0.03	0.15	no variant pays in both halves → not a reading, exit or cost problem on this cell; re-time or retire the pair
session-killzones-breakouts	4h	XRPUSD	base	125	-0.115	-14.3	0.62	64	-0.107	61	-0.123	0	0.62	0.13	0.03	0.17	
session-killzones-breakouts	4h	XRPUSD	gross	125	-0.056	-6.9	0.62	64	-0.051	61	-0.060	0	0.62	0.13	0.03	0.17	
session-killzones-breakouts	4h	XRPUSD	stop1.5	115	-0.161	-18.5	0.58	58	-0.120	57	-0.203	0	0.58	0.12	0.02	0.07	
session-killzones-breakouts	4h	XRPUSD	stop2	101	-0.082	-8.2	0.61	51	-0.095	50	-0.068	0	0.61	0.16	0.01	0.02	
session-killzones-breakouts	4h	XRPUSD	tp1	122	-0.086	-10.5	0.49	62	-0.038	60	-0.136	0	0.52	0.00	0.00	0.17	
session-killzones-breakouts	4h	XRPUSD	levels	125	-0.115	-14.3	0.62	64	-0.107	61	-0.123	0	0.62	0.13	0.03	0.17	
session-killzones-breakouts	4h	XRPUSD	er0.25	43	0.049	2.1	0.72	22	0.158	21	-0.065	0	0.72	0.12	0.07	0.12	
session-killzones-breakouts	4h	XRPUSD	confirm1	66	-0.138	-9.1	0.58	32	-0.273	34	-0.010	0	0.58	0.12	0.03	0.12	
session-killzones-breakouts	4h	XRPUSD	er+stop1.5	43	-0.071	-3.1	0.63	22	0.026	21	-0.173	0	0.63	0.14	0.05	0.07	
session-killzones-breakouts	4h	XRPUSD	er+stop2	41	0.031	1.3	0.66	21	0.095	20	-0.036	0	0.66	0.22	0.02	0.02	
session-killzones-breakouts	4h	XRPUSD	confirm1+er	27	-0.025	-0.7	0.59	11	-0.311	16	0.172	0	0.59	0.19	0.07	0.19	
session-killzones-breakouts	4h	XRPUSD	inverted	127	-0.017	-2.2	0.69	64	-0.050	63	0.016	0	0.69	0.16	0.02	0.20	
session-killzones-breakouts	4h	XRPUSD	long	125	-0.115	-14.3	0.62	64	-0.107	61	-0.123	0	0.62	0.13	0.03	0.17	
session-killzones-breakouts	4h	XRPUSD	short	0	0.000	0.0	0.00	0	0.000	0	0.000	0	0.00	0.00	0.00	0.00	
session-killzones-breakouts	4h	XRPUSD	label:shape:Asia Bull Breakout	125	-0.115	-14.3	0.62	64	-0.107	61	-0.123	0	0.62	0.13	0.03	0.17	
session-killzones-breakouts	4h	XRPUSD	repaint	125	-0.115	-14.3	0.62	64	-0.107	61	-0.123	0	0.62	0.13	0.03	0.17	0 of 125 earlier entries changed when the last 60 bars were hidden (0%)
session-killzones-breakouts	4h	XRPUSD	verdict	125	-0.115	-14.3	0.62	64	-0.107	61	-0.123	0	0.62	0.13	0.03	0.17	no variant pays in both halves → not a reading, exit or cost problem on this cell; re-time or retire the pair
session-killzones-breakouts	4h	BNBUSD	base	128	0.049	6.2	0.73	64	-0.132	64	0.229	0	0.73	0.19	0.04	0.12	
session-killzones-breakouts	4h	BNBUSD	gross	128	0.154	19.8	0.73	64	-0.054	64	0.362	0	0.73	0.19	0.04	0.12	
session-killzones-breakouts	4h	BNBUSD	stop1.5	120	-0.023	-2.8	0.69	61	-0.181	59	0.140	0	0.69	0.14	0.02	0.03	
session-killzones-breakouts	4h	BNBUSD	stop2	102	0.005	0.5	0.67	54	-0.163	48	0.193	0	0.67	0.15	0.04	0.03	
session-killzones-breakouts	4h	BNBUSD	tp1	120	0.033	3.9	0.57	63	-0.111	57	0.192	0	0.67	0.00	0.00	0.11	
session-killzones-breakouts	4h	BNBUSD	levels	128	0.049	6.2	0.73	64	-0.132	64	0.229	0	0.73	0.19	0.04	0.12	
session-killzones-breakouts	4h	BNBUSD	er0.25	51	-0.057	-2.9	0.65	27	-0.255	24	0.166	0	0.65	0.24	0.04	0.22	
session-killzones-breakouts	4h	BNBUSD	confirm1	63	-0.091	-5.8	0.63	26	-0.329	37	0.075	0	0.63	0.17	0.03	0.14	
session-killzones-breakouts	4h	BNBUSD	er+stop1.5	49	-0.055	-2.7	0.65	26	-0.276	23	0.194	0	0.65	0.16	0.02	0.08	
session-killzones-breakouts	4h	BNBUSD	er+stop2	46	-0.042	-2.0	0.61	24	-0.267	22	0.202	0	0.61	0.17	0.07	0.07	
session-killzones-breakouts	4h	BNBUSD	confirm1+er	28	-0.047	-1.3	0.61	12	-0.439	16	0.248	0	0.61	0.21	0.07	0.18	
session-killzones-breakouts	4h	BNBUSD	inverted	127	-0.181	-23.0	0.60	66	-0.121	61	-0.247	0	0.60	0.11	0.02	0.24	
session-killzones-breakouts	4h	BNBUSD	long	128	0.049	6.2	0.73	64	-0.132	64	0.229	0	0.73	0.19	0.04	0.12	
session-killzones-breakouts	4h	BNBUSD	short	0	0.000	0.0	0.00	0	0.000	0	0.000	0	0.00	0.00	0.00	0.00	
session-killzones-breakouts	4h	BNBUSD	label:shape:Asia Bull Breakout	128	0.049	6.2	0.73	64	-0.132	64	0.229	0	0.73	0.19	0.04	0.12	
session-killzones-breakouts	4h	BNBUSD	repaint	129	0.049	6.2	0.73	64	-0.132	64	0.229	0	0.73	0.19	0.04	0.12	0 of 129 earlier entries changed when the last 60 bars were hidden (0%)
session-killzones-breakouts	4h	BNBUSD	verdict	128	0.049	6.2	0.73	64	-0.132	64	0.229	0	0.73	0.19	0.04	0.12	no variant pays in both halves → not a reading, exit or cost problem on this cell; re-time or retire the pair
session-killzones-breakouts	4h	DOGEUSD	base	117	0.016	1.8	0.65	54	0.071	63	-0.031	0	0.65	0.23	0.05	0.12	
session-killzones-breakouts	4h	DOGEUSD	gross	117	0.078	9.2	0.65	54	0.132	63	0.032	1	0.65	0.23	0.05	0.12	
session-killzones-breakouts	4h	DOGEUSD	stop1.5	110	-0.066	-7.2	0.62	52	0.005	58	-0.130	0	0.62	0.14	0.05	0.07	
session-killzones-breakouts	4h	DOGEUSD	stop2	100	-0.100	-10.0	0.59	49	-0.066	51	-0.132	0	0.59	0.13	0.03	0.04	
session-killzones-breakouts	4h	DOGEUSD	tp1	115	-0.107	-12.3	0.48	55	-0.043	60	-0.165	0	0.57	0.00	0.00	0.14	
session-killzones-breakouts	4h	DOGEUSD	levels	117	0.016	1.8	0.65	54	0.071	63	-0.031	0	0.65	0.23	0.05	0.12	
session-killzones-breakouts	4h	DOGEUSD	er0.25	38	0.114	4.3	0.66	18	0.338	20	-0.087	0	0.66	0.32	0.08	0.11	
session-killzones-breakouts	4h	DOGEUSD	confirm1	52	-0.189	-9.8	0.54	25	-0.241	27	-0.141	0	0.54	0.10	0.06	0.21	
session-killzones-breakouts	4h	DOGEUSD	er+stop1.5	37	-0.043	-1.6	0.59	18	0.156	19	-0.233	0	0.59	0.16	0.05	0.11	
session-killzones-breakouts	4h	DOGEUSD	er+stop2	37	-0.068	-2.5	0.57	18	0.005	19	-0.137	0	0.57	0.19	0.08	0.08	
session-killzones-breakouts	4h	DOGEUSD	confirm1+er	23	-0.096	-2.2	0.57	8	-0.312	15	0.019	0	0.57	0.13	0.09	0.22	
session-killzones-breakouts	4h	DOGEUSD	inverted	121	-0.070	-8.5	0.65	57	-0.106	64	-0.038	0	0.65	0.13	0.03	0.30	
session-killzones-breakouts	4h	DOGEUSD	long	117	0.016	1.8	0.65	54	0.071	63	-0.031	0	0.65	0.23	0.05	0.12	
session-killzones-breakouts	4h	DOGEUSD	short	0	0.000	0.0	0.00	0	0.000	0	0.000	0	0.00	0.00	0.00	0.00	
session-killzones-breakouts	4h	DOGEUSD	label:shape:Asia Bull Breakout	117	0.016	1.8	0.65	54	0.071	63	-0.031	0	0.65	0.23	0.05	0.12	
session-killzones-breakouts	4h	DOGEUSD	repaint	118	0.016	1.8	0.65	54	0.071	63	-0.031	0	0.65	0.23	0.05	0.12	0 of 118 earlier entries changed when the last 60 bars were hidden (0%)
session-killzones-breakouts	4h	DOGEUSD	verdict	117	0.016	1.8	0.65	54	0.071	63	-0.031	0	0.65	0.23	0.05	0.12	COSTS: positive before fees, negative after → a slower timeframe or a wider stop/target so each trade pays the round trip several times over
session-killzones-breakouts	4h	AVAXUSD	base	117	-0.000	-0.0	0.63	56	0.080	61	-0.074	0	0.63	0.17	0.06	0.16	
session-killzones-breakouts	4h	AVAXUSD	gross	117	0.059	6.9	0.63	56	0.142	61	-0.017	0	0.63	0.17	0.06	0.16	
session-killzones-breakouts	4h	AVAXUSD	stop1.5	110	-0.036	-3.9	0.63	53	0.075	57	-0.139	0	0.63	0.16	0.04	0.09	
session-killzones-breakouts	4h	AVAXUSD	stop2	99	0.041	4.0	0.69	50	0.213	49	-0.135	0	0.69	0.14	0.01	0.02	
session-killzones-breakouts	4h	AVAXUSD	tp1	116	-0.077	-8.9	0.49	57	-0.009	59	-0.143	0	0.59	0.00	0.00	0.17	
session-killzones-breakouts	4h	AVAXUSD	levels	117	-0.000	-0.0	0.63	56	0.080	61	-0.074	0	0.63	0.17	0.06	0.16	
session-killzones-breakouts	4h	AVAXUSD	er0.25	46	-0.100	-4.6	0.52	26	0.006	20	-0.238	0	0.52	0.17	0.04	0.28	
session-killzones-breakouts	4h	AVAXUSD	confirm1	54	-0.093	-5.0	0.63	28	-0.234	26	0.059	0	0.63	0.19	0.02	0.07	
session-killzones-breakouts	4h	AVAXUSD	er+stop1.5	45	-0.053	-2.4	0.60	25	0.033	20	-0.160	0	0.60	0.18	0.04	0.18	
session-killzones-breakouts	4h	AVAXUSD	er+stop2	42	0.032	1.4	0.67	24	0.150	18	-0.125	0	0.67	0.12	0.02	0.05	
session-killzones-breakouts	4h	AVAXUSD	confirm1+er	28	-0.100	-2.8	0.64	13	-0.157	15	-0.051	0	0.64	0.18	0.00	0.11	
session-killzones-breakouts	4h	AVAXUSD	inverted	120	-0.024	-2.9	0.67	58	-0.105	62	0.052	0	0.67	0.16	0.02	0.19	
session-killzones-breakouts	4h	AVAXUSD	long	117	-0.000	-0.0	0.63	56	0.080	61	-0.074	0	0.63	0.17	0.06	0.16	
session-killzones-breakouts	4h	AVAXUSD	short	0	0.000	0.0	0.00	0	0.000	0	0.000	0	0.00	0.00	0.00	0.00	
session-killzones-breakouts	4h	AVAXUSD	label:shape:Asia Bull Breakout	117	-0.000	-0.0	0.63	56	0.080	61	-0.074	0	0.63	0.17	0.06	0.16	
session-killzones-breakouts	4h	AVAXUSD	repaint	118	-0.000	-0.0	0.63	56	0.080	61	-0.074	0	0.63	0.17	0.06	0.16	0 of 118 earlier entries changed when the last 60 bars were hidden (0%)
session-killzones-breakouts	4h	AVAXUSD	verdict	117	-0.000	-0.0	0.63	56	0.080	61	-0.074	0	0.63	0.17	0.06	0.16	no variant pays in both halves → not a reading, exit or cost problem on this cell; re-time or retire the pair
session-killzones-breakouts	4h	ADAUSD	base	118	-0.064	-7.6	0.63	57	-0.114	61	-0.018	0	0.63	0.16	0.03	0.16	
session-killzones-breakouts	4h	ADAUSD	gross	118	-0.017	-2.0	0.63	57	-0.071	61	0.034	0	0.63	0.16	0.03	0.16	
session-killzones-breakouts	4h	ADAUSD	stop1.5	112	-0.111	-12.5	0.60	57	-0.105	55	-0.117	0	0.60	0.15	0.02	0.06	
session-killzones-breakouts	4h	ADAUSD	stop2	100	-0.080	-8.0	0.63	52	-0.121	48	-0.035	0	0.63	0.09	0.01	0.04	
session-killzones-breakouts	4h	ADAUSD	tp1	116	-0.102	-11.9	0.47	56	-0.154	60	-0.054	0	0.59	0.00	0.00	0.17	
session-killzones-breakouts	4h	ADAUSD	levels	118	-0.064	-7.6	0.63	57	-0.114	61	-0.018	0	0.63	0.16	0.03	0.16	
session-killzones-breakouts	4h	ADAUSD	er0.25	54	-0.074	-4.0	0.65	25	-0.095	29	-0.056	0	0.65	0.15	0.02	0.19	
session-killzones-breakouts	4h	ADAUSD	confirm1	53	0.018	0.9	0.70	27	-0.033	26	0.071	0	0.70	0.11	0.04	0.09	
session-killzones-breakouts	4h	ADAUSD	er+stop1.5	53	-0.235	-12.4	0.53	25	-0.203	28	-0.263	0	0.53	0.11	0.00	0.09	
session-killzones-breakouts	4h	ADAUSD	er+stop2	52	-0.247	-12.8	0.54	25	-0.259	27	-0.235	0	0.54	0.06	0.00	0.04	
session-killzones-breakouts	4h	ADAUSD	confirm1+er	28	0.039	1.1	0.75	12	0.131	16	-0.029	0	0.75	0.11	0.00	0.07	
session-killzones-breakouts	4h	ADAUSD	inverted	119	0.025	3.0	0.67	58	0.084	61	-0.031	0	0.67	0.18	0.04	0.19	
session-killzones-breakouts	4h	ADAUSD	long	118	-0.064	-7.6	0.63	57	-0.114	61	-0.018	0	0.63	0.16	0.03	0.16	
session-killzones-breakouts	4h	ADAUSD	short	0	0.000	0.0	0.00	0	0.000	0	0.000	0	0.00	0.00	0.00	0.00	
session-killzones-breakouts	4h	ADAUSD	label:shape:Asia Bull Breakout	118	-0.064	-7.6	0.63	57	-0.114	61	-0.018	0	0.63	0.16	0.03	0.16	
session-killzones-breakouts	4h	ADAUSD	repaint	117	-0.064	-7.6	0.63	57	-0.114	61	-0.018	0	0.63	0.16	0.03	0.16	0 of 117 earlier entries changed when the last 60 bars were hidden (0%)
session-killzones-breakouts	4h	ADAUSD	verdict	118	-0.064	-7.6	0.63	57	-0.114	61	-0.018	0	0.63	0.16	0.03	0.16	no variant pays in both halves → not a reading, exit or cost problem on this cell; re-time or retire the pair
session-killzones-breakouts	4h	LTCUSD	base	131	-0.058	-7.5	0.65	58	-0.061	73	-0.055	0	0.65	0.15	0.03	0.23	
session-killzones-breakouts	4h	LTCUSD	gross	131	0.018	2.4	0.65	58	0.007	73	0.027	1	0.65	0.15	0.03	0.23	
session-killzones-breakouts	4h	LTCUSD	stop1.5	119	-0.041	-4.8	0.66	55	-0.061	64	-0.023	0	0.66	0.12	0.02	0.08	
session-killzones-breakouts	4h	LTCUSD	stop2	103	-0.049	-5.0	0.64	47	-0.044	56	-0.053	0	0.64	0.10	0.02	0.04	
session-killzones-breakouts	4h	LTCUSD	tp1	122	-0.143	-17.4	0.47	54	-0.214	68	-0.086	0	0.62	0.00	0.00	0.25	
session-killzones-breakouts	4h	LTCUSD	levels	131	-0.058	-7.5	0.65	58	-0.061	73	-0.055	0	0.65	0.15	0.03	0.23	
session-killzones-breakouts	4h	LTCUSD	er0.25	47	0.154	7.2	0.79	16	0.346	31	0.054	1	0.79	0.21	0.04	0.13	
session-killzones-breakouts	4h	LTCUSD	confirm1	64	-0.116	-7.4	0.64	30	-0.089	34	-0.141	0	0.64	0.09	0.02	0.13	
session-killzones-breakouts	4h	LTCUSD	er+stop1.5	45	0.099	4.5	0.78	16	0.145	29	0.075	1	0.78	0.18	0.00	0.07	
session-killzones-breakouts	4h	LTCUSD	er+stop2	42	-0.128	-5.4	0.60	16	-0.273	26	-0.039	0	0.60	0.07	0.02	0.02	
session-killzones-breakouts	4h	LTCUSD	confirm1+er	34	-0.212	-7.2	0.56	14	-0.274	20	-0.168	0	0.56	0.06	0.03	0.21	
session-killzones-breakouts	4h	LTCUSD	inverted	131	-0.036	-4.7	0.68	59	0.035	72	-0.094	0	0.68	0.14	0.02	0.21	
session-killzones-breakouts	4h	LTCUSD	long	131	-0.058	-7.5	0.65	58	-0.061	73	-0.055	0	0.65	0.15	0.03	0.23	
session-killzones-breakouts	4h	LTCUSD	short	0	0.000	0.0	0.00	0	0.000	0	0.000	0	0.00	0.00	0.00	0.00	
session-killzones-breakouts	4h	LTCUSD	label:shape:Asia Bull Breakout	131	-0.058	-7.5	0.65	58	-0.061	73	-0.055	0	0.65	0.15	0.03	0.23	
session-killzones-breakouts	4h	LTCUSD	repaint	127	-0.058	-7.5	0.65	58	-0.061	73	-0.055	0	0.65	0.15	0.03	0.23	0 of 127 earlier entries changed when the last 60 bars were hidden (0%)
session-killzones-breakouts	4h	LTCUSD	verdict	131	-0.058	-7.5	0.65	58	-0.061	73	-0.055	0	0.65	0.15	0.03	0.23	COSTS: positive before fees, negative after → a slower timeframe or a wider stop/target so each trade pays the round trip several times over
session-killzones-breakouts	4h	BCHUSD	base	112	-0.228	-25.6	0.52	54	-0.204	58	-0.250	0	0.52	0.12	0.03	0.13	
session-killzones-breakouts	4h	BCHUSD	gross	112	-0.177	-19.8	0.52	54	-0.152	58	-0.199	0	0.52	0.12	0.03	0.13	
session-killzones-breakouts	4h	BCHUSD	stop1.5	102	-0.215	-21.9	0.52	52	-0.199	50	-0.231	0	0.52	0.11	0.02	0.01	
session-killzones-breakouts	4h	BCHUSD	stop2	90	-0.198	-17.8	0.52	48	-0.126	42	-0.280	0	0.52	0.13	0.02	0.00	
session-killzones-breakouts	4h	BCHUSD	tp1	106	-0.332	-35.2	0.36	53	-0.225	53	-0.439	0	0.51	0.00	0.00	0.16	
session-killzones-breakouts	4h	BCHUSD	levels	112	-0.228	-25.6	0.52	54	-0.204	58	-0.250	0	0.52	0.12	0.03	0.13	
session-killzones-breakouts	4h	BCHUSD	er0.25	41	-0.283	-11.6	0.44	17	-0.247	24	-0.308	0	0.44	0.12	0.05	0.17	
session-killzones-breakouts	4h	BCHUSD	confirm1	50	-0.101	-5.0	0.54	27	-0.081	23	-0.124	0	0.54	0.24	0.06	0.10	
session-killzones-breakouts	4h	BCHUSD	er+stop1.5	40	-0.229	-9.2	0.47	17	-0.311	23	-0.169	0	0.47	0.13	0.03	0.03	
session-killzones-breakouts	4h	BCHUSD	er+stop2	38	-0.298	-11.3	0.45	16	-0.387	22	-0.233	0	0.45	0.11	0.03	0.00	
session-killzones-breakouts	4h	BCHUSD	confirm1+er	15	0.099	1.5	0.67	4	-0.384	11	0.274	0	0.67	0.27	0.07	0.07	
session-killzones-breakouts	4h	BCHUSD	inverted	114	0.018	2.1	0.73	55	-0.056	59	0.087	0	0.73	0.14	0.01	0.18	
session-killzones-breakouts	4h	BCHUSD	long	112	-0.228	-25.6	0.52	54	-0.204	58	-0.250	0	0.52	0.12	0.03	0.13	
session-killzones-breakouts	4h	BCHUSD	short	0	0.000	0.0	0.00	0	0.000	0	0.000	0	0.00	0.00	0.00	0.00	
session-killzones-breakouts	4h	BCHUSD	label:shape:Asia Bull Breakout	112	-0.228	-25.6	0.52	54	-0.204	58	-0.250	0	0.52	0.12	0.03	0.13	
session-killzones-breakouts	4h	BCHUSD	repaint	110	-0.228	-25.6	0.52	54	-0.204	58	-0.250	0	0.52	0.12	0.03	0.13	0 of 110 earlier entries changed when the last 60 bars were hidden (0%)
session-killzones-breakouts	4h	BCHUSD	verdict	112	-0.228	-25.6	0.52	54	-0.204	58	-0.250	0	0.52	0.12	0.03	0.13	no variant pays in both halves → not a reading, exit or cost problem on this cell; re-time or retire the pair
session-killzones-breakouts	4h	LINKUSD	base	137	-0.006	-0.8	0.63	66	-0.058	71	0.043	0	0.63	0.19	0.07	0.14	
session-killzones-breakouts	4h	LINKUSD	gross	137	0.057	7.7	0.63	66	-0.002	71	0.111	0	0.63	0.19	0.07	0.14	
session-killzones-breakouts	4h	LINKUSD	stop1.5	131	0.024	3.1	0.65	61	-0.008	70	0.051	0	0.65	0.15	0.03	0.05	
session-killzones-breakouts	4h	LINKUSD	stop2	108	0.041	4.4	0.67	53	-0.011	55	0.090	0	0.67	0.15	0.03	0.02	
session-killzones-breakouts	4h	LINKUSD	tp1	132	-0.123	-16.2	0.47	65	-0.164	67	-0.084	0	0.62	0.00	0.00	0.17	
session-killzones-breakouts	4h	LINKUSD	levels	137	-0.006	-0.8	0.63	66	-0.058	71	0.043	0	0.63	0.19	0.07	0.14	
session-killzones-breakouts	4h	LINKUSD	er0.25	68	-0.037	-2.5	0.62	31	-0.139	37	0.048	0	0.62	0.22	0.03	0.15	
session-killzones-breakouts	4h	LINKUSD	confirm1	67	-0.136	-9.1	0.60	34	-0.240	33	-0.030	0	0.60	0.10	0.06	0.15	
session-killzones-breakouts	4h	LINKUSD	er+stop1.5	67	0.049	3.3	0.66	31	0.016	36	0.078	1	0.66	0.13	0.03	0.09	
session-killzones-breakouts	4h	LINKUSD	er+stop2	65	0.094	6.1	0.68	30	-0.012	35	0.184	0	0.68	0.17	0.05	0.03	
session-killzones-breakouts	4h	LINKUSD	confirm1+er	32	-0.128	-4.1	0.59	12	-0.363	20	0.014	0	0.59	0.09	0.06	0.19	
session-killzones-breakouts	4h	LINKUSD	inverted	138	0.081	11.2	0.70	66	0.189	72	-0.018	0	0.70	0.16	0.03	0.17	
session-killzones-breakouts	4h	LINKUSD	long	137	-0.006	-0.8	0.63	66	-0.058	71	0.043	0	0.63	0.19	0.07	0.14	
session-killzones-breakouts	4h	LINKUSD	short	0	0.000	0.0	0.00	0	0.000	0	0.000	0	0.00	0.00	0.00	0.00	
session-killzones-breakouts	4h	LINKUSD	label:shape:Asia Bull Breakout	137	-0.006	-0.8	0.63	66	-0.058	71	0.043	0	0.63	0.19	0.07	0.14	
session-killzones-breakouts	4h	LINKUSD	repaint	139	-0.006	-0.8	0.63	66	-0.058	71	0.043	0	0.63	0.19	0.07	0.14	0 of 139 earlier entries changed when the last 60 bars were hidden (0%)
session-killzones-breakouts	4h	LINKUSD	verdict	137	-0.006	-0.8	0.63	66	-0.058	71	0.043	0	0.63	0.19	0.07	0.14	no variant pays in both halves → not a reading, exit or cost problem on this cell; re-time or retire the pair
session-killzones-breakouts	4h	SUIUSD	base	113	-0.022	-2.5	0.60	56	-0.034	57	-0.010	0	0.60	0.19	0.06	0.16	
session-killzones-breakouts	4h	SUIUSD	gross	113	0.031	3.5	0.60	56	0.013	57	0.048	1	0.60	0.19	0.06	0.16	
session-killzones-breakouts	4h	SUIUSD	stop1.5	110	-0.064	-7.0	0.58	55	-0.119	55	-0.009	0	0.58	0.19	0.05	0.10	
session-killzones-breakouts	4h	SUIUSD	stop2	98	-0.040	-3.9	0.60	50	-0.052	48	-0.028	0	0.60	0.14	0.04	0.05	
session-killzones-breakouts	4h	SUIUSD	tp1	111	-0.152	-16.8	0.45	55	-0.243	56	-0.062	0	0.56	0.00	0.00	0.18	
session-killzones-breakouts	4h	SUIUSD	levels	113	-0.022	-2.5	0.60	56	-0.034	57	-0.010	0	0.60	0.19	0.06	0.16	
session-killzones-breakouts	4h	SUIUSD	er0.25	43	-0.009	-0.4	0.60	22	0.076	21	-0.098	0	0.60	0.19	0.05	0.21	
session-killzones-breakouts	4h	SUIUSD	confirm1	57	-0.129	-7.4	0.58	28	-0.127	29	-0.132	0	0.58	0.16	0.02	0.16	
session-killzones-breakouts	4h	SUIUSD	er+stop1.5	43	0.076	3.3	0.67	22	0.068	21	0.084	1	0.67	0.19	0.05	0.07	
session-killzones-breakouts	4h	SUIUSD	er+stop2	42	0.066	2.8	0.67	22	0.111	20	0.016	1	0.67	0.14	0.05	0.05	
session-killzones-breakouts	4h	SUIUSD	confirm1+er	21	0.056	1.2	0.67	10	0.028	11	0.081	1	0.67	0.24	0.00	0.24	
session-killzones-breakouts	4h	SUIUSD	inverted	117	-0.014	-1.6	0.66	58	0.054	59	-0.081	0	0.66	0.18	0.04	0.23	
session-killzones-breakouts	4h	SUIUSD	long	113	-0.022	-2.5	0.60	56	-0.034	57	-0.010	0	0.60	0.19	0.06	0.16	
session-killzones-breakouts	4h	SUIUSD	short	0	0.000	0.0	0.00	0	0.000	0	0.000	0	0.00	0.00	0.00	0.00	
session-killzones-breakouts	4h	SUIUSD	label:shape:Asia Bull Breakout	113	-0.022	-2.5	0.60	56	-0.034	57	-0.010	0	0.60	0.19	0.06	0.16	
session-killzones-breakouts	4h	SUIUSD	repaint	115	-0.022	-2.5	0.60	56	-0.034	57	-0.010	0	0.60	0.19	0.06	0.16	0 of 115 earlier entries changed when the last 60 bars were hidden (0%)
session-killzones-breakouts	4h	SUIUSD	verdict	113	-0.022	-2.5	0.60	56	-0.034	57	-0.010	0	0.60	0.19	0.06	0.16	COSTS: positive before fees, negative after → a slower timeframe or a wider stop/target so each trade pays the round trip several times over
session-killzones-breakouts	4h	NEARUSD	base	127	-0.077	-9.8	0.64	58	-0.199	69	0.025	0	0.64	0.11	0.03	0.17	
session-killzones-breakouts	4h	NEARUSD	gross	127	-0.038	-4.8	0.64	58	-0.162	69	0.066	0	0.64	0.11	0.03	0.17	
session-killzones-breakouts	4h	NEARUSD	stop1.5	120	-0.050	-6.0	0.66	53	-0.131	67	0.015	0	0.66	0.12	0.02	0.08	
session-killzones-breakouts	4h	NEARUSD	stop2	108	-0.022	-2.3	0.65	48	-0.138	60	0.071	0	0.65	0.11	0.02	0.04	
session-killzones-breakouts	4h	NEARUSD	tp1	126	-0.181	-22.8	0.43	57	-0.300	69	-0.083	0	0.63	0.00	0.00	0.20	
session-killzones-breakouts	4h	NEARUSD	levels	127	-0.077	-9.8	0.64	58	-0.199	69	0.025	0	0.64	0.11	0.03	0.17	
session-killzones-breakouts	4h	NEARUSD	er0.25	49	0.022	1.1	0.67	21	-0.174	28	0.169	0	0.67	0.16	0.04	0.18	
session-killzones-breakouts	4h	NEARUSD	confirm1	54	0.016	0.9	0.70	24	-0.085	30	0.096	0	0.70	0.11	0.04	0.17	
session-killzones-breakouts	4h	NEARUSD	er+stop1.5	49	-0.136	-6.6	0.59	21	-0.189	28	-0.095	0	0.59	0.14	0.02	0.12	
session-killzones-breakouts	4h	NEARUSD	er+stop2	48	-0.082	-3.9	0.60	20	-0.121	28	-0.055	0	0.60	0.13	0.04	0.06	
session-killzones-breakouts	4h	NEARUSD	confirm1+er	26	-0.043	-1.1	0.65	10	-0.117	16	0.003	0	0.65	0.15	0.04	0.23	
session-killzones-breakouts	4h	NEARUSD	inverted	129	0.048	6.1	0.70	58	0.069	71	0.030	1	0.70	0.19	0.02	0.19	
session-killzones-breakouts	4h	NEARUSD	long	127	-0.077	-9.8	0.64	58	-0.199	69	0.025	0	0.64	0.11	0.03	0.17	
session-killzones-breakouts	4h	NEARUSD	short	0	0.000	0.0	0.00	0	0.000	0	0.000	0	0.00	0.00	0.00	0.00	
session-killzones-breakouts	4h	NEARUSD	label:shape:Asia Bull Breakout	127	-0.077	-9.8	0.64	58	-0.199	69	0.025	0	0.64	0.11	0.03	0.17	
session-killzones-breakouts	4h	NEARUSD	repaint	123	-0.077	-9.8	0.64	58	-0.199	69	0.025	0	0.64	0.11	0.03	0.17	0 of 123 earlier entries changed when the last 60 bars were hidden (0%)
session-killzones-breakouts	4h	NEARUSD	verdict	127	-0.077	-9.8	0.64	58	-0.199	69	0.025	0	0.64	0.11	0.03	0.17	no variant pays in both halves → not a reading, exit or cost problem on this cell; re-time or retire the pair
session-killzones-breakouts	4h	HYPEUSD	base	140	-0.038	-5.3	0.66	61	-0.029	79	-0.045	0	0.66	0.15	0.02	0.19	
session-killzones-breakouts	4h	HYPEUSD	gross	140	0.009	1.2	0.66	61	0.013	79	0.006	1	0.66	0.15	0.02	0.19	
session-killzones-breakouts	4h	HYPEUSD	stop1.5	134	0.029	3.8	0.66	61	-0.021	73	0.070	0	0.66	0.13	0.02	0.07	
session-killzones-breakouts	4h	HYPEUSD	stop2	115	0.033	3.8	0.64	54	-0.013	61	0.074	0	0.64	0.11	0.03	0.03	
session-killzones-breakouts	4h	HYPEUSD	tp1	136	0.004	0.5	0.53	61	-0.062	75	0.057	0	0.63	0.00	0.00	0.19	
session-killzones-breakouts	4h	HYPEUSD	levels	140	-0.038	-5.3	0.66	61	-0.029	79	-0.045	0	0.66	0.15	0.02	0.19	
session-killzones-breakouts	4h	HYPEUSD	er0.25	56	-0.071	-4.0	0.64	24	-0.108	32	-0.044	0	0.64	0.16	0.02	0.21	
session-killzones-breakouts	4h	HYPEUSD	confirm1	69	0.049	3.4	0.68	30	0.105	39	0.006	1	0.68	0.14	0.03	0.12	
session-killzones-breakouts	4h	HYPEUSD	er+stop1.5	55	0.018	1.0	0.65	24	-0.192	31	0.180	0	0.65	0.07	0.02	0.11	
session-killzones-breakouts	4h	HYPEUSD	er+stop2	54	-0.018	-1.0	0.63	24	-0.152	30	0.089	0	0.63	0.09	0.04	0.06	
session-killzones-breakouts	4h	HYPEUSD	confirm1+er	33	0.046	1.5	0.67	15	0.306	18	-0.171	0	0.67	0.18	0.03	0.15	
session-killzones-breakouts	4h	HYPEUSD	inverted	141	-0.071	-10.0	0.65	64	-0.076	77	-0.066	0	0.65	0.11	0.01	0.14	
session-killzones-breakouts	4h	HYPEUSD	long	140	-0.038	-5.3	0.66	61	-0.029	79	-0.045	0	0.66	0.15	0.02	0.19	
session-killzones-breakouts	4h	HYPEUSD	short	0	0.000	0.0	0.00	0	0.000	0	0.000	0	0.00	0.00	0.00	0.00	
session-killzones-breakouts	4h	HYPEUSD	label:shape:Asia Bull Breakout	140	-0.038	-5.3	0.66	61	-0.029	79	-0.045	0	0.66	0.15	0.02	0.19	
session-killzones-breakouts	4h	HYPEUSD	repaint	140	-0.038	-5.3	0.66	61	-0.029	79	-0.045	0	0.66	0.15	0.02	0.19	0 of 140 earlier entries changed when the last 60 bars were hidden (0%)
session-killzones-breakouts	4h	HYPEUSD	verdict	140	-0.038	-5.3	0.66	61	-0.029	79	-0.045	0	0.66	0.15	0.02	0.19	COSTS: positive before fees, negative after → a slower timeframe or a wider stop/target so each trade pays the round trip several times over
smart-money-breakout-signals	15m	ETHUSD	base	9	-0.250	-2.3	0.56	5	-0.183	4	-0.335	0	0.56	0.11	0.00	0.22	
smart-money-breakout-signals	15m	ETHUSD	gross	51	-0.342	-17.5	0.43	29	-0.289	22	-0.413	0	0.43	0.14	0.04	0.33	
smart-money-breakout-signals	15m	ETHUSD	stop1.5	26	-0.336	-8.7	0.54	13	-0.427	13	-0.246	0	0.54	0.08	0.00	0.15	
smart-money-breakout-signals	15m	ETHUSD	stop2	36	-0.292	-10.5	0.53	20	-0.401	16	-0.156	0	0.53	0.17	0.00	0.08	
smart-money-breakout-signals	15m	ETHUSD	tp1	9	-0.221	-2.0	0.44	5	-0.292	4	-0.133	0	0.33	0.00	0.00	0.33	
smart-money-breakout-signals	15m	ETHUSD	levels	9	-0.250	-2.3	0.56	5	-0.183	4	-0.335	0	0.56	0.11	0.00	0.22	
smart-money-breakout-signals	15m	ETHUSD	er0.25	7	-0.048	-0.3	0.71	4	0.022	3	-0.141	0	0.71	0.14	0.00	0.14	
smart-money-breakout-signals	15m	ETHUSD	confirm1	4	0.115	0.5	0.75	2	0.626	2	-0.396	0	0.75	0.25	0.00	0.25	
smart-money-breakout-signals	15m	ETHUSD	er+stop1.5	20	-0.221	-4.4	0.65	11	-0.322	9	-0.096	0	0.65	0.05	0.00	0.15	
smart-money-breakout-signals	15m	ETHUSD	er+stop2	28	-0.192	-5.4	0.61	16	-0.341	12	0.006	0	0.61	0.18	0.00	0.07	
smart-money-breakout-signals	15m	ETHUSD	confirm1+er	4	0.115	0.5	0.75	2	0.626	2	-0.396	0	0.75	0.25	0.00	0.25	
smart-money-breakout-signals	15m	ETHUSD	inverted	9	-0.220	-2.0	0.56	5	-0.111	4	-0.355	0	0.56	0.22	0.00	0.33	
smart-money-breakout-signals	15m	ETHUSD	long	9	-0.250	-2.3	0.56	5	-0.183	4	-0.335	0	0.56	0.11	0.00	0.22	
smart-money-breakout-signals	15m	ETHUSD	short	0	0.000	0.0	0.00	0	0.000	0	0.000	0	0.00	0.00	0.00	0.00	
smart-money-breakout-signals	15m	ETHUSD	repaint	51	-0.250	-2.3	0.56	5	-0.183	4	-0.335	0	0.56	0.11	0.00	0.22	0 of 51 earlier entries changed when the last 60 bars were hidden (0%)
smart-money-breakout-signals	15m	ETHUSD	verdict	9	-0.250	-2.3	0.56	5	-0.183	4	-0.335	0	0.56	0.11	0.00	0.22	too few trades to say → more history or a faster timeframe before judging
smart-money-breakout-signals	15m	BTCUSD	base	1	0.290	0.3	1.00	0	0.000	1	0.290	0	1.00	0.00	0.00	0.00	
smart-money-breakout-signals	15m	BTCUSD	gross	54	-0.196	-10.6	0.54	27	-0.201	27	-0.191	0	0.54	0.13	0.04	0.31	
smart-money-breakout-signals	15m	BTCUSD	stop1.5	10	-0.365	-3.6	0.50	5	-0.447	5	-0.282	0	0.50	0.10	0.00	0.30	
smart-money-breakout-signals	15m	BTCUSD	stop2	24	-0.034	-0.8	0.63	13	0.017	11	-0.094	0	0.63	0.08	0.04	0.08	
smart-money-breakout-signals	15m	BTCUSD	tp1	1	0.662	0.7	1.00	0	0.000	1	0.662	0	1.00	0.00	0.00	0.00	
smart-money-breakout-signals	15m	BTCUSD	levels	1	0.290	0.3	1.00	0	0.000	1	0.290	0	1.00	0.00	0.00	0.00	
smart-money-breakout-signals	15m	BTCUSD	er0.25	1	0.290	0.3	1.00	0	0.000	1	0.290	0	1.00	0.00	0.00	0.00	
smart-money-breakout-signals	15m	BTCUSD	confirm1	1	0.292	0.3	1.00	1	0.292	0	0.000	0	1.00	0.00	0.00	0.00	
smart-money-breakout-signals	15m	BTCUSD	er+stop1.5	8	-0.353	-2.8	0.50	5	-0.447	3	-0.197	0	0.50	0.13	0.00	0.38	
smart-money-breakout-signals	15m	BTCUSD	er+stop2	17	-0.006	-0.1	0.59	11	0.072	6	-0.151	0	0.59	0.06	0.06	0.12	
smart-money-breakout-signals	15m	BTCUSD	confirm1+er	1	0.292	0.3	1.00	1	0.292	0	0.000	0	1.00	0.00	0.00	0.00	
smart-money-breakout-signals	15m	BTCUSD	inverted	1	-0.915	-0.9	0.00	0	0.000	1	-0.915	0	0.00	0.00	0.00	1.00	
smart-money-breakout-signals	15m	BTCUSD	long	1	0.290	0.3	1.00	0	0.000	1	0.290	0	1.00	0.00	0.00	0.00	
smart-money-breakout-signals	15m	BTCUSD	short	0	0.000	0.0	0.00	0	0.000	0	0.000	0	0.00	0.00	0.00	0.00	
smart-money-breakout-signals	15m	BTCUSD	repaint	54	0.290	0.3	1.00	0	0.000	1	0.290	0	1.00	0.00	0.00	0.00	0 of 54 earlier entries changed when the last 60 bars were hidden (0%)
smart-money-breakout-signals	15m	BTCUSD	verdict	1	0.290	0.3	1.00	0	0.000	1	0.290	0	1.00	0.00	0.00	0.00	too few trades to say → more history or a faster timeframe before judging
smart-money-breakout-signals	15m	SOLUSD	base	15	0.318	4.8	0.80	7	0.722	8	-0.036	0	0.80	0.33	0.13	0.20	
smart-money-breakout-signals	15m	SOLUSD	gross	51	0.100	5.1	0.67	28	0.122	23	0.074	1	0.67	0.20	0.06	0.22	
smart-money-breakout-signals	15m	SOLUSD	stop1.5	32	-0.097	-3.1	0.66	13	0.060	19	-0.204	0	0.66	0.19	0.03	0.06	
smart-money-breakout-signals	15m	SOLUSD	stop2	42	-0.031	-1.3	0.67	21	-0.033	21	-0.030	0	0.67	0.14	0.10	0.05	
smart-money-breakout-signals	15m	SOLUSD	tp1	15	0.238	3.6	0.73	7	0.439	8	0.063	1	0.40	0.00	0.00	0.20	
smart-money-breakout-signals	15m	SOLUSD	levels	15	0.318	4.8	0.80	7	0.722	8	-0.036	0	0.80	0.33	0.13	0.20	
smart-money-breakout-signals	15m	SOLUSD	er0.25	14	0.321	4.5	0.79	7	0.722	7	-0.080	0	0.79	0.36	0.14	0.21	
smart-money-breakout-signals	15m	SOLUSD	confirm1	8	0.020	0.2	0.63	5	0.109	3	-0.127	0	0.63	0.25	0.13	0.25	
smart-money-breakout-signals	15m	SOLUSD	er+stop1.5	27	-0.105	-2.8	0.63	11	0.152	16	-0.281	0	0.63	0.22	0.04	0.07	
smart-money-breakout-signals	15m	SOLUSD	er+stop2	32	0.001	0.0	0.69	15	0.022	17	-0.018	0	0.69	0.16	0.09	0.06	
smart-money-breakout-signals	15m	SOLUSD	confirm1+er	8	0.020	0.2	0.63	5	0.109	3	-0.127	0	0.63	0.25	0.13	0.25	
smart-money-breakout-signals	15m	SOLUSD	inverted	15	-0.270	-4.1	0.47	7	-0.091	8	-0.427	0	0.47	0.20	0.07	0.47	
smart-money-breakout-signals	15m	SOLUSD	long	15	0.318	4.8	0.80	7	0.722	8	-0.036	0	0.80	0.33	0.13	0.20	
smart-money-breakout-signals	15m	SOLUSD	short	0	0.000	0.0	0.00	0	0.000	0	0.000	0	0.00	0.00	0.00	0.00	
smart-money-breakout-signals	15m	SOLUSD	label:alert:Bullish Breakout Detected	15	0.318	4.8	0.80	7	0.722	8	-0.036	0	0.80	0.33	0.13	0.20	
smart-money-breakout-signals	15m	SOLUSD	repaint	51	0.318	4.8	0.80	7	0.722	8	-0.036	0	0.80	0.33	0.13	0.20	0 of 51 earlier entries changed when the last 60 bars were hidden (0%)
smart-money-breakout-signals	15m	SOLUSD	verdict	15	0.318	4.8	0.80	7	0.722	8	-0.036	0	0.80	0.33	0.13	0.20	too few trades to say → more history or a faster timeframe before judging
smart-money-breakout-signals	15m	XRPUSD	base	17	0.118	2.0	0.76	6	0.705	11	-0.202	0	0.76	0.24	0.12	0.18	
smart-money-breakout-signals	15m	XRPUSD	gross	42	0.056	2.3	0.69	22	0.382	20	-0.303	0	0.69	0.14	0.07	0.26	
smart-money-breakout-signals	15m	XRPUSD	stop1.5	25	-0.113	-2.8	0.64	9	0.183	16	-0.279	0	0.64	0.20	0.04	0.20	
smart-money-breakout-signals	15m	XRPUSD	stop2	31	-0.176	-5.4	0.61	13	0.003	18	-0.304	0	0.61	0.10	0.00	0.06	
smart-money-breakout-signals	15m	XRPUSD	tp1	17	0.113	1.9	0.65	6	0.466	11	-0.079	0	0.59	0.00	0.00	0.29	
smart-money-breakout-signals	15m	XRPUSD	levels	17	0.118	2.0	0.76	6	0.705	11	-0.202	0	0.76	0.24	0.12	0.18	
smart-money-breakout-signals	15m	XRPUSD	er0.25	15	0.102	1.5	0.73	6	0.705	9	-0.299	0	0.73	0.20	0.13	0.20	
smart-money-breakout-signals	15m	XRPUSD	confirm1	11	0.047	0.5	0.64	5	0.514	6	-0.343	0	0.64	0.36	0.09	0.18	
smart-money-breakout-signals	15m	XRPUSD	er+stop1.5	22	-0.160	-3.5	0.59	9	0.183	13	-0.398	0	0.59	0.23	0.05	0.23	
smart-money-breakout-signals	15m	XRPUSD	er+stop2	27	-0.190	-5.1	0.59	12	0.086	15	-0.410	0	0.59	0.11	0.00	0.07	
smart-money-breakout-signals	15m	XRPUSD	confirm1+er	9	0.126	1.1	0.67	5	0.514	4	-0.360	0	0.67	0.44	0.11	0.11	
smart-money-breakout-signals	15m	XRPUSD	inverted	17	-0.306	-5.2	0.53	6	-0.468	11	-0.217	0	0.53	0.12	0.00	0.24	
smart-money-breakout-signals	15m	XRPUSD	long	17	0.118	2.0	0.76	6	0.705	11	-0.202	0	0.76	0.24	0.12	0.18	
smart-money-breakout-signals	15m	XRPUSD	short	0	0.000	0.0	0.00	0	0.000	0	0.000	0	0.00	0.00	0.00	0.00	
smart-money-breakout-signals	15m	XRPUSD	label:alert:Bullish Breakout Detected	17	0.118	2.0	0.76	6	0.705	11	-0.202	0	0.76	0.24	0.12	0.18	
smart-money-breakout-signals	15m	XRPUSD	repaint	42	0.118	2.0	0.76	6	0.705	11	-0.202	0	0.76	0.24	0.12	0.18	0 of 42 earlier entries changed when the last 60 bars were hidden (0%)
smart-money-breakout-signals	15m	XRPUSD	verdict	17	0.118	2.0	0.76	6	0.705	11	-0.202	0	0.76	0.24	0.12	0.18	too few trades to say → more history or a faster timeframe before judging
smart-money-breakout-signals	15m	BNBUSD	base	0	0.000	0.0	0.00	0	0.000	0	0.000	0	0.00	0.00	0.00	0.00	
smart-money-breakout-signals	15m	BNBUSD	gross	54	-0.199	-10.7	0.52	26	0.041	28	-0.421	0	0.52	0.24	0.06	0.37	
smart-money-breakout-signals	15m	BNBUSD	stop1.5	9	-0.286	-2.6	0.56	4	-0.100	5	-0.435	0	0.56	0.11	0.00	0.11	
smart-money-breakout-signals	15m	BNBUSD	stop2	23	-0.279	-6.4	0.48	8	-0.168	15	-0.338	0	0.48	0.22	0.04	0.13	
smart-money-breakout-signals	15m	BNBUSD	tp1	0	0.000	0.0	0.00	0	0.000	0	0.000	0	0.00	0.00	0.00	0.00	
smart-money-breakout-signals	15m	BNBUSD	levels	0	0.000	0.0	0.00	0	0.000	0	0.000	0	0.00	0.00	0.00	0.00	
smart-money-breakout-signals	15m	BNBUSD	er0.25	0	0.000	0.0	0.00	0	0.000	0	0.000	0	0.00	0.00	0.00	0.00	
smart-money-breakout-signals	15m	BNBUSD	confirm1	0	0.000	0.0	0.00	0	0.000	0	0.000	0	0.00	0.00	0.00	0.00	
smart-money-breakout-signals	15m	BNBUSD	er+stop1.5	6	-0.116	-0.7	0.67	3	-0.173	3	-0.058	0	0.67	0.17	0.00	0.17	
smart-money-breakout-signals	15m	BNBUSD	er+stop2	13	-0.170	-2.2	0.54	7	-0.273	6	-0.051	0	0.54	0.23	0.08	0.15	
smart-money-breakout-signals	15m	BNBUSD	confirm1+er	0	0.000	0.0	0.00	0	0.000	0	0.000	0	0.00	0.00	0.00	0.00	
smart-money-breakout-signals	15m	BNBUSD	inverted	0	0.000	0.0	0.00	0	0.000	0	0.000	0	0.00	0.00	0.00	0.00	
smart-money-breakout-signals	15m	BNBUSD	long	0	0.000	0.0	0.00	0	0.000	0	0.000	0	0.00	0.00	0.00	0.00	
smart-money-breakout-signals	15m	BNBUSD	short	0	0.000	0.0	0.00	0	0.000	0	0.000	0	0.00	0.00	0.00	0.00	
smart-money-breakout-signals	15m	BNBUSD	repaint	54	0.000	0.0	0.00	0	0.000	0	0.000	0	0.00	0.00	0.00	0.00	0 of 54 earlier entries changed when the last 60 bars were hidden (0%)
smart-money-breakout-signals	15m	BNBUSD	verdict	0	0.000	0.0	0.00	0	0.000	0	0.000	0	0.00	0.00	0.00	0.00	too few trades to say → more history or a faster timeframe before judging
smart-money-breakout-signals	15m	DOGEUSD	base	18	-0.193	-3.5	0.56	6	-0.081	12	-0.250	0	0.56	0.28	0.00	0.28	
smart-money-breakout-signals	15m	DOGEUSD	gross	45	-0.201	-9.0	0.51	22	-0.222	23	-0.181	0	0.51	0.20	0.02	0.29	
smart-money-breakout-signals	15m	DOGEUSD	stop1.5	27	0.111	3.0	0.74	8	-0.220	19	0.250	0	0.74	0.11	0.04	0.07	
smart-money-breakout-signals	15m	DOGEUSD	stop2	33	-0.073	-2.4	0.58	11	-0.105	22	-0.057	0	0.58	0.09	0.06	0.03	
smart-money-breakout-signals	15m	DOGEUSD	tp1	18	-0.223	-4.0	0.44	6	0.140	12	-0.404	0	0.44	0.00	0.00	0.33	
smart-money-breakout-signals	15m	DOGEUSD	levels	18	-0.193	-3.5	0.56	6	-0.081	12	-0.250	0	0.56	0.28	0.00	0.28	
smart-money-breakout-signals	15m	DOGEUSD	er0.25	16	-0.191	-3.1	0.56	5	0.087	11	-0.318	0	0.56	0.25	0.00	0.25	
smart-money-breakout-signals	15m	DOGEUSD	confirm1	10	-0.224	-2.2	0.50	5	0.026	5	-0.475	0	0.50	0.30	0.10	0.40	
smart-money-breakout-signals	15m	DOGEUSD	er+stop1.5	22	0.139	3.1	0.73	7	-0.117	15	0.258	0	0.73	0.14	0.05	0.05	
smart-money-breakout-signals	15m	DOGEUSD	er+stop2	28	-0.038	-1.1	0.57	10	-0.016	18	-0.050	0	0.57	0.11	0.07	0.04	
smart-money-breakout-signals	15m	DOGEUSD	confirm1+er	10	-0.224	-2.2	0.50	5	0.026	5	-0.475	0	0.50	0.30	0.10	0.40	
smart-money-breakout-signals	15m	DOGEUSD	inverted	18	-0.197	-3.5	0.56	6	-0.531	12	-0.029	0	0.56	0.22	0.06	0.44	
smart-money-breakout-signals	15m	DOGEUSD	long	18	-0.193	-3.5	0.56	6	-0.081	12	-0.250	0	0.56	0.28	0.00	0.28	
smart-money-breakout-signals	15m	DOGEUSD	short	0	0.000	0.0	0.00	0	0.000	0	0.000	0	0.00	0.00	0.00	0.00	
smart-money-breakout-signals	15m	DOGEUSD	label:alert:Bullish Breakout Detected	18	-0.193	-3.5	0.56	6	-0.081	12	-0.250	0	0.56	0.28	0.00	0.28	
smart-money-breakout-signals	15m	DOGEUSD	repaint	45	-0.193	-3.5	0.56	6	-0.081	12	-0.250	0	0.56	0.28	0.00	0.28	0 of 45 earlier entries changed when the last 60 bars were hidden (0%)
smart-money-breakout-signals	15m	DOGEUSD	verdict	18	-0.193	-3.5	0.56	6	-0.081	12	-0.250	0	0.56	0.28	0.00	0.28	too few trades to say → more history or a faster timeframe before judging
smart-money-breakout-signals	15m	AVAXUSD	base	18	0.001	0.0	0.50	7	0.016	11	-0.009	0	0.50	0.17	0.06	0.50	
smart-money-breakout-signals	15m	AVAXUSD	gross	45	0.127	5.7	0.49	22	0.249	23	0.010	1	0.44	0.16	0.04	0.42	
smart-money-breakout-signals	15m	AVAXUSD	stop1.5	33	-0.183	-6.0	0.45	15	-0.123	18	-0.233	0	0.42	0.12	0.06	0.24	
smart-money-breakout-signals	15m	AVAXUSD	stop2	43	-0.032	-1.4	0.51	20	0.178	23	-0.214	0	0.51	0.14	0.09	0.12	
smart-money-breakout-signals	15m	AVAXUSD	tp1	18	-0.379	-6.8	0.33	7	-0.458	11	-0.329	0	0.44	0.00	0.00	0.56	
smart-money-breakout-signals	15m	AVAXUSD	levels	18	0.001	0.0	0.50	7	0.016	11	-0.009	0	0.50	0.17	0.06	0.50	
smart-money-breakout-signals	15m	AVAXUSD	er0.25	16	0.046	0.7	0.50	6	-0.016	10	0.083	0	0.50	0.19	0.06	0.50	
smart-money-breakout-signals	15m	AVAXUSD	confirm1	6	0.370	2.2	0.67	3	0.830	3	-0.090	0	0.67	0.33	0.17	0.33	
smart-money-breakout-signals	15m	AVAXUSD	er+stop1.5	29	-0.209	-6.0	0.41	14	-0.173	15	-0.242	0	0.38	0.10	0.07	0.24	
smart-money-breakout-signals	15m	AVAXUSD	er+stop2	35	0.000	0.0	0.49	17	0.297	18	-0.279	0	0.49	0.14	0.11	0.09	
smart-money-breakout-signals	15m	AVAXUSD	confirm1+er	6	0.370	2.2	0.67	3	0.830	3	-0.090	0	0.67	0.33	0.17	0.33	
smart-money-breakout-signals	15m	AVAXUSD	inverted	18	0.280	5.0	0.78	7	0.686	11	0.021	1	0.78	0.39	0.11	0.17	
smart-money-breakout-signals	15m	AVAXUSD	long	18	0.001	0.0	0.50	7	0.016	11	-0.009	0	0.50	0.17	0.06	0.50	
smart-money-breakout-signals	15m	AVAXUSD	short	0	0.000	0.0	0.00	0	0.000	0	0.000	0	0.00	0.00	0.00	0.00	
smart-money-breakout-signals	15m	AVAXUSD	label:alert:Bullish Breakout Detected	18	0.001	0.0	0.50	7	0.016	11	-0.009	0	0.50	0.17	0.06	0.50	
smart-money-breakout-signals	15m	AVAXUSD	repaint	45	0.001	0.0	0.50	7	0.016	11	-0.009	0	0.50	0.17	0.06	0.50	0 of 45 earlier entries changed when the last 60 bars were hidden (0%)
smart-money-breakout-signals	15m	AVAXUSD	verdict	18	0.001	0.0	0.50	7	0.016	11	-0.009	0	0.50	0.17	0.06	0.50	too few trades to say → more history or a faster timeframe before judging
smart-money-breakout-signals	15m	ADAUSD	base	42	0.130	5.4	0.67	18	0.639	24	-0.253	0	0.67	0.33	0.10	0.21	
smart-money-breakout-signals	15m	ADAUSD	gross	50	0.192	9.6	0.64	22	0.672	28	-0.184	0	0.64	0.32	0.08	0.24	
smart-money-breakout-signals	15m	ADAUSD	stop1.5	50	-0.085	-4.2	0.62	22	0.190	28	-0.301	0	0.62	0.24	0.04	0.06	
smart-money-breakout-signals	15m	ADAUSD	stop2	50	-0.121	-6.0	0.62	22	-0.008	28	-0.209	0	0.62	0.14	0.02	0.02	
smart-money-breakout-signals	15m	ADAUSD	tp1	42	-0.141	-5.9	0.50	18	0.052	24	-0.285	0	0.38	0.00	0.00	0.26	
smart-money-breakout-signals	15m	ADAUSD	levels	42	0.130	5.4	0.67	18	0.639	24	-0.253	0	0.67	0.33	0.10	0.21	
smart-money-breakout-signals	15m	ADAUSD	er0.25	33	0.141	4.6	0.67	16	0.638	17	-0.327	0	0.67	0.30	0.09	0.21	
smart-money-breakout-signals	15m	ADAUSD	confirm1	18	0.052	0.9	0.56	8	0.421	10	-0.244	0	0.50	0.22	0.06	0.28	
smart-money-breakout-signals	15m	ADAUSD	er+stop1.5	38	-0.063	-2.4	0.63	19	0.227	19	-0.353	0	0.63	0.18	0.05	0.05	
smart-money-breakout-signals	15m	ADAUSD	er+stop2	38	-0.132	-5.0	0.61	19	0.070	19	-0.334	0	0.61	0.13	0.03	0.03	
smart-money-breakout-signals	15m	ADAUSD	confirm1+er	15	0.023	0.3	0.47	8	0.421	7	-0.433	0	0.40	0.27	0.07	0.33	
smart-money-breakout-signals	15m	ADAUSD	inverted	42	-0.136	-5.7	0.60	18	-0.161	24	-0.116	0	0.60	0.14	0.05	0.33	
smart-money-breakout-signals	15m	ADAUSD	long	42	0.130	5.4	0.67	18	0.639	24	-0.253	0	0.67	0.33	0.10	0.21	
smart-money-breakout-signals	15m	ADAUSD	short	0	0.000	0.0	0.00	0	0.000	0	0.000	0	0.00	0.00	0.00	0.00	
smart-money-breakout-signals	15m	ADAUSD	label:alert:Bullish Breakout Detected	42	0.130	5.4	0.67	18	0.639	24	-0.253	0	0.67	0.33	0.10	0.21	
smart-money-breakout-signals	15m	ADAUSD	repaint	50	0.130	5.4	0.67	18	0.639	24	-0.253	0	0.67	0.33	0.10	0.21	0 of 50 earlier entries changed when the last 60 bars were hidden (0%)
smart-money-breakout-signals	15m	ADAUSD	verdict	42	0.130	5.4	0.67	18	0.639	24	-0.253	0	0.67	0.33	0.10	0.21	no variant pays in both halves → not a reading, exit or cost problem on this cell; re-time or retire the pair
smart-money-breakout-signals	15m	LTCUSD	base	9	-0.008	-0.1	0.67	1	0.355	8	-0.053	0	0.67	0.22	0.11	0.22	
smart-money-breakout-signals	15m	LTCUSD	gross	44	-0.047	-2.1	0.52	21	0.169	23	-0.244	0	0.52	0.23	0.09	0.27	
smart-money-breakout-signals	15m	LTCUSD	stop1.5	19	0.098	1.9	0.84	4	0.239	15	0.060	0	0.84	0.16	0.00	0.00	
smart-money-breakout-signals	15m	LTCUSD	stop2	27	-0.008	-0.2	0.70	6	0.094	21	-0.037	0	0.70	0.19	0.04	0.15	
smart-money-breakout-signals	15m	LTCUSD	tp1	9	0.145	1.3	0.67	1	0.688	8	0.077	0	0.56	0.00	0.00	0.22	
smart-money-breakout-signals	15m	LTCUSD	levels	9	-0.008	-0.1	0.67	1	0.355	8	-0.053	0	0.67	0.22	0.11	0.22	
smart-money-breakout-signals	15m	LTCUSD	er0.25	7	0.093	0.7	0.71	1	0.355	6	0.050	0	0.71	0.29	0.14	0.14	
smart-money-breakout-signals	15m	LTCUSD	confirm1	3	0.271	0.8	1.00	0	0.000	3	0.271	0	1.00	0.33	0.00	0.00	
smart-money-breakout-signals	15m	LTCUSD	er+stop1.5	14	0.104	1.5	0.86	3	0.239	11	0.067	0	0.86	0.14	0.00	0.00	
smart-money-breakout-signals	15m	LTCUSD	er+stop2	19	0.063	1.2	0.74	4	0.008	15	0.077	0	0.74	0.21	0.05	0.11	
smart-money-breakout-signals	15m	LTCUSD	confirm1+er	3	0.271	0.8	1.00	0	0.000	3	0.271	0	1.00	0.33	0.00	0.00	
smart-money-breakout-signals	15m	LTCUSD	inverted	9	-0.290	-2.6	0.56	1	-0.922	8	-0.211	0	0.56	0.00	0.00	0.33	
smart-money-breakout-signals	15m	LTCUSD	long	9	-0.008	-0.1	0.67	1	0.355	8	-0.053	0	0.67	0.22	0.11	0.22	
smart-money-breakout-signals	15m	LTCUSD	short	0	0.000	0.0	0.00	0	0.000	0	0.000	0	0.00	0.00	0.00	0.00	
smart-money-breakout-signals	15m	LTCUSD	repaint	44	-0.008	-0.1	0.67	1	0.355	8	-0.053	0	0.67	0.22	0.11	0.22	0 of 44 earlier entries changed when the last 60 bars were hidden (0%)
smart-money-breakout-signals	15m	LTCUSD	verdict	9	-0.008	-0.1	0.67	1	0.355	8	-0.053	0	0.67	0.22	0.11	0.22	too few trades to say → more history or a faster timeframe before judging
smart-money-breakout-signals	15m	BCHUSD	base	14	-0.315	-4.4	0.43	4	0.012	10	-0.445	0	0.43	0.14	0.07	0.43	
smart-money-breakout-signals	15m	BCHUSD	gross	45	-0.142	-6.4	0.47	21	-0.086	24	-0.191	0	0.47	0.20	0.11	0.36	
smart-money-breakout-signals	15m	BCHUSD	stop1.5	27	-0.133	-3.6	0.56	9	-0.086	18	-0.156	0	0.56	0.19	0.15	0.22	
smart-money-breakout-signals	15m	BCHUSD	stop2	37	-0.114	-4.2	0.59	15	-0.245	22	-0.025	0	0.59	0.22	0.08	0.08	
smart-money-breakout-signals	15m	BCHUSD	tp1	14	-0.353	-4.9	0.36	4	-0.122	10	-0.445	0	0.36	0.00	0.00	0.50	
smart-money-breakout-signals	15m	BCHUSD	levels	14	-0.315	-4.4	0.43	4	0.012	10	-0.445	0	0.43	0.14	0.07	0.43	
smart-money-breakout-signals	15m	BCHUSD	er0.25	12	-0.325	-3.9	0.42	4	0.012	8	-0.494	0	0.42	0.08	0.08	0.42	
smart-money-breakout-signals	15m	BCHUSD	confirm1	5	0.296	1.5	0.80	2	0.190	3	0.367	0	0.80	0.20	0.20	0.20	
smart-money-breakout-signals	15m	BCHUSD	er+stop1.5	17	-0.035	-0.6	0.59	8	0.028	9	-0.092	0	0.59	0.24	0.18	0.29	
smart-money-breakout-signals	15m	BCHUSD	er+stop2	25	-0.191	-4.8	0.56	13	-0.223	12	-0.157	0	0.56	0.20	0.04	0.12	
smart-money-breakout-signals	15m	BCHUSD	confirm1+er	5	0.296	1.5	0.80	2	0.190	3	0.367	0	0.80	0.20	0.20	0.20	
smart-money-breakout-signals	15m	BCHUSD	inverted	14	0.001	0.0	0.64	4	0.039	10	-0.014	0	0.64	0.21	0.07	0.29	
smart-money-breakout-signals	15m	BCHUSD	long	14	-0.315	-4.4	0.43	4	0.012	10	-0.445	0	0.43	0.14	0.07	0.43	
smart-money-breakout-signals	15m	BCHUSD	short	0	0.000	0.0	0.00	0	0.000	0	0.000	0	0.00	0.00	0.00	0.00	
smart-money-breakout-signals	15m	BCHUSD	label:alert:Bullish Breakout Detected	14	-0.315	-4.4	0.43	4	0.012	10	-0.445	0	0.43	0.14	0.07	0.43	
smart-money-breakout-signals	15m	BCHUSD	repaint	45	-0.315	-4.4	0.43	4	0.012	10	-0.445	0	0.43	0.14	0.07	0.43	0 of 45 earlier entries changed when the last 60 bars were hidden (0%)
smart-money-breakout-signals	15m	BCHUSD	verdict	14	-0.315	-4.4	0.43	4	0.012	10	-0.445	0	0.43	0.14	0.07	0.43	too few trades to say → more history or a faster timeframe before judging
smart-money-breakout-signals	15m	LINKUSD	base	20	-0.229	-4.6	0.40	7	-0.467	13	-0.101	0	0.40	0.20	0.15	0.55	
smart-money-breakout-signals	15m	LINKUSD	gross	52	-0.251	-13.1	0.38	29	-0.260	23	-0.241	0	0.38	0.21	0.12	0.52	
smart-money-breakout-signals	15m	LINKUSD	stop1.5	34	0.217	7.4	0.74	15	-0.116	19	0.480	0	0.74	0.32	0.15	0.06	
smart-money-breakout-signals	15m	LINKUSD	stop2	43	-0.093	-4.0	0.58	21	-0.214	22	0.024	0	0.58	0.21	0.09	0.12	
smart-money-breakout-signals	15m	LINKUSD	tp1	20	-0.295	-5.9	0.40	7	-0.470	13	-0.200	0	0.30	0.00	0.00	0.55	
smart-money-breakout-signals	15m	LINKUSD	levels	20	-0.229	-4.6	0.40	7	-0.467	13	-0.101	0	0.40	0.20	0.15	0.55	
smart-money-breakout-signals	15m	LINKUSD	er0.25	17	-0.169	-2.9	0.41	6	-0.391	11	-0.048	0	0.41	0.24	0.18	0.53	
smart-money-breakout-signals	15m	LINKUSD	confirm1	9	0.074	0.7	0.56	3	-0.378	6	0.301	0	0.56	0.33	0.22	0.44	
smart-money-breakout-signals	15m	LINKUSD	er+stop1.5	22	0.382	8.4	0.82	9	0.023	13	0.630	1	0.82	0.36	0.14	0.05	
smart-money-breakout-signals	15m	LINKUSD	er+stop2	30	0.007	0.2	0.63	14	-0.105	16	0.105	0	0.63	0.20	0.13	0.13	
smart-money-breakout-signals	15m	LINKUSD	confirm1+er	7	-0.184	-1.3	0.43	3	-0.378	4	-0.038	0	0.43	0.29	0.14	0.57	
smart-money-breakout-signals	15m	LINKUSD	inverted	20	-0.119	-2.4	0.60	7	-0.110	13	-0.125	0	0.60	0.20	0.05	0.25	
smart-money-breakout-signals	15m	LINKUSD	long	20	-0.229	-4.6	0.40	7	-0.467	13	-0.101	0	0.40	0.20	0.15	0.55	
smart-money-breakout-signals	15m	LINKUSD	short	0	0.000	0.0	0.00	0	0.000	0	0.000	0	0.00	0.00	0.00	0.00	
smart-money-breakout-signals	15m	LINKUSD	label:alert:Bullish Breakout Detected	20	-0.229	-4.6	0.40	7	-0.467	13	-0.101	0	0.40	0.20	0.15	0.55	
smart-money-breakout-signals	15m	LINKUSD	repaint	52	-0.229	-4.6	0.40	7	-0.467	13	-0.101	0	0.40	0.20	0.15	0.55	0 of 52 earlier entries changed when the last 60 bars were hidden (0%)
smart-money-breakout-signals	15m	LINKUSD	verdict	20	-0.229	-4.6	0.40	7	-0.467	13	-0.101	0	0.40	0.20	0.15	0.55	no variant pays in both halves → not a reading, exit or cost problem on this cell; re-time or retire the pair
smart-money-breakout-signals	15m	SUIUSD	base	22	0.004	0.1	0.68	4	-0.629	18	0.145	0	0.68	0.14	0.09	0.23	
smart-money-breakout-signals	15m	SUIUSD	gross	50	-0.214	-10.7	0.44	23	-0.529	27	0.055	0	0.44	0.14	0.10	0.46	
smart-money-breakout-signals	15m	SUIUSD	stop1.5	32	0.014	0.5	0.56	7	-0.445	25	0.143	0	0.56	0.25	0.13	0.13	
smart-money-breakout-signals	15m	SUIUSD	stop2	37	0.037	1.4	0.59	10	-0.369	27	0.188	0	0.59	0.22	0.14	0.11	
smart-money-breakout-signals	15m	SUIUSD	tp1	22	-0.117	-2.6	0.50	4	-0.543	18	-0.022	0	0.59	0.00	0.00	0.36	
smart-money-breakout-signals	15m	SUIUSD	levels	22	0.004	0.1	0.68	4	-0.629	18	0.145	0	0.68	0.14	0.09	0.23	
smart-money-breakout-signals	15m	SUIUSD	er0.25	15	0.220	3.3	0.80	3	-0.506	12	0.401	0	0.80	0.20	0.13	0.20	
smart-money-breakout-signals	15m	SUIUSD	confirm1	11	0.157	1.7	0.73	2	-0.345	9	0.269	0	0.73	0.27	0.18	0.27	
smart-money-breakout-signals	15m	SUIUSD	er+stop1.5	23	0.234	5.4	0.65	5	-0.241	18	0.366	0	0.65	0.30	0.17	0.09	
smart-money-breakout-signals	15m	SUIUSD	er+stop2	26	0.287	7.5	0.73	7	-0.109	19	0.433	0	0.73	0.23	0.19	0.08	
smart-money-breakout-signals	15m	SUIUSD	confirm1+er	8	0.163	1.3	0.75	2	-0.345	6	0.333	0	0.75	0.25	0.13	0.25	
smart-money-breakout-signals	15m	SUIUSD	inverted	22	0.062	1.4	0.68	4	0.049	18	0.065	0	0.68	0.36	0.09	0.27	
smart-money-breakout-signals	15m	SUIUSD	long	22	0.004	0.1	0.68	4	-0.629	18	0.145	0	0.68	0.14	0.09	0.23	
smart-money-breakout-signals	15m	SUIUSD	short	0	0.000	0.0	0.00	0	0.000	0	0.000	0	0.00	0.00	0.00	0.00	
smart-money-breakout-signals	15m	SUIUSD	label:alert:Bullish Breakout Detected	22	0.004	0.1	0.68	4	-0.629	18	0.145	0	0.68	0.14	0.09	0.23	
smart-money-breakout-signals	15m	SUIUSD	repaint	50	0.004	0.1	0.68	4	-0.629	18	0.145	0	0.68	0.14	0.09	0.23	0 of 50 earlier entries changed when the last 60 bars were hidden (0%)
smart-money-breakout-signals	15m	SUIUSD	verdict	22	0.004	0.1	0.68	4	-0.629	18	0.145	0	0.68	0.14	0.09	0.23	no variant pays in both halves → not a reading, exit or cost problem on this cell; re-time or retire the pair
smart-money-breakout-signals	15m	NEARUSD	base	33	-0.178	-5.9	0.55	5	-0.938	28	-0.042	0	0.55	0.24	0.03	0.24	
smart-money-breakout-signals	15m	NEARUSD	gross	61	0.101	6.1	0.52	29	0.169	32	0.038	1	0.52	0.28	0.13	0.30	
smart-money-breakout-signals	15m	NEARUSD	stop1.5	45	-0.132	-5.9	0.56	15	-0.270	30	-0.063	0	0.56	0.20	0.04	0.13	
smart-money-breakout-signals	15m	NEARUSD	stop2	53	0.014	0.8	0.64	22	0.003	31	0.023	1	0.64	0.21	0.09	0.06	
smart-money-breakout-signals	15m	NEARUSD	tp1	33	-0.118	-3.9	0.48	5	-0.938	28	0.028	0	0.45	0.00	0.00	0.27	
smart-money-breakout-signals	15m	NEARUSD	levels	33	-0.178	-5.9	0.55	5	-0.938	28	-0.042	0	0.55	0.24	0.03	0.24	
smart-money-breakout-signals	15m	NEARUSD	er0.25	24	-0.032	-0.8	0.67	5	-0.938	19	0.206	0	0.67	0.29	0.00	0.21	
smart-money-breakout-signals	15m	NEARUSD	confirm1	15	0.103	1.5	0.67	1	-0.929	14	0.177	0	0.67	0.27	0.20	0.27	
smart-money-breakout-signals	15m	NEARUSD	er+stop1.5	33	-0.053	-1.8	0.64	12	-0.218	21	0.041	0	0.64	0.18	0.03	0.09	
smart-money-breakout-signals	15m	NEARUSD	er+stop2	39	0.105	4.1	0.72	17	0.083	22	0.122	1	0.72	0.21	0.08	0.05	
smart-money-breakout-signals	15m	NEARUSD	confirm1+er	14	0.049	0.7	0.64	1	-0.929	13	0.125	0	0.64	0.21	0.21	0.29	
smart-money-breakout-signals	15m	NEARUSD	inverted	33	0.078	2.6	0.64	5	1.424	28	-0.162	0	0.64	0.30	0.09	0.30	
smart-money-breakout-signals	15m	NEARUSD	long	33	-0.178	-5.9	0.55	5	-0.938	28	-0.042	0	0.55	0.24	0.03	0.24	
smart-money-breakout-signals	15m	NEARUSD	short	0	0.000	0.0	0.00	0	0.000	0	0.000	0	0.00	0.00	0.00	0.00	
smart-money-breakout-signals	15m	NEARUSD	label:alert:Bullish Breakout Detected	33	-0.178	-5.9	0.55	5	-0.938	28	-0.042	0	0.55	0.24	0.03	0.24	
smart-money-breakout-signals	15m	NEARUSD	repaint	61	-0.178	-5.9	0.55	5	-0.938	28	-0.042	0	0.55	0.24	0.03	0.24	0 of 61 earlier entries changed when the last 60 bars were hidden (0%)
smart-money-breakout-signals	15m	NEARUSD	verdict	33	-0.178	-5.9	0.55	5	-0.938	28	-0.042	0	0.55	0.24	0.03	0.24	COSTS: positive before fees, negative after → a slower timeframe or a wider stop/target so each trade pays the round trip several times over
smart-money-breakout-signals	15m	HYPEUSD	base	16	0.143	2.3	0.75	12	0.324	4	-0.399	0	0.75	0.44	0.13	0.19	
smart-money-breakout-signals	15m	HYPEUSD	gross	47	0.005	0.2	0.62	28	0.158	19	-0.220	0	0.62	0.28	0.06	0.30	
smart-money-breakout-signals	15m	HYPEUSD	stop1.5	29	-0.180	-5.2	0.59	18	-0.141	11	-0.244	0	0.59	0.14	0.00	0.28	
smart-money-breakout-signals	15m	HYPEUSD	stop2	42	-0.156	-6.6	0.67	27	-0.182	15	-0.110	0	0.67	0.07	0.00	0.12	
smart-money-breakout-signals	15m	HYPEUSD	tp1	16	-0.131	-2.1	0.50	12	0.152	4	-0.980	0	0.31	0.00	0.00	0.31	
smart-money-breakout-signals	15m	HYPEUSD	levels	16	0.143	2.3	0.75	12	0.324	4	-0.399	0	0.75	0.44	0.13	0.19	
smart-money-breakout-signals	15m	HYPEUSD	er0.25	11	0.207	2.3	0.82	9	0.217	2	0.162	0	0.82	0.45	0.09	0.18	
smart-money-breakout-signals	15m	HYPEUSD	confirm1	8	-0.321	-2.6	0.38	7	-0.234	1	-0.929	0	0.38	0.25	0.13	0.63	
smart-money-breakout-signals	15m	HYPEUSD	er+stop1.5	21	-0.200	-4.2	0.57	14	-0.222	7	-0.157	0	0.57	0.10	0.00	0.33	
smart-money-breakout-signals	15m	HYPEUSD	er+stop2	28	-0.227	-6.3	0.61	19	-0.249	9	-0.181	0	0.61	0.07	0.00	0.14	
smart-money-breakout-signals	15m	HYPEUSD	confirm1+er	7	-0.232	-1.6	0.43	6	-0.116	1	-0.929	0	0.43	0.29	0.14	0.57	
smart-money-breakout-signals	15m	HYPEUSD	inverted	16	0.026	0.4	0.63	12	-0.256	4	0.872	0	0.63	0.31	0.13	0.38	
smart-money-breakout-signals	15m	HYPEUSD	long	16	0.143	2.3	0.75	12	0.324	4	-0.399	0	0.75	0.44	0.13	0.19	
smart-money-breakout-signals	15m	HYPEUSD	short	0	0.000	0.0	0.00	0	0.000	0	0.000	0	0.00	0.00	0.00	0.00	
smart-money-breakout-signals	15m	HYPEUSD	label:alert:Bullish Breakout Detected	16	0.143	2.3	0.75	12	0.324	4	-0.399	0	0.75	0.44	0.13	0.19	
smart-money-breakout-signals	15m	HYPEUSD	repaint	47	0.143	2.3	0.75	12	0.324	4	-0.399	0	0.75	0.44	0.13	0.19	0 of 47 earlier entries changed when the last 60 bars were hidden (0%)
smart-money-breakout-signals	15m	HYPEUSD	verdict	16	0.143	2.3	0.75	12	0.324	4	-0.399	0	0.75	0.44	0.13	0.19	too few trades to say → more history or a faster timeframe before judging
smart-money-breakout-signals	1h	ETHUSD	base	16	-0.252	-4.0	0.56	7	-0.235	9	-0.266	0	0.56	0.13	0.00	0.19	
smart-money-breakout-signals	1h	ETHUSD	gross	18	-0.264	-4.8	0.50	8	-0.247	10	-0.278	0	0.50	0.11	0.00	0.22	
smart-money-breakout-signals	1h	ETHUSD	stop1.5	18	-0.203	-3.7	0.56	8	-0.517	10	0.049	0	0.56	0.06	0.06	0.17	
smart-money-breakout-signals	1h	ETHUSD	stop2	18	-0.369	-6.6	0.44	8	-0.529	10	-0.242	0	0.44	0.06	0.06	0.17	
smart-money-breakout-signals	1h	ETHUSD	tp1	16	-0.673	-10.8	0.19	7	-0.506	9	-0.802	0	0.44	0.00	0.00	0.25	
smart-money-breakout-signals	1h	ETHUSD	levels	16	-0.252	-4.0	0.56	7	-0.235	9	-0.266	0	0.56	0.13	0.00	0.19	
smart-money-breakout-signals	1h	ETHUSD	er0.25	14	-0.227	-3.2	0.57	5	-0.156	9	-0.266	0	0.57	0.14	0.00	0.21	
smart-money-breakout-signals	1h	ETHUSD	confirm1	5	-0.500	-2.5	0.40	2	0.249	3	-1.000	0	0.40	0.00	0.00	0.20	
smart-money-breakout-signals	1h	ETHUSD	er+stop1.5	15	-0.226	-3.4	0.60	6	-0.356	9	-0.139	0	0.60	0.00	0.00	0.20	
smart-money-breakout-signals	1h	ETHUSD	er+stop2	15	-0.401	-6.0	0.47	6	-0.371	9	-0.421	0	0.47	0.00	0.00	0.20	
smart-money-breakout-signals	1h	ETHUSD	confirm1+er	5	-0.500	-2.5	0.40	2	0.249	3	-1.000	0	0.40	0.00	0.00	0.20	
smart-money-breakout-signals	1h	ETHUSD	inverted	16	0.005	0.1	0.75	7	-0.114	9	0.097	0	0.75	0.19	0.06	0.19	
smart-money-breakout-signals	1h	ETHUSD	long	16	-0.252	-4.0	0.56	7	-0.235	9	-0.266	0	0.56	0.13	0.00	0.19	
smart-money-breakout-signals	1h	ETHUSD	short	0	0.000	0.0	0.00	0	0.000	0	0.000	0	0.00	0.00	0.00	0.00	
smart-money-breakout-signals	1h	ETHUSD	label:alert:Bullish Breakout Detected	16	-0.252	-4.0	0.56	7	-0.235	9	-0.266	0	0.56	0.13	0.00	0.19	
smart-money-breakout-signals	1h	ETHUSD	repaint	18	-0.252	-4.0	0.56	7	-0.235	9	-0.266	0	0.56	0.13	0.00	0.19	0 of 18 earlier entries changed when the last 60 bars were hidden (0%)
smart-money-breakout-signals	1h	ETHUSD	verdict	16	-0.252	-4.0	0.56	7	-0.235	9	-0.266	0	0.56	0.13	0.00	0.19	too few trades to say → more history or a faster timeframe before judging
smart-money-breakout-signals	1h	BTCUSD	base	13	0.052	0.7	0.69	5	-0.434	8	0.355	0	0.69	0.23	0.15	0.31	
smart-money-breakout-signals	1h	BTCUSD	gross	19	0.213	4.0	0.58	8	-0.450	11	0.695	0	0.58	0.21	0.16	0.42	
smart-money-breakout-signals	1h	BTCUSD	stop1.5	18	0.075	1.3	0.61	7	-0.310	11	0.320	0	0.61	0.22	0.06	0.28	
smart-money-breakout-signals	1h	BTCUSD	stop2	19	0.090	1.7	0.63	8	-0.371	11	0.425	0	0.63	0.16	0.00	0.11	
smart-money-breakout-signals	1h	BTCUSD	tp1	13	-0.062	-0.8	0.54	5	-0.617	8	0.284	0	0.38	0.00	0.00	0.38	
smart-money-breakout-signals	1h	BTCUSD	levels	13	0.052	0.7	0.69	5	-0.434	8	0.355	0	0.69	0.23	0.15	0.31	
smart-money-breakout-signals	1h	BTCUSD	er0.25	12	0.039	0.5	0.67	5	-0.434	7	0.378	0	0.67	0.25	0.17	0.33	
smart-money-breakout-signals	1h	BTCUSD	confirm1	7	0.154	1.1	0.86	0	0.000	7	0.154	0	0.86	0.14	0.14	0.14	
smart-money-breakout-signals	1h	BTCUSD	er+stop1.5	16	0.134	2.1	0.63	7	-0.310	9	0.479	0	0.63	0.25	0.06	0.31	
smart-money-breakout-signals	1h	BTCUSD	er+stop2	16	0.144	2.3	0.63	7	-0.459	9	0.613	0	0.63	0.19	0.00	0.13	
smart-money-breakout-signals	1h	BTCUSD	confirm1+er	7	0.154	1.1	0.86	0	0.000	7	0.154	0	0.86	0.14	0.14	0.14	
smart-money-breakout-signals	1h	BTCUSD	inverted	13	-0.266	-3.5	0.46	5	0.089	8	-0.488	0	0.46	0.31	0.08	0.31	
smart-money-breakout-signals	1h	BTCUSD	long	13	0.052	0.7	0.69	5	-0.434	8	0.355	0	0.69	0.23	0.15	0.31	
smart-money-breakout-signals	1h	BTCUSD	short	0	0.000	0.0	0.00	0	0.000	0	0.000	0	0.00	0.00	0.00	0.00	
smart-money-breakout-signals	1h	BTCUSD	label:alert:Bullish Breakout Detected	13	0.052	0.7	0.69	5	-0.434	8	0.355	0	0.69	0.23	0.15	0.31	
smart-money-breakout-signals	1h	BTCUSD	repaint	19	0.052	0.7	0.69	5	-0.434	8	0.355	0	0.69	0.23	0.15	0.31	0 of 19 earlier entries changed when the last 60 bars were hidden (0%)
smart-money-breakout-signals	1h	BTCUSD	verdict	13	0.052	0.7	0.69	5	-0.434	8	0.355	0	0.69	0.23	0.15	0.31	too few trades to say → more history or a faster timeframe before judging
smart-money-breakout-signals	1h	XRPUSD	base	13	0.332	4.3	0.92	8	0.127	5	0.660	1	0.92	0.23	0.08	0.00	
smart-money-breakout-signals	1h	XRPUSD	gross	16	0.521	8.3	0.94	9	0.336	7	0.758	1	0.94	0.38	0.06	0.00	
smart-money-breakout-signals	1h	XRPUSD	stop1.5	16	0.259	4.1	0.94	9	0.136	7	0.417	1	0.94	0.13	0.06	0.00	
smart-money-breakout-signals	1h	XRPUSD	stop2	16	0.225	3.6	0.94	9	0.132	7	0.346	1	0.94	0.06	0.00	0.00	
smart-money-breakout-signals	1h	XRPUSD	tp1	13	0.471	6.1	0.85	8	0.281	5	0.775	1	0.62	0.00	0.00	0.00	
smart-money-breakout-signals	1h	XRPUSD	levels	13	0.332	4.3	0.92	8	0.127	5	0.660	1	0.92	0.23	0.08	0.00	
smart-money-breakout-signals	1h	XRPUSD	er0.25	10	0.364	3.6	0.90	5	0.067	5	0.660	1	0.90	0.30	0.10	0.00	
smart-money-breakout-signals	1h	XRPUSD	confirm1	12	0.052	0.6	0.75	8	0.262	4	-0.369	0	0.75	0.17	0.08	0.25	
smart-money-breakout-signals	1h	XRPUSD	er+stop1.5	12	0.368	4.4	1.00	6	0.292	6	0.443	1	1.00	0.17	0.08	0.00	
smart-money-breakout-signals	1h	XRPUSD	er+stop2	12	0.334	4.0	1.00	6	0.298	6	0.369	1	1.00	0.08	0.00	0.00	
smart-money-breakout-signals	1h	XRPUSD	confirm1+er	10	0.122	1.2	0.80	6	0.450	4	-0.369	0	0.80	0.20	0.10	0.20	
smart-money-breakout-signals	1h	XRPUSD	inverted	13	-0.619	-8.1	0.31	8	-0.401	5	-0.969	0	0.31	0.00	0.00	0.54	
smart-money-breakout-signals	1h	XRPUSD	long	13	0.332	4.3	0.92	8	0.127	5	0.660	1	0.92	0.23	0.08	0.00	
smart-money-breakout-signals	1h	XRPUSD	short	0	0.000	0.0	0.00	0	0.000	0	0.000	0	0.00	0.00	0.00	0.00	
smart-money-breakout-signals	1h	XRPUSD	label:alert:Bullish Breakout Detected	13	0.332	4.3	0.92	8	0.127	5	0.660	1	0.92	0.23	0.08	0.00	
smart-money-breakout-signals	1h	XRPUSD	repaint	16	0.332	4.3	0.92	8	0.127	5	0.660	1	0.92	0.23	0.08	0.00	0 of 16 earlier entries changed when the last 60 bars were hidden (0%)
smart-money-breakout-signals	1h	XRPUSD	verdict	13	0.332	4.3	0.92	8	0.127	5	0.660	1	0.92	0.23	0.08	0.00	too few trades to say → more history or a faster timeframe before judging
smart-money-breakout-signals	1h	SOLUSD	base	21	-0.115	-2.4	0.67	12	-0.173	9	-0.037	0	0.67	0.14	0.05	0.24	
smart-money-breakout-signals	1h	SOLUSD	gross	22	-0.060	-1.3	0.64	12	-0.085	10	-0.030	0	0.64	0.14	0.05	0.27	
smart-money-breakout-signals	1h	SOLUSD	stop1.5	22	-0.296	-6.5	0.55	12	-0.338	10	-0.246	0	0.55	0.05	0.00	0.14	
smart-money-breakout-signals	1h	SOLUSD	stop2	21	-0.175	-3.7	0.57	11	-0.133	10	-0.221	0	0.57	0.19	0.05	0.05	
smart-money-breakout-signals	1h	SOLUSD	tp1	21	-0.166	-3.5	0.48	12	-0.119	9	-0.228	0	0.57	0.00	0.00	0.24	
smart-money-breakout-signals	1h	SOLUSD	levels	21	-0.115	-2.4	0.67	12	-0.173	9	-0.037	0	0.67	0.14	0.05	0.24	
smart-money-breakout-signals	1h	SOLUSD	er0.25	17	0.022	0.4	0.76	9	0.088	8	-0.051	0	0.76	0.18	0.06	0.12	
smart-money-breakout-signals	1h	SOLUSD	confirm1	7	0.096	0.7	0.86	6	0.049	1	0.374	0	0.86	0.00	0.00	0.14	
smart-money-breakout-signals	1h	SOLUSD	er+stop1.5	17	-0.091	-1.6	0.71	9	-0.121	8	-0.058	0	0.71	0.06	0.00	0.12	
smart-money-breakout-signals	1h	SOLUSD	er+stop2	16	0.083	1.3	0.75	8	0.192	8	-0.026	0	0.75	0.25	0.06	0.00	
smart-money-breakout-signals	1h	SOLUSD	confirm1+er	7	0.096	0.7	0.86	6	0.049	1	0.374	0	0.86	0.00	0.00	0.14	
smart-money-breakout-signals	1h	SOLUSD	inverted	21	0.063	1.3	0.71	12	0.012	9	0.131	1	0.71	0.29	0.14	0.14	
smart-money-breakout-signals	1h	SOLUSD	long	21	-0.115	-2.4	0.67	12	-0.173	9	-0.037	0	0.67	0.14	0.05	0.24	
smart-money-breakout-signals	1h	SOLUSD	short	0	0.000	0.0	0.00	0	0.000	0	0.000	0	0.00	0.00	0.00	0.00	
smart-money-breakout-signals	1h	SOLUSD	label:alert:Bullish Breakout Detected	21	-0.115	-2.4	0.67	12	-0.173	9	-0.037	0	0.67	0.14	0.05	0.24	
smart-money-breakout-signals	1h	SOLUSD	repaint	22	-0.115	-2.4	0.67	12	-0.173	9	-0.037	0	0.67	0.14	0.05	0.24	0 of 22 earlier entries changed when the last 60 bars were hidden (0%)
smart-money-breakout-signals	1h	SOLUSD	verdict	21	-0.115	-2.4	0.67	12	-0.173	9	-0.037	0	0.67	0.14	0.05	0.24	no variant pays in both halves → not a reading, exit or cost problem on this cell; re-time or retire the pair
smart-money-breakout-signals	1h	BNBUSD	base	10	-0.042	-0.4	0.80	6	-0.200	4	0.196	0	0.80	0.20	0.00	0.20	
smart-money-breakout-signals	1h	BNBUSD	gross	23	0.245	5.6	0.74	11	0.397	12	0.107	1	0.74	0.35	0.04	0.13	
smart-money-breakout-signals	1h	BNBUSD	stop1.5	23	0.144	3.3	0.78	11	0.313	12	-0.010	0	0.78	0.17	0.13	0.04	
smart-money-breakout-signals	1h	BNBUSD	stop2	23	0.236	5.4	0.78	11	0.519	12	-0.024	0	0.78	0.22	0.13	0.00	
smart-money-breakout-signals	1h	BNBUSD	tp1	10	0.164	1.6	0.70	6	0.105	4	0.253	0	0.80	0.00	0.00	0.20	
smart-money-breakout-signals	1h	BNBUSD	levels	10	-0.042	-0.4	0.80	6	-0.200	4	0.196	0	0.80	0.20	0.00	0.20	
smart-money-breakout-signals	1h	BNBUSD	er0.25	4	0.267	1.1	1.00	2	0.306	2	0.228	0	1.00	0.50	0.00	0.00	
smart-money-breakout-signals	1h	BNBUSD	confirm1	6	1.043	6.3	0.67	4	1.761	2	-0.395	0	0.67	0.33	0.33	0.33	
smart-money-breakout-signals	1h	BNBUSD	er+stop1.5	15	0.214	3.2	0.80	6	0.805	9	-0.180	0	0.80	0.20	0.13	0.07	
smart-money-breakout-signals	1h	BNBUSD	er+stop2	15	0.339	5.1	0.80	6	1.167	9	-0.213	0	0.80	0.20	0.20	0.00	
smart-money-breakout-signals	1h	BNBUSD	confirm1+er	5	1.437	7.2	0.80	3	2.659	2	-0.395	0	0.80	0.40	0.40	0.20	
smart-money-breakout-signals	1h	BNBUSD	inverted	10	-0.285	-2.8	0.60	6	-0.189	4	-0.429	0	0.60	0.10	0.00	0.30	
smart-money-breakout-signals	1h	BNBUSD	long	10	-0.042	-0.4	0.80	6	-0.200	4	0.196	0	0.80	0.20	0.00	0.20	
smart-money-breakout-signals	1h	BNBUSD	short	0	0.000	0.0	0.00	0	0.000	0	0.000	0	0.00	0.00	0.00	0.00	
smart-money-breakout-signals	1h	BNBUSD	label:alert:Bullish Breakout Detected	10	-0.042	-0.4	0.80	6	-0.200	4	0.196	0	0.80	0.20	0.00	0.20	
smart-money-breakout-signals	1h	BNBUSD	repaint	23	-0.042	-0.4	0.80	6	-0.200	4	0.196	0	0.80	0.20	0.00	0.20	0 of 23 earlier entries changed when the last 60 bars were hidden (0%)
smart-money-breakout-signals	1h	BNBUSD	verdict	10	-0.042	-0.4	0.80	6	-0.200	4	0.196	0	0.80	0.20	0.00	0.20	too few trades to say → more history or a faster timeframe before judging
smart-money-breakout-signals	1h	DOGEUSD	base	12	0.068	0.8	0.67	7	0.078	5	0.053	1	0.67	0.33	0.17	0.33	
smart-money-breakout-signals	1h	DOGEUSD	gross	14	0.213	3.0	0.64	7	0.216	7	0.210	1	0.64	0.36	0.21	0.36	
smart-money-breakout-signals	1h	DOGEUSD	stop1.5	14	-0.004	-0.1	0.64	7	-0.206	7	0.198	0	0.64	0.29	0.00	0.14	
smart-money-breakout-signals	1h	DOGEUSD	stop2	14	-0.160	-2.2	0.57	7	-0.406	7	0.085	0	0.57	0.29	0.00	0.14	
smart-money-breakout-signals	1h	DOGEUSD	tp1	12	-0.107	-1.3	0.50	7	-0.241	5	0.080	0	0.42	0.00	0.00	0.33	
smart-money-breakout-signals	1h	DOGEUSD	levels	12	0.068	0.8	0.67	7	0.078	5	0.053	1	0.67	0.33	0.17	0.33	
smart-money-breakout-signals	1h	DOGEUSD	er0.25	10	0.018	0.2	0.60	5	-0.017	5	0.053	0	0.60	0.30	0.20	0.40	
smart-money-breakout-signals	1h	DOGEUSD	confirm1	10	-0.174	-1.7	0.60	5	-0.182	5	-0.165	0	0.60	0.20	0.00	0.40	
smart-money-breakout-signals	1h	DOGEUSD	er+stop1.5	12	-0.042	-0.5	0.58	5	-0.378	7	0.198	0	0.58	0.33	0.00	0.17	
smart-money-breakout-signals	1h	DOGEUSD	er+stop2	12	-0.123	-1.5	0.58	5	-0.413	7	0.085	0	0.58	0.33	0.00	0.17	
smart-money-breakout-signals	1h	DOGEUSD	confirm1+er	8	-0.128	-1.0	0.63	3	-0.067	5	-0.165	0	0.63	0.25	0.00	0.38	
smart-money-breakout-signals	1h	DOGEUSD	inverted	12	-0.137	-1.6	0.58	7	0.016	5	-0.352	0	0.58	0.33	0.00	0.42	
smart-money-breakout-signals	1h	DOGEUSD	long	12	0.068	0.8	0.67	7	0.078	5	0.053	1	0.67	0.33	0.17	0.33	
smart-money-breakout-signals	1h	DOGEUSD	short	0	0.000	0.0	0.00	0	0.000	0	0.000	0	0.00	0.00	0.00	0.00	
smart-money-breakout-signals	1h	DOGEUSD	label:alert:Bullish Breakout Detected	12	0.068	0.8	0.67	7	0.078	5	0.053	1	0.67	0.33	0.17	0.33	
smart-money-breakout-signals	1h	DOGEUSD	repaint	14	0.068	0.8	0.67	7	0.078	5	0.053	1	0.67	0.33	0.17	0.33	0 of 14 earlier entries changed when the last 60 bars were hidden (0%)
smart-money-breakout-signals	1h	DOGEUSD	verdict	12	0.068	0.8	0.67	7	0.078	5	0.053	1	0.67	0.33	0.17	0.33	too few trades to say → more history or a faster timeframe before judging
smart-money-breakout-signals	1h	AVAXUSD	base	25	-0.066	-1.7	0.68	13	0.018	12	-0.158	0	0.68	0.24	0.00	0.20	
smart-money-breakout-signals	1h	AVAXUSD	gross	25	0.022	0.6	0.68	13	0.124	12	-0.088	0	0.68	0.24	0.00	0.20	
smart-money-breakout-signals	1h	AVAXUSD	stop1.5	25	0.144	3.6	0.84	13	0.139	12	0.150	1	0.84	0.16	0.00	0.00	
smart-money-breakout-signals	1h	AVAXUSD	stop2	25	0.028	0.7	0.76	13	-0.074	12	0.138	0	0.76	0.16	0.00	0.00	
smart-money-breakout-signals	1h	AVAXUSD	tp1	25	-0.004	-0.1	0.56	13	-0.054	12	0.050	0	0.48	0.00	0.00	0.24	
smart-money-breakout-signals	1h	AVAXUSD	levels	25	-0.066	-1.7	0.68	13	0.018	12	-0.158	0	0.68	0.24	0.00	0.20	
smart-money-breakout-signals	1h	AVAXUSD	er0.25	18	-0.045	-0.8	0.67	7	0.013	11	-0.081	0	0.67	0.33	0.00	0.22	
smart-money-breakout-signals	1h	AVAXUSD	confirm1	14	-0.263	-3.7	0.57	7	-0.048	7	-0.478	0	0.57	0.14	0.00	0.21	
smart-money-breakout-signals	1h	AVAXUSD	er+stop1.5	18	0.205	3.7	0.89	7	0.127	11	0.254	1	0.89	0.17	0.00	0.00	
smart-money-breakout-signals	1h	AVAXUSD	er+stop2	18	0.117	2.1	0.83	7	-0.080	11	0.242	0	0.83	0.17	0.00	0.00	
smart-money-breakout-signals	1h	AVAXUSD	confirm1+er	12	-0.140	-1.7	0.67	6	0.110	6	-0.391	0	0.67	0.17	0.00	0.25	
smart-money-breakout-signals	1h	AVAXUSD	inverted	25	0.004	0.1	0.76	13	0.011	12	-0.004	0	0.76	0.20	0.00	0.24	
smart-money-breakout-signals	1h	AVAXUSD	long	25	-0.066	-1.7	0.68	13	0.018	12	-0.158	0	0.68	0.24	0.00	0.20	
smart-money-breakout-signals	1h	AVAXUSD	short	0	0.000	0.0	0.00	0	0.000	0	0.000	0	0.00	0.00	0.00	0.00	
smart-money-breakout-signals	1h	AVAXUSD	label:alert:Bullish Breakout Detected	25	-0.066	-1.7	0.68	13	0.018	12	-0.158	0	0.68	0.24	0.00	0.20	
smart-money-breakout-signals	1h	AVAXUSD	repaint	25	-0.066	-1.7	0.68	13	0.018	12	-0.158	0	0.68	0.24	0.00	0.20	0 of 25 earlier entries changed when the last 60 bars were hidden (0%)
smart-money-breakout-signals	1h	AVAXUSD	verdict	25	-0.066	-1.7	0.68	13	0.018	12	-0.158	0	0.68	0.24	0.00	0.20	no variant pays in both halves → not a reading, exit or cost problem on this cell; re-time or retire the pair
smart-money-breakout-signals	1h	ADAUSD	base	22	0.011	0.2	0.64	10	-0.129	12	0.128	0	0.64	0.27	0.05	0.27	
smart-money-breakout-signals	1h	ADAUSD	gross	22	0.094	2.1	0.64	10	-0.036	12	0.203	0	0.64	0.27	0.05	0.27	
smart-money-breakout-signals	1h	ADAUSD	stop1.5	22	-0.031	-0.7	0.68	10	-0.054	12	-0.013	0	0.68	0.14	0.05	0.09	
smart-money-breakout-signals	1h	ADAUSD	stop2	22	-0.081	-1.8	0.59	10	-0.341	12	0.135	0	0.59	0.09	0.05	0.09	
smart-money-breakout-signals	1h	ADAUSD	tp1	22	-0.167	-3.7	0.45	10	-0.274	12	-0.077	0	0.45	0.00	0.00	0.32	
smart-money-breakout-signals	1h	ADAUSD	levels	22	0.011	0.2	0.64	10	-0.129	12	0.128	0	0.64	0.27	0.05	0.27	
smart-money-breakout-signals	1h	ADAUSD	er0.25	19	-0.070	-1.3	0.58	9	-0.227	10	0.072	0	0.58	0.26	0.05	0.32	
smart-money-breakout-signals	1h	ADAUSD	confirm1	6	-0.406	-2.4	0.33	3	-0.472	3	-0.340	0	0.33	0.33	0.00	0.50	
smart-money-breakout-signals	1h	ADAUSD	er+stop1.5	19	-0.094	-1.8	0.63	9	-0.117	10	-0.072	0	0.63	0.11	0.05	0.11	
smart-money-breakout-signals	1h	ADAUSD	er+stop2	19	-0.077	-1.5	0.58	9	-0.423	10	0.234	0	0.58	0.11	0.05	0.11	
smart-money-breakout-signals	1h	ADAUSD	confirm1+er	6	-0.406	-2.4	0.33	3	-0.472	3	-0.340	0	0.33	0.33	0.00	0.50	
smart-money-breakout-signals	1h	ADAUSD	inverted	22	0.079	1.7	0.73	10	0.042	12	0.110	1	0.73	0.18	0.09	0.23	
smart-money-breakout-signals	1h	ADAUSD	long	22	0.011	0.2	0.64	10	-0.129	12	0.128	0	0.64	0.27	0.05	0.27	
smart-money-breakout-signals	1h	ADAUSD	short	0	0.000	0.0	0.00	0	0.000	0	0.000	0	0.00	0.00	0.00	0.00	
smart-money-breakout-signals	1h	ADAUSD	label:alert:Bullish Breakout Detected	22	0.011	0.2	0.64	10	-0.129	12	0.128	0	0.64	0.27	0.05	0.27	
smart-money-breakout-signals	1h	ADAUSD	repaint	22	0.011	0.2	0.64	10	-0.129	12	0.128	0	0.64	0.27	0.05	0.27	0 of 22 earlier entries changed when the last 60 bars were hidden (0%)
smart-money-breakout-signals	1h	ADAUSD	verdict	22	0.011	0.2	0.64	10	-0.129	12	0.128	0	0.64	0.27	0.05	0.27	no variant pays in both halves → not a reading, exit or cost problem on this cell; re-time or retire the pair
smart-money-breakout-signals	1h	LTCUSD	base	22	-0.015	-0.3	0.68	11	-0.040	11	0.009	0	0.68	0.32	0.05	0.18	
smart-money-breakout-signals	1h	LTCUSD	gross	24	0.084	2.0	0.67	11	0.127	13	0.048	1	0.67	0.29	0.04	0.17	
smart-money-breakout-signals	1h	LTCUSD	stop1.5	23	-0.214	-4.9	0.57	11	-0.197	12	-0.231	0	0.57	0.13	0.04	0.09	
smart-money-breakout-signals	1h	LTCUSD	stop2	24	-0.200	-4.8	0.58	11	-0.211	13	-0.190	0	0.58	0.13	0.04	0.04	
smart-money-breakout-signals	1h	LTCUSD	tp1	22	-0.314	-6.9	0.41	11	-0.256	11	-0.372	0	0.45	0.00	0.00	0.23	
smart-money-breakout-signals	1h	LTCUSD	levels	22	-0.015	-0.3	0.68	11	-0.040	11	0.009	0	0.68	0.32	0.05	0.18	
smart-money-breakout-signals	1h	LTCUSD	er0.25	18	0.016	0.3	0.67	9	0.058	9	-0.025	0	0.67	0.39	0.06	0.17	
smart-money-breakout-signals	1h	LTCUSD	confirm1	6	-0.598	-3.6	0.33	3	-0.626	3	-0.570	0	0.33	0.00	0.00	0.33	
smart-money-breakout-signals	1h	LTCUSD	er+stop1.5	18	-0.213	-3.8	0.56	9	-0.141	9	-0.284	0	0.56	0.11	0.06	0.11	
smart-money-breakout-signals	1h	LTCUSD	er+stop2	19	-0.215	-4.1	0.58	9	-0.171	10	-0.254	0	0.58	0.05	0.05	0.05	
smart-money-breakout-signals	1h	LTCUSD	confirm1+er	5	-0.518	-2.6	0.40	2	-0.439	3	-0.570	0	0.40	0.00	0.00	0.40	
smart-money-breakout-signals	1h	LTCUSD	inverted	22	0.127	2.8	0.82	11	0.058	11	0.195	1	0.82	0.23	0.09	0.18	
smart-money-breakout-signals	1h	LTCUSD	long	22	-0.015	-0.3	0.68	11	-0.040	11	0.009	0	0.68	0.32	0.05	0.18	
smart-money-breakout-signals	1h	LTCUSD	short	0	0.000	0.0	0.00	0	0.000	0	0.000	0	0.00	0.00	0.00	0.00	
smart-money-breakout-signals	1h	LTCUSD	label:alert:Bullish Breakout Detected	22	-0.015	-0.3	0.68	11	-0.040	11	0.009	0	0.68	0.32	0.05	0.18	
smart-money-breakout-signals	1h	LTCUSD	repaint	24	-0.015	-0.3	0.68	11	-0.040	11	0.009	0	0.68	0.32	0.05	0.18	0 of 24 earlier entries changed when the last 60 bars were hidden (0%)
smart-money-breakout-signals	1h	LTCUSD	verdict	22	-0.015	-0.3	0.68	11	-0.040	11	0.009	0	0.68	0.32	0.05	0.18	READING: direction inverted → the signals mean the opposite of how they are read (a warning read as an entry, a state read as a flip); invert or restrict the source
smart-money-breakout-signals	1h	BCHUSD	base	15	-0.029	-0.4	0.67	6	0.235	9	-0.205	0	0.67	0.33	0.00	0.33	
smart-money-breakout-signals	1h	BCHUSD	gross	17	0.019	0.3	0.65	7	0.159	10	-0.079	0	0.65	0.29	0.00	0.35	
smart-money-breakout-signals	1h	BCHUSD	stop1.5	16	-0.034	-0.5	0.56	6	0.069	10	-0.097	0	0.56	0.31	0.06	0.19	
smart-money-breakout-signals	1h	BCHUSD	stop2	17	-0.097	-1.7	0.59	7	-0.138	10	-0.069	0	0.59	0.18	0.06	0.12	
smart-money-breakout-signals	1h	BCHUSD	tp1	15	-0.059	-0.9	0.53	6	0.173	9	-0.214	0	0.40	0.00	0.00	0.40	
smart-money-breakout-signals	1h	BCHUSD	levels	15	-0.029	-0.4	0.67	6	0.235	9	-0.205	0	0.67	0.33	0.00	0.33	
smart-money-breakout-signals	1h	BCHUSD	er0.25	10	-0.169	-1.7	0.60	3	-0.120	7	-0.190	0	0.60	0.20	0.00	0.40	
smart-money-breakout-signals	1h	BCHUSD	confirm1	7	0.162	1.1	0.71	4	0.278	3	0.008	0	0.71	0.57	0.14	0.14	
smart-money-breakout-signals	1h	BCHUSD	er+stop1.5	11	-0.107	-1.2	0.45	3	-0.299	8	-0.035	0	0.45	0.27	0.09	0.18	
smart-money-breakout-signals	1h	BCHUSD	er+stop2	12	-0.175	-2.1	0.50	4	-0.542	8	0.008	0	0.50	0.25	0.08	0.17	
smart-money-breakout-signals	1h	BCHUSD	confirm1+er	3	0.329	1.0	0.67	1	1.309	2	-0.161	0	0.67	0.67	0.33	0.33	
smart-money-breakout-signals	1h	BCHUSD	inverted	15	-0.075	-1.1	0.60	6	-0.487	9	0.201	0	0.60	0.40	0.00	0.20	
smart-money-breakout-signals	1h	BCHUSD	long	15	-0.029	-0.4	0.67	6	0.235	9	-0.205	0	0.67	0.33	0.00	0.33	
smart-money-breakout-signals	1h	BCHUSD	short	0	0.000	0.0	0.00	0	0.000	0	0.000	0	0.00	0.00	0.00	0.00	
smart-money-breakout-signals	1h	BCHUSD	label:alert:Bullish Breakout Detected	15	-0.029	-0.4	0.67	6	0.235	9	-0.205	0	0.67	0.33	0.00	0.33	
smart-money-breakout-signals	1h	BCHUSD	repaint	17	-0.029	-0.4	0.67	6	0.235	9	-0.205	0	0.67	0.33	0.00	0.33	0 of 17 earlier entries changed when the last 60 bars were hidden (0%)
smart-money-breakout-signals	1h	BCHUSD	verdict	15	-0.029	-0.4	0.67	6	0.235	9	-0.205	0	0.67	0.33	0.00	0.33	too few trades to say → more history or a faster timeframe before judging
smart-money-breakout-signals	1h	LINKUSD	base	25	-0.056	-1.4	0.64	10	0.263	15	-0.268	0	0.64	0.28	0.08	0.24	
smart-money-breakout-signals	1h	LINKUSD	gross	25	0.065	1.6	0.64	10	0.446	15	-0.189	0	0.64	0.28	0.08	0.24	
smart-money-breakout-signals	1h	LINKUSD	stop1.5	25	-0.043	-1.1	0.68	10	0.302	15	-0.274	0	0.68	0.20	0.00	0.08	
smart-money-breakout-signals	1h	LINKUSD	stop2	25	0.041	1.0	0.76	10	0.224	15	-0.081	0	0.76	0.20	0.00	0.00	
smart-money-breakout-signals	1h	LINKUSD	tp1	25	-0.034	-0.9	0.56	10	0.367	15	-0.302	0	0.48	0.00	0.00	0.32	
smart-money-breakout-signals	1h	LINKUSD	levels	25	-0.056	-1.4	0.64	10	0.263	15	-0.268	0	0.64	0.28	0.08	0.24	
smart-money-breakout-signals	1h	LINKUSD	er0.25	20	-0.064	-1.3	0.60	8	0.282	12	-0.294	0	0.60	0.35	0.10	0.25	
smart-money-breakout-signals	1h	LINKUSD	confirm1	11	-0.091	-1.0	0.73	7	-0.101	4	-0.074	0	0.73	0.09	0.00	0.09	
smart-money-breakout-signals	1h	LINKUSD	er+stop1.5	20	-0.043	-0.9	0.65	8	0.319	12	-0.284	0	0.65	0.25	0.00	0.10	
smart-money-breakout-signals	1h	LINKUSD	er+stop2	20	0.058	1.2	0.75	8	0.220	12	-0.050	0	0.75	0.25	0.00	0.00	
smart-money-breakout-signals	1h	LINKUSD	confirm1+er	8	-0.219	-1.8	0.63	5	-0.231	3	-0.199	0	0.63	0.13	0.00	0.13	
smart-money-breakout-signals	1h	LINKUSD	inverted	25	-0.244	-6.1	0.56	10	-0.489	15	-0.081	0	0.56	0.12	0.00	0.36	
smart-money-breakout-signals	1h	LINKUSD	long	25	-0.056	-1.4	0.64	10	0.263	15	-0.268	0	0.64	0.28	0.08	0.24	
smart-money-breakout-signals	1h	LINKUSD	short	0	0.000	0.0	0.00	0	0.000	0	0.000	0	0.00	0.00	0.00	0.00	
smart-money-breakout-signals	1h	LINKUSD	label:alert:Bullish Breakout Detected	25	-0.056	-1.4	0.64	10	0.263	15	-0.268	0	0.64	0.28	0.08	0.24	
smart-money-breakout-signals	1h	LINKUSD	repaint	25	-0.056	-1.4	0.64	10	0.263	15	-0.268	0	0.64	0.28	0.08	0.24	0 of 25 earlier entries changed when the last 60 bars were hidden (0%)
smart-money-breakout-signals	1h	LINKUSD	verdict	25	-0.056	-1.4	0.64	10	0.263	15	-0.268	0	0.64	0.28	0.08	0.24	no variant pays in both halves → not a reading, exit or cost problem on this cell; re-time or retire the pair
smart-money-breakout-signals	1h	SUIUSD	base	20	0.067	1.3	0.60	10	-0.030	10	0.163	0	0.60	0.30	0.10	0.35	
smart-money-breakout-signals	1h	SUIUSD	gross	20	0.177	3.5	0.60	10	0.078	10	0.277	1	0.60	0.30	0.10	0.35	
smart-money-breakout-signals	1h	SUIUSD	stop1.5	20	-0.009	-0.2	0.65	10	-0.153	10	0.136	0	0.65	0.30	0.05	0.25	
smart-money-breakout-signals	1h	SUIUSD	stop2	20	0.031	0.6	0.70	10	0.003	10	0.058	1	0.70	0.15	0.05	0.10	
smart-money-breakout-signals	1h	SUIUSD	tp1	20	-0.013	-0.3	0.55	10	-0.116	10	0.089	0	0.35	0.00	0.00	0.35	
smart-money-breakout-signals	1h	SUIUSD	levels	20	0.067	1.3	0.60	10	-0.030	10	0.163	0	0.60	0.30	0.10	0.35	
smart-money-breakout-signals	1h	SUIUSD	er0.25	16	0.091	1.5	0.56	7	-0.004	9	0.165	0	0.56	0.38	0.13	0.38	
smart-money-breakout-signals	1h	SUIUSD	confirm1	10	-0.040	-0.4	0.60	4	0.296	6	-0.265	0	0.60	0.40	0.10	0.40	
smart-money-breakout-signals	1h	SUIUSD	er+stop1.5	16	-0.014	-0.2	0.63	7	-0.148	9	0.090	0	0.63	0.31	0.06	0.25	
smart-money-breakout-signals	1h	SUIUSD	er+stop2	16	0.013	0.2	0.69	7	0.007	9	0.018	1	0.69	0.13	0.06	0.13	
smart-money-breakout-signals	1h	SUIUSD	confirm1+er	8	-0.175	-1.4	0.50	3	0.248	5	-0.429	0	0.50	0.25	0.13	0.50	
smart-money-breakout-signals	1h	SUIUSD	inverted	20	-0.008	-0.2	0.65	10	-0.138	10	0.122	0	0.65	0.25	0.05	0.25	
smart-money-breakout-signals	1h	SUIUSD	long	20	0.067	1.3	0.60	10	-0.030	10	0.163	0	0.60	0.30	0.10	0.35	
smart-money-breakout-signals	1h	SUIUSD	short	0	0.000	0.0	0.00	0	0.000	0	0.000	0	0.00	0.00	0.00	0.00	
smart-money-breakout-signals	1h	SUIUSD	label:alert:Bullish Breakout Detected	20	0.067	1.3	0.60	10	-0.030	10	0.163	0	0.60	0.30	0.10	0.35	
smart-money-breakout-signals	1h	SUIUSD	repaint	20	0.067	1.3	0.60	10	-0.030	10	0.163	0	0.60	0.30	0.10	0.35	0 of 20 earlier entries changed when the last 60 bars were hidden (0%)
smart-money-breakout-signals	1h	SUIUSD	verdict	20	0.067	1.3	0.60	10	-0.030	10	0.163	0	0.60	0.30	0.10	0.35	STOP: too tight for this market's bar size (first-bar stops) → fallbackAtrSl 2× for this scanner
smart-money-breakout-signals	1h	NEARUSD	base	26	-0.163	-4.2	0.58	12	-0.371	14	0.016	0	0.58	0.23	0.00	0.42	
smart-money-breakout-signals	1h	NEARUSD	gross	26	-0.101	-2.6	0.58	12	-0.342	14	0.106	0	0.58	0.23	0.00	0.42	
smart-money-breakout-signals	1h	NEARUSD	stop1.5	26	-0.171	-4.4	0.62	12	-0.309	14	-0.052	0	0.62	0.08	0.00	0.27	
smart-money-breakout-signals	1h	NEARUSD	stop2	26	-0.119	-3.1	0.65	12	-0.233	14	-0.021	0	0.65	0.08	0.00	0.12	
smart-money-breakout-signals	1h	NEARUSD	tp1	26	-0.158	-4.1	0.46	12	-0.371	14	0.025	0	0.50	0.00	0.00	0.42	
smart-money-breakout-signals	1h	NEARUSD	levels	26	-0.163	-4.2	0.58	12	-0.371	14	0.016	0	0.58	0.23	0.00	0.42	
smart-money-breakout-signals	1h	NEARUSD	er0.25	18	-0.242	-4.4	0.50	8	-0.571	10	0.022	0	0.50	0.28	0.00	0.50	
smart-money-breakout-signals	1h	NEARUSD	confirm1	13	0.087	1.1	0.77	3	0.304	10	0.022	0	0.77	0.23	0.00	0.15	
smart-money-breakout-signals	1h	NEARUSD	er+stop1.5	18	-0.232	-4.2	0.56	8	-0.460	10	-0.050	0	0.56	0.11	0.00	0.33	
smart-money-breakout-signals	1h	NEARUSD	er+stop2	18	-0.173	-3.1	0.61	8	-0.327	10	-0.050	0	0.61	0.06	0.00	0.17	
smart-money-breakout-signals	1h	NEARUSD	confirm1+er	9	-0.083	-0.8	0.67	2	0.332	7	-0.202	0	0.67	0.11	0.00	0.22	
smart-money-breakout-signals	1h	NEARUSD	inverted	26	0.254	6.6	0.65	12	0.696	14	-0.125	0	0.65	0.38	0.15	0.27	
smart-money-breakout-signals	1h	NEARUSD	long	26	-0.163	-4.2	0.58	12	-0.371	14	0.016	0	0.58	0.23	0.00	0.42	
smart-money-breakout-signals	1h	NEARUSD	short	0	0.000	0.0	0.00	0	0.000	0	0.000	0	0.00	0.00	0.00	0.00	
smart-money-breakout-signals	1h	NEARUSD	label:alert:Bullish Breakout Detected	26	-0.163	-4.2	0.58	12	-0.371	14	0.016	0	0.58	0.23	0.00	0.42	
smart-money-breakout-signals	1h	NEARUSD	repaint	25	-0.163	-4.2	0.58	12	-0.371	14	0.016	0	0.58	0.23	0.00	0.42	0 of 25 earlier entries changed when the last 60 bars were hidden (0%)
smart-money-breakout-signals	1h	NEARUSD	verdict	26	-0.163	-4.2	0.58	12	-0.371	14	0.016	0	0.58	0.23	0.00	0.42	no variant pays in both halves → not a reading, exit or cost problem on this cell; re-time or retire the pair
smart-money-breakout-signals	1h	HYPEUSD	base	24	0.084	2.0	0.75	10	-0.164	14	0.260	0	0.75	0.17	0.08	0.17	
smart-money-breakout-signals	1h	HYPEUSD	gross	24	0.203	4.9	0.75	10	-0.098	14	0.418	0	0.75	0.17	0.08	0.17	
smart-money-breakout-signals	1h	HYPEUSD	stop1.5	24	0.097	2.3	0.75	10	-0.027	14	0.186	0	0.75	0.17	0.08	0.13	
smart-money-breakout-signals	1h	HYPEUSD	stop2	24	-0.051	-1.2	0.67	10	-0.123	14	-0.000	0	0.67	0.17	0.00	0.00	
smart-money-breakout-signals	1h	HYPEUSD	tp1	24	-0.179	-4.3	0.46	10	-0.262	14	-0.119	0	0.75	0.00	0.00	0.21	
smart-money-breakout-signals	1h	HYPEUSD	levels	24	0.084	2.0	0.75	10	-0.164	14	0.260	0	0.75	0.17	0.08	0.17	
smart-money-breakout-signals	1h	HYPEUSD	er0.25	22	0.020	0.4	0.73	9	-0.316	13	0.253	0	0.73	0.14	0.05	0.18	
smart-money-breakout-signals	1h	HYPEUSD	confirm1	11	-0.503	-5.5	0.36	5	-0.725	6	-0.318	0	0.36	0.09	0.00	0.27	
smart-money-breakout-signals	1h	HYPEUSD	er+stop1.5	22	0.057	1.2	0.73	9	-0.109	13	0.171	0	0.73	0.14	0.09	0.14	
smart-money-breakout-signals	1h	HYPEUSD	er+stop2	22	-0.094	-2.1	0.64	9	-0.197	13	-0.022	0	0.64	0.14	0.00	0.00	
smart-money-breakout-signals	1h	HYPEUSD	confirm1+er	11	-0.503	-5.5	0.36	5	-0.725	6	-0.318	0	0.36	0.09	0.00	0.27	
smart-money-breakout-signals	1h	HYPEUSD	inverted	24	0.027	0.7	0.75	10	0.040	14	0.018	1	0.75	0.13	0.04	0.25	
smart-money-breakout-signals	1h	HYPEUSD	long	24	0.084	2.0	0.75	10	-0.164	14	0.260	0	0.75	0.17	0.08	0.17	
smart-money-breakout-signals	1h	HYPEUSD	short	0	0.000	0.0	0.00	0	0.000	0	0.000	0	0.00	0.00	0.00	0.00	
smart-money-breakout-signals	1h	HYPEUSD	label:alert:Bullish Breakout Detected	24	0.084	2.0	0.75	10	-0.164	14	0.260	0	0.75	0.17	0.08	0.17	
smart-money-breakout-signals	1h	HYPEUSD	repaint	24	0.084	2.0	0.75	10	-0.164	14	0.260	0	0.75	0.17	0.08	0.17	0 of 24 earlier entries changed when the last 60 bars were hidden (0%)
smart-money-breakout-signals	1h	HYPEUSD	verdict	24	0.084	2.0	0.75	10	-0.164	14	0.260	0	0.75	0.17	0.08	0.17	no variant pays in both halves → not a reading, exit or cost problem on this cell; re-time or retire the pair
smart-money-breakout-signals	4h	ETHUSD	base	13	0.219	2.9	0.92	7	0.335	6	0.084	1	0.92	0.00	0.00	0.00	
smart-money-breakout-signals	4h	ETHUSD	gross	13	0.294	3.8	0.92	7	0.404	6	0.165	1	0.92	0.00	0.00	0.00	
smart-money-breakout-signals	4h	ETHUSD	stop1.5	13	0.051	0.7	0.77	7	0.130	6	-0.040	0	0.77	0.08	0.00	0.00	
smart-money-breakout-signals	4h	ETHUSD	stop2	13	0.342	4.4	0.77	7	0.273	6	0.423	1	0.77	0.31	0.08	0.00	
smart-money-breakout-signals	4h	ETHUSD	tp1	13	0.280	3.6	0.69	7	0.332	6	0.221	1	0.92	0.00	0.00	0.00	
smart-money-breakout-signals	4h	ETHUSD	levels	13	0.219	2.9	0.92	7	0.335	6	0.084	1	0.92	0.00	0.00	0.00	
smart-money-breakout-signals	4h	ETHUSD	er0.25	10	0.316	3.2	1.00	5	0.331	5	0.301	1	1.00	0.00	0.00	0.00	
smart-money-breakout-signals	4h	ETHUSD	confirm1	10	-0.060	-0.6	0.70	6	-0.126	4	0.037	0	0.70	0.10	0.00	0.00	
smart-money-breakout-signals	4h	ETHUSD	er+stop1.5	10	0.115	1.2	0.80	5	0.079	5	0.152	1	0.80	0.10	0.00	0.00	
smart-money-breakout-signals	4h	ETHUSD	er+stop2	10	0.608	6.1	0.90	5	0.510	5	0.707	1	0.90	0.40	0.10	0.00	
smart-money-breakout-signals	4h	ETHUSD	confirm1+er	9	-0.106	-1.0	0.67	5	-0.220	4	0.037	0	0.67	0.11	0.00	0.00	
smart-money-breakout-signals	4h	ETHUSD	inverted	13	-0.278	-3.6	0.54	7	-0.385	6	-0.152	0	0.54	0.08	0.00	0.31	
smart-money-breakout-signals	4h	ETHUSD	long	13	0.219	2.9	0.92	7	0.335	6	0.084	1	0.92	0.00	0.00	0.00	
smart-money-breakout-signals	4h	ETHUSD	short	0	0.000	0.0	0.00	0	0.000	0	0.000	0	0.00	0.00	0.00	0.00	
smart-money-breakout-signals	4h	ETHUSD	label:alert:Bullish Breakout Detected	13	0.219	2.9	0.92	7	0.335	6	0.084	1	0.92	0.00	0.00	0.00	
smart-money-breakout-signals	4h	ETHUSD	repaint	13	0.219	2.9	0.92	7	0.335	6	0.084	1	0.92	0.00	0.00	0.00	0 of 13 earlier entries changed when the last 60 bars were hidden (0%)
smart-money-breakout-signals	4h	ETHUSD	verdict	13	0.219	2.9	0.92	7	0.335	6	0.084	1	0.92	0.00	0.00	0.00	too few trades to say → more history or a faster timeframe before judging
smart-money-breakout-signals	4h	BTCUSD	base	13	-0.094	-1.2	0.69	7	-0.021	6	-0.179	0	0.69	0.15	0.00	0.08	
smart-money-breakout-signals	4h	BTCUSD	gross	13	-0.017	-0.2	0.69	7	0.058	6	-0.104	0	0.69	0.15	0.00	0.08	
smart-money-breakout-signals	4h	BTCUSD	stop1.5	13	-0.072	-0.9	0.69	7	-0.041	6	-0.109	0	0.69	0.00	0.00	0.00	
smart-money-breakout-signals	4h	BTCUSD	stop2	13	-0.202	-2.6	0.62	7	-0.249	6	-0.148	0	0.62	0.00	0.00	0.00	
smart-money-breakout-signals	4h	BTCUSD	tp1	13	0.114	1.5	0.62	7	0.042	6	0.197	1	0.62	0.00	0.00	0.08	
smart-money-breakout-signals	4h	BTCUSD	levels	13	-0.094	-1.2	0.69	7	-0.021	6	-0.179	0	0.69	0.15	0.00	0.08	
smart-money-breakout-signals	4h	BTCUSD	er0.25	10	-0.075	-0.7	0.70	5	0.120	5	-0.270	0	0.70	0.20	0.00	0.10	
smart-money-breakout-signals	4h	BTCUSD	confirm1	7	-0.463	-3.2	0.43	5	-0.757	2	0.271	0	0.43	0.00	0.00	0.14	
smart-money-breakout-signals	4h	BTCUSD	er+stop1.5	10	-0.060	-0.6	0.70	5	0.079	5	-0.198	0	0.70	0.00	0.00	0.00	
smart-money-breakout-signals	4h	BTCUSD	er+stop2	10	-0.229	-2.3	0.60	5	-0.228	5	-0.230	0	0.60	0.00	0.00	0.00	
smart-money-breakout-signals	4h	BTCUSD	confirm1+er	6	-0.374	-2.2	0.50	4	-0.697	2	0.271	0	0.50	0.00	0.00	0.17	
smart-money-breakout-signals	4h	BTCUSD	inverted	13	-0.196	-2.6	0.62	7	-0.274	6	-0.106	0	0.62	0.08	0.00	0.23	
smart-money-breakout-signals	4h	BTCUSD	long	13	-0.094	-1.2	0.69	7	-0.021	6	-0.179	0	0.69	0.15	0.00	0.08	
smart-money-breakout-signals	4h	BTCUSD	short	0	0.000	0.0	0.00	0	0.000	0	0.000	0	0.00	0.00	0.00	0.00	
smart-money-breakout-signals	4h	BTCUSD	label:alert:Bullish Breakout Detected	13	-0.094	-1.2	0.69	7	-0.021	6	-0.179	0	0.69	0.15	0.00	0.08	
smart-money-breakout-signals	4h	BTCUSD	repaint	13	-0.094	-1.2	0.69	7	-0.021	6	-0.179	0	0.69	0.15	0.00	0.08	0 of 13 earlier entries changed when the last 60 bars were hidden (0%)
smart-money-breakout-signals	4h	BTCUSD	verdict	13	-0.094	-1.2	0.69	7	-0.021	6	-0.179	0	0.69	0.15	0.00	0.08	too few trades to say → more history or a faster timeframe before judging
smart-money-breakout-signals	4h	SOLUSD	base	9	-0.209	-1.9	0.56	5	-0.061	4	-0.395	0	0.56	0.11	0.00	0.11	
smart-money-breakout-signals	4h	SOLUSD	gross	9	-0.154	-1.4	0.56	5	0.002	4	-0.349	0	0.56	0.11	0.00	0.11	
smart-money-breakout-signals	4h	SOLUSD	stop1.5	9	0.005	0.0	0.56	5	-0.167	4	0.220	0	0.56	0.22	0.11	0.11	
smart-money-breakout-signals	4h	SOLUSD	stop2	9	-0.042	-0.4	0.56	5	-0.176	4	0.127	0	0.56	0.11	0.11	0.11	
smart-money-breakout-signals	4h	SOLUSD	tp1	9	-0.174	-1.6	0.44	5	-0.251	4	-0.077	0	0.44	0.00	0.00	0.11	
smart-money-breakout-signals	4h	SOLUSD	levels	9	-0.209	-1.9	0.56	5	-0.061	4	-0.395	0	0.56	0.11	0.00	0.11	
smart-money-breakout-signals	4h	SOLUSD	er0.25	8	-0.110	-0.9	0.63	4	0.174	4	-0.395	0	0.63	0.13	0.00	0.13	
smart-money-breakout-signals	4h	SOLUSD	confirm1	6	-0.067	-0.4	0.33	4	-0.668	2	1.133	0	0.33	0.17	0.17	0.17	
smart-money-breakout-signals	4h	SOLUSD	er+stop1.5	8	0.130	1.0	0.63	4	0.041	4	0.220	0	0.63	0.25	0.13	0.13	
smart-money-breakout-signals	4h	SOLUSD	er+stop2	8	0.078	0.6	0.63	4	0.029	4	0.127	0	0.63	0.13	0.13	0.13	
smart-money-breakout-signals	4h	SOLUSD	confirm1+er	6	-0.067	-0.4	0.33	4	-0.668	2	1.133	0	0.33	0.17	0.17	0.17	
smart-money-breakout-signals	4h	SOLUSD	inverted	9	-0.029	-0.3	0.67	5	-0.160	4	0.134	0	0.67	0.22	0.00	0.33	
smart-money-breakout-signals	4h	SOLUSD	long	9	-0.209	-1.9	0.56	5	-0.061	4	-0.395	0	0.56	0.11	0.00	0.11	
smart-money-breakout-signals	4h	SOLUSD	short	0	0.000	0.0	0.00	0	0.000	0	0.000	0	0.00	0.00	0.00	0.00	
smart-money-breakout-signals	4h	SOLUSD	repaint	9	-0.209	-1.9	0.56	5	-0.061	4	-0.395	0	0.56	0.11	0.00	0.11	0 of 9 earlier entries changed when the last 60 bars were hidden (0%)
smart-money-breakout-signals	4h	SOLUSD	verdict	9	-0.209	-1.9	0.56	5	-0.061	4	-0.395	0	0.56	0.11	0.00	0.11	too few trades to say → more history or a faster timeframe before judging
smart-money-breakout-signals	4h	XRPUSD	base	9	0.325	2.9	0.67	4	0.143	5	0.470	0	0.67	0.33	0.22	0.22	
smart-money-breakout-signals	4h	XRPUSD	gross	9	0.427	3.8	0.67	4	0.243	5	0.574	0	0.67	0.33	0.22	0.22	
smart-money-breakout-signals	4h	XRPUSD	stop1.5	9	0.295	2.7	0.78	4	0.253	5	0.329	0	0.78	0.22	0.22	0.11	
smart-money-breakout-signals	4h	XRPUSD	stop2	9	0.355	3.2	0.78	4	0.187	5	0.490	0	0.78	0.33	0.11	0.11	
smart-money-breakout-signals	4h	XRPUSD	tp1	9	0.233	2.1	0.67	4	-0.081	5	0.484	0	0.33	0.00	0.00	0.22	
smart-money-breakout-signals	4h	XRPUSD	levels	9	0.325	2.9	0.67	4	0.143	5	0.470	0	0.67	0.33	0.22	0.22	
smart-money-breakout-signals	4h	XRPUSD	er0.25	9	0.325	2.9	0.67	4	0.143	5	0.470	0	0.67	0.33	0.22	0.22	
smart-money-breakout-signals	4h	XRPUSD	confirm1	4	1.199	4.8	1.00	1	0.690	3	1.369	0	1.00	0.75	0.50	0.00	
smart-money-breakout-signals	4h	XRPUSD	er+stop1.5	9	0.295	2.7	0.78	4	0.253	5	0.329	0	0.78	0.22	0.22	0.11	
smart-money-breakout-signals	4h	XRPUSD	er+stop2	9	0.355	3.2	0.78	4	0.187	5	0.490	0	0.78	0.33	0.11	0.11	
smart-money-breakout-signals	4h	XRPUSD	confirm1+er	4	1.199	4.8	1.00	1	0.690	3	1.369	0	1.00	0.75	0.50	0.00	
smart-money-breakout-signals	4h	XRPUSD	inverted	9	-0.093	-0.8	0.56	4	0.082	5	-0.233	0	0.56	0.11	0.11	0.11	
smart-money-breakout-signals	4h	XRPUSD	long	9	0.325	2.9	0.67	4	0.143	5	0.470	0	0.67	0.33	0.22	0.22	
smart-money-breakout-signals	4h	XRPUSD	short	0	0.000	0.0	0.00	0	0.000	0	0.000	0	0.00	0.00	0.00	0.00	
smart-money-breakout-signals	4h	XRPUSD	repaint	9	0.325	2.9	0.67	4	0.143	5	0.470	0	0.67	0.33	0.22	0.22	0 of 9 earlier entries changed when the last 60 bars were hidden (0%)
smart-money-breakout-signals	4h	XRPUSD	verdict	9	0.325	2.9	0.67	4	0.143	5	0.470	0	0.67	0.33	0.22	0.22	too few trades to say → more history or a faster timeframe before judging
smart-money-breakout-signals	4h	BNBUSD	base	15	0.136	2.0	0.67	7	-0.111	8	0.352	0	0.67	0.33	0.07	0.27	
smart-money-breakout-signals	4h	BNBUSD	gross	15	0.251	3.8	0.67	7	-0.026	8	0.493	0	0.67	0.33	0.07	0.27	
smart-money-breakout-signals	4h	BNBUSD	stop1.5	15	-0.007	-0.1	0.67	7	-0.209	8	0.169	0	0.67	0.13	0.07	0.00	
smart-money-breakout-signals	4h	BNBUSD	stop2	15	-0.028	-0.4	0.67	7	-0.029	8	-0.027	0	0.67	0.07	0.07	0.00	
smart-money-breakout-signals	4h	BNBUSD	tp1	15	0.078	1.2	0.60	7	0.032	8	0.118	1	0.53	0.00	0.00	0.27	
smart-money-breakout-signals	4h	BNBUSD	levels	15	0.136	2.0	0.67	7	-0.111	8	0.352	0	0.67	0.33	0.07	0.27	
smart-money-breakout-signals	4h	BNBUSD	er0.25	10	-0.172	-1.7	0.60	5	-0.072	5	-0.271	0	0.60	0.20	0.00	0.30	
smart-money-breakout-signals	4h	BNBUSD	confirm1	9	-0.156	-1.4	0.67	4	-0.091	5	-0.208	0	0.67	0.00	0.00	0.11	
smart-money-breakout-signals	4h	BNBUSD	er+stop1.5	10	-0.210	-2.1	0.60	5	-0.171	5	-0.249	0	0.60	0.10	0.00	0.00	
smart-money-breakout-signals	4h	BNBUSD	er+stop2	10	-0.190	-1.9	0.60	5	0.099	5	-0.479	0	0.60	0.00	0.00	0.00	
smart-money-breakout-signals	4h	BNBUSD	confirm1+er	6	0.049	0.3	0.83	3	0.212	3	-0.114	0	0.83	0.00	0.00	0.00	
smart-money-breakout-signals	4h	BNBUSD	inverted	15	-0.297	-4.5	0.53	7	-0.433	8	-0.179	0	0.53	0.07	0.00	0.47	
smart-money-breakout-signals	4h	BNBUSD	long	15	0.136	2.0	0.67	7	-0.111	8	0.352	0	0.67	0.33	0.07	0.27	
smart-money-breakout-signals	4h	BNBUSD	short	0	0.000	0.0	0.00	0	0.000	0	0.000	0	0.00	0.00	0.00	0.00	
smart-money-breakout-signals	4h	BNBUSD	label:alert:Bullish Breakout Detected	15	0.136	2.0	0.67	7	-0.111	8	0.352	0	0.67	0.33	0.07	0.27	
smart-money-breakout-signals	4h	BNBUSD	repaint	15	0.136	2.0	0.67	7	-0.111	8	0.352	0	0.67	0.33	0.07	0.27	0 of 15 earlier entries changed when the last 60 bars were hidden (0%)
smart-money-breakout-signals	4h	BNBUSD	verdict	15	0.136	2.0	0.67	7	-0.111	8	0.352	0	0.67	0.33	0.07	0.27	too few trades to say → more history or a faster timeframe before judging
smart-money-breakout-signals	4h	DOGEUSD	base	7	0.009	0.1	0.71	2	-0.039	5	0.028	0	0.71	0.14	0.00	0.00	
smart-money-breakout-signals	4h	DOGEUSD	gross	7	0.080	0.6	0.71	2	0.012	5	0.108	0	0.71	0.14	0.00	0.00	
smart-money-breakout-signals	4h	DOGEUSD	stop1.5	7	0.176	1.2	0.71	2	0.438	5	0.071	0	0.71	0.29	0.14	0.00	
smart-money-breakout-signals	4h	DOGEUSD	stop2	7	0.184	1.3	0.71	2	0.504	5	0.056	0	0.71	0.29	0.14	0.00	
smart-money-breakout-signals	4h	DOGEUSD	tp1	7	0.065	0.5	0.57	2	-0.055	5	0.113	0	0.71	0.00	0.00	0.00	
smart-money-breakout-signals	4h	DOGEUSD	levels	7	0.009	0.1	0.71	2	-0.039	5	0.028	0	0.71	0.14	0.00	0.00	
smart-money-breakout-signals	4h	DOGEUSD	er0.25	6	-0.038	-0.2	0.67	2	-0.039	4	-0.037	0	0.67	0.17	0.00	0.00	
smart-money-breakout-signals	4h	DOGEUSD	confirm1	4	-0.280	-1.1	0.50	1	0.306	3	-0.476	0	0.50	0.25	0.00	0.25	
smart-money-breakout-signals	4h	DOGEUSD	er+stop1.5	6	0.372	2.2	0.83	2	0.438	4	0.339	0	0.83	0.33	0.17	0.00	
smart-money-breakout-signals	4h	DOGEUSD	er+stop2	6	0.381	2.3	0.83	2	0.504	4	0.319	0	0.83	0.33	0.17	0.00	
smart-money-breakout-signals	4h	DOGEUSD	confirm1+er	3	-0.040	-0.1	0.67	1	0.306	2	-0.214	0	0.67	0.33	0.00	0.33	
smart-money-breakout-signals	4h	DOGEUSD	inverted	7	-0.242	-1.7	0.57	2	-0.386	5	-0.185	0	0.57	0.00	0.00	0.43	
smart-money-breakout-signals	4h	DOGEUSD	long	7	0.009	0.1	0.71	2	-0.039	5	0.028	0	0.71	0.14	0.00	0.00	
smart-money-breakout-signals	4h	DOGEUSD	short	0	0.000	0.0	0.00	0	0.000	0	0.000	0	0.00	0.00	0.00	0.00	
smart-money-breakout-signals	4h	DOGEUSD	repaint	7	0.009	0.1	0.71	2	-0.039	5	0.028	0	0.71	0.14	0.00	0.00	0 of 7 earlier entries changed when the last 60 bars were hidden (0%)
smart-money-breakout-signals	4h	DOGEUSD	verdict	7	0.009	0.1	0.71	2	-0.039	5	0.028	0	0.71	0.14	0.00	0.00	too few trades to say → more history or a faster timeframe before judging
smart-money-breakout-signals	4h	ADAUSD	base	12	0.213	2.6	0.83	5	0.192	7	0.228	1	0.83	0.25	0.00	0.08	
smart-money-breakout-signals	4h	ADAUSD	gross	12	0.271	3.2	0.83	5	0.246	7	0.288	1	0.83	0.25	0.00	0.08	
smart-money-breakout-signals	4h	ADAUSD	stop1.5	12	0.125	1.5	0.83	5	0.092	7	0.148	1	0.83	0.00	0.00	0.08	
smart-money-breakout-signals	4h	ADAUSD	stop2	12	0.129	1.5	0.83	5	0.069	7	0.172	1	0.83	0.08	0.00	0.00	
smart-money-breakout-signals	4h	ADAUSD	tp1	12	0.426	5.1	0.75	5	0.144	7	0.627	1	0.75	0.00	0.00	0.08	
smart-money-breakout-signals	4h	ADAUSD	levels	12	0.213	2.6	0.83	5	0.192	7	0.228	1	0.83	0.25	0.00	0.08	
smart-money-breakout-signals	4h	ADAUSD	er0.25	11	0.323	3.6	0.91	4	0.490	7	0.228	0	0.91	0.27	0.00	0.09	
smart-money-breakout-signals	4h	ADAUSD	confirm1	8	0.049	0.4	0.63	2	-1.000	6	0.398	0	0.63	0.25	0.25	0.00	
smart-money-breakout-signals	4h	ADAUSD	er+stop1.5	11	0.105	1.2	0.82	4	0.030	7	0.148	0	0.82	0.00	0.00	0.09	
smart-money-breakout-signals	4h	ADAUSD	er+stop2	11	0.113	1.2	0.82	4	0.009	7	0.172	0	0.82	0.09	0.00	0.00	
smart-money-breakout-signals	4h	ADAUSD	confirm1+er	8	0.049	0.4	0.63	2	-1.000	6	0.398	0	0.63	0.25	0.25	0.00	
smart-money-breakout-signals	4h	ADAUSD	inverted	12	-0.557	-6.7	0.33	5	-0.448	7	-0.635	0	0.33	0.00	0.00	0.50	
smart-money-breakout-signals	4h	ADAUSD	long	12	0.213	2.6	0.83	5	0.192	7	0.228	1	0.83	0.25	0.00	0.08	
smart-money-breakout-signals	4h	ADAUSD	short	0	0.000	0.0	0.00	0	0.000	0	0.000	0	0.00	0.00	0.00	0.00	
smart-money-breakout-signals	4h	ADAUSD	label:alert:Bullish Breakout Detected	12	0.213	2.6	0.83	5	0.192	7	0.228	1	0.83	0.25	0.00	0.08	
smart-money-breakout-signals	4h	ADAUSD	repaint	11	0.213	2.6	0.83	5	0.192	7	0.228	1	0.83	0.25	0.00	0.08	0 of 11 earlier entries changed when the last 60 bars were hidden (0%)
smart-money-breakout-signals	4h	ADAUSD	verdict	12	0.213	2.6	0.83	5	0.192	7	0.228	1	0.83	0.25	0.00	0.08	too few trades to say → more history or a faster timeframe before judging
smart-money-breakout-signals	4h	AVAXUSD	base	9	-0.377	-3.4	0.44	3	-0.589	6	-0.271	0	0.44	0.11	0.00	0.33	
smart-money-breakout-signals	4h	AVAXUSD	gross	9	-0.338	-3.0	0.44	3	-0.566	6	-0.224	0	0.44	0.11	0.00	0.33	
smart-money-breakout-signals	4h	AVAXUSD	stop1.5	9	-0.072	-0.6	0.56	3	-0.487	6	0.135	0	0.56	0.33	0.11	0.11	
smart-money-breakout-signals	4h	AVAXUSD	stop2	9	-0.165	-1.5	0.56	3	-0.530	6	0.017	0	0.56	0.11	0.00	0.00	
smart-money-breakout-signals	4h	AVAXUSD	tp1	9	-0.169	-1.5	0.44	3	-0.373	6	-0.067	0	0.44	0.00	0.00	0.33	
smart-money-breakout-signals	4h	AVAXUSD	levels	9	-0.377	-3.4	0.44	3	-0.589	6	-0.271	0	0.44	0.11	0.00	0.33	
smart-money-breakout-signals	4h	AVAXUSD	er0.25	7	-0.389	-2.7	0.43	2	-0.384	5	-0.392	0	0.43	0.14	0.00	0.29	
smart-money-breakout-signals	4h	AVAXUSD	confirm1	2	-0.027	-0.1	0.50	0	0.000	2	-0.027	0	0.50	0.50	0.00	0.00	
smart-money-breakout-signals	4h	AVAXUSD	er+stop1.5	7	0.017	0.1	0.57	2	-0.230	5	0.115	0	0.57	0.43	0.14	0.14	
smart-money-breakout-signals	4h	AVAXUSD	er+stop2	7	-0.112	-0.8	0.57	2	-0.295	5	-0.038	0	0.57	0.14	0.00	0.00	
smart-money-breakout-signals	4h	AVAXUSD	confirm1+er	1	0.945	0.9	1.00	0	0.000	1	0.945	0	1.00	1.00	0.00	0.00	
smart-money-breakout-signals	4h	AVAXUSD	inverted	9	0.250	2.2	0.89	3	0.438	6	0.156	0	0.89	0.22	0.00	0.11	
smart-money-breakout-signals	4h	AVAXUSD	long	9	-0.377	-3.4	0.44	3	-0.589	6	-0.271	0	0.44	0.11	0.00	0.33	
smart-money-breakout-signals	4h	AVAXUSD	short	0	0.000	0.0	0.00	0	0.000	0	0.000	0	0.00	0.00	0.00	0.00	
smart-money-breakout-signals	4h	AVAXUSD	repaint	8	-0.377	-3.4	0.44	3	-0.589	6	-0.271	0	0.44	0.11	0.00	0.33	0 of 8 earlier entries changed when the last 60 bars were hidden (0%)
smart-money-breakout-signals	4h	AVAXUSD	verdict	9	-0.377	-3.4	0.44	3	-0.589	6	-0.271	0	0.44	0.11	0.00	0.33	too few trades to say → more history or a faster timeframe before judging
smart-money-breakout-signals	4h	LTCUSD	base	10	0.561	5.6	0.90	5	0.085	5	1.037	1	0.90	0.40	0.20	0.00	
smart-money-breakout-signals	4h	LTCUSD	gross	10	0.687	6.9	0.90	5	0.172	5	1.201	1	0.90	0.40	0.20	0.00	
smart-money-breakout-signals	4h	LTCUSD	stop1.5	10	0.379	3.8	0.90	5	0.024	5	0.734	1	0.90	0.30	0.10	0.00	
smart-money-breakout-signals	4h	LTCUSD	stop2	10	0.264	2.6	0.80	5	-0.222	5	0.750	0	0.80	0.30	0.00	0.00	
smart-money-breakout-signals	4h	LTCUSD	tp1	10	0.460	4.6	0.80	5	0.091	5	0.829	1	0.90	0.00	0.00	0.00	
smart-money-breakout-signals	4h	LTCUSD	levels	10	0.561	5.6	0.90	5	0.085	5	1.037	1	0.90	0.40	0.20	0.00	
smart-money-breakout-signals	4h	LTCUSD	er0.25	8	0.469	3.8	0.88	4	0.042	4	0.897	0	0.88	0.38	0.13	0.00	
smart-money-breakout-signals	4h	LTCUSD	confirm1	7	0.104	0.7	0.86	4	-0.060	3	0.323	0	0.86	0.00	0.00	0.14	
smart-money-breakout-signals	4h	LTCUSD	er+stop1.5	8	0.285	2.3	0.88	4	-0.048	4	0.617	0	0.88	0.25	0.13	0.00	
smart-money-breakout-signals	4h	LTCUSD	er+stop2	8	0.341	2.7	0.88	4	-0.028	4	0.710	0	0.88	0.25	0.00	0.00	
smart-money-breakout-signals	4h	LTCUSD	confirm1+er	5	0.046	0.2	0.80	3	-0.182	2	0.388	0	0.80	0.00	0.00	0.20	
smart-money-breakout-signals	4h	LTCUSD	inverted	10	-0.492	-4.9	0.40	5	-0.223	5	-0.762	0	0.40	0.00	0.00	0.50	
smart-money-breakout-signals	4h	LTCUSD	long	10	0.561	5.6	0.90	5	0.085	5	1.037	1	0.90	0.40	0.20	0.00	
smart-money-breakout-signals	4h	LTCUSD	short	0	0.000	0.0	0.00	0	0.000	0	0.000	0	0.00	0.00	0.00	0.00	
smart-money-breakout-signals	4h	LTCUSD	label:alert:Bullish Breakout Detected	10	0.561	5.6	0.90	5	0.085	5	1.037	1	0.90	0.40	0.20	0.00	
smart-money-breakout-signals	4h	LTCUSD	repaint	10	0.561	5.6	0.90	5	0.085	5	1.037	1	0.90	0.40	0.20	0.00	0 of 10 earlier entries changed when the last 60 bars were hidden (0%)
smart-money-breakout-signals	4h	LTCUSD	verdict	10	0.561	5.6	0.90	5	0.085	5	1.037	1	0.90	0.40	0.20	0.00	too few trades to say → more history or a faster timeframe before judging
smart-money-breakout-signals	4h	BCHUSD	base	10	0.393	3.9	0.80	7	-0.093	3	1.527	0	0.80	0.20	0.10	0.10	
smart-money-breakout-signals	4h	BCHUSD	gross	10	0.480	4.8	0.80	7	-0.026	3	1.662	0	0.80	0.20	0.10	0.10	
smart-money-breakout-signals	4h	BCHUSD	stop1.5	10	0.156	1.6	0.60	7	-0.424	3	1.509	0	0.60	0.10	0.10	0.00	
smart-money-breakout-signals	4h	BCHUSD	stop2	10	0.096	1.0	0.60	7	-0.404	3	1.262	0	0.60	0.20	0.10	0.00	
smart-money-breakout-signals	4h	BCHUSD	tp1	10	-0.059	-0.6	0.50	7	-0.461	3	0.879	0	0.70	0.00	0.00	0.10	
smart-money-breakout-signals	4h	BCHUSD	levels	10	0.393	3.9	0.80	7	-0.093	3	1.527	0	0.80	0.20	0.10	0.10	
smart-money-breakout-signals	4h	BCHUSD	er0.25	9	0.412	3.7	0.78	6	-0.146	3	1.527	0	0.78	0.22	0.11	0.11	
smart-money-breakout-signals	4h	BCHUSD	confirm1	5	0.093	0.5	0.80	3	-0.074	2	0.344	0	0.80	0.00	0.00	0.20	
smart-money-breakout-signals	4h	BCHUSD	er+stop1.5	9	0.284	2.6	0.67	6	-0.328	3	1.509	0	0.67	0.11	0.11	0.00	
smart-money-breakout-signals	4h	BCHUSD	er+stop2	9	0.218	2.0	0.67	6	-0.305	3	1.262	0	0.67	0.22	0.11	0.00	
smart-money-breakout-signals	4h	BCHUSD	confirm1+er	5	0.093	0.5	0.80	3	-0.074	2	0.344	0	0.80	0.00	0.00	0.20	
smart-money-breakout-signals	4h	BCHUSD	inverted	10	-0.119	-1.2	0.60	7	0.258	3	-1.000	0	0.60	0.30	0.00	0.30	
smart-money-breakout-signals	4h	BCHUSD	long	10	0.393	3.9	0.80	7	-0.093	3	1.527	0	0.80	0.20	0.10	0.10	
smart-money-breakout-signals	4h	BCHUSD	short	0	0.000	0.0	0.00	0	0.000	0	0.000	0	0.00	0.00	0.00	0.00	
smart-money-breakout-signals	4h	BCHUSD	label:alert:Bullish Breakout Detected	10	0.393	3.9	0.80	7	-0.093	3	1.527	0	0.80	0.20	0.10	0.10	
smart-money-breakout-signals	4h	BCHUSD	repaint	10	0.393	3.9	0.80	7	-0.093	3	1.527	0	0.80	0.20	0.10	0.10	0 of 10 earlier entries changed when the last 60 bars were hidden (0%)
smart-money-breakout-signals	4h	BCHUSD	verdict	10	0.393	3.9	0.80	7	-0.093	3	1.527	0	0.80	0.20	0.10	0.10	too few trades to say → more history or a faster timeframe before judging
smart-money-breakout-signals	4h	LINKUSD	base	13	0.301	3.9	0.85	6	0.247	7	0.348	1	0.85	0.31	0.08	0.08	
smart-money-breakout-signals	4h	LINKUSD	gross	13	0.389	5.1	0.85	6	0.324	7	0.444	1	0.85	0.31	0.08	0.08	
smart-money-breakout-signals	4h	LINKUSD	stop1.5	13	0.493	6.4	0.92	6	0.247	7	0.703	1	0.92	0.23	0.08	0.00	
smart-money-breakout-signals	4h	LINKUSD	stop2	13	0.377	4.9	0.85	6	0.185	7	0.541	1	0.85	0.31	0.08	0.00	
smart-money-breakout-signals	4h	LINKUSD	tp1	13	0.429	5.6	0.77	6	0.562	7	0.316	1	0.85	0.00	0.00	0.08	
smart-money-breakout-signals	4h	LINKUSD	levels	13	0.301	3.9	0.85	6	0.247	7	0.348	1	0.85	0.31	0.08	0.08	
smart-money-breakout-signals	4h	LINKUSD	er0.25	9	0.170	1.5	0.78	4	0.162	5	0.176	0	0.78	0.33	0.00	0.11	
smart-money-breakout-signals	4h	LINKUSD	confirm1	7	-0.278	-1.9	0.57	4	-0.360	3	-0.168	0	0.57	0.00	0.00	0.14	
smart-money-breakout-signals	4h	LINKUSD	er+stop1.5	9	0.288	2.6	0.89	4	0.229	5	0.335	0	0.89	0.22	0.00	0.00	
smart-money-breakout-signals	4h	LINKUSD	er+stop2	9	0.145	1.3	0.78	4	0.115	5	0.170	0	0.78	0.22	0.00	0.00	
smart-money-breakout-signals	4h	LINKUSD	confirm1+er	6	-0.157	-0.9	0.67	3	-0.147	3	-0.168	0	0.67	0.00	0.00	0.00	
smart-money-breakout-signals	4h	LINKUSD	inverted	13	-0.304	-4.0	0.54	6	-0.338	7	-0.275	0	0.54	0.00	0.00	0.38	
smart-money-breakout-signals	4h	LINKUSD	long	13	0.301	3.9	0.85	6	0.247	7	0.348	1	0.85	0.31	0.08	0.08	
smart-money-breakout-signals	4h	LINKUSD	short	0	0.000	0.0	0.00	0	0.000	0	0.000	0	0.00	0.00	0.00	0.00	
smart-money-breakout-signals	4h	LINKUSD	label:alert:Bullish Breakout Detected	13	0.301	3.9	0.85	6	0.247	7	0.348	1	0.85	0.31	0.08	0.08	
smart-money-breakout-signals	4h	LINKUSD	repaint	13	0.301	3.9	0.85	6	0.247	7	0.348	1	0.85	0.31	0.08	0.08	0 of 13 earlier entries changed when the last 60 bars were hidden (0%)
smart-money-breakout-signals	4h	LINKUSD	verdict	13	0.301	3.9	0.85	6	0.247	7	0.348	1	0.85	0.31	0.08	0.08	too few trades to say → more history or a faster timeframe before judging
smart-money-breakout-signals	4h	SUIUSD	base	9	0.173	1.6	0.78	5	0.267	4	0.056	0	0.78	0.33	0.00	0.22	
smart-money-breakout-signals	4h	SUIUSD	gross	9	0.244	2.2	0.78	5	0.328	4	0.138	0	0.78	0.33	0.00	0.22	
smart-money-breakout-signals	4h	SUIUSD	stop1.5	9	0.227	2.0	0.89	5	0.141	4	0.335	0	0.89	0.11	0.00	0.00	
smart-money-breakout-signals	4h	SUIUSD	stop2	9	0.024	0.2	0.78	5	-0.185	4	0.286	0	0.78	0.00	0.00	0.00	
smart-money-breakout-signals	4h	SUIUSD	tp1	9	0.047	0.4	0.56	5	0.143	4	-0.073	0	0.67	0.00	0.00	0.22	
smart-money-breakout-signals	4h	SUIUSD	levels	9	0.173	1.6	0.78	5	0.267	4	0.056	0	0.78	0.33	0.00	0.22	
smart-money-breakout-signals	4h	SUIUSD	er0.25	8	0.127	1.0	0.75	4	0.198	4	0.056	0	0.75	0.25	0.00	0.25	
smart-money-breakout-signals	4h	SUIUSD	confirm1	6	0.370	2.2	0.67	3	0.229	3	0.510	0	0.67	0.50	0.17	0.17	
smart-money-breakout-signals	4h	SUIUSD	er+stop1.5	8	0.210	1.7	0.88	4	0.084	4	0.335	0	0.88	0.13	0.00	0.00	
smart-money-breakout-signals	4h	SUIUSD	er+stop2	8	-0.008	-0.1	0.75	4	-0.301	4	0.286	0	0.75	0.00	0.00	0.00	
smart-money-breakout-signals	4h	SUIUSD	confirm1+er	5	0.308	1.5	0.60	2	0.004	3	0.510	0	0.60	0.40	0.20	0.20	
smart-money-breakout-signals	4h	SUIUSD	inverted	9	0.036	0.3	0.67	5	0.056	4	0.012	0	0.67	0.11	0.00	0.33	
smart-money-breakout-signals	4h	SUIUSD	long	9	0.173	1.6	0.78	5	0.267	4	0.056	0	0.78	0.33	0.00	0.22	
smart-money-breakout-signals	4h	SUIUSD	short	0	0.000	0.0	0.00	0	0.000	0	0.000	0	0.00	0.00	0.00	0.00	
smart-money-breakout-signals	4h	SUIUSD	repaint	9	0.173	1.6	0.78	5	0.267	4	0.056	0	0.78	0.33	0.00	0.22	0 of 9 earlier entries changed when the last 60 bars were hidden (0%)
smart-money-breakout-signals	4h	SUIUSD	verdict	9	0.173	1.6	0.78	5	0.267	4	0.056	0	0.78	0.33	0.00	0.22	too few trades to say → more history or a faster timeframe before judging
smart-money-breakout-signals	4h	NEARUSD	base	10	0.174	1.7	0.70	5	-0.154	5	0.503	0	0.70	0.20	0.10	0.20	
smart-money-breakout-signals	4h	NEARUSD	gross	10	0.230	2.3	0.70	5	-0.115	5	0.575	0	0.70	0.20	0.10	0.20	
smart-money-breakout-signals	4h	NEARUSD	stop1.5	10	0.320	3.2	0.70	5	0.322	5	0.318	1	0.70	0.40	0.10	0.10	
smart-money-breakout-signals	4h	NEARUSD	stop2	10	0.310	3.1	0.80	5	0.150	5	0.470	1	0.80	0.30	0.10	0.00	
smart-money-breakout-signals	4h	NEARUSD	tp1	10	0.144	1.4	0.60	5	0.143	5	0.144	1	0.70	0.00	0.00	0.30	
smart-money-breakout-signals	4h	NEARUSD	levels	10	0.174	1.7	0.70	5	-0.154	5	0.503	0	0.70	0.20	0.10	0.20	
smart-money-breakout-signals	4h	NEARUSD	er0.25	7	0.103	0.7	0.71	4	-0.283	3	0.617	0	0.71	0.14	0.00	0.14	
smart-money-breakout-signals	4h	NEARUSD	confirm1	8	0.118	0.9	0.75	4	-0.105	4	0.341	0	0.75	0.25	0.00	0.00	
smart-money-breakout-signals	4h	NEARUSD	er+stop1.5	7	-0.109	-0.8	0.57	4	-0.203	3	0.017	0	0.57	0.29	0.00	0.14	
smart-money-breakout-signals	4h	NEARUSD	er+stop2	7	0.014	0.1	0.71	4	-0.272	3	0.395	0	0.71	0.14	0.00	0.00	
smart-money-breakout-signals	4h	NEARUSD	confirm1+er	8	0.118	0.9	0.75	4	-0.105	4	0.341	0	0.75	0.25	0.00	0.00	
smart-money-breakout-signals	4h	NEARUSD	inverted	10	-0.125	-1.3	0.60	5	-0.074	5	-0.176	0	0.60	0.10	0.00	0.40	
smart-money-breakout-signals	4h	NEARUSD	long	10	0.174	1.7	0.70	5	-0.154	5	0.503	0	0.70	0.20	0.10	0.20	
smart-money-breakout-signals	4h	NEARUSD	short	0	0.000	0.0	0.00	0	0.000	0	0.000	0	0.00	0.00	0.00	0.00	
smart-money-breakout-signals	4h	NEARUSD	label:alert:Bullish Breakout Detected	10	0.174	1.7	0.70	5	-0.154	5	0.503	0	0.70	0.20	0.10	0.20	
smart-money-breakout-signals	4h	NEARUSD	repaint	10	0.174	1.7	0.70	5	-0.154	5	0.503	0	0.70	0.20	0.10	0.20	0 of 10 earlier entries changed when the last 60 bars were hidden (0%)
smart-money-breakout-signals	4h	NEARUSD	verdict	10	0.174	1.7	0.70	5	-0.154	5	0.503	0	0.70	0.20	0.10	0.20	too few trades to say → more history or a faster timeframe before judging
smart-money-breakout-signals	4h	HYPEUSD	base	11	0.056	0.6	0.73	6	0.262	5	-0.191	0	0.73	0.27	0.00	0.09	
smart-money-breakout-signals	4h	HYPEUSD	gross	11	0.113	1.2	0.73	6	0.321	5	-0.136	0	0.73	0.27	0.00	0.09	
smart-money-breakout-signals	4h	HYPEUSD	stop1.5	11	-0.009	-0.1	0.73	6	0.156	5	-0.207	0	0.73	0.00	0.00	0.00	
smart-money-breakout-signals	4h	HYPEUSD	stop2	11	-0.023	-0.3	0.73	6	0.146	5	-0.226	0	0.73	0.00	0.00	0.00	
smart-money-breakout-signals	4h	HYPEUSD	tp1	11	0.199	2.2	0.64	6	0.269	5	0.115	1	0.55	0.00	0.00	0.18	
smart-money-breakout-signals	4h	HYPEUSD	levels	11	0.056	0.6	0.73	6	0.262	5	-0.191	0	0.73	0.27	0.00	0.09	
smart-money-breakout-signals	4h	HYPEUSD	er0.25	10	0.033	0.3	0.70	6	0.262	4	-0.309	0	0.70	0.30	0.00	0.10	
smart-money-breakout-signals	4h	HYPEUSD	confirm1	7	-0.242	-1.7	0.57	3	-0.122	4	-0.332	0	0.57	0.00	0.00	0.29	
smart-money-breakout-signals	4h	HYPEUSD	er+stop1.5	10	-0.038	-0.4	0.70	6	0.156	4	-0.329	0	0.70	0.00	0.00	0.00	
smart-money-breakout-signals	4h	HYPEUSD	er+stop2	10	-0.061	-0.6	0.70	6	0.146	4	-0.370	0	0.70	0.00	0.00	0.00	
smart-money-breakout-signals	4h	HYPEUSD	confirm1+er	5	-0.204	-1.0	0.60	2	-0.347	3	-0.110	0	0.60	0.00	0.00	0.40	
smart-money-breakout-signals	4h	HYPEUSD	inverted	11	-0.403	-4.4	0.45	6	-0.562	5	-0.212	0	0.45	0.00	0.00	0.27	
smart-money-breakout-signals	4h	HYPEUSD	long	11	0.056	0.6	0.73	6	0.262	5	-0.191	0	0.73	0.27	0.00	0.09	
smart-money-breakout-signals	4h	HYPEUSD	short	0	0.000	0.0	0.00	0	0.000	0	0.000	0	0.00	0.00	0.00	0.00	
smart-money-breakout-signals	4h	HYPEUSD	label:alert:Bullish Breakout Detected	11	0.056	0.6	0.73	6	0.262	5	-0.191	0	0.73	0.27	0.00	0.09	
smart-money-breakout-signals	4h	HYPEUSD	repaint	11	0.056	0.6	0.73	6	0.262	5	-0.191	0	0.73	0.27	0.00	0.09	0 of 11 earlier entries changed when the last 60 bars were hidden (0%)
smart-money-breakout-signals	4h	HYPEUSD	verdict	11	0.056	0.6	0.73	6	0.262	5	-0.191	0	0.73	0.27	0.00	0.09	too few trades to say → more history or a faster timeframe before judging
smart-swing-vwap-zeiierman	15m	BTCUSD	base	7	-0.286	-2.0	0.57	3	-0.168	4	-0.375	0	0.57	0.00	0.00	0.14	
smart-swing-vwap-zeiierman	15m	BTCUSD	gross	129	-0.076	-9.8	0.60	65	0.031	64	-0.185	0	0.60	0.20	0.05	0.19	
smart-swing-vwap-zeiierman	15m	BTCUSD	stop1.5	27	-0.206	-5.6	0.63	13	-0.098	14	-0.306	0	0.63	0.19	0.00	0.00	
smart-swing-vwap-zeiierman	15m	BTCUSD	stop2	53	-0.248	-13.1	0.58	22	-0.085	31	-0.363	0	0.58	0.08	0.00	0.04	
smart-swing-vwap-zeiierman	15m	BTCUSD	tp1	6	-0.175	-1.1	0.50	3	0.101	3	-0.452	0	0.67	0.00	0.00	0.17	
smart-swing-vwap-zeiierman	15m	BTCUSD	levels	7	-0.286	-2.0	0.57	3	-0.168	4	-0.375	0	0.57	0.00	0.00	0.14	
smart-swing-vwap-zeiierman	15m	BTCUSD	er0.25	2	0.273	0.5	1.00	1	0.215	1	0.332	0	1.00	0.00	0.00	0.00	
smart-swing-vwap-zeiierman	15m	BTCUSD	confirm1	3	0.562	1.7	1.00	1	1.285	2	0.200	0	1.00	0.33	0.33	0.00	
smart-swing-vwap-zeiierman	15m	BTCUSD	er+stop1.5	10	-0.260	-2.6	0.60	5	-0.231	5	-0.289	0	0.60	0.10	0.00	0.00	
smart-swing-vwap-zeiierman	15m	BTCUSD	er+stop2	19	-0.177	-3.4	0.63	7	-0.053	12	-0.250	0	0.63	0.11	0.00	0.00	
smart-swing-vwap-zeiierman	15m	BTCUSD	confirm1+er	1	0.171	0.2	1.00	0	0.000	1	0.171	0	1.00	0.00	0.00	0.00	
smart-swing-vwap-zeiierman	15m	BTCUSD	inverted	7	0.039	0.3	0.71	3	-0.103	4	0.146	0	0.71	0.29	0.14	0.14	
smart-swing-vwap-zeiierman	15m	BTCUSD	long	6	-0.389	-2.3	0.50	3	-0.168	3	-0.611	0	0.50	0.00	0.00	0.17	
smart-swing-vwap-zeiierman	15m	BTCUSD	short	1	0.332	0.3	1.00	0	0.000	1	0.332	0	1.00	0.00	0.00	0.00	
smart-swing-vwap-zeiierman	15m	BTCUSD	repaint	128	-0.286	-2.0	0.57	3	-0.168	4	-0.375	0	0.57	0.00	0.00	0.14	0 of 128 earlier entries changed when the last 60 bars were hidden (0%)
smart-swing-vwap-zeiierman	15m	BTCUSD	verdict	7	-0.286	-2.0	0.57	3	-0.168	4	-0.375	0	0.57	0.00	0.00	0.14	too few trades to say → more history or a faster timeframe before judging
smart-swing-vwap-zeiierman	15m	ETHUSD	base	18	-0.129	-2.3	0.61	8	0.076	10	-0.293	0	0.61	0.28	0.00	0.22	
smart-swing-vwap-zeiierman	15m	ETHUSD	gross	148	-0.118	-17.5	0.57	66	-0.063	82	-0.163	0	0.57	0.22	0.05	0.21	
smart-swing-vwap-zeiierman	15m	ETHUSD	stop1.5	71	-0.280	-19.9	0.55	23	-0.210	48	-0.314	0	0.55	0.11	0.03	0.07	
smart-swing-vwap-zeiierman	15m	ETHUSD	stop2	95	-0.211	-20.0	0.61	36	-0.269	59	-0.176	0	0.61	0.12	0.01	0.04	
smart-swing-vwap-zeiierman	15m	ETHUSD	tp1	18	-0.043	-0.8	0.56	8	0.074	10	-0.136	0	0.33	0.00	0.00	0.28	
smart-swing-vwap-zeiierman	15m	ETHUSD	levels	18	-0.129	-2.3	0.61	8	0.076	10	-0.293	0	0.61	0.28	0.00	0.22	
smart-swing-vwap-zeiierman	15m	ETHUSD	er0.25	3	-0.094	-0.3	0.67	1	0.413	2	-0.347	0	0.67	0.00	0.00	0.00	
smart-swing-vwap-zeiierman	15m	ETHUSD	confirm1	10	-0.435	-4.3	0.40	6	-0.262	4	-0.694	0	0.40	0.10	0.00	0.40	
smart-swing-vwap-zeiierman	15m	ETHUSD	er+stop1.5	21	-0.204	-4.3	0.62	4	-0.020	17	-0.248	0	0.62	0.10	0.05	0.05	
smart-swing-vwap-zeiierman	15m	ETHUSD	er+stop2	30	-0.214	-6.4	0.60	9	-0.277	21	-0.187	0	0.60	0.17	0.00	0.03	
smart-swing-vwap-zeiierman	15m	ETHUSD	confirm1+er	2	-0.007	-0.0	0.50	2	-0.007	0	0.000	0	0.50	0.50	0.00	0.50	
smart-swing-vwap-zeiierman	15m	ETHUSD	inverted	18	-0.142	-2.6	0.56	8	-0.199	10	-0.097	0	0.56	0.28	0.11	0.33	
smart-swing-vwap-zeiierman	15m	ETHUSD	long	8	0.057	0.5	0.75	4	0.027	4	0.087	0	0.75	0.38	0.00	0.13	
smart-swing-vwap-zeiierman	15m	ETHUSD	short	10	-0.278	-2.8	0.50	4	0.124	6	-0.546	0	0.50	0.20	0.00	0.30	
smart-swing-vwap-zeiierman	15m	ETHUSD	repaint	147	-0.129	-2.3	0.61	8	0.076	10	-0.293	0	0.61	0.28	0.00	0.22	0 of 147 earlier entries changed when the last 60 bars were hidden (0%)
smart-swing-vwap-zeiierman	15m	ETHUSD	verdict	18	-0.129	-2.3	0.61	8	0.076	10	-0.293	0	0.61	0.28	0.00	0.22	too few trades to say → more history or a faster timeframe before judging
smart-swing-vwap-zeiierman	15m	SOLUSD	base	41	0.022	0.9	0.73	11	0.254	30	-0.063	0	0.73	0.15	0.02	0.15	
smart-swing-vwap-zeiierman	15m	SOLUSD	gross	175	0.092	16.1	0.69	75	0.072	100	0.106	1	0.69	0.25	0.05	0.16	
smart-swing-vwap-zeiierman	15m	SOLUSD	stop1.5	101	-0.043	-4.3	0.73	20	-0.064	81	-0.038	0	0.73	0.14	0.03	0.05	
smart-swing-vwap-zeiierman	15m	SOLUSD	stop2	127	-0.054	-6.8	0.73	45	-0.144	82	-0.004	0	0.73	0.10	0.02	0.05	
smart-swing-vwap-zeiierman	15m	SOLUSD	tp1	40	-0.022	-0.9	0.57	10	-0.319	30	0.077	0	0.68	0.00	0.00	0.15	
smart-swing-vwap-zeiierman	15m	SOLUSD	levels	41	0.022	0.9	0.73	11	0.254	30	-0.063	0	0.73	0.15	0.02	0.15	
smart-swing-vwap-zeiierman	15m	SOLUSD	er0.25	14	0.281	3.9	0.86	4	0.638	10	0.138	0	0.86	0.21	0.07	0.14	
smart-swing-vwap-zeiierman	15m	SOLUSD	confirm1	26	-0.364	-9.5	0.46	6	0.150	20	-0.519	0	0.46	0.08	0.04	0.19	
smart-swing-vwap-zeiierman	15m	SOLUSD	er+stop1.5	28	-0.067	-1.9	0.71	7	-0.080	21	-0.063	0	0.71	0.11	0.04	0.04	
smart-swing-vwap-zeiierman	15m	SOLUSD	er+stop2	36	0.061	2.2	0.81	13	0.154	23	0.008	1	0.81	0.14	0.06	0.06	
smart-swing-vwap-zeiierman	15m	SOLUSD	confirm1+er	9	-0.347	-3.1	0.33	4	0.432	5	-0.970	0	0.33	0.22	0.11	0.33	
smart-swing-vwap-zeiierman	15m	SOLUSD	inverted	41	-0.175	-7.2	0.61	11	-0.040	30	-0.224	0	0.61	0.12	0.05	0.22	
smart-swing-vwap-zeiierman	15m	SOLUSD	long	26	-0.009	-0.2	0.69	8	0.215	18	-0.108	0	0.69	0.08	0.04	0.23	
smart-swing-vwap-zeiierman	15m	SOLUSD	short	15	0.062	0.9	0.80	3	0.360	12	-0.013	0	0.80	0.27	0.00	0.00	
smart-swing-vwap-zeiierman	15m	SOLUSD	label:alertcondition:Bearish AVWAP retest	10	-0.078	-0.8	0.70	2	0.150	8	-0.135	0	0.70	0.20	0.00	0.00	
smart-swing-vwap-zeiierman	15m	SOLUSD	label:alertcondition:Bullish AVWAP retest	19	-0.134	-2.5	0.68	5	-0.218	14	-0.104	0	0.68	0.00	0.00	0.21	
smart-swing-vwap-zeiierman	15m	SOLUSD	repaint	175	0.022	0.9	0.73	11	0.254	30	-0.063	0	0.73	0.15	0.02	0.15	0 of 175 earlier entries changed when the last 60 bars were hidden (0%)
smart-swing-vwap-zeiierman	15m	SOLUSD	verdict	41	0.022	0.9	0.73	11	0.254	30	-0.063	0	0.73	0.15	0.02	0.15	COSTS: positive before fees, negative after → a slower timeframe or a wider stop/target so each trade pays the round trip several times over
smart-swing-vwap-zeiierman	15m	XRPUSD	base	43	-0.025	-1.1	0.77	14	-0.150	29	0.035	0	0.77	0.12	0.02	0.12	
smart-swing-vwap-zeiierman	15m	XRPUSD	gross	136	-0.038	-5.1	0.65	69	-0.107	67	0.034	0	0.65	0.14	0.05	0.18	
smart-swing-vwap-zeiierman	15m	XRPUSD	stop1.5	76	-0.187	-14.2	0.63	21	-0.276	55	-0.152	0	0.63	0.12	0.01	0.08	
smart-swing-vwap-zeiierman	15m	XRPUSD	stop2	90	-0.094	-8.5	0.67	34	-0.118	56	-0.080	0	0.67	0.14	0.01	0.03	
smart-swing-vwap-zeiierman	15m	XRPUSD	tp1	41	-0.036	-1.5	0.56	13	-0.149	28	0.016	0	0.78	0.00	0.00	0.12	
smart-swing-vwap-zeiierman	15m	XRPUSD	levels	43	-0.025	-1.1	0.77	14	-0.150	29	0.035	0	0.77	0.12	0.02	0.12	
smart-swing-vwap-zeiierman	15m	XRPUSD	er0.25	7	0.052	0.4	0.86	3	-0.149	4	0.204	0	0.86	0.00	0.00	0.14	
smart-swing-vwap-zeiierman	15m	XRPUSD	confirm1	23	-0.450	-10.3	0.43	7	-0.457	16	-0.446	0	0.43	0.04	0.00	0.09	
smart-swing-vwap-zeiierman	15m	XRPUSD	er+stop1.5	18	-0.246	-4.4	0.61	6	-0.569	12	-0.084	0	0.61	0.06	0.00	0.28	
smart-swing-vwap-zeiierman	15m	XRPUSD	er+stop2	24	-0.295	-7.1	0.54	11	-0.640	13	-0.003	0	0.54	0.08	0.00	0.13	
smart-swing-vwap-zeiierman	15m	XRPUSD	confirm1+er	5	-0.511	-2.6	0.40	2	-0.968	3	-0.206	0	0.40	0.00	0.00	0.20	
smart-swing-vwap-zeiierman	15m	XRPUSD	inverted	44	-0.109	-4.8	0.64	14	0.012	30	-0.166	0	0.64	0.16	0.02	0.11	
smart-swing-vwap-zeiierman	15m	XRPUSD	long	26	-0.146	-3.8	0.69	8	-0.296	18	-0.079	0	0.69	0.08	0.00	0.15	
smart-swing-vwap-zeiierman	15m	XRPUSD	short	17	0.160	2.7	0.88	6	0.045	11	0.223	1	0.88	0.18	0.06	0.06	
smart-swing-vwap-zeiierman	15m	XRPUSD	label:alertcondition:Bearish AVWAP retest	12	0.156	1.9	0.92	5	0.240	7	0.096	1	0.92	0.17	0.00	0.00	
smart-swing-vwap-zeiierman	15m	XRPUSD	label:alertcondition:Bullish AVWAP retest	20	-0.240	-4.8	0.60	7	-0.377	13	-0.166	0	0.60	0.10	0.00	0.20	
smart-swing-vwap-zeiierman	15m	XRPUSD	repaint	134	-0.025	-1.1	0.77	14	-0.150	29	0.035	0	0.77	0.12	0.02	0.12	0 of 134 earlier entries changed when the last 60 bars were hidden (0%)
smart-swing-vwap-zeiierman	15m	XRPUSD	verdict	43	-0.025	-1.1	0.77	14	-0.150	29	0.035	0	0.77	0.12	0.02	0.12	READING: label mix (alertcondition:Bullish AVWAP retest lose; alertcondition:Bearish AVWAP retest pay) → read only the paying channel/label (sources or a label allow-list in the scanner config)
smart-swing-vwap-zeiierman	15m	BNBUSD	base	5	0.333	1.7	1.00	3	0.309	2	0.369	0	1.00	0.40	0.00	0.00	
smart-swing-vwap-zeiierman	15m	BNBUSD	gross	153	-0.033	-5.1	0.60	69	0.074	84	-0.121	0	0.60	0.26	0.08	0.22	
smart-swing-vwap-zeiierman	15m	BNBUSD	stop1.5	25	-0.287	-7.2	0.52	11	-0.182	14	-0.369	0	0.52	0.24	0.00	0.04	
smart-swing-vwap-zeiierman	15m	BNBUSD	stop2	55	-0.281	-15.5	0.55	17	-0.014	38	-0.401	0	0.55	0.13	0.02	0.05	
smart-swing-vwap-zeiierman	15m	BNBUSD	tp1	5	0.333	1.7	0.80	3	0.125	2	0.644	0	0.60	0.00	0.00	0.00	
smart-swing-vwap-zeiierman	15m	BNBUSD	levels	5	0.333	1.7	1.00	3	0.309	2	0.369	0	1.00	0.40	0.00	0.00	
smart-swing-vwap-zeiierman	15m	BNBUSD	er0.25	1	0.346	0.3	1.00	0	0.000	1	0.346	0	1.00	0.00	0.00	0.00	
smart-swing-vwap-zeiierman	15m	BNBUSD	confirm1	5	-0.242	-1.2	0.60	4	-0.372	1	0.274	0	0.60	0.00	0.00	0.40	
smart-swing-vwap-zeiierman	15m	BNBUSD	er+stop1.5	6	-0.082	-0.5	0.67	1	0.443	5	-0.187	0	0.67	0.50	0.00	0.17	
smart-swing-vwap-zeiierman	15m	BNBUSD	er+stop2	17	0.051	0.9	0.82	4	0.354	13	-0.043	0	0.82	0.18	0.00	0.12	
smart-swing-vwap-zeiierman	15m	BNBUSD	confirm1+er	1	-0.910	-0.9	0.00	1	-0.910	0	0.000	0	0.00	0.00	0.00	1.00	
smart-swing-vwap-zeiierman	15m	BNBUSD	inverted	5	-0.489	-2.4	0.20	3	-0.208	2	-0.911	0	0.20	0.20	0.20	0.60	
smart-swing-vwap-zeiierman	15m	BNBUSD	long	5	0.333	1.7	1.00	3	0.309	2	0.369	0	1.00	0.40	0.00	0.00	
smart-swing-vwap-zeiierman	15m	BNBUSD	short	0	0.000	0.0	0.00	0	0.000	0	0.000	0	0.00	0.00	0.00	0.00	
smart-swing-vwap-zeiierman	15m	BNBUSD	repaint	158	0.333	1.7	1.00	3	0.309	2	0.369	0	1.00	0.40	0.00	0.00	0 of 158 earlier entries changed when the last 60 bars were hidden (0%)
smart-swing-vwap-zeiierman	15m	BNBUSD	verdict	5	0.333	1.7	1.00	3	0.309	2	0.369	0	1.00	0.40	0.00	0.00	too few trades to say → more history or a faster timeframe before judging
smart-swing-vwap-zeiierman	15m	DOGEUSD	base	41	-0.042	-1.7	0.66	11	0.026	30	-0.067	0	0.66	0.27	0.07	0.20	
smart-swing-vwap-zeiierman	15m	DOGEUSD	gross	163	0.033	5.4	0.63	102	0.063	61	-0.016	0	0.63	0.25	0.08	0.20	
smart-swing-vwap-zeiierman	15m	DOGEUSD	stop1.5	84	-0.016	-1.3	0.73	30	0.060	54	-0.058	0	0.73	0.19	0.01	0.06	
smart-swing-vwap-zeiierman	15m	DOGEUSD	stop2	96	-0.051	-4.9	0.72	45	-0.048	51	-0.053	0	0.72	0.18	0.01	0.05	
smart-swing-vwap-zeiierman	15m	DOGEUSD	tp1	41	-0.068	-2.8	0.54	11	0.113	30	-0.134	0	0.54	0.00	0.00	0.22	
smart-swing-vwap-zeiierman	15m	DOGEUSD	levels	41	-0.042	-1.7	0.66	11	0.026	30	-0.067	0	0.66	0.27	0.07	0.20	
smart-swing-vwap-zeiierman	15m	DOGEUSD	er0.25	14	0.040	0.6	0.64	4	-0.247	10	0.155	0	0.64	0.43	0.14	0.21	
smart-swing-vwap-zeiierman	15m	DOGEUSD	confirm1	24	-0.150	-3.6	0.58	6	0.144	18	-0.248	0	0.58	0.21	0.04	0.29	
smart-swing-vwap-zeiierman	15m	DOGEUSD	er+stop1.5	20	-0.059	-1.2	0.60	7	-0.089	13	-0.043	0	0.60	0.20	0.05	0.10	
smart-swing-vwap-zeiierman	15m	DOGEUSD	er+stop2	23	-0.159	-3.7	0.61	10	-0.242	13	-0.095	0	0.61	0.13	0.04	0.09	
smart-swing-vwap-zeiierman	15m	DOGEUSD	confirm1+er	7	0.065	0.5	0.57	2	-0.241	5	0.187	0	0.57	0.43	0.14	0.43	
smart-swing-vwap-zeiierman	15m	DOGEUSD	inverted	41	-0.235	-9.6	0.54	11	-0.058	30	-0.300	0	0.54	0.12	0.05	0.27	
smart-swing-vwap-zeiierman	15m	DOGEUSD	long	15	-0.192	-2.9	0.60	4	-0.251	11	-0.171	0	0.60	0.20	0.00	0.27	
smart-swing-vwap-zeiierman	15m	DOGEUSD	short	26	0.044	1.1	0.69	7	0.184	19	-0.007	0	0.69	0.31	0.12	0.15	
smart-swing-vwap-zeiierman	15m	DOGEUSD	label:alertcondition:Bearish AVWAP retest	21	-0.120	-2.5	0.62	7	0.184	14	-0.272	0	0.62	0.24	0.05	0.19	
smart-swing-vwap-zeiierman	15m	DOGEUSD	label:alertcondition:Bullish AVWAP retest	12	-0.232	-2.8	0.58	4	-0.251	8	-0.223	0	0.58	0.17	0.00	0.25	
smart-swing-vwap-zeiierman	15m	DOGEUSD	repaint	167	-0.042	-1.7	0.66	11	0.026	30	-0.067	0	0.66	0.27	0.07	0.20	0 of 167 earlier entries changed when the last 60 bars were hidden (0%)
smart-swing-vwap-zeiierman	15m	DOGEUSD	verdict	41	-0.042	-1.7	0.66	11	0.026	30	-0.067	0	0.66	0.27	0.07	0.20	no variant pays in both halves → not a reading, exit or cost problem on this cell; re-time or retire the pair
smart-swing-vwap-zeiierman	15m	AVAXUSD	base	63	0.012	0.7	0.71	13	0.029	50	0.007	1	0.71	0.16	0.05	0.16	
smart-swing-vwap-zeiierman	15m	AVAXUSD	gross	169	0.205	34.7	0.64	77	0.410	92	0.034	1	0.63	0.23	0.11	0.22	
smart-swing-vwap-zeiierman	15m	AVAXUSD	stop1.5	107	0.022	2.3	0.67	34	0.140	73	-0.034	0	0.67	0.24	0.07	0.07	
smart-swing-vwap-zeiierman	15m	AVAXUSD	stop2	135	0.066	8.9	0.67	58	0.185	77	-0.024	0	0.67	0.25	0.10	0.05	
smart-swing-vwap-zeiierman	15m	AVAXUSD	tp1	61	0.043	2.7	0.61	13	0.055	48	0.040	1	0.62	0.00	0.00	0.18	
smart-swing-vwap-zeiierman	15m	AVAXUSD	levels	63	0.012	0.7	0.71	13	0.029	50	0.007	1	0.71	0.16	0.05	0.16	
smart-swing-vwap-zeiierman	15m	AVAXUSD	er0.25	16	0.094	1.5	0.69	4	-0.644	12	0.340	0	0.69	0.31	0.13	0.31	
smart-swing-vwap-zeiierman	15m	AVAXUSD	confirm1	34	-0.001	-0.0	0.65	7	0.259	27	-0.068	0	0.65	0.24	0.09	0.12	
smart-swing-vwap-zeiierman	15m	AVAXUSD	er+stop1.5	26	-0.020	-0.5	0.58	8	-0.097	18	0.015	0	0.58	0.38	0.12	0.12	
smart-swing-vwap-zeiierman	15m	AVAXUSD	er+stop2	34	0.301	10.2	0.65	13	0.593	21	0.120	1	0.65	0.41	0.21	0.06	
smart-swing-vwap-zeiierman	15m	AVAXUSD	confirm1+er	9	-0.130	-1.2	0.56	2	-0.416	7	-0.048	0	0.56	0.22	0.11	0.33	
smart-swing-vwap-zeiierman	15m	AVAXUSD	inverted	61	-0.135	-8.2	0.52	13	-0.089	48	-0.148	0	0.52	0.25	0.07	0.20	
smart-swing-vwap-zeiierman	15m	AVAXUSD	long	36	-0.041	-1.5	0.67	10	0.062	26	-0.081	0	0.67	0.14	0.06	0.19	
smart-swing-vwap-zeiierman	15m	AVAXUSD	short	27	0.083	2.2	0.78	3	-0.080	24	0.103	0	0.78	0.19	0.04	0.11	
smart-swing-vwap-zeiierman	15m	AVAXUSD	label:alertcondition:Bullish AVWAP retest	30	-0.011	-0.3	0.70	8	0.305	22	-0.126	0	0.70	0.13	0.03	0.13	
smart-swing-vwap-zeiierman	15m	AVAXUSD	label:alertcondition:Bearish AVWAP retest	20	-0.041	-0.8	0.75	2	0.337	18	-0.083	0	0.75	0.05	0.00	0.10	
smart-swing-vwap-zeiierman	15m	AVAXUSD	repaint	168	0.012	0.7	0.71	13	0.029	50	0.007	1	0.71	0.16	0.05	0.16	0 of 168 earlier entries changed when the last 60 bars were hidden (0%)
smart-swing-vwap-zeiierman	15m	AVAXUSD	verdict	63	0.012	0.7	0.71	13	0.029	50	0.007	1	0.71	0.16	0.05	0.16	pays as read → nothing to fix; measure in shadow
smart-swing-vwap-zeiierman	15m	ADAUSD	base	144	-0.030	-4.4	0.65	56	-0.099	88	0.013	0	0.65	0.23	0.08	0.19	
smart-swing-vwap-zeiierman	15m	ADAUSD	gross	201	0.005	0.9	0.61	95	-0.082	106	0.082	0	0.61	0.20	0.06	0.26	
smart-swing-vwap-zeiierman	15m	ADAUSD	stop1.5	176	-0.124	-21.8	0.64	80	-0.217	96	-0.046	0	0.64	0.13	0.02	0.09	
smart-swing-vwap-zeiierman	15m	ADAUSD	stop2	162	-0.156	-25.3	0.63	70	-0.279	92	-0.063	0	0.63	0.12	0.01	0.03	
smart-swing-vwap-zeiierman	15m	ADAUSD	tp1	136	-0.087	-11.8	0.53	50	-0.268	86	0.019	0	0.54	0.00	0.00	0.21	
smart-swing-vwap-zeiierman	15m	ADAUSD	levels	144	-0.030	-4.4	0.65	56	-0.099	88	0.013	0	0.65	0.23	0.08	0.19	
smart-swing-vwap-zeiierman	15m	ADAUSD	er0.25	42	0.120	5.0	0.67	17	0.084	25	0.144	1	0.67	0.33	0.10	0.19	
smart-swing-vwap-zeiierman	15m	ADAUSD	confirm1	68	-0.217	-14.7	0.53	27	-0.300	41	-0.161	0	0.51	0.13	0.01	0.35	
smart-swing-vwap-zeiierman	15m	ADAUSD	er+stop1.5	50	-0.026	-1.3	0.66	22	-0.051	28	-0.006	0	0.66	0.18	0.04	0.06	
smart-swing-vwap-zeiierman	15m	ADAUSD	er+stop2	50	-0.091	-4.5	0.62	23	-0.196	27	-0.001	0	0.62	0.16	0.04	0.04	
smart-swing-vwap-zeiierman	15m	ADAUSD	confirm1+er	23	-0.017	-0.4	0.57	12	0.046	11	-0.085	0	0.52	0.26	0.00	0.30	
smart-swing-vwap-zeiierman	15m	ADAUSD	inverted	141	-0.120	-16.9	0.62	53	0.018	88	-0.203	0	0.62	0.21	0.05	0.21	
smart-swing-vwap-zeiierman	15m	ADAUSD	long	78	-0.055	-4.3	0.64	38	-0.086	40	-0.026	0	0.64	0.27	0.09	0.23	
smart-swing-vwap-zeiierman	15m	ADAUSD	short	66	-0.001	-0.1	0.67	18	-0.126	48	0.046	0	0.67	0.18	0.06	0.14	
smart-swing-vwap-zeiierman	15m	ADAUSD	label:alertcondition:Bearish polarity flip	10	0.509	5.1	0.60	4	0.010	6	0.842	0	0.60	0.30	0.20	0.20	
smart-swing-vwap-zeiierman	15m	ADAUSD	label:alertcondition:Bullish AVWAP retest	66	-0.020	-1.3	0.67	33	-0.105	33	0.066	0	0.67	0.27	0.09	0.21	
smart-swing-vwap-zeiierman	15m	ADAUSD	label:alertcondition:Bullish polarity flip	12	-0.252	-3.0	0.50	5	0.037	7	-0.458	0	0.50	0.25	0.08	0.33	
smart-swing-vwap-zeiierman	15m	ADAUSD	label:alertcondition:Bearish AVWAP retest	56	-0.092	-5.2	0.68	14	-0.165	42	-0.068	0	0.68	0.16	0.04	0.13	
smart-swing-vwap-zeiierman	15m	ADAUSD	repaint	204	-0.030	-4.4	0.65	56	-0.099	88	0.013	0	0.65	0.23	0.08	0.19	0 of 204 earlier entries changed when the last 60 bars were hidden (0%)
smart-swing-vwap-zeiierman	15m	ADAUSD	verdict	144	-0.030	-4.4	0.65	56	-0.099	88	0.013	0	0.65	0.23	0.08	0.19	WHIPSAW: pays only when the market is moving efficiently → efficiency-ratio gate ≥ 0.25 on this timeframe
smart-swing-vwap-zeiierman	15m	BCHUSD	base	51	-0.049	-2.5	0.61	12	0.289	39	-0.152	0	0.61	0.25	0.08	0.16	
smart-swing-vwap-zeiierman	15m	BCHUSD	gross	173	0.098	17.0	0.59	85	0.231	88	-0.030	0	0.58	0.29	0.10	0.23	
smart-swing-vwap-zeiierman	15m	BCHUSD	stop1.5	95	-0.047	-4.4	0.63	23	0.298	72	-0.157	0	0.63	0.21	0.08	0.06	
smart-swing-vwap-zeiierman	15m	BCHUSD	stop2	113	-0.051	-5.8	0.64	35	0.166	78	-0.148	0	0.63	0.21	0.04	0.03	
smart-swing-vwap-zeiierman	15m	BCHUSD	tp1	50	-0.131	-6.6	0.50	12	0.298	38	-0.266	0	0.48	0.00	0.00	0.18	
smart-swing-vwap-zeiierman	15m	BCHUSD	levels	51	-0.049	-2.5	0.61	12	0.289	39	-0.152	0	0.61	0.25	0.08	0.16	
smart-swing-vwap-zeiierman	15m	BCHUSD	er0.25	14	-0.316	-4.4	0.43	2	0.427	12	-0.440	0	0.43	0.14	0.07	0.36	
smart-swing-vwap-zeiierman	15m	BCHUSD	confirm1	33	-0.078	-2.6	0.64	11	-0.208	22	-0.014	0	0.64	0.27	0.03	0.18	
smart-swing-vwap-zeiierman	15m	BCHUSD	er+stop1.5	26	-0.028	-0.7	0.62	6	0.709	20	-0.249	0	0.62	0.23	0.15	0.12	
smart-swing-vwap-zeiierman	15m	BCHUSD	er+stop2	34	0.030	1.0	0.62	10	0.602	24	-0.208	0	0.59	0.29	0.03	0.00	
smart-swing-vwap-zeiierman	15m	BCHUSD	confirm1+er	11	-0.224	-2.5	0.55	4	-0.636	7	0.012	0	0.55	0.18	0.00	0.36	
smart-swing-vwap-zeiierman	15m	BCHUSD	inverted	51	-0.050	-2.5	0.61	12	-0.225	39	0.004	0	0.61	0.27	0.08	0.20	
smart-swing-vwap-zeiierman	15m	BCHUSD	long	25	0.200	5.0	0.72	8	0.303	17	0.152	1	0.72	0.32	0.12	0.08	
smart-swing-vwap-zeiierman	15m	BCHUSD	short	26	-0.288	-7.5	0.50	4	0.260	22	-0.387	0	0.50	0.19	0.04	0.23	
smart-swing-vwap-zeiierman	15m	BCHUSD	label:alertcondition:Bullish AVWAP retest	21	0.228	4.8	0.76	7	0.093	14	0.296	1	0.76	0.29	0.10	0.10	
smart-swing-vwap-zeiierman	15m	BCHUSD	label:alertcondition:Bearish AVWAP retest	20	-0.083	-1.7	0.65	4	0.260	16	-0.169	0	0.65	0.25	0.05	0.15	
smart-swing-vwap-zeiierman	15m	BCHUSD	repaint	172	-0.049	-2.5	0.61	12	0.289	39	-0.152	0	0.61	0.25	0.08	0.16	0 of 172 earlier entries changed when the last 60 bars were hidden (0%)
smart-swing-vwap-zeiierman	15m	BCHUSD	verdict	51	-0.049	-2.5	0.61	12	0.289	39	-0.152	0	0.61	0.25	0.08	0.16	READING: shorts lose, longs pay → long-only on this market (the script's short logic does not transfer)
smart-swing-vwap-zeiierman	15m	LTCUSD	base	35	-0.036	-1.3	0.71	7	-0.063	28	-0.030	0	0.71	0.23	0.00	0.17	
smart-swing-vwap-zeiierman	15m	LTCUSD	gross	163	-0.015	-2.4	0.60	87	-0.058	76	0.035	0	0.60	0.26	0.07	0.27	
smart-swing-vwap-zeiierman	15m	LTCUSD	stop1.5	90	-0.063	-5.6	0.73	30	-0.125	60	-0.031	0	0.73	0.19	0.01	0.08	
smart-swing-vwap-zeiierman	15m	LTCUSD	stop2	103	-0.156	-16.0	0.65	40	-0.191	63	-0.134	0	0.65	0.10	0.01	0.07	
smart-swing-vwap-zeiierman	15m	LTCUSD	tp1	33	0.038	1.3	0.61	7	0.189	26	-0.002	0	0.67	0.00	0.00	0.18	
smart-swing-vwap-zeiierman	15m	LTCUSD	levels	35	-0.036	-1.3	0.71	7	-0.063	28	-0.030	0	0.71	0.23	0.00	0.17	
smart-swing-vwap-zeiierman	15m	LTCUSD	er0.25	9	0.147	1.3	0.78	2	0.419	7	0.069	0	0.78	0.33	0.00	0.11	
smart-swing-vwap-zeiierman	15m	LTCUSD	confirm1	18	-0.382	-6.9	0.50	4	-0.367	14	-0.386	0	0.50	0.06	0.00	0.22	
smart-swing-vwap-zeiierman	15m	LTCUSD	er+stop1.5	19	0.028	0.5	0.79	7	-0.028	12	0.060	0	0.79	0.26	0.00	0.05	
smart-swing-vwap-zeiierman	15m	LTCUSD	er+stop2	24	-0.038	-0.9	0.71	10	0.007	14	-0.070	0	0.71	0.08	0.04	0.08	
smart-swing-vwap-zeiierman	15m	LTCUSD	confirm1+er	5	-0.248	-1.2	0.60	1	0.215	4	-0.364	0	0.60	0.00	0.00	0.40	
smart-swing-vwap-zeiierman	15m	LTCUSD	inverted	35	-0.106	-3.7	0.63	7	0.258	28	-0.197	0	0.63	0.14	0.03	0.23	
smart-swing-vwap-zeiierman	15m	LTCUSD	long	18	0.073	1.3	0.78	4	0.305	14	0.007	0	0.78	0.33	0.00	0.17	
smart-swing-vwap-zeiierman	15m	LTCUSD	short	17	-0.153	-2.6	0.65	3	-0.554	14	-0.067	0	0.65	0.12	0.00	0.18	
smart-swing-vwap-zeiierman	15m	LTCUSD	label:alertcondition:Bullish AVWAP retest	15	0.088	1.3	0.80	4	0.305	11	0.009	0	0.80	0.33	0.00	0.13	
smart-swing-vwap-zeiierman	15m	LTCUSD	label:alertcondition:Bearish AVWAP retest	12	-0.364	-4.4	0.50	3	-0.554	9	-0.301	0	0.50	0.00	0.00	0.25	
smart-swing-vwap-zeiierman	15m	LTCUSD	repaint	167	-0.036	-1.3	0.71	7	-0.063	28	-0.030	0	0.71	0.23	0.00	0.17	0 of 167 earlier entries changed when the last 60 bars were hidden (0%)
smart-swing-vwap-zeiierman	15m	LTCUSD	verdict	35	-0.036	-1.3	0.71	7	-0.063	28	-0.030	0	0.71	0.23	0.00	0.17	no variant pays in both halves → not a reading, exit or cost problem on this cell; re-time or retire the pair
smart-swing-vwap-zeiierman	15m	LINKUSD	base	74	-0.167	-12.4	0.58	24	-0.075	50	-0.211	0	0.57	0.14	0.04	0.20	
smart-swing-vwap-zeiierman	15m	LINKUSD	gross	190	-0.061	-11.7	0.56	107	-0.044	83	-0.083	0	0.55	0.24	0.06	0.27	
smart-swing-vwap-zeiierman	15m	LINKUSD	stop1.5	115	-0.086	-9.9	0.60	45	-0.137	70	-0.054	0	0.60	0.18	0.07	0.10	
smart-swing-vwap-zeiierman	15m	LINKUSD	stop2	137	-0.164	-22.4	0.59	68	-0.254	69	-0.075	0	0.58	0.12	0.04	0.07	
smart-swing-vwap-zeiierman	15m	LINKUSD	tp1	72	-0.238	-17.2	0.44	24	-0.267	48	-0.224	0	0.51	0.00	0.00	0.24	
smart-swing-vwap-zeiierman	15m	LINKUSD	levels	74	-0.167	-12.4	0.58	24	-0.075	50	-0.211	0	0.57	0.14	0.04	0.20	
smart-swing-vwap-zeiierman	15m	LINKUSD	er0.25	26	-0.288	-7.5	0.50	10	-0.134	16	-0.385	0	0.50	0.15	0.08	0.31	
smart-swing-vwap-zeiierman	15m	LINKUSD	confirm1	36	-0.211	-7.6	0.50	11	0.043	25	-0.322	0	0.50	0.14	0.08	0.22	
smart-swing-vwap-zeiierman	15m	LINKUSD	er+stop1.5	31	-0.095	-2.9	0.55	13	-0.195	18	-0.023	0	0.55	0.19	0.06	0.10	
smart-swing-vwap-zeiierman	15m	LINKUSD	er+stop2	41	-0.104	-4.3	0.59	20	-0.178	21	-0.034	0	0.59	0.20	0.07	0.05	
smart-swing-vwap-zeiierman	15m	LINKUSD	confirm1+er	11	-0.381	-4.2	0.36	5	0.100	6	-0.783	0	0.36	0.18	0.09	0.27	
smart-swing-vwap-zeiierman	15m	LINKUSD	inverted	73	-0.031	-2.2	0.63	24	0.073	49	-0.081	0	0.63	0.32	0.11	0.18	
smart-swing-vwap-zeiierman	15m	LINKUSD	long	43	-0.195	-8.4	0.53	17	0.054	26	-0.359	0	0.51	0.09	0.05	0.19	
smart-swing-vwap-zeiierman	15m	LINKUSD	short	31	-0.128	-4.0	0.65	7	-0.389	24	-0.052	0	0.65	0.19	0.03	0.23	
smart-swing-vwap-zeiierman	15m	LINKUSD	label:alertcondition:Bullish polarity flip	12	0.066	0.8	0.50	6	0.516	6	-0.383	0	0.42	0.08	0.08	0.33	
smart-swing-vwap-zeiierman	15m	LINKUSD	label:alertcondition:Bearish AVWAP retest	27	-0.174	-4.7	0.63	6	-0.300	21	-0.138	0	0.63	0.19	0.00	0.22	
smart-swing-vwap-zeiierman	15m	LINKUSD	label:alertcondition:Bullish AVWAP retest	31	-0.297	-9.2	0.55	11	-0.198	20	-0.351	0	0.55	0.10	0.03	0.13	
smart-swing-vwap-zeiierman	15m	LINKUSD	repaint	189	-0.167	-12.4	0.58	24	-0.075	50	-0.211	0	0.57	0.14	0.04	0.20	0 of 189 earlier entries changed when the last 60 bars were hidden (0%)
smart-swing-vwap-zeiierman	15m	LINKUSD	verdict	74	-0.167	-12.4	0.58	24	-0.075	50	-0.211	0	0.57	0.14	0.04	0.20	no variant pays in both halves → not a reading, exit or cost problem on this cell; re-time or retire the pair
smart-swing-vwap-zeiierman	15m	SUIUSD	base	65	0.060	3.9	0.62	15	0.206	50	0.017	1	0.62	0.35	0.09	0.26	
smart-swing-vwap-zeiierman	15m	SUIUSD	gross	153	0.116	17.7	0.57	76	0.122	77	0.110	1	0.57	0.35	0.14	0.31	
smart-swing-vwap-zeiierman	15m	SUIUSD	stop1.5	85	0.107	9.1	0.71	21	0.306	64	0.042	1	0.71	0.24	0.11	0.12	
smart-swing-vwap-zeiierman	15m	SUIUSD	stop2	99	0.048	4.7	0.71	31	0.067	68	0.039	1	0.71	0.22	0.05	0.06	
smart-swing-vwap-zeiierman	15m	SUIUSD	tp1	64	0.036	2.3	0.59	15	-0.282	49	0.133	0	0.47	0.00	0.00	0.27	
smart-swing-vwap-zeiierman	15m	SUIUSD	levels	65	0.060	3.9	0.62	15	0.206	50	0.017	1	0.62	0.35	0.09	0.26	
smart-swing-vwap-zeiierman	15m	SUIUSD	er0.25	14	0.069	1.0	0.64	4	-0.031	10	0.108	0	0.64	0.43	0.07	0.21	
smart-swing-vwap-zeiierman	15m	SUIUSD	confirm1	30	0.205	6.2	0.70	7	0.093	23	0.239	1	0.70	0.40	0.10	0.17	
smart-swing-vwap-zeiierman	15m	SUIUSD	er+stop1.5	19	0.220	4.2	0.74	6	0.235	13	0.214	1	0.74	0.21	0.16	0.05	
smart-swing-vwap-zeiierman	15m	SUIUSD	er+stop2	23	0.032	0.7	0.70	8	0.020	15	0.039	1	0.70	0.13	0.09	0.04	
smart-swing-vwap-zeiierman	15m	SUIUSD	confirm1+er	7	0.163	1.1	0.71	3	-0.549	4	0.696	0	0.71	0.57	0.14	0.14	
smart-swing-vwap-zeiierman	15m	SUIUSD	inverted	64	-0.041	-2.6	0.61	15	0.129	49	-0.094	0	0.61	0.22	0.06	0.31	
smart-swing-vwap-zeiierman	15m	SUIUSD	long	31	0.272	8.4	0.71	7	0.879	24	0.095	1	0.71	0.42	0.10	0.23	
smart-swing-vwap-zeiierman	15m	SUIUSD	short	34	-0.133	-4.5	0.53	8	-0.383	26	-0.056	0	0.53	0.29	0.09	0.29	
smart-swing-vwap-zeiierman	15m	SUIUSD	label:alertcondition:Bullish AVWAP retest	21	0.286	6.0	0.71	3	1.605	18	0.066	0	0.71	0.38	0.10	0.24	
smart-swing-vwap-zeiierman	15m	SUIUSD	label:alertcondition:Bullish polarity flip	10	0.242	2.4	0.70	4	0.333	6	0.182	0	0.70	0.50	0.10	0.20	
smart-swing-vwap-zeiierman	15m	SUIUSD	label:alertcondition:Bearish AVWAP retest	27	-0.032	-0.9	0.59	7	-0.308	20	0.065	0	0.59	0.33	0.11	0.26	
smart-swing-vwap-zeiierman	15m	SUIUSD	repaint	155	0.060	3.9	0.62	15	0.206	50	0.017	1	0.62	0.35	0.09	0.26	0 of 155 earlier entries changed when the last 60 bars were hidden (0%)
smart-swing-vwap-zeiierman	15m	SUIUSD	verdict	65	0.060	3.9	0.62	15	0.206	50	0.017	1	0.62	0.35	0.09	0.26	pays as read → nothing to fix; measure in shadow
smart-swing-vwap-zeiierman	15m	NEARUSD	base	86	-0.047	-4.0	0.60	14	0.021	72	-0.060	0	0.60	0.22	0.10	0.19	
smart-swing-vwap-zeiierman	15m	NEARUSD	gross	148	0.145	21.5	0.55	65	0.239	83	0.072	1	0.55	0.28	0.18	0.26	
smart-swing-vwap-zeiierman	15m	NEARUSD	stop1.5	106	0.026	2.8	0.65	29	0.019	77	0.028	1	0.65	0.25	0.08	0.11	
smart-swing-vwap-zeiierman	15m	NEARUSD	stop2	119	0.054	6.4	0.67	46	-0.011	73	0.095	0	0.67	0.27	0.08	0.07	
smart-swing-vwap-zeiierman	15m	NEARUSD	tp1	85	-0.051	-4.3	0.53	14	-0.145	71	-0.032	0	0.48	0.00	0.00	0.18	
smart-swing-vwap-zeiierman	15m	NEARUSD	levels	86	-0.047	-4.0	0.60	14	0.021	72	-0.060	0	0.60	0.22	0.10	0.19	
smart-swing-vwap-zeiierman	15m	NEARUSD	er0.25	20	0.034	0.7	0.70	3	-0.029	17	0.045	0	0.70	0.15	0.10	0.20	
smart-swing-vwap-zeiierman	15m	NEARUSD	confirm1	39	0.111	4.3	0.67	6	0.138	33	0.106	1	0.67	0.36	0.10	0.28	
smart-swing-vwap-zeiierman	15m	NEARUSD	er+stop1.5	29	0.094	2.7	0.69	9	0.099	20	0.092	1	0.69	0.24	0.07	0.21	
smart-swing-vwap-zeiierman	15m	NEARUSD	er+stop2	37	-0.049	-1.8	0.62	17	-0.252	20	0.123	0	0.62	0.22	0.05	0.08	
smart-swing-vwap-zeiierman	15m	NEARUSD	confirm1+er	15	0.099	1.5	0.60	2	-0.315	13	0.163	0	0.60	0.27	0.20	0.40	
smart-swing-vwap-zeiierman	15m	NEARUSD	inverted	86	-0.060	-5.1	0.63	14	-0.053	72	-0.061	0	0.63	0.24	0.05	0.21	
smart-swing-vwap-zeiierman	15m	NEARUSD	long	59	-0.091	-5.4	0.59	10	-0.358	49	-0.037	0	0.59	0.19	0.08	0.19	
smart-swing-vwap-zeiierman	15m	NEARUSD	short	27	0.051	1.4	0.63	4	0.970	23	-0.108	0	0.63	0.30	0.15	0.19	
smart-swing-vwap-zeiierman	15m	NEARUSD	label:alertcondition:Bearish AVWAP retest	22	-0.040	-0.9	0.59	4	0.970	18	-0.265	0	0.59	0.27	0.09	0.23	
smart-swing-vwap-zeiierman	15m	NEARUSD	label:alertcondition:Bullish AVWAP retest	50	-0.113	-5.6	0.60	7	-0.616	43	-0.031	0	0.60	0.14	0.06	0.16	
smart-swing-vwap-zeiierman	15m	NEARUSD	repaint	148	-0.047	-4.0	0.60	14	0.021	72	-0.060	0	0.60	0.22	0.10	0.19	0 of 148 earlier entries changed when the last 60 bars were hidden (0%)
smart-swing-vwap-zeiierman	15m	NEARUSD	verdict	86	-0.047	-4.0	0.60	14	0.021	72	-0.060	0	0.60	0.22	0.10	0.19	COSTS: positive before fees, negative after → a slower timeframe or a wider stop/target so each trade pays the round trip several times over
smart-swing-vwap-zeiierman	15m	HYPEUSD	base	51	0.004	0.2	0.57	26	-0.085	25	0.095	0	0.57	0.31	0.14	0.31	
smart-swing-vwap-zeiierman	15m	HYPEUSD	gross	149	0.035	5.2	0.55	79	0.111	70	-0.050	0	0.55	0.26	0.10	0.31	
smart-swing-vwap-zeiierman	15m	HYPEUSD	stop1.5	117	-0.138	-16.2	0.57	59	-0.137	58	-0.140	0	0.57	0.21	0.09	0.15	
smart-swing-vwap-zeiierman	15m	HYPEUSD	stop2	135	-0.179	-24.1	0.55	70	-0.175	65	-0.183	0	0.55	0.21	0.07	0.09	
smart-swing-vwap-zeiierman	15m	HYPEUSD	tp1	51	-0.317	-16.2	0.39	26	-0.449	25	-0.180	0	0.43	0.00	0.00	0.33	
smart-swing-vwap-zeiierman	15m	HYPEUSD	levels	51	0.004	0.2	0.57	26	-0.085	25	0.095	0	0.57	0.31	0.14	0.31	
smart-swing-vwap-zeiierman	15m	HYPEUSD	er0.25	10	-0.033	-0.3	0.60	6	-0.257	4	0.304	0	0.60	0.40	0.10	0.40	
smart-swing-vwap-zeiierman	15m	HYPEUSD	confirm1	25	0.017	0.4	0.60	13	0.233	12	-0.217	0	0.60	0.36	0.08	0.24	
smart-swing-vwap-zeiierman	15m	HYPEUSD	er+stop1.5	33	-0.285	-9.4	0.52	17	-0.259	16	-0.312	0	0.52	0.12	0.06	0.21	
smart-swing-vwap-zeiierman	15m	HYPEUSD	er+stop2	40	-0.276	-11.1	0.47	21	-0.195	19	-0.366	0	0.47	0.17	0.07	0.13	
smart-swing-vwap-zeiierman	15m	HYPEUSD	confirm1+er	8	-0.055	-0.4	0.63	4	0.264	4	-0.373	0	0.63	0.38	0.00	0.25	
smart-swing-vwap-zeiierman	15m	HYPEUSD	inverted	51	0.147	7.5	0.71	26	0.260	25	0.029	1	0.71	0.41	0.16	0.24	
smart-swing-vwap-zeiierman	15m	HYPEUSD	long	32	0.066	2.1	0.59	17	-0.019	15	0.162	0	0.59	0.31	0.13	0.31	
smart-swing-vwap-zeiierman	15m	HYPEUSD	short	19	-0.102	-1.9	0.53	9	-0.209	10	-0.005	0	0.53	0.32	0.16	0.32	
smart-swing-vwap-zeiierman	15m	HYPEUSD	label:alertcondition:Bullish AVWAP retest	22	0.108	2.4	0.59	14	0.085	8	0.148	1	0.59	0.27	0.14	0.32	
smart-swing-vwap-zeiierman	15m	HYPEUSD	label:alertcondition:Bullish polarity flip	10	-0.025	-0.3	0.60	3	-0.500	7	0.178	0	0.60	0.40	0.10	0.30	
smart-swing-vwap-zeiierman	15m	HYPEUSD	label:alertcondition:Bearish AVWAP retest	12	-0.218	-2.6	0.50	6	-0.303	6	-0.132	0	0.50	0.25	0.08	0.25	
smart-swing-vwap-zeiierman	15m	HYPEUSD	repaint	148	0.004	0.2	0.57	26	-0.085	25	0.095	0	0.57	0.31	0.14	0.31	0 of 148 earlier entries changed when the last 60 bars were hidden (0%)
smart-swing-vwap-zeiierman	15m	HYPEUSD	verdict	51	0.004	0.2	0.57	26	-0.085	25	0.095	0	0.57	0.31	0.14	0.31	READING: direction inverted → the signals mean the opposite of how they are read (a warning read as an entry, a state read as a flip); invert or restrict the source
smart-swing-vwap-zeiierman	1h	BTCUSD	base	51	-0.161	-8.2	0.63	29	-0.261	22	-0.028	0	0.63	0.20	0.02	0.16	
smart-swing-vwap-zeiierman	1h	BTCUSD	gross	78	-0.039	-3.1	0.63	37	-0.186	41	0.093	0	0.63	0.19	0.04	0.17	
smart-swing-vwap-zeiierman	1h	BTCUSD	stop1.5	69	-0.179	-12.3	0.61	34	-0.368	35	0.004	0	0.61	0.14	0.03	0.10	
smart-swing-vwap-zeiierman	1h	BTCUSD	stop2	73	-0.106	-7.7	0.62	34	-0.409	39	0.158	0	0.62	0.11	0.03	0.07	
smart-swing-vwap-zeiierman	1h	BTCUSD	tp1	50	-0.154	-7.7	0.50	28	-0.336	22	0.077	0	0.52	0.00	0.00	0.16	
smart-swing-vwap-zeiierman	1h	BTCUSD	levels	51	-0.161	-8.2	0.63	29	-0.261	22	-0.028	0	0.63	0.20	0.02	0.16	
smart-swing-vwap-zeiierman	1h	BTCUSD	er0.25	18	0.042	0.8	0.78	12	-0.150	6	0.425	0	0.78	0.22	0.06	0.17	
smart-swing-vwap-zeiierman	1h	BTCUSD	confirm1	28	-0.253	-7.1	0.61	14	-0.375	14	-0.131	0	0.61	0.07	0.00	0.18	
smart-swing-vwap-zeiierman	1h	BTCUSD	er+stop1.5	22	-0.025	-0.6	0.77	13	-0.226	9	0.265	0	0.77	0.14	0.00	0.14	
smart-swing-vwap-zeiierman	1h	BTCUSD	er+stop2	24	0.039	0.9	0.79	13	-0.147	11	0.259	0	0.79	0.13	0.00	0.08	
smart-swing-vwap-zeiierman	1h	BTCUSD	confirm1+er	13	-0.291	-3.8	0.54	7	-0.600	6	0.069	0	0.54	0.15	0.00	0.31	
smart-swing-vwap-zeiierman	1h	BTCUSD	inverted	52	-0.095	-5.0	0.67	30	0.088	22	-0.345	0	0.67	0.15	0.04	0.17	
smart-swing-vwap-zeiierman	1h	BTCUSD	long	22	-0.227	-5.0	0.59	12	-0.332	10	-0.100	0	0.59	0.23	0.00	0.14	
smart-swing-vwap-zeiierman	1h	BTCUSD	short	29	-0.123	-3.6	0.66	17	-0.212	12	0.002	0	0.66	0.17	0.03	0.17	
smart-swing-vwap-zeiierman	1h	BTCUSD	label:alertcondition:Bearish AVWAP retest	21	-0.164	-3.5	0.62	10	-0.368	11	0.021	0	0.62	0.10	0.05	0.14	
smart-swing-vwap-zeiierman	1h	BTCUSD	label:alertcondition:Bullish AVWAP retest	14	-0.399	-5.6	0.43	7	-0.525	7	-0.273	0	0.43	0.29	0.00	0.14	
smart-swing-vwap-zeiierman	1h	BTCUSD	repaint	80	-0.161	-8.2	0.63	29	-0.261	22	-0.028	0	0.63	0.20	0.02	0.16	0 of 80 earlier entries changed when the last 60 bars were hidden (0%)
smart-swing-vwap-zeiierman	1h	BTCUSD	verdict	51	-0.161	-8.2	0.63	29	-0.261	22	-0.028	0	0.63	0.20	0.02	0.16	no variant pays in both halves → not a reading, exit or cost problem on this cell; re-time or retire the pair
smart-swing-vwap-zeiierman	1h	ETHUSD	base	77	-0.050	-3.8	0.70	37	-0.211	40	0.099	0	0.70	0.18	0.03	0.16	
smart-swing-vwap-zeiierman	1h	ETHUSD	gross	91	0.035	3.2	0.68	40	-0.150	51	0.180	0	0.68	0.20	0.02	0.14	
smart-swing-vwap-zeiierman	1h	ETHUSD	stop1.5	90	-0.178	-16.0	0.63	40	-0.351	50	-0.040	0	0.63	0.04	0.02	0.10	
smart-swing-vwap-zeiierman	1h	ETHUSD	stop2	85	-0.143	-12.1	0.64	38	-0.275	47	-0.035	0	0.64	0.12	0.01	0.06	
smart-swing-vwap-zeiierman	1h	ETHUSD	tp1	76	-0.075	-5.7	0.54	37	-0.249	39	0.090	0	0.53	0.00	0.00	0.17	
smart-swing-vwap-zeiierman	1h	ETHUSD	levels	77	-0.050	-3.8	0.70	37	-0.211	40	0.099	0	0.70	0.18	0.03	0.16	
smart-swing-vwap-zeiierman	1h	ETHUSD	er0.25	18	-0.134	-2.4	0.67	11	-0.206	7	-0.021	0	0.67	0.22	0.00	0.11	
smart-swing-vwap-zeiierman	1h	ETHUSD	confirm1	36	-0.106	-3.8	0.69	16	-0.168	20	-0.056	0	0.69	0.06	0.03	0.14	
smart-swing-vwap-zeiierman	1h	ETHUSD	er+stop1.5	23	-0.195	-4.5	0.65	13	-0.346	10	0.002	0	0.65	0.04	0.00	0.09	
smart-swing-vwap-zeiierman	1h	ETHUSD	er+stop2	23	-0.201	-4.6	0.61	13	-0.386	10	0.039	0	0.61	0.09	0.00	0.09	
smart-swing-vwap-zeiierman	1h	ETHUSD	confirm1+er	5	0.190	0.9	1.00	3	0.179	2	0.206	0	1.00	0.00	0.00	0.00	
smart-swing-vwap-zeiierman	1h	ETHUSD	inverted	76	-0.152	-11.5	0.58	37	-0.062	39	-0.237	0	0.58	0.18	0.07	0.20	
smart-swing-vwap-zeiierman	1h	ETHUSD	long	35	0.043	1.5	0.71	17	-0.113	18	0.190	0	0.71	0.26	0.06	0.14	
smart-swing-vwap-zeiierman	1h	ETHUSD	short	42	-0.127	-5.3	0.69	20	-0.295	22	0.025	0	0.69	0.12	0.00	0.17	
smart-swing-vwap-zeiierman	1h	ETHUSD	label:alertcondition:Bullish AVWAP retest	28	0.042	1.2	0.75	14	-0.099	14	0.183	0	0.75	0.29	0.04	0.11	
smart-swing-vwap-zeiierman	1h	ETHUSD	label:alertcondition:Bearish AVWAP retest	34	-0.075	-2.6	0.74	13	-0.224	21	0.016	0	0.74	0.15	0.00	0.12	
smart-swing-vwap-zeiierman	1h	ETHUSD	repaint	92	-0.050	-3.8	0.70	37	-0.211	40	0.099	0	0.70	0.18	0.03	0.16	0 of 92 earlier entries changed when the last 60 bars were hidden (0%)
smart-swing-vwap-zeiierman	1h	ETHUSD	verdict	77	-0.050	-3.8	0.70	37	-0.211	40	0.099	0	0.70	0.18	0.03	0.16	no variant pays in both halves → not a reading, exit or cost problem on this cell; re-time or retire the pair
smart-swing-vwap-zeiierman	1h	SOLUSD	base	88	-0.205	-18.0	0.58	42	-0.136	46	-0.268	0	0.58	0.14	0.03	0.16	
smart-swing-vwap-zeiierman	1h	SOLUSD	gross	93	-0.106	-9.8	0.58	44	-0.033	49	-0.171	0	0.58	0.15	0.03	0.16	
smart-swing-vwap-zeiierman	1h	SOLUSD	stop1.5	87	-0.183	-15.9	0.59	41	-0.142	46	-0.219	0	0.59	0.15	0.01	0.10	
smart-swing-vwap-zeiierman	1h	SOLUSD	stop2	85	-0.165	-14.1	0.59	40	-0.154	45	-0.176	0	0.59	0.12	0.00	0.05	
smart-swing-vwap-zeiierman	1h	SOLUSD	tp1	88	-0.228	-20.1	0.44	42	-0.128	46	-0.320	0	0.51	0.00	0.00	0.18	
smart-swing-vwap-zeiierman	1h	SOLUSD	levels	88	-0.205	-18.0	0.58	42	-0.136	46	-0.268	0	0.58	0.14	0.03	0.16	
smart-swing-vwap-zeiierman	1h	SOLUSD	er0.25	27	-0.138	-3.7	0.59	15	0.049	12	-0.372	0	0.59	0.19	0.04	0.07	
smart-swing-vwap-zeiierman	1h	SOLUSD	confirm1	40	0.089	3.6	0.78	21	0.294	19	-0.137	0	0.78	0.30	0.07	0.10	
smart-swing-vwap-zeiierman	1h	SOLUSD	er+stop1.5	27	-0.129	-3.5	0.59	14	-0.058	13	-0.207	0	0.59	0.22	0.04	0.07	
smart-swing-vwap-zeiierman	1h	SOLUSD	er+stop2	27	-0.023	-0.6	0.67	14	0.019	13	-0.069	0	0.67	0.22	0.04	0.00	
smart-swing-vwap-zeiierman	1h	SOLUSD	confirm1+er	9	0.023	0.2	0.78	6	0.263	3	-0.457	0	0.78	0.22	0.00	0.00	
smart-swing-vwap-zeiierman	1h	SOLUSD	inverted	87	0.024	2.1	0.72	41	-0.054	46	0.093	0	0.72	0.20	0.08	0.10	
smart-swing-vwap-zeiierman	1h	SOLUSD	long	50	-0.343	-17.2	0.48	20	-0.375	30	-0.322	0	0.48	0.12	0.04	0.22	
smart-swing-vwap-zeiierman	1h	SOLUSD	short	38	-0.023	-0.9	0.71	22	0.082	16	-0.166	0	0.71	0.16	0.03	0.08	
smart-swing-vwap-zeiierman	1h	SOLUSD	label:alertcondition:Bearish AVWAP retest	29	0.062	1.8	0.76	17	0.235	12	-0.184	0	0.76	0.17	0.03	0.10	
smart-swing-vwap-zeiierman	1h	SOLUSD	label:alertcondition:Bullish polarity flip	13	-0.234	-3.0	0.62	5	-0.277	8	-0.208	0	0.62	0.08	0.00	0.31	
smart-swing-vwap-zeiierman	1h	SOLUSD	label:alertcondition:Bullish AVWAP retest	37	-0.382	-14.1	0.43	15	-0.408	22	-0.364	0	0.43	0.14	0.05	0.19	
smart-swing-vwap-zeiierman	1h	SOLUSD	repaint	93	-0.205	-18.0	0.58	42	-0.136	46	-0.268	0	0.58	0.14	0.03	0.16	0 of 93 earlier entries changed when the last 60 bars were hidden (0%)
smart-swing-vwap-zeiierman	1h	SOLUSD	verdict	88	-0.205	-18.0	0.58	42	-0.136	46	-0.268	0	0.58	0.14	0.03	0.16	no variant pays in both halves → not a reading, exit or cost problem on this cell; re-time or retire the pair
smart-swing-vwap-zeiierman	1h	XRPUSD	base	81	-0.024	-1.9	0.69	40	-0.007	41	-0.040	0	0.69	0.19	0.02	0.09	
smart-swing-vwap-zeiierman	1h	XRPUSD	gross	94	0.048	4.5	0.67	42	0.124	52	-0.014	0	0.67	0.17	0.02	0.10	
smart-swing-vwap-zeiierman	1h	XRPUSD	stop1.5	90	-0.152	-13.7	0.61	42	-0.151	48	-0.153	0	0.61	0.12	0.02	0.03	
smart-swing-vwap-zeiierman	1h	XRPUSD	stop2	86	-0.135	-11.6	0.59	40	-0.136	46	-0.134	0	0.59	0.12	0.03	0.02	
smart-swing-vwap-zeiierman	1h	XRPUSD	tp1	78	-0.124	-9.7	0.50	40	-0.168	38	-0.077	0	0.56	0.00	0.00	0.10	
smart-swing-vwap-zeiierman	1h	XRPUSD	levels	81	-0.024	-1.9	0.69	40	-0.007	41	-0.040	0	0.69	0.19	0.02	0.09	
smart-swing-vwap-zeiierman	1h	XRPUSD	er0.25	22	0.213	4.7	0.82	13	0.396	9	-0.049	0	0.82	0.18	0.05	0.05	
smart-swing-vwap-zeiierman	1h	XRPUSD	confirm1	43	-0.204	-8.8	0.58	21	-0.150	22	-0.254	0	0.58	0.12	0.02	0.26	
smart-swing-vwap-zeiierman	1h	XRPUSD	er+stop1.5	24	0.172	4.1	0.79	14	0.271	10	0.033	1	0.79	0.17	0.08	0.00	
smart-swing-vwap-zeiierman	1h	XRPUSD	er+stop2	24	0.194	4.7	0.79	14	0.305	10	0.039	1	0.79	0.21	0.08	0.00	
smart-swing-vwap-zeiierman	1h	XRPUSD	confirm1+er	9	-0.463	-4.2	0.44	5	-0.513	4	-0.399	0	0.44	0.00	0.00	0.44	
smart-swing-vwap-zeiierman	1h	XRPUSD	inverted	82	-0.050	-4.1	0.67	40	0.010	42	-0.107	0	0.67	0.17	0.05	0.22	
smart-swing-vwap-zeiierman	1h	XRPUSD	long	45	0.055	2.5	0.71	24	0.022	21	0.093	1	0.71	0.20	0.04	0.07	
smart-swing-vwap-zeiierman	1h	XRPUSD	short	36	-0.122	-4.4	0.67	16	-0.051	20	-0.179	0	0.67	0.17	0.00	0.11	
smart-swing-vwap-zeiierman	1h	XRPUSD	label:alertcondition:Bullish AVWAP retest	38	0.002	0.1	0.66	21	-0.009	17	0.016	0	0.66	0.21	0.05	0.08	
smart-swing-vwap-zeiierman	1h	XRPUSD	label:alertcondition:Bearish AVWAP retest	28	-0.143	-4.0	0.64	11	-0.202	17	-0.105	0	0.64	0.18	0.00	0.14	
smart-swing-vwap-zeiierman	1h	XRPUSD	repaint	94	-0.024	-1.9	0.69	40	-0.007	41	-0.040	0	0.69	0.19	0.02	0.09	0 of 94 earlier entries changed when the last 60 bars were hidden (0%)
smart-swing-vwap-zeiierman	1h	XRPUSD	verdict	81	-0.024	-1.9	0.69	40	-0.007	41	-0.040	0	0.69	0.19	0.02	0.09	READING: shorts lose, longs pay → long-only on this market (the script's short logic does not transfer)
smart-swing-vwap-zeiierman	1h	DOGEUSD	base	71	-0.175	-12.4	0.58	31	-0.069	40	-0.258	0	0.58	0.14	0.07	0.23	
smart-swing-vwap-zeiierman	1h	DOGEUSD	gross	76	-0.051	-3.8	0.59	31	0.059	45	-0.126	0	0.59	0.14	0.07	0.21	
smart-swing-vwap-zeiierman	1h	DOGEUSD	stop1.5	75	-0.096	-7.2	0.64	30	-0.042	45	-0.133	0	0.64	0.16	0.04	0.05	
smart-swing-vwap-zeiierman	1h	DOGEUSD	stop2	73	-0.096	-7.0	0.64	30	-0.064	43	-0.117	0	0.64	0.16	0.00	0.03	
smart-swing-vwap-zeiierman	1h	DOGEUSD	tp1	70	-0.156	-11.0	0.49	31	-0.050	39	-0.241	0	0.46	0.00	0.00	0.24	
smart-swing-vwap-zeiierman	1h	DOGEUSD	levels	71	-0.175	-12.4	0.58	31	-0.069	40	-0.258	0	0.58	0.14	0.07	0.23	
smart-swing-vwap-zeiierman	1h	DOGEUSD	er0.25	24	-0.036	-0.9	0.58	11	0.261	13	-0.287	0	0.58	0.25	0.17	0.29	
smart-swing-vwap-zeiierman	1h	DOGEUSD	confirm1	39	-0.153	-5.9	0.62	19	-0.155	20	-0.150	0	0.62	0.10	0.03	0.23	
smart-swing-vwap-zeiierman	1h	DOGEUSD	er+stop1.5	25	-0.025	-0.6	0.60	11	0.010	14	-0.053	0	0.60	0.28	0.12	0.08	
smart-swing-vwap-zeiierman	1h	DOGEUSD	er+stop2	25	-0.054	-1.3	0.64	11	0.057	14	-0.141	0	0.64	0.24	0.00	0.04	
smart-swing-vwap-zeiierman	1h	DOGEUSD	confirm1+er	15	0.010	0.1	0.67	10	-0.246	5	0.521	0	0.67	0.20	0.07	0.33	
smart-swing-vwap-zeiierman	1h	DOGEUSD	inverted	74	-0.019	-1.4	0.70	32	-0.100	42	0.043	0	0.70	0.15	0.03	0.16	
smart-swing-vwap-zeiierman	1h	DOGEUSD	long	35	-0.225	-7.9	0.57	15	-0.102	20	-0.316	0	0.57	0.09	0.06	0.14	
smart-swing-vwap-zeiierman	1h	DOGEUSD	short	36	-0.127	-4.6	0.58	16	-0.038	20	-0.199	0	0.58	0.19	0.08	0.31	
smart-swing-vwap-zeiierman	1h	DOGEUSD	label:alertcondition:Bullish AVWAP retest	29	-0.196	-5.7	0.59	11	-0.119	18	-0.243	0	0.59	0.07	0.07	0.10	
smart-swing-vwap-zeiierman	1h	DOGEUSD	label:alertcondition:Bearish AVWAP retest	29	-0.242	-7.0	0.59	12	-0.162	17	-0.298	0	0.59	0.14	0.00	0.31	
smart-swing-vwap-zeiierman	1h	DOGEUSD	repaint	79	-0.175	-12.4	0.58	31	-0.069	40	-0.258	0	0.58	0.14	0.07	0.23	0 of 79 earlier entries changed when the last 60 bars were hidden (0%)
smart-swing-vwap-zeiierman	1h	DOGEUSD	verdict	71	-0.175	-12.4	0.58	31	-0.069	40	-0.258	0	0.58	0.14	0.07	0.23	no variant pays in both halves → not a reading, exit or cost problem on this cell; re-time or retire the pair
smart-swing-vwap-zeiierman	1h	BNBUSD	base	47	-0.132	-6.2	0.60	27	-0.099	20	-0.176	0	0.60	0.19	0.09	0.17	
smart-swing-vwap-zeiierman	1h	BNBUSD	gross	82	-0.054	-4.4	0.55	39	-0.056	43	-0.052	0	0.55	0.20	0.07	0.20	
smart-swing-vwap-zeiierman	1h	BNBUSD	stop1.5	70	-0.150	-10.5	0.61	36	-0.141	34	-0.159	0	0.61	0.14	0.06	0.11	
smart-swing-vwap-zeiierman	1h	BNBUSD	stop2	76	-0.193	-14.6	0.58	38	-0.212	38	-0.174	0	0.58	0.11	0.05	0.03	
smart-swing-vwap-zeiierman	1h	BNBUSD	tp1	47	-0.229	-10.8	0.47	27	-0.145	20	-0.343	0	0.47	0.00	0.00	0.17	
smart-swing-vwap-zeiierman	1h	BNBUSD	levels	47	-0.132	-6.2	0.60	27	-0.099	20	-0.176	0	0.60	0.19	0.09	0.17	
smart-swing-vwap-zeiierman	1h	BNBUSD	er0.25	10	-0.199	-2.0	0.50	3	-1.000	7	0.144	0	0.50	0.30	0.20	0.10	
smart-swing-vwap-zeiierman	1h	BNBUSD	confirm1	26	-0.146	-3.8	0.58	13	-0.155	13	-0.136	0	0.58	0.12	0.04	0.15	
smart-swing-vwap-zeiierman	1h	BNBUSD	er+stop1.5	16	-0.328	-5.2	0.50	7	-0.835	9	0.066	0	0.50	0.06	0.06	0.19	
smart-swing-vwap-zeiierman	1h	BNBUSD	er+stop2	18	-0.356	-6.4	0.50	7	-0.831	11	-0.053	0	0.50	0.06	0.00	0.11	
smart-swing-vwap-zeiierman	1h	BNBUSD	confirm1+er	7	0.129	0.9	0.43	3	-0.583	4	0.664	0	0.43	0.14	0.14	0.14	
smart-swing-vwap-zeiierman	1h	BNBUSD	inverted	47	-0.198	-9.3	0.62	27	-0.280	20	-0.087	0	0.62	0.15	0.02	0.19	
smart-swing-vwap-zeiierman	1h	BNBUSD	long	31	-0.012	-0.4	0.65	14	0.205	17	-0.190	0	0.65	0.23	0.13	0.10	
smart-swing-vwap-zeiierman	1h	BNBUSD	short	16	-0.364	-5.8	0.50	13	-0.426	3	-0.097	0	0.50	0.13	0.00	0.31	
smart-swing-vwap-zeiierman	1h	BNBUSD	label:alertcondition:Bearish AVWAP retest	10	-0.236	-2.4	0.60	8	-0.218	2	-0.306	0	0.60	0.10	0.00	0.20	
smart-swing-vwap-zeiierman	1h	BNBUSD	label:alertcondition:Bullish AVWAP retest	26	-0.095	-2.5	0.65	12	0.107	14	-0.268	0	0.65	0.19	0.08	0.12	
smart-swing-vwap-zeiierman	1h	BNBUSD	repaint	81	-0.132	-6.2	0.60	27	-0.099	20	-0.176	0	0.60	0.19	0.09	0.17	0 of 81 earlier entries changed when the last 60 bars were hidden (0%)
smart-swing-vwap-zeiierman	1h	BNBUSD	verdict	47	-0.132	-6.2	0.60	27	-0.099	20	-0.176	0	0.60	0.19	0.09	0.17	no variant pays in both halves → not a reading, exit or cost problem on this cell; re-time or retire the pair
smart-swing-vwap-zeiierman	1h	AVAXUSD	base	99	-0.084	-8.4	0.64	48	-0.164	51	-0.010	0	0.64	0.16	0.03	0.10	
smart-swing-vwap-zeiierman	1h	AVAXUSD	gross	102	0.026	2.7	0.64	51	-0.062	51	0.114	0	0.64	0.16	0.03	0.10	
smart-swing-vwap-zeiierman	1h	AVAXUSD	stop1.5	98	-0.011	-1.0	0.68	49	-0.083	49	0.062	0	0.68	0.13	0.02	0.05	
smart-swing-vwap-zeiierman	1h	AVAXUSD	stop2	92	-0.075	-6.9	0.63	48	-0.134	44	-0.010	0	0.63	0.13	0.02	0.03	
smart-swing-vwap-zeiierman	1h	AVAXUSD	tp1	93	-0.071	-6.6	0.53	46	-0.117	47	-0.025	0	0.55	0.00	0.00	0.13	
smart-swing-vwap-zeiierman	1h	AVAXUSD	levels	99	-0.084	-8.4	0.64	48	-0.164	51	-0.010	0	0.64	0.16	0.03	0.10	
smart-swing-vwap-zeiierman	1h	AVAXUSD	er0.25	22	-0.189	-4.2	0.59	11	-0.372	11	-0.006	0	0.59	0.23	0.00	0.09	
smart-swing-vwap-zeiierman	1h	AVAXUSD	confirm1	43	0.114	4.9	0.74	22	-0.038	21	0.274	0	0.74	0.23	0.07	0.05	
smart-swing-vwap-zeiierman	1h	AVAXUSD	er+stop1.5	23	-0.220	-5.1	0.61	12	-0.355	11	-0.073	0	0.61	0.04	0.00	0.09	
smart-swing-vwap-zeiierman	1h	AVAXUSD	er+stop2	23	-0.208	-4.8	0.57	12	-0.453	11	0.060	0	0.57	0.17	0.00	0.00	
smart-swing-vwap-zeiierman	1h	AVAXUSD	confirm1+er	11	-0.078	-0.9	0.73	6	0.083	5	-0.270	0	0.73	0.09	0.00	0.00	
smart-swing-vwap-zeiierman	1h	AVAXUSD	inverted	98	-0.051	-5.0	0.68	48	-0.024	50	-0.076	0	0.68	0.16	0.04	0.15	
smart-swing-vwap-zeiierman	1h	AVAXUSD	long	62	-0.152	-9.4	0.65	30	-0.292	32	-0.021	0	0.65	0.13	0.00	0.08	
smart-swing-vwap-zeiierman	1h	AVAXUSD	short	37	0.018	0.7	0.62	18	0.027	19	0.009	1	0.62	0.22	0.08	0.14	
smart-swing-vwap-zeiierman	1h	AVAXUSD	label:alertcondition:Bearish AVWAP retest	30	0.075	2.3	0.63	13	0.128	17	0.035	1	0.63	0.20	0.10	0.13	
smart-swing-vwap-zeiierman	1h	AVAXUSD	label:alertcondition:Bullish AVWAP retest	54	-0.141	-7.6	0.65	25	-0.290	29	-0.011	0	0.65	0.13	0.00	0.09	
smart-swing-vwap-zeiierman	1h	AVAXUSD	repaint	103	-0.084	-8.4	0.64	48	-0.164	51	-0.010	0	0.64	0.16	0.03	0.10	0 of 103 earlier entries changed when the last 60 bars were hidden (0%)
smart-swing-vwap-zeiierman	1h	AVAXUSD	verdict	99	-0.084	-8.4	0.64	48	-0.164	51	-0.010	0	0.64	0.16	0.03	0.10	READING: longs lose, shorts pay → short-only on this market
smart-swing-vwap-zeiierman	1h	ADAUSD	base	88	-0.017	-1.5	0.68	41	-0.194	47	0.137	0	0.68	0.15	0.05	0.15	
smart-swing-vwap-zeiierman	1h	ADAUSD	gross	88	0.078	6.9	0.68	41	-0.114	47	0.246	0	0.68	0.15	0.05	0.15	
smart-swing-vwap-zeiierman	1h	ADAUSD	stop1.5	86	-0.056	-4.8	0.67	40	-0.192	46	0.062	0	0.67	0.10	0.03	0.05	
smart-swing-vwap-zeiierman	1h	ADAUSD	stop2	82	-0.018	-1.5	0.70	39	-0.125	43	0.078	0	0.70	0.11	0.02	0.04	
smart-swing-vwap-zeiierman	1h	ADAUSD	tp1	85	-0.097	-8.3	0.51	40	-0.111	45	-0.085	0	0.60	0.00	0.00	0.15	
smart-swing-vwap-zeiierman	1h	ADAUSD	levels	88	-0.017	-1.5	0.68	41	-0.194	47	0.137	0	0.68	0.15	0.05	0.15	
smart-swing-vwap-zeiierman	1h	ADAUSD	er0.25	22	0.037	0.8	0.68	12	-0.108	10	0.211	0	0.68	0.18	0.09	0.23	
smart-swing-vwap-zeiierman	1h	ADAUSD	confirm1	42	-0.119	-5.0	0.62	19	-0.309	23	0.039	0	0.62	0.12	0.05	0.19	
smart-swing-vwap-zeiierman	1h	ADAUSD	er+stop1.5	22	-0.105	-2.3	0.64	12	-0.264	10	0.086	0	0.64	0.14	0.05	0.09	
smart-swing-vwap-zeiierman	1h	ADAUSD	er+stop2	22	0.049	1.1	0.68	12	-0.080	10	0.203	0	0.68	0.18	0.05	0.05	
smart-swing-vwap-zeiierman	1h	ADAUSD	confirm1+er	11	-0.002	-0.0	0.64	5	-0.264	6	0.216	0	0.64	0.18	0.09	0.09	
smart-swing-vwap-zeiierman	1h	ADAUSD	inverted	89	-0.070	-6.3	0.64	42	-0.041	47	-0.097	0	0.64	0.11	0.04	0.22	
smart-swing-vwap-zeiierman	1h	ADAUSD	long	41	0.032	1.3	0.71	13	-0.315	28	0.193	0	0.71	0.12	0.07	0.10	
smart-swing-vwap-zeiierman	1h	ADAUSD	short	47	-0.060	-2.8	0.66	28	-0.138	19	0.055	0	0.66	0.17	0.02	0.19	
smart-swing-vwap-zeiierman	1h	ADAUSD	label:alertcondition:Bullish AVWAP retest	35	-0.009	-0.3	0.71	11	-0.322	24	0.135	0	0.71	0.06	0.06	0.06	
smart-swing-vwap-zeiierman	1h	ADAUSD	label:alertcondition:Bearish AVWAP retest	42	-0.012	-0.5	0.69	24	-0.053	18	0.043	0	0.69	0.19	0.02	0.17	
smart-swing-vwap-zeiierman	1h	ADAUSD	repaint	87	-0.017	-1.5	0.68	41	-0.194	47	0.137	0	0.68	0.15	0.05	0.15	0 of 87 earlier entries changed when the last 60 bars were hidden (0%)
smart-swing-vwap-zeiierman	1h	ADAUSD	verdict	88	-0.017	-1.5	0.68	41	-0.194	47	0.137	0	0.68	0.15	0.05	0.15	no variant pays in both halves → not a reading, exit or cost problem on this cell; re-time or retire the pair
smart-swing-vwap-zeiierman	1h	LTCUSD	base	68	-0.249	-16.9	0.53	36	-0.150	32	-0.359	0	0.53	0.18	0.04	0.15	
smart-swing-vwap-zeiierman	1h	LTCUSD	gross	87	-0.201	-17.5	0.51	41	-0.077	46	-0.311	0	0.51	0.15	0.03	0.17	
smart-swing-vwap-zeiierman	1h	LTCUSD	stop1.5	79	-0.267	-21.1	0.53	39	-0.157	40	-0.375	0	0.53	0.11	0.01	0.11	
smart-swing-vwap-zeiierman	1h	LTCUSD	stop2	79	-0.228	-18.0	0.57	37	-0.171	42	-0.278	0	0.57	0.09	0.00	0.04	
smart-swing-vwap-zeiierman	1h	LTCUSD	tp1	67	-0.332	-22.3	0.39	36	-0.284	31	-0.389	0	0.43	0.00	0.00	0.15	
smart-swing-vwap-zeiierman	1h	LTCUSD	levels	68	-0.249	-16.9	0.53	36	-0.150	32	-0.359	0	0.53	0.18	0.04	0.15	
smart-swing-vwap-zeiierman	1h	LTCUSD	er0.25	22	-0.290	-6.4	0.45	12	0.073	10	-0.725	0	0.45	0.18	0.09	0.14	
smart-swing-vwap-zeiierman	1h	LTCUSD	confirm1	24	-0.293	-7.0	0.54	14	-0.363	10	-0.196	0	0.54	0.17	0.00	0.17	
smart-swing-vwap-zeiierman	1h	LTCUSD	er+stop1.5	24	-0.170	-4.1	0.58	12	0.002	12	-0.341	0	0.58	0.17	0.04	0.08	
smart-swing-vwap-zeiierman	1h	LTCUSD	er+stop2	26	-0.113	-2.9	0.65	12	-0.059	14	-0.160	0	0.65	0.12	0.00	0.04	
smart-swing-vwap-zeiierman	1h	LTCUSD	confirm1+er	2	-0.337	-0.7	0.50	1	0.245	1	-0.919	0	0.50	0.00	0.00	0.50	
smart-swing-vwap-zeiierman	1h	LTCUSD	inverted	69	-0.021	-1.4	0.75	37	0.003	32	-0.049	0	0.75	0.20	0.01	0.12	
smart-swing-vwap-zeiierman	1h	LTCUSD	long	37	-0.196	-7.3	0.57	18	-0.159	19	-0.231	0	0.57	0.22	0.03	0.16	
smart-swing-vwap-zeiierman	1h	LTCUSD	short	31	-0.311	-9.7	0.48	18	-0.141	13	-0.547	0	0.48	0.13	0.06	0.13	
smart-swing-vwap-zeiierman	1h	LTCUSD	label:alertcondition:Bullish AVWAP retest	27	-0.095	-2.6	0.63	15	-0.080	12	-0.113	0	0.63	0.26	0.04	0.15	
smart-swing-vwap-zeiierman	1h	LTCUSD	label:alertcondition:Bullish polarity flip	10	-0.469	-4.7	0.40	3	-0.555	7	-0.432	0	0.40	0.10	0.00	0.20	
smart-swing-vwap-zeiierman	1h	LTCUSD	label:alertcondition:Bearish AVWAP retest	20	-0.239	-4.8	0.50	12	-0.121	8	-0.415	0	0.50	0.15	0.10	0.15	
smart-swing-vwap-zeiierman	1h	LTCUSD	label:alertcondition:Bearish polarity flip	11	-0.444	-4.9	0.45	6	-0.182	5	-0.758	0	0.45	0.09	0.00	0.09	
smart-swing-vwap-zeiierman	1h	LTCUSD	repaint	87	-0.249	-16.9	0.53	36	-0.150	32	-0.359	0	0.53	0.18	0.04	0.15	0 of 87 earlier entries changed when the last 60 bars were hidden (0%)
smart-swing-vwap-zeiierman	1h	LTCUSD	verdict	68	-0.249	-16.9	0.53	36	-0.150	32	-0.359	0	0.53	0.18	0.04	0.15	no variant pays in both halves → not a reading, exit or cost problem on this cell; re-time or retire the pair
smart-swing-vwap-zeiierman	1h	BCHUSD	base	67	-0.111	-7.4	0.57	24	0.080	43	-0.218	0	0.57	0.24	0.06	0.25	
smart-swing-vwap-zeiierman	1h	BCHUSD	gross	78	-0.006	-0.5	0.58	28	0.132	50	-0.083	0	0.58	0.24	0.06	0.24	
smart-swing-vwap-zeiierman	1h	BCHUSD	stop1.5	75	-0.157	-11.8	0.57	27	-0.107	48	-0.185	0	0.57	0.23	0.03	0.08	
smart-swing-vwap-zeiierman	1h	BCHUSD	stop2	70	-0.057	-4.0	0.63	27	-0.087	43	-0.038	0	0.63	0.21	0.04	0.01	
smart-swing-vwap-zeiierman	1h	BCHUSD	tp1	66	-0.245	-16.1	0.42	24	-0.104	42	-0.325	0	0.42	0.00	0.00	0.26	
smart-swing-vwap-zeiierman	1h	BCHUSD	levels	67	-0.111	-7.4	0.57	24	0.080	43	-0.218	0	0.57	0.24	0.06	0.25	
smart-swing-vwap-zeiierman	1h	BCHUSD	er0.25	23	-0.235	-5.4	0.48	8	-0.192	15	-0.257	0	0.48	0.26	0.04	0.35	
smart-swing-vwap-zeiierman	1h	BCHUSD	confirm1	29	0.039	1.1	0.59	9	0.715	20	-0.266	0	0.59	0.41	0.10	0.21	
smart-swing-vwap-zeiierman	1h	BCHUSD	er+stop1.5	24	-0.286	-6.9	0.46	8	-0.341	16	-0.258	0	0.46	0.25	0.00	0.13	
smart-swing-vwap-zeiierman	1h	BCHUSD	er+stop2	24	-0.184	-4.4	0.54	8	-0.245	16	-0.154	0	0.54	0.17	0.04	0.00	
smart-swing-vwap-zeiierman	1h	BCHUSD	confirm1+er	12	-0.147	-1.8	0.50	3	0.416	9	-0.335	0	0.50	0.42	0.08	0.33	
smart-swing-vwap-zeiierman	1h	BCHUSD	inverted	67	0.066	4.4	0.69	24	0.045	43	0.078	1	0.69	0.31	0.07	0.19	
smart-swing-vwap-zeiierman	1h	BCHUSD	long	40	-0.117	-4.7	0.55	12	0.211	28	-0.258	0	0.55	0.25	0.07	0.25	
smart-swing-vwap-zeiierman	1h	BCHUSD	short	27	-0.102	-2.8	0.59	12	-0.050	15	-0.143	0	0.59	0.22	0.04	0.26	
smart-swing-vwap-zeiierman	1h	BCHUSD	label:alertcondition:Bearish AVWAP retest	18	-0.139	-2.5	0.61	7	-0.228	11	-0.083	0	0.61	0.17	0.00	0.17	
smart-swing-vwap-zeiierman	1h	BCHUSD	label:alertcondition:Bullish AVWAP retest	35	-0.103	-3.6	0.54	12	0.211	23	-0.268	0	0.54	0.26	0.09	0.23	
smart-swing-vwap-zeiierman	1h	BCHUSD	repaint	77	-0.111	-7.4	0.57	24	0.080	43	-0.218	0	0.57	0.24	0.06	0.25	0 of 77 earlier entries changed when the last 60 bars were hidden (0%)
smart-swing-vwap-zeiierman	1h	BCHUSD	verdict	67	-0.111	-7.4	0.57	24	0.080	43	-0.218	0	0.57	0.24	0.06	0.25	no variant pays in both halves → not a reading, exit or cost problem on this cell; re-time or retire the pair
smart-swing-vwap-zeiierman	1h	LINKUSD	base	80	0.016	1.3	0.64	40	0.201	40	-0.169	0	0.64	0.23	0.07	0.19	
smart-swing-vwap-zeiierman	1h	LINKUSD	gross	85	0.161	13.7	0.66	44	0.377	41	-0.070	0	0.66	0.22	0.07	0.18	
smart-swing-vwap-zeiierman	1h	LINKUSD	stop1.5	81	-0.107	-8.7	0.60	43	0.030	38	-0.263	0	0.60	0.15	0.04	0.10	
smart-swing-vwap-zeiierman	1h	LINKUSD	stop2	78	-0.093	-7.2	0.62	40	0.042	38	-0.234	0	0.62	0.15	0.03	0.05	
smart-swing-vwap-zeiierman	1h	LINKUSD	tp1	79	-0.156	-12.3	0.48	39	-0.062	40	-0.248	0	0.51	0.00	0.00	0.23	
smart-swing-vwap-zeiierman	1h	LINKUSD	levels	80	0.016	1.3	0.64	40	0.201	40	-0.169	0	0.64	0.23	0.07	0.19	
smart-swing-vwap-zeiierman	1h	LINKUSD	er0.25	24	0.319	7.7	0.67	12	0.696	12	-0.058	0	0.67	0.25	0.17	0.25	
smart-swing-vwap-zeiierman	1h	LINKUSD	confirm1	37	-0.039	-1.4	0.65	21	0.206	16	-0.361	0	0.65	0.11	0.05	0.08	
smart-swing-vwap-zeiierman	1h	LINKUSD	er+stop1.5	25	0.063	1.6	0.60	12	0.316	13	-0.171	0	0.60	0.28	0.08	0.16	
smart-swing-vwap-zeiierman	1h	LINKUSD	er+stop2	25	-0.093	-2.3	0.56	12	0.023	13	-0.200	0	0.56	0.20	0.08	0.08	
smart-swing-vwap-zeiierman	1h	LINKUSD	confirm1+er	13	0.261	3.4	0.69	7	0.590	6	-0.122	0	0.69	0.15	0.15	0.15	
smart-swing-vwap-zeiierman	1h	LINKUSD	inverted	80	-0.134	-10.7	0.63	40	-0.175	40	-0.093	0	0.63	0.19	0.06	0.17	
smart-swing-vwap-zeiierman	1h	LINKUSD	long	33	0.011	0.3	0.64	19	0.231	14	-0.288	0	0.64	0.24	0.06	0.18	
smart-swing-vwap-zeiierman	1h	LINKUSD	short	47	0.020	1.0	0.64	21	0.175	26	-0.104	0	0.64	0.21	0.09	0.19	
smart-swing-vwap-zeiierman	1h	LINKUSD	label:alertcondition:Bearish AVWAP retest	38	0.092	3.5	0.68	16	0.253	22	-0.025	0	0.68	0.21	0.08	0.11	
smart-swing-vwap-zeiierman	1h	LINKUSD	label:alertcondition:Bullish AVWAP retest	24	0.006	0.2	0.63	14	0.212	10	-0.281	0	0.63	0.25	0.04	0.21	
smart-swing-vwap-zeiierman	1h	LINKUSD	repaint	84	0.016	1.3	0.64	40	0.201	40	-0.169	0	0.64	0.23	0.07	0.19	0 of 84 earlier entries changed when the last 60 bars were hidden (0%)
smart-swing-vwap-zeiierman	1h	LINKUSD	verdict	80	0.016	1.3	0.64	40	0.201	40	-0.169	0	0.64	0.23	0.07	0.19	no variant pays in both halves → not a reading, exit or cost problem on this cell; re-time or retire the pair
smart-swing-vwap-zeiierman	1h	SUIUSD	base	84	-0.029	-2.4	0.64	50	-0.037	34	-0.017	0	0.64	0.29	0.07	0.17	
smart-swing-vwap-zeiierman	1h	SUIUSD	gross	91	0.042	3.8	0.63	50	0.060	41	0.020	1	0.63	0.27	0.07	0.16	
smart-swing-vwap-zeiierman	1h	SUIUSD	stop1.5	89	-0.041	-3.6	0.66	49	0.019	40	-0.114	0	0.66	0.18	0.03	0.08	
smart-swing-vwap-zeiierman	1h	SUIUSD	stop2	83	-0.079	-6.6	0.64	45	0.001	38	-0.175	0	0.64	0.17	0.02	0.05	
smart-swing-vwap-zeiierman	1h	SUIUSD	tp1	83	-0.101	-8.4	0.51	50	-0.109	33	-0.088	0	0.43	0.00	0.00	0.19	
smart-swing-vwap-zeiierman	1h	SUIUSD	levels	84	-0.029	-2.4	0.64	50	-0.037	34	-0.017	0	0.64	0.29	0.07	0.17	
smart-swing-vwap-zeiierman	1h	SUIUSD	er0.25	20	0.208	4.2	0.70	11	0.168	9	0.256	1	0.70	0.50	0.20	0.10	
smart-swing-vwap-zeiierman	1h	SUIUSD	confirm1	42	-0.095	-4.0	0.64	24	-0.178	18	0.016	0	0.64	0.14	0.07	0.21	
smart-swing-vwap-zeiierman	1h	SUIUSD	er+stop1.5	21	0.143	3.0	0.76	10	0.119	11	0.166	1	0.76	0.24	0.05	0.05	
smart-swing-vwap-zeiierman	1h	SUIUSD	er+stop2	21	0.071	1.5	0.71	10	0.262	11	-0.103	0	0.71	0.29	0.05	0.05	
smart-swing-vwap-zeiierman	1h	SUIUSD	confirm1+er	10	-0.113	-1.1	0.60	4	-0.090	6	-0.129	0	0.60	0.20	0.10	0.30	
smart-swing-vwap-zeiierman	1h	SUIUSD	inverted	83	-0.009	-0.7	0.65	50	-0.004	33	-0.017	0	0.65	0.25	0.06	0.17	
smart-swing-vwap-zeiierman	1h	SUIUSD	long	47	-0.018	-0.8	0.64	32	-0.056	15	0.062	0	0.64	0.34	0.06	0.17	
smart-swing-vwap-zeiierman	1h	SUIUSD	short	37	-0.043	-1.6	0.65	18	-0.004	19	-0.079	0	0.65	0.22	0.08	0.16	
smart-swing-vwap-zeiierman	1h	SUIUSD	label:alertcondition:Bullish AVWAP retest	41	-0.079	-3.2	0.61	29	-0.139	12	0.068	0	0.61	0.29	0.05	0.17	
smart-swing-vwap-zeiierman	1h	SUIUSD	label:alertcondition:Bearish AVWAP retest	29	-0.112	-3.3	0.62	15	-0.062	14	-0.166	0	0.62	0.14	0.07	0.21	
smart-swing-vwap-zeiierman	1h	SUIUSD	repaint	90	-0.029	-2.4	0.64	50	-0.037	34	-0.017	0	0.64	0.29	0.07	0.17	0 of 90 earlier entries changed when the last 60 bars were hidden (0%)
smart-swing-vwap-zeiierman	1h	SUIUSD	verdict	84	-0.029	-2.4	0.64	50	-0.037	34	-0.017	0	0.64	0.29	0.07	0.17	COSTS: positive before fees, negative after → a slower timeframe or a wider stop/target so each trade pays the round trip several times over
smart-swing-vwap-zeiierman	1h	NEARUSD	base	77	-0.004	-0.3	0.66	38	-0.134	39	0.123	0	0.66	0.19	0.04	0.21	
smart-swing-vwap-zeiierman	1h	NEARUSD	gross	77	0.073	5.6	0.66	38	-0.075	39	0.218	0	0.66	0.19	0.04	0.21	
smart-swing-vwap-zeiierman	1h	NEARUSD	stop1.5	75	0.047	3.5	0.69	38	-0.065	37	0.162	0	0.69	0.21	0.04	0.08	
smart-swing-vwap-zeiierman	1h	NEARUSD	stop2	67	-0.014	-1.0	0.64	33	-0.112	34	0.081	0	0.64	0.15	0.04	0.03	
smart-swing-vwap-zeiierman	1h	NEARUSD	tp1	73	-0.068	-5.0	0.51	36	-0.177	37	0.037	0	0.52	0.00	0.00	0.23	
smart-swing-vwap-zeiierman	1h	NEARUSD	levels	77	-0.004	-0.3	0.66	38	-0.134	39	0.123	0	0.66	0.19	0.04	0.21	
smart-swing-vwap-zeiierman	1h	NEARUSD	er0.25	19	-0.079	-1.5	0.68	7	-0.231	12	0.011	0	0.68	0.11	0.00	0.32	
smart-swing-vwap-zeiierman	1h	NEARUSD	confirm1	35	-0.018	-0.6	0.66	16	0.117	19	-0.132	0	0.66	0.20	0.03	0.20	
smart-swing-vwap-zeiierman	1h	NEARUSD	er+stop1.5	19	-0.052	-1.0	0.68	7	-0.268	12	0.074	0	0.68	0.05	0.00	0.16	
smart-swing-vwap-zeiierman	1h	NEARUSD	er+stop2	18	-0.159	-2.9	0.61	6	-0.289	12	-0.094	0	0.61	0.11	0.00	0.06	
smart-swing-vwap-zeiierman	1h	NEARUSD	confirm1+er	13	-0.078	-1.0	0.62	4	0.296	9	-0.244	0	0.62	0.08	0.08	0.31	
smart-swing-vwap-zeiierman	1h	NEARUSD	inverted	77	0.009	0.7	0.69	38	0.162	39	-0.139	0	0.69	0.22	0.06	0.17	
smart-swing-vwap-zeiierman	1h	NEARUSD	long	37	-0.033	-1.2	0.59	16	-0.398	21	0.245	0	0.59	0.22	0.05	0.30	
smart-swing-vwap-zeiierman	1h	NEARUSD	short	40	0.024	1.0	0.72	22	0.059	18	-0.019	0	0.72	0.17	0.03	0.13	
smart-swing-vwap-zeiierman	1h	NEARUSD	label:alertcondition:Bearish AVWAP retest	36	0.062	2.2	0.75	20	0.095	16	0.021	1	0.75	0.19	0.03	0.11	
smart-swing-vwap-zeiierman	1h	NEARUSD	label:alertcondition:Bullish AVWAP retest	28	-0.108	-3.0	0.57	12	-0.440	16	0.141	0	0.57	0.25	0.04	0.29	
smart-swing-vwap-zeiierman	1h	NEARUSD	repaint	76	-0.004	-0.3	0.66	38	-0.134	39	0.123	0	0.66	0.19	0.04	0.21	0 of 76 earlier entries changed when the last 60 bars were hidden (0%)
smart-swing-vwap-zeiierman	1h	NEARUSD	verdict	77	-0.004	-0.3	0.66	38	-0.134	39	0.123	0	0.66	0.19	0.04	0.21	no variant pays in both halves → not a reading, exit or cost problem on this cell; re-time or retire the pair
smart-swing-vwap-zeiierman	1h	HYPEUSD	base	90	-0.174	-15.6	0.62	45	-0.130	45	-0.218	0	0.62	0.13	0.00	0.22	
smart-swing-vwap-zeiierman	1h	HYPEUSD	gross	90	-0.096	-8.6	0.62	45	-0.055	45	-0.136	0	0.62	0.13	0.00	0.22	
smart-swing-vwap-zeiierman	1h	HYPEUSD	stop1.5	88	-0.185	-16.3	0.59	43	-0.243	45	-0.130	0	0.59	0.09	0.01	0.06	
smart-swing-vwap-zeiierman	1h	HYPEUSD	stop2	83	-0.177	-14.7	0.58	41	-0.254	42	-0.102	0	0.58	0.10	0.00	0.05	
smart-swing-vwap-zeiierman	1h	HYPEUSD	tp1	90	-0.256	-23.0	0.41	45	-0.225	45	-0.286	0	0.58	0.00	0.00	0.23	
smart-swing-vwap-zeiierman	1h	HYPEUSD	levels	90	-0.174	-15.6	0.62	45	-0.130	45	-0.218	0	0.62	0.13	0.00	0.22	
smart-swing-vwap-zeiierman	1h	HYPEUSD	er0.25	21	-0.131	-2.8	0.67	9	0.059	12	-0.274	0	0.67	0.19	0.00	0.14	
smart-swing-vwap-zeiierman	1h	HYPEUSD	confirm1	36	-0.188	-6.8	0.61	21	-0.321	15	-0.002	0	0.61	0.14	0.00	0.17	
smart-swing-vwap-zeiierman	1h	HYPEUSD	er+stop1.5	21	-0.141	-3.0	0.62	9	0.038	12	-0.276	0	0.62	0.10	0.00	0.00	
smart-swing-vwap-zeiierman	1h	HYPEUSD	er+stop2	20	-0.075	-1.5	0.65	9	0.029	11	-0.159	0	0.65	0.15	0.00	0.00	
smart-swing-vwap-zeiierman	1h	HYPEUSD	confirm1+er	13	-0.201	-2.6	0.62	8	-0.229	5	-0.158	0	0.62	0.00	0.00	0.23	
smart-swing-vwap-zeiierman	1h	HYPEUSD	inverted	91	0.087	8.0	0.75	46	0.046	45	0.130	1	0.75	0.26	0.08	0.13	
smart-swing-vwap-zeiierman	1h	HYPEUSD	long	52	-0.168	-8.7	0.62	28	-0.030	24	-0.328	0	0.62	0.15	0.00	0.25	
smart-swing-vwap-zeiierman	1h	HYPEUSD	short	38	-0.182	-6.9	0.63	17	-0.295	21	-0.091	0	0.63	0.11	0.00	0.18	
smart-swing-vwap-zeiierman	1h	HYPEUSD	label:alertcondition:Bullish polarity flip	11	-0.120	-1.3	0.64	7	0.009	4	-0.345	0	0.64	0.27	0.00	0.18	
smart-swing-vwap-zeiierman	1h	HYPEUSD	label:alertcondition:Bearish AVWAP retest	29	-0.107	-3.1	0.69	11	-0.268	18	-0.009	0	0.69	0.14	0.00	0.10	
smart-swing-vwap-zeiierman	1h	HYPEUSD	label:alertcondition:Bullish AVWAP retest	41	-0.180	-7.4	0.61	21	-0.043	20	-0.325	0	0.61	0.12	0.00	0.27	
smart-swing-vwap-zeiierman	1h	HYPEUSD	repaint	90	-0.174	-15.6	0.62	45	-0.130	45	-0.218	0	0.62	0.13	0.00	0.22	0 of 90 earlier entries changed when the last 60 bars were hidden (0%)
smart-swing-vwap-zeiierman	1h	HYPEUSD	verdict	90	-0.174	-15.6	0.62	45	-0.130	45	-0.218	0	0.62	0.13	0.00	0.22	no variant pays in both halves → not a reading, exit or cost problem on this cell; re-time or retire the pair
smart-swing-vwap-zeiierman	4h	BTCUSD	base	43	-0.116	-5.0	0.63	22	0.102	21	-0.344	0	0.63	0.09	0.02	0.09	
smart-swing-vwap-zeiierman	4h	BTCUSD	gross	43	-0.040	-1.7	0.63	22	0.189	21	-0.279	0	0.63	0.09	0.02	0.09	
smart-swing-vwap-zeiierman	4h	BTCUSD	stop1.5	40	0.018	0.7	0.72	21	0.145	19	-0.122	0	0.72	0.15	0.00	0.05	
smart-swing-vwap-zeiierman	4h	BTCUSD	stop2	40	0.032	1.3	0.72	21	0.133	19	-0.078	0	0.72	0.10	0.03	0.03	
smart-swing-vwap-zeiierman	4h	BTCUSD	tp1	41	-0.070	-2.9	0.51	21	0.132	20	-0.281	0	0.54	0.00	0.00	0.10	
smart-swing-vwap-zeiierman	4h	BTCUSD	levels	43	-0.116	-5.0	0.63	22	0.102	21	-0.344	0	0.63	0.09	0.02	0.09	
smart-swing-vwap-zeiierman	4h	BTCUSD	er0.25	15	0.061	0.9	0.73	7	0.360	8	-0.201	0	0.73	0.13	0.07	0.07	
smart-swing-vwap-zeiierman	4h	BTCUSD	confirm1	20	0.051	1.0	0.80	12	-0.046	8	0.195	0	0.80	0.10	0.00	0.05	
smart-swing-vwap-zeiierman	4h	BTCUSD	er+stop1.5	15	-0.073	-1.1	0.67	7	0.223	8	-0.332	0	0.67	0.07	0.00	0.00	
smart-swing-vwap-zeiierman	4h	BTCUSD	er+stop2	15	-0.016	-0.2	0.67	7	0.182	8	-0.189	0	0.67	0.13	0.07	0.00	
smart-swing-vwap-zeiierman	4h	BTCUSD	confirm1+er	6	0.257	1.5	1.00	4	0.282	2	0.205	0	1.00	0.00	0.00	0.00	
smart-swing-vwap-zeiierman	4h	BTCUSD	inverted	43	-0.033	-1.4	0.70	22	-0.186	21	0.127	0	0.70	0.14	0.02	0.14	
smart-swing-vwap-zeiierman	4h	BTCUSD	long	26	-0.128	-3.3	0.65	12	0.059	14	-0.288	0	0.65	0.08	0.00	0.12	
smart-swing-vwap-zeiierman	4h	BTCUSD	short	17	-0.096	-1.6	0.59	10	0.154	7	-0.454	0	0.59	0.12	0.06	0.06	
smart-swing-vwap-zeiierman	4h	BTCUSD	label:alertcondition:Bearish AVWAP retest	12	-0.238	-2.9	0.50	8	-0.020	4	-0.672	0	0.50	0.08	0.00	0.08	
smart-swing-vwap-zeiierman	4h	BTCUSD	label:alertcondition:Bullish AVWAP retest	23	-0.195	-4.5	0.61	10	-0.011	13	-0.337	0	0.61	0.04	0.00	0.13	
smart-swing-vwap-zeiierman	4h	BTCUSD	repaint	43	-0.116	-5.0	0.63	22	0.102	21	-0.344	0	0.63	0.09	0.02	0.09	0 of 43 earlier entries changed when the last 60 bars were hidden (0%)
smart-swing-vwap-zeiierman	4h	BTCUSD	verdict	43	-0.116	-5.0	0.63	22	0.102	21	-0.344	0	0.63	0.09	0.02	0.09	no variant pays in both halves → not a reading, exit or cost problem on this cell; re-time or retire the pair
smart-swing-vwap-zeiierman	4h	ETHUSD	base	38	-0.109	-4.1	0.66	17	-0.067	21	-0.143	0	0.66	0.11	0.00	0.18	
smart-swing-vwap-zeiierman	4h	ETHUSD	gross	38	-0.042	-1.6	0.66	17	-0.011	21	-0.068	0	0.66	0.11	0.00	0.18	
smart-swing-vwap-zeiierman	4h	ETHUSD	stop1.5	37	-0.077	-2.8	0.68	16	0.053	21	-0.175	0	0.68	0.03	0.00	0.05	
smart-swing-vwap-zeiierman	4h	ETHUSD	stop2	35	-0.159	-5.5	0.60	16	0.064	19	-0.346	0	0.60	0.06	0.00	0.00	
smart-swing-vwap-zeiierman	4h	ETHUSD	tp1	37	-0.200	-7.4	0.43	17	-0.229	20	-0.176	0	0.59	0.00	0.00	0.22	
smart-swing-vwap-zeiierman	4h	ETHUSD	levels	38	-0.109	-4.1	0.66	17	-0.067	21	-0.143	0	0.66	0.11	0.00	0.18	
smart-swing-vwap-zeiierman	4h	ETHUSD	er0.25	9	-0.145	-1.3	0.67	4	0.258	5	-0.467	0	0.67	0.00	0.00	0.33	
smart-swing-vwap-zeiierman	4h	ETHUSD	confirm1	21	0.140	2.9	0.71	10	0.040	11	0.230	1	0.71	0.24	0.10	0.10	
smart-swing-vwap-zeiierman	4h	ETHUSD	er+stop1.5	9	-0.244	-2.2	0.56	4	0.065	5	-0.491	0	0.56	0.00	0.00	0.11	
smart-swing-vwap-zeiierman	4h	ETHUSD	er+stop2	9	-0.004	-0.0	0.67	4	0.423	5	-0.346	0	0.67	0.22	0.00	0.00	
smart-swing-vwap-zeiierman	4h	ETHUSD	confirm1+er	7	0.183	1.3	0.71	4	-0.237	3	0.743	0	0.71	0.29	0.14	0.00	
smart-swing-vwap-zeiierman	4h	ETHUSD	inverted	38	-0.000	-0.0	0.68	17	0.122	21	-0.099	0	0.68	0.29	0.00	0.16	
smart-swing-vwap-zeiierman	4h	ETHUSD	long	19	-0.146	-2.8	0.63	11	-0.026	8	-0.310	0	0.63	0.05	0.00	0.26	
smart-swing-vwap-zeiierman	4h	ETHUSD	short	19	-0.072	-1.4	0.68	6	-0.143	13	-0.039	0	0.68	0.16	0.00	0.11	
smart-swing-vwap-zeiierman	4h	ETHUSD	label:alertcondition:Bearish AVWAP retest	15	-0.093	-1.4	0.67	4	-0.348	11	-0.000	0	0.67	0.13	0.00	0.13	
smart-swing-vwap-zeiierman	4h	ETHUSD	label:alertcondition:Bullish AVWAP retest	16	-0.141	-2.3	0.63	9	-0.087	7	-0.212	0	0.63	0.06	0.00	0.25	
smart-swing-vwap-zeiierman	4h	ETHUSD	repaint	38	-0.109	-4.1	0.66	17	-0.067	21	-0.143	0	0.66	0.11	0.00	0.18	0 of 38 earlier entries changed when the last 60 bars were hidden (0%)
smart-swing-vwap-zeiierman	4h	ETHUSD	verdict	38	-0.109	-4.1	0.66	17	-0.067	21	-0.143	0	0.66	0.11	0.00	0.18	no variant pays in both halves → not a reading, exit or cost problem on this cell; re-time or retire the pair
smart-swing-vwap-zeiierman	4h	SOLUSD	base	35	0.020	0.7	0.71	17	0.077	18	-0.034	0	0.71	0.14	0.03	0.11	
smart-swing-vwap-zeiierman	4h	SOLUSD	gross	35	0.087	3.0	0.71	17	0.136	18	0.041	1	0.71	0.14	0.03	0.11	
smart-swing-vwap-zeiierman	4h	SOLUSD	stop1.5	33	-0.157	-5.2	0.61	17	0.040	16	-0.366	0	0.61	0.03	0.00	0.03	
smart-swing-vwap-zeiierman	4h	SOLUSD	stop2	33	-0.008	-0.3	0.67	17	0.204	16	-0.234	0	0.67	0.12	0.03	0.03	
smart-swing-vwap-zeiierman	4h	SOLUSD	tp1	34	-0.066	-2.2	0.50	17	0.109	17	-0.241	0	0.68	0.00	0.00	0.15	
smart-swing-vwap-zeiierman	4h	SOLUSD	levels	35	0.020	0.7	0.71	17	0.077	18	-0.034	0	0.71	0.14	0.03	0.11	
smart-swing-vwap-zeiierman	4h	SOLUSD	er0.25	7	-0.270	-1.9	0.57	3	-0.151	4	-0.360	0	0.57	0.00	0.00	0.29	
smart-swing-vwap-zeiierman	4h	SOLUSD	confirm1	18	-0.337	-6.1	0.50	10	-0.334	8	-0.340	0	0.50	0.00	0.00	0.11	
smart-swing-vwap-zeiierman	4h	SOLUSD	er+stop1.5	7	-0.402	-2.8	0.43	3	-0.014	4	-0.693	0	0.43	0.00	0.00	0.00	
smart-swing-vwap-zeiierman	4h	SOLUSD	er+stop2	7	0.082	0.6	0.71	3	0.381	4	-0.142	0	0.71	0.14	0.00	0.00	
smart-swing-vwap-zeiierman	4h	SOLUSD	confirm1+er	5	-0.479	-2.4	0.40	3	-0.564	2	-0.352	0	0.40	0.00	0.00	0.00	
smart-swing-vwap-zeiierman	4h	SOLUSD	inverted	35	-0.264	-9.2	0.54	17	-0.384	18	-0.150	0	0.54	0.11	0.00	0.23	
smart-swing-vwap-zeiierman	4h	SOLUSD	long	18	-0.063	-1.1	0.67	10	0.151	8	-0.330	0	0.67	0.11	0.00	0.17	
smart-swing-vwap-zeiierman	4h	SOLUSD	short	17	0.107	1.8	0.76	7	-0.030	10	0.204	0	0.76	0.18	0.06	0.06	
smart-swing-vwap-zeiierman	4h	SOLUSD	label:alertcondition:Bearish AVWAP retest	15	0.168	2.5	0.80	6	-0.086	9	0.337	0	0.80	0.20	0.07	0.07	
smart-swing-vwap-zeiierman	4h	SOLUSD	label:alertcondition:Bullish AVWAP retest	16	-0.029	-0.5	0.69	9	0.279	7	-0.424	0	0.69	0.13	0.00	0.13	
smart-swing-vwap-zeiierman	4h	SOLUSD	repaint	31	0.020	0.7	0.71	17	0.077	18	-0.034	0	0.71	0.14	0.03	0.11	0 of 31 earlier entries changed when the last 60 bars were hidden (0%)
smart-swing-vwap-zeiierman	4h	SOLUSD	verdict	35	0.020	0.7	0.71	17	0.077	18	-0.034	0	0.71	0.14	0.03	0.11	COSTS: positive before fees, negative after → a slower timeframe or a wider stop/target so each trade pays the round trip several times over
smart-swing-vwap-zeiierman	4h	XRPUSD	base	43	-0.031	-1.4	0.70	20	-0.069	23	0.001	0	0.70	0.12	0.02	0.12	
smart-swing-vwap-zeiierman	4h	XRPUSD	gross	43	0.042	1.8	0.70	20	-0.005	23	0.083	0	0.70	0.12	0.02	0.12	
smart-swing-vwap-zeiierman	4h	XRPUSD	stop1.5	41	-0.041	-1.7	0.71	19	-0.123	22	0.029	0	0.71	0.10	0.00	0.02	
smart-swing-vwap-zeiierman	4h	XRPUSD	stop2	39	-0.088	-3.4	0.64	17	-0.054	22	-0.114	0	0.64	0.08	0.00	0.00	
smart-swing-vwap-zeiierman	4h	XRPUSD	tp1	41	0.031	1.3	0.56	18	-0.077	23	0.114	0	0.63	0.00	0.00	0.12	
smart-swing-vwap-zeiierman	4h	XRPUSD	levels	43	-0.031	-1.4	0.70	20	-0.069	23	0.001	0	0.70	0.12	0.02	0.12	
smart-swing-vwap-zeiierman	4h	XRPUSD	er0.25	8	0.267	2.1	0.88	3	0.503	5	0.126	0	0.88	0.25	0.00	0.00	
smart-swing-vwap-zeiierman	4h	XRPUSD	confirm1	17	0.055	0.9	0.76	8	0.288	9	-0.153	0	0.76	0.06	0.06	0.06	
smart-swing-vwap-zeiierman	4h	XRPUSD	er+stop1.5	8	0.178	1.4	0.88	3	0.347	5	0.077	0	0.88	0.13	0.00	0.00	
smart-swing-vwap-zeiierman	4h	XRPUSD	er+stop2	8	0.055	0.4	0.75	3	0.397	5	-0.151	0	0.75	0.00	0.00	0.00	
smart-swing-vwap-zeiierman	4h	XRPUSD	confirm1+er	5	0.306	1.5	0.80	2	0.909	3	-0.096	0	0.80	0.20	0.20	0.00	
smart-swing-vwap-zeiierman	4h	XRPUSD	inverted	43	-0.039	-1.7	0.70	20	0.241	23	-0.283	0	0.70	0.07	0.02	0.16	
smart-swing-vwap-zeiierman	4h	XRPUSD	long	20	-0.041	-0.8	0.70	12	-0.106	8	0.056	0	0.70	0.05	0.05	0.10	
smart-swing-vwap-zeiierman	4h	XRPUSD	short	23	-0.023	-0.5	0.70	8	-0.013	15	-0.028	0	0.70	0.17	0.00	0.13	
smart-swing-vwap-zeiierman	4h	XRPUSD	label:alertcondition:Bearish AVWAP retest	20	0.031	0.6	0.75	6	0.317	14	-0.092	0	0.75	0.15	0.00	0.05	
smart-swing-vwap-zeiierman	4h	XRPUSD	label:alertcondition:Bullish AVWAP retest	19	-0.052	-1.0	0.68	12	-0.106	7	0.041	0	0.68	0.05	0.05	0.11	
smart-swing-vwap-zeiierman	4h	XRPUSD	repaint	42	-0.031	-1.4	0.70	20	-0.069	23	0.001	0	0.70	0.12	0.02	0.12	0 of 42 earlier entries changed when the last 60 bars were hidden (0%)
smart-swing-vwap-zeiierman	4h	XRPUSD	verdict	43	-0.031	-1.4	0.70	20	-0.069	23	0.001	0	0.70	0.12	0.02	0.12	no variant pays in both halves → not a reading, exit or cost problem on this cell; re-time or retire the pair
smart-swing-vwap-zeiierman	4h	BNBUSD	base	45	-0.239	-10.8	0.60	19	-0.322	26	-0.179	0	0.60	0.07	0.00	0.09	
smart-swing-vwap-zeiierman	4h	BNBUSD	gross	45	-0.159	-7.1	0.60	19	-0.267	26	-0.080	0	0.60	0.07	0.00	0.09	
smart-swing-vwap-zeiierman	4h	BNBUSD	stop1.5	42	-0.137	-5.8	0.57	18	-0.474	24	0.115	0	0.57	0.12	0.07	0.00	
smart-swing-vwap-zeiierman	4h	BNBUSD	stop2	38	-0.077	-2.9	0.63	16	-0.150	22	-0.024	0	0.63	0.08	0.03	0.00	
smart-swing-vwap-zeiierman	4h	BNBUSD	tp1	45	-0.207	-9.3	0.44	19	-0.420	26	-0.051	0	0.58	0.00	0.00	0.09	
smart-swing-vwap-zeiierman	4h	BNBUSD	levels	45	-0.239	-10.8	0.60	19	-0.322	26	-0.179	0	0.60	0.07	0.00	0.09	
smart-swing-vwap-zeiierman	4h	BNBUSD	er0.25	14	-0.140	-2.0	0.64	8	-0.328	6	0.111	0	0.64	0.14	0.00	0.14	
smart-swing-vwap-zeiierman	4h	BNBUSD	confirm1	17	-0.116	-2.0	0.65	9	-0.268	8	0.055	0	0.65	0.06	0.06	0.12	
smart-swing-vwap-zeiierman	4h	BNBUSD	er+stop1.5	14	-0.102	-1.4	0.64	8	-0.294	6	0.153	0	0.64	0.07	0.00	0.00	
smart-swing-vwap-zeiierman	4h	BNBUSD	er+stop2	14	0.077	1.1	0.79	8	0.183	6	-0.066	0	0.79	0.00	0.00	0.00	
smart-swing-vwap-zeiierman	4h	BNBUSD	confirm1+er	8	0.250	2.0	0.88	4	-0.011	4	0.511	0	0.88	0.13	0.13	0.00	
smart-swing-vwap-zeiierman	4h	BNBUSD	inverted	45	-0.083	-3.7	0.64	19	0.140	26	-0.246	0	0.64	0.07	0.02	0.13	
smart-swing-vwap-zeiierman	4h	BNBUSD	long	21	-0.164	-3.4	0.67	7	-0.260	14	-0.115	0	0.67	0.05	0.00	0.14	
smart-swing-vwap-zeiierman	4h	BNBUSD	short	24	-0.306	-7.3	0.54	12	-0.358	12	-0.253	0	0.54	0.08	0.00	0.04	
smart-swing-vwap-zeiierman	4h	BNBUSD	label:alertcondition:Bullish AVWAP retest	17	-0.121	-2.1	0.71	5	-0.247	12	-0.068	0	0.71	0.06	0.00	0.12	
smart-swing-vwap-zeiierman	4h	BNBUSD	label:alertcondition:Bearish AVWAP retest	19	-0.407	-7.7	0.47	9	-0.421	10	-0.394	0	0.47	0.05	0.00	0.05	
smart-swing-vwap-zeiierman	4h	BNBUSD	repaint	42	-0.239	-10.8	0.60	19	-0.322	26	-0.179	0	0.60	0.07	0.00	0.09	0 of 42 earlier entries changed when the last 60 bars were hidden (0%)
smart-swing-vwap-zeiierman	4h	BNBUSD	verdict	45	-0.239	-10.8	0.60	19	-0.322	26	-0.179	0	0.60	0.07	0.00	0.09	no variant pays in both halves → not a reading, exit or cost problem on this cell; re-time or retire the pair
smart-swing-vwap-zeiierman	4h	DOGEUSD	base	39	-0.130	-5.1	0.64	17	-0.155	22	-0.111	0	0.64	0.08	0.00	0.03	
smart-swing-vwap-zeiierman	4h	DOGEUSD	gross	39	-0.072	-2.8	0.64	17	-0.102	22	-0.049	0	0.64	0.08	0.00	0.03	
smart-swing-vwap-zeiierman	4h	DOGEUSD	stop1.5	36	-0.077	-2.8	0.64	16	-0.078	20	-0.077	0	0.64	0.14	0.00	0.03	
smart-swing-vwap-zeiierman	4h	DOGEUSD	stop2	35	0.099	3.5	0.71	16	0.002	19	0.180	1	0.71	0.11	0.03	0.03	
smart-swing-vwap-zeiierman	4h	DOGEUSD	tp1	38	-0.022	-0.8	0.53	17	-0.014	21	-0.029	0	0.61	0.00	0.00	0.03	
smart-swing-vwap-zeiierman	4h	DOGEUSD	levels	39	-0.130	-5.1	0.64	17	-0.155	22	-0.111	0	0.64	0.08	0.00	0.03	
smart-swing-vwap-zeiierman	4h	DOGEUSD	er0.25	7	-0.061	-0.4	0.71	2	-0.364	5	0.060	0	0.71	0.00	0.00	0.14	
smart-swing-vwap-zeiierman	4h	DOGEUSD	confirm1	21	0.009	0.2	0.67	9	-0.247	12	0.201	0	0.67	0.14	0.05	0.14	
smart-swing-vwap-zeiierman	4h	DOGEUSD	er+stop1.5	7	-0.416	-2.9	0.43	2	-1.000	5	-0.182	0	0.43	0.00	0.00	0.14	
smart-swing-vwap-zeiierman	4h	DOGEUSD	er+stop2	7	-0.042	-0.3	0.43	2	-1.000	5	0.342	0	0.43	0.14	0.14	0.14	
smart-swing-vwap-zeiierman	4h	DOGEUSD	confirm1+er	4	0.416	1.7	1.00	0	0.000	4	0.416	0	1.00	0.25	0.00	0.00	
smart-swing-vwap-zeiierman	4h	DOGEUSD	inverted	38	-0.121	-4.6	0.63	17	-0.039	21	-0.188	0	0.63	0.08	0.03	0.13	
smart-swing-vwap-zeiierman	4h	DOGEUSD	long	26	-0.109	-2.8	0.65	12	-0.159	14	-0.066	0	0.65	0.08	0.00	0.04	
smart-swing-vwap-zeiierman	4h	DOGEUSD	short	13	-0.173	-2.2	0.62	5	-0.147	8	-0.189	0	0.62	0.08	0.00	0.00	
smart-swing-vwap-zeiierman	4h	DOGEUSD	label:alertcondition:Bearish AVWAP retest	11	-0.295	-3.3	0.55	3	-0.579	8	-0.189	0	0.55	0.00	0.00	0.00	
smart-swing-vwap-zeiierman	4h	DOGEUSD	label:alertcondition:Bullish AVWAP retest	24	-0.150	-3.6	0.63	12	-0.159	12	-0.141	0	0.63	0.08	0.00	0.04	
smart-swing-vwap-zeiierman	4h	DOGEUSD	repaint	37	-0.130	-5.1	0.64	17	-0.155	22	-0.111	0	0.64	0.08	0.00	0.03	0 of 37 earlier entries changed when the last 60 bars were hidden (0%)
smart-swing-vwap-zeiierman	4h	DOGEUSD	verdict	39	-0.130	-5.1	0.64	17	-0.155	22	-0.111	0	0.64	0.08	0.00	0.03	no variant pays in both halves → not a reading, exit or cost problem on this cell; re-time or retire the pair
smart-swing-vwap-zeiierman	4h	AVAXUSD	base	56	-0.078	-4.4	0.63	29	-0.202	27	0.055	0	0.63	0.20	0.02	0.13	
smart-swing-vwap-zeiierman	4h	AVAXUSD	gross	56	-0.025	-1.4	0.63	29	-0.157	27	0.117	0	0.63	0.20	0.02	0.13	
smart-swing-vwap-zeiierman	4h	AVAXUSD	stop1.5	52	-0.129	-6.7	0.62	27	-0.247	25	-0.000	0	0.62	0.06	0.00	0.02	
smart-swing-vwap-zeiierman	4h	AVAXUSD	stop2	49	-0.132	-6.5	0.59	24	-0.234	25	-0.034	0	0.59	0.08	0.00	0.02	
smart-swing-vwap-zeiierman	4h	AVAXUSD	tp1	52	-0.132	-6.8	0.46	27	-0.305	25	0.055	0	0.58	0.00	0.00	0.15	
smart-swing-vwap-zeiierman	4h	AVAXUSD	levels	56	-0.078	-4.4	0.63	29	-0.202	27	0.055	0	0.63	0.20	0.02	0.13	
smart-swing-vwap-zeiierman	4h	AVAXUSD	er0.25	6	0.255	1.5	0.83	3	0.507	3	0.003	0	0.83	0.33	0.00	0.00	
smart-swing-vwap-zeiierman	4h	AVAXUSD	confirm1	26	-0.140	-3.7	0.62	14	-0.292	12	0.036	0	0.62	0.15	0.00	0.12	
smart-swing-vwap-zeiierman	4h	AVAXUSD	er+stop1.5	6	-0.061	-0.4	0.67	3	0.367	3	-0.489	0	0.67	0.17	0.00	0.00	
smart-swing-vwap-zeiierman	4h	AVAXUSD	er+stop2	6	-0.086	-0.5	0.67	3	0.360	3	-0.532	0	0.67	0.00	0.00	0.00	
smart-swing-vwap-zeiierman	4h	AVAXUSD	confirm1+er	5	-0.412	-2.1	0.40	4	-0.264	1	-1.000	0	0.40	0.20	0.00	0.00	
smart-swing-vwap-zeiierman	4h	AVAXUSD	inverted	56	0.097	5.4	0.71	29	0.135	27	0.056	1	0.71	0.16	0.05	0.13	
smart-swing-vwap-zeiierman	4h	AVAXUSD	long	31	-0.046	-1.4	0.65	13	-0.222	18	0.080	0	0.65	0.19	0.03	0.10	
smart-swing-vwap-zeiierman	4h	AVAXUSD	short	25	-0.117	-2.9	0.60	16	-0.186	9	0.005	0	0.60	0.20	0.00	0.16	
smart-swing-vwap-zeiierman	4h	AVAXUSD	label:alertcondition:Bullish AVWAP retest	28	-0.039	-1.1	0.64	11	-0.211	17	0.072	0	0.64	0.21	0.04	0.07	
smart-swing-vwap-zeiierman	4h	AVAXUSD	label:alertcondition:Bearish AVWAP retest	21	-0.146	-3.1	0.57	13	-0.316	8	0.131	0	0.57	0.19	0.00	0.19	
smart-swing-vwap-zeiierman	4h	AVAXUSD	repaint	54	-0.078	-4.4	0.63	29	-0.202	27	0.055	0	0.63	0.20	0.02	0.13	0 of 54 earlier entries changed when the last 60 bars were hidden (0%)
smart-swing-vwap-zeiierman	4h	AVAXUSD	verdict	56	-0.078	-4.4	0.63	29	-0.202	27	0.055	0	0.63	0.20	0.02	0.13	no variant pays in both halves → not a reading, exit or cost problem on this cell; re-time or retire the pair
smart-swing-vwap-zeiierman	4h	ADAUSD	base	39	-0.102	-4.0	0.64	18	-0.258	21	0.033	0	0.64	0.18	0.00	0.15	
smart-swing-vwap-zeiierman	4h	ADAUSD	gross	39	-0.056	-2.2	0.64	18	-0.221	21	0.086	0	0.64	0.18	0.00	0.15	
smart-swing-vwap-zeiierman	4h	ADAUSD	stop1.5	38	-0.197	-7.5	0.55	17	-0.490	21	0.041	0	0.55	0.05	0.03	0.08	
smart-swing-vwap-zeiierman	4h	ADAUSD	stop2	35	-0.288	-10.1	0.49	17	-0.408	18	-0.174	0	0.49	0.11	0.00	0.00	
smart-swing-vwap-zeiierman	4h	ADAUSD	tp1	39	-0.124	-4.9	0.46	18	-0.368	21	0.084	0	0.62	0.00	0.00	0.21	
smart-swing-vwap-zeiierman	4h	ADAUSD	levels	39	-0.102	-4.0	0.64	18	-0.258	21	0.033	0	0.64	0.18	0.00	0.15	
smart-swing-vwap-zeiierman	4h	ADAUSD	er0.25	13	-0.256	-3.3	0.54	6	-0.529	7	-0.022	0	0.54	0.15	0.00	0.23	
smart-swing-vwap-zeiierman	4h	ADAUSD	confirm1	12	-0.044	-0.5	0.67	3	-0.160	9	-0.005	0	0.67	0.08	0.08	0.08	
smart-swing-vwap-zeiierman	4h	ADAUSD	er+stop1.5	13	-0.259	-3.4	0.46	6	-0.766	7	0.176	0	0.46	0.08	0.08	0.15	
smart-swing-vwap-zeiierman	4h	ADAUSD	er+stop2	13	-0.189	-2.5	0.54	6	-0.568	7	0.136	0	0.54	0.15	0.00	0.00	
smart-swing-vwap-zeiierman	4h	ADAUSD	confirm1+er	3	0.600	1.8	1.00	0	0.000	3	0.600	0	1.00	0.33	0.33	0.00	
smart-swing-vwap-zeiierman	4h	ADAUSD	inverted	39	0.027	1.0	0.69	18	0.317	21	-0.222	0	0.69	0.21	0.03	0.18	
smart-swing-vwap-zeiierman	4h	ADAUSD	long	19	0.052	1.0	0.74	6	-0.062	13	0.104	0	0.74	0.26	0.00	0.11	
smart-swing-vwap-zeiierman	4h	ADAUSD	short	20	-0.247	-4.9	0.55	12	-0.356	8	-0.084	0	0.55	0.10	0.00	0.20	
smart-swing-vwap-zeiierman	4h	ADAUSD	label:alertcondition:Bullish AVWAP retest	15	-0.028	-0.4	0.67	5	-0.121	10	0.019	0	0.67	0.27	0.00	0.13	
smart-swing-vwap-zeiierman	4h	ADAUSD	label:alertcondition:Bearish AVWAP retest	14	-0.198	-2.8	0.57	8	-0.356	6	0.011	0	0.57	0.14	0.00	0.21	
smart-swing-vwap-zeiierman	4h	ADAUSD	repaint	32	-0.102	-4.0	0.64	18	-0.258	21	0.033	0	0.64	0.18	0.00	0.15	0 of 32 earlier entries changed when the last 60 bars were hidden (0%)
smart-swing-vwap-zeiierman	4h	ADAUSD	verdict	39	-0.102	-4.0	0.64	18	-0.258	21	0.033	0	0.64	0.18	0.00	0.15	no variant pays in both halves → not a reading, exit or cost problem on this cell; re-time or retire the pair
smart-swing-vwap-zeiierman	4h	LTCUSD	base	60	0.022	1.3	0.73	26	0.149	34	-0.076	0	0.73	0.15	0.00	0.07	
smart-swing-vwap-zeiierman	4h	LTCUSD	gross	60	0.096	5.8	0.73	26	0.231	34	-0.007	0	0.73	0.15	0.00	0.07	
smart-swing-vwap-zeiierman	4h	LTCUSD	stop1.5	59	-0.131	-7.7	0.63	26	-0.090	33	-0.164	0	0.63	0.07	0.00	0.03	
smart-swing-vwap-zeiierman	4h	LTCUSD	stop2	54	0.057	3.1	0.72	24	0.251	30	-0.099	0	0.72	0.07	0.02	0.02	
smart-swing-vwap-zeiierman	4h	LTCUSD	tp1	58	0.085	4.9	0.59	26	0.211	32	-0.017	0	0.64	0.00	0.00	0.09	
smart-swing-vwap-zeiierman	4h	LTCUSD	levels	60	0.022	1.3	0.73	26	0.149	34	-0.076	0	0.73	0.15	0.00	0.07	
smart-swing-vwap-zeiierman	4h	LTCUSD	er0.25	13	-0.178	-2.3	0.62	5	0.055	8	-0.325	0	0.62	0.08	0.00	0.15	
smart-swing-vwap-zeiierman	4h	LTCUSD	confirm1	30	-0.245	-7.4	0.57	16	-0.298	14	-0.185	0	0.57	0.07	0.00	0.07	
smart-swing-vwap-zeiierman	4h	LTCUSD	er+stop1.5	13	-0.289	-3.8	0.54	5	-0.201	8	-0.344	0	0.54	0.00	0.00	0.08	
smart-swing-vwap-zeiierman	4h	LTCUSD	er+stop2	12	0.029	0.3	0.75	4	0.454	8	-0.184	0	0.75	0.08	0.00	0.08	
smart-swing-vwap-zeiierman	4h	LTCUSD	confirm1+er	10	-0.360	-3.6	0.50	6	-0.540	4	-0.089	0	0.50	0.00	0.00	0.10	
smart-swing-vwap-zeiierman	4h	LTCUSD	inverted	59	-0.144	-8.5	0.59	26	-0.259	33	-0.054	0	0.59	0.10	0.02	0.14	
smart-swing-vwap-zeiierman	4h	LTCUSD	long	39	-0.018	-0.7	0.72	15	0.149	24	-0.122	0	0.72	0.13	0.00	0.08	
smart-swing-vwap-zeiierman	4h	LTCUSD	short	21	0.079	1.7	0.76	11	0.150	10	0.001	1	0.76	0.19	0.00	0.05	
smart-swing-vwap-zeiierman	4h	LTCUSD	label:alertcondition:Bearish AVWAP retest	18	0.140	2.5	0.78	9	0.265	9	0.014	1	0.78	0.22	0.00	0.06	
smart-swing-vwap-zeiierman	4h	LTCUSD	label:alertcondition:Bullish AVWAP retest	35	-0.026	-0.9	0.71	14	0.133	21	-0.132	0	0.71	0.11	0.00	0.06	
smart-swing-vwap-zeiierman	4h	LTCUSD	repaint	58	0.022	1.3	0.73	26	0.149	34	-0.076	0	0.73	0.15	0.00	0.07	0 of 58 earlier entries changed when the last 60 bars were hidden (0%)
smart-swing-vwap-zeiierman	4h	LTCUSD	verdict	60	0.022	1.3	0.73	26	0.149	34	-0.076	0	0.73	0.15	0.00	0.07	no variant pays in both halves → not a reading, exit or cost problem on this cell; re-time or retire the pair
smart-swing-vwap-zeiierman	4h	BCHUSD	base	44	-0.027	-1.2	0.66	23	-0.103	21	0.056	0	0.66	0.18	0.05	0.09	
smart-swing-vwap-zeiierman	4h	BCHUSD	gross	44	0.037	1.6	0.66	23	-0.047	21	0.130	0	0.66	0.18	0.05	0.09	
smart-swing-vwap-zeiierman	4h	BCHUSD	stop1.5	39	-0.087	-3.4	0.64	22	-0.086	17	-0.089	0	0.64	0.08	0.00	0.08	
smart-swing-vwap-zeiierman	4h	BCHUSD	stop2	39	-0.097	-3.8	0.67	22	-0.071	17	-0.131	0	0.67	0.08	0.00	0.03	
smart-swing-vwap-zeiierman	4h	BCHUSD	tp1	40	-0.026	-1.0	0.53	22	-0.068	18	0.026	0	0.53	0.00	0.00	0.10	
smart-swing-vwap-zeiierman	4h	BCHUSD	levels	44	-0.027	-1.2	0.66	23	-0.103	21	0.056	0	0.66	0.18	0.05	0.09	
smart-swing-vwap-zeiierman	4h	BCHUSD	er0.25	12	-0.037	-0.4	0.67	4	-0.196	8	0.043	0	0.67	0.17	0.00	0.08	
smart-swing-vwap-zeiierman	4h	BCHUSD	confirm1	23	-0.007	-0.2	0.70	11	-0.069	12	0.050	0	0.70	0.09	0.04	0.09	
smart-swing-vwap-zeiierman	4h	BCHUSD	er+stop1.5	11	-0.251	-2.8	0.55	4	-0.263	7	-0.244	0	0.55	0.00	0.00	0.09	
smart-swing-vwap-zeiierman	4h	BCHUSD	er+stop2	11	-0.154	-1.7	0.64	4	0.012	7	-0.249	0	0.64	0.00	0.00	0.00	
smart-swing-vwap-zeiierman	4h	BCHUSD	confirm1+er	3	-0.532	-1.6	0.33	0	0.000	3	-0.532	0	0.33	0.00	0.00	0.33	
smart-swing-vwap-zeiierman	4h	BCHUSD	inverted	45	0.095	4.3	0.69	24	0.207	21	-0.033	0	0.69	0.13	0.07	0.11	
smart-swing-vwap-zeiierman	4h	BCHUSD	long	21	0.044	0.9	0.71	7	0.357	14	-0.112	0	0.71	0.19	0.05	0.00	
smart-swing-vwap-zeiierman	4h	BCHUSD	short	23	-0.092	-2.1	0.61	16	-0.304	7	0.392	0	0.61	0.17	0.04	0.17	
smart-swing-vwap-zeiierman	4h	BCHUSD	label:alertcondition:Bullish AVWAP retest	20	0.097	1.9	0.75	7	0.357	13	-0.044	0	0.75	0.20	0.05	0.00	
smart-swing-vwap-zeiierman	4h	BCHUSD	label:alertcondition:Bearish AVWAP retest	19	-0.134	-2.5	0.58	13	-0.363	6	0.362	0	0.58	0.11	0.05	0.21	
smart-swing-vwap-zeiierman	4h	BCHUSD	repaint	45	-0.027	-1.2	0.66	23	-0.103	21	0.056	0	0.66	0.18	0.05	0.09	0 of 45 earlier entries changed when the last 60 bars were hidden (0%)
smart-swing-vwap-zeiierman	4h	BCHUSD	verdict	44	-0.027	-1.2	0.66	23	-0.103	21	0.056	0	0.66	0.18	0.05	0.09	no variant pays in both halves → not a reading, exit or cost problem on this cell; re-time or retire the pair
smart-swing-vwap-zeiierman	4h	LINKUSD	base	39	0.062	2.4	0.77	18	-0.015	21	0.129	0	0.77	0.15	0.00	0.03	
smart-swing-vwap-zeiierman	4h	LINKUSD	gross	39	0.129	5.0	0.77	18	0.038	21	0.208	1	0.77	0.15	0.00	0.03	
smart-swing-vwap-zeiierman	4h	LINKUSD	stop1.5	37	0.079	2.9	0.76	17	-0.009	20	0.154	0	0.76	0.05	0.00	0.03	
smart-swing-vwap-zeiierman	4h	LINKUSD	stop2	34	0.238	8.1	0.85	16	0.278	18	0.202	1	0.85	0.15	0.00	0.00	
smart-swing-vwap-zeiierman	4h	LINKUSD	tp1	38	0.176	6.7	0.63	18	-0.057	20	0.386	0	0.68	0.00	0.00	0.03	
smart-swing-vwap-zeiierman	4h	LINKUSD	levels	39	0.062	2.4	0.77	18	-0.015	21	0.129	0	0.77	0.15	0.00	0.03	
smart-swing-vwap-zeiierman	4h	LINKUSD	er0.25	10	0.258	2.6	0.90	7	0.354	3	0.035	0	0.90	0.10	0.00	0.10	
smart-swing-vwap-zeiierman	4h	LINKUSD	confirm1	22	0.166	3.6	0.82	12	0.249	10	0.065	1	0.82	0.18	0.05	0.05	
smart-swing-vwap-zeiierman	4h	LINKUSD	er+stop1.5	10	0.100	1.0	0.80	7	0.168	3	-0.058	0	0.80	0.00	0.00	0.10	
smart-swing-vwap-zeiierman	4h	LINKUSD	er+stop2	10	0.459	4.6	1.00	7	0.508	3	0.346	0	1.00	0.20	0.00	0.00	
smart-swing-vwap-zeiierman	4h	LINKUSD	confirm1+er	6	0.276	1.7	1.00	5	0.278	1	0.264	0	1.00	0.00	0.00	0.00	
smart-swing-vwap-zeiierman	4h	LINKUSD	inverted	40	-0.290	-11.6	0.47	19	-0.081	21	-0.480	0	0.47	0.07	0.05	0.13	
smart-swing-vwap-zeiierman	4h	LINKUSD	long	26	0.008	0.2	0.73	12	-0.226	14	0.209	0	0.73	0.15	0.00	0.04	
smart-swing-vwap-zeiierman	4h	LINKUSD	short	13	0.170	2.2	0.85	6	0.406	7	-0.031	0	0.85	0.15	0.00	0.00	
smart-swing-vwap-zeiierman	4h	LINKUSD	label:alertcondition:Bullish AVWAP retest	23	-0.053	-1.2	0.70	11	-0.272	12	0.149	0	0.70	0.13	0.00	0.04	
smart-swing-vwap-zeiierman	4h	LINKUSD	repaint	37	0.062	2.4	0.77	18	-0.015	21	0.129	0	0.77	0.15	0.00	0.03	0 of 37 earlier entries changed when the last 60 bars were hidden (0%)
smart-swing-vwap-zeiierman	4h	LINKUSD	verdict	39	0.062	2.4	0.77	18	-0.015	21	0.129	0	0.77	0.15	0.00	0.03	COSTS: positive before fees, negative after → a slower timeframe or a wider stop/target so each trade pays the round trip several times over
smart-swing-vwap-zeiierman	4h	SUIUSD	base	36	-0.078	-2.8	0.67	17	-0.123	19	-0.037	0	0.67	0.08	0.00	0.11	
smart-swing-vwap-zeiierman	4h	SUIUSD	gross	36	-0.022	-0.8	0.67	17	-0.081	19	0.030	0	0.67	0.08	0.00	0.11	
smart-swing-vwap-zeiierman	4h	SUIUSD	stop1.5	36	-0.013	-0.5	0.61	17	0.038	19	-0.059	0	0.61	0.17	0.03	0.06	
smart-swing-vwap-zeiierman	4h	SUIUSD	stop2	32	-0.097	-3.1	0.56	14	0.021	18	-0.188	0	0.56	0.13	0.03	0.03	
smart-swing-vwap-zeiierman	4h	SUIUSD	tp1	35	-0.195	-6.8	0.43	16	-0.289	19	-0.115	0	0.63	0.00	0.00	0.11	
smart-swing-vwap-zeiierman	4h	SUIUSD	levels	36	-0.078	-2.8	0.67	17	-0.123	19	-0.037	0	0.67	0.08	0.00	0.11	
smart-swing-vwap-zeiierman	4h	SUIUSD	er0.25	8	-0.152	-1.2	0.63	2	-0.328	6	-0.093	0	0.63	0.13	0.00	0.25	
smart-swing-vwap-zeiierman	4h	SUIUSD	confirm1	19	0.227	4.3	0.79	7	-0.004	12	0.362	0	0.79	0.16	0.11	0.11	
smart-swing-vwap-zeiierman	4h	SUIUSD	er+stop1.5	8	-0.180	-1.4	0.50	2	-0.017	6	-0.235	0	0.50	0.25	0.00	0.13	
smart-swing-vwap-zeiierman	4h	SUIUSD	er+stop2	8	-0.051	-0.4	0.63	2	0.625	6	-0.276	0	0.63	0.13	0.00	0.00	
smart-swing-vwap-zeiierman	4h	SUIUSD	confirm1+er	5	0.668	3.3	1.00	1	0.486	4	0.714	0	1.00	0.20	0.20	0.00	
smart-swing-vwap-zeiierman	4h	SUIUSD	inverted	36	0.062	2.2	0.69	17	0.352	19	-0.197	0	0.69	0.25	0.03	0.06	
smart-swing-vwap-zeiierman	4h	SUIUSD	long	23	0.032	0.7	0.74	10	0.091	13	-0.013	0	0.74	0.13	0.00	0.00	
smart-swing-vwap-zeiierman	4h	SUIUSD	short	13	-0.271	-3.5	0.54	7	-0.427	6	-0.090	0	0.54	0.00	0.00	0.31	
smart-swing-vwap-zeiierman	4h	SUIUSD	label:alertcondition:Bullish AVWAP retest	19	0.029	0.6	0.74	9	0.068	10	-0.006	0	0.74	0.11	0.00	0.00	
smart-swing-vwap-zeiierman	4h	SUIUSD	label:alertcondition:Bearish AVWAP retest	11	-0.256	-2.8	0.55	6	-0.331	5	-0.165	0	0.55	0.00	0.00	0.27	
smart-swing-vwap-zeiierman	4h	SUIUSD	repaint	35	-0.078	-2.8	0.67	17	-0.123	19	-0.037	0	0.67	0.08	0.00	0.11	0 of 35 earlier entries changed when the last 60 bars were hidden (0%)
smart-swing-vwap-zeiierman	4h	SUIUSD	verdict	36	-0.078	-2.8	0.67	17	-0.123	19	-0.037	0	0.67	0.08	0.00	0.11	no variant pays in both halves → not a reading, exit or cost problem on this cell; re-time or retire the pair
smart-swing-vwap-zeiierman	4h	NEARUSD	base	36	0.198	7.1	0.72	13	0.282	23	0.151	1	0.72	0.22	0.06	0.14	
smart-swing-vwap-zeiierman	4h	NEARUSD	gross	36	0.255	9.2	0.72	13	0.343	23	0.205	1	0.72	0.22	0.06	0.14	
smart-swing-vwap-zeiierman	4h	NEARUSD	stop1.5	35	0.320	11.2	0.77	13	0.334	22	0.311	1	0.77	0.17	0.09	0.00	
smart-swing-vwap-zeiierman	4h	NEARUSD	stop2	35	0.276	9.7	0.74	13	0.156	22	0.346	1	0.74	0.14	0.11	0.00	
smart-swing-vwap-zeiierman	4h	NEARUSD	tp1	35	-0.025	-0.9	0.51	13	0.019	22	-0.051	0	0.69	0.00	0.00	0.14	
smart-swing-vwap-zeiierman	4h	NEARUSD	levels	36	0.198	7.1	0.72	13	0.282	23	0.151	1	0.72	0.22	0.06	0.14	
smart-swing-vwap-zeiierman	4h	NEARUSD	er0.25	11	0.483	5.3	0.82	5	0.621	6	0.369	1	0.82	0.36	0.09	0.09	
smart-swing-vwap-zeiierman	4h	NEARUSD	confirm1	19	0.245	4.7	0.74	7	0.460	12	0.120	1	0.74	0.21	0.16	0.16	
smart-swing-vwap-zeiierman	4h	NEARUSD	er+stop1.5	11	0.533	5.9	0.82	5	0.546	6	0.522	1	0.82	0.27	0.18	0.00	
smart-swing-vwap-zeiierman	4h	NEARUSD	er+stop2	11	0.381	4.2	0.82	5	0.336	6	0.419	1	0.82	0.18	0.18	0.00	
smart-swing-vwap-zeiierman	4h	NEARUSD	confirm1+er	7	0.377	2.6	0.86	2	0.374	5	0.378	0	0.86	0.14	0.14	0.00	
smart-swing-vwap-zeiierman	4h	NEARUSD	inverted	36	-0.070	-2.5	0.61	13	-0.112	23	-0.046	0	0.61	0.14	0.03	0.22	
smart-swing-vwap-zeiierman	4h	NEARUSD	long	24	0.224	5.4	0.75	10	0.116	14	0.301	1	0.75	0.25	0.04	0.13	
smart-swing-vwap-zeiierman	4h	NEARUSD	short	12	0.147	1.8	0.67	3	0.837	9	-0.083	0	0.67	0.17	0.08	0.17	
smart-swing-vwap-zeiierman	4h	NEARUSD	label:alertcondition:Bullish AVWAP retest	19	0.119	2.3	0.79	9	0.240	10	0.010	1	0.79	0.21	0.00	0.05	
smart-swing-vwap-zeiierman	4h	NEARUSD	label:alertcondition:Bearish AVWAP retest	10	-0.175	-1.7	0.60	1	-1.000	9	-0.083	0	0.60	0.10	0.00	0.20	
smart-swing-vwap-zeiierman	4h	NEARUSD	repaint	35	0.198	7.1	0.72	13	0.282	23	0.151	1	0.72	0.22	0.06	0.14	0 of 35 earlier entries changed when the last 60 bars were hidden (0%)
smart-swing-vwap-zeiierman	4h	NEARUSD	verdict	36	0.198	7.1	0.72	13	0.282	23	0.151	1	0.72	0.22	0.06	0.14	pays as read → nothing to fix; measure in shadow
smart-swing-vwap-zeiierman	4h	HYPEUSD	base	44	-0.184	-8.1	0.57	25	-0.153	19	-0.224	0	0.57	0.05	0.02	0.16	
smart-swing-vwap-zeiierman	4h	HYPEUSD	gross	44	-0.147	-6.4	0.57	25	-0.119	19	-0.183	0	0.57	0.05	0.02	0.16	
smart-swing-vwap-zeiierman	4h	HYPEUSD	stop1.5	43	0.083	3.6	0.67	24	0.182	19	-0.041	0	0.67	0.16	0.05	0.07	
smart-swing-vwap-zeiierman	4h	HYPEUSD	stop2	40	0.042	1.7	0.65	22	0.078	18	-0.002	0	0.65	0.20	0.00	0.03	
smart-swing-vwap-zeiierman	4h	HYPEUSD	tp1	41	-0.165	-6.8	0.44	23	-0.168	18	-0.162	0	0.59	0.00	0.00	0.20	
smart-swing-vwap-zeiierman	4h	HYPEUSD	levels	44	-0.184	-8.1	0.57	25	-0.153	19	-0.224	0	0.57	0.05	0.02	0.16	
smart-swing-vwap-zeiierman	4h	HYPEUSD	er0.25	12	-0.232	-2.8	0.58	6	-0.359	6	-0.105	0	0.58	0.00	0.00	0.25	
smart-swing-vwap-zeiierman	4h	HYPEUSD	confirm1	17	-0.048	-0.8	0.65	11	-0.210	6	0.247	0	0.65	0.18	0.00	0.12	
smart-swing-vwap-zeiierman	4h	HYPEUSD	er+stop1.5	12	0.128	1.5	0.67	6	-0.052	6	0.309	0	0.67	0.17	0.08	0.08	
smart-swing-vwap-zeiierman	4h	HYPEUSD	er+stop2	12	0.065	0.8	0.67	6	-0.076	6	0.207	0	0.67	0.17	0.00	0.00	
smart-swing-vwap-zeiierman	4h	HYPEUSD	confirm1+er	6	-0.144	-0.9	0.50	4	-0.201	2	-0.030	0	0.50	0.33	0.00	0.33	
smart-swing-vwap-zeiierman	4h	HYPEUSD	inverted	45	0.108	4.9	0.73	25	0.232	20	-0.047	0	0.73	0.20	0.04	0.11	
smart-swing-vwap-zeiierman	4h	HYPEUSD	long	19	-0.380	-7.2	0.47	12	-0.357	7	-0.420	0	0.47	0.00	0.00	0.16	
smart-swing-vwap-zeiierman	4h	HYPEUSD	short	25	-0.035	-0.9	0.64	13	0.035	12	-0.110	0	0.64	0.08	0.04	0.16	
smart-swing-vwap-zeiierman	4h	HYPEUSD	label:alertcondition:Bearish AVWAP retest	22	-0.205	-4.5	0.59	10	-0.319	12	-0.110	0	0.59	0.00	0.00	0.18	
smart-swing-vwap-zeiierman	4h	HYPEUSD	label:alertcondition:Bullish AVWAP retest	17	-0.379	-6.5	0.47	10	-0.351	7	-0.420	0	0.47	0.00	0.00	0.12	
smart-swing-vwap-zeiierman	4h	HYPEUSD	repaint	42	-0.184	-8.1	0.57	25	-0.153	19	-0.224	0	0.57	0.05	0.02	0.16	0 of 42 earlier entries changed when the last 60 bars were hidden (0%)
smart-swing-vwap-zeiierman	4h	HYPEUSD	verdict	44	-0.184	-8.1	0.57	25	-0.153	19	-0.224	0	0.57	0.05	0.02	0.16	no variant pays in both halves → not a reading, exit or cost problem on this cell; re-time or retire the pair
structure-anchored-vwap	15m	ETHUSD	base	42	0.077	3.2	0.79	16	0.105	26	0.060	1	0.79	0.19	0.07	0.05	
structure-anchored-vwap	15m	ETHUSD	gross	127	0.010	1.3	0.65	64	-0.014	63	0.034	0	0.65	0.18	0.06	0.11	
structure-anchored-vwap	15m	ETHUSD	stop1.5	55	-0.037	-2.0	0.71	21	-0.011	34	-0.053	0	0.71	0.16	0.07	0.07	
structure-anchored-vwap	15m	ETHUSD	stop2	65	0.008	0.5	0.74	28	0.033	37	-0.011	0	0.74	0.18	0.06	0.05	
structure-anchored-vwap	15m	ETHUSD	tp1	42	0.142	6.0	0.67	16	0.163	26	0.129	1	0.71	0.00	0.00	0.05	
structure-anchored-vwap	15m	ETHUSD	levels	42	0.077	3.2	0.79	16	0.105	26	0.060	1	0.79	0.19	0.07	0.05	
structure-anchored-vwap	15m	ETHUSD	script	42	0.077	3.2	0.79	16	0.105	26	0.060	1	0.79	0.19	0.07	0.05	
structure-anchored-vwap	15m	ETHUSD	er0.25	16	0.205	3.3	0.81	6	0.229	10	0.190	1	0.81	0.25	0.13	0.00	
structure-anchored-vwap	15m	ETHUSD	confirm1	30	-0.123	-3.7	0.67	7	-0.055	23	-0.144	0	0.63	0.07	0.00	0.00	
structure-anchored-vwap	15m	ETHUSD	er+stop1.5	20	0.077	1.5	0.75	6	0.229	14	0.012	1	0.75	0.20	0.10	0.00	
structure-anchored-vwap	15m	ETHUSD	er+stop2	24	0.031	0.7	0.71	9	0.155	15	-0.043	0	0.71	0.21	0.13	0.00	
structure-anchored-vwap	15m	ETHUSD	confirm1+er	10	-0.037	-0.4	0.80	1	0.187	9	-0.062	0	0.80	0.10	0.00	0.00	
structure-anchored-vwap	15m	ETHUSD	inverted	17	-0.080	-1.4	0.76	8	-0.111	9	-0.052	0	0.76	0.00	0.00	0.18	
structure-anchored-vwap	15m	ETHUSD	long	24	0.053	1.3	0.79	9	0.167	15	-0.015	0	0.79	0.21	0.04	0.04	
structure-anchored-vwap	15m	ETHUSD	short	18	0.109	2.0	0.78	7	0.027	11	0.162	1	0.78	0.17	0.11	0.06	
structure-anchored-vwap	15m	ETHUSD	label:alert:🟢 LONG	23	0.047	1.1	0.78	8	0.164	15	-0.015	0	0.78	0.22	0.04	0.04	
structure-anchored-vwap	15m	ETHUSD	label:alert:🔴 SHORT	16	0.020	0.3	0.81	7	0.027	9	0.015	1	0.81	0.13	0.06	0.06	
structure-anchored-vwap	15m	ETHUSD	repaint	127	0.077	3.2	0.79	16	0.105	26	0.060	1	0.79	0.19	0.07	0.05	0 of 127 earlier entries changed when the last 60 bars were hidden (0%)
structure-anchored-vwap	15m	ETHUSD	verdict	42	0.077	3.2	0.79	16	0.105	26	0.060	1	0.79	0.19	0.07	0.05	pays as read → nothing to fix; measure in shadow
structure-anchored-vwap	15m	BTCUSD	base	25	-0.156	-3.9	0.64	15	-0.133	10	-0.191	0	0.64	0.20	0.04	0.08	
structure-anchored-vwap	15m	BTCUSD	gross	136	-0.052	-7.0	0.64	68	-0.042	68	-0.062	0	0.64	0.18	0.04	0.08	
structure-anchored-vwap	15m	BTCUSD	stop1.5	30	-0.174	-5.2	0.63	17	-0.179	13	-0.168	0	0.63	0.23	0.00	0.10	
structure-anchored-vwap	15m	BTCUSD	stop2	44	-0.111	-4.9	0.70	21	-0.090	23	-0.129	0	0.70	0.23	0.00	0.07	
structure-anchored-vwap	15m	BTCUSD	tp1	25	0.023	0.6	0.60	15	0.001	10	0.055	1	0.64	0.00	0.00	0.08	
structure-anchored-vwap	15m	BTCUSD	levels	25	-0.156	-3.9	0.64	15	-0.133	10	-0.191	0	0.64	0.20	0.04	0.08	
structure-anchored-vwap	15m	BTCUSD	script	25	-0.156	-3.9	0.64	15	-0.133	10	-0.191	0	0.64	0.20	0.04	0.08	
structure-anchored-vwap	15m	BTCUSD	er0.25	6	0.267	1.6	1.00	4	0.256	2	0.289	0	1.00	0.33	0.00	0.00	
structure-anchored-vwap	15m	BTCUSD	confirm1	31	-0.037	-1.2	0.71	14	-0.051	17	-0.026	0	0.71	0.13	0.03	0.03	
structure-anchored-vwap	15m	BTCUSD	er+stop1.5	7	0.077	0.5	0.86	4	0.240	3	-0.141	0	0.86	0.29	0.00	0.00	
structure-anchored-vwap	15m	BTCUSD	er+stop2	17	0.079	1.3	0.88	7	0.247	10	-0.038	0	0.88	0.29	0.00	0.00	
structure-anchored-vwap	15m	BTCUSD	confirm1+er	7	-0.040	-0.3	0.57	6	-0.100	1	0.319	0	0.57	0.29	0.14	0.14	
structure-anchored-vwap	15m	BTCUSD	inverted	2	-0.370	-0.7	0.50	2	-0.370	0	0.000	0	0.50	0.00	0.00	0.50	
structure-anchored-vwap	15m	BTCUSD	long	17	-0.293	-5.0	0.53	11	-0.258	6	-0.356	0	0.53	0.18	0.06	0.06	
structure-anchored-vwap	15m	BTCUSD	short	8	0.073	0.6	0.88	4	0.210	4	-0.065	0	0.88	0.25	0.00	0.13	
structure-anchored-vwap	15m	BTCUSD	label:alert:🟢 LONG	15	-0.384	-5.8	0.47	9	-0.456	6	-0.275	0	0.47	0.13	0.00	0.07	
structure-anchored-vwap	15m	BTCUSD	repaint	138	-0.156	-3.9	0.64	15	-0.133	10	-0.191	0	0.64	0.20	0.04	0.08	0 of 138 earlier entries changed when the last 60 bars were hidden (0%)
structure-anchored-vwap	15m	BTCUSD	verdict	25	-0.156	-3.9	0.64	15	-0.133	10	-0.191	0	0.64	0.20	0.04	0.08	no variant pays in both halves → not a reading, exit or cost problem on this cell; re-time or retire the pair
structure-anchored-vwap	15m	SOLUSD	base	60	0.102	6.1	0.80	23	0.011	37	0.158	1	0.77	0.22	0.07	0.03	
structure-anchored-vwap	15m	SOLUSD	gross	123	0.051	6.3	0.68	64	-0.041	59	0.150	0	0.67	0.20	0.04	0.11	
structure-anchored-vwap	15m	SOLUSD	stop1.5	72	-0.009	-0.6	0.74	25	-0.033	47	0.005	0	0.71	0.19	0.06	0.04	
structure-anchored-vwap	15m	SOLUSD	stop2	80	0.050	4.0	0.76	30	-0.048	50	0.109	0	0.74	0.23	0.05	0.03	
structure-anchored-vwap	15m	SOLUSD	tp1	59	0.046	2.7	0.61	22	-0.039	37	0.096	0	0.71	0.00	0.00	0.03	
structure-anchored-vwap	15m	SOLUSD	levels	60	0.102	6.1	0.80	23	0.011	37	0.158	1	0.77	0.22	0.07	0.03	
structure-anchored-vwap	15m	SOLUSD	script	60	0.102	6.1	0.80	23	0.011	37	0.158	1	0.77	0.22	0.07	0.03	
structure-anchored-vwap	15m	SOLUSD	er0.25	11	0.385	4.2	0.82	3	0.524	8	0.333	0	0.82	0.36	0.18	0.00	
structure-anchored-vwap	15m	SOLUSD	confirm1	46	-0.067	-3.1	0.65	21	-0.101	25	-0.038	0	0.65	0.13	0.00	0.07	
structure-anchored-vwap	15m	SOLUSD	er+stop1.5	17	0.001	0.0	0.65	4	0.276	13	-0.084	0	0.65	0.24	0.12	0.06	
structure-anchored-vwap	15m	SOLUSD	er+stop2	21	0.300	6.3	0.86	6	0.197	15	0.341	1	0.86	0.33	0.10	0.00	
structure-anchored-vwap	15m	SOLUSD	confirm1+er	6	0.222	1.3	0.83	1	0.867	5	0.093	0	0.83	0.33	0.00	0.00	
structure-anchored-vwap	15m	SOLUSD	inverted	27	-0.386	-10.4	0.41	14	-0.105	13	-0.688	0	0.41	0.19	0.04	0.26	
structure-anchored-vwap	15m	SOLUSD	long	31	-0.071	-2.2	0.74	14	-0.050	17	-0.088	0	0.74	0.13	0.03	0.03	
structure-anchored-vwap	15m	SOLUSD	short	29	0.323	9.4	0.86	9	0.225	20	0.367	1	0.86	0.34	0.14	0.03	
structure-anchored-vwap	15m	SOLUSD	label:alert:🔴 SHORT	25	0.335	8.4	0.92	7	0.113	18	0.421	1	0.88	0.32	0.12	0.00	
structure-anchored-vwap	15m	SOLUSD	label:alert:🟢 LONG	27	-0.159	-4.3	0.70	10	-0.280	17	-0.088	0	0.67	0.07	0.00	0.04	
structure-anchored-vwap	15m	SOLUSD	repaint	123	0.102	6.1	0.80	23	0.011	37	0.158	1	0.77	0.22	0.07	0.03	0 of 123 earlier entries changed when the last 60 bars were hidden (0%)
structure-anchored-vwap	15m	SOLUSD	verdict	60	0.102	6.1	0.80	23	0.011	37	0.158	1	0.77	0.22	0.07	0.03	pays as read → nothing to fix; measure in shadow
structure-anchored-vwap	15m	XRPUSD	base	60	-0.095	-5.7	0.67	18	-0.297	42	-0.008	0	0.67	0.20	0.03	0.10	
structure-anchored-vwap	15m	XRPUSD	gross	136	-0.038	-5.2	0.64	71	-0.165	65	0.101	0	0.64	0.17	0.04	0.09	
structure-anchored-vwap	15m	XRPUSD	stop1.5	69	-0.073	-5.0	0.67	18	-0.142	51	-0.048	0	0.67	0.23	0.03	0.06	
structure-anchored-vwap	15m	XRPUSD	stop2	79	-0.097	-7.7	0.66	25	-0.188	54	-0.055	0	0.66	0.18	0.03	0.05	
structure-anchored-vwap	15m	XRPUSD	tp1	60	-0.034	-2.0	0.55	18	-0.294	42	0.078	0	0.65	0.00	0.00	0.10	
structure-anchored-vwap	15m	XRPUSD	levels	60	-0.095	-5.7	0.67	18	-0.297	42	-0.008	0	0.67	0.20	0.03	0.10	
structure-anchored-vwap	15m	XRPUSD	script	60	-0.095	-5.7	0.67	18	-0.297	42	-0.008	0	0.67	0.20	0.03	0.10	
structure-anchored-vwap	15m	XRPUSD	er0.25	17	-0.228	-3.9	0.59	3	-0.635	14	-0.141	0	0.59	0.18	0.06	0.18	
structure-anchored-vwap	15m	XRPUSD	confirm1	39	-0.130	-5.1	0.59	18	-0.095	21	-0.160	0	0.54	0.13	0.00	0.10	
structure-anchored-vwap	15m	XRPUSD	er+stop1.5	20	-0.307	-6.1	0.50	3	-0.458	17	-0.280	0	0.50	0.15	0.05	0.05	
structure-anchored-vwap	15m	XRPUSD	er+stop2	24	-0.289	-6.9	0.54	4	-0.332	20	-0.281	0	0.54	0.08	0.04	0.04	
structure-anchored-vwap	15m	XRPUSD	confirm1+er	12	-0.186	-2.2	0.58	4	0.079	8	-0.319	0	0.58	0.25	0.00	0.08	
structure-anchored-vwap	15m	XRPUSD	inverted	38	-0.163	-6.2	0.61	12	-0.086	26	-0.198	0	0.61	0.24	0.03	0.24	
structure-anchored-vwap	15m	XRPUSD	long	33	-0.058	-1.9	0.73	10	-0.299	23	0.047	0	0.73	0.18	0.03	0.06	
structure-anchored-vwap	15m	XRPUSD	short	27	-0.188	-5.1	0.59	8	-0.375	19	-0.110	0	0.59	0.22	0.04	0.15	
structure-anchored-vwap	15m	XRPUSD	label:alert:🟢 LONG	27	-0.018	-0.5	0.70	8	-0.198	19	0.058	0	0.70	0.19	0.04	0.07	
structure-anchored-vwap	15m	XRPUSD	label:alert:🔴 SHORT	22	-0.167	-3.7	0.59	6	-0.350	16	-0.099	0	0.59	0.27	0.05	0.09	
structure-anchored-vwap	15m	XRPUSD	repaint	137	-0.095	-5.7	0.67	18	-0.297	42	-0.008	0	0.67	0.20	0.03	0.10	0 of 137 earlier entries changed when the last 60 bars were hidden (0%)
structure-anchored-vwap	15m	XRPUSD	verdict	60	-0.095	-5.7	0.67	18	-0.297	42	-0.008	0	0.67	0.20	0.03	0.10	no variant pays in both halves → not a reading, exit or cost problem on this cell; re-time or retire the pair
structure-anchored-vwap	15m	BNBUSD	base	14	0.135	1.9	0.79	4	-0.285	10	0.303	0	0.79	0.43	0.07	0.07	
structure-anchored-vwap	15m	BNBUSD	gross	128	0.163	20.8	0.66	67	0.087	61	0.246	1	0.66	0.31	0.09	0.10	
structure-anchored-vwap	15m	BNBUSD	stop1.5	19	0.201	3.8	0.79	5	0.026	14	0.263	1	0.79	0.47	0.16	0.05	
structure-anchored-vwap	15m	BNBUSD	stop2	28	0.135	3.8	0.71	8	-0.099	20	0.229	0	0.71	0.32	0.14	0.07	
structure-anchored-vwap	15m	BNBUSD	tp1	14	0.180	2.5	0.71	4	-0.176	10	0.323	0	0.71	0.00	0.00	0.07	
structure-anchored-vwap	15m	BNBUSD	levels	14	0.135	1.9	0.79	4	-0.285	10	0.303	0	0.79	0.43	0.07	0.07	
structure-anchored-vwap	15m	BNBUSD	script	14	0.135	1.9	0.79	4	-0.285	10	0.303	0	0.79	0.43	0.07	0.07	
structure-anchored-vwap	15m	BNBUSD	er0.25	4	0.415	1.7	0.75	1	-1.000	3	0.887	0	0.75	0.50	0.25	0.00	
structure-anchored-vwap	15m	BNBUSD	confirm1	20	-0.109	-2.2	0.60	5	-0.328	15	-0.035	0	0.60	0.15	0.05	0.05	
structure-anchored-vwap	15m	BNBUSD	er+stop1.5	5	0.132	0.7	0.60	1	-1.000	4	0.415	0	0.60	0.40	0.20	0.00	
structure-anchored-vwap	15m	BNBUSD	er+stop2	10	0.219	2.2	0.60	2	-0.403	8	0.375	0	0.60	0.30	0.20	0.00	
structure-anchored-vwap	15m	BNBUSD	confirm1+er	4	0.477	1.9	0.75	1	0.104	3	0.601	0	0.75	0.25	0.25	0.00	
structure-anchored-vwap	15m	BNBUSD	inverted	0	0.000	0.0	0.00	0	0.000	0	0.000	0	0.00	0.00	0.00	0.00	
structure-anchored-vwap	15m	BNBUSD	long	10	0.093	0.9	0.70	4	-0.285	6	0.345	0	0.70	0.40	0.10	0.10	
structure-anchored-vwap	15m	BNBUSD	short	4	0.241	1.0	1.00	0	0.000	4	0.241	0	1.00	0.50	0.00	0.00	
structure-anchored-vwap	15m	BNBUSD	label:alert:🟢 LONG	10	0.093	0.9	0.70	4	-0.285	6	0.345	0	0.70	0.40	0.10	0.10	
structure-anchored-vwap	15m	BNBUSD	repaint	128	0.135	1.9	0.79	4	-0.285	10	0.303	0	0.79	0.43	0.07	0.07	0 of 128 earlier entries changed when the last 60 bars were hidden (0%)
structure-anchored-vwap	15m	BNBUSD	verdict	14	0.135	1.9	0.79	4	-0.285	10	0.303	0	0.79	0.43	0.07	0.07	too few trades to say → more history or a faster timeframe before judging
structure-anchored-vwap	15m	DOGEUSD	base	69	-0.102	-7.1	0.65	18	-0.022	51	-0.131	0	0.64	0.17	0.03	0.09	
structure-anchored-vwap	15m	DOGEUSD	gross	141	-0.024	-3.4	0.63	72	-0.074	69	0.028	0	0.62	0.21	0.01	0.11	
structure-anchored-vwap	15m	DOGEUSD	stop1.5	77	-0.126	-9.7	0.65	20	-0.079	57	-0.142	0	0.64	0.14	0.03	0.09	
structure-anchored-vwap	15m	DOGEUSD	stop2	80	-0.145	-11.6	0.64	22	-0.036	58	-0.186	0	0.63	0.15	0.00	0.07	
structure-anchored-vwap	15m	DOGEUSD	tp1	68	-0.088	-6.0	0.53	18	-0.034	50	-0.107	0	0.60	0.00	0.00	0.09	
structure-anchored-vwap	15m	DOGEUSD	levels	69	-0.102	-7.1	0.65	18	-0.022	51	-0.131	0	0.64	0.17	0.03	0.09	
structure-anchored-vwap	15m	DOGEUSD	script	69	-0.102	-7.1	0.65	18	-0.022	51	-0.131	0	0.64	0.17	0.03	0.09	
structure-anchored-vwap	15m	DOGEUSD	er0.25	16	-0.103	-1.6	0.69	4	0.144	12	-0.185	0	0.69	0.06	0.00	0.06	
structure-anchored-vwap	15m	DOGEUSD	confirm1	52	-0.092	-4.8	0.63	20	-0.233	32	-0.003	0	0.63	0.13	0.00	0.08	
structure-anchored-vwap	15m	DOGEUSD	er+stop1.5	17	-0.099	-1.7	0.71	4	0.111	13	-0.164	0	0.71	0.06	0.00	0.06	
structure-anchored-vwap	15m	DOGEUSD	er+stop2	20	-0.131	-2.6	0.65	5	0.245	15	-0.256	0	0.65	0.20	0.00	0.05	
structure-anchored-vwap	15m	DOGEUSD	confirm1+er	13	0.055	0.7	0.77	4	-0.647	9	0.367	0	0.77	0.31	0.00	0.08	
structure-anchored-vwap	15m	DOGEUSD	inverted	47	-0.287	-13.5	0.57	11	-0.376	36	-0.259	0	0.55	0.06	0.00	0.15	
structure-anchored-vwap	15m	DOGEUSD	long	33	-0.042	-1.4	0.70	8	0.176	25	-0.112	0	0.70	0.21	0.03	0.06	
structure-anchored-vwap	15m	DOGEUSD	short	36	-0.173	-6.2	0.61	10	-0.180	26	-0.171	0	0.61	0.14	0.03	0.11	
structure-anchored-vwap	15m	DOGEUSD	label:alert:🟢 LONG	27	-0.009	-0.3	0.70	7	0.150	20	-0.065	0	0.67	0.19	0.04	0.07	
structure-anchored-vwap	15m	DOGEUSD	label:derived:Structure LH (lower high)	11	-0.179	-2.0	0.55	3	-0.431	8	-0.085	0	0.55	0.18	0.09	0.18	
structure-anchored-vwap	15m	DOGEUSD	label:alert:🔴 SHORT	25	-0.170	-4.3	0.64	7	-0.072	18	-0.209	0	0.64	0.12	0.00	0.08	
structure-anchored-vwap	15m	DOGEUSD	repaint	141	-0.102	-7.1	0.65	18	-0.022	51	-0.131	0	0.64	0.17	0.03	0.09	0 of 141 earlier entries changed when the last 60 bars were hidden (0%)
structure-anchored-vwap	15m	DOGEUSD	verdict	69	-0.102	-7.1	0.65	18	-0.022	51	-0.131	0	0.64	0.17	0.03	0.09	no variant pays in both halves → not a reading, exit or cost problem on this cell; re-time or retire the pair
structure-anchored-vwap	15m	AVAXUSD	base	70	-0.013	-0.9	0.70	21	-0.247	49	0.087	0	0.70	0.13	0.06	0.10	
structure-anchored-vwap	15m	AVAXUSD	gross	127	0.172	21.8	0.65	61	0.232	66	0.116	1	0.64	0.20	0.08	0.16	
structure-anchored-vwap	15m	AVAXUSD	stop1.5	75	0.009	0.7	0.68	24	-0.220	51	0.117	0	0.67	0.17	0.08	0.09	
structure-anchored-vwap	15m	AVAXUSD	stop2	81	0.054	4.3	0.70	28	-0.082	53	0.125	0	0.69	0.15	0.06	0.09	
structure-anchored-vwap	15m	AVAXUSD	tp1	70	-0.054	-3.8	0.54	21	-0.354	49	0.074	0	0.70	0.00	0.00	0.10	
structure-anchored-vwap	15m	AVAXUSD	levels	70	-0.013	-0.9	0.70	21	-0.247	49	0.087	0	0.70	0.13	0.06	0.10	
structure-anchored-vwap	15m	AVAXUSD	script	70	-0.013	-0.9	0.70	21	-0.247	49	0.087	0	0.70	0.13	0.06	0.10	
structure-anchored-vwap	15m	AVAXUSD	er0.25	13	-0.031	-0.4	0.77	4	-0.387	9	0.127	0	0.77	0.08	0.00	0.08	
structure-anchored-vwap	15m	AVAXUSD	confirm1	48	-0.128	-6.2	0.58	19	-0.238	29	-0.056	0	0.56	0.21	0.00	0.08	
structure-anchored-vwap	15m	AVAXUSD	er+stop1.5	14	-0.102	-1.4	0.71	4	-0.387	10	0.012	0	0.71	0.07	0.00	0.07	
structure-anchored-vwap	15m	AVAXUSD	er+stop2	15	-0.085	-1.3	0.73	4	-0.387	11	0.025	0	0.73	0.07	0.00	0.07	
structure-anchored-vwap	15m	AVAXUSD	confirm1+er	8	-0.432	-3.5	0.25	2	-1.000	6	-0.242	0	0.25	0.13	0.00	0.25	
structure-anchored-vwap	15m	AVAXUSD	inverted	45	-0.170	-7.7	0.56	6	-0.502	39	-0.119	0	0.56	0.18	0.02	0.22	
structure-anchored-vwap	15m	AVAXUSD	long	48	-0.093	-4.5	0.67	19	-0.233	29	-0.002	0	0.67	0.06	0.04	0.13	
structure-anchored-vwap	15m	AVAXUSD	short	22	0.171	3.8	0.82	2	-0.388	20	0.227	0	0.82	0.27	0.09	0.05	
structure-anchored-vwap	15m	AVAXUSD	label:alert:🔴 SHORT	17	0.090	1.5	0.71	2	-0.388	15	0.153	0	0.71	0.29	0.06	0.06	
structure-anchored-vwap	15m	AVAXUSD	label:alert:🟢 LONG	39	-0.128	-5.0	0.67	17	-0.314	22	0.016	0	0.67	0.03	0.03	0.13	
structure-anchored-vwap	15m	AVAXUSD	repaint	127	-0.013	-0.9	0.70	21	-0.247	49	0.087	0	0.70	0.13	0.06	0.10	0 of 127 earlier entries changed when the last 60 bars were hidden (0%)
structure-anchored-vwap	15m	AVAXUSD	verdict	70	-0.013	-0.9	0.70	21	-0.247	49	0.087	0	0.70	0.13	0.06	0.10	COSTS: positive before fees, negative after → a slower timeframe or a wider stop/target so each trade pays the round trip several times over
structure-anchored-vwap	15m	ADAUSD	base	110	-0.184	-20.2	0.61	49	-0.166	61	-0.198	0	0.61	0.12	0.03	0.10	
structure-anchored-vwap	15m	ADAUSD	gross	129	-0.080	-10.4	0.60	63	-0.119	66	-0.043	0	0.60	0.13	0.04	0.12	
structure-anchored-vwap	15m	ADAUSD	stop1.5	120	-0.188	-22.5	0.60	57	-0.256	63	-0.126	0	0.60	0.12	0.03	0.10	
structure-anchored-vwap	15m	ADAUSD	stop2	118	-0.155	-18.3	0.62	56	-0.211	62	-0.104	0	0.62	0.12	0.03	0.05	
structure-anchored-vwap	15m	ADAUSD	tp1	110	-0.183	-20.1	0.46	49	-0.213	61	-0.159	0	0.57	0.00	0.00	0.10	
structure-anchored-vwap	15m	ADAUSD	levels	110	-0.184	-20.2	0.61	49	-0.166	61	-0.198	0	0.61	0.12	0.03	0.10	
structure-anchored-vwap	15m	ADAUSD	script	110	-0.184	-20.2	0.61	49	-0.166	61	-0.198	0	0.61	0.12	0.03	0.10	
structure-anchored-vwap	15m	ADAUSD	er0.25	31	-0.107	-3.3	0.65	12	0.004	19	-0.177	0	0.65	0.16	0.03	0.13	
structure-anchored-vwap	15m	ADAUSD	confirm1	49	-0.159	-7.8	0.57	21	-0.128	28	-0.183	0	0.57	0.18	0.00	0.00	
structure-anchored-vwap	15m	ADAUSD	er+stop1.5	34	-0.123	-4.2	0.65	14	-0.139	20	-0.112	0	0.65	0.12	0.03	0.12	
structure-anchored-vwap	15m	ADAUSD	er+stop2	34	-0.087	-3.0	0.65	14	-0.075	20	-0.096	0	0.65	0.12	0.03	0.06	
structure-anchored-vwap	15m	ADAUSD	confirm1+er	10	-0.144	-1.4	0.60	5	-0.616	5	0.329	0	0.60	0.20	0.00	0.00	
structure-anchored-vwap	15m	ADAUSD	inverted	92	-0.092	-8.4	0.67	35	-0.116	57	-0.077	0	0.67	0.20	0.00	0.20	
structure-anchored-vwap	15m	ADAUSD	long	56	-0.243	-13.6	0.55	22	-0.136	34	-0.313	0	0.55	0.14	0.02	0.16	
structure-anchored-vwap	15m	ADAUSD	short	54	-0.132	-7.1	0.67	27	-0.193	27	-0.071	0	0.67	0.09	0.04	0.04	
structure-anchored-vwap	15m	ADAUSD	label:derived:Structure LH (lower high)	11	-0.170	-1.9	0.64	3	-0.591	8	-0.013	0	0.64	0.18	0.00	0.00	
structure-anchored-vwap	15m	ADAUSD	label:derived:Structure HL (higher low)	17	-0.158	-2.7	0.59	6	0.257	11	-0.384	0	0.59	0.18	0.06	0.24	
structure-anchored-vwap	15m	ADAUSD	label:alert:🔴 SHORT	43	-0.121	-5.2	0.67	24	-0.141	19	-0.096	0	0.67	0.07	0.05	0.05	
structure-anchored-vwap	15m	ADAUSD	label:alert:🟢 LONG	39	-0.269	-10.5	0.54	16	-0.283	23	-0.258	0	0.54	0.13	0.00	0.13	
structure-anchored-vwap	15m	ADAUSD	repaint	129	-0.184	-20.2	0.61	49	-0.166	61	-0.198	0	0.61	0.12	0.03	0.10	0 of 129 earlier entries changed when the last 60 bars were hidden (0%)
structure-anchored-vwap	15m	ADAUSD	verdict	110	-0.184	-20.2	0.61	49	-0.166	61	-0.198	0	0.61	0.12	0.03	0.10	no variant pays in both halves → not a reading, exit or cost problem on this cell; re-time or retire the pair
structure-anchored-vwap	15m	LTCUSD	base	60	-0.131	-7.9	0.58	20	-0.329	40	-0.033	0	0.58	0.23	0.05	0.18	
structure-anchored-vwap	15m	LTCUSD	gross	141	0.059	8.3	0.61	73	0.143	68	-0.031	0	0.60	0.24	0.06	0.19	
structure-anchored-vwap	15m	LTCUSD	stop1.5	71	-0.158	-11.2	0.59	24	-0.329	47	-0.070	0	0.59	0.20	0.03	0.17	
structure-anchored-vwap	15m	LTCUSD	stop2	75	-0.087	-6.5	0.61	27	-0.262	48	0.011	0	0.61	0.20	0.04	0.15	
structure-anchored-vwap	15m	LTCUSD	tp1	60	-0.169	-10.2	0.48	20	-0.214	40	-0.147	0	0.52	0.00	0.00	0.18	
structure-anchored-vwap	15m	LTCUSD	levels	60	-0.131	-7.9	0.58	20	-0.329	40	-0.033	0	0.58	0.23	0.05	0.18	
structure-anchored-vwap	15m	LTCUSD	script	60	-0.131	-7.9	0.58	20	-0.329	40	-0.033	0	0.58	0.23	0.05	0.18	
structure-anchored-vwap	15m	LTCUSD	er0.25	10	0.241	2.4	0.90	1	0.352	9	0.229	0	0.90	0.50	0.00	0.00	
structure-anchored-vwap	15m	LTCUSD	confirm1	43	-0.095	-4.1	0.56	15	-0.124	28	-0.080	0	0.53	0.19	0.02	0.05	
structure-anchored-vwap	15m	LTCUSD	er+stop1.5	13	0.148	1.9	0.85	2	0.207	11	0.137	0	0.85	0.46	0.00	0.00	
structure-anchored-vwap	15m	LTCUSD	er+stop2	13	0.130	1.7	0.85	2	0.254	11	0.107	0	0.85	0.38	0.00	0.00	
structure-anchored-vwap	15m	LTCUSD	confirm1+er	11	0.266	2.9	0.73	3	0.403	8	0.215	0	0.73	0.36	0.00	0.00	
structure-anchored-vwap	15m	LTCUSD	inverted	35	-0.141	-4.9	0.60	9	0.269	26	-0.282	0	0.60	0.20	0.09	0.20	
structure-anchored-vwap	15m	LTCUSD	long	33	-0.057	-1.9	0.61	11	-0.163	22	-0.003	0	0.61	0.30	0.06	0.18	
structure-anchored-vwap	15m	LTCUSD	short	27	-0.223	-6.0	0.56	9	-0.531	18	-0.068	0	0.56	0.15	0.04	0.19	
structure-anchored-vwap	15m	LTCUSD	label:alert:🟢 LONG	27	-0.134	-3.6	0.56	9	-0.377	18	-0.012	0	0.56	0.26	0.04	0.22	
structure-anchored-vwap	15m	LTCUSD	label:alert:🔴 SHORT	25	-0.209	-5.2	0.56	8	-0.473	17	-0.085	0	0.56	0.16	0.04	0.20	
structure-anchored-vwap	15m	LTCUSD	repaint	141	-0.131	-7.9	0.58	20	-0.329	40	-0.033	0	0.58	0.23	0.05	0.18	0 of 141 earlier entries changed when the last 60 bars were hidden (0%)
structure-anchored-vwap	15m	LTCUSD	verdict	60	-0.131	-7.9	0.58	20	-0.329	40	-0.033	0	0.58	0.23	0.05	0.18	no variant pays in both halves → not a reading, exit or cost problem on this cell; re-time or retire the pair
structure-anchored-vwap	15m	BCHUSD	base	62	0.259	16.1	0.82	19	0.373	43	0.209	1	0.82	0.34	0.16	0.02	
structure-anchored-vwap	15m	BCHUSD	gross	153	0.185	28.3	0.69	83	0.095	70	0.292	1	0.69	0.29	0.11	0.11	
structure-anchored-vwap	15m	BCHUSD	stop1.5	74	0.228	16.9	0.77	20	0.346	54	0.184	1	0.77	0.30	0.15	0.01	
structure-anchored-vwap	15m	BCHUSD	stop2	82	0.189	15.5	0.77	25	0.199	57	0.185	1	0.77	0.28	0.13	0.01	
structure-anchored-vwap	15m	BCHUSD	tp1	60	0.110	6.6	0.65	18	0.409	42	-0.018	0	0.67	0.00	0.00	0.02	
structure-anchored-vwap	15m	BCHUSD	levels	62	0.259	16.1	0.82	19	0.373	43	0.209	1	0.82	0.34	0.16	0.02	
structure-anchored-vwap	15m	BCHUSD	script	62	0.259	16.1	0.82	19	0.373	43	0.209	1	0.82	0.34	0.16	0.02	
structure-anchored-vwap	15m	BCHUSD	er0.25	15	0.385	5.8	0.87	5	0.419	10	0.369	1	0.87	0.47	0.13	0.00	
structure-anchored-vwap	15m	BCHUSD	confirm1	51	-0.060	-3.0	0.57	18	-0.075	33	-0.051	0	0.53	0.18	0.04	0.06	
structure-anchored-vwap	15m	BCHUSD	er+stop1.5	18	0.208	3.7	0.78	6	0.321	12	0.151	1	0.78	0.28	0.11	0.00	
structure-anchored-vwap	15m	BCHUSD	er+stop2	24	0.144	3.5	0.75	10	0.011	14	0.239	1	0.71	0.25	0.13	0.00	
structure-anchored-vwap	15m	BCHUSD	confirm1+er	14	-0.143	-2.0	0.50	3	-0.515	11	-0.041	0	0.50	0.29	0.07	0.21	
structure-anchored-vwap	15m	BCHUSD	inverted	32	-0.342	-10.9	0.47	8	-0.496	24	-0.290	0	0.47	0.09	0.03	0.22	
structure-anchored-vwap	15m	BCHUSD	long	37	0.225	8.3	0.78	11	0.263	26	0.209	1	0.78	0.32	0.16	0.03	
structure-anchored-vwap	15m	BCHUSD	short	25	0.309	7.7	0.88	8	0.524	17	0.208	1	0.88	0.36	0.16	0.00	
structure-anchored-vwap	15m	BCHUSD	label:alert:🟢 LONG	33	0.302	10.0	0.82	10	0.389	23	0.264	1	0.82	0.36	0.18	0.03	
structure-anchored-vwap	15m	BCHUSD	label:alert:🔴 SHORT	21	0.261	5.5	0.86	6	0.511	15	0.161	1	0.86	0.29	0.14	0.00	
structure-anchored-vwap	15m	BCHUSD	repaint	155	0.259	16.1	0.82	19	0.373	43	0.209	1	0.82	0.34	0.16	0.02	0 of 155 earlier entries changed when the last 60 bars were hidden (0%)
structure-anchored-vwap	15m	BCHUSD	verdict	62	0.259	16.1	0.82	19	0.373	43	0.209	1	0.82	0.34	0.16	0.02	pays as read → nothing to fix; measure in shadow
structure-anchored-vwap	15m	LINKUSD	base	68	-0.188	-12.8	0.57	25	0.015	43	-0.306	0	0.57	0.21	0.06	0.18	
structure-anchored-vwap	15m	LINKUSD	gross	140	-0.052	-7.3	0.58	78	0.071	62	-0.207	0	0.58	0.23	0.06	0.18	
structure-anchored-vwap	15m	LINKUSD	stop1.5	78	-0.209	-16.3	0.56	33	-0.082	45	-0.302	0	0.56	0.19	0.05	0.17	
structure-anchored-vwap	15m	LINKUSD	stop2	85	-0.172	-14.6	0.56	37	-0.012	48	-0.296	0	0.56	0.22	0.08	0.13	
structure-anchored-vwap	15m	LINKUSD	tp1	68	-0.165	-11.2	0.49	25	-0.044	43	-0.235	0	0.47	0.00	0.00	0.18	
structure-anchored-vwap	15m	LINKUSD	levels	68	-0.188	-12.8	0.57	25	0.015	43	-0.306	0	0.57	0.21	0.06	0.18	
structure-anchored-vwap	15m	LINKUSD	script	68	-0.188	-12.8	0.57	25	0.015	43	-0.306	0	0.57	0.21	0.06	0.18	
structure-anchored-vwap	15m	LINKUSD	er0.25	13	-0.377	-4.9	0.46	5	-0.229	8	-0.469	0	0.46	0.08	0.00	0.38	
structure-anchored-vwap	15m	LINKUSD	confirm1	41	0.026	1.1	0.73	23	0.155	18	-0.138	0	0.76	0.12	0.05	0.02	
structure-anchored-vwap	15m	LINKUSD	er+stop1.5	15	-0.437	-6.6	0.40	7	-0.449	8	-0.427	0	0.40	0.13	0.00	0.33	
structure-anchored-vwap	15m	LINKUSD	er+stop2	16	-0.300	-4.8	0.50	8	-0.156	8	-0.445	0	0.50	0.13	0.00	0.25	
structure-anchored-vwap	15m	LINKUSD	confirm1+er	12	-0.185	-2.2	0.50	6	0.110	6	-0.481	0	0.50	0.08	0.08	0.08	
structure-anchored-vwap	15m	LINKUSD	inverted	41	0.187	7.7	0.76	11	-0.026	30	0.264	0	0.76	0.32	0.07	0.20	
structure-anchored-vwap	15m	LINKUSD	long	42	-0.167	-7.0	0.60	18	-0.080	24	-0.233	0	0.60	0.17	0.05	0.17	
structure-anchored-vwap	15m	LINKUSD	short	26	-0.221	-5.7	0.54	7	0.257	19	-0.397	0	0.54	0.27	0.08	0.19	
structure-anchored-vwap	15m	LINKUSD	label:alert:🔴 SHORT	23	-0.170	-3.9	0.57	7	0.257	16	-0.358	0	0.57	0.30	0.09	0.17	
structure-anchored-vwap	15m	LINKUSD	label:alert:🟢 LONG	37	-0.195	-7.2	0.57	16	-0.129	21	-0.245	0	0.57	0.14	0.05	0.19	
structure-anchored-vwap	15m	LINKUSD	repaint	142	-0.188	-12.8	0.57	25	0.015	43	-0.306	0	0.57	0.21	0.06	0.18	0 of 142 earlier entries changed when the last 60 bars were hidden (0%)
structure-anchored-vwap	15m	LINKUSD	verdict	68	-0.188	-12.8	0.57	25	0.015	43	-0.306	0	0.57	0.21	0.06	0.18	no variant pays in both halves → not a reading, exit or cost problem on this cell; re-time or retire the pair
structure-anchored-vwap	15m	SUIUSD	base	60	0.096	5.8	0.63	12	0.261	48	0.055	1	0.62	0.30	0.12	0.12	
structure-anchored-vwap	15m	SUIUSD	gross	137	0.265	36.3	0.61	74	0.333	63	0.186	1	0.59	0.33	0.12	0.18	
structure-anchored-vwap	15m	SUIUSD	stop1.5	63	0.054	3.4	0.60	13	0.128	50	0.035	1	0.59	0.27	0.11	0.11	
structure-anchored-vwap	15m	SUIUSD	stop2	72	0.064	4.6	0.63	17	-0.107	55	0.117	0	0.61	0.29	0.08	0.10	
structure-anchored-vwap	15m	SUIUSD	tp1	59	-0.059	-3.5	0.54	11	-0.045	48	-0.062	0	0.53	0.00	0.00	0.12	
structure-anchored-vwap	15m	SUIUSD	levels	60	0.096	5.8	0.63	12	0.261	48	0.055	1	0.62	0.30	0.12	0.12	
structure-anchored-vwap	15m	SUIUSD	script	60	0.096	5.8	0.63	12	0.261	48	0.055	1	0.62	0.30	0.12	0.12	
structure-anchored-vwap	15m	SUIUSD	er0.25	17	0.284	4.8	0.71	3	1.000	14	0.131	0	0.71	0.53	0.24	0.00	
structure-anchored-vwap	15m	SUIUSD	confirm1	42	0.083	3.5	0.71	17	0.194	25	0.007	1	0.67	0.17	0.02	0.05	
structure-anchored-vwap	15m	SUIUSD	er+stop1.5	17	0.138	2.3	0.65	3	0.872	14	-0.020	0	0.65	0.53	0.18	0.00	
structure-anchored-vwap	15m	SUIUSD	er+stop2	21	0.350	7.3	0.71	4	0.292	17	0.363	0	0.71	0.52	0.14	0.00	
structure-anchored-vwap	15m	SUIUSD	confirm1+er	10	0.285	2.8	0.90	3	0.448	7	0.215	0	0.80	0.30	0.00	0.00	
structure-anchored-vwap	15m	SUIUSD	inverted	46	0.116	5.3	0.67	9	-0.073	37	0.162	0	0.67	0.35	0.13	0.26	
structure-anchored-vwap	15m	SUIUSD	long	34	-0.081	-2.8	0.59	9	-0.147	25	-0.058	0	0.59	0.26	0.06	0.18	
structure-anchored-vwap	15m	SUIUSD	short	26	0.328	8.5	0.69	3	1.485	23	0.177	0	0.65	0.35	0.19	0.04	
structure-anchored-vwap	15m	SUIUSD	label:alert:🔴 SHORT	21	0.077	1.6	0.62	2	1.395	19	-0.062	0	0.57	0.24	0.10	0.05	
structure-anchored-vwap	15m	SUIUSD	label:alert:🟢 LONG	26	-0.163	-4.2	0.58	8	-0.240	18	-0.128	0	0.58	0.23	0.04	0.19	
structure-anchored-vwap	15m	SUIUSD	repaint	136	0.096	5.8	0.63	12	0.261	48	0.055	1	0.62	0.30	0.12	0.12	0 of 136 earlier entries changed when the last 60 bars were hidden (0%)
structure-anchored-vwap	15m	SUIUSD	verdict	60	0.096	5.8	0.63	12	0.261	48	0.055	1	0.62	0.30	0.12	0.12	pays as read → nothing to fix; measure in shadow
structure-anchored-vwap	15m	NEARUSD	base	94	0.237	22.3	0.76	31	0.289	63	0.212	1	0.76	0.32	0.11	0.13	
structure-anchored-vwap	15m	NEARUSD	gross	143	0.358	51.2	0.70	71	0.428	72	0.289	1	0.69	0.34	0.11	0.15	
structure-anchored-vwap	15m	NEARUSD	stop1.5	100	0.177	17.7	0.73	35	0.193	65	0.168	1	0.73	0.26	0.10	0.11	
structure-anchored-vwap	15m	NEARUSD	stop2	104	0.234	24.3	0.76	37	0.243	67	0.229	1	0.76	0.29	0.12	0.10	
structure-anchored-vwap	15m	NEARUSD	tp1	94	0.138	13.0	0.64	31	0.178	63	0.118	1	0.56	0.00	0.00	0.13	
structure-anchored-vwap	15m	NEARUSD	levels	94	0.237	22.3	0.76	31	0.289	63	0.212	1	0.76	0.32	0.11	0.13	
structure-anchored-vwap	15m	NEARUSD	script	94	0.237	22.3	0.76	31	0.289	63	0.212	1	0.76	0.32	0.11	0.13	
structure-anchored-vwap	15m	NEARUSD	er0.25	22	0.017	0.4	0.68	8	-0.097	14	0.082	0	0.68	0.32	0.05	0.18	
structure-anchored-vwap	15m	NEARUSD	confirm1	47	0.209	9.8	0.64	18	0.020	29	0.326	1	0.57	0.28	0.09	0.06	
structure-anchored-vwap	15m	NEARUSD	er+stop1.5	25	0.031	0.8	0.72	10	-0.047	15	0.084	0	0.72	0.24	0.04	0.20	
structure-anchored-vwap	15m	NEARUSD	er+stop2	27	0.126	3.4	0.74	11	0.088	16	0.151	1	0.74	0.30	0.11	0.19	
structure-anchored-vwap	15m	NEARUSD	confirm1+er	8	-0.505	-4.0	0.25	2	-0.748	6	-0.424	0	0.25	0.13	0.00	0.13	
structure-anchored-vwap	15m	NEARUSD	inverted	74	-0.137	-10.1	0.54	15	-0.185	59	-0.124	0	0.54	0.19	0.08	0.32	
structure-anchored-vwap	15m	NEARUSD	long	63	0.284	17.9	0.76	24	0.436	39	0.190	1	0.76	0.33	0.13	0.10	
structure-anchored-vwap	15m	NEARUSD	short	31	0.156	4.8	0.74	7	-0.215	24	0.264	0	0.74	0.29	0.06	0.19	
structure-anchored-vwap	15m	NEARUSD	label:alert:🟢 LONG	48	0.249	12.0	0.77	21	0.324	27	0.191	1	0.77	0.27	0.10	0.10	
structure-anchored-vwap	15m	NEARUSD	label:derived:Structure HL (higher low)	15	0.395	5.9	0.73	3	1.221	12	0.189	0	0.73	0.53	0.20	0.07	
structure-anchored-vwap	15m	NEARUSD	label:alert:🔴 SHORT	27	0.193	5.2	0.78	6	-0.093	21	0.275	0	0.78	0.30	0.07	0.19	
structure-anchored-vwap	15m	NEARUSD	repaint	144	0.237	22.3	0.76	31	0.289	63	0.212	1	0.76	0.32	0.11	0.13	0 of 144 earlier entries changed when the last 60 bars were hidden (0%)
structure-anchored-vwap	15m	NEARUSD	verdict	94	0.237	22.3	0.76	31	0.289	63	0.212	1	0.76	0.32	0.11	0.13	pays as read → nothing to fix; measure in shadow
structure-anchored-vwap	15m	HYPEUSD	base	71	-0.122	-8.7	0.63	38	-0.053	33	-0.202	0	0.63	0.24	0.03	0.13	
structure-anchored-vwap	15m	HYPEUSD	gross	122	0.094	11.5	0.66	61	0.129	61	0.060	1	0.66	0.29	0.07	0.15	
structure-anchored-vwap	15m	HYPEUSD	stop1.5	85	-0.137	-11.6	0.64	43	-0.051	42	-0.224	0	0.64	0.21	0.02	0.13	
structure-anchored-vwap	15m	HYPEUSD	stop2	94	-0.123	-11.5	0.64	46	-0.067	48	-0.176	0	0.64	0.26	0.02	0.10	
structure-anchored-vwap	15m	HYPEUSD	tp1	71	-0.133	-9.4	0.51	38	-0.145	33	-0.119	0	0.55	0.00	0.00	0.13	
structure-anchored-vwap	15m	HYPEUSD	levels	71	-0.122	-8.7	0.63	38	-0.053	33	-0.202	0	0.63	0.24	0.03	0.13	
structure-anchored-vwap	15m	HYPEUSD	script	71	-0.122	-8.7	0.63	38	-0.053	33	-0.202	0	0.63	0.24	0.03	0.13	
structure-anchored-vwap	15m	HYPEUSD	er0.25	19	-0.275	-5.2	0.58	4	-0.691	15	-0.164	0	0.58	0.05	0.00	0.11	
structure-anchored-vwap	15m	HYPEUSD	confirm1	57	-0.099	-5.7	0.60	32	-0.144	25	-0.043	0	0.58	0.12	0.00	0.05	
structure-anchored-vwap	15m	HYPEUSD	er+stop1.5	25	-0.275	-6.9	0.56	6	-0.304	19	-0.266	0	0.56	0.08	0.00	0.16	
structure-anchored-vwap	15m	HYPEUSD	er+stop2	25	-0.289	-7.2	0.56	6	-0.528	19	-0.213	0	0.56	0.08	0.00	0.08	
structure-anchored-vwap	15m	HYPEUSD	confirm1+er	12	-0.010	-0.1	0.67	6	-0.123	6	0.102	0	0.58	0.25	0.00	0.08	
structure-anchored-vwap	15m	HYPEUSD	inverted	36	-0.146	-5.2	0.50	20	-0.222	16	-0.050	0	0.50	0.33	0.11	0.36	
structure-anchored-vwap	15m	HYPEUSD	long	46	-0.099	-4.5	0.65	29	-0.013	17	-0.245	0	0.65	0.20	0.04	0.11	
structure-anchored-vwap	15m	HYPEUSD	short	25	-0.169	-4.2	0.60	9	-0.190	16	-0.157	0	0.60	0.32	0.00	0.16	
structure-anchored-vwap	15m	HYPEUSD	label:alert:🔴 SHORT	25	-0.166	-4.1	0.60	9	-0.183	16	-0.157	0	0.60	0.32	0.00	0.16	
structure-anchored-vwap	15m	HYPEUSD	label:alert:🟢 LONG	42	-0.107	-4.5	0.64	25	-0.013	17	-0.245	0	0.64	0.19	0.05	0.10	
structure-anchored-vwap	15m	HYPEUSD	repaint	122	-0.122	-8.7	0.63	38	-0.053	33	-0.202	0	0.63	0.24	0.03	0.13	0 of 122 earlier entries changed when the last 60 bars were hidden (0%)
structure-anchored-vwap	15m	HYPEUSD	verdict	71	-0.122	-8.7	0.63	38	-0.053	33	-0.202	0	0.63	0.24	0.03	0.13	COSTS: positive before fees, negative after → a slower timeframe or a wider stop/target so each trade pays the round trip several times over
structure-anchored-vwap	1h	ETHUSD	base	57	-0.144	-8.2	0.67	27	-0.250	30	-0.048	0	0.65	0.09	0.02	0.05	
structure-anchored-vwap	1h	ETHUSD	gross	65	-0.087	-5.6	0.63	28	-0.148	37	-0.040	0	0.62	0.09	0.02	0.06	
structure-anchored-vwap	1h	ETHUSD	stop1.5	62	-0.151	-9.3	0.66	28	-0.238	34	-0.079	0	0.65	0.10	0.02	0.02	
structure-anchored-vwap	1h	ETHUSD	stop2	63	-0.149	-9.4	0.67	28	-0.180	35	-0.125	0	0.65	0.08	0.00	0.02	
structure-anchored-vwap	1h	ETHUSD	tp1	57	-0.185	-10.5	0.46	27	-0.318	30	-0.065	0	0.61	0.00	0.00	0.05	
structure-anchored-vwap	1h	ETHUSD	levels	57	-0.144	-8.2	0.67	27	-0.250	30	-0.048	0	0.65	0.09	0.02	0.05	
structure-anchored-vwap	1h	ETHUSD	script	57	-0.144	-8.2	0.67	27	-0.250	30	-0.048	0	0.65	0.09	0.02	0.05	
structure-anchored-vwap	1h	ETHUSD	er0.25	19	-0.197	-3.7	0.58	10	-0.236	9	-0.153	0	0.58	0.11	0.05	0.05	
structure-anchored-vwap	1h	ETHUSD	confirm1	28	-0.210	-5.9	0.54	13	-0.523	15	0.061	0	0.54	0.11	0.04	0.11	
structure-anchored-vwap	1h	ETHUSD	er+stop1.5	22	-0.133	-2.9	0.64	11	-0.206	11	-0.060	0	0.64	0.18	0.05	0.00	
structure-anchored-vwap	1h	ETHUSD	er+stop2	23	-0.192	-4.4	0.61	11	-0.190	12	-0.194	0	0.61	0.09	0.00	0.00	
structure-anchored-vwap	1h	ETHUSD	confirm1+er	7	-0.017	-0.1	0.57	4	-0.664	3	0.847	0	0.57	0.29	0.14	0.14	
structure-anchored-vwap	1h	ETHUSD	inverted	49	-0.237	-11.6	0.59	25	-0.116	24	-0.363	0	0.59	0.14	0.00	0.16	
structure-anchored-vwap	1h	ETHUSD	long	30	-0.138	-4.1	0.70	16	-0.221	14	-0.043	0	0.70	0.07	0.00	0.03	
structure-anchored-vwap	1h	ETHUSD	short	27	-0.144	-3.9	0.63	11	-0.291	16	-0.043	0	0.63	0.11	0.04	0.07	
structure-anchored-vwap	1h	ETHUSD	label:alert:🔴 SHORT	20	-0.038	-0.8	0.75	7	-0.057	13	-0.028	0	0.75	0.10	0.00	0.05	
structure-anchored-vwap	1h	ETHUSD	label:alert:🟢 LONG	23	-0.149	-3.4	0.70	13	-0.244	10	-0.025	0	0.65	0.04	0.00	0.00	
structure-anchored-vwap	1h	ETHUSD	repaint	64	-0.144	-8.2	0.67	27	-0.250	30	-0.048	0	0.65	0.09	0.02	0.05	0 of 64 earlier entries changed when the last 60 bars were hidden (0%)
structure-anchored-vwap	1h	ETHUSD	verdict	57	-0.144	-8.2	0.67	27	-0.250	30	-0.048	0	0.65	0.09	0.02	0.05	no variant pays in both halves → not a reading, exit or cost problem on this cell; re-time or retire the pair
structure-anchored-vwap	1h	BTCUSD	base	48	-0.048	-2.3	0.73	29	0.012	19	-0.140	0	0.73	0.13	0.02	0.06	
structure-anchored-vwap	1h	BTCUSD	gross	60	0.112	6.7	0.70	33	0.175	27	0.034	1	0.70	0.15	0.07	0.10	
structure-anchored-vwap	1h	BTCUSD	stop1.5	51	0.020	1.0	0.75	31	0.112	20	-0.124	0	0.75	0.14	0.06	0.06	
structure-anchored-vwap	1h	BTCUSD	stop2	54	-0.004	-0.2	0.74	32	0.082	22	-0.129	0	0.74	0.13	0.04	0.06	
structure-anchored-vwap	1h	BTCUSD	tp1	48	-0.018	-0.9	0.56	29	-0.088	19	0.088	0	0.65	0.00	0.00	0.06	
structure-anchored-vwap	1h	BTCUSD	levels	48	-0.048	-2.3	0.73	29	0.012	19	-0.140	0	0.73	0.13	0.02	0.06	
structure-anchored-vwap	1h	BTCUSD	script	48	-0.048	-2.3	0.73	29	0.012	19	-0.140	0	0.73	0.13	0.02	0.06	
structure-anchored-vwap	1h	BTCUSD	er0.25	19	0.031	0.6	0.84	13	0.004	6	0.089	1	0.84	0.05	0.00	0.05	
structure-anchored-vwap	1h	BTCUSD	confirm1	24	-0.133	-3.2	0.67	15	-0.289	9	0.127	0	0.67	0.08	0.00	0.00	
structure-anchored-vwap	1h	BTCUSD	er+stop1.5	20	0.147	2.9	0.85	14	0.159	6	0.117	1	0.85	0.05	0.05	0.05	
structure-anchored-vwap	1h	BTCUSD	er+stop2	21	0.107	2.2	0.86	15	0.114	6	0.089	1	0.86	0.05	0.05	0.05	
structure-anchored-vwap	1h	BTCUSD	confirm1+er	8	-0.282	-2.3	0.50	5	-0.663	3	0.352	0	0.50	0.13	0.00	0.00	
structure-anchored-vwap	1h	BTCUSD	inverted	35	-0.025	-0.9	0.69	24	0.066	11	-0.224	0	0.69	0.26	0.06	0.17	
structure-anchored-vwap	1h	BTCUSD	long	26	-0.078	-2.0	0.69	16	-0.019	10	-0.172	0	0.69	0.12	0.04	0.08	
structure-anchored-vwap	1h	BTCUSD	short	22	-0.014	-0.3	0.77	13	0.049	9	-0.104	0	0.77	0.14	0.00	0.05	
structure-anchored-vwap	1h	BTCUSD	label:alert:🔴 SHORT	17	-0.019	-0.3	0.76	9	0.119	8	-0.175	0	0.76	0.12	0.00	0.06	
structure-anchored-vwap	1h	BTCUSD	label:alert:🟢 LONG	23	-0.060	-1.4	0.70	15	0.046	8	-0.258	0	0.70	0.13	0.04	0.09	
structure-anchored-vwap	1h	BTCUSD	repaint	60	-0.048	-2.3	0.73	29	0.012	19	-0.140	0	0.73	0.13	0.02	0.06	0 of 60 earlier entries changed when the last 60 bars were hidden (0%)
structure-anchored-vwap	1h	BTCUSD	verdict	48	-0.048	-2.3	0.73	29	0.012	19	-0.140	0	0.73	0.13	0.02	0.06	COSTS: positive before fees, negative after → a slower timeframe or a wider stop/target so each trade pays the round trip several times over
structure-anchored-vwap	1h	SOLUSD	base	70	-0.150	-10.5	0.63	30	-0.268	40	-0.062	0	0.63	0.11	0.03	0.10	
structure-anchored-vwap	1h	SOLUSD	gross	75	-0.055	-4.1	0.63	30	-0.198	45	0.041	0	0.63	0.12	0.03	0.11	
structure-anchored-vwap	1h	SOLUSD	stop1.5	71	-0.142	-10.1	0.63	29	-0.210	42	-0.096	0	0.63	0.13	0.03	0.08	
structure-anchored-vwap	1h	SOLUSD	stop2	70	-0.041	-2.9	0.70	29	-0.043	41	-0.040	0	0.70	0.13	0.01	0.06	
structure-anchored-vwap	1h	SOLUSD	tp1	70	-0.114	-8.0	0.50	30	-0.220	40	-0.035	0	0.57	0.00	0.00	0.10	
structure-anchored-vwap	1h	SOLUSD	levels	70	-0.150	-10.5	0.63	30	-0.268	40	-0.062	0	0.63	0.11	0.03	0.10	
structure-anchored-vwap	1h	SOLUSD	script	70	-0.150	-10.5	0.63	30	-0.268	40	-0.062	0	0.63	0.11	0.03	0.10	
structure-anchored-vwap	1h	SOLUSD	er0.25	19	-0.111	-2.1	0.63	8	-0.533	11	0.196	0	0.63	0.16	0.05	0.16	
structure-anchored-vwap	1h	SOLUSD	confirm1	29	-0.156	-4.5	0.62	7	-0.451	22	-0.062	0	0.62	0.10	0.00	0.03	
structure-anchored-vwap	1h	SOLUSD	er+stop1.5	22	-0.136	-3.0	0.64	8	-0.533	14	0.091	0	0.64	0.14	0.05	0.14	
structure-anchored-vwap	1h	SOLUSD	er+stop2	22	-0.093	-2.0	0.68	8	-0.533	14	0.159	0	0.68	0.05	0.05	0.14	
structure-anchored-vwap	1h	SOLUSD	confirm1+er	8	-0.138	-1.1	0.63	0	0.000	8	-0.138	0	0.63	0.25	0.00	0.00	
structure-anchored-vwap	1h	SOLUSD	inverted	66	0.019	1.3	0.74	28	0.196	38	-0.111	0	0.74	0.20	0.03	0.14	
structure-anchored-vwap	1h	SOLUSD	long	34	-0.182	-6.2	0.62	18	-0.271	16	-0.083	0	0.62	0.12	0.00	0.12	
structure-anchored-vwap	1h	SOLUSD	short	36	-0.119	-4.3	0.64	12	-0.264	24	-0.047	0	0.64	0.11	0.06	0.08	
structure-anchored-vwap	1h	SOLUSD	label:alert:🔴 SHORT	23	-0.068	-1.6	0.70	6	-0.114	17	-0.052	0	0.70	0.09	0.04	0.04	
structure-anchored-vwap	1h	SOLUSD	label:alert:🟢 LONG	23	-0.086	-2.0	0.70	13	-0.182	10	0.038	0	0.70	0.09	0.00	0.09	
structure-anchored-vwap	1h	SOLUSD	label:derived:Structure LH (lower high)	13	-0.210	-2.7	0.54	6	-0.413	7	-0.036	0	0.54	0.15	0.08	0.15	
structure-anchored-vwap	1h	SOLUSD	label:derived:Structure HL (higher low)	11	-0.383	-4.2	0.45	5	-0.501	6	-0.284	0	0.45	0.18	0.00	0.18	
structure-anchored-vwap	1h	SOLUSD	repaint	76	-0.150	-10.5	0.63	30	-0.268	40	-0.062	0	0.63	0.11	0.03	0.10	0 of 76 earlier entries changed when the last 60 bars were hidden (0%)
structure-anchored-vwap	1h	SOLUSD	verdict	70	-0.150	-10.5	0.63	30	-0.268	40	-0.062	0	0.63	0.11	0.03	0.10	no variant pays in both halves → not a reading, exit or cost problem on this cell; re-time or retire the pair
structure-anchored-vwap	1h	XRPUSD	base	58	-0.060	-3.5	0.71	30	-0.067	28	-0.052	0	0.71	0.14	0.03	0.10	
structure-anchored-vwap	1h	XRPUSD	gross	62	0.032	2.0	0.69	31	0.052	31	0.012	1	0.69	0.15	0.03	0.11	
structure-anchored-vwap	1h	XRPUSD	stop1.5	60	-0.083	-5.0	0.68	29	-0.113	31	-0.054	0	0.68	0.17	0.02	0.07	
structure-anchored-vwap	1h	XRPUSD	stop2	59	-0.007	-0.4	0.66	29	0.113	30	-0.123	0	0.66	0.15	0.05	0.05	
structure-anchored-vwap	1h	XRPUSD	tp1	58	-0.003	-0.2	0.57	30	-0.003	28	-0.003	0	0.69	0.00	0.00	0.10	
structure-anchored-vwap	1h	XRPUSD	levels	58	-0.060	-3.5	0.71	30	-0.067	28	-0.052	0	0.71	0.14	0.03	0.10	
structure-anchored-vwap	1h	XRPUSD	script	58	-0.060	-3.5	0.71	30	-0.067	28	-0.052	0	0.71	0.14	0.03	0.10	
structure-anchored-vwap	1h	XRPUSD	er0.25	22	-0.014	-0.3	0.77	9	-0.046	13	0.009	0	0.77	0.05	0.05	0.09	
structure-anchored-vwap	1h	XRPUSD	confirm1	30	-0.117	-3.5	0.67	18	-0.126	12	-0.104	0	0.67	0.10	0.00	0.13	
structure-anchored-vwap	1h	XRPUSD	er+stop1.5	23	0.007	0.2	0.78	10	-0.037	13	0.041	0	0.78	0.09	0.00	0.09	
structure-anchored-vwap	1h	XRPUSD	er+stop2	23	0.270	6.2	0.78	10	0.608	13	0.010	1	0.78	0.13	0.09	0.09	
structure-anchored-vwap	1h	XRPUSD	confirm1+er	9	0.045	0.4	0.78	6	-0.168	3	0.472	0	0.78	0.11	0.00	0.00	
structure-anchored-vwap	1h	XRPUSD	inverted	52	-0.083	-4.3	0.71	28	-0.053	24	-0.117	0	0.71	0.15	0.02	0.08	
structure-anchored-vwap	1h	XRPUSD	long	29	-0.072	-2.1	0.69	17	-0.188	12	0.091	0	0.69	0.10	0.03	0.10	
structure-anchored-vwap	1h	XRPUSD	short	29	-0.047	-1.4	0.72	13	0.091	16	-0.158	0	0.72	0.17	0.03	0.10	
structure-anchored-vwap	1h	XRPUSD	label:alert:🟢 LONG	22	0.008	0.2	0.73	13	-0.111	9	0.180	0	0.73	0.14	0.05	0.05	
structure-anchored-vwap	1h	XRPUSD	label:derived:Structure LH (lower high)	11	-0.055	-0.6	0.73	5	-0.053	6	-0.058	0	0.73	0.18	0.09	0.09	
structure-anchored-vwap	1h	XRPUSD	label:alert:🔴 SHORT	18	-0.042	-0.7	0.72	8	0.180	10	-0.219	0	0.72	0.17	0.00	0.11	
structure-anchored-vwap	1h	XRPUSD	repaint	63	-0.060	-3.5	0.71	30	-0.067	28	-0.052	0	0.71	0.14	0.03	0.10	0 of 63 earlier entries changed when the last 60 bars were hidden (0%)
structure-anchored-vwap	1h	XRPUSD	verdict	58	-0.060	-3.5	0.71	30	-0.067	28	-0.052	0	0.71	0.14	0.03	0.10	COSTS: positive before fees, negative after → a slower timeframe or a wider stop/target so each trade pays the round trip several times over
structure-anchored-vwap	1h	BNBUSD	base	55	-0.204	-11.2	0.62	24	-0.278	31	-0.147	0	0.62	0.11	0.00	0.07	
structure-anchored-vwap	1h	BNBUSD	gross	73	-0.064	-4.6	0.62	31	-0.153	42	0.002	0	0.62	0.15	0.03	0.10	
structure-anchored-vwap	1h	BNBUSD	stop1.5	65	-0.175	-11.4	0.63	28	-0.212	37	-0.148	0	0.63	0.12	0.00	0.09	
structure-anchored-vwap	1h	BNBUSD	stop2	66	-0.123	-8.1	0.67	28	-0.089	38	-0.147	0	0.67	0.15	0.02	0.08	
structure-anchored-vwap	1h	BNBUSD	tp1	55	-0.106	-5.8	0.53	24	-0.159	31	-0.065	0	0.60	0.00	0.00	0.07	
structure-anchored-vwap	1h	BNBUSD	levels	55	-0.204	-11.2	0.62	24	-0.278	31	-0.147	0	0.62	0.11	0.00	0.07	
structure-anchored-vwap	1h	BNBUSD	script	55	-0.204	-11.2	0.62	24	-0.278	31	-0.147	0	0.62	0.11	0.00	0.07	
structure-anchored-vwap	1h	BNBUSD	er0.25	16	-0.062	-1.0	0.75	7	-0.162	9	0.016	0	0.75	0.06	0.00	0.06	
structure-anchored-vwap	1h	BNBUSD	confirm1	26	0.074	1.9	0.69	8	-0.051	18	0.130	0	0.69	0.27	0.00	0.04	
structure-anchored-vwap	1h	BNBUSD	er+stop1.5	23	-0.128	-3.0	0.65	11	-0.166	12	-0.093	0	0.65	0.13	0.00	0.13	
structure-anchored-vwap	1h	BNBUSD	er+stop2	24	0.007	0.2	0.75	11	0.015	13	0.001	1	0.75	0.17	0.04	0.08	
structure-anchored-vwap	1h	BNBUSD	confirm1+er	8	-0.034	-0.3	0.63	3	0.217	5	-0.184	0	0.63	0.25	0.00	0.00	
structure-anchored-vwap	1h	BNBUSD	inverted	33	-0.188	-6.2	0.58	17	-0.079	16	-0.304	0	0.58	0.15	0.06	0.18	
structure-anchored-vwap	1h	BNBUSD	long	35	-0.226	-7.9	0.60	17	-0.264	18	-0.189	0	0.60	0.14	0.00	0.06	
structure-anchored-vwap	1h	BNBUSD	short	20	-0.180	-3.6	0.65	7	-0.311	13	-0.109	0	0.65	0.05	0.00	0.10	
structure-anchored-vwap	1h	BNBUSD	label:alert:🔴 SHORT	16	-0.031	-0.5	0.75	4	-0.087	12	-0.012	0	0.75	0.06	0.00	0.13	
structure-anchored-vwap	1h	BNBUSD	label:alert:🟢 LONG	30	-0.182	-5.5	0.63	15	-0.166	15	-0.197	0	0.63	0.13	0.00	0.07	
structure-anchored-vwap	1h	BNBUSD	repaint	72	-0.204	-11.2	0.62	24	-0.278	31	-0.147	0	0.62	0.11	0.00	0.07	0 of 72 earlier entries changed when the last 60 bars were hidden (0%)
structure-anchored-vwap	1h	BNBUSD	verdict	55	-0.204	-11.2	0.62	24	-0.278	31	-0.147	0	0.62	0.11	0.00	0.07	no variant pays in both halves → not a reading, exit or cost problem on this cell; re-time or retire the pair
structure-anchored-vwap	1h	DOGEUSD	base	74	-0.141	-10.5	0.64	31	-0.342	43	0.003	0	0.64	0.16	0.01	0.14	
structure-anchored-vwap	1h	DOGEUSD	gross	76	-0.068	-5.2	0.62	31	-0.267	45	0.068	0	0.62	0.16	0.01	0.16	
structure-anchored-vwap	1h	DOGEUSD	stop1.5	76	-0.207	-15.7	0.58	31	-0.330	45	-0.123	0	0.57	0.17	0.01	0.12	
structure-anchored-vwap	1h	DOGEUSD	stop2	74	-0.137	-10.1	0.61	30	-0.209	44	-0.088	0	0.58	0.18	0.04	0.11	
structure-anchored-vwap	1h	DOGEUSD	tp1	74	-0.169	-12.5	0.47	31	-0.329	43	-0.054	0	0.58	0.00	0.00	0.15	
structure-anchored-vwap	1h	DOGEUSD	levels	74	-0.141	-10.5	0.64	31	-0.342	43	0.003	0	0.64	0.16	0.01	0.14	
structure-anchored-vwap	1h	DOGEUSD	script	74	-0.141	-10.5	0.64	31	-0.342	43	0.003	0	0.64	0.16	0.01	0.14	
structure-anchored-vwap	1h	DOGEUSD	er0.25	24	-0.088	-2.1	0.67	9	-0.286	15	0.031	0	0.67	0.08	0.04	0.17	
structure-anchored-vwap	1h	DOGEUSD	confirm1	36	0.055	2.0	0.75	13	-0.293	23	0.252	0	0.75	0.17	0.03	0.06	
structure-anchored-vwap	1h	DOGEUSD	er+stop1.5	25	-0.162	-4.0	0.60	9	-0.274	16	-0.098	0	0.60	0.12	0.04	0.16	
structure-anchored-vwap	1h	DOGEUSD	er+stop2	25	0.034	0.9	0.68	9	0.001	16	0.053	1	0.68	0.16	0.12	0.16	
structure-anchored-vwap	1h	DOGEUSD	confirm1+er	8	0.142	1.1	0.75	4	0.075	4	0.210	0	0.75	0.38	0.00	0.13	
structure-anchored-vwap	1h	DOGEUSD	inverted	66	-0.069	-4.5	0.67	30	0.048	36	-0.165	0	0.67	0.18	0.02	0.11	
structure-anchored-vwap	1h	DOGEUSD	long	34	-0.259	-8.8	0.56	14	-0.464	20	-0.116	0	0.56	0.12	0.00	0.12	
structure-anchored-vwap	1h	DOGEUSD	short	40	-0.042	-1.7	0.70	17	-0.241	23	0.106	0	0.70	0.20	0.03	0.15	
structure-anchored-vwap	1h	DOGEUSD	label:alert:🔴 SHORT	27	0.029	0.8	0.74	11	-0.174	16	0.169	0	0.74	0.22	0.04	0.15	
structure-anchored-vwap	1h	DOGEUSD	label:derived:Structure LH (lower high)	13	-0.189	-2.5	0.62	6	-0.364	7	-0.038	0	0.62	0.15	0.00	0.15	
structure-anchored-vwap	1h	DOGEUSD	label:alert:🟢 LONG	27	-0.391	-10.6	0.44	12	-0.582	15	-0.238	0	0.44	0.15	0.00	0.15	
structure-anchored-vwap	1h	DOGEUSD	repaint	74	-0.141	-10.5	0.64	31	-0.342	43	0.003	0	0.64	0.16	0.01	0.14	0 of 74 earlier entries changed when the last 60 bars were hidden (0%)
structure-anchored-vwap	1h	DOGEUSD	verdict	74	-0.141	-10.5	0.64	31	-0.342	43	0.003	0	0.64	0.16	0.01	0.14	no variant pays in both halves → not a reading, exit or cost problem on this cell; re-time or retire the pair
structure-anchored-vwap	1h	AVAXUSD	base	72	0.047	3.4	0.72	28	0.109	44	0.007	1	0.72	0.19	0.04	0.10	
structure-anchored-vwap	1h	AVAXUSD	gross	72	0.145	10.5	0.72	28	0.214	44	0.102	1	0.72	0.19	0.04	0.10	
structure-anchored-vwap	1h	AVAXUSD	stop1.5	71	0.040	2.8	0.73	28	0.115	43	-0.009	0	0.72	0.17	0.03	0.10	
structure-anchored-vwap	1h	AVAXUSD	stop2	70	0.032	2.2	0.74	27	0.073	43	0.007	1	0.73	0.16	0.03	0.10	
structure-anchored-vwap	1h	AVAXUSD	tp1	72	0.019	1.4	0.57	28	0.156	44	-0.068	0	0.63	0.00	0.00	0.13	
structure-anchored-vwap	1h	AVAXUSD	levels	72	0.047	3.4	0.72	28	0.109	44	0.007	1	0.72	0.19	0.04	0.10	
structure-anchored-vwap	1h	AVAXUSD	script	72	0.047	3.4	0.72	28	0.109	44	0.007	1	0.72	0.19	0.04	0.10	
structure-anchored-vwap	1h	AVAXUSD	er0.25	24	0.323	7.8	0.83	8	0.146	16	0.411	1	0.83	0.25	0.08	0.04	
structure-anchored-vwap	1h	AVAXUSD	confirm1	39	0.071	2.8	0.69	16	-0.020	23	0.134	0	0.69	0.15	0.03	0.08	
structure-anchored-vwap	1h	AVAXUSD	er+stop1.5	24	0.232	5.6	0.83	8	0.228	16	0.234	1	0.83	0.17	0.04	0.08	
structure-anchored-vwap	1h	AVAXUSD	er+stop2	24	0.148	3.6	0.79	8	0.048	16	0.198	1	0.79	0.17	0.04	0.08	
structure-anchored-vwap	1h	AVAXUSD	confirm1+er	13	0.230	3.0	0.77	4	0.514	9	0.104	0	0.77	0.31	0.08	0.08	
structure-anchored-vwap	1h	AVAXUSD	inverted	71	-0.148	-10.5	0.61	27	-0.224	44	-0.102	0	0.61	0.18	0.03	0.27	
structure-anchored-vwap	1h	AVAXUSD	long	44	-0.092	-4.0	0.64	18	-0.008	26	-0.149	0	0.64	0.11	0.02	0.14	
structure-anchored-vwap	1h	AVAXUSD	short	28	0.264	7.4	0.86	10	0.319	18	0.234	1	0.86	0.32	0.07	0.04	
structure-anchored-vwap	1h	AVAXUSD	label:alert:🔴 SHORT	20	0.369	7.4	0.95	6	0.314	14	0.392	1	0.95	0.30	0.05	0.05	
structure-anchored-vwap	1h	AVAXUSD	label:alert:🟢 LONG	35	-0.159	-5.6	0.63	16	-0.029	19	-0.269	0	0.63	0.09	0.00	0.14	
structure-anchored-vwap	1h	AVAXUSD	repaint	71	0.047	3.4	0.72	28	0.109	44	0.007	1	0.72	0.19	0.04	0.10	0 of 71 earlier entries changed when the last 60 bars were hidden (0%)
structure-anchored-vwap	1h	AVAXUSD	verdict	72	0.047	3.4	0.72	28	0.109	44	0.007	1	0.72	0.19	0.04	0.10	pays as read → nothing to fix; measure in shadow
structure-anchored-vwap	1h	ADAUSD	base	50	-0.100	-5.0	0.64	20	-0.111	30	-0.093	0	0.64	0.16	0.02	0.08	
structure-anchored-vwap	1h	ADAUSD	gross	50	-0.035	-1.8	0.64	20	-0.033	30	-0.036	0	0.64	0.16	0.02	0.08	
structure-anchored-vwap	1h	ADAUSD	stop1.5	49	-0.141	-6.9	0.61	20	-0.139	29	-0.143	0	0.61	0.16	0.00	0.08	
structure-anchored-vwap	1h	ADAUSD	stop2	49	-0.161	-7.9	0.59	20	-0.107	29	-0.199	0	0.59	0.14	0.00	0.08	
structure-anchored-vwap	1h	ADAUSD	tp1	49	-0.020	-1.0	0.53	20	0.091	29	-0.097	0	0.61	0.00	0.00	0.08	
structure-anchored-vwap	1h	ADAUSD	levels	50	-0.100	-5.0	0.64	20	-0.111	30	-0.093	0	0.64	0.16	0.02	0.08	
structure-anchored-vwap	1h	ADAUSD	script	50	-0.100	-5.0	0.64	20	-0.111	30	-0.093	0	0.64	0.16	0.02	0.08	
structure-anchored-vwap	1h	ADAUSD	er0.25	13	0.089	1.2	0.69	6	0.063	7	0.112	1	0.69	0.38	0.08	0.15	
structure-anchored-vwap	1h	ADAUSD	confirm1	23	-0.115	-2.6	0.61	8	-0.329	15	-0.001	0	0.61	0.22	0.00	0.09	
structure-anchored-vwap	1h	ADAUSD	er+stop1.5	13	0.038	0.5	0.69	6	-0.008	7	0.076	0	0.69	0.38	0.00	0.15	
structure-anchored-vwap	1h	ADAUSD	er+stop2	13	-0.075	-1.0	0.62	6	-0.031	7	-0.113	0	0.62	0.31	0.00	0.15	
structure-anchored-vwap	1h	ADAUSD	confirm1+er	8	-0.498	-4.0	0.38	4	-0.623	4	-0.372	0	0.38	0.00	0.00	0.25	
structure-anchored-vwap	1h	ADAUSD	inverted	49	0.071	3.5	0.69	20	-0.043	29	0.149	0	0.69	0.18	0.06	0.20	
structure-anchored-vwap	1h	ADAUSD	long	30	-0.011	-0.3	0.70	13	-0.092	17	0.051	0	0.70	0.20	0.00	0.07	
structure-anchored-vwap	1h	ADAUSD	short	20	-0.233	-4.7	0.55	7	-0.144	13	-0.281	0	0.55	0.10	0.05	0.10	
structure-anchored-vwap	1h	ADAUSD	label:alert:🟢 LONG	20	0.002	0.0	0.70	10	-0.087	10	0.091	0	0.70	0.20	0.00	0.10	
structure-anchored-vwap	1h	ADAUSD	label:derived:Structure HL (higher low)	10	-0.037	-0.4	0.70	3	-0.109	7	-0.006	0	0.70	0.20	0.00	0.00	
structure-anchored-vwap	1h	ADAUSD	label:alert:🔴 SHORT	13	-0.255	-3.3	0.54	4	-0.318	9	-0.227	0	0.54	0.08	0.00	0.15	
structure-anchored-vwap	1h	ADAUSD	repaint	50	-0.100	-5.0	0.64	20	-0.111	30	-0.093	0	0.64	0.16	0.02	0.08	0 of 50 earlier entries changed when the last 60 bars were hidden (0%)
structure-anchored-vwap	1h	ADAUSD	verdict	50	-0.100	-5.0	0.64	20	-0.111	30	-0.093	0	0.64	0.16	0.02	0.08	WHIPSAW: pays only when the market is moving efficiently → efficiency-ratio gate ≥ 0.25 on this timeframe
structure-anchored-vwap	1h	LTCUSD	base	59	-0.149	-8.8	0.64	32	-0.190	27	-0.101	0	0.64	0.05	0.02	0.05	
structure-anchored-vwap	1h	LTCUSD	gross	62	-0.053	-3.3	0.65	33	-0.121	29	0.025	0	0.65	0.05	0.02	0.06	
structure-anchored-vwap	1h	LTCUSD	stop1.5	61	-0.103	-6.3	0.66	33	-0.204	28	0.017	0	0.66	0.08	0.03	0.05	
structure-anchored-vwap	1h	LTCUSD	stop2	60	-0.120	-7.2	0.63	32	-0.166	28	-0.068	0	0.63	0.12	0.03	0.03	
structure-anchored-vwap	1h	LTCUSD	tp1	59	-0.191	-11.3	0.46	32	-0.228	27	-0.148	0	0.64	0.00	0.00	0.05	
structure-anchored-vwap	1h	LTCUSD	levels	59	-0.149	-8.8	0.64	32	-0.190	27	-0.101	0	0.64	0.05	0.02	0.05	
structure-anchored-vwap	1h	LTCUSD	script	59	-0.149	-8.8	0.64	32	-0.190	27	-0.101	0	0.64	0.05	0.02	0.05	
structure-anchored-vwap	1h	LTCUSD	er0.25	12	-0.215	-2.6	0.58	8	-0.143	4	-0.359	0	0.58	0.08	0.00	0.08	
structure-anchored-vwap	1h	LTCUSD	confirm1	34	-0.029	-1.0	0.62	17	-0.206	17	0.149	0	0.62	0.12	0.03	0.03	
structure-anchored-vwap	1h	LTCUSD	er+stop1.5	12	0.009	0.1	0.75	8	0.046	4	-0.064	0	0.75	0.17	0.00	0.00	
structure-anchored-vwap	1h	LTCUSD	er+stop2	12	-0.198	-2.4	0.58	8	0.035	4	-0.664	0	0.58	0.08	0.00	0.00	
structure-anchored-vwap	1h	LTCUSD	confirm1+er	5	-0.018	-0.1	0.60	4	-0.096	1	0.293	0	0.60	0.20	0.00	0.00	
structure-anchored-vwap	1h	LTCUSD	inverted	53	-0.070	-3.7	0.64	30	-0.187	23	0.081	0	0.64	0.25	0.04	0.21	
structure-anchored-vwap	1h	LTCUSD	long	36	-0.058	-2.1	0.69	20	-0.078	16	-0.034	0	0.69	0.08	0.03	0.06	
structure-anchored-vwap	1h	LTCUSD	short	23	-0.292	-6.7	0.57	12	-0.377	11	-0.199	0	0.57	0.00	0.00	0.04	
structure-anchored-vwap	1h	LTCUSD	label:alert:🟢 LONG	27	-0.013	-0.4	0.70	16	-0.072	11	0.072	0	0.70	0.11	0.04	0.07	
structure-anchored-vwap	1h	LTCUSD	label:alert:🔴 SHORT	16	-0.279	-4.5	0.56	7	-0.451	9	-0.146	0	0.56	0.00	0.00	0.00	
structure-anchored-vwap	1h	LTCUSD	repaint	62	-0.149	-8.8	0.64	32	-0.190	27	-0.101	0	0.64	0.05	0.02	0.05	0 of 62 earlier entries changed when the last 60 bars were hidden (0%)
structure-anchored-vwap	1h	LTCUSD	verdict	59	-0.149	-8.8	0.64	32	-0.190	27	-0.101	0	0.64	0.05	0.02	0.05	no variant pays in both halves → not a reading, exit or cost problem on this cell; re-time or retire the pair
structure-anchored-vwap	1h	BCHUSD	base	45	-0.029	-1.3	0.69	20	-0.240	25	0.140	0	0.69	0.18	0.02	0.04	
structure-anchored-vwap	1h	BCHUSD	gross	46	0.038	1.8	0.67	21	-0.208	25	0.245	0	0.67	0.17	0.02	0.07	
structure-anchored-vwap	1h	BCHUSD	stop1.5	46	-0.033	-1.5	0.67	21	-0.192	25	0.101	0	0.67	0.17	0.04	0.02	
structure-anchored-vwap	1h	BCHUSD	stop2	46	0.037	1.7	0.70	21	-0.015	25	0.080	0	0.70	0.17	0.04	0.02	
structure-anchored-vwap	1h	BCHUSD	tp1	45	-0.176	-7.9	0.44	20	-0.469	25	0.059	0	0.64	0.00	0.00	0.04	
structure-anchored-vwap	1h	BCHUSD	levels	45	-0.029	-1.3	0.69	20	-0.240	25	0.140	0	0.69	0.18	0.02	0.04	
structure-anchored-vwap	1h	BCHUSD	script	45	-0.029	-1.3	0.69	20	-0.240	25	0.140	0	0.69	0.18	0.02	0.04	
structure-anchored-vwap	1h	BCHUSD	er0.25	10	-0.327	-3.3	0.50	4	-1.000	6	0.122	0	0.50	0.10	0.00	0.10	
structure-anchored-vwap	1h	BCHUSD	confirm1	23	-0.138	-3.2	0.48	6	-0.256	17	-0.097	0	0.48	0.22	0.00	0.09	
structure-anchored-vwap	1h	BCHUSD	er+stop1.5	10	-0.185	-1.8	0.60	4	-0.686	6	0.149	0	0.60	0.10	0.00	0.10	
structure-anchored-vwap	1h	BCHUSD	er+stop2	10	-0.314	-3.1	0.50	4	-0.671	6	-0.076	0	0.50	0.10	0.00	0.10	
structure-anchored-vwap	1h	BCHUSD	confirm1+er	2	-0.256	-0.5	0.50	0	0.000	2	-0.256	0	0.50	0.50	0.00	0.50	
structure-anchored-vwap	1h	BCHUSD	inverted	42	-0.177	-7.4	0.55	19	-0.053	23	-0.279	0	0.55	0.17	0.07	0.21	
structure-anchored-vwap	1h	BCHUSD	long	25	-0.128	-3.2	0.60	13	-0.415	12	0.183	0	0.60	0.16	0.04	0.04	
structure-anchored-vwap	1h	BCHUSD	short	20	0.095	1.9	0.80	7	0.083	13	0.101	1	0.80	0.20	0.00	0.05	
structure-anchored-vwap	1h	BCHUSD	label:alert:🔴 SHORT	13	0.102	1.3	0.77	4	0.208	9	0.055	0	0.77	0.23	0.00	0.08	
structure-anchored-vwap	1h	BCHUSD	label:alert:🟢 LONG	19	0.066	1.3	0.74	9	-0.155	10	0.264	0	0.74	0.16	0.05	0.00	
structure-anchored-vwap	1h	BCHUSD	repaint	47	-0.029	-1.3	0.69	20	-0.240	25	0.140	0	0.69	0.18	0.02	0.04	0 of 47 earlier entries changed when the last 60 bars were hidden (0%)
structure-anchored-vwap	1h	BCHUSD	verdict	45	-0.029	-1.3	0.69	20	-0.240	25	0.140	0	0.69	0.18	0.02	0.04	READING: longs lose, shorts pay → short-only on this market
structure-anchored-vwap	1h	LINKUSD	base	57	-0.129	-7.4	0.61	25	-0.201	32	-0.073	0	0.61	0.14	0.09	0.18	
structure-anchored-vwap	1h	LINKUSD	gross	58	-0.027	-1.6	0.62	25	-0.105	33	0.031	0	0.62	0.14	0.09	0.17	
structure-anchored-vwap	1h	LINKUSD	stop1.5	58	-0.109	-6.3	0.62	25	-0.201	33	-0.039	0	0.62	0.16	0.03	0.16	
structure-anchored-vwap	1h	LINKUSD	stop2	57	-0.137	-7.8	0.60	24	-0.189	33	-0.099	0	0.60	0.14	0.04	0.16	
structure-anchored-vwap	1h	LINKUSD	tp1	57	-0.152	-8.7	0.47	25	-0.153	32	-0.151	0	0.60	0.00	0.00	0.19	
structure-anchored-vwap	1h	LINKUSD	levels	57	-0.129	-7.4	0.61	25	-0.201	32	-0.073	0	0.61	0.14	0.09	0.18	
structure-anchored-vwap	1h	LINKUSD	script	57	-0.129	-7.4	0.61	25	-0.201	32	-0.073	0	0.61	0.14	0.09	0.18	
structure-anchored-vwap	1h	LINKUSD	er0.25	14	-0.107	-1.5	0.64	6	0.172	8	-0.317	0	0.64	0.07	0.07	0.14	
structure-anchored-vwap	1h	LINKUSD	confirm1	25	-0.207	-5.2	0.56	11	-0.333	14	-0.108	0	0.56	0.08	0.00	0.08	
structure-anchored-vwap	1h	LINKUSD	er+stop1.5	14	-0.041	-0.6	0.71	6	0.101	8	-0.147	0	0.71	0.07	0.00	0.07	
structure-anchored-vwap	1h	LINKUSD	er+stop2	14	-0.057	-0.8	0.71	6	0.078	8	-0.158	0	0.71	0.07	0.00	0.07	
structure-anchored-vwap	1h	LINKUSD	confirm1+er	5	-0.225	-1.1	0.60	2	-0.967	3	0.270	0	0.60	0.00	0.00	0.20	
structure-anchored-vwap	1h	LINKUSD	inverted	55	0.131	7.2	0.73	24	0.148	31	0.117	1	0.73	0.33	0.07	0.22	
structure-anchored-vwap	1h	LINKUSD	long	35	-0.154	-5.4	0.60	17	-0.252	18	-0.063	0	0.60	0.14	0.06	0.14	
structure-anchored-vwap	1h	LINKUSD	short	22	-0.089	-2.0	0.64	8	-0.094	14	-0.087	0	0.64	0.14	0.14	0.23	
structure-anchored-vwap	1h	LINKUSD	label:derived:Structure HL (higher low)	10	0.091	0.9	0.80	4	-0.134	6	0.240	0	0.80	0.20	0.10	0.10	
structure-anchored-vwap	1h	LINKUSD	label:alert:🔴 SHORT	14	-0.217	-3.0	0.57	4	-0.369	10	-0.156	0	0.57	0.07	0.07	0.29	
structure-anchored-vwap	1h	LINKUSD	label:alert:🟢 LONG	25	-0.252	-6.3	0.52	13	-0.288	12	-0.214	0	0.52	0.12	0.04	0.16	
structure-anchored-vwap	1h	LINKUSD	repaint	58	-0.129	-7.4	0.61	25	-0.201	32	-0.073	0	0.61	0.14	0.09	0.18	0 of 58 earlier entries changed when the last 60 bars were hidden (0%)
structure-anchored-vwap	1h	LINKUSD	verdict	57	-0.129	-7.4	0.61	25	-0.201	32	-0.073	0	0.61	0.14	0.09	0.18	READING: direction inverted → the signals mean the opposite of how they are read (a warning read as an entry, a state read as a flip); invert or restrict the source
structure-anchored-vwap	1h	SUIUSD	base	59	-0.086	-5.1	0.64	27	-0.046	32	-0.120	0	0.64	0.20	0.02	0.05	
structure-anchored-vwap	1h	SUIUSD	gross	62	-0.003	-0.2	0.65	27	0.048	35	-0.042	0	0.65	0.19	0.02	0.06	
structure-anchored-vwap	1h	SUIUSD	stop1.5	62	-0.102	-6.3	0.61	27	-0.051	35	-0.141	0	0.61	0.18	0.03	0.06	
structure-anchored-vwap	1h	SUIUSD	stop2	62	-0.084	-5.2	0.63	27	0.037	35	-0.177	0	0.63	0.19	0.03	0.06	
structure-anchored-vwap	1h	SUIUSD	tp1	59	-0.129	-7.6	0.49	27	-0.152	32	-0.109	0	0.59	0.00	0.00	0.05	
structure-anchored-vwap	1h	SUIUSD	levels	59	-0.086	-5.1	0.64	27	-0.046	32	-0.120	0	0.64	0.20	0.02	0.05	
structure-anchored-vwap	1h	SUIUSD	script	59	-0.086	-5.1	0.64	27	-0.046	32	-0.120	0	0.64	0.20	0.02	0.05	
structure-anchored-vwap	1h	SUIUSD	er0.25	15	0.121	1.8	0.73	5	0.383	10	-0.010	0	0.73	0.27	0.07	0.07	
structure-anchored-vwap	1h	SUIUSD	confirm1	35	-0.000	-0.0	0.66	15	0.020	20	-0.015	0	0.66	0.17	0.00	0.09	
structure-anchored-vwap	1h	SUIUSD	er+stop1.5	18	0.041	0.7	0.72	5	0.381	13	-0.090	0	0.72	0.11	0.06	0.11	
structure-anchored-vwap	1h	SUIUSD	er+stop2	18	-0.021	-0.4	0.67	5	0.389	13	-0.179	0	0.67	0.11	0.06	0.17	
structure-anchored-vwap	1h	SUIUSD	confirm1+er	12	-0.039	-0.5	0.58	5	0.118	7	-0.151	0	0.58	0.25	0.00	0.17	
structure-anchored-vwap	1h	SUIUSD	inverted	55	-0.060	-3.3	0.69	26	0.107	29	-0.210	0	0.69	0.22	0.02	0.18	
structure-anchored-vwap	1h	SUIUSD	long	37	-0.028	-1.1	0.68	16	-0.115	21	0.038	0	0.68	0.22	0.03	0.08	
structure-anchored-vwap	1h	SUIUSD	short	22	-0.183	-4.0	0.59	11	0.054	11	-0.419	0	0.59	0.18	0.00	0.00	
structure-anchored-vwap	1h	SUIUSD	label:alert:🟢 LONG	27	0.034	0.9	0.70	11	-0.023	16	0.073	0	0.70	0.22	0.04	0.07	
structure-anchored-vwap	1h	SUIUSD	label:derived:Structure HL (higher low)	10	-0.197	-2.0	0.60	5	-0.318	5	-0.077	0	0.60	0.20	0.00	0.10	
structure-anchored-vwap	1h	SUIUSD	label:alert:🔴 SHORT	16	-0.173	-2.8	0.56	7	0.139	9	-0.416	0	0.56	0.25	0.00	0.00	
structure-anchored-vwap	1h	SUIUSD	repaint	62	-0.086	-5.1	0.64	27	-0.046	32	-0.120	0	0.64	0.20	0.02	0.05	0 of 62 earlier entries changed when the last 60 bars were hidden (0%)
structure-anchored-vwap	1h	SUIUSD	verdict	59	-0.086	-5.1	0.64	27	-0.046	32	-0.120	0	0.64	0.20	0.02	0.05	no variant pays in both halves → not a reading, exit or cost problem on this cell; re-time or retire the pair
structure-anchored-vwap	1h	NEARUSD	base	64	-0.003	-0.2	0.66	36	0.132	28	-0.177	0	0.66	0.25	0.06	0.16	
structure-anchored-vwap	1h	NEARUSD	gross	65	0.046	3.0	0.65	36	0.196	29	-0.141	0	0.65	0.25	0.06	0.17	
structure-anchored-vwap	1h	NEARUSD	stop1.5	64	0.032	2.1	0.69	35	0.213	29	-0.185	0	0.69	0.22	0.05	0.13	
structure-anchored-vwap	1h	NEARUSD	stop2	64	0.041	2.6	0.69	35	0.197	29	-0.147	0	0.69	0.25	0.05	0.11	
structure-anchored-vwap	1h	NEARUSD	tp1	64	0.037	2.3	0.56	36	0.148	28	-0.107	0	0.55	0.00	0.00	0.16	
structure-anchored-vwap	1h	NEARUSD	levels	64	-0.003	-0.2	0.66	36	0.132	28	-0.177	0	0.66	0.25	0.06	0.16	
structure-anchored-vwap	1h	NEARUSD	script	64	-0.003	-0.2	0.66	36	0.132	28	-0.177	0	0.66	0.25	0.06	0.16	
structure-anchored-vwap	1h	NEARUSD	er0.25	19	0.178	3.4	0.79	10	0.097	9	0.269	1	0.79	0.26	0.05	0.11	
structure-anchored-vwap	1h	NEARUSD	confirm1	30	0.146	4.4	0.77	18	0.156	12	0.131	1	0.77	0.23	0.00	0.07	
structure-anchored-vwap	1h	NEARUSD	er+stop1.5	19	0.243	4.6	0.84	10	0.221	9	0.268	1	0.84	0.21	0.05	0.05	
structure-anchored-vwap	1h	NEARUSD	er+stop2	19	0.255	4.8	0.84	10	0.203	9	0.312	1	0.84	0.26	0.05	0.05	
structure-anchored-vwap	1h	NEARUSD	confirm1+er	10	-0.137	-1.4	0.60	4	-0.267	6	-0.050	0	0.60	0.20	0.00	0.10	
structure-anchored-vwap	1h	NEARUSD	inverted	65	-0.082	-5.4	0.62	36	-0.171	29	0.027	0	0.62	0.20	0.05	0.18	
structure-anchored-vwap	1h	NEARUSD	long	41	-0.003	-0.1	0.66	22	0.112	19	-0.136	0	0.66	0.22	0.05	0.12	
structure-anchored-vwap	1h	NEARUSD	short	23	-0.004	-0.1	0.65	14	0.165	9	-0.265	0	0.65	0.30	0.09	0.22	
structure-anchored-vwap	1h	NEARUSD	label:alert:🔴 SHORT	14	0.350	4.9	0.86	10	0.482	4	0.019	0	0.86	0.36	0.14	0.14	
structure-anchored-vwap	1h	NEARUSD	label:alert:🟢 LONG	30	0.095	2.9	0.73	17	0.268	13	-0.130	0	0.73	0.23	0.03	0.03	
structure-anchored-vwap	1h	NEARUSD	label:derived:Structure HL (higher low)	11	-0.272	-3.0	0.45	5	-0.420	6	-0.148	0	0.45	0.18	0.09	0.36	
structure-anchored-vwap	1h	NEARUSD	repaint	64	-0.003	-0.2	0.66	36	0.132	28	-0.177	0	0.66	0.25	0.06	0.16	0 of 64 earlier entries changed when the last 60 bars were hidden (0%)
structure-anchored-vwap	1h	NEARUSD	verdict	64	-0.003	-0.2	0.66	36	0.132	28	-0.177	0	0.66	0.25	0.06	0.16	WHIPSAW: pays only when the market is moving efficiently → efficiency-ratio gate ≥ 0.25 on this timeframe
structure-anchored-vwap	1h	HYPEUSD	base	57	-0.126	-7.2	0.65	26	-0.081	31	-0.164	0	0.65	0.09	0.02	0.12	
structure-anchored-vwap	1h	HYPEUSD	gross	57	-0.052	-3.0	0.65	26	-0.010	31	-0.088	0	0.65	0.09	0.02	0.12	
structure-anchored-vwap	1h	HYPEUSD	stop1.5	57	-0.042	-2.4	0.67	26	-0.056	31	-0.031	0	0.67	0.12	0.04	0.07	
structure-anchored-vwap	1h	HYPEUSD	stop2	56	-0.077	-4.3	0.66	25	-0.084	31	-0.071	0	0.66	0.13	0.00	0.07	
structure-anchored-vwap	1h	HYPEUSD	tp1	57	-0.136	-7.7	0.47	26	-0.223	31	-0.062	0	0.60	0.00	0.00	0.12	
structure-anchored-vwap	1h	HYPEUSD	levels	57	-0.126	-7.2	0.65	26	-0.081	31	-0.164	0	0.65	0.09	0.02	0.12	
structure-anchored-vwap	1h	HYPEUSD	script	57	-0.126	-7.2	0.65	26	-0.081	31	-0.164	0	0.65	0.09	0.02	0.12	
structure-anchored-vwap	1h	HYPEUSD	er0.25	24	0.055	1.3	0.79	14	0.031	10	0.089	1	0.79	0.08	0.00	0.08	
structure-anchored-vwap	1h	HYPEUSD	confirm1	27	-0.125	-3.4	0.56	10	-0.422	17	0.049	0	0.52	0.19	0.04	0.04	
structure-anchored-vwap	1h	HYPEUSD	er+stop1.5	24	0.109	2.6	0.79	14	0.063	10	0.173	1	0.79	0.13	0.00	0.04	
structure-anchored-vwap	1h	HYPEUSD	er+stop2	24	0.143	3.4	0.83	14	0.137	10	0.153	1	0.83	0.13	0.00	0.04	
structure-anchored-vwap	1h	HYPEUSD	confirm1+er	13	-0.156	-2.0	0.62	4	-0.571	9	0.028	0	0.62	0.08	0.00	0.00	
structure-anchored-vwap	1h	HYPEUSD	inverted	57	0.035	2.0	0.72	26	0.123	31	-0.038	0	0.72	0.26	0.05	0.18	
structure-anchored-vwap	1h	HYPEUSD	long	27	-0.026	-0.7	0.70	13	-0.067	14	0.012	0	0.70	0.15	0.04	0.15	
structure-anchored-vwap	1h	HYPEUSD	short	30	-0.217	-6.5	0.60	13	-0.095	17	-0.309	0	0.60	0.03	0.00	0.10	
structure-anchored-vwap	1h	HYPEUSD	label:derived:Structure HL (higher low)	10	-0.031	-0.3	0.70	6	-0.404	4	0.529	0	0.70	0.20	0.10	0.10	
structure-anchored-vwap	1h	HYPEUSD	label:alert:🟢 LONG	17	-0.023	-0.4	0.71	7	0.221	10	-0.195	0	0.71	0.12	0.00	0.18	
structure-anchored-vwap	1h	HYPEUSD	label:alert:🔴 SHORT	21	-0.232	-4.9	0.57	9	-0.113	12	-0.321	0	0.57	0.05	0.00	0.05	
structure-anchored-vwap	1h	HYPEUSD	repaint	57	-0.126	-7.2	0.65	26	-0.081	31	-0.164	0	0.65	0.09	0.02	0.12	1 of 57 earlier entries changed when the last 60 bars were hidden (2%)
structure-anchored-vwap	1h	HYPEUSD	verdict	57	-0.126	-7.2	0.65	26	-0.081	31	-0.164	0	0.65	0.09	0.02	0.12	WHIPSAW: pays only when the market is moving efficiently → efficiency-ratio gate ≥ 0.25 on this timeframe
structure-anchored-vwap	4h	BTCUSD	base	33	-0.119	-3.9	0.64	16	0.094	17	-0.319	0	0.64	0.06	0.03	0.03	
structure-anchored-vwap	4h	BTCUSD	gross	33	-0.054	-1.8	0.64	16	0.167	17	-0.261	0	0.64	0.06	0.03	0.03	
structure-anchored-vwap	4h	BTCUSD	stop1.5	33	-0.119	-3.9	0.64	16	0.108	17	-0.332	0	0.64	0.06	0.03	0.00	
structure-anchored-vwap	4h	BTCUSD	stop2	32	-0.126	-4.0	0.59	16	0.159	16	-0.411	0	0.59	0.09	0.03	0.00	
structure-anchored-vwap	4h	BTCUSD	tp1	33	0.005	0.2	0.55	16	0.157	17	-0.139	0	0.64	0.00	0.00	0.03	
structure-anchored-vwap	4h	BTCUSD	levels	33	-0.119	-3.9	0.64	16	0.094	17	-0.319	0	0.64	0.06	0.03	0.03	
structure-anchored-vwap	4h	BTCUSD	script	33	-0.119	-3.9	0.64	16	0.094	17	-0.319	0	0.64	0.06	0.03	0.03	
structure-anchored-vwap	4h	BTCUSD	er0.25	11	-0.302	-3.3	0.55	4	-0.361	7	-0.269	0	0.55	0.00	0.00	0.09	
structure-anchored-vwap	4h	BTCUSD	confirm1	19	0.030	0.6	0.68	9	-0.084	10	0.132	0	0.68	0.16	0.05	0.11	
structure-anchored-vwap	4h	BTCUSD	er+stop1.5	11	-0.281	-3.1	0.55	4	-0.297	7	-0.272	0	0.55	0.00	0.00	0.00	
structure-anchored-vwap	4h	BTCUSD	er+stop2	11	-0.299	-3.3	0.55	4	-0.327	7	-0.283	0	0.55	0.00	0.00	0.00	
structure-anchored-vwap	4h	BTCUSD	confirm1+er	8	-0.143	-1.1	0.63	3	-0.483	5	0.061	0	0.63	0.13	0.00	0.13	
structure-anchored-vwap	4h	BTCUSD	inverted	33	-0.001	-0.0	0.67	16	-0.167	17	0.156	0	0.67	0.12	0.03	0.00	
structure-anchored-vwap	4h	BTCUSD	long	20	0.041	0.8	0.75	10	0.065	10	0.018	1	0.75	0.05	0.05	0.00	
structure-anchored-vwap	4h	BTCUSD	short	13	-0.365	-4.8	0.46	6	0.141	7	-0.800	0	0.46	0.08	0.00	0.08	
structure-anchored-vwap	4h	BTCUSD	label:alert:🟢 LONG	15	-0.042	-0.6	0.67	8	0.008	7	-0.100	0	0.67	0.07	0.07	0.00	
structure-anchored-vwap	4h	BTCUSD	repaint	33	-0.119	-3.9	0.64	16	0.094	17	-0.319	0	0.64	0.06	0.03	0.03	0 of 33 earlier entries changed when the last 60 bars were hidden (0%)
structure-anchored-vwap	4h	BTCUSD	verdict	33	-0.119	-3.9	0.64	16	0.094	17	-0.319	0	0.64	0.06	0.03	0.03	READING: shorts lose, longs pay → long-only on this market (the script's short logic does not transfer)
structure-anchored-vwap	4h	ETHUSD	base	31	-0.145	-4.5	0.61	17	-0.167	14	-0.117	0	0.58	0.13	0.00	0.10	
structure-anchored-vwap	4h	ETHUSD	gross	31	-0.090	-2.8	0.61	17	-0.124	14	-0.049	0	0.58	0.13	0.00	0.10	
structure-anchored-vwap	4h	ETHUSD	stop1.5	31	-0.120	-3.7	0.61	17	-0.121	14	-0.119	0	0.58	0.06	0.00	0.06	
structure-anchored-vwap	4h	ETHUSD	stop2	30	-0.150	-4.5	0.60	17	-0.120	13	-0.189	0	0.57	0.13	0.00	0.07	
structure-anchored-vwap	4h	ETHUSD	tp1	31	-0.002	-0.1	0.55	17	-0.111	14	0.130	0	0.52	0.00	0.00	0.10	
structure-anchored-vwap	4h	ETHUSD	levels	31	-0.145	-4.5	0.61	17	-0.167	14	-0.117	0	0.58	0.13	0.00	0.10	
structure-anchored-vwap	4h	ETHUSD	script	31	-0.145	-4.5	0.61	17	-0.167	14	-0.117	0	0.58	0.13	0.00	0.10	
structure-anchored-vwap	4h	ETHUSD	er0.25	11	-0.286	-3.1	0.45	8	-0.386	3	-0.022	0	0.45	0.27	0.00	0.09	
structure-anchored-vwap	4h	ETHUSD	confirm1	15	0.021	0.3	0.67	9	0.020	6	0.023	1	0.67	0.07	0.00	0.07	
structure-anchored-vwap	4h	ETHUSD	er+stop1.5	11	-0.306	-3.4	0.45	8	-0.410	3	-0.030	0	0.45	0.09	0.00	0.00	
structure-anchored-vwap	4h	ETHUSD	er+stop2	11	-0.289	-3.2	0.45	8	-0.359	3	-0.101	0	0.45	0.18	0.00	0.00	
structure-anchored-vwap	4h	ETHUSD	confirm1+er	3	-0.527	-1.6	0.33	2	-1.000	1	0.419	0	0.33	0.00	0.00	0.00	
structure-anchored-vwap	4h	ETHUSD	inverted	31	-0.010	-0.3	0.68	17	0.046	14	-0.078	0	0.68	0.19	0.03	0.10	
structure-anchored-vwap	4h	ETHUSD	long	17	-0.096	-1.6	0.65	11	-0.228	6	0.146	0	0.65	0.12	0.00	0.06	
structure-anchored-vwap	4h	ETHUSD	short	14	-0.285	-4.0	0.50	6	-0.055	8	-0.457	0	0.50	0.14	0.00	0.14	
structure-anchored-vwap	4h	ETHUSD	label:alert:🟢 LONG	11	-0.218	-2.4	0.55	9	-0.346	2	0.359	0	0.55	0.09	0.00	0.09	
structure-anchored-vwap	4h	ETHUSD	label:alert:🔴 SHORT	10	-0.339	-3.4	0.50	4	-0.311	6	-0.357	0	0.40	0.00	0.00	0.10	
structure-anchored-vwap	4h	ETHUSD	repaint	30	-0.145	-4.5	0.61	17	-0.167	14	-0.117	0	0.58	0.13	0.00	0.10	0 of 30 earlier entries changed when the last 60 bars were hidden (0%)
structure-anchored-vwap	4h	ETHUSD	verdict	31	-0.145	-4.5	0.61	17	-0.167	14	-0.117	0	0.58	0.13	0.00	0.10	no variant pays in both halves → not a reading, exit or cost problem on this cell; re-time or retire the pair
structure-anchored-vwap	4h	SOLUSD	base	33	-0.152	-5.0	0.58	16	-0.497	17	0.173	0	0.58	0.12	0.03	0.09	
structure-anchored-vwap	4h	SOLUSD	gross	33	-0.110	-3.6	0.58	16	-0.479	17	0.237	0	0.58	0.12	0.03	0.09	
structure-anchored-vwap	4h	SOLUSD	stop1.5	33	-0.178	-5.9	0.58	16	-0.497	17	0.123	0	0.58	0.09	0.00	0.06	
structure-anchored-vwap	4h	SOLUSD	stop2	31	-0.077	-2.4	0.65	15	-0.464	16	0.285	0	0.65	0.13	0.00	0.06	
structure-anchored-vwap	4h	SOLUSD	tp1	33	-0.247	-8.2	0.39	16	-0.507	17	-0.003	0	0.58	0.00	0.00	0.09	
structure-anchored-vwap	4h	SOLUSD	levels	33	-0.152	-5.0	0.58	16	-0.497	17	0.173	0	0.58	0.12	0.03	0.09	
structure-anchored-vwap	4h	SOLUSD	script	33	-0.152	-5.0	0.58	16	-0.497	17	0.173	0	0.58	0.12	0.03	0.09	
structure-anchored-vwap	4h	SOLUSD	er0.25	12	-0.196	-2.4	0.50	6	-0.766	6	0.374	0	0.50	0.17	0.08	0.08	
structure-anchored-vwap	4h	SOLUSD	confirm1	16	-0.050	-0.8	0.69	7	-0.051	9	-0.048	0	0.69	0.00	0.00	0.06	
structure-anchored-vwap	4h	SOLUSD	er+stop1.5	12	-0.270	-3.2	0.50	6	-0.766	6	0.227	0	0.50	0.08	0.00	0.08	
structure-anchored-vwap	4h	SOLUSD	er+stop2	12	-0.189	-2.3	0.58	6	-0.766	6	0.388	0	0.58	0.08	0.00	0.08	
structure-anchored-vwap	4h	SOLUSD	confirm1+er	6	-0.108	-0.6	0.67	2	-0.366	4	0.021	0	0.67	0.00	0.00	0.17	
structure-anchored-vwap	4h	SOLUSD	inverted	33	0.001	0.0	0.70	16	-0.011	17	0.013	0	0.70	0.18	0.06	0.21	
structure-anchored-vwap	4h	SOLUSD	long	19	-0.300	-5.7	0.47	10	-0.594	9	0.027	0	0.47	0.16	0.00	0.16	
structure-anchored-vwap	4h	SOLUSD	short	14	0.049	0.7	0.71	6	-0.336	8	0.338	0	0.71	0.07	0.07	0.00	
structure-anchored-vwap	4h	SOLUSD	label:alert:🔴 SHORT	11	0.002	0.0	0.73	5	-0.203	6	0.172	0	0.73	0.00	0.00	0.00	
structure-anchored-vwap	4h	SOLUSD	label:alert:🟢 LONG	13	-0.213	-2.8	0.54	8	-0.492	5	0.234	0	0.54	0.15	0.00	0.15	
structure-anchored-vwap	4h	SOLUSD	repaint	33	-0.152	-5.0	0.58	16	-0.497	17	0.173	0	0.58	0.12	0.03	0.09	0 of 33 earlier entries changed when the last 60 bars were hidden (0%)
structure-anchored-vwap	4h	SOLUSD	verdict	33	-0.152	-5.0	0.58	16	-0.497	17	0.173	0	0.58	0.12	0.03	0.09	no variant pays in both halves → not a reading, exit or cost problem on this cell; re-time or retire the pair
structure-anchored-vwap	4h	XRPUSD	base	42	-0.157	-6.6	0.57	15	-0.192	27	-0.137	0	0.57	0.05	0.02	0.05	
structure-anchored-vwap	4h	XRPUSD	gross	42	-0.108	-4.5	0.57	15	-0.154	27	-0.083	0	0.57	0.05	0.02	0.05	
structure-anchored-vwap	4h	XRPUSD	stop1.5	42	-0.173	-7.2	0.57	15	-0.201	27	-0.157	0	0.57	0.02	0.02	0.05	
structure-anchored-vwap	4h	XRPUSD	stop2	42	-0.174	-7.3	0.57	15	-0.199	27	-0.161	0	0.57	0.02	0.00	0.05	
structure-anchored-vwap	4h	XRPUSD	tp1	42	-0.117	-4.9	0.45	15	-0.245	27	-0.046	0	0.57	0.00	0.00	0.05	
structure-anchored-vwap	4h	XRPUSD	levels	42	-0.157	-6.6	0.57	15	-0.192	27	-0.137	0	0.57	0.05	0.02	0.05	
structure-anchored-vwap	4h	XRPUSD	script	42	-0.157	-6.6	0.57	15	-0.192	27	-0.137	0	0.57	0.05	0.02	0.05	
structure-anchored-vwap	4h	XRPUSD	er0.25	8	0.198	1.6	0.75	2	-0.374	6	0.388	0	0.75	0.13	0.13	0.00	
structure-anchored-vwap	4h	XRPUSD	confirm1	24	-0.222	-5.3	0.50	10	-0.344	14	-0.135	0	0.50	0.08	0.04	0.04	
structure-anchored-vwap	4h	XRPUSD	er+stop1.5	8	0.120	1.0	0.75	2	-0.374	6	0.285	0	0.75	0.13	0.13	0.00	
structure-anchored-vwap	4h	XRPUSD	er+stop2	8	0.060	0.5	0.75	2	-0.374	6	0.205	0	0.75	0.13	0.00	0.00	
structure-anchored-vwap	4h	XRPUSD	confirm1+er	4	0.452	1.8	0.75	1	0.252	3	0.519	0	0.75	0.50	0.25	0.00	
structure-anchored-vwap	4h	XRPUSD	inverted	43	-0.056	-2.4	0.63	16	-0.253	27	0.061	0	0.63	0.14	0.07	0.05	
structure-anchored-vwap	4h	XRPUSD	long	19	-0.283	-5.4	0.53	9	-0.080	10	-0.465	0	0.53	0.00	0.00	0.05	
structure-anchored-vwap	4h	XRPUSD	short	23	-0.120	-2.8	0.61	6	-0.360	17	-0.035	0	0.61	0.09	0.04	0.04	
structure-anchored-vwap	4h	XRPUSD	label:alert:🔴 SHORT	17	-0.183	-3.1	0.59	4	-0.371	13	-0.125	0	0.59	0.00	0.00	0.06	
structure-anchored-vwap	4h	XRPUSD	label:alert:🟢 LONG	14	-0.321	-4.5	0.50	7	-0.224	7	-0.418	0	0.50	0.00	0.00	0.07	
structure-anchored-vwap	4h	XRPUSD	repaint	42	-0.157	-6.6	0.57	15	-0.192	27	-0.137	0	0.57	0.05	0.02	0.05	0 of 42 earlier entries changed when the last 60 bars were hidden (0%)
structure-anchored-vwap	4h	XRPUSD	verdict	42	-0.157	-6.6	0.57	15	-0.192	27	-0.137	0	0.57	0.05	0.02	0.05	no variant pays in both halves → not a reading, exit or cost problem on this cell; re-time or retire the pair
structure-anchored-vwap	4h	BNBUSD	base	35	-0.250	-8.7	0.54	13	-0.205	22	-0.277	0	0.54	0.06	0.00	0.14	
structure-anchored-vwap	4h	BNBUSD	gross	35	-0.185	-6.5	0.54	13	-0.148	22	-0.207	0	0.54	0.06	0.00	0.14	
structure-anchored-vwap	4h	BNBUSD	stop1.5	35	-0.216	-7.6	0.54	13	-0.134	22	-0.264	0	0.54	0.09	0.00	0.09	
structure-anchored-vwap	4h	BNBUSD	stop2	35	-0.202	-7.1	0.54	13	-0.097	22	-0.264	0	0.54	0.11	0.00	0.09	
structure-anchored-vwap	4h	BNBUSD	tp1	35	-0.050	-1.7	0.51	13	0.139	22	-0.161	0	0.54	0.00	0.00	0.14	
structure-anchored-vwap	4h	BNBUSD	levels	35	-0.250	-8.7	0.54	13	-0.205	22	-0.277	0	0.54	0.06	0.00	0.14	
structure-anchored-vwap	4h	BNBUSD	script	35	-0.250	-8.7	0.54	13	-0.205	22	-0.277	0	0.54	0.06	0.00	0.14	
structure-anchored-vwap	4h	BNBUSD	er0.25	12	-0.427	-5.1	0.42	6	-0.314	6	-0.540	0	0.42	0.00	0.00	0.25	
structure-anchored-vwap	4h	BNBUSD	confirm1	19	-0.346	-6.6	0.42	7	-0.024	12	-0.534	0	0.42	0.05	0.00	0.05	
structure-anchored-vwap	4h	BNBUSD	er+stop1.5	12	-0.430	-5.2	0.42	6	-0.314	6	-0.546	0	0.42	0.00	0.00	0.17	
structure-anchored-vwap	4h	BNBUSD	er+stop2	12	-0.430	-5.2	0.42	6	-0.314	6	-0.546	0	0.42	0.00	0.00	0.17	
structure-anchored-vwap	4h	BNBUSD	confirm1+er	8	-0.289	-2.3	0.50	2	-0.286	6	-0.290	0	0.50	0.13	0.00	0.13	
structure-anchored-vwap	4h	BNBUSD	inverted	35	-0.024	-0.8	0.69	13	0.044	22	-0.065	0	0.69	0.20	0.03	0.17	
structure-anchored-vwap	4h	BNBUSD	long	19	-0.135	-2.6	0.63	9	-0.315	10	0.027	0	0.63	0.11	0.00	0.11	
structure-anchored-vwap	4h	BNBUSD	short	16	-0.421	-6.7	0.44	4	0.043	12	-0.576	0	0.44	0.00	0.00	0.19	
structure-anchored-vwap	4h	BNBUSD	label:alert:🟢 LONG	14	-0.193	-2.7	0.57	8	-0.376	6	0.052	0	0.57	0.14	0.00	0.07	
structure-anchored-vwap	4h	BNBUSD	label:alert:🔴 SHORT	12	-0.486	-5.8	0.33	3	-0.043	9	-0.634	0	0.33	0.00	0.00	0.17	
structure-anchored-vwap	4h	BNBUSD	repaint	33	-0.250	-8.7	0.54	13	-0.205	22	-0.277	0	0.54	0.06	0.00	0.14	0 of 33 earlier entries changed when the last 60 bars were hidden (0%)
structure-anchored-vwap	4h	BNBUSD	verdict	35	-0.250	-8.7	0.54	13	-0.205	22	-0.277	0	0.54	0.06	0.00	0.14	no variant pays in both halves → not a reading, exit or cost problem on this cell; re-time or retire the pair
structure-anchored-vwap	4h	DOGEUSD	base	33	-0.189	-6.2	0.58	17	-0.118	16	-0.264	0	0.58	0.06	0.00	0.12	
structure-anchored-vwap	4h	DOGEUSD	gross	33	-0.151	-5.0	0.58	17	-0.078	16	-0.228	0	0.58	0.06	0.00	0.12	
structure-anchored-vwap	4h	DOGEUSD	stop1.5	33	-0.314	-10.4	0.48	17	-0.279	16	-0.351	0	0.48	0.06	0.00	0.12	
structure-anchored-vwap	4h	DOGEUSD	stop2	32	-0.272	-8.7	0.50	16	-0.233	16	-0.311	0	0.50	0.06	0.00	0.13	
structure-anchored-vwap	4h	DOGEUSD	tp1	33	-0.251	-8.3	0.39	17	-0.212	16	-0.293	0	0.58	0.00	0.00	0.12	
structure-anchored-vwap	4h	DOGEUSD	levels	33	-0.189	-6.2	0.58	17	-0.118	16	-0.264	0	0.58	0.06	0.00	0.12	
structure-anchored-vwap	4h	DOGEUSD	script	33	-0.189	-6.2	0.58	17	-0.118	16	-0.264	0	0.58	0.06	0.00	0.12	
structure-anchored-vwap	4h	DOGEUSD	er0.25	11	-0.110	-1.2	0.64	5	-0.097	6	-0.121	0	0.64	0.09	0.00	0.09	
structure-anchored-vwap	4h	DOGEUSD	confirm1	13	0.057	0.7	0.69	7	0.414	6	-0.361	0	0.69	0.23	0.00	0.00	
structure-anchored-vwap	4h	DOGEUSD	er+stop1.5	11	-0.339	-3.7	0.45	5	-0.356	6	-0.325	0	0.45	0.09	0.00	0.09	
structure-anchored-vwap	4h	DOGEUSD	er+stop2	11	-0.339	-3.7	0.45	5	-0.356	6	-0.325	0	0.45	0.09	0.00	0.09	
structure-anchored-vwap	4h	DOGEUSD	confirm1+er	1	0.371	0.4	1.00	1	0.371	0	0.000	0	1.00	0.00	0.00	0.00	
structure-anchored-vwap	4h	DOGEUSD	inverted	32	0.167	5.3	0.75	17	-0.060	15	0.424	0	0.75	0.22	0.06	0.03	
structure-anchored-vwap	4h	DOGEUSD	long	17	-0.378	-6.4	0.47	10	-0.325	7	-0.455	0	0.47	0.00	0.00	0.12	
structure-anchored-vwap	4h	DOGEUSD	short	16	0.012	0.2	0.69	7	0.177	9	-0.116	0	0.69	0.13	0.00	0.13	
structure-anchored-vwap	4h	DOGEUSD	label:alert:🔴 SHORT	11	-0.027	-0.3	0.64	5	0.088	6	-0.122	0	0.64	0.18	0.00	0.18	
structure-anchored-vwap	4h	DOGEUSD	label:alert:🟢 LONG	13	-0.380	-4.9	0.46	8	-0.317	5	-0.482	0	0.46	0.00	0.00	0.15	
structure-anchored-vwap	4h	DOGEUSD	repaint	32	-0.189	-6.2	0.58	17	-0.118	16	-0.264	0	0.58	0.06	0.00	0.12	0 of 32 earlier entries changed when the last 60 bars were hidden (0%)
structure-anchored-vwap	4h	DOGEUSD	verdict	33	-0.189	-6.2	0.58	17	-0.118	16	-0.264	0	0.58	0.06	0.00	0.12	no variant pays in both halves → not a reading, exit or cost problem on this cell; re-time or retire the pair
structure-anchored-vwap	4h	AVAXUSD	base	45	-0.009	-0.4	0.67	20	-0.059	25	0.031	0	0.67	0.16	0.00	0.07	
structure-anchored-vwap	4h	AVAXUSD	gross	45	0.037	1.6	0.67	20	-0.022	25	0.083	0	0.67	0.16	0.00	0.07	
structure-anchored-vwap	4h	AVAXUSD	stop1.5	45	-0.015	-0.7	0.67	20	-0.121	25	0.069	0	0.67	0.09	0.00	0.07	
structure-anchored-vwap	4h	AVAXUSD	stop2	45	-0.046	-2.1	0.64	20	-0.186	25	0.066	0	0.64	0.11	0.00	0.07	
structure-anchored-vwap	4h	AVAXUSD	tp1	45	0.077	3.5	0.56	20	-0.188	25	0.289	0	0.67	0.00	0.00	0.07	
structure-anchored-vwap	4h	AVAXUSD	levels	45	-0.009	-0.4	0.67	20	-0.059	25	0.031	0	0.67	0.16	0.00	0.07	
structure-anchored-vwap	4h	AVAXUSD	script	45	-0.009	-0.4	0.67	20	-0.059	25	0.031	0	0.67	0.16	0.00	0.07	
structure-anchored-vwap	4h	AVAXUSD	er0.25	9	0.154	1.4	0.78	3	0.448	6	0.008	0	0.78	0.33	0.00	0.11	
structure-anchored-vwap	4h	AVAXUSD	confirm1	27	-0.154	-4.2	0.52	10	-0.301	17	-0.067	0	0.52	0.11	0.00	0.07	
structure-anchored-vwap	4h	AVAXUSD	er+stop1.5	9	0.097	0.9	0.78	3	0.426	6	-0.068	0	0.78	0.11	0.00	0.11	
structure-anchored-vwap	4h	AVAXUSD	er+stop2	9	-0.069	-0.6	0.67	3	0.006	6	-0.107	0	0.67	0.11	0.00	0.11	
structure-anchored-vwap	4h	AVAXUSD	confirm1+er	8	-0.085	-0.7	0.50	2	-0.704	6	0.121	0	0.50	0.13	0.00	0.00	
structure-anchored-vwap	4h	AVAXUSD	inverted	45	-0.201	-9.1	0.53	20	-0.006	25	-0.358	0	0.51	0.16	0.04	0.18	
structure-anchored-vwap	4h	AVAXUSD	long	25	0.048	1.2	0.72	12	-0.088	13	0.173	0	0.72	0.16	0.00	0.04	
structure-anchored-vwap	4h	AVAXUSD	short	20	-0.052	-1.0	0.65	8	0.054	12	-0.123	0	0.65	0.15	0.00	0.10	
structure-anchored-vwap	4h	AVAXUSD	label:alert:🟢 LONG	19	-0.039	-0.7	0.68	10	-0.038	9	-0.040	0	0.68	0.05	0.00	0.05	
structure-anchored-vwap	4h	AVAXUSD	label:alert:🔴 SHORT	15	-0.151	-2.3	0.53	6	-0.121	9	-0.170	0	0.53	0.13	0.00	0.13	
structure-anchored-vwap	4h	AVAXUSD	repaint	44	-0.009	-0.4	0.67	20	-0.059	25	0.031	0	0.67	0.16	0.00	0.07	0 of 44 earlier entries changed when the last 60 bars were hidden (0%)
structure-anchored-vwap	4h	AVAXUSD	verdict	45	-0.009	-0.4	0.67	20	-0.059	25	0.031	0	0.67	0.16	0.00	0.07	no variant pays in both halves → not a reading, exit or cost problem on this cell; re-time or retire the pair
structure-anchored-vwap	4h	ADAUSD	base	42	-0.261	-11.0	0.48	20	-0.080	22	-0.425	0	0.48	0.12	0.00	0.17	
structure-anchored-vwap	4h	ADAUSD	gross	42	-0.233	-9.8	0.48	20	-0.046	22	-0.404	0	0.48	0.12	0.00	0.17	
structure-anchored-vwap	4h	ADAUSD	stop1.5	42	-0.334	-14.0	0.43	20	-0.217	22	-0.440	0	0.43	0.10	0.00	0.17	
structure-anchored-vwap	4h	ADAUSD	stop2	41	-0.329	-13.5	0.41	20	-0.214	21	-0.438	0	0.41	0.12	0.00	0.17	
structure-anchored-vwap	4h	ADAUSD	tp1	42	-0.464	-19.5	0.26	20	-0.205	22	-0.699	0	0.45	0.00	0.00	0.17	
structure-anchored-vwap	4h	ADAUSD	levels	42	-0.260	-10.9	0.48	20	-0.079	22	-0.425	0	0.48	0.12	0.00	0.17	
structure-anchored-vwap	4h	ADAUSD	script	42	-0.261	-11.0	0.48	20	-0.080	22	-0.425	0	0.48	0.12	0.00	0.17	
structure-anchored-vwap	4h	ADAUSD	er0.25	14	-0.304	-4.2	0.50	6	-0.323	8	-0.289	0	0.50	0.00	0.00	0.21	
structure-anchored-vwap	4h	ADAUSD	confirm1	18	-0.120	-2.2	0.50	6	0.687	12	-0.524	0	0.50	0.17	0.00	0.00	
structure-anchored-vwap	4h	ADAUSD	er+stop1.5	14	-0.315	-4.4	0.50	6	-0.324	8	-0.307	0	0.50	0.00	0.00	0.21	
structure-anchored-vwap	4h	ADAUSD	er+stop2	14	-0.249	-3.5	0.50	6	-0.296	8	-0.215	0	0.50	0.07	0.00	0.21	
structure-anchored-vwap	4h	ADAUSD	confirm1+er	4	-0.307	-1.2	0.50	1	0.387	3	-0.538	0	0.50	0.00	0.00	0.00	
structure-anchored-vwap	4h	ADAUSD	inverted	42	0.127	5.3	0.76	20	0.103	22	0.148	1	0.76	0.14	0.05	0.12	
structure-anchored-vwap	4h	ADAUSD	long	20	-0.366	-7.3	0.45	8	-0.479	12	-0.291	0	0.45	0.10	0.00	0.05	
structure-anchored-vwap	4h	ADAUSD	short	22	-0.187	-4.1	0.50	12	0.145	10	-0.586	0	0.50	0.14	0.00	0.27	
structure-anchored-vwap	4h	ADAUSD	label:alert:🔴 SHORT	15	-0.086	-1.3	0.53	8	0.198	7	-0.409	0	0.53	0.13	0.00	0.27	
structure-anchored-vwap	4h	ADAUSD	label:alert:🟢 LONG	14	-0.451	-6.3	0.36	6	-0.437	8	-0.461	0	0.36	0.14	0.00	0.07	
structure-anchored-vwap	4h	ADAUSD	repaint	41	-0.261	-11.0	0.48	20	-0.080	22	-0.425	0	0.48	0.12	0.00	0.17	0 of 41 earlier entries changed when the last 60 bars were hidden (0%)
structure-anchored-vwap	4h	ADAUSD	verdict	42	-0.261	-11.0	0.48	20	-0.080	22	-0.425	0	0.48	0.12	0.00	0.17	READING: direction inverted → the signals mean the opposite of how they are read (a warning read as an entry, a state read as a flip); invert or restrict the source
structure-anchored-vwap	4h	BCHUSD	base	36	-0.121	-4.4	0.64	21	-0.086	15	-0.170	0	0.64	0.00	0.00	0.06	
structure-anchored-vwap	4h	BCHUSD	gross	36	-0.076	-2.7	0.64	21	-0.042	15	-0.124	0	0.64	0.00	0.00	0.06	
structure-anchored-vwap	4h	BCHUSD	stop1.5	35	-0.082	-2.9	0.63	21	-0.033	14	-0.155	0	0.63	0.09	0.00	0.03	
structure-anchored-vwap	4h	BCHUSD	stop2	34	-0.060	-2.1	0.65	20	0.008	14	-0.158	0	0.65	0.03	0.00	0.00	
structure-anchored-vwap	4h	BCHUSD	tp1	34	-0.096	-3.3	0.47	20	-0.023	14	-0.200	0	0.68	0.00	0.00	0.06	
structure-anchored-vwap	4h	BCHUSD	levels	36	-0.121	-4.4	0.64	21	-0.086	15	-0.170	0	0.64	0.00	0.00	0.06	
structure-anchored-vwap	4h	BCHUSD	script	36	-0.121	-4.4	0.64	21	-0.086	15	-0.170	0	0.64	0.00	0.00	0.06	
structure-anchored-vwap	4h	BCHUSD	er0.25	12	-0.080	-1.0	0.67	5	0.098	7	-0.207	0	0.67	0.00	0.00	0.08	
structure-anchored-vwap	4h	BCHUSD	confirm1	23	-0.067	-1.5	0.61	14	0.085	9	-0.303	0	0.61	0.17	0.04	0.09	
structure-anchored-vwap	4h	BCHUSD	er+stop1.5	12	-0.047	-0.6	0.67	5	0.142	7	-0.182	0	0.67	0.08	0.00	0.00	
structure-anchored-vwap	4h	BCHUSD	er+stop2	12	-0.069	-0.8	0.67	5	0.112	7	-0.198	0	0.67	0.00	0.00	0.00	
structure-anchored-vwap	4h	BCHUSD	confirm1+er	6	0.458	2.7	1.00	3	0.481	3	0.435	0	1.00	0.50	0.00	0.17	
structure-anchored-vwap	4h	BCHUSD	inverted	35	-0.044	-1.5	0.63	20	-0.226	15	0.199	0	0.63	0.23	0.03	0.17	
structure-anchored-vwap	4h	BCHUSD	long	20	-0.149	-3.0	0.65	12	-0.135	8	-0.171	0	0.65	0.00	0.00	0.05	
structure-anchored-vwap	4h	BCHUSD	short	16	-0.126	-2.0	0.63	9	-0.093	7	-0.169	0	0.63	0.00	0.00	0.06	
structure-anchored-vwap	4h	BCHUSD	label:alert:🔴 SHORT	11	0.030	0.3	0.73	6	0.125	5	-0.083	0	0.73	0.00	0.00	0.00	
structure-anchored-vwap	4h	BCHUSD	label:alert:🟢 LONG	14	-0.186	-2.6	0.57	8	-0.090	6	-0.313	0	0.57	0.00	0.00	0.00	
structure-anchored-vwap	4h	BCHUSD	repaint	36	-0.121	-4.4	0.64	21	-0.086	15	-0.170	0	0.64	0.00	0.00	0.06	0 of 36 earlier entries changed when the last 60 bars were hidden (0%)
structure-anchored-vwap	4h	BCHUSD	verdict	36	-0.121	-4.4	0.64	21	-0.086	15	-0.170	0	0.64	0.00	0.00	0.06	no variant pays in both halves → not a reading, exit or cost problem on this cell; re-time or retire the pair
structure-anchored-vwap	4h	LTCUSD	base	40	-0.172	-6.9	0.60	18	-0.288	22	-0.077	0	0.60	0.13	0.00	0.07	
structure-anchored-vwap	4h	LTCUSD	gross	40	-0.119	-4.8	0.60	18	-0.250	22	-0.012	0	0.60	0.13	0.00	0.07	
structure-anchored-vwap	4h	LTCUSD	stop1.5	39	-0.245	-9.6	0.54	18	-0.358	21	-0.149	0	0.54	0.08	0.00	0.05	
structure-anchored-vwap	4h	LTCUSD	stop2	38	-0.235	-8.9	0.53	18	-0.255	20	-0.217	0	0.53	0.11	0.00	0.05	
structure-anchored-vwap	4h	LTCUSD	tp1	39	-0.281	-11.0	0.38	18	-0.371	21	-0.204	0	0.62	0.00	0.00	0.08	
structure-anchored-vwap	4h	LTCUSD	levels	40	-0.172	-6.9	0.60	18	-0.288	22	-0.077	0	0.60	0.13	0.00	0.07	
structure-anchored-vwap	4h	LTCUSD	script	40	-0.172	-6.9	0.60	18	-0.288	22	-0.077	0	0.60	0.13	0.00	0.07	
structure-anchored-vwap	4h	LTCUSD	er0.25	9	0.118	1.1	0.78	5	0.180	4	0.041	0	0.78	0.22	0.00	0.00	
structure-anchored-vwap	4h	LTCUSD	confirm1	24	-0.300	-7.2	0.50	9	-0.192	15	-0.365	0	0.50	0.00	0.00	0.04	
structure-anchored-vwap	4h	LTCUSD	er+stop1.5	9	-0.033	-0.3	0.67	5	-0.073	4	0.016	0	0.67	0.11	0.00	0.00	
structure-anchored-vwap	4h	LTCUSD	er+stop2	9	0.015	0.1	0.67	5	0.300	4	-0.341	0	0.67	0.22	0.00	0.00	
structure-anchored-vwap	4h	LTCUSD	confirm1+er	5	-0.449	-2.2	0.40	2	-0.300	3	-0.548	0	0.40	0.00	0.00	0.00	
structure-anchored-vwap	4h	LTCUSD	inverted	39	0.049	1.9	0.69	18	0.173	21	-0.058	0	0.69	0.23	0.08	0.18	
structure-anchored-vwap	4h	LTCUSD	long	24	-0.152	-3.7	0.63	10	-0.347	14	-0.013	0	0.63	0.13	0.00	0.04	
structure-anchored-vwap	4h	LTCUSD	short	16	-0.201	-3.2	0.56	8	-0.214	8	-0.188	0	0.56	0.13	0.00	0.13	
structure-anchored-vwap	4h	LTCUSD	label:alert:🔴 SHORT	10	-0.210	-2.1	0.50	6	-0.163	4	-0.280	0	0.50	0.20	0.00	0.20	
structure-anchored-vwap	4h	LTCUSD	label:alert:🟢 LONG	18	-0.176	-3.2	0.61	9	-0.274	9	-0.079	0	0.61	0.06	0.00	0.00	
structure-anchored-vwap	4h	LTCUSD	repaint	39	-0.172	-6.9	0.60	18	-0.288	22	-0.077	0	0.60	0.13	0.00	0.07	0 of 39 earlier entries changed when the last 60 bars were hidden (0%)
structure-anchored-vwap	4h	LTCUSD	verdict	40	-0.172	-6.9	0.60	18	-0.288	22	-0.077	0	0.60	0.13	0.00	0.07	no variant pays in both halves → not a reading, exit or cost problem on this cell; re-time or retire the pair
structure-anchored-vwap	4h	SUIUSD	base	30	-0.052	-1.6	0.57	13	0.215	17	-0.256	0	0.57	0.13	0.10	0.03	
structure-anchored-vwap	4h	SUIUSD	gross	30	-0.007	-0.2	0.57	13	0.267	17	-0.216	0	0.57	0.13	0.10	0.03	
structure-anchored-vwap	4h	SUIUSD	stop1.5	30	-0.108	-3.2	0.57	13	0.157	17	-0.310	0	0.57	0.13	0.07	0.03	
structure-anchored-vwap	4h	SUIUSD	stop2	27	-0.140	-3.8	0.56	12	-0.027	15	-0.231	0	0.56	0.19	0.00	0.04	
structure-anchored-vwap	4h	SUIUSD	tp1	29	-0.405	-11.8	0.31	12	-0.036	17	-0.666	0	0.52	0.00	0.00	0.03	
structure-anchored-vwap	4h	SUIUSD	levels	30	-0.052	-1.6	0.57	13	0.215	17	-0.256	0	0.57	0.13	0.10	0.03	
structure-anchored-vwap	4h	SUIUSD	script	30	-0.052	-1.6	0.57	13	0.215	17	-0.256	0	0.57	0.13	0.10	0.03	
structure-anchored-vwap	4h	SUIUSD	er0.25	6	-0.052	-0.3	0.67	3	0.368	3	-0.472	0	0.67	0.17	0.00	0.00	
structure-anchored-vwap	4h	SUIUSD	confirm1	15	-0.332	-5.0	0.47	9	-0.048	6	-0.759	0	0.47	0.00	0.00	0.13	
structure-anchored-vwap	4h	SUIUSD	er+stop1.5	6	-0.072	-0.4	0.67	3	0.327	3	-0.472	0	0.67	0.17	0.00	0.00	
structure-anchored-vwap	4h	SUIUSD	er+stop2	6	-0.283	-1.7	0.50	3	-0.093	3	-0.472	0	0.50	0.17	0.00	0.00	
structure-anchored-vwap	4h	SUIUSD	confirm1+er	6	-0.225	-1.3	0.50	3	0.068	3	-0.518	0	0.50	0.00	0.00	0.00	
structure-anchored-vwap	4h	SUIUSD	inverted	30	0.139	4.2	0.73	13	0.017	17	0.232	1	0.73	0.23	0.07	0.13	
structure-anchored-vwap	4h	SUIUSD	long	15	0.138	2.1	0.60	7	0.485	8	-0.165	0	0.60	0.20	0.20	0.00	
structure-anchored-vwap	4h	SUIUSD	short	15	-0.251	-3.8	0.53	6	-0.121	9	-0.338	0	0.53	0.07	0.00	0.07	
structure-anchored-vwap	4h	SUIUSD	label:alert:🔴 SHORT	10	-0.133	-1.3	0.60	5	-0.196	5	-0.069	0	0.60	0.10	0.00	0.10	
structure-anchored-vwap	4h	SUIUSD	label:alert:🟢 LONG	11	-0.266	-2.9	0.45	5	0.330	6	-0.763	0	0.45	0.09	0.09	0.00	
structure-anchored-vwap	4h	SUIUSD	repaint	30	-0.052	-1.6	0.57	13	0.215	17	-0.256	0	0.57	0.13	0.10	0.03	0 of 30 earlier entries changed when the last 60 bars were hidden (0%)
structure-anchored-vwap	4h	SUIUSD	verdict	30	-0.052	-1.6	0.57	13	0.215	17	-0.256	0	0.57	0.13	0.10	0.03	READING: direction inverted → the signals mean the opposite of how they are read (a warning read as an entry, a state read as a flip); invert or restrict the source
structure-anchored-vwap	4h	LINKUSD	base	36	-0.040	-1.4	0.56	20	0.044	16	-0.146	0	0.56	0.22	0.06	0.06	
structure-anchored-vwap	4h	LINKUSD	gross	36	0.006	0.2	0.56	20	0.085	16	-0.094	0	0.56	0.22	0.06	0.06	
structure-anchored-vwap	4h	LINKUSD	stop1.5	36	-0.039	-1.4	0.56	20	0.054	16	-0.155	0	0.56	0.28	0.06	0.03	
structure-anchored-vwap	4h	LINKUSD	stop2	35	0.039	1.4	0.60	19	0.159	16	-0.102	0	0.60	0.20	0.06	0.03	
structure-anchored-vwap	4h	LINKUSD	tp1	36	-0.206	-7.4	0.42	20	-0.137	16	-0.291	0	0.56	0.00	0.00	0.06	
structure-anchored-vwap	4h	LINKUSD	levels	36	-0.040	-1.4	0.56	20	0.044	16	-0.146	0	0.56	0.22	0.06	0.06	
structure-anchored-vwap	4h	LINKUSD	script	36	-0.040	-1.4	0.56	20	0.044	16	-0.146	0	0.56	0.22	0.06	0.06	
structure-anchored-vwap	4h	LINKUSD	er0.25	14	0.205	2.9	0.57	6	0.690	8	-0.160	0	0.57	0.43	0.14	0.07	
structure-anchored-vwap	4h	LINKUSD	confirm1	20	-0.029	-0.6	0.55	12	0.142	8	-0.286	0	0.50	0.20	0.05	0.05	
structure-anchored-vwap	4h	LINKUSD	er+stop1.5	14	0.218	3.1	0.57	6	0.690	8	-0.136	0	0.57	0.50	0.14	0.00	
structure-anchored-vwap	4h	LINKUSD	er+stop2	14	0.291	4.1	0.64	6	0.690	8	-0.009	0	0.64	0.36	0.14	0.00	
structure-anchored-vwap	4h	LINKUSD	confirm1+er	6	0.476	2.9	0.67	4	0.873	2	-0.317	0	0.67	0.33	0.17	0.00	
structure-anchored-vwap	4h	LINKUSD	inverted	36	-0.101	-3.6	0.61	20	-0.086	16	-0.120	0	0.61	0.11	0.03	0.14	
structure-anchored-vwap	4h	LINKUSD	long	22	0.027	0.6	0.59	14	-0.017	8	0.105	0	0.59	0.23	0.05	0.00	
structure-anchored-vwap	4h	LINKUSD	short	14	-0.146	-2.0	0.50	6	0.188	8	-0.397	0	0.50	0.21	0.07	0.14	
structure-anchored-vwap	4h	LINKUSD	label:alert:🟢 LONG	15	0.144	2.2	0.67	11	0.139	4	0.159	0	0.67	0.20	0.07	0.00	
structure-anchored-vwap	4h	LINKUSD	label:alert:🔴 SHORT	10	-0.071	-0.7	0.50	4	0.428	6	-0.403	0	0.50	0.30	0.10	0.10	
structure-anchored-vwap	4h	LINKUSD	repaint	35	-0.040	-1.4	0.56	20	0.044	16	-0.146	0	0.56	0.22	0.06	0.06	0 of 35 earlier entries changed when the last 60 bars were hidden (0%)
structure-anchored-vwap	4h	LINKUSD	verdict	36	-0.040	-1.4	0.56	20	0.044	16	-0.146	0	0.56	0.22	0.06	0.06	no variant pays in both halves → not a reading, exit or cost problem on this cell; re-time or retire the pair
structure-anchored-vwap	4h	NEARUSD	base	28	0.081	2.3	0.71	10	0.294	18	-0.037	0	0.71	0.11	0.04	0.07	
structure-anchored-vwap	4h	NEARUSD	gross	28	0.120	3.4	0.71	10	0.345	18	-0.004	0	0.71	0.11	0.04	0.07	
structure-anchored-vwap	4h	NEARUSD	stop1.5	28	0.038	1.1	0.71	10	0.212	18	-0.058	0	0.71	0.07	0.00	0.07	
structure-anchored-vwap	4h	NEARUSD	stop2	28	-0.018	-0.5	0.68	10	0.204	18	-0.141	0	0.68	0.07	0.00	0.07	
structure-anchored-vwap	4h	NEARUSD	tp1	28	-0.041	-1.1	0.50	10	0.149	18	-0.146	0	0.68	0.00	0.00	0.07	
structure-anchored-vwap	4h	NEARUSD	levels	28	0.081	2.3	0.71	10	0.294	18	-0.037	0	0.71	0.11	0.04	0.07	
structure-anchored-vwap	4h	NEARUSD	script	28	0.081	2.3	0.71	10	0.294	18	-0.037	0	0.71	0.11	0.04	0.07	
structure-anchored-vwap	4h	NEARUSD	er0.25	6	-0.336	-2.0	0.50	1	-0.986	5	-0.207	0	0.50	0.00	0.00	0.33	
structure-anchored-vwap	4h	NEARUSD	confirm1	13	-0.138	-1.8	0.62	3	0.080	10	-0.204	0	0.62	0.08	0.00	0.00	
structure-anchored-vwap	4h	NEARUSD	er+stop1.5	6	-0.324	-1.9	0.50	1	-0.986	5	-0.192	0	0.50	0.00	0.00	0.33	
structure-anchored-vwap	4h	NEARUSD	er+stop2	6	-0.321	-1.9	0.50	1	-0.986	5	-0.188	0	0.50	0.00	0.00	0.33	
structure-anchored-vwap	4h	NEARUSD	confirm1+er	5	0.074	0.4	0.80	2	-0.353	3	0.358	0	0.80	0.00	0.00	0.00	
structure-anchored-vwap	4h	NEARUSD	inverted	28	0.006	0.2	0.61	10	-0.063	18	0.044	0	0.61	0.11	0.07	0.18	
structure-anchored-vwap	4h	NEARUSD	long	15	0.081	1.2	0.67	7	0.260	8	-0.075	0	0.67	0.13	0.07	0.07	
structure-anchored-vwap	4h	NEARUSD	short	13	0.081	1.0	0.77	3	0.374	10	-0.007	0	0.77	0.08	0.00	0.08	
structure-anchored-vwap	4h	NEARUSD	label:alert:🟢 LONG	12	-0.118	-1.4	0.58	6	-0.012	6	-0.224	0	0.58	0.08	0.00	0.08	
structure-anchored-vwap	4h	NEARUSD	repaint	28	0.081	2.3	0.71	10	0.294	18	-0.037	0	0.71	0.11	0.04	0.07	0 of 28 earlier entries changed when the last 60 bars were hidden (0%)
structure-anchored-vwap	4h	NEARUSD	verdict	28	0.081	2.3	0.71	10	0.294	18	-0.037	0	0.71	0.11	0.04	0.07	no variant pays in both halves → not a reading, exit or cost problem on this cell; re-time or retire the pair
structure-anchored-vwap	4h	HYPEUSD	base	29	0.033	0.9	0.69	11	0.060	18	0.016	1	0.69	0.14	0.00	0.10	
structure-anchored-vwap	4h	HYPEUSD	gross	29	0.066	1.9	0.69	11	0.092	18	0.051	1	0.69	0.14	0.00	0.10	
structure-anchored-vwap	4h	HYPEUSD	stop1.5	28	-0.002	-0.1	0.68	10	-0.102	18	0.053	0	0.68	0.07	0.00	0.07	
structure-anchored-vwap	4h	HYPEUSD	stop2	27	-0.022	-0.6	0.67	10	0.050	17	-0.065	0	0.67	0.07	0.00	0.07	
structure-anchored-vwap	4h	HYPEUSD	tp1	29	-0.200	-5.8	0.41	11	-0.292	18	-0.144	0	0.69	0.00	0.00	0.10	
structure-anchored-vwap	4h	HYPEUSD	levels	29	0.033	0.9	0.69	11	0.060	18	0.016	1	0.69	0.14	0.00	0.10	
structure-anchored-vwap	4h	HYPEUSD	script	29	0.033	0.9	0.69	11	0.060	18	0.016	1	0.69	0.14	0.00	0.10	
structure-anchored-vwap	4h	HYPEUSD	er0.25	9	-0.278	-2.5	0.44	5	-0.418	4	-0.104	0	0.44	0.11	0.00	0.22	
structure-anchored-vwap	4h	HYPEUSD	confirm1	19	-0.306	-5.8	0.47	8	-0.211	11	-0.374	0	0.47	0.05	0.00	0.05	
structure-anchored-vwap	4h	HYPEUSD	er+stop1.5	9	-0.114	-1.0	0.56	5	-0.418	4	0.266	0	0.56	0.11	0.00	0.11	
structure-anchored-vwap	4h	HYPEUSD	er+stop2	9	-0.127	-1.1	0.56	5	-0.418	4	0.237	0	0.56	0.11	0.00	0.11	
structure-anchored-vwap	4h	HYPEUSD	confirm1+er	4	-0.656	-2.6	0.25	1	-1.000	3	-0.542	0	0.25	0.00	0.00	0.25	
structure-anchored-vwap	4h	HYPEUSD	inverted	29	-0.222	-6.4	0.55	11	-0.064	18	-0.319	0	0.55	0.03	0.00	0.03	
structure-anchored-vwap	4h	HYPEUSD	long	19	0.183	3.5	0.79	8	0.264	11	0.125	1	0.79	0.16	0.00	0.05	
structure-anchored-vwap	4h	HYPEUSD	short	10	-0.253	-2.5	0.50	3	-0.485	7	-0.154	0	0.50	0.10	0.00	0.20	
structure-anchored-vwap	4h	HYPEUSD	label:alert:🟢 LONG	13	0.255	3.3	0.85	6	0.469	7	0.071	1	0.85	0.15	0.00	0.00	
structure-anchored-vwap	4h	HYPEUSD	repaint	28	0.033	0.9	0.69	11	0.060	18	0.016	1	0.69	0.14	0.00	0.10	0 of 28 earlier entries changed when the last 60 bars were hidden (0%)
structure-anchored-vwap	4h	HYPEUSD	verdict	29	0.033	0.9	0.69	11	0.060	18	0.016	1	0.69	0.14	0.00	0.10	pays as read → nothing to fix; measure in shadow
supertrend-cluster-zeiierman	15m	BTCUSD	base	3	0.316	0.9	1.00	2	0.157	1	0.633	0	1.00	0.33	0.00	0.00	
supertrend-cluster-zeiierman	15m	BTCUSD	gross	141	-0.033	-4.7	0.62	71	-0.019	70	-0.048	0	0.62	0.20	0.06	0.21	
supertrend-cluster-zeiierman	15m	BTCUSD	stop1.5	25	0.087	2.2	0.80	9	0.187	16	0.031	1	0.80	0.28	0.04	0.08	
supertrend-cluster-zeiierman	15m	BTCUSD	stop2	55	-0.125	-6.9	0.67	21	-0.041	34	-0.178	0	0.67	0.15	0.02	0.02	
supertrend-cluster-zeiierman	15m	BTCUSD	tp1	2	0.649	1.3	1.00	1	0.657	1	0.640	0	1.00	0.00	0.00	0.00	
supertrend-cluster-zeiierman	15m	BTCUSD	levels	3	0.316	0.9	1.00	2	0.157	1	0.633	0	1.00	0.33	0.00	0.00	
supertrend-cluster-zeiierman	15m	BTCUSD	er0.25	0	0.000	0.0	0.00	0	0.000	0	0.000	0	0.00	0.00	0.00	0.00	
supertrend-cluster-zeiierman	15m	BTCUSD	confirm1	3	-0.208	-0.6	0.67	1	0.087	2	-0.355	0	0.67	0.00	0.00	0.00	
supertrend-cluster-zeiierman	15m	BTCUSD	er+stop1.5	11	-0.204	-2.2	0.64	4	0.016	7	-0.329	0	0.64	0.18	0.00	0.18	
supertrend-cluster-zeiierman	15m	BTCUSD	er+stop2	27	-0.247	-6.7	0.59	10	-0.027	17	-0.376	0	0.59	0.11	0.00	0.04	
supertrend-cluster-zeiierman	15m	BTCUSD	confirm1+er	1	0.290	0.3	1.00	0	0.000	1	0.290	0	1.00	0.00	0.00	0.00	
supertrend-cluster-zeiierman	15m	BTCUSD	inverted	3	-0.565	-1.7	0.33	2	-0.391	1	-0.911	0	0.33	0.00	0.00	0.33	
supertrend-cluster-zeiierman	15m	BTCUSD	long	0	0.000	0.0	0.00	0	0.000	0	0.000	0	0.00	0.00	0.00	0.00	
supertrend-cluster-zeiierman	15m	BTCUSD	short	3	0.316	0.9	1.00	2	0.157	1	0.633	0	1.00	0.33	0.00	0.00	
supertrend-cluster-zeiierman	15m	BTCUSD	repaint	164	0.316	0.9	1.00	2	0.157	1	0.633	0	1.00	0.33	0.00	0.00	0 of 164 earlier entries changed when the last 60 bars were hidden (0%)
supertrend-cluster-zeiierman	15m	BTCUSD	verdict	3	0.316	0.9	1.00	2	0.157	1	0.633	0	1.00	0.33	0.00	0.00	too few trades to say → more history or a faster timeframe before judging
supertrend-cluster-zeiierman	15m	ETHUSD	base	14	-0.209	-2.9	0.64	5	-0.036	9	-0.305	0	0.64	0.07	0.00	0.21	
supertrend-cluster-zeiierman	15m	ETHUSD	gross	143	-0.043	-6.2	0.59	72	0.068	71	-0.156	0	0.58	0.17	0.06	0.24	
supertrend-cluster-zeiierman	15m	ETHUSD	stop1.5	61	-0.198	-12.1	0.62	25	-0.330	36	-0.106	0	0.62	0.11	0.02	0.08	
supertrend-cluster-zeiierman	15m	ETHUSD	stop2	93	-0.281	-26.1	0.56	43	-0.324	50	-0.244	0	0.56	0.11	0.00	0.02	
supertrend-cluster-zeiierman	15m	ETHUSD	tp1	14	-0.259	-3.6	0.43	5	-0.295	9	-0.239	0	0.64	0.00	0.00	0.21	
supertrend-cluster-zeiierman	15m	ETHUSD	levels	14	-0.209	-2.9	0.64	5	-0.036	9	-0.305	0	0.64	0.07	0.00	0.21	
supertrend-cluster-zeiierman	15m	ETHUSD	er0.25	8	-0.074	-0.6	0.75	2	0.194	6	-0.164	0	0.75	0.13	0.00	0.13	
supertrend-cluster-zeiierman	15m	ETHUSD	confirm1	4	0.286	1.1	1.00	1	0.269	3	0.291	0	1.00	0.25	0.00	0.00	
supertrend-cluster-zeiierman	15m	ETHUSD	er+stop1.5	37	-0.137	-5.1	0.68	14	-0.269	23	-0.057	0	0.68	0.08	0.03	0.05	
supertrend-cluster-zeiierman	15m	ETHUSD	er+stop2	57	-0.167	-9.5	0.67	27	-0.251	30	-0.091	0	0.67	0.09	0.00	0.02	
supertrend-cluster-zeiierman	15m	ETHUSD	confirm1+er	3	0.286	0.9	1.00	1	0.269	2	0.295	0	1.00	0.33	0.00	0.00	
supertrend-cluster-zeiierman	15m	ETHUSD	inverted	14	-0.152	-2.1	0.64	5	-0.126	9	-0.166	0	0.64	0.21	0.00	0.00	
supertrend-cluster-zeiierman	15m	ETHUSD	long	6	-0.372	-2.2	0.50	2	-0.367	4	-0.375	0	0.50	0.00	0.00	0.33	
supertrend-cluster-zeiierman	15m	ETHUSD	short	8	-0.087	-0.7	0.75	3	0.185	5	-0.250	0	0.75	0.13	0.00	0.13	
supertrend-cluster-zeiierman	15m	ETHUSD	repaint	162	-0.209	-2.9	0.64	5	-0.036	9	-0.305	0	0.64	0.07	0.00	0.21	0 of 162 earlier entries changed when the last 60 bars were hidden (0%)
supertrend-cluster-zeiierman	15m	ETHUSD	verdict	14	-0.209	-2.9	0.64	5	-0.036	9	-0.305	0	0.64	0.07	0.00	0.21	too few trades to say → more history or a faster timeframe before judging
supertrend-cluster-zeiierman	15m	SOLUSD	base	39	-0.100	-3.9	0.67	15	0.007	24	-0.167	0	0.67	0.15	0.08	0.08	
supertrend-cluster-zeiierman	15m	SOLUSD	gross	145	-0.020	-2.9	0.62	74	0.006	71	-0.047	0	0.62	0.21	0.08	0.19	
supertrend-cluster-zeiierman	15m	SOLUSD	stop1.5	79	-0.131	-10.3	0.67	29	-0.229	50	-0.074	0	0.67	0.15	0.03	0.04	
supertrend-cluster-zeiierman	15m	SOLUSD	stop2	96	-0.166	-15.9	0.64	42	-0.249	54	-0.101	0	0.64	0.18	0.02	0.04	
supertrend-cluster-zeiierman	15m	SOLUSD	tp1	36	-0.066	-2.4	0.56	16	-0.247	20	0.079	0	0.50	0.00	0.00	0.08	
supertrend-cluster-zeiierman	15m	SOLUSD	levels	39	-0.100	-3.9	0.67	15	0.007	24	-0.167	0	0.67	0.15	0.08	0.08	
supertrend-cluster-zeiierman	15m	SOLUSD	er0.25	19	0.023	0.4	0.74	8	0.237	11	-0.133	0	0.74	0.16	0.11	0.11	
supertrend-cluster-zeiierman	15m	SOLUSD	confirm1	19	-0.038	-0.7	0.63	8	-0.152	11	0.044	0	0.63	0.21	0.05	0.26	
supertrend-cluster-zeiierman	15m	SOLUSD	er+stop1.5	47	-0.093	-4.4	0.70	16	-0.076	31	-0.102	0	0.70	0.15	0.02	0.04	
supertrend-cluster-zeiierman	15m	SOLUSD	er+stop2	57	-0.141	-8.0	0.65	23	-0.130	34	-0.148	0	0.65	0.21	0.02	0.04	
supertrend-cluster-zeiierman	15m	SOLUSD	confirm1+er	13	0.037	0.5	0.62	6	-0.080	7	0.137	0	0.62	0.23	0.08	0.31	
supertrend-cluster-zeiierman	15m	SOLUSD	inverted	37	-0.055	-2.0	0.68	16	0.201	21	-0.250	0	0.68	0.16	0.08	0.11	
supertrend-cluster-zeiierman	15m	SOLUSD	long	20	-0.045	-0.9	0.70	7	0.191	13	-0.173	0	0.70	0.15	0.10	0.10	
supertrend-cluster-zeiierman	15m	SOLUSD	short	19	-0.157	-3.0	0.63	8	-0.154	11	-0.160	0	0.63	0.16	0.05	0.05	
supertrend-cluster-zeiierman	15m	SOLUSD	label:shape:Base ST Long	10	0.072	0.7	0.70	4	0.511	6	-0.220	0	0.70	0.20	0.20	0.00	
supertrend-cluster-zeiierman	15m	SOLUSD	label:alertcondition:Short	14	-0.060	-0.8	0.71	5	0.036	9	-0.113	0	0.71	0.14	0.07	0.00	
supertrend-cluster-zeiierman	15m	SOLUSD	label:alertcondition:Long	10	-0.163	-1.6	0.70	3	-0.235	7	-0.132	0	0.70	0.10	0.00	0.20	
supertrend-cluster-zeiierman	15m	SOLUSD	repaint	163	-0.100	-3.9	0.67	15	0.007	24	-0.167	0	0.67	0.15	0.08	0.08	0 of 163 earlier entries changed when the last 60 bars were hidden (0%)
supertrend-cluster-zeiierman	15m	SOLUSD	verdict	39	-0.100	-3.9	0.67	15	0.007	24	-0.167	0	0.67	0.15	0.08	0.08	no variant pays in both halves → not a reading, exit or cost problem on this cell; re-time or retire the pair
supertrend-cluster-zeiierman	15m	XRPUSD	base	47	-0.109	-5.1	0.68	11	-0.014	36	-0.138	0	0.68	0.13	0.02	0.13	
supertrend-cluster-zeiierman	15m	XRPUSD	gross	135	-0.071	-9.6	0.62	60	-0.044	75	-0.093	0	0.62	0.15	0.02	0.21	
supertrend-cluster-zeiierman	15m	XRPUSD	stop1.5	79	-0.228	-18.0	0.58	23	-0.117	56	-0.273	0	0.58	0.13	0.03	0.05	
supertrend-cluster-zeiierman	15m	XRPUSD	stop2	100	-0.211	-21.1	0.59	37	-0.157	63	-0.243	0	0.59	0.10	0.02	0.05	
supertrend-cluster-zeiierman	15m	XRPUSD	tp1	47	-0.162	-7.6	0.49	12	-0.122	35	-0.176	0	0.60	0.00	0.00	0.15	
supertrend-cluster-zeiierman	15m	XRPUSD	levels	47	-0.109	-5.1	0.68	11	-0.014	36	-0.138	0	0.68	0.13	0.02	0.13	
supertrend-cluster-zeiierman	15m	XRPUSD	er0.25	24	-0.187	-4.5	0.63	7	-0.176	17	-0.192	0	0.63	0.08	0.00	0.25	
supertrend-cluster-zeiierman	15m	XRPUSD	confirm1	21	-0.023	-0.5	0.57	3	0.645	18	-0.135	0	0.57	0.19	0.10	0.14	
supertrend-cluster-zeiierman	15m	XRPUSD	er+stop1.5	44	-0.329	-14.5	0.50	15	-0.108	29	-0.444	0	0.50	0.11	0.02	0.07	
supertrend-cluster-zeiierman	15m	XRPUSD	er+stop2	55	-0.269	-14.8	0.53	21	-0.178	34	-0.326	0	0.53	0.09	0.04	0.09	
supertrend-cluster-zeiierman	15m	XRPUSD	confirm1+er	9	-0.224	-2.0	0.56	2	0.760	7	-0.505	0	0.56	0.11	0.11	0.11	
supertrend-cluster-zeiierman	15m	XRPUSD	inverted	47	-0.143	-6.7	0.64	12	-0.092	35	-0.160	0	0.64	0.11	0.02	0.21	
supertrend-cluster-zeiierman	15m	XRPUSD	long	22	0.067	1.5	0.77	5	0.093	17	0.059	1	0.77	0.18	0.05	0.23	
supertrend-cluster-zeiierman	15m	XRPUSD	short	25	-0.264	-6.6	0.60	6	-0.102	19	-0.314	0	0.60	0.08	0.00	0.04	
supertrend-cluster-zeiierman	15m	XRPUSD	label:alertcondition:Long	15	0.037	0.6	0.80	3	-0.386	12	0.143	0	0.80	0.13	0.00	0.20	
supertrend-cluster-zeiierman	15m	XRPUSD	label:alertcondition:Short	20	-0.266	-5.3	0.60	4	0.000	16	-0.332	0	0.60	0.10	0.00	0.00	
supertrend-cluster-zeiierman	15m	XRPUSD	repaint	146	-0.109	-5.1	0.68	11	-0.014	36	-0.138	0	0.68	0.13	0.02	0.13	0 of 146 earlier entries changed when the last 60 bars were hidden (0%)
supertrend-cluster-zeiierman	15m	XRPUSD	verdict	47	-0.109	-5.1	0.68	11	-0.014	36	-0.138	0	0.68	0.13	0.02	0.13	READING: shorts lose, longs pay → long-only on this market (the script's short logic does not transfer)
supertrend-cluster-zeiierman	15m	BNBUSD	base	1	-1.000	-1.0	0.00	1	-1.000	0	0.000	0	0.00	0.00	0.00	0.00	
supertrend-cluster-zeiierman	15m	BNBUSD	gross	194	-0.255	-49.4	0.47	85	-0.377	109	-0.159	0	0.47	0.19	0.05	0.26	
supertrend-cluster-zeiierman	15m	BNBUSD	stop1.5	21	-0.001	-0.0	0.62	7	-0.111	14	0.054	0	0.62	0.29	0.10	0.00	
supertrend-cluster-zeiierman	15m	BNBUSD	stop2	66	-0.387	-25.5	0.44	16	-0.696	50	-0.288	0	0.44	0.17	0.05	0.06	
supertrend-cluster-zeiierman	15m	BNBUSD	tp1	1	-1.000	-1.0	0.00	1	-1.000	0	0.000	0	0.00	0.00	0.00	0.00	
supertrend-cluster-zeiierman	15m	BNBUSD	levels	1	-1.000	-1.0	0.00	1	-1.000	0	0.000	0	0.00	0.00	0.00	0.00	
supertrend-cluster-zeiierman	15m	BNBUSD	er0.25	0	0.000	0.0	0.00	0	0.000	0	0.000	0	0.00	0.00	0.00	0.00	
supertrend-cluster-zeiierman	15m	BNBUSD	confirm1	0	0.000	0.0	0.00	0	0.000	0	0.000	0	0.00	0.00	0.00	0.00	
supertrend-cluster-zeiierman	15m	BNBUSD	er+stop1.5	9	0.029	0.3	0.67	2	0.999	7	-0.249	0	0.67	0.33	0.11	0.00	
supertrend-cluster-zeiierman	15m	BNBUSD	er+stop2	26	-0.339	-8.8	0.50	3	0.198	23	-0.409	0	0.50	0.19	0.04	0.04	
supertrend-cluster-zeiierman	15m	BNBUSD	confirm1+er	0	0.000	0.0	0.00	0	0.000	0	0.000	0	0.00	0.00	0.00	0.00	
supertrend-cluster-zeiierman	15m	BNBUSD	inverted	1	0.205	0.2	1.00	1	0.205	0	0.000	0	1.00	0.00	0.00	0.00	
supertrend-cluster-zeiierman	15m	BNBUSD	long	0	0.000	0.0	0.00	0	0.000	0	0.000	0	0.00	0.00	0.00	0.00	
supertrend-cluster-zeiierman	15m	BNBUSD	short	1	-1.000	-1.0	0.00	1	-1.000	0	0.000	0	0.00	0.00	0.00	0.00	
supertrend-cluster-zeiierman	15m	BNBUSD	repaint	218	-1.000	-1.0	0.00	1	-1.000	0	0.000	0	0.00	0.00	0.00	0.00	0 of 218 earlier entries changed when the last 60 bars were hidden (0%)
supertrend-cluster-zeiierman	15m	BNBUSD	verdict	1	-1.000	-1.0	0.00	1	-1.000	0	0.000	0	0.00	0.00	0.00	0.00	too few trades to say → more history or a faster timeframe before judging
supertrend-cluster-zeiierman	15m	DOGEUSD	base	51	-0.098	-5.0	0.59	14	0.261	37	-0.234	0	0.59	0.22	0.06	0.12	
supertrend-cluster-zeiierman	15m	DOGEUSD	gross	156	-0.001	-0.1	0.62	75	0.049	81	-0.046	0	0.62	0.22	0.06	0.16	
supertrend-cluster-zeiierman	15m	DOGEUSD	stop1.5	91	-0.044	-4.0	0.69	29	0.053	62	-0.089	0	0.69	0.18	0.04	0.03	
supertrend-cluster-zeiierman	15m	DOGEUSD	stop2	115	-0.109	-12.6	0.65	44	-0.008	71	-0.172	0	0.65	0.16	0.04	0.02	
supertrend-cluster-zeiierman	15m	DOGEUSD	tp1	53	-0.185	-9.8	0.47	15	0.288	38	-0.372	0	0.49	0.00	0.00	0.15	
supertrend-cluster-zeiierman	15m	DOGEUSD	levels	51	-0.098	-5.0	0.59	14	0.261	37	-0.234	0	0.59	0.22	0.06	0.12	
supertrend-cluster-zeiierman	15m	DOGEUSD	er0.25	27	-0.200	-5.4	0.56	6	0.268	21	-0.333	0	0.56	0.26	0.04	0.19	
supertrend-cluster-zeiierman	15m	DOGEUSD	confirm1	23	-0.116	-2.7	0.57	6	0.086	17	-0.187	0	0.57	0.13	0.09	0.22	
supertrend-cluster-zeiierman	15m	DOGEUSD	er+stop1.5	50	0.005	0.3	0.72	16	-0.006	34	0.010	0	0.72	0.24	0.06	0.04	
supertrend-cluster-zeiierman	15m	DOGEUSD	er+stop2	63	-0.102	-6.4	0.65	23	-0.043	40	-0.136	0	0.65	0.19	0.05	0.02	
supertrend-cluster-zeiierman	15m	DOGEUSD	confirm1+er	20	-0.314	-6.3	0.55	4	-0.290	16	-0.320	0	0.55	0.05	0.00	0.25	
supertrend-cluster-zeiierman	15m	DOGEUSD	inverted	54	-0.076	-4.1	0.70	15	-0.271	39	-0.000	0	0.70	0.20	0.02	0.17	
supertrend-cluster-zeiierman	15m	DOGEUSD	long	24	-0.186	-4.5	0.42	6	0.238	18	-0.327	0	0.42	0.21	0.08	0.21	
supertrend-cluster-zeiierman	15m	DOGEUSD	short	27	-0.020	-0.6	0.74	8	0.278	19	-0.146	0	0.74	0.22	0.04	0.04	
supertrend-cluster-zeiierman	15m	DOGEUSD	label:shape:Base ST Long	11	0.154	1.7	0.45	3	0.373	8	0.071	0	0.45	0.27	0.18	0.27	
supertrend-cluster-zeiierman	15m	DOGEUSD	label:alertcondition:Short	18	-0.073	-1.3	0.72	5	0.081	13	-0.132	0	0.72	0.22	0.00	0.06	
supertrend-cluster-zeiierman	15m	DOGEUSD	label:alertcondition:Long	13	-0.473	-6.1	0.38	3	0.102	10	-0.645	0	0.38	0.15	0.00	0.15	
supertrend-cluster-zeiierman	15m	DOGEUSD	repaint	177	-0.098	-5.0	0.59	14	0.261	37	-0.234	0	0.59	0.22	0.06	0.12	0 of 177 earlier entries changed when the last 60 bars were hidden (0%)
supertrend-cluster-zeiierman	15m	DOGEUSD	verdict	51	-0.098	-5.0	0.59	14	0.261	37	-0.234	0	0.59	0.22	0.06	0.12	no variant pays in both halves → not a reading, exit or cost problem on this cell; re-time or retire the pair
supertrend-cluster-zeiierman	15m	AVAXUSD	base	63	0.084	5.3	0.75	10	-0.045	53	0.108	0	0.75	0.27	0.06	0.16	
supertrend-cluster-zeiierman	15m	AVAXUSD	gross	189	0.188	35.6	0.65	95	0.281	94	0.095	1	0.63	0.30	0.11	0.25	
supertrend-cluster-zeiierman	15m	AVAXUSD	stop1.5	111	-0.063	-7.0	0.64	40	-0.058	71	-0.065	0	0.64	0.22	0.05	0.11	
supertrend-cluster-zeiierman	15m	AVAXUSD	stop2	139	-0.065	-9.1	0.64	61	0.021	78	-0.133	0	0.63	0.21	0.04	0.04	
supertrend-cluster-zeiierman	15m	AVAXUSD	tp1	62	-0.016	-1.0	0.56	11	-0.067	51	-0.005	0	0.65	0.00	0.00	0.18	
supertrend-cluster-zeiierman	15m	AVAXUSD	levels	63	0.084	5.3	0.75	10	-0.045	53	0.108	0	0.75	0.27	0.06	0.16	
supertrend-cluster-zeiierman	15m	AVAXUSD	er0.25	29	0.028	0.8	0.66	4	-0.620	25	0.131	0	0.66	0.38	0.10	0.28	
supertrend-cluster-zeiierman	15m	AVAXUSD	confirm1	33	-0.075	-2.5	0.64	8	-0.266	25	-0.014	0	0.64	0.12	0.06	0.21	
supertrend-cluster-zeiierman	15m	AVAXUSD	er+stop1.5	54	0.007	0.4	0.67	23	-0.242	31	0.191	0	0.67	0.26	0.06	0.20	
supertrend-cluster-zeiierman	15m	AVAXUSD	er+stop2	68	-0.097	-6.6	0.62	35	-0.273	33	0.089	0	0.62	0.26	0.04	0.07	
supertrend-cluster-zeiierman	15m	AVAXUSD	confirm1+er	19	-0.125	-2.4	0.63	4	-0.165	15	-0.115	0	0.63	0.11	0.05	0.26	
supertrend-cluster-zeiierman	15m	AVAXUSD	inverted	61	-0.211	-12.9	0.52	11	-0.210	50	-0.211	0	0.52	0.15	0.07	0.18	
supertrend-cluster-zeiierman	15m	AVAXUSD	long	29	0.013	0.4	0.66	4	-0.626	25	0.115	0	0.66	0.14	0.10	0.21	
supertrend-cluster-zeiierman	15m	AVAXUSD	short	34	0.144	4.9	0.82	6	0.341	28	0.102	1	0.82	0.38	0.03	0.12	
supertrend-cluster-zeiierman	15m	AVAXUSD	label:alertcondition:Long	18	0.210	3.8	0.72	3	-0.527	15	0.357	0	0.72	0.22	0.17	0.17	
supertrend-cluster-zeiierman	15m	AVAXUSD	label:alertcondition:Short	25	0.125	3.1	0.80	5	0.298	20	0.082	1	0.80	0.32	0.04	0.16	
supertrend-cluster-zeiierman	15m	AVAXUSD	label:shape:Base ST Long	11	-0.309	-3.4	0.55	1	-0.920	10	-0.248	0	0.55	0.00	0.00	0.27	
supertrend-cluster-zeiierman	15m	AVAXUSD	repaint	211	0.084	5.3	0.75	10	-0.045	53	0.108	0	0.75	0.27	0.06	0.16	0 of 211 earlier entries changed when the last 60 bars were hidden (0%)
supertrend-cluster-zeiierman	15m	AVAXUSD	verdict	63	0.084	5.3	0.75	10	-0.045	53	0.108	0	0.75	0.27	0.06	0.16	COSTS: positive before fees, negative after → a slower timeframe or a wider stop/target so each trade pays the round trip several times over
supertrend-cluster-zeiierman	15m	ADAUSD	base	118	-0.254	-30.0	0.53	44	-0.265	74	-0.248	0	0.53	0.14	0.04	0.22	
supertrend-cluster-zeiierman	15m	ADAUSD	gross	158	-0.181	-28.6	0.51	73	-0.187	85	-0.175	0	0.51	0.16	0.04	0.26	
supertrend-cluster-zeiierman	15m	ADAUSD	stop1.5	140	-0.203	-28.4	0.56	62	-0.163	78	-0.234	0	0.56	0.12	0.04	0.09	
supertrend-cluster-zeiierman	15m	ADAUSD	stop2	141	-0.215	-30.4	0.55	64	-0.223	77	-0.209	0	0.55	0.13	0.03	0.06	
supertrend-cluster-zeiierman	15m	ADAUSD	tp1	120	-0.335	-40.2	0.38	47	-0.320	73	-0.344	0	0.44	0.00	0.00	0.26	
supertrend-cluster-zeiierman	15m	ADAUSD	levels	118	-0.254	-30.0	0.53	44	-0.265	74	-0.248	0	0.53	0.14	0.04	0.22	
supertrend-cluster-zeiierman	15m	ADAUSD	er0.25	69	-0.192	-13.3	0.58	22	-0.195	47	-0.191	0	0.58	0.16	0.04	0.20	
supertrend-cluster-zeiierman	15m	ADAUSD	confirm1	51	-0.209	-10.7	0.55	19	-0.125	32	-0.259	0	0.55	0.16	0.08	0.22	
supertrend-cluster-zeiierman	15m	ADAUSD	er+stop1.5	80	-0.273	-21.8	0.53	31	-0.272	49	-0.273	0	0.53	0.10	0.04	0.11	
supertrend-cluster-zeiierman	15m	ADAUSD	er+stop2	79	-0.296	-23.4	0.52	32	-0.359	47	-0.253	0	0.52	0.11	0.01	0.06	
supertrend-cluster-zeiierman	15m	ADAUSD	confirm1+er	33	-0.172	-5.7	0.58	9	-0.068	24	-0.211	0	0.58	0.15	0.09	0.18	
supertrend-cluster-zeiierman	15m	ADAUSD	inverted	117	0.000	0.0	0.72	43	0.018	74	-0.010	0	0.72	0.24	0.07	0.12	
supertrend-cluster-zeiierman	15m	ADAUSD	long	60	-0.300	-18.0	0.47	20	-0.376	40	-0.262	0	0.47	0.18	0.05	0.32	
supertrend-cluster-zeiierman	15m	ADAUSD	short	58	-0.207	-12.0	0.59	24	-0.173	34	-0.232	0	0.59	0.09	0.03	0.12	
supertrend-cluster-zeiierman	15m	ADAUSD	label:shape:Base ST Short	19	-0.186	-3.5	0.58	8	-0.219	11	-0.162	0	0.58	0.21	0.05	0.21	
supertrend-cluster-zeiierman	15m	ADAUSD	label:alertcondition:Long	30	-0.264	-7.9	0.47	8	-0.444	22	-0.199	0	0.47	0.13	0.07	0.27	
supertrend-cluster-zeiierman	15m	ADAUSD	label:alertcondition:Short	39	-0.218	-8.5	0.59	16	-0.150	23	-0.265	0	0.59	0.03	0.03	0.08	
supertrend-cluster-zeiierman	15m	ADAUSD	label:shape:Base ST Long	30	-0.335	-10.0	0.47	12	-0.330	18	-0.338	0	0.47	0.23	0.03	0.37	
supertrend-cluster-zeiierman	15m	ADAUSD	repaint	173	-0.254	-30.0	0.53	44	-0.265	74	-0.248	0	0.53	0.14	0.04	0.22	0 of 173 earlier entries changed when the last 60 bars were hidden (0%)
supertrend-cluster-zeiierman	15m	ADAUSD	verdict	118	-0.254	-30.0	0.53	44	-0.265	74	-0.248	0	0.53	0.14	0.04	0.22	no variant pays in both halves → not a reading, exit or cost problem on this cell; re-time or retire the pair
supertrend-cluster-zeiierman	15m	LTCUSD	base	46	-0.184	-8.5	0.59	12	-0.027	34	-0.239	0	0.59	0.22	0.02	0.22	
supertrend-cluster-zeiierman	15m	LTCUSD	gross	176	0.003	0.5	0.59	91	0.099	85	-0.101	0	0.59	0.26	0.08	0.26	
supertrend-cluster-zeiierman	15m	LTCUSD	stop1.5	89	-0.157	-14.0	0.61	27	-0.068	62	-0.196	0	0.61	0.17	0.03	0.10	
supertrend-cluster-zeiierman	15m	LTCUSD	stop2	106	-0.203	-21.5	0.58	39	-0.175	67	-0.220	0	0.58	0.11	0.04	0.01	
supertrend-cluster-zeiierman	15m	LTCUSD	tp1	46	-0.185	-8.5	0.48	13	0.043	33	-0.275	0	0.52	0.00	0.00	0.20	
supertrend-cluster-zeiierman	15m	LTCUSD	levels	46	-0.184	-8.5	0.59	12	-0.027	34	-0.239	0	0.59	0.22	0.02	0.22	
supertrend-cluster-zeiierman	15m	LTCUSD	er0.25	22	-0.259	-5.7	0.45	5	0.462	17	-0.471	0	0.45	0.27	0.09	0.32	
supertrend-cluster-zeiierman	15m	LTCUSD	confirm1	23	-0.102	-2.3	0.61	7	0.338	16	-0.294	0	0.61	0.22	0.09	0.13	
supertrend-cluster-zeiierman	15m	LTCUSD	er+stop1.5	42	-0.301	-12.6	0.50	9	0.100	33	-0.410	0	0.50	0.24	0.00	0.14	
supertrend-cluster-zeiierman	15m	LTCUSD	er+stop2	47	-0.378	-17.8	0.47	12	-0.210	35	-0.436	0	0.47	0.09	0.00	0.02	
supertrend-cluster-zeiierman	15m	LTCUSD	confirm1+er	10	-0.236	-2.4	0.50	4	0.285	6	-0.584	0	0.50	0.20	0.10	0.20	
supertrend-cluster-zeiierman	15m	LTCUSD	inverted	47	-0.095	-4.5	0.60	13	-0.491	34	0.056	0	0.60	0.23	0.04	0.26	
supertrend-cluster-zeiierman	15m	LTCUSD	long	22	-0.151	-3.3	0.59	5	0.236	17	-0.265	0	0.59	0.23	0.05	0.32	
supertrend-cluster-zeiierman	15m	LTCUSD	short	24	-0.214	-5.1	0.58	7	-0.214	17	-0.214	0	0.58	0.21	0.00	0.13	
supertrend-cluster-zeiierman	15m	LTCUSD	label:alertcondition:Short	17	-0.218	-3.7	0.59	3	-0.192	14	-0.223	0	0.59	0.18	0.00	0.06	
supertrend-cluster-zeiierman	15m	LTCUSD	label:alertcondition:Long	15	-0.318	-4.8	0.47	3	0.083	12	-0.418	0	0.47	0.13	0.07	0.40	
supertrend-cluster-zeiierman	15m	LTCUSD	repaint	195	-0.184	-8.5	0.59	12	-0.027	34	-0.239	0	0.59	0.22	0.02	0.22	0 of 195 earlier entries changed when the last 60 bars were hidden (0%)
supertrend-cluster-zeiierman	15m	LTCUSD	verdict	46	-0.184	-8.5	0.59	12	-0.027	34	-0.239	0	0.59	0.22	0.02	0.22	no variant pays in both halves → not a reading, exit or cost problem on this cell; re-time or retire the pair
supertrend-cluster-zeiierman	15m	BCHUSD	base	46	0.025	1.1	0.67	10	0.101	36	0.004	1	0.67	0.30	0.09	0.11	
supertrend-cluster-zeiierman	15m	BCHUSD	gross	218	0.046	10.0	0.56	108	0.070	110	0.023	1	0.56	0.27	0.12	0.26	
supertrend-cluster-zeiierman	15m	BCHUSD	stop1.5	120	-0.207	-24.9	0.55	31	-0.314	89	-0.170	0	0.55	0.21	0.06	0.13	
supertrend-cluster-zeiierman	15m	BCHUSD	stop2	148	-0.200	-29.6	0.59	49	-0.194	99	-0.203	0	0.59	0.16	0.03	0.05	
supertrend-cluster-zeiierman	15m	BCHUSD	tp1	48	-0.146	-7.0	0.50	11	-0.043	37	-0.177	0	0.54	0.00	0.00	0.17	
supertrend-cluster-zeiierman	15m	BCHUSD	levels	46	0.025	1.1	0.67	10	0.101	36	0.004	1	0.67	0.30	0.09	0.11	
supertrend-cluster-zeiierman	15m	BCHUSD	er0.25	26	0.002	0.1	0.65	5	0.409	21	-0.094	0	0.65	0.27	0.08	0.15	
supertrend-cluster-zeiierman	15m	BCHUSD	confirm1	20	-0.127	-2.5	0.70	5	-0.234	15	-0.091	0	0.70	0.05	0.00	0.15	
supertrend-cluster-zeiierman	15m	BCHUSD	er+stop1.5	58	-0.280	-16.2	0.52	16	-0.230	42	-0.298	0	0.52	0.21	0.03	0.19	
supertrend-cluster-zeiierman	15m	BCHUSD	er+stop2	71	-0.310	-22.0	0.51	21	-0.139	50	-0.382	0	0.51	0.14	0.01	0.08	
supertrend-cluster-zeiierman	15m	BCHUSD	confirm1+er	13	-0.034	-0.4	0.77	3	-0.147	10	-0.001	0	0.77	0.08	0.00	0.15	
supertrend-cluster-zeiierman	15m	BCHUSD	inverted	49	0.005	0.3	0.76	11	-0.227	38	0.073	0	0.76	0.16	0.02	0.16	
supertrend-cluster-zeiierman	15m	BCHUSD	long	18	0.324	5.8	0.83	4	0.744	14	0.205	0	0.83	0.39	0.17	0.11	
supertrend-cluster-zeiierman	15m	BCHUSD	short	28	-0.168	-4.7	0.57	6	-0.328	22	-0.124	0	0.57	0.25	0.04	0.11	
supertrend-cluster-zeiierman	15m	BCHUSD	label:alertcondition:Long	10	0.265	2.6	0.80	2	0.422	8	0.225	0	0.80	0.30	0.20	0.10	
supertrend-cluster-zeiierman	15m	BCHUSD	label:alertcondition:Short	20	-0.110	-2.2	0.60	5	-0.495	15	0.019	0	0.60	0.20	0.05	0.10	
supertrend-cluster-zeiierman	15m	BCHUSD	repaint	251	0.025	1.1	0.67	10	0.101	36	0.004	1	0.67	0.30	0.09	0.11	0 of 251 earlier entries changed when the last 60 bars were hidden (0%)
supertrend-cluster-zeiierman	15m	BCHUSD	verdict	46	0.025	1.1	0.67	10	0.101	36	0.004	1	0.67	0.30	0.09	0.11	pays as read → nothing to fix; measure in shadow
supertrend-cluster-zeiierman	15m	LINKUSD	base	46	-0.154	-7.1	0.59	12	-0.303	34	-0.102	0	0.59	0.13	0.07	0.15	
supertrend-cluster-zeiierman	15m	LINKUSD	gross	175	-0.011	-2.0	0.58	104	-0.020	71	0.001	0	0.58	0.23	0.08	0.21	
supertrend-cluster-zeiierman	15m	LINKUSD	stop1.5	90	-0.118	-10.6	0.62	39	-0.265	51	-0.006	0	0.62	0.17	0.06	0.11	
supertrend-cluster-zeiierman	15m	LINKUSD	stop2	132	-0.113	-14.9	0.62	74	-0.168	58	-0.043	0	0.62	0.18	0.07	0.05	
supertrend-cluster-zeiierman	15m	LINKUSD	tp1	44	-0.177	-7.8	0.48	12	-0.267	32	-0.144	0	0.48	0.00	0.00	0.18	
supertrend-cluster-zeiierman	15m	LINKUSD	levels	46	-0.154	-7.1	0.59	12	-0.303	34	-0.102	0	0.59	0.13	0.07	0.15	
supertrend-cluster-zeiierman	15m	LINKUSD	er0.25	28	-0.149	-4.2	0.61	5	-0.502	23	-0.072	0	0.61	0.11	0.04	0.14	
supertrend-cluster-zeiierman	15m	LINKUSD	confirm1	19	0.341	6.5	0.79	4	0.004	15	0.431	0	0.79	0.32	0.11	0.05	
supertrend-cluster-zeiierman	15m	LINKUSD	er+stop1.5	46	0.004	0.2	0.72	15	-0.120	31	0.065	0	0.72	0.22	0.09	0.04	
supertrend-cluster-zeiierman	15m	LINKUSD	er+stop2	64	-0.111	-7.1	0.64	30	-0.172	34	-0.056	0	0.64	0.20	0.06	0.02	
supertrend-cluster-zeiierman	15m	LINKUSD	confirm1+er	14	0.338	4.7	0.71	3	-0.112	11	0.461	0	0.71	0.29	0.14	0.07	
supertrend-cluster-zeiierman	15m	LINKUSD	inverted	46	-0.111	-5.1	0.65	12	-0.050	34	-0.132	0	0.65	0.22	0.07	0.11	
supertrend-cluster-zeiierman	15m	LINKUSD	long	20	-0.101	-2.0	0.60	5	-0.311	15	-0.031	0	0.60	0.15	0.10	0.15	
supertrend-cluster-zeiierman	15m	LINKUSD	short	26	-0.196	-5.1	0.58	7	-0.298	19	-0.158	0	0.58	0.12	0.04	0.15	
supertrend-cluster-zeiierman	15m	LINKUSD	label:alertcondition:Long	14	0.095	1.3	0.71	3	0.095	11	0.095	0	0.71	0.21	0.14	0.07	
supertrend-cluster-zeiierman	15m	LINKUSD	label:alertcondition:Short	15	-0.072	-1.1	0.60	5	-0.048	10	-0.085	0	0.60	0.20	0.07	0.07	
supertrend-cluster-zeiierman	15m	LINKUSD	label:shape:Base ST Short	11	-0.364	-4.0	0.55	2	-0.923	9	-0.240	0	0.55	0.00	0.00	0.27	
supertrend-cluster-zeiierman	15m	LINKUSD	repaint	198	-0.154	-7.1	0.59	12	-0.303	34	-0.102	0	0.59	0.13	0.07	0.15	0 of 198 earlier entries changed when the last 60 bars were hidden (0%)
supertrend-cluster-zeiierman	15m	LINKUSD	verdict	46	-0.154	-7.1	0.59	12	-0.303	34	-0.102	0	0.59	0.13	0.07	0.15	no variant pays in both halves → not a reading, exit or cost problem on this cell; re-time or retire the pair
supertrend-cluster-zeiierman	15m	SUIUSD	base	70	-0.121	-8.4	0.51	16	-0.031	54	-0.147	0	0.51	0.19	0.07	0.26	
supertrend-cluster-zeiierman	15m	SUIUSD	gross	218	-0.018	-3.9	0.47	121	0.052	97	-0.105	0	0.47	0.26	0.12	0.30	
supertrend-cluster-zeiierman	15m	SUIUSD	stop1.5	97	-0.100	-9.7	0.53	22	-0.242	75	-0.059	0	0.53	0.20	0.08	0.13	
supertrend-cluster-zeiierman	15m	SUIUSD	stop2	118	-0.189	-22.3	0.52	37	-0.229	81	-0.171	0	0.52	0.20	0.07	0.08	
supertrend-cluster-zeiierman	15m	SUIUSD	tp1	68	-0.281	-19.1	0.41	15	-0.064	53	-0.343	0	0.40	0.00	0.00	0.29	
supertrend-cluster-zeiierman	15m	SUIUSD	levels	70	-0.121	-8.4	0.51	16	-0.031	54	-0.147	0	0.51	0.19	0.07	0.26	
supertrend-cluster-zeiierman	15m	SUIUSD	er0.25	32	-0.394	-12.6	0.31	7	-0.549	25	-0.350	0	0.31	0.16	0.06	0.41	
supertrend-cluster-zeiierman	15m	SUIUSD	confirm1	29	0.263	7.6	0.66	7	-0.139	22	0.391	0	0.66	0.41	0.17	0.14	
supertrend-cluster-zeiierman	15m	SUIUSD	er+stop1.5	42	-0.119	-5.0	0.43	8	-0.437	34	-0.045	0	0.43	0.19	0.07	0.19	
supertrend-cluster-zeiierman	15m	SUIUSD	er+stop2	51	-0.165	-8.4	0.49	14	-0.078	37	-0.199	0	0.49	0.24	0.08	0.06	
supertrend-cluster-zeiierman	15m	SUIUSD	confirm1+er	19	0.289	5.5	0.63	4	-0.282	15	0.442	0	0.63	0.37	0.16	0.21	
supertrend-cluster-zeiierman	15m	SUIUSD	inverted	67	0.139	9.3	0.70	14	0.009	53	0.174	1	0.70	0.39	0.12	0.12	
supertrend-cluster-zeiierman	15m	SUIUSD	long	35	0.011	0.4	0.46	8	-0.137	27	0.054	0	0.46	0.23	0.14	0.34	
supertrend-cluster-zeiierman	15m	SUIUSD	short	35	-0.252	-8.8	0.57	8	0.074	27	-0.348	0	0.57	0.14	0.00	0.17	
supertrend-cluster-zeiierman	15m	SUIUSD	label:alertcondition:Long	27	0.015	0.4	0.44	5	-0.619	22	0.159	0	0.44	0.22	0.15	0.33	
supertrend-cluster-zeiierman	15m	SUIUSD	label:alertcondition:Short	23	-0.147	-3.4	0.65	5	0.113	18	-0.219	0	0.65	0.17	0.00	0.17	
supertrend-cluster-zeiierman	15m	SUIUSD	label:shape:Base ST Short	12	-0.452	-5.4	0.42	3	0.009	9	-0.606	0	0.42	0.08	0.00	0.17	
supertrend-cluster-zeiierman	15m	SUIUSD	repaint	238	-0.121	-8.4	0.51	16	-0.031	54	-0.147	0	0.51	0.19	0.07	0.26	0 of 238 earlier entries changed when the last 60 bars were hidden (0%)
supertrend-cluster-zeiierman	15m	SUIUSD	verdict	70	-0.121	-8.4	0.51	16	-0.031	54	-0.147	0	0.51	0.19	0.07	0.26	READING: direction inverted → the signals mean the opposite of how they are read (a warning read as an entry, a state read as a flip); invert or restrict the source
supertrend-cluster-zeiierman	15m	NEARUSD	base	104	0.141	14.6	0.63	18	0.228	86	0.123	1	0.63	0.32	0.13	0.17	
supertrend-cluster-zeiierman	15m	NEARUSD	gross	234	0.218	51.0	0.52	126	0.198	108	0.241	1	0.51	0.33	0.18	0.27	
supertrend-cluster-zeiierman	15m	NEARUSD	stop1.5	141	0.088	12.5	0.65	45	0.051	96	0.106	1	0.65	0.31	0.12	0.13	
supertrend-cluster-zeiierman	15m	NEARUSD	stop2	177	-0.055	-9.7	0.58	79	-0.137	98	0.011	0	0.58	0.24	0.06	0.10	
supertrend-cluster-zeiierman	15m	NEARUSD	tp1	104	-0.065	-6.8	0.53	19	-0.187	85	-0.038	0	0.45	0.00	0.00	0.18	
supertrend-cluster-zeiierman	15m	NEARUSD	levels	104	0.141	14.6	0.63	18	0.228	86	0.123	1	0.63	0.32	0.13	0.17	
supertrend-cluster-zeiierman	15m	NEARUSD	er0.25	45	-0.022	-1.0	0.60	9	0.239	36	-0.087	0	0.60	0.22	0.07	0.18	
supertrend-cluster-zeiierman	15m	NEARUSD	confirm1	52	-0.027	-1.4	0.63	7	-0.189	45	-0.001	0	0.63	0.21	0.12	0.10	
supertrend-cluster-zeiierman	15m	NEARUSD	er+stop1.5	57	0.023	1.3	0.63	19	0.020	38	0.024	1	0.63	0.25	0.09	0.18	
supertrend-cluster-zeiierman	15m	NEARUSD	er+stop2	64	-0.003	-0.2	0.63	27	-0.109	37	0.073	0	0.63	0.20	0.05	0.13	
supertrend-cluster-zeiierman	15m	NEARUSD	confirm1+er	33	-0.002	-0.1	0.73	6	-0.053	27	0.009	0	0.73	0.15	0.03	0.06	
supertrend-cluster-zeiierman	15m	NEARUSD	inverted	108	-0.070	-7.6	0.56	19	0.243	89	-0.137	0	0.56	0.22	0.11	0.20	
supertrend-cluster-zeiierman	15m	NEARUSD	long	47	0.276	13.0	0.68	6	0.966	41	0.175	1	0.68	0.40	0.15	0.17	
supertrend-cluster-zeiierman	15m	NEARUSD	short	57	0.029	1.7	0.60	12	-0.141	45	0.075	0	0.60	0.25	0.11	0.18	
supertrend-cluster-zeiierman	15m	NEARUSD	label:shape:Base ST Long	24	0.315	7.6	0.67	3	0.621	21	0.272	0	0.67	0.42	0.21	0.21	
supertrend-cluster-zeiierman	15m	NEARUSD	label:alertcondition:Long	23	0.235	5.4	0.70	3	1.311	20	0.073	0	0.70	0.39	0.09	0.13	
supertrend-cluster-zeiierman	15m	NEARUSD	label:alertcondition:Short	38	0.026	1.0	0.55	9	-0.290	29	0.124	0	0.55	0.24	0.13	0.18	
supertrend-cluster-zeiierman	15m	NEARUSD	label:shape:Base ST Short	19	0.037	0.7	0.68	3	0.307	16	-0.014	0	0.68	0.26	0.05	0.16	
supertrend-cluster-zeiierman	15m	NEARUSD	repaint	278	0.141	14.6	0.63	18	0.228	86	0.123	1	0.63	0.32	0.13	0.17	0 of 278 earlier entries changed when the last 60 bars were hidden (0%)
supertrend-cluster-zeiierman	15m	NEARUSD	verdict	104	0.141	14.6	0.63	18	0.228	86	0.123	1	0.63	0.32	0.13	0.17	pays as read → nothing to fix; measure in shadow
supertrend-cluster-zeiierman	15m	HYPEUSD	base	53	-0.031	-1.6	0.58	28	-0.036	25	-0.025	0	0.58	0.28	0.11	0.32	
supertrend-cluster-zeiierman	15m	HYPEUSD	gross	191	0.010	1.9	0.52	96	-0.054	95	0.075	0	0.52	0.32	0.14	0.31	
supertrend-cluster-zeiierman	15m	HYPEUSD	stop1.5	126	-0.089	-11.2	0.61	59	-0.180	67	-0.009	0	0.61	0.29	0.06	0.13	
supertrend-cluster-zeiierman	15m	HYPEUSD	stop2	158	-0.104	-16.5	0.63	78	-0.174	80	-0.037	0	0.63	0.26	0.04	0.06	
supertrend-cluster-zeiierman	15m	HYPEUSD	tp1	54	-0.144	-7.8	0.50	30	-0.241	24	-0.023	0	0.43	0.00	0.00	0.31	
supertrend-cluster-zeiierman	15m	HYPEUSD	levels	53	-0.031	-1.6	0.58	28	-0.036	25	-0.025	0	0.58	0.28	0.11	0.32	
supertrend-cluster-zeiierman	15m	HYPEUSD	er0.25	25	-0.339	-8.5	0.48	11	-0.341	14	-0.338	0	0.48	0.08	0.00	0.40	
supertrend-cluster-zeiierman	15m	HYPEUSD	confirm1	22	-0.029	-0.6	0.59	12	-0.071	10	0.021	0	0.59	0.32	0.14	0.32	
supertrend-cluster-zeiierman	15m	HYPEUSD	er+stop1.5	55	-0.184	-10.1	0.62	24	-0.206	31	-0.168	0	0.62	0.18	0.02	0.16	
supertrend-cluster-zeiierman	15m	HYPEUSD	er+stop2	64	-0.119	-7.6	0.66	30	-0.202	34	-0.046	0	0.66	0.19	0.02	0.05	
supertrend-cluster-zeiierman	15m	HYPEUSD	confirm1+er	14	-0.302	-4.2	0.50	7	-0.392	7	-0.212	0	0.50	0.14	0.00	0.36	
supertrend-cluster-zeiierman	15m	HYPEUSD	inverted	52	0.072	3.8	0.69	28	0.242	24	-0.125	0	0.69	0.33	0.13	0.19	
supertrend-cluster-zeiierman	15m	HYPEUSD	long	24	-0.015	-0.4	0.54	15	-0.102	9	0.131	0	0.54	0.29	0.13	0.38	
supertrend-cluster-zeiierman	15m	HYPEUSD	short	29	-0.044	-1.3	0.62	13	0.041	16	-0.113	0	0.62	0.28	0.10	0.28	
supertrend-cluster-zeiierman	15m	HYPEUSD	label:alertcondition:Long	17	0.105	1.8	0.59	10	-0.021	7	0.284	0	0.59	0.29	0.18	0.29	
supertrend-cluster-zeiierman	15m	HYPEUSD	label:shape:Base ST Short	11	0.004	0.0	0.73	7	-0.207	4	0.373	0	0.73	0.27	0.00	0.27	
supertrend-cluster-zeiierman	15m	HYPEUSD	label:alertcondition:Short	18	-0.073	-1.3	0.56	6	0.331	12	-0.274	0	0.56	0.28	0.17	0.28	
supertrend-cluster-zeiierman	15m	HYPEUSD	repaint	215	-0.031	-1.6	0.58	28	-0.036	25	-0.025	0	0.58	0.28	0.11	0.32	0 of 215 earlier entries changed when the last 60 bars were hidden (0%)
supertrend-cluster-zeiierman	15m	HYPEUSD	verdict	53	-0.031	-1.6	0.58	28	-0.036	25	-0.025	0	0.58	0.28	0.11	0.32	no variant pays in both halves → not a reading, exit or cost problem on this cell; re-time or retire the pair
supertrend-cluster-zeiierman	1h	BTCUSD	base	59	-0.207	-12.2	0.61	36	-0.184	23	-0.242	0	0.61	0.15	0.05	0.10	
supertrend-cluster-zeiierman	1h	BTCUSD	gross	88	-0.043	-3.8	0.64	43	-0.040	45	-0.046	0	0.64	0.18	0.05	0.11	
supertrend-cluster-zeiierman	1h	BTCUSD	stop1.5	71	-0.165	-11.7	0.61	38	-0.122	33	-0.213	0	0.61	0.17	0.01	0.07	
supertrend-cluster-zeiierman	1h	BTCUSD	stop2	68	-0.091	-6.2	0.66	33	-0.047	35	-0.132	0	0.66	0.13	0.03	0.03	
supertrend-cluster-zeiierman	1h	BTCUSD	tp1	54	-0.196	-10.6	0.48	32	-0.218	22	-0.164	0	0.56	0.00	0.00	0.11	
supertrend-cluster-zeiierman	1h	BTCUSD	levels	59	-0.207	-12.2	0.61	36	-0.184	23	-0.242	0	0.61	0.15	0.05	0.10	
supertrend-cluster-zeiierman	1h	BTCUSD	er0.25	36	-0.000	-0.0	0.75	24	0.038	12	-0.076	0	0.75	0.22	0.08	0.06	
supertrend-cluster-zeiierman	1h	BTCUSD	confirm1	23	-0.262	-6.0	0.61	12	-0.198	11	-0.332	0	0.61	0.09	0.00	0.26	
supertrend-cluster-zeiierman	1h	BTCUSD	er+stop1.5	48	-0.003	-0.1	0.73	26	0.034	22	-0.046	0	0.73	0.23	0.02	0.02	
supertrend-cluster-zeiierman	1h	BTCUSD	er+stop2	46	0.030	1.4	0.76	23	0.083	23	-0.023	0	0.76	0.13	0.04	0.00	
supertrend-cluster-zeiierman	1h	BTCUSD	confirm1+er	19	-0.174	-3.3	0.68	11	-0.125	8	-0.241	0	0.68	0.11	0.00	0.21	
supertrend-cluster-zeiierman	1h	BTCUSD	inverted	55	-0.161	-8.8	0.67	33	-0.120	22	-0.221	0	0.67	0.09	0.02	0.16	
supertrend-cluster-zeiierman	1h	BTCUSD	long	27	-0.267	-7.2	0.59	17	-0.280	10	-0.245	0	0.59	0.11	0.00	0.11	
supertrend-cluster-zeiierman	1h	BTCUSD	short	32	-0.156	-5.0	0.63	19	-0.098	13	-0.240	0	0.63	0.19	0.09	0.09	
supertrend-cluster-zeiierman	1h	BTCUSD	label:shape:Base ST Long	12	-0.069	-0.8	0.75	8	-0.068	4	-0.071	0	0.75	0.08	0.00	0.08	
supertrend-cluster-zeiierman	1h	BTCUSD	label:alertcondition:Short	22	-0.090	-2.0	0.64	14	-0.020	8	-0.212	0	0.64	0.27	0.14	0.05	
supertrend-cluster-zeiierman	1h	BTCUSD	label:shape:Base ST Short	10	-0.302	-3.0	0.60	5	-0.319	5	-0.284	0	0.60	0.00	0.00	0.20	
supertrend-cluster-zeiierman	1h	BTCUSD	label:alertcondition:Long	15	-0.425	-6.4	0.47	9	-0.468	6	-0.361	0	0.47	0.13	0.00	0.13	
supertrend-cluster-zeiierman	1h	BTCUSD	repaint	92	-0.207	-12.2	0.61	36	-0.184	23	-0.242	0	0.61	0.15	0.05	0.10	0 of 92 earlier entries changed when the last 60 bars were hidden (0%)
supertrend-cluster-zeiierman	1h	BTCUSD	verdict	59	-0.207	-12.2	0.61	36	-0.184	23	-0.242	0	0.61	0.15	0.05	0.10	no variant pays in both halves → not a reading, exit or cost problem on this cell; re-time or retire the pair
supertrend-cluster-zeiierman	1h	ETHUSD	base	74	-0.133	-9.8	0.61	37	-0.162	37	-0.103	0	0.61	0.11	0.05	0.11	
supertrend-cluster-zeiierman	1h	ETHUSD	gross	88	0.048	4.3	0.64	40	-0.102	48	0.174	0	0.64	0.14	0.06	0.10	
supertrend-cluster-zeiierman	1h	ETHUSD	stop1.5	80	0.003	0.2	0.69	37	-0.055	43	0.053	0	0.69	0.20	0.07	0.05	
supertrend-cluster-zeiierman	1h	ETHUSD	stop2	80	-0.050	-4.0	0.65	36	-0.153	44	0.033	0	0.65	0.21	0.04	0.03	
supertrend-cluster-zeiierman	1h	ETHUSD	tp1	71	-0.219	-15.5	0.45	35	-0.253	36	-0.186	0	0.54	0.00	0.00	0.13	
supertrend-cluster-zeiierman	1h	ETHUSD	levels	74	-0.133	-9.8	0.61	37	-0.162	37	-0.103	0	0.61	0.11	0.05	0.11	
supertrend-cluster-zeiierman	1h	ETHUSD	er0.25	40	-0.029	-1.2	0.65	19	-0.112	21	0.046	0	0.65	0.15	0.07	0.10	
supertrend-cluster-zeiierman	1h	ETHUSD	confirm1	39	-0.228	-8.9	0.54	18	-0.146	21	-0.298	0	0.54	0.15	0.08	0.10	
supertrend-cluster-zeiierman	1h	ETHUSD	er+stop1.5	51	0.011	0.6	0.71	22	-0.054	29	0.061	0	0.71	0.18	0.08	0.06	
supertrend-cluster-zeiierman	1h	ETHUSD	er+stop2	52	-0.028	-1.5	0.67	22	-0.132	30	0.048	0	0.67	0.17	0.06	0.02	
supertrend-cluster-zeiierman	1h	ETHUSD	confirm1+er	29	-0.253	-7.3	0.52	14	-0.260	15	-0.246	0	0.52	0.14	0.07	0.14	
supertrend-cluster-zeiierman	1h	ETHUSD	inverted	72	-0.087	-6.2	0.67	35	-0.062	37	-0.110	0	0.67	0.21	0.03	0.17	
supertrend-cluster-zeiierman	1h	ETHUSD	long	34	-0.255	-8.7	0.56	17	-0.330	17	-0.180	0	0.56	0.06	0.03	0.18	
supertrend-cluster-zeiierman	1h	ETHUSD	short	40	-0.029	-1.1	0.65	20	-0.019	20	-0.038	0	0.65	0.15	0.07	0.05	
supertrend-cluster-zeiierman	1h	ETHUSD	label:alertcondition:Short	25	-0.021	-0.5	0.68	12	0.211	13	-0.236	0	0.68	0.16	0.08	0.00	
supertrend-cluster-zeiierman	1h	ETHUSD	label:shape:Base ST Short	15	-0.041	-0.6	0.60	8	-0.365	7	0.330	0	0.60	0.13	0.07	0.13	
supertrend-cluster-zeiierman	1h	ETHUSD	label:alertcondition:Long	21	-0.158	-3.3	0.62	10	-0.233	11	-0.090	0	0.62	0.10	0.05	0.14	
supertrend-cluster-zeiierman	1h	ETHUSD	label:shape:Base ST Long	13	-0.412	-5.4	0.46	7	-0.469	6	-0.344	0	0.46	0.00	0.00	0.23	
supertrend-cluster-zeiierman	1h	ETHUSD	repaint	92	-0.133	-9.8	0.61	37	-0.162	37	-0.103	0	0.61	0.11	0.05	0.11	0 of 92 earlier entries changed when the last 60 bars were hidden (0%)
supertrend-cluster-zeiierman	1h	ETHUSD	verdict	74	-0.133	-9.8	0.61	37	-0.162	37	-0.103	0	0.61	0.11	0.05	0.11	no variant pays in both halves → not a reading, exit or cost problem on this cell; re-time or retire the pair
supertrend-cluster-zeiierman	1h	XRPUSD	base	75	-0.016	-1.2	0.71	32	0.028	43	-0.050	0	0.71	0.24	0.03	0.13	
supertrend-cluster-zeiierman	1h	XRPUSD	gross	86	0.080	6.9	0.70	33	0.179	53	0.019	1	0.70	0.21	0.02	0.14	
supertrend-cluster-zeiierman	1h	XRPUSD	stop1.5	80	-0.036	-2.8	0.69	32	0.039	48	-0.085	0	0.69	0.09	0.03	0.05	
supertrend-cluster-zeiierman	1h	XRPUSD	stop2	79	0.043	3.4	0.71	32	0.077	47	0.021	1	0.71	0.13	0.05	0.03	
supertrend-cluster-zeiierman	1h	XRPUSD	tp1	74	0.007	0.5	0.58	32	-0.038	42	0.042	0	0.51	0.00	0.00	0.18	
supertrend-cluster-zeiierman	1h	XRPUSD	levels	75	-0.016	-1.2	0.71	32	0.028	43	-0.050	0	0.71	0.24	0.03	0.13	
supertrend-cluster-zeiierman	1h	XRPUSD	er0.25	50	-0.047	-2.4	0.66	21	-0.131	29	0.013	0	0.66	0.26	0.04	0.12	
supertrend-cluster-zeiierman	1h	XRPUSD	confirm1	44	0.035	1.6	0.73	18	-0.041	26	0.088	0	0.73	0.16	0.05	0.11	
supertrend-cluster-zeiierman	1h	XRPUSD	er+stop1.5	53	-0.022	-1.2	0.66	20	-0.101	33	0.026	0	0.66	0.11	0.04	0.02	
supertrend-cluster-zeiierman	1h	XRPUSD	er+stop2	52	0.082	4.2	0.69	20	-0.071	32	0.177	0	0.69	0.17	0.08	0.00	
supertrend-cluster-zeiierman	1h	XRPUSD	confirm1+er	32	0.026	0.8	0.69	12	-0.105	20	0.105	0	0.69	0.19	0.06	0.16	
supertrend-cluster-zeiierman	1h	XRPUSD	inverted	78	-0.176	-13.7	0.58	34	-0.121	44	-0.218	0	0.58	0.17	0.04	0.17	
supertrend-cluster-zeiierman	1h	XRPUSD	long	37	0.003	0.1	0.76	15	0.163	22	-0.106	0	0.76	0.22	0.00	0.14	
supertrend-cluster-zeiierman	1h	XRPUSD	short	38	-0.036	-1.4	0.66	17	-0.091	21	0.009	0	0.66	0.26	0.05	0.13	
supertrend-cluster-zeiierman	1h	XRPUSD	label:shape:Base ST Short	18	0.181	3.3	0.78	7	0.114	11	0.223	1	0.78	0.33	0.06	0.11	
supertrend-cluster-zeiierman	1h	XRPUSD	label:alertcondition:Long	17	0.057	1.0	0.76	7	0.180	10	-0.030	0	0.76	0.29	0.00	0.18	
supertrend-cluster-zeiierman	1h	XRPUSD	label:shape:Base ST Long	20	-0.042	-0.8	0.75	8	0.149	12	-0.169	0	0.75	0.15	0.00	0.10	
supertrend-cluster-zeiierman	1h	XRPUSD	label:alertcondition:Short	20	-0.231	-4.6	0.55	10	-0.235	10	-0.227	0	0.55	0.20	0.05	0.15	
supertrend-cluster-zeiierman	1h	XRPUSD	repaint	96	-0.016	-1.2	0.71	32	0.028	43	-0.050	0	0.71	0.24	0.03	0.13	0 of 96 earlier entries changed when the last 60 bars were hidden (0%)
supertrend-cluster-zeiierman	1h	XRPUSD	verdict	75	-0.016	-1.2	0.71	32	0.028	43	-0.050	0	0.71	0.24	0.03	0.13	READING: label mix (alertcondition:Short lose; shape:Base ST Short pay) → read only the paying channel/label (sources or a label allow-list in the scanner config)
supertrend-cluster-zeiierman	1h	SOLUSD	base	85	-0.172	-14.6	0.62	38	-0.108	47	-0.223	0	0.62	0.14	0.02	0.13	
supertrend-cluster-zeiierman	1h	SOLUSD	gross	90	-0.103	-9.3	0.60	38	0.001	52	-0.179	0	0.60	0.13	0.02	0.13	
supertrend-cluster-zeiierman	1h	SOLUSD	stop1.5	82	-0.208	-17.1	0.60	36	-0.147	46	-0.256	0	0.60	0.10	0.00	0.05	
supertrend-cluster-zeiierman	1h	SOLUSD	stop2	79	-0.142	-11.3	0.63	36	-0.089	43	-0.187	0	0.63	0.10	0.01	0.01	
supertrend-cluster-zeiierman	1h	SOLUSD	tp1	78	-0.192	-15.0	0.46	38	-0.074	40	-0.304	0	0.50	0.00	0.00	0.17	
supertrend-cluster-zeiierman	1h	SOLUSD	levels	85	-0.172	-14.6	0.62	38	-0.108	47	-0.223	0	0.62	0.14	0.02	0.13	
supertrend-cluster-zeiierman	1h	SOLUSD	er0.25	56	-0.111	-6.2	0.66	25	-0.052	31	-0.158	0	0.66	0.16	0.04	0.14	
supertrend-cluster-zeiierman	1h	SOLUSD	confirm1	33	-0.143	-4.7	0.61	12	0.086	21	-0.273	0	0.61	0.09	0.06	0.21	
supertrend-cluster-zeiierman	1h	SOLUSD	er+stop1.5	54	-0.130	-7.0	0.65	23	-0.117	31	-0.139	0	0.65	0.11	0.00	0.07	
supertrend-cluster-zeiierman	1h	SOLUSD	er+stop2	52	-0.035	-1.8	0.71	23	-0.009	29	-0.057	0	0.71	0.12	0.02	0.02	
supertrend-cluster-zeiierman	1h	SOLUSD	confirm1+er	27	-0.087	-2.3	0.63	11	0.080	16	-0.201	0	0.63	0.11	0.07	0.15	
supertrend-cluster-zeiierman	1h	SOLUSD	inverted	84	-0.123	-10.4	0.68	40	-0.109	44	-0.136	0	0.68	0.13	0.02	0.11	
supertrend-cluster-zeiierman	1h	SOLUSD	long	39	-0.210	-8.2	0.59	17	-0.244	22	-0.183	0	0.59	0.13	0.03	0.23	
supertrend-cluster-zeiierman	1h	SOLUSD	short	46	-0.140	-6.4	0.65	21	0.002	25	-0.258	0	0.65	0.15	0.02	0.04	
supertrend-cluster-zeiierman	1h	SOLUSD	label:alertcondition:Short	24	-0.078	-1.9	0.67	11	0.193	13	-0.307	0	0.67	0.21	0.04	0.04	
supertrend-cluster-zeiierman	1h	SOLUSD	label:shape:Base ST Long	21	-0.144	-3.0	0.62	8	-0.060	13	-0.196	0	0.62	0.14	0.05	0.19	
supertrend-cluster-zeiierman	1h	SOLUSD	label:shape:Base ST Short	22	-0.207	-4.6	0.64	10	-0.209	12	-0.206	0	0.64	0.09	0.00	0.05	
supertrend-cluster-zeiierman	1h	SOLUSD	label:alertcondition:Long	18	-0.286	-5.2	0.56	9	-0.408	9	-0.164	0	0.56	0.11	0.00	0.28	
supertrend-cluster-zeiierman	1h	SOLUSD	repaint	98	-0.172	-14.6	0.62	38	-0.108	47	-0.223	0	0.62	0.14	0.02	0.13	0 of 98 earlier entries changed when the last 60 bars were hidden (0%)
supertrend-cluster-zeiierman	1h	SOLUSD	verdict	85	-0.172	-14.6	0.62	38	-0.108	47	-0.223	0	0.62	0.14	0.02	0.13	no variant pays in both halves → not a reading, exit or cost problem on this cell; re-time or retire the pair
supertrend-cluster-zeiierman	1h	BNBUSD	base	45	-0.273	-12.3	0.49	25	-0.238	20	-0.317	0	0.49	0.20	0.07	0.20	
supertrend-cluster-zeiierman	1h	BNBUSD	gross	86	-0.071	-6.1	0.55	36	0.046	50	-0.156	0	0.55	0.21	0.07	0.17	
supertrend-cluster-zeiierman	1h	BNBUSD	stop1.5	73	-0.154	-11.3	0.59	35	-0.035	38	-0.264	0	0.59	0.23	0.05	0.07	
supertrend-cluster-zeiierman	1h	BNBUSD	stop2	73	-0.023	-1.7	0.68	31	0.105	42	-0.117	0	0.68	0.16	0.05	0.00	
supertrend-cluster-zeiierman	1h	BNBUSD	tp1	44	-0.311	-13.7	0.41	25	-0.337	19	-0.276	0	0.39	0.00	0.00	0.23	
supertrend-cluster-zeiierman	1h	BNBUSD	levels	45	-0.273	-12.3	0.49	25	-0.238	20	-0.317	0	0.49	0.20	0.07	0.20	
supertrend-cluster-zeiierman	1h	BNBUSD	er0.25	22	-0.174	-3.8	0.55	13	-0.272	9	-0.032	0	0.55	0.32	0.09	0.14	
supertrend-cluster-zeiierman	1h	BNBUSD	confirm1	15	-0.549	-8.2	0.33	9	-0.565	6	-0.525	0	0.33	0.13	0.00	0.33	
supertrend-cluster-zeiierman	1h	BNBUSD	er+stop1.5	40	-0.119	-4.8	0.63	19	-0.004	21	-0.224	0	0.63	0.25	0.03	0.05	
supertrend-cluster-zeiierman	1h	BNBUSD	er+stop2	40	0.039	1.6	0.72	17	0.130	23	-0.028	0	0.72	0.17	0.05	0.00	
supertrend-cluster-zeiierman	1h	BNBUSD	confirm1+er	11	-0.479	-5.3	0.36	7	-0.588	4	-0.287	0	0.36	0.18	0.00	0.45	
supertrend-cluster-zeiierman	1h	BNBUSD	inverted	44	-0.024	-1.1	0.75	25	0.053	19	-0.126	0	0.75	0.18	0.00	0.16	
supertrend-cluster-zeiierman	1h	BNBUSD	long	22	-0.557	-12.3	0.27	12	-0.387	10	-0.761	0	0.27	0.05	0.05	0.41	
supertrend-cluster-zeiierman	1h	BNBUSD	short	23	-0.002	-0.0	0.70	13	-0.101	10	0.127	0	0.70	0.35	0.09	0.00	
supertrend-cluster-zeiierman	1h	BNBUSD	label:alertcondition:Short	15	0.007	0.1	0.67	9	-0.110	6	0.182	0	0.67	0.33	0.13	0.00	
supertrend-cluster-zeiierman	1h	BNBUSD	label:alertcondition:Long	11	-0.432	-4.8	0.27	6	0.028	5	-0.985	0	0.27	0.09	0.09	0.36	
supertrend-cluster-zeiierman	1h	BNBUSD	label:shape:Base ST Long	11	-0.682	-7.5	0.27	6	-0.802	5	-0.538	0	0.27	0.00	0.00	0.45	
supertrend-cluster-zeiierman	1h	BNBUSD	repaint	103	-0.273	-12.3	0.49	25	-0.238	20	-0.317	0	0.49	0.20	0.07	0.20	0 of 103 earlier entries changed when the last 60 bars were hidden (0%)
supertrend-cluster-zeiierman	1h	BNBUSD	verdict	45	-0.273	-12.3	0.49	25	-0.238	20	-0.317	0	0.49	0.20	0.07	0.20	no variant pays in both halves → not a reading, exit or cost problem on this cell; re-time or retire the pair
supertrend-cluster-zeiierman	1h	DOGEUSD	base	85	0.032	2.7	0.66	42	-0.278	43	0.335	0	0.66	0.28	0.08	0.14	
supertrend-cluster-zeiierman	1h	DOGEUSD	gross	89	0.147	13.0	0.65	42	-0.188	47	0.446	0	0.65	0.27	0.08	0.15	
supertrend-cluster-zeiierman	1h	DOGEUSD	stop1.5	81	0.039	3.1	0.65	40	-0.188	41	0.259	0	0.65	0.25	0.10	0.06	
supertrend-cluster-zeiierman	1h	DOGEUSD	stop2	76	-0.033	-2.5	0.61	38	-0.194	38	0.128	0	0.61	0.20	0.05	0.03	
supertrend-cluster-zeiierman	1h	DOGEUSD	tp1	77	-0.143	-11.0	0.49	38	-0.310	39	0.020	0	0.52	0.00	0.00	0.21	
supertrend-cluster-zeiierman	1h	DOGEUSD	levels	85	0.032	2.7	0.66	42	-0.278	43	0.335	0	0.66	0.28	0.08	0.14	
supertrend-cluster-zeiierman	1h	DOGEUSD	er0.25	42	0.111	4.7	0.76	17	-0.228	25	0.342	0	0.76	0.36	0.07	0.07	
supertrend-cluster-zeiierman	1h	DOGEUSD	confirm1	33	0.236	7.8	0.73	12	0.316	21	0.190	1	0.73	0.27	0.15	0.12	
supertrend-cluster-zeiierman	1h	DOGEUSD	er+stop1.5	39	0.138	5.4	0.74	16	-0.140	23	0.330	0	0.74	0.23	0.10	0.03	
supertrend-cluster-zeiierman	1h	DOGEUSD	er+stop2	36	0.077	2.8	0.69	14	-0.112	22	0.198	0	0.69	0.19	0.06	0.00	
supertrend-cluster-zeiierman	1h	DOGEUSD	confirm1+er	26	0.268	7.0	0.69	7	0.489	19	0.187	1	0.69	0.31	0.19	0.15	
supertrend-cluster-zeiierman	1h	DOGEUSD	inverted	81	-0.116	-9.4	0.63	39	-0.043	42	-0.183	0	0.63	0.26	0.05	0.21	
supertrend-cluster-zeiierman	1h	DOGEUSD	long	45	-0.122	-5.5	0.64	21	-0.360	24	0.087	0	0.64	0.22	0.02	0.16	
supertrend-cluster-zeiierman	1h	DOGEUSD	short	40	0.205	8.2	0.68	21	-0.196	19	0.649	0	0.68	0.35	0.15	0.13	
supertrend-cluster-zeiierman	1h	DOGEUSD	label:alertcondition:Short	25	0.311	7.8	0.72	12	-0.012	13	0.610	0	0.72	0.40	0.16	0.08	
supertrend-cluster-zeiierman	1h	DOGEUSD	label:shape:Base ST Short	15	0.029	0.4	0.60	9	-0.442	6	0.735	0	0.60	0.27	0.13	0.20	
supertrend-cluster-zeiierman	1h	DOGEUSD	label:shape:Base ST Long	23	-0.001	-0.0	0.74	11	-0.117	12	0.105	0	0.74	0.30	0.00	0.13	
supertrend-cluster-zeiierman	1h	DOGEUSD	label:alertcondition:Long	22	-0.248	-5.5	0.55	10	-0.628	12	0.068	0	0.55	0.14	0.05	0.18	
supertrend-cluster-zeiierman	1h	DOGEUSD	repaint	92	0.032	2.7	0.66	42	-0.278	43	0.335	0	0.66	0.28	0.08	0.14	0 of 92 earlier entries changed when the last 60 bars were hidden (0%)
supertrend-cluster-zeiierman	1h	DOGEUSD	verdict	85	0.032	2.7	0.66	42	-0.278	43	0.335	0	0.66	0.28	0.08	0.14	no variant pays in both halves → not a reading, exit or cost problem on this cell; re-time or retire the pair
supertrend-cluster-zeiierman	1h	AVAXUSD	base	100	-0.047	-4.7	0.63	47	-0.205	53	0.094	0	0.63	0.23	0.06	0.19	
supertrend-cluster-zeiierman	1h	AVAXUSD	gross	100	0.063	6.3	0.63	47	-0.111	53	0.218	0	0.63	0.23	0.06	0.19	
supertrend-cluster-zeiierman	1h	AVAXUSD	stop1.5	95	-0.076	-7.3	0.61	45	-0.103	50	-0.052	0	0.61	0.18	0.06	0.05	
supertrend-cluster-zeiierman	1h	AVAXUSD	stop2	92	-0.085	-7.8	0.62	44	-0.138	48	-0.036	0	0.62	0.13	0.05	0.01	
supertrend-cluster-zeiierman	1h	AVAXUSD	tp1	101	-0.074	-7.5	0.52	48	-0.121	53	-0.033	0	0.48	0.00	0.00	0.21	
supertrend-cluster-zeiierman	1h	AVAXUSD	levels	100	-0.047	-4.7	0.63	47	-0.205	53	0.094	0	0.63	0.23	0.06	0.19	
supertrend-cluster-zeiierman	1h	AVAXUSD	er0.25	65	-0.022	-1.4	0.65	28	-0.062	37	0.008	0	0.65	0.23	0.05	0.23	
supertrend-cluster-zeiierman	1h	AVAXUSD	confirm1	50	-0.106	-5.3	0.66	20	-0.266	30	-0.000	0	0.66	0.20	0.02	0.18	
supertrend-cluster-zeiierman	1h	AVAXUSD	er+stop1.5	61	-0.142	-8.7	0.59	26	-0.083	35	-0.186	0	0.59	0.13	0.05	0.10	
supertrend-cluster-zeiierman	1h	AVAXUSD	er+stop2	58	-0.127	-7.3	0.60	25	-0.126	33	-0.127	0	0.60	0.10	0.05	0.03	
supertrend-cluster-zeiierman	1h	AVAXUSD	confirm1+er	36	-0.139	-5.0	0.64	13	-0.373	23	-0.007	0	0.64	0.14	0.03	0.19	
supertrend-cluster-zeiierman	1h	AVAXUSD	inverted	102	-0.037	-3.7	0.63	49	0.009	53	-0.078	0	0.63	0.22	0.07	0.21	
supertrend-cluster-zeiierman	1h	AVAXUSD	long	52	0.098	5.1	0.73	24	-0.089	28	0.259	0	0.73	0.31	0.06	0.17	
supertrend-cluster-zeiierman	1h	AVAXUSD	short	48	-0.203	-9.8	0.52	23	-0.325	25	-0.091	0	0.52	0.15	0.06	0.21	
supertrend-cluster-zeiierman	1h	AVAXUSD	label:shape:Base ST Long	24	0.222	5.3	0.75	10	-0.084	14	0.441	0	0.75	0.38	0.13	0.17	
supertrend-cluster-zeiierman	1h	AVAXUSD	label:alertcondition:Long	28	-0.008	-0.2	0.71	14	-0.092	14	0.076	0	0.71	0.25	0.00	0.18	
supertrend-cluster-zeiierman	1h	AVAXUSD	label:shape:Base ST Short	20	-0.225	-4.5	0.45	10	-0.363	10	-0.088	0	0.45	0.20	0.10	0.20	
supertrend-cluster-zeiierman	1h	AVAXUSD	label:alertcondition:Short	28	-0.188	-5.3	0.57	13	-0.296	15	-0.093	0	0.57	0.11	0.04	0.21	
supertrend-cluster-zeiierman	1h	AVAXUSD	repaint	111	-0.047	-4.7	0.63	47	-0.205	53	0.094	0	0.63	0.23	0.06	0.19	0 of 111 earlier entries changed when the last 60 bars were hidden (0%)
supertrend-cluster-zeiierman	1h	AVAXUSD	verdict	100	-0.047	-4.7	0.63	47	-0.205	53	0.094	0	0.63	0.23	0.06	0.19	no variant pays in both halves → not a reading, exit or cost problem on this cell; re-time or retire the pair
supertrend-cluster-zeiierman	1h	ADAUSD	base	73	0.047	3.4	0.66	38	-0.239	35	0.358	0	0.66	0.14	0.04	0.16	
supertrend-cluster-zeiierman	1h	ADAUSD	gross	73	0.148	10.8	0.66	38	-0.161	35	0.483	0	0.66	0.14	0.04	0.16	
supertrend-cluster-zeiierman	1h	ADAUSD	stop1.5	68	-0.036	-2.4	0.63	35	-0.236	33	0.177	0	0.63	0.13	0.04	0.06	
supertrend-cluster-zeiierman	1h	ADAUSD	stop2	65	-0.101	-6.5	0.60	32	-0.343	33	0.134	0	0.60	0.11	0.05	0.03	
supertrend-cluster-zeiierman	1h	ADAUSD	tp1	66	-0.098	-6.5	0.50	33	-0.295	33	0.098	0	0.59	0.00	0.00	0.14	
supertrend-cluster-zeiierman	1h	ADAUSD	levels	73	0.047	3.4	0.66	38	-0.239	35	0.358	0	0.66	0.14	0.04	0.16	
supertrend-cluster-zeiierman	1h	ADAUSD	er0.25	45	0.186	8.4	0.69	25	-0.289	20	0.779	0	0.69	0.13	0.07	0.18	
supertrend-cluster-zeiierman	1h	ADAUSD	confirm1	35	0.226	7.9	0.77	15	0.143	20	0.288	1	0.77	0.23	0.09	0.09	
supertrend-cluster-zeiierman	1h	ADAUSD	er+stop1.5	42	0.025	1.1	0.62	23	-0.310	19	0.430	0	0.62	0.12	0.07	0.07	
supertrend-cluster-zeiierman	1h	ADAUSD	er+stop2	41	-0.033	-1.3	0.61	22	-0.352	19	0.337	0	0.61	0.15	0.07	0.02	
supertrend-cluster-zeiierman	1h	ADAUSD	confirm1+er	26	0.295	7.7	0.77	9	0.306	17	0.289	1	0.77	0.19	0.12	0.12	
supertrend-cluster-zeiierman	1h	ADAUSD	inverted	72	0.152	11.0	0.71	34	0.299	38	0.021	1	0.71	0.21	0.10	0.11	
supertrend-cluster-zeiierman	1h	ADAUSD	long	38	0.288	10.9	0.71	19	-0.254	19	0.830	0	0.71	0.21	0.08	0.16	
supertrend-cluster-zeiierman	1h	ADAUSD	short	35	-0.214	-7.5	0.60	19	-0.223	16	-0.202	0	0.60	0.06	0.00	0.17	
supertrend-cluster-zeiierman	1h	ADAUSD	label:shape:Base ST Long	20	0.478	9.6	0.80	9	-0.107	11	0.956	0	0.80	0.25	0.10	0.10	
supertrend-cluster-zeiierman	1h	ADAUSD	label:alertcondition:Long	18	0.076	1.4	0.61	10	-0.387	8	0.656	0	0.61	0.17	0.06	0.22	
supertrend-cluster-zeiierman	1h	ADAUSD	label:shape:Base ST Short	16	-0.101	-1.6	0.69	7	-0.029	9	-0.158	0	0.69	0.06	0.00	0.13	
supertrend-cluster-zeiierman	1h	ADAUSD	label:alertcondition:Short	19	-0.308	-5.9	0.53	12	-0.337	7	-0.260	0	0.53	0.05	0.00	0.21	
supertrend-cluster-zeiierman	1h	ADAUSD	repaint	80	0.047	3.4	0.66	38	-0.239	35	0.358	0	0.66	0.14	0.04	0.16	0 of 80 earlier entries changed when the last 60 bars were hidden (0%)
supertrend-cluster-zeiierman	1h	ADAUSD	verdict	73	0.047	3.4	0.66	38	-0.239	35	0.358	0	0.66	0.14	0.04	0.16	READING: direction inverted → the signals mean the opposite of how they are read (a warning read as an entry, a state read as a flip); invert or restrict the source
supertrend-cluster-zeiierman	1h	LTCUSD	base	67	-0.126	-8.4	0.61	42	-0.214	25	0.023	0	0.61	0.18	0.03	0.13	
supertrend-cluster-zeiierman	1h	LTCUSD	gross	82	0.021	1.7	0.59	47	-0.035	35	0.097	0	0.59	0.21	0.04	0.16	
supertrend-cluster-zeiierman	1h	LTCUSD	stop1.5	77	-0.135	-10.4	0.61	44	-0.123	33	-0.150	0	0.61	0.14	0.03	0.06	
supertrend-cluster-zeiierman	1h	LTCUSD	stop2	74	-0.217	-16.0	0.55	41	-0.257	33	-0.166	0	0.55	0.08	0.04	0.05	
supertrend-cluster-zeiierman	1h	LTCUSD	tp1	65	-0.176	-11.4	0.48	39	-0.251	26	-0.063	0	0.57	0.00	0.00	0.17	
supertrend-cluster-zeiierman	1h	LTCUSD	levels	67	-0.126	-8.4	0.61	42	-0.214	25	0.023	0	0.61	0.18	0.03	0.13	
supertrend-cluster-zeiierman	1h	LTCUSD	er0.25	26	-0.114	-3.0	0.62	16	-0.232	10	0.074	0	0.62	0.15	0.04	0.15	
supertrend-cluster-zeiierman	1h	LTCUSD	confirm1	23	-0.314	-7.2	0.52	13	-0.427	10	-0.167	0	0.52	0.09	0.00	0.26	
supertrend-cluster-zeiierman	1h	LTCUSD	er+stop1.5	31	-0.069	-2.1	0.61	17	0.021	14	-0.177	0	0.61	0.16	0.03	0.10	
supertrend-cluster-zeiierman	1h	LTCUSD	er+stop2	30	-0.149	-4.5	0.57	16	-0.157	14	-0.139	0	0.57	0.13	0.07	0.07	
supertrend-cluster-zeiierman	1h	LTCUSD	confirm1+er	11	-0.386	-4.3	0.45	6	-0.575	5	-0.161	0	0.45	0.09	0.00	0.45	
supertrend-cluster-zeiierman	1h	LTCUSD	inverted	69	0.048	3.3	0.77	41	0.094	28	-0.021	0	0.77	0.19	0.06	0.10	
supertrend-cluster-zeiierman	1h	LTCUSD	long	33	-0.217	-7.2	0.58	22	-0.390	11	0.129	0	0.58	0.18	0.03	0.18	
supertrend-cluster-zeiierman	1h	LTCUSD	short	34	-0.037	-1.3	0.65	20	-0.021	14	-0.060	0	0.65	0.18	0.03	0.09	
supertrend-cluster-zeiierman	1h	LTCUSD	label:alertcondition:Short	21	0.036	0.7	0.67	12	-0.048	9	0.147	0	0.67	0.19	0.05	0.05	
supertrend-cluster-zeiierman	1h	LTCUSD	label:shape:Base ST Long	13	-0.066	-0.9	0.62	10	-0.360	3	0.916	0	0.62	0.38	0.08	0.15	
supertrend-cluster-zeiierman	1h	LTCUSD	label:shape:Base ST Short	13	-0.155	-2.0	0.62	8	0.019	5	-0.433	0	0.62	0.15	0.00	0.15	
supertrend-cluster-zeiierman	1h	LTCUSD	label:alertcondition:Long	20	-0.315	-6.3	0.55	12	-0.415	8	-0.166	0	0.55	0.05	0.00	0.20	
supertrend-cluster-zeiierman	1h	LTCUSD	repaint	88	-0.126	-8.4	0.61	42	-0.214	25	0.023	0	0.61	0.18	0.03	0.13	0 of 88 earlier entries changed when the last 60 bars were hidden (0%)
supertrend-cluster-zeiierman	1h	LTCUSD	verdict	67	-0.126	-8.4	0.61	42	-0.214	25	0.023	0	0.61	0.18	0.03	0.13	no variant pays in both halves → not a reading, exit or cost problem on this cell; re-time or retire the pair
supertrend-cluster-zeiierman	1h	BCHUSD	base	68	-0.165	-11.2	0.57	33	-0.269	35	-0.067	0	0.57	0.28	0.04	0.15	
supertrend-cluster-zeiierman	1h	BCHUSD	gross	79	-0.010	-0.8	0.59	39	-0.094	40	0.071	0	0.59	0.30	0.05	0.16	
supertrend-cluster-zeiierman	1h	BCHUSD	stop1.5	73	-0.079	-5.8	0.63	36	-0.160	37	-0.001	0	0.63	0.18	0.05	0.04	
supertrend-cluster-zeiierman	1h	BCHUSD	stop2	72	0.034	2.4	0.68	35	-0.027	37	0.092	0	0.68	0.19	0.08	0.01	
supertrend-cluster-zeiierman	1h	BCHUSD	tp1	66	-0.130	-8.6	0.50	32	-0.181	34	-0.082	0	0.38	0.00	0.00	0.15	
supertrend-cluster-zeiierman	1h	BCHUSD	levels	68	-0.165	-11.2	0.57	33	-0.269	35	-0.067	0	0.57	0.28	0.04	0.15	
supertrend-cluster-zeiierman	1h	BCHUSD	er0.25	46	-0.083	-3.8	0.63	22	-0.316	24	0.132	0	0.63	0.28	0.07	0.15	
supertrend-cluster-zeiierman	1h	BCHUSD	confirm1	30	-0.010	-0.3	0.57	13	-0.173	17	0.114	0	0.57	0.20	0.13	0.20	
supertrend-cluster-zeiierman	1h	BCHUSD	er+stop1.5	47	0.081	3.8	0.72	23	-0.088	24	0.243	0	0.72	0.23	0.06	0.04	
supertrend-cluster-zeiierman	1h	BCHUSD	er+stop2	46	0.179	8.2	0.74	22	-0.006	24	0.348	0	0.74	0.28	0.13	0.00	
supertrend-cluster-zeiierman	1h	BCHUSD	confirm1+er	26	-0.059	-1.5	0.54	11	-0.146	15	0.005	0	0.54	0.19	0.12	0.23	
supertrend-cluster-zeiierman	1h	BCHUSD	inverted	71	-0.019	-1.4	0.70	35	-0.018	36	-0.021	0	0.70	0.24	0.03	0.20	
supertrend-cluster-zeiierman	1h	BCHUSD	long	34	-0.169	-5.7	0.59	15	-0.308	19	-0.059	0	0.59	0.26	0.03	0.21	
supertrend-cluster-zeiierman	1h	BCHUSD	short	34	-0.160	-5.5	0.56	18	-0.236	16	-0.076	0	0.56	0.29	0.06	0.09	
supertrend-cluster-zeiierman	1h	BCHUSD	label:shape:Base ST Short	14	0.042	0.6	0.64	8	0.052	6	0.029	1	0.64	0.36	0.14	0.07	
supertrend-cluster-zeiierman	1h	BCHUSD	label:shape:Base ST Long	16	-0.023	-0.4	0.69	7	-0.063	9	0.007	0	0.69	0.38	0.06	0.19	
supertrend-cluster-zeiierman	1h	BCHUSD	label:alertcondition:Long	18	-0.298	-5.4	0.50	8	-0.522	10	-0.119	0	0.50	0.17	0.00	0.22	
supertrend-cluster-zeiierman	1h	BCHUSD	label:alertcondition:Short	20	-0.302	-6.0	0.50	10	-0.466	10	-0.138	0	0.50	0.25	0.00	0.10	
supertrend-cluster-zeiierman	1h	BCHUSD	repaint	83	-0.165	-11.2	0.57	33	-0.269	35	-0.067	0	0.57	0.28	0.04	0.15	0 of 83 earlier entries changed when the last 60 bars were hidden (0%)
supertrend-cluster-zeiierman	1h	BCHUSD	verdict	68	-0.165	-11.2	0.57	33	-0.269	35	-0.067	0	0.57	0.28	0.04	0.15	READING: label mix (alertcondition:Short lose; shape:Base ST Short pay) → read only the paying channel/label (sources or a label allow-list in the scanner config)
supertrend-cluster-zeiierman	1h	SUIUSD	base	76	-0.214	-16.3	0.47	36	-0.368	40	-0.077	0	0.47	0.16	0.09	0.26	
supertrend-cluster-zeiierman	1h	SUIUSD	gross	86	-0.100	-8.6	0.48	37	-0.314	49	0.061	0	0.48	0.16	0.09	0.27	
supertrend-cluster-zeiierman	1h	SUIUSD	stop1.5	80	-0.173	-13.9	0.50	34	-0.399	46	-0.006	0	0.50	0.20	0.07	0.11	
supertrend-cluster-zeiierman	1h	SUIUSD	stop2	81	-0.137	-11.1	0.54	34	-0.341	47	0.010	0	0.54	0.22	0.07	0.04	
supertrend-cluster-zeiierman	1h	SUIUSD	tp1	75	-0.423	-31.7	0.32	35	-0.541	40	-0.319	0	0.35	0.00	0.00	0.29	
supertrend-cluster-zeiierman	1h	SUIUSD	levels	76	-0.214	-16.3	0.47	36	-0.368	40	-0.077	0	0.47	0.16	0.09	0.26	
supertrend-cluster-zeiierman	1h	SUIUSD	er0.25	44	-0.322	-14.2	0.45	22	-0.411	22	-0.234	0	0.45	0.14	0.09	0.30	
supertrend-cluster-zeiierman	1h	SUIUSD	confirm1	31	0.327	10.1	0.71	15	0.366	16	0.292	1	0.71	0.32	0.16	0.13	
supertrend-cluster-zeiierman	1h	SUIUSD	er+stop1.5	45	-0.330	-14.8	0.42	20	-0.548	25	-0.155	0	0.42	0.16	0.04	0.13	
supertrend-cluster-zeiierman	1h	SUIUSD	er+stop2	46	-0.225	-10.3	0.52	20	-0.391	26	-0.097	0	0.52	0.17	0.04	0.04	
supertrend-cluster-zeiierman	1h	SUIUSD	confirm1+er	19	0.527	10.0	0.68	8	0.779	11	0.343	1	0.68	0.47	0.26	0.11	
supertrend-cluster-zeiierman	1h	SUIUSD	inverted	79	0.178	14.1	0.73	36	0.360	43	0.026	1	0.73	0.35	0.11	0.11	
supertrend-cluster-zeiierman	1h	SUIUSD	long	37	-0.072	-2.7	0.46	18	-0.367	19	0.208	0	0.46	0.24	0.16	0.27	
supertrend-cluster-zeiierman	1h	SUIUSD	short	39	-0.350	-13.6	0.49	18	-0.369	21	-0.333	0	0.49	0.08	0.03	0.26	
supertrend-cluster-zeiierman	1h	SUIUSD	label:alertcondition:Long	19	0.137	2.6	0.53	10	-0.459	9	0.800	0	0.53	0.26	0.16	0.16	
supertrend-cluster-zeiierman	1h	SUIUSD	label:shape:Base ST Short	15	-0.246	-3.7	0.53	5	-0.537	10	-0.100	0	0.53	0.13	0.07	0.20	
supertrend-cluster-zeiierman	1h	SUIUSD	label:shape:Base ST Long	18	-0.293	-5.3	0.39	8	-0.251	10	-0.326	0	0.39	0.22	0.17	0.39	
supertrend-cluster-zeiierman	1h	SUIUSD	label:alertcondition:Short	24	-0.415	-10.0	0.46	13	-0.304	11	-0.545	0	0.46	0.04	0.00	0.29	
supertrend-cluster-zeiierman	1h	SUIUSD	repaint	100	-0.214	-16.3	0.47	36	-0.368	40	-0.077	0	0.47	0.16	0.09	0.26	0 of 100 earlier entries changed when the last 60 bars were hidden (0%)
supertrend-cluster-zeiierman	1h	SUIUSD	verdict	76	-0.214	-16.3	0.47	36	-0.368	40	-0.077	0	0.47	0.16	0.09	0.26	READING: direction inverted → the signals mean the opposite of how they are read (a warning read as an entry, a state read as a flip); invert or restrict the source
supertrend-cluster-zeiierman	1h	LINKUSD	base	86	-0.081	-6.9	0.65	45	-0.039	41	-0.126	0	0.65	0.19	0.06	0.14	
supertrend-cluster-zeiierman	1h	LINKUSD	gross	90	0.031	2.7	0.64	47	0.046	43	0.013	1	0.64	0.19	0.07	0.13	
supertrend-cluster-zeiierman	1h	LINKUSD	stop1.5	85	-0.182	-15.4	0.53	44	-0.269	41	-0.088	0	0.53	0.20	0.07	0.07	
supertrend-cluster-zeiierman	1h	LINKUSD	stop2	83	-0.234	-19.4	0.53	43	-0.274	40	-0.190	0	0.53	0.14	0.05	0.04	
supertrend-cluster-zeiierman	1h	LINKUSD	tp1	86	-0.271	-23.3	0.42	46	-0.248	40	-0.296	0	0.56	0.00	0.00	0.15	
supertrend-cluster-zeiierman	1h	LINKUSD	levels	86	-0.081	-6.9	0.65	45	-0.039	41	-0.126	0	0.65	0.19	0.06	0.14	
supertrend-cluster-zeiierman	1h	LINKUSD	er0.25	52	-0.065	-3.4	0.69	22	0.018	30	-0.126	0	0.69	0.17	0.04	0.10	
supertrend-cluster-zeiierman	1h	LINKUSD	confirm1	37	-0.237	-8.8	0.54	22	-0.171	15	-0.334	0	0.54	0.22	0.03	0.22	
supertrend-cluster-zeiierman	1h	LINKUSD	er+stop1.5	51	-0.184	-9.4	0.55	22	-0.211	29	-0.164	0	0.55	0.18	0.04	0.04	
supertrend-cluster-zeiierman	1h	LINKUSD	er+stop2	49	-0.251	-12.3	0.53	21	-0.279	28	-0.230	0	0.53	0.14	0.04	0.00	
supertrend-cluster-zeiierman	1h	LINKUSD	confirm1+er	28	-0.261	-7.3	0.50	16	-0.154	12	-0.404	0	0.50	0.25	0.04	0.25	
supertrend-cluster-zeiierman	1h	LINKUSD	inverted	90	0.127	11.4	0.74	48	0.091	42	0.168	1	0.74	0.23	0.07	0.13	
supertrend-cluster-zeiierman	1h	LINKUSD	long	43	-0.222	-9.6	0.51	21	-0.180	22	-0.263	0	0.51	0.19	0.07	0.23	
supertrend-cluster-zeiierman	1h	LINKUSD	short	43	0.061	2.6	0.79	24	0.083	19	0.032	1	0.79	0.19	0.05	0.05	
supertrend-cluster-zeiierman	1h	LINKUSD	label:alertcondition:Short	24	0.206	4.9	0.88	15	0.207	9	0.203	1	0.88	0.21	0.08	0.08	
supertrend-cluster-zeiierman	1h	LINKUSD	label:shape:Base ST Short	19	-0.122	-2.3	0.68	9	-0.124	10	-0.121	0	0.68	0.16	0.00	0.00	
supertrend-cluster-zeiierman	1h	LINKUSD	label:shape:Base ST Long	23	-0.132	-3.0	0.52	9	0.026	14	-0.233	0	0.52	0.22	0.13	0.17	
supertrend-cluster-zeiierman	1h	LINKUSD	label:alertcondition:Long	20	-0.326	-6.5	0.50	12	-0.334	8	-0.316	0	0.50	0.15	0.00	0.30	
supertrend-cluster-zeiierman	1h	LINKUSD	repaint	102	-0.081	-6.9	0.65	45	-0.039	41	-0.126	0	0.65	0.19	0.06	0.14	0 of 102 earlier entries changed when the last 60 bars were hidden (0%)
supertrend-cluster-zeiierman	1h	LINKUSD	verdict	86	-0.081	-6.9	0.65	45	-0.039	41	-0.126	0	0.65	0.19	0.06	0.14	READING: direction inverted → the signals mean the opposite of how they are read (a warning read as an entry, a state read as a flip); invert or restrict the source
supertrend-cluster-zeiierman	1h	NEARUSD	base	101	0.008	0.8	0.66	44	0.148	57	-0.100	0	0.66	0.25	0.06	0.15	
supertrend-cluster-zeiierman	1h	NEARUSD	gross	105	0.068	7.1	0.65	48	0.172	57	-0.019	0	0.65	0.24	0.06	0.17	
supertrend-cluster-zeiierman	1h	NEARUSD	stop1.5	94	-0.007	-0.7	0.67	41	0.018	53	-0.026	0	0.67	0.17	0.04	0.06	
supertrend-cluster-zeiierman	1h	NEARUSD	stop2	89	-0.005	-0.4	0.69	40	-0.053	49	0.035	0	0.69	0.15	0.02	0.04	
supertrend-cluster-zeiierman	1h	NEARUSD	tp1	99	-0.097	-9.6	0.49	40	0.010	59	-0.170	0	0.48	0.00	0.00	0.18	
supertrend-cluster-zeiierman	1h	NEARUSD	levels	101	0.008	0.8	0.66	44	0.148	57	-0.100	0	0.66	0.25	0.06	0.15	
supertrend-cluster-zeiierman	1h	NEARUSD	er0.25	51	-0.066	-3.4	0.63	19	0.154	32	-0.197	0	0.63	0.20	0.04	0.16	
supertrend-cluster-zeiierman	1h	NEARUSD	confirm1	47	-0.031	-1.5	0.60	25	-0.079	22	0.024	0	0.60	0.32	0.06	0.26	
supertrend-cluster-zeiierman	1h	NEARUSD	er+stop1.5	48	-0.046	-2.2	0.63	17	0.066	31	-0.108	0	0.63	0.17	0.06	0.08	
supertrend-cluster-zeiierman	1h	NEARUSD	er+stop2	45	0.023	1.1	0.69	16	0.006	29	0.033	1	0.69	0.13	0.04	0.07	
supertrend-cluster-zeiierman	1h	NEARUSD	confirm1+er	25	-0.109	-2.7	0.56	13	-0.101	12	-0.117	0	0.56	0.24	0.04	0.28	
supertrend-cluster-zeiierman	1h	NEARUSD	inverted	107	0.016	1.7	0.68	48	0.056	59	-0.016	0	0.68	0.23	0.05	0.17	
supertrend-cluster-zeiierman	1h	NEARUSD	long	56	-0.007	-0.4	0.68	26	0.218	30	-0.202	0	0.68	0.27	0.02	0.16	
supertrend-cluster-zeiierman	1h	NEARUSD	short	45	0.027	1.2	0.64	18	0.048	27	0.013	1	0.64	0.22	0.11	0.13	
supertrend-cluster-zeiierman	1h	NEARUSD	label:alertcondition:Short	28	0.070	2.0	0.64	12	-0.092	16	0.192	0	0.64	0.25	0.14	0.11	
supertrend-cluster-zeiierman	1h	NEARUSD	label:shape:Base ST Long	28	0.040	1.1	0.71	13	0.195	15	-0.096	0	0.71	0.32	0.04	0.18	
supertrend-cluster-zeiierman	1h	NEARUSD	label:shape:Base ST Short	17	-0.044	-0.8	0.65	6	0.328	11	-0.247	0	0.65	0.18	0.06	0.18	
supertrend-cluster-zeiierman	1h	NEARUSD	label:alertcondition:Long	28	-0.054	-1.5	0.64	13	0.240	15	-0.308	0	0.64	0.21	0.00	0.14	
supertrend-cluster-zeiierman	1h	NEARUSD	repaint	110	0.008	0.8	0.66	44	0.148	57	-0.100	0	0.66	0.25	0.06	0.15	0 of 110 earlier entries changed when the last 60 bars were hidden (0%)
supertrend-cluster-zeiierman	1h	NEARUSD	verdict	101	0.008	0.8	0.66	44	0.148	57	-0.100	0	0.66	0.25	0.06	0.15	no variant pays in both halves → not a reading, exit or cost problem on this cell; re-time or retire the pair
supertrend-cluster-zeiierman	1h	HYPEUSD	base	90	-0.020	-1.8	0.66	41	0.120	49	-0.136	0	0.66	0.27	0.07	0.14	
supertrend-cluster-zeiierman	1h	HYPEUSD	gross	90	0.082	7.3	0.66	41	0.223	49	-0.036	0	0.66	0.27	0.07	0.14	
supertrend-cluster-zeiierman	1h	HYPEUSD	stop1.5	87	0.023	2.0	0.70	40	0.068	47	-0.015	0	0.70	0.22	0.05	0.07	
supertrend-cluster-zeiierman	1h	HYPEUSD	stop2	81	0.096	7.8	0.70	39	0.056	42	0.133	1	0.70	0.20	0.04	0.04	
supertrend-cluster-zeiierman	1h	HYPEUSD	tp1	88	-0.109	-9.6	0.50	41	0.011	47	-0.214	0	0.50	0.00	0.00	0.18	
supertrend-cluster-zeiierman	1h	HYPEUSD	levels	90	-0.020	-1.8	0.66	41	0.120	49	-0.136	0	0.66	0.27	0.07	0.14	
supertrend-cluster-zeiierman	1h	HYPEUSD	er0.25	61	-0.073	-4.4	0.64	28	-0.008	33	-0.128	0	0.64	0.26	0.03	0.13	
supertrend-cluster-zeiierman	1h	HYPEUSD	confirm1	42	0.006	0.3	0.57	20	-0.141	22	0.140	0	0.55	0.29	0.07	0.14	
supertrend-cluster-zeiierman	1h	HYPEUSD	er+stop1.5	60	-0.024	-1.4	0.68	28	-0.051	32	-0.001	0	0.68	0.18	0.05	0.07	
supertrend-cluster-zeiierman	1h	HYPEUSD	er+stop2	56	0.157	8.8	0.73	27	0.054	29	0.254	1	0.73	0.18	0.05	0.04	
supertrend-cluster-zeiierman	1h	HYPEUSD	confirm1+er	29	0.119	3.4	0.59	15	-0.097	14	0.350	0	0.55	0.34	0.07	0.17	
supertrend-cluster-zeiierman	1h	HYPEUSD	inverted	90	-0.021	-1.9	0.70	43	0.022	47	-0.061	0	0.70	0.16	0.02	0.12	
supertrend-cluster-zeiierman	1h	HYPEUSD	long	48	-0.004	-0.2	0.63	21	0.205	27	-0.167	0	0.63	0.33	0.10	0.17	
supertrend-cluster-zeiierman	1h	HYPEUSD	short	42	-0.037	-1.6	0.69	20	0.032	22	-0.099	0	0.69	0.19	0.02	0.12	
supertrend-cluster-zeiierman	1h	HYPEUSD	label:alertcondition:Short	25	0.041	1.0	0.72	12	-0.036	13	0.112	0	0.72	0.32	0.04	0.12	
supertrend-cluster-zeiierman	1h	HYPEUSD	label:alertcondition:Long	21	0.024	0.5	0.67	9	0.112	12	-0.043	0	0.67	0.33	0.05	0.14	
supertrend-cluster-zeiierman	1h	HYPEUSD	label:shape:Base ST Long	27	-0.026	-0.7	0.59	12	0.274	15	-0.266	0	0.59	0.33	0.15	0.19	
supertrend-cluster-zeiierman	1h	HYPEUSD	label:shape:Base ST Short	17	-0.152	-2.6	0.65	8	0.133	9	-0.405	0	0.65	0.00	0.00	0.12	
supertrend-cluster-zeiierman	1h	HYPEUSD	repaint	103	-0.020	-1.8	0.66	41	0.120	49	-0.136	0	0.66	0.27	0.07	0.14	0 of 103 earlier entries changed when the last 60 bars were hidden (0%)
supertrend-cluster-zeiierman	1h	HYPEUSD	verdict	90	-0.020	-1.8	0.66	41	0.120	49	-0.136	0	0.66	0.27	0.07	0.14	no variant pays in both halves → not a reading, exit or cost problem on this cell; re-time or retire the pair
supertrend-cluster-zeiierman	4h	ETHUSD	base	45	-0.022	-1.0	0.69	24	-0.020	21	-0.025	0	0.69	0.13	0.02	0.09	
supertrend-cluster-zeiierman	4h	ETHUSD	gross	45	0.046	2.1	0.69	24	0.034	21	0.060	1	0.69	0.13	0.02	0.09	
supertrend-cluster-zeiierman	4h	ETHUSD	stop1.5	42	-0.163	-6.8	0.60	22	-0.070	20	-0.265	0	0.60	0.10	0.00	0.00	
supertrend-cluster-zeiierman	4h	ETHUSD	stop2	40	-0.203	-8.1	0.57	20	-0.111	20	-0.295	0	0.57	0.03	0.00	0.00	
supertrend-cluster-zeiierman	4h	ETHUSD	tp1	42	-0.077	-3.2	0.50	22	-0.064	20	-0.090	0	0.60	0.00	0.00	0.10	
supertrend-cluster-zeiierman	4h	ETHUSD	levels	45	-0.022	-1.0	0.69	24	-0.020	21	-0.025	0	0.69	0.13	0.02	0.09	
supertrend-cluster-zeiierman	4h	ETHUSD	er0.25	31	-0.079	-2.5	0.68	17	-0.143	14	-0.002	0	0.68	0.06	0.03	0.06	
supertrend-cluster-zeiierman	4h	ETHUSD	confirm1	22	0.134	2.9	0.77	12	0.249	10	-0.004	0	0.77	0.18	0.05	0.14	
supertrend-cluster-zeiierman	4h	ETHUSD	er+stop1.5	30	-0.124	-3.7	0.63	16	0.001	14	-0.268	0	0.63	0.07	0.00	0.00	
supertrend-cluster-zeiierman	4h	ETHUSD	er+stop2	28	-0.168	-4.7	0.61	14	-0.026	14	-0.309	0	0.61	0.04	0.00	0.00	
supertrend-cluster-zeiierman	4h	ETHUSD	confirm1+er	17	-0.045	-0.8	0.71	8	-0.015	9	-0.072	0	0.71	0.06	0.00	0.18	
supertrend-cluster-zeiierman	4h	ETHUSD	inverted	46	-0.126	-5.8	0.63	25	-0.031	21	-0.239	0	0.63	0.07	0.02	0.13	
supertrend-cluster-zeiierman	4h	ETHUSD	long	22	0.229	5.0	0.86	12	0.023	10	0.477	1	0.86	0.18	0.05	0.00	
supertrend-cluster-zeiierman	4h	ETHUSD	short	23	-0.263	-6.0	0.52	12	-0.063	11	-0.481	0	0.52	0.09	0.00	0.17	
supertrend-cluster-zeiierman	4h	ETHUSD	label:alertcondition:Long	10	0.295	2.9	0.90	4	-0.059	6	0.530	0	0.90	0.20	0.10	0.00	
supertrend-cluster-zeiierman	4h	ETHUSD	label:shape:Base ST Long	12	0.175	2.1	0.83	8	0.065	4	0.396	0	0.83	0.17	0.00	0.00	
supertrend-cluster-zeiierman	4h	ETHUSD	label:alertcondition:Short	12	-0.139	-1.7	0.58	7	-0.158	5	-0.112	0	0.58	0.17	0.00	0.25	
supertrend-cluster-zeiierman	4h	ETHUSD	label:shape:Base ST Short	11	-0.398	-4.4	0.45	5	0.071	6	-0.788	0	0.45	0.00	0.00	0.09	
supertrend-cluster-zeiierman	4h	ETHUSD	repaint	49	-0.022	-1.0	0.69	24	-0.020	21	-0.025	0	0.69	0.13	0.02	0.09	0 of 49 earlier entries changed when the last 60 bars were hidden (0%)
supertrend-cluster-zeiierman	4h	ETHUSD	verdict	45	-0.022	-1.0	0.69	24	-0.020	21	-0.025	0	0.69	0.13	0.02	0.09	READING: shorts lose, longs pay → long-only on this market (the script's short logic does not transfer)
supertrend-cluster-zeiierman	4h	BTCUSD	base	44	-0.145	-6.4	0.64	21	-0.154	23	-0.136	0	0.64	0.16	0.00	0.14	
supertrend-cluster-zeiierman	4h	BTCUSD	gross	44	-0.061	-2.7	0.64	21	-0.082	23	-0.042	0	0.64	0.16	0.00	0.14	
supertrend-cluster-zeiierman	4h	BTCUSD	stop1.5	43	0.029	1.2	0.74	20	0.142	23	-0.070	0	0.74	0.14	0.02	0.02	
supertrend-cluster-zeiierman	4h	BTCUSD	stop2	41	0.054	2.2	0.68	19	0.038	22	0.068	1	0.68	0.07	0.05	0.00	
supertrend-cluster-zeiierman	4h	BTCUSD	tp1	43	-0.122	-5.2	0.49	21	-0.134	22	-0.111	0	0.60	0.00	0.00	0.14	
supertrend-cluster-zeiierman	4h	BTCUSD	levels	44	-0.145	-6.4	0.64	21	-0.154	23	-0.136	0	0.64	0.16	0.00	0.14	
supertrend-cluster-zeiierman	4h	BTCUSD	er0.25	30	-0.266	-8.0	0.53	14	-0.293	16	-0.242	0	0.53	0.20	0.00	0.20	
supertrend-cluster-zeiierman	4h	BTCUSD	confirm1	21	-0.126	-2.6	0.62	7	0.033	14	-0.205	0	0.62	0.14	0.05	0.14	
supertrend-cluster-zeiierman	4h	BTCUSD	er+stop1.5	29	0.040	1.2	0.72	13	0.171	16	-0.066	0	0.72	0.21	0.03	0.03	
supertrend-cluster-zeiierman	4h	BTCUSD	er+stop2	27	0.263	7.1	0.78	12	0.206	15	0.309	1	0.78	0.11	0.07	0.00	
supertrend-cluster-zeiierman	4h	BTCUSD	confirm1+er	14	0.044	0.6	0.71	6	0.205	8	-0.076	0	0.71	0.21	0.07	0.07	
supertrend-cluster-zeiierman	4h	BTCUSD	inverted	43	-0.125	-5.4	0.65	21	-0.059	22	-0.189	0	0.65	0.14	0.00	0.05	
supertrend-cluster-zeiierman	4h	BTCUSD	long	23	-0.023	-0.5	0.74	11	-0.136	12	0.081	0	0.74	0.17	0.00	0.13	
supertrend-cluster-zeiierman	4h	BTCUSD	short	21	-0.278	-5.8	0.52	10	-0.174	11	-0.373	0	0.52	0.14	0.00	0.14	
supertrend-cluster-zeiierman	4h	BTCUSD	label:alertcondition:Long	12	-0.005	-0.1	0.75	6	-0.113	6	0.104	0	0.75	0.17	0.00	0.00	
supertrend-cluster-zeiierman	4h	BTCUSD	label:shape:Base ST Long	11	-0.042	-0.5	0.73	5	-0.164	6	0.059	0	0.73	0.18	0.00	0.27	
supertrend-cluster-zeiierman	4h	BTCUSD	label:alertcondition:Short	12	-0.236	-2.8	0.58	8	-0.182	4	-0.345	0	0.58	0.08	0.00	0.17	
supertrend-cluster-zeiierman	4h	BTCUSD	repaint	47	-0.145	-6.4	0.64	21	-0.154	23	-0.136	0	0.64	0.16	0.00	0.14	0 of 47 earlier entries changed when the last 60 bars were hidden (0%)
supertrend-cluster-zeiierman	4h	BTCUSD	verdict	44	-0.145	-6.4	0.64	21	-0.154	23	-0.136	0	0.64	0.16	0.00	0.14	no variant pays in both halves → not a reading, exit or cost problem on this cell; re-time or retire the pair
supertrend-cluster-zeiierman	4h	XRPUSD	base	41	-0.159	-6.5	0.61	21	-0.230	20	-0.085	0	0.61	0.10	0.02	0.15	
supertrend-cluster-zeiierman	4h	XRPUSD	gross	41	-0.105	-4.3	0.61	21	-0.184	20	-0.023	0	0.61	0.10	0.02	0.15	
supertrend-cluster-zeiierman	4h	XRPUSD	stop1.5	37	-0.173	-6.4	0.59	18	-0.258	19	-0.092	0	0.59	0.05	0.03	0.05	
supertrend-cluster-zeiierman	4h	XRPUSD	stop2	37	-0.105	-3.9	0.62	18	-0.145	19	-0.067	0	0.62	0.08	0.00	0.03	
supertrend-cluster-zeiierman	4h	XRPUSD	tp1	40	-0.206	-8.2	0.42	20	-0.249	20	-0.162	0	0.55	0.00	0.00	0.20	
supertrend-cluster-zeiierman	4h	XRPUSD	levels	41	-0.159	-6.5	0.61	21	-0.230	20	-0.085	0	0.61	0.10	0.02	0.15	
supertrend-cluster-zeiierman	4h	XRPUSD	er0.25	27	-0.063	-1.7	0.70	14	-0.150	13	0.031	0	0.70	0.11	0.00	0.11	
supertrend-cluster-zeiierman	4h	XRPUSD	confirm1	17	-0.230	-3.9	0.59	8	0.003	9	-0.437	0	0.59	0.06	0.00	0.18	
supertrend-cluster-zeiierman	4h	XRPUSD	er+stop1.5	25	-0.206	-5.1	0.56	12	-0.316	13	-0.104	0	0.56	0.04	0.04	0.08	
supertrend-cluster-zeiierman	4h	XRPUSD	er+stop2	25	-0.081	-2.0	0.64	12	-0.057	13	-0.104	0	0.64	0.04	0.00	0.04	
supertrend-cluster-zeiierman	4h	XRPUSD	confirm1+er	14	-0.246	-3.4	0.57	6	-0.086	8	-0.366	0	0.57	0.07	0.00	0.14	
supertrend-cluster-zeiierman	4h	XRPUSD	inverted	41	0.117	4.8	0.73	21	0.329	20	-0.105	0	0.73	0.27	0.02	0.10	
supertrend-cluster-zeiierman	4h	XRPUSD	long	22	-0.045	-1.0	0.68	11	-0.121	11	0.032	0	0.68	0.14	0.05	0.05	
supertrend-cluster-zeiierman	4h	XRPUSD	short	19	-0.292	-5.5	0.53	10	-0.349	9	-0.228	0	0.53	0.05	0.00	0.26	
supertrend-cluster-zeiierman	4h	XRPUSD	label:alertcondition:Long	12	-0.003	-0.0	0.75	5	0.102	7	-0.078	0	0.75	0.08	0.00	0.00	
supertrend-cluster-zeiierman	4h	XRPUSD	label:shape:Base ST Long	10	-0.095	-0.9	0.60	6	-0.307	4	0.224	0	0.60	0.20	0.10	0.10	
supertrend-cluster-zeiierman	4h	XRPUSD	label:alertcondition:Short	15	-0.188	-2.8	0.60	7	-0.253	8	-0.131	0	0.60	0.07	0.00	0.13	
supertrend-cluster-zeiierman	4h	XRPUSD	repaint	42	-0.159	-6.5	0.61	21	-0.230	20	-0.085	0	0.61	0.10	0.02	0.15	0 of 42 earlier entries changed when the last 60 bars were hidden (0%)
supertrend-cluster-zeiierman	4h	XRPUSD	verdict	41	-0.159	-6.5	0.61	21	-0.230	20	-0.085	0	0.61	0.10	0.02	0.15	no variant pays in both halves → not a reading, exit or cost problem on this cell; re-time or retire the pair
supertrend-cluster-zeiierman	4h	SOLUSD	base	48	-0.138	-6.6	0.63	27	-0.086	21	-0.205	0	0.63	0.10	0.02	0.08	
supertrend-cluster-zeiierman	4h	SOLUSD	gross	48	-0.086	-4.1	0.63	27	-0.038	21	-0.147	0	0.63	0.10	0.02	0.08	
supertrend-cluster-zeiierman	4h	SOLUSD	stop1.5	47	-0.087	-4.1	0.57	27	-0.057	20	-0.128	0	0.57	0.13	0.06	0.06	
supertrend-cluster-zeiierman	4h	SOLUSD	stop2	44	-0.071	-3.1	0.61	24	-0.126	20	-0.005	0	0.61	0.11	0.02	0.02	
supertrend-cluster-zeiierman	4h	SOLUSD	tp1	46	-0.104	-4.8	0.48	25	-0.017	21	-0.208	0	0.57	0.00	0.00	0.07	
supertrend-cluster-zeiierman	4h	SOLUSD	levels	48	-0.138	-6.6	0.63	27	-0.086	21	-0.205	0	0.63	0.10	0.02	0.08	
supertrend-cluster-zeiierman	4h	SOLUSD	er0.25	34	-0.222	-7.6	0.59	16	-0.142	18	-0.294	0	0.59	0.09	0.00	0.09	
supertrend-cluster-zeiierman	4h	SOLUSD	confirm1	21	-0.057	-1.2	0.62	12	0.042	9	-0.189	0	0.62	0.19	0.05	0.14	
supertrend-cluster-zeiierman	4h	SOLUSD	er+stop1.5	34	-0.111	-3.8	0.56	16	0.013	18	-0.222	0	0.56	0.15	0.06	0.06	
supertrend-cluster-zeiierman	4h	SOLUSD	er+stop2	31	-0.026	-0.8	0.65	13	0.096	18	-0.115	0	0.65	0.13	0.00	0.00	
supertrend-cluster-zeiierman	4h	SOLUSD	confirm1+er	17	-0.192	-3.3	0.59	9	0.117	8	-0.540	0	0.59	0.18	0.00	0.18	
supertrend-cluster-zeiierman	4h	SOLUSD	inverted	49	-0.128	-6.3	0.63	26	-0.183	23	-0.065	0	0.63	0.08	0.00	0.16	
supertrend-cluster-zeiierman	4h	SOLUSD	long	23	-0.123	-2.8	0.61	13	-0.256	10	0.050	0	0.61	0.13	0.04	0.09	
supertrend-cluster-zeiierman	4h	SOLUSD	short	25	-0.152	-3.8	0.64	14	0.072	11	-0.437	0	0.64	0.08	0.00	0.08	
supertrend-cluster-zeiierman	4h	SOLUSD	label:shape:Base ST Short	11	-0.045	-0.5	0.73	7	0.330	4	-0.702	0	0.73	0.09	0.00	0.00	
supertrend-cluster-zeiierman	4h	SOLUSD	label:shape:Base ST Long	11	-0.106	-1.2	0.55	5	-0.163	6	-0.059	0	0.55	0.18	0.09	0.09	
supertrend-cluster-zeiierman	4h	SOLUSD	label:alertcondition:Long	12	-0.138	-1.7	0.67	8	-0.314	4	0.214	0	0.67	0.08	0.00	0.08	
supertrend-cluster-zeiierman	4h	SOLUSD	label:alertcondition:Short	14	-0.236	-3.3	0.57	7	-0.186	7	-0.286	0	0.57	0.07	0.00	0.14	
supertrend-cluster-zeiierman	4h	SOLUSD	repaint	51	-0.138	-6.6	0.63	27	-0.086	21	-0.205	0	0.63	0.10	0.02	0.08	0 of 51 earlier entries changed when the last 60 bars were hidden (0%)
supertrend-cluster-zeiierman	4h	SOLUSD	verdict	48	-0.138	-6.6	0.63	27	-0.086	21	-0.205	0	0.63	0.10	0.02	0.08	no variant pays in both halves → not a reading, exit or cost problem on this cell; re-time or retire the pair
supertrend-cluster-zeiierman	4h	BNBUSD	base	43	0.058	2.5	0.70	20	-0.051	23	0.154	0	0.70	0.26	0.05	0.09	
supertrend-cluster-zeiierman	4h	BNBUSD	gross	43	0.158	6.8	0.70	20	0.024	23	0.275	1	0.70	0.26	0.05	0.09	
supertrend-cluster-zeiierman	4h	BNBUSD	stop1.5	41	0.100	4.1	0.76	18	0.001	23	0.177	1	0.76	0.20	0.02	0.02	
supertrend-cluster-zeiierman	4h	BNBUSD	stop2	40	0.060	2.4	0.75	17	0.025	23	0.085	1	0.75	0.13	0.03	0.00	
supertrend-cluster-zeiierman	4h	BNBUSD	tp1	42	-0.051	-2.1	0.52	18	-0.183	24	0.048	0	0.57	0.00	0.00	0.10	
supertrend-cluster-zeiierman	4h	BNBUSD	levels	43	0.058	2.5	0.70	20	-0.051	23	0.154	0	0.70	0.26	0.05	0.09	
supertrend-cluster-zeiierman	4h	BNBUSD	er0.25	29	0.009	0.3	0.62	12	-0.075	17	0.067	0	0.62	0.28	0.07	0.10	
supertrend-cluster-zeiierman	4h	BNBUSD	confirm1	22	0.240	5.3	0.82	9	0.074	13	0.355	1	0.82	0.36	0.05	0.05	
supertrend-cluster-zeiierman	4h	BNBUSD	er+stop1.5	27	0.032	0.9	0.70	10	-0.061	17	0.086	0	0.70	0.15	0.04	0.04	
supertrend-cluster-zeiierman	4h	BNBUSD	er+stop2	26	-0.026	-0.7	0.69	9	-0.142	17	0.036	0	0.69	0.12	0.04	0.00	
supertrend-cluster-zeiierman	4h	BNBUSD	confirm1+er	16	0.144	2.3	0.75	6	-0.040	10	0.254	0	0.75	0.31	0.06	0.06	
supertrend-cluster-zeiierman	4h	BNBUSD	inverted	43	-0.268	-11.5	0.56	19	-0.043	24	-0.446	0	0.56	0.09	0.00	0.28	
supertrend-cluster-zeiierman	4h	BNBUSD	long	20	0.111	2.2	0.70	9	-0.396	11	0.525	0	0.70	0.30	0.05	0.15	
supertrend-cluster-zeiierman	4h	BNBUSD	short	23	0.013	0.3	0.70	11	0.230	12	-0.187	0	0.70	0.22	0.04	0.04	
supertrend-cluster-zeiierman	4h	BNBUSD	label:alertcondition:Long	10	0.301	3.0	0.70	5	-0.158	5	0.760	0	0.70	0.40	0.10	0.10	
supertrend-cluster-zeiierman	4h	BNBUSD	label:alertcondition:Short	11	0.143	1.6	0.82	6	0.389	5	-0.153	0	0.82	0.18	0.00	0.00	
supertrend-cluster-zeiierman	4h	BNBUSD	label:shape:Base ST Long	10	-0.080	-0.8	0.70	4	-0.694	6	0.330	0	0.70	0.20	0.00	0.20	
supertrend-cluster-zeiierman	4h	BNBUSD	label:shape:Base ST Short	12	-0.107	-1.3	0.58	5	0.040	7	-0.211	0	0.58	0.25	0.08	0.08	
supertrend-cluster-zeiierman	4h	BNBUSD	repaint	42	0.058	2.5	0.70	20	-0.051	23	0.154	0	0.70	0.26	0.05	0.09	0 of 42 earlier entries changed when the last 60 bars were hidden (0%)
supertrend-cluster-zeiierman	4h	BNBUSD	verdict	43	0.058	2.5	0.70	20	-0.051	23	0.154	0	0.70	0.26	0.05	0.09	COSTS: positive before fees, negative after → a slower timeframe or a wider stop/target so each trade pays the round trip several times over
supertrend-cluster-zeiierman	4h	DOGEUSD	base	49	-0.037	-1.8	0.61	26	0.103	23	-0.195	0	0.61	0.16	0.02	0.12	
supertrend-cluster-zeiierman	4h	DOGEUSD	gross	49	0.016	0.8	0.61	26	0.157	23	-0.144	0	0.61	0.16	0.02	0.12	
supertrend-cluster-zeiierman	4h	DOGEUSD	stop1.5	43	-0.084	-3.6	0.60	24	-0.018	19	-0.167	0	0.60	0.12	0.02	0.02	
supertrend-cluster-zeiierman	4h	DOGEUSD	stop2	41	-0.076	-3.1	0.61	24	-0.054	17	-0.105	0	0.61	0.10	0.05	0.02	
supertrend-cluster-zeiierman	4h	DOGEUSD	tp1	43	-0.169	-7.3	0.44	25	-0.167	18	-0.172	0	0.58	0.00	0.00	0.16	
supertrend-cluster-zeiierman	4h	DOGEUSD	levels	49	-0.037	-1.8	0.61	26	0.103	23	-0.195	0	0.61	0.16	0.02	0.12	
supertrend-cluster-zeiierman	4h	DOGEUSD	er0.25	33	-0.098	-3.2	0.67	17	-0.067	16	-0.131	0	0.67	0.15	0.00	0.12	
supertrend-cluster-zeiierman	4h	DOGEUSD	confirm1	17	0.096	1.6	0.76	10	0.141	7	0.030	1	0.76	0.18	0.06	0.06	
supertrend-cluster-zeiierman	4h	DOGEUSD	er+stop1.5	28	-0.096	-2.7	0.64	15	-0.085	13	-0.109	0	0.64	0.07	0.00	0.04	
supertrend-cluster-zeiierman	4h	DOGEUSD	er+stop2	26	-0.057	-1.5	0.65	15	-0.094	11	-0.006	0	0.65	0.08	0.04	0.04	
supertrend-cluster-zeiierman	4h	DOGEUSD	confirm1+er	13	0.242	3.1	0.85	8	0.270	5	0.197	1	0.85	0.23	0.08	0.08	
supertrend-cluster-zeiierman	4h	DOGEUSD	inverted	45	0.055	2.5	0.73	26	0.048	19	0.065	1	0.73	0.13	0.02	0.16	
supertrend-cluster-zeiierman	4h	DOGEUSD	long	27	-0.199	-5.4	0.59	15	-0.156	12	-0.252	0	0.59	0.11	0.00	0.15	
supertrend-cluster-zeiierman	4h	DOGEUSD	short	22	0.161	3.5	0.64	11	0.456	11	-0.133	0	0.64	0.23	0.05	0.09	
supertrend-cluster-zeiierman	4h	DOGEUSD	label:alertcondition:Short	14	0.269	3.8	0.64	7	0.727	7	-0.189	0	0.64	0.21	0.07	0.14	
supertrend-cluster-zeiierman	4h	DOGEUSD	label:alertcondition:Long	13	-0.183	-2.4	0.62	6	-0.099	7	-0.255	0	0.62	0.08	0.00	0.15	
supertrend-cluster-zeiierman	4h	DOGEUSD	label:shape:Base ST Long	14	-0.214	-3.0	0.57	9	-0.195	5	-0.249	0	0.57	0.14	0.00	0.14	
supertrend-cluster-zeiierman	4h	DOGEUSD	repaint	52	-0.037	-1.8	0.61	26	0.103	23	-0.195	0	0.61	0.16	0.02	0.12	0 of 52 earlier entries changed when the last 60 bars were hidden (0%)
supertrend-cluster-zeiierman	4h	DOGEUSD	verdict	49	-0.037	-1.8	0.61	26	0.103	23	-0.195	0	0.61	0.16	0.02	0.12	no variant pays in both halves → not a reading, exit or cost problem on this cell; re-time or retire the pair
supertrend-cluster-zeiierman	4h	AVAXUSD	base	45	-0.146	-6.5	0.62	28	-0.129	17	-0.173	0	0.62	0.07	0.00	0.18	
supertrend-cluster-zeiierman	4h	AVAXUSD	gross	45	-0.098	-4.4	0.62	28	-0.082	17	-0.125	0	0.62	0.07	0.00	0.18	
supertrend-cluster-zeiierman	4h	AVAXUSD	stop1.5	43	-0.032	-1.4	0.67	28	-0.090	15	0.076	0	0.67	0.14	0.00	0.07	
supertrend-cluster-zeiierman	4h	AVAXUSD	stop2	41	-0.031	-1.3	0.66	26	-0.055	15	0.009	0	0.66	0.05	0.05	0.05	
supertrend-cluster-zeiierman	4h	AVAXUSD	tp1	43	-0.169	-7.3	0.44	27	-0.232	16	-0.062	0	0.60	0.00	0.00	0.19	
supertrend-cluster-zeiierman	4h	AVAXUSD	levels	45	-0.146	-6.5	0.62	28	-0.129	17	-0.173	0	0.62	0.07	0.00	0.18	
supertrend-cluster-zeiierman	4h	AVAXUSD	er0.25	29	-0.089	-2.6	0.66	16	-0.070	13	-0.112	0	0.66	0.07	0.00	0.21	
supertrend-cluster-zeiierman	4h	AVAXUSD	confirm1	18	-0.096	-1.7	0.56	11	-0.067	7	-0.141	0	0.56	0.17	0.06	0.11	
supertrend-cluster-zeiierman	4h	AVAXUSD	er+stop1.5	28	0.012	0.3	0.71	16	-0.041	12	0.082	0	0.71	0.14	0.00	0.04	
supertrend-cluster-zeiierman	4h	AVAXUSD	er+stop2	27	0.011	0.3	0.70	15	0.002	12	0.022	1	0.70	0.04	0.04	0.04	
supertrend-cluster-zeiierman	4h	AVAXUSD	confirm1+er	13	0.042	0.5	0.62	7	0.270	6	-0.224	0	0.62	0.23	0.08	0.08	
supertrend-cluster-zeiierman	4h	AVAXUSD	inverted	44	0.298	13.1	0.80	27	0.395	17	0.143	1	0.80	0.18	0.09	0.16	
supertrend-cluster-zeiierman	4h	AVAXUSD	long	24	-0.203	-4.9	0.58	15	-0.201	9	-0.206	0	0.58	0.04	0.00	0.21	
supertrend-cluster-zeiierman	4h	AVAXUSD	short	21	-0.080	-1.7	0.67	13	-0.045	8	-0.136	0	0.67	0.10	0.00	0.14	
supertrend-cluster-zeiierman	4h	AVAXUSD	label:shape:Base ST Long	11	0.260	2.9	0.91	7	0.350	4	0.102	0	0.91	0.09	0.00	0.09	
supertrend-cluster-zeiierman	4h	AVAXUSD	label:alertcondition:Short	13	-0.003	-0.0	0.69	9	0.094	4	-0.220	0	0.69	0.15	0.00	0.15	
supertrend-cluster-zeiierman	4h	AVAXUSD	label:alertcondition:Long	13	-0.595	-7.7	0.31	8	-0.684	5	-0.452	0	0.31	0.00	0.00	0.31	
supertrend-cluster-zeiierman	4h	AVAXUSD	repaint	47	-0.146	-6.5	0.62	28	-0.129	17	-0.173	0	0.62	0.07	0.00	0.18	0 of 47 earlier entries changed when the last 60 bars were hidden (0%)
supertrend-cluster-zeiierman	4h	AVAXUSD	verdict	45	-0.146	-6.5	0.62	28	-0.129	17	-0.173	0	0.62	0.07	0.00	0.18	READING: direction inverted → the signals mean the opposite of how they are read (a warning read as an entry, a state read as a flip); invert or restrict the source
supertrend-cluster-zeiierman	4h	ADAUSD	base	47	-0.156	-7.3	0.62	26	-0.206	21	-0.094	0	0.62	0.02	0.00	0.11	
supertrend-cluster-zeiierman	4h	ADAUSD	gross	47	-0.115	-5.4	0.62	26	-0.168	21	-0.050	0	0.62	0.02	0.00	0.11	
supertrend-cluster-zeiierman	4h	ADAUSD	stop1.5	45	-0.038	-1.7	0.71	25	-0.023	20	-0.058	0	0.71	0.04	0.00	0.04	
supertrend-cluster-zeiierman	4h	ADAUSD	stop2	42	0.029	1.2	0.71	24	-0.017	18	0.090	0	0.71	0.07	0.02	0.00	
supertrend-cluster-zeiierman	4h	ADAUSD	tp1	44	-0.179	-7.9	0.43	25	-0.239	19	-0.101	0	0.59	0.00	0.00	0.11	
supertrend-cluster-zeiierman	4h	ADAUSD	levels	47	-0.156	-7.3	0.62	26	-0.206	21	-0.094	0	0.62	0.02	0.00	0.11	
supertrend-cluster-zeiierman	4h	ADAUSD	er0.25	36	-0.036	-1.3	0.69	15	-0.040	21	-0.032	0	0.69	0.03	0.00	0.08	
supertrend-cluster-zeiierman	4h	ADAUSD	confirm1	25	-0.313	-7.8	0.48	14	-0.509	11	-0.064	0	0.48	0.08	0.00	0.08	
supertrend-cluster-zeiierman	4h	ADAUSD	er+stop1.5	35	-0.040	-1.4	0.71	15	-0.105	20	0.010	0	0.71	0.03	0.00	0.06	
supertrend-cluster-zeiierman	4h	ADAUSD	er+stop2	33	-0.063	-2.1	0.67	15	-0.244	18	0.089	0	0.67	0.06	0.00	0.00	
supertrend-cluster-zeiierman	4h	ADAUSD	confirm1+er	20	-0.415	-8.3	0.40	9	-0.844	11	-0.064	0	0.40	0.10	0.00	0.10	
supertrend-cluster-zeiierman	4h	ADAUSD	inverted	47	-0.032	-1.5	0.68	27	0.103	20	-0.214	0	0.68	0.13	0.02	0.13	
supertrend-cluster-zeiierman	4h	ADAUSD	long	25	-0.181	-4.5	0.60	14	-0.331	11	0.010	0	0.60	0.00	0.00	0.08	
supertrend-cluster-zeiierman	4h	ADAUSD	short	22	-0.127	-2.8	0.64	12	-0.060	10	-0.208	0	0.64	0.05	0.00	0.14	
supertrend-cluster-zeiierman	4h	ADAUSD	label:shape:Base ST Short	10	-0.019	-0.2	0.70	6	-0.018	4	-0.021	0	0.70	0.10	0.00	0.00	
supertrend-cluster-zeiierman	4h	ADAUSD	label:alertcondition:Long	11	-0.018	-0.2	0.73	5	0.086	6	-0.106	0	0.73	0.00	0.00	0.00	
supertrend-cluster-zeiierman	4h	ADAUSD	label:alertcondition:Short	12	-0.217	-2.6	0.58	6	-0.102	6	-0.332	0	0.58	0.00	0.00	0.25	
supertrend-cluster-zeiierman	4h	ADAUSD	label:shape:Base ST Long	14	-0.309	-4.3	0.50	9	-0.562	5	0.148	0	0.50	0.00	0.00	0.14	
supertrend-cluster-zeiierman	4h	ADAUSD	repaint	52	-0.156	-7.3	0.62	26	-0.206	21	-0.094	0	0.62	0.02	0.00	0.11	0 of 52 earlier entries changed when the last 60 bars were hidden (0%)
supertrend-cluster-zeiierman	4h	ADAUSD	verdict	47	-0.156	-7.3	0.62	26	-0.206	21	-0.094	0	0.62	0.02	0.00	0.11	no variant pays in both halves → not a reading, exit or cost problem on this cell; re-time or retire the pair
supertrend-cluster-zeiierman	4h	BCHUSD	base	36	-0.086	-3.1	0.61	15	-0.249	21	0.031	0	0.61	0.14	0.03	0.08	
supertrend-cluster-zeiierman	4h	BCHUSD	gross	36	-0.025	-0.9	0.61	15	-0.208	21	0.106	0	0.61	0.14	0.03	0.08	
supertrend-cluster-zeiierman	4h	BCHUSD	stop1.5	34	-0.240	-8.2	0.53	14	-0.505	20	-0.055	0	0.53	0.09	0.03	0.03	
supertrend-cluster-zeiierman	4h	BCHUSD	stop2	33	-0.239	-7.9	0.55	14	-0.413	19	-0.111	0	0.55	0.03	0.00	0.03	
supertrend-cluster-zeiierman	4h	BCHUSD	tp1	35	-0.311	-10.9	0.37	14	-0.460	21	-0.211	0	0.54	0.00	0.00	0.11	
supertrend-cluster-zeiierman	4h	BCHUSD	levels	36	-0.086	-3.1	0.61	15	-0.249	21	0.031	0	0.61	0.14	0.03	0.08	
supertrend-cluster-zeiierman	4h	BCHUSD	er0.25	18	-0.127	-2.3	0.61	6	-0.314	12	-0.034	0	0.61	0.17	0.00	0.06	
supertrend-cluster-zeiierman	4h	BCHUSD	confirm1	13	-0.188	-2.4	0.62	5	0.024	8	-0.320	0	0.62	0.08	0.00	0.00	
supertrend-cluster-zeiierman	4h	BCHUSD	er+stop1.5	17	-0.125	-2.1	0.65	5	-0.191	12	-0.098	0	0.65	0.00	0.00	0.00	
supertrend-cluster-zeiierman	4h	BCHUSD	er+stop2	17	-0.131	-2.2	0.65	5	-0.171	12	-0.114	0	0.65	0.00	0.00	0.00	
supertrend-cluster-zeiierman	4h	BCHUSD	confirm1+er	10	-0.195	-2.0	0.60	5	0.024	5	-0.415	0	0.60	0.10	0.00	0.00	
supertrend-cluster-zeiierman	4h	BCHUSD	inverted	39	-0.032	-1.2	0.69	16	0.121	23	-0.138	0	0.69	0.13	0.00	0.21	
supertrend-cluster-zeiierman	4h	BCHUSD	long	17	0.059	1.0	0.71	7	-0.423	10	0.396	0	0.71	0.12	0.06	0.06	
supertrend-cluster-zeiierman	4h	BCHUSD	short	19	-0.215	-4.1	0.53	8	-0.097	11	-0.300	0	0.53	0.16	0.00	0.11	
supertrend-cluster-zeiierman	4h	BCHUSD	label:shape:Base ST Short	10	-0.078	-0.8	0.60	5	-0.340	5	0.184	0	0.60	0.20	0.00	0.10	
supertrend-cluster-zeiierman	4h	BCHUSD	repaint	41	-0.086	-3.1	0.61	15	-0.249	21	0.031	0	0.61	0.14	0.03	0.08	0 of 41 earlier entries changed when the last 60 bars were hidden (0%)
supertrend-cluster-zeiierman	4h	BCHUSD	verdict	36	-0.086	-3.1	0.61	15	-0.249	21	0.031	0	0.61	0.14	0.03	0.08	no variant pays in both halves → not a reading, exit or cost problem on this cell; re-time or retire the pair
supertrend-cluster-zeiierman	4h	LTCUSD	base	48	-0.109	-5.3	0.60	23	-0.194	25	-0.031	0	0.60	0.17	0.04	0.15	
supertrend-cluster-zeiierman	4h	LTCUSD	gross	48	-0.038	-1.8	0.60	23	-0.143	25	0.058	0	0.60	0.17	0.04	0.15	
supertrend-cluster-zeiierman	4h	LTCUSD	stop1.5	48	-0.046	-2.2	0.67	23	-0.101	25	0.004	0	0.67	0.17	0.00	0.02	
supertrend-cluster-zeiierman	4h	LTCUSD	stop2	46	0.011	0.5	0.67	22	-0.104	24	0.117	0	0.67	0.20	0.02	0.00	
supertrend-cluster-zeiierman	4h	LTCUSD	tp1	46	-0.046	-2.1	0.52	22	-0.324	24	0.209	0	0.50	0.00	0.00	0.11	
supertrend-cluster-zeiierman	4h	LTCUSD	levels	48	-0.109	-5.3	0.60	23	-0.194	25	-0.031	0	0.60	0.17	0.04	0.15	
supertrend-cluster-zeiierman	4h	LTCUSD	er0.25	29	0.048	1.4	0.69	11	0.031	18	0.059	1	0.69	0.21	0.07	0.10	
supertrend-cluster-zeiierman	4h	LTCUSD	confirm1	25	0.044	1.1	0.72	12	-0.119	13	0.194	0	0.72	0.20	0.08	0.28	
supertrend-cluster-zeiierman	4h	LTCUSD	er+stop1.5	29	0.013	0.4	0.69	11	-0.172	18	0.126	0	0.69	0.24	0.00	0.03	
supertrend-cluster-zeiierman	4h	LTCUSD	er+stop2	28	0.133	3.7	0.79	11	0.038	17	0.194	1	0.79	0.18	0.00	0.00	
supertrend-cluster-zeiierman	4h	LTCUSD	confirm1+er	21	0.004	0.1	0.71	9	-0.256	12	0.199	0	0.71	0.19	0.05	0.29	
supertrend-cluster-zeiierman	4h	LTCUSD	inverted	47	-0.203	-9.5	0.57	23	-0.041	24	-0.357	0	0.57	0.11	0.02	0.15	
supertrend-cluster-zeiierman	4h	LTCUSD	long	23	-0.132	-3.0	0.61	11	-0.520	12	0.224	0	0.61	0.13	0.04	0.13	
supertrend-cluster-zeiierman	4h	LTCUSD	short	25	-0.089	-2.2	0.60	12	0.105	13	-0.267	0	0.60	0.20	0.04	0.16	
supertrend-cluster-zeiierman	4h	LTCUSD	label:alertcondition:Short	12	0.012	0.1	0.67	7	0.185	5	-0.230	0	0.67	0.25	0.08	0.17	
supertrend-cluster-zeiierman	4h	LTCUSD	label:shape:Base ST Long	12	-0.097	-1.2	0.58	6	-0.328	6	0.133	0	0.58	0.25	0.08	0.17	
supertrend-cluster-zeiierman	4h	LTCUSD	label:alertcondition:Long	11	-0.169	-1.9	0.64	5	-0.752	6	0.316	0	0.64	0.00	0.00	0.09	
supertrend-cluster-zeiierman	4h	LTCUSD	label:shape:Base ST Short	13	-0.182	-2.4	0.54	5	-0.007	8	-0.290	0	0.54	0.15	0.00	0.15	
supertrend-cluster-zeiierman	4h	LTCUSD	repaint	48	-0.109	-5.3	0.60	23	-0.194	25	-0.031	0	0.60	0.17	0.04	0.15	0 of 48 earlier entries changed when the last 60 bars were hidden (0%)
supertrend-cluster-zeiierman	4h	LTCUSD	verdict	48	-0.109	-5.3	0.60	23	-0.194	25	-0.031	0	0.60	0.17	0.04	0.15	WHIPSAW: pays only when the market is moving efficiently → efficiency-ratio gate ≥ 0.25 on this timeframe
supertrend-cluster-zeiierman	4h	LINKUSD	base	43	-0.054	-2.3	0.67	25	-0.025	18	-0.094	0	0.67	0.09	0.00	0.09	
supertrend-cluster-zeiierman	4h	LINKUSD	gross	43	0.003	0.1	0.67	25	0.028	18	-0.033	0	0.67	0.09	0.00	0.09	
supertrend-cluster-zeiierman	4h	LINKUSD	stop1.5	40	-0.147	-5.9	0.60	23	-0.200	17	-0.075	0	0.60	0.15	0.00	0.05	
supertrend-cluster-zeiierman	4h	LINKUSD	stop2	39	-0.117	-4.6	0.62	22	-0.150	17	-0.075	0	0.62	0.08	0.00	0.00	
supertrend-cluster-zeiierman	4h	LINKUSD	tp1	39	-0.036	-1.4	0.51	22	-0.053	17	-0.014	0	0.64	0.00	0.00	0.10	
supertrend-cluster-zeiierman	4h	LINKUSD	levels	43	-0.054	-2.3	0.67	25	-0.025	18	-0.094	0	0.67	0.09	0.00	0.09	
supertrend-cluster-zeiierman	4h	LINKUSD	er0.25	30	-0.163	-4.9	0.63	16	-0.015	14	-0.332	0	0.63	0.00	0.00	0.07	
supertrend-cluster-zeiierman	4h	LINKUSD	confirm1	18	-0.155	-2.8	0.61	10	-0.316	8	0.046	0	0.61	0.06	0.00	0.22	
supertrend-cluster-zeiierman	4h	LINKUSD	er+stop1.5	27	-0.238	-6.4	0.56	14	-0.223	13	-0.254	0	0.56	0.07	0.00	0.04	
supertrend-cluster-zeiierman	4h	LINKUSD	er+stop2	26	-0.233	-6.1	0.54	13	-0.248	13	-0.218	0	0.54	0.08	0.00	0.00	
supertrend-cluster-zeiierman	4h	LINKUSD	confirm1+er	14	-0.006	-0.1	0.71	9	-0.240	5	0.414	0	0.71	0.07	0.00	0.14	
supertrend-cluster-zeiierman	4h	LINKUSD	inverted	41	-0.027	-1.1	0.68	23	-0.050	18	0.001	0	0.68	0.10	0.05	0.12	
supertrend-cluster-zeiierman	4h	LINKUSD	long	22	0.041	0.9	0.73	13	-0.050	9	0.173	0	0.73	0.14	0.00	0.05	
supertrend-cluster-zeiierman	4h	LINKUSD	short	21	-0.154	-3.2	0.62	12	0.001	9	-0.361	0	0.62	0.05	0.00	0.14	
supertrend-cluster-zeiierman	4h	LINKUSD	label:shape:Base ST Long	11	0.076	0.8	0.73	7	0.053	4	0.115	0	0.73	0.18	0.00	0.09	
supertrend-cluster-zeiierman	4h	LINKUSD	label:alertcondition:Long	11	0.006	0.1	0.73	6	-0.171	5	0.218	0	0.73	0.09	0.00	0.00	
supertrend-cluster-zeiierman	4h	LINKUSD	label:alertcondition:Short	11	-0.095	-1.0	0.64	7	-0.220	4	0.123	0	0.64	0.09	0.00	0.18	
supertrend-cluster-zeiierman	4h	LINKUSD	label:shape:Base ST Short	10	-0.219	-2.2	0.60	5	0.312	5	-0.749	0	0.60	0.00	0.00	0.10	
supertrend-cluster-zeiierman	4h	LINKUSD	repaint	44	-0.054	-2.3	0.67	25	-0.025	18	-0.094	0	0.67	0.09	0.00	0.09	0 of 44 earlier entries changed when the last 60 bars were hidden (0%)
supertrend-cluster-zeiierman	4h	LINKUSD	verdict	43	-0.054	-2.3	0.67	25	-0.025	18	-0.094	0	0.67	0.09	0.00	0.09	no variant pays in both halves → not a reading, exit or cost problem on this cell; re-time or retire the pair
supertrend-cluster-zeiierman	4h	SUIUSD	base	44	0.094	4.1	0.70	19	-0.271	25	0.371	0	0.70	0.30	0.05	0.07	
supertrend-cluster-zeiierman	4h	SUIUSD	gross	44	0.157	6.9	0.70	19	-0.240	25	0.459	0	0.70	0.30	0.05	0.07	
supertrend-cluster-zeiierman	4h	SUIUSD	stop1.5	40	0.019	0.8	0.65	17	-0.188	23	0.172	0	0.65	0.17	0.03	0.07	
supertrend-cluster-zeiierman	4h	SUIUSD	stop2	40	-0.061	-2.5	0.63	17	-0.226	23	0.060	0	0.63	0.13	0.03	0.03	
supertrend-cluster-zeiierman	4h	SUIUSD	tp1	43	0.008	0.4	0.53	19	-0.195	24	0.169	0	0.65	0.00	0.00	0.12	
supertrend-cluster-zeiierman	4h	SUIUSD	levels	44	0.094	4.1	0.70	19	-0.271	25	0.371	0	0.70	0.30	0.05	0.07	
supertrend-cluster-zeiierman	4h	SUIUSD	er0.25	31	0.076	2.4	0.71	13	-0.263	18	0.321	0	0.71	0.26	0.03	0.06	
supertrend-cluster-zeiierman	4h	SUIUSD	confirm1	22	0.142	3.1	0.68	5	0.266	17	0.106	1	0.68	0.23	0.14	0.09	
supertrend-cluster-zeiierman	4h	SUIUSD	er+stop1.5	29	-0.112	-3.2	0.62	12	-0.275	17	0.004	0	0.62	0.10	0.00	0.07	
supertrend-cluster-zeiierman	4h	SUIUSD	er+stop2	29	-0.123	-3.6	0.62	12	-0.266	17	-0.022	0	0.62	0.07	0.00	0.03	
supertrend-cluster-zeiierman	4h	SUIUSD	confirm1+er	16	0.320	5.1	0.75	4	0.266	12	0.338	0	0.75	0.31	0.19	0.06	
supertrend-cluster-zeiierman	4h	SUIUSD	inverted	45	-0.098	-4.4	0.60	20	0.075	25	-0.235	0	0.60	0.11	0.00	0.29	
supertrend-cluster-zeiierman	4h	SUIUSD	long	23	0.173	4.0	0.70	9	-0.303	14	0.479	0	0.70	0.48	0.09	0.09	
supertrend-cluster-zeiierman	4h	SUIUSD	short	21	0.008	0.2	0.71	10	-0.242	11	0.235	0	0.71	0.10	0.00	0.05	
supertrend-cluster-zeiierman	4h	SUIUSD	label:alertcondition:Long	12	0.387	4.6	0.83	5	0.255	7	0.481	1	0.83	0.50	0.08	0.08	
supertrend-cluster-zeiierman	4h	SUIUSD	label:alertcondition:Short	14	-0.011	-0.2	0.71	7	-0.194	7	0.172	0	0.71	0.07	0.00	0.07	
supertrend-cluster-zeiierman	4h	SUIUSD	label:shape:Base ST Long	11	-0.060	-0.7	0.55	4	-1.000	7	0.477	0	0.55	0.45	0.09	0.09	
supertrend-cluster-zeiierman	4h	SUIUSD	repaint	48	0.094	4.1	0.70	19	-0.271	25	0.371	0	0.70	0.30	0.05	0.07	0 of 48 earlier entries changed when the last 60 bars were hidden (0%)
supertrend-cluster-zeiierman	4h	SUIUSD	verdict	44	0.094	4.1	0.70	19	-0.271	25	0.371	0	0.70	0.30	0.05	0.07	no variant pays in both halves → not a reading, exit or cost problem on this cell; re-time or retire the pair
supertrend-cluster-zeiierman	4h	NEARUSD	base	34	-0.164	-5.6	0.53	16	-0.414	18	0.059	0	0.53	0.15	0.06	0.12	
supertrend-cluster-zeiierman	4h	NEARUSD	gross	34	-0.124	-4.2	0.53	16	-0.387	18	0.111	0	0.53	0.15	0.06	0.12	
supertrend-cluster-zeiierman	4h	NEARUSD	stop1.5	31	-0.154	-4.8	0.55	14	-0.286	17	-0.045	0	0.55	0.13	0.03	0.03	
supertrend-cluster-zeiierman	4h	NEARUSD	stop2	30	-0.072	-2.2	0.63	14	-0.298	16	0.125	0	0.63	0.13	0.00	0.00	
supertrend-cluster-zeiierman	4h	NEARUSD	tp1	34	-0.216	-7.3	0.41	16	-0.404	18	-0.049	0	0.53	0.00	0.00	0.12	
supertrend-cluster-zeiierman	4h	NEARUSD	levels	34	-0.164	-5.6	0.53	16	-0.414	18	0.059	0	0.53	0.15	0.06	0.12	
supertrend-cluster-zeiierman	4h	NEARUSD	er0.25	19	-0.273	-5.2	0.42	7	-0.633	12	-0.062	0	0.42	0.16	0.11	0.16	
supertrend-cluster-zeiierman	4h	NEARUSD	confirm1	15	-0.094	-1.4	0.67	6	0.113	9	-0.232	0	0.67	0.00	0.00	0.07	
supertrend-cluster-zeiierman	4h	NEARUSD	er+stop1.5	18	-0.353	-6.3	0.39	7	-0.595	11	-0.198	0	0.39	0.11	0.06	0.06	
supertrend-cluster-zeiierman	4h	NEARUSD	er+stop2	17	-0.196	-3.3	0.53	7	-0.588	10	0.079	0	0.53	0.12	0.00	0.00	
supertrend-cluster-zeiierman	4h	NEARUSD	confirm1+er	8	-0.145	-1.2	0.63	1	0.493	7	-0.236	0	0.63	0.00	0.00	0.13	
supertrend-cluster-zeiierman	4h	NEARUSD	inverted	36	-0.004	-0.1	0.69	18	0.103	18	-0.110	0	0.69	0.14	0.00	0.22	
supertrend-cluster-zeiierman	4h	NEARUSD	long	18	-0.293	-5.3	0.44	9	-0.705	9	0.118	0	0.44	0.17	0.06	0.11	
supertrend-cluster-zeiierman	4h	NEARUSD	short	16	-0.018	-0.3	0.63	7	-0.041	9	0.000	0	0.63	0.13	0.06	0.13	
supertrend-cluster-zeiierman	4h	NEARUSD	label:alertcondition:Long	10	-0.466	-4.7	0.40	4	-0.675	6	-0.327	0	0.40	0.00	0.00	0.20	
supertrend-cluster-zeiierman	4h	NEARUSD	repaint	39	-0.164	-5.6	0.53	16	-0.414	18	0.059	0	0.53	0.15	0.06	0.12	0 of 39 earlier entries changed when the last 60 bars were hidden (0%)
supertrend-cluster-zeiierman	4h	NEARUSD	verdict	34	-0.164	-5.6	0.53	16	-0.414	18	0.059	0	0.53	0.15	0.06	0.12	no variant pays in both halves → not a reading, exit or cost problem on this cell; re-time or retire the pair
supertrend-cluster-zeiierman	4h	HYPEUSD	base	46	0.134	6.2	0.78	21	0.043	25	0.210	1	0.78	0.28	0.00	0.09	
supertrend-cluster-zeiierman	4h	HYPEUSD	gross	46	0.190	8.8	0.78	21	0.090	25	0.275	1	0.78	0.28	0.00	0.09	
supertrend-cluster-zeiierman	4h	HYPEUSD	stop1.5	43	0.005	0.2	0.70	19	-0.132	24	0.114	0	0.70	0.09	0.00	0.02	
supertrend-cluster-zeiierman	4h	HYPEUSD	stop2	39	0.029	1.1	0.69	18	-0.169	21	0.199	0	0.69	0.10	0.03	0.00	
supertrend-cluster-zeiierman	4h	HYPEUSD	tp1	39	0.119	4.6	0.59	18	-0.256	21	0.441	0	0.77	0.00	0.00	0.08	
supertrend-cluster-zeiierman	4h	HYPEUSD	levels	46	0.134	6.2	0.78	21	0.043	25	0.210	1	0.78	0.28	0.00	0.09	
supertrend-cluster-zeiierman	4h	HYPEUSD	er0.25	31	0.147	4.5	0.77	14	0.084	17	0.198	1	0.77	0.29	0.00	0.10	
supertrend-cluster-zeiierman	4h	HYPEUSD	confirm1	27	-0.162	-4.4	0.59	10	-0.277	17	-0.095	0	0.59	0.15	0.00	0.15	
supertrend-cluster-zeiierman	4h	HYPEUSD	er+stop1.5	30	0.024	0.7	0.70	13	-0.045	17	0.076	0	0.70	0.13	0.00	0.03	
supertrend-cluster-zeiierman	4h	HYPEUSD	er+stop2	28	0.076	2.1	0.71	12	-0.072	16	0.186	0	0.71	0.11	0.04	0.00	
supertrend-cluster-zeiierman	4h	HYPEUSD	confirm1+er	21	-0.137	-2.9	0.62	6	-0.517	15	0.015	0	0.62	0.14	0.00	0.19	
supertrend-cluster-zeiierman	4h	HYPEUSD	inverted	44	0.011	0.5	0.68	21	0.222	23	-0.182	0	0.68	0.14	0.00	0.16	
supertrend-cluster-zeiierman	4h	HYPEUSD	long	22	0.113	2.5	0.77	10	-0.002	12	0.208	0	0.77	0.32	0.00	0.09	
supertrend-cluster-zeiierman	4h	HYPEUSD	short	24	0.153	3.7	0.79	11	0.084	13	0.211	1	0.79	0.25	0.00	0.08	
supertrend-cluster-zeiierman	4h	HYPEUSD	label:alertcondition:Short	14	0.316	4.4	0.86	7	0.330	7	0.303	1	0.86	0.43	0.00	0.00	
supertrend-cluster-zeiierman	4h	HYPEUSD	label:shape:Base ST Long	13	0.215	2.8	0.85	6	0.175	7	0.250	1	0.85	0.31	0.00	0.00	
supertrend-cluster-zeiierman	4h	HYPEUSD	label:shape:Base ST Short	10	-0.075	-0.8	0.70	4	-0.345	6	0.105	0	0.70	0.00	0.00	0.20	
supertrend-cluster-zeiierman	4h	HYPEUSD	repaint	48	0.134	6.2	0.78	21	0.043	25	0.210	1	0.78	0.28	0.00	0.09	0 of 48 earlier entries changed when the last 60 bars were hidden (0%)
supertrend-cluster-zeiierman	4h	HYPEUSD	verdict	46	0.134	6.2	0.78	21	0.043	25	0.210	1	0.78	0.28	0.00	0.09	pays as read → nothing to fix; measure in shadow
