strategy	tf	k	trades	avgR	totalR	trades1	avgR1	trades2	avgR2	baseTrades	baseAvgR
consensus/family3	5m	2	0	0.000	0.0	0	0.000	0	0.000		
consensus/family3	5m	3	0	0.000	0.0	0	0.000	0	0.000		
pulse-trend-radar/family3	5m	1	3	-0.395	-1.2	2	-0.139	1	-0.908	3	-0.395
breakout-pattern-setup/family3	5m	1	0	0.000	0.0	0	0.000	0	0.000	0	0.000
stealthtrail-supertrend/family3	5m	1	0	0.000	0.0	0	0.000	0	0.000	0	0.000
dynamic-trend-bands-anchored-vwap-signals/family3	5m	1	0	0.000	0.0	0	0.000	0	0.000	1	-0.931
kinetic-momentum-vectors/family3	5m	1	1	-0.930	-0.9	1	-0.930	0	0.000	3	-0.039
elliott-wave/family3	5m	1	0	0.000	0.0	0	0.000	0	0.000	0	0.000
swing-volume-profile-pro/family3	5m	1	3	-0.025	-0.1	3	-0.025	0	0.000	3	-0.159
pivot-channel-breaks/family3	5m	1	0	0.000	0.0	0	0.000	0	0.000	1	-1.000
triangular-hull-moving-average-volatility/family3	5m	1	1	-0.912	-0.9	1	-0.912	0	0.000	2	-0.341
smart-money-breakout-signals/family3	5m	1	1	-0.930	-0.9	1	-0.930	0	0.000	2	-0.918
stealthtrail-supertrend-ml-pro/family3	5m	1	1	0.288	0.3	1	0.288	0	0.000	1	0.288
smart-swing-vwap-zeiierman/family3	5m	1	1	-0.915	-0.9	1	-0.915	0	0.000	1	-0.915
supertrend-cluster-zeiierman/family3	5m	1	1	-0.930	-0.9	1	-0.930	0	0.000	2	-0.965
bollinger-bands-forecast-with-signals-zeiierman/family3	5m	1	0	0.000	0.0	0	0.000	0	0.000	0	0.000
market-memory-average-zeiierman/family3	5m	1	1	0.758	0.8	1	0.758	0	0.000	2	0.503
anchored-value-distribution-oscillator-zeiierman/family3	5m	2	3	0.429	1.3	3	0.429	0	0.000	33	-0.166
volume-supertrend-ai-expo/family3	5m	2	1	0.275	0.3	1	0.275	0	0.000	3	0.621
ai-predictive-flow-zeiierman/family3	5m	1	6	-0.477	-2.9	4	-0.239	2	-0.954	13	-0.136
momentum-sequence-strategy/family3	5m	1	0	0.000	0.0	0	0.000	0	0.000	1	1.720
trend-survival-matrix/family3	5m	1	3	-0.923	-2.8	3	-0.923	0	0.000	4	-0.840
smart-flow-imbalance/family3	5m	2	1	0.723	0.7	1	0.723	0	0.000	3	-0.364
ema-trend-pro/family3	5m	1	3	-0.923	-2.8	3	-0.923	0	0.000	4	-0.840
ema-trend-signals/family3	5m	1	3	-0.923	-2.8	3	-0.923	0	0.000	4	-0.840
trend-pullback-guard/family3	5m	2	1	0.667	0.7	1	0.667	0	0.000	3	-0.387
adaptive-atr-extension-scanner/family3	5m	2	0	0.000	0.0	0	0.000	0	0.000	3	0.885
rsi-market-regime/family3	5m	1	3	-0.528	-1.6	3	-0.528	0	0.000	4	-0.613
fia-trend-momentum-10-20-50/family3	5m	2	1	0.612	0.6	1	0.612	0	0.000	6	-0.460
machine-learning-rsi-ai-classification-ranking-zeiierman/family3	5m	1	0	0.000	0.0	0	0.000	0	0.000	1	-1.000
swing-multi-moving-averages-crypto-and-stocks-strategy/family3	5m	2	0	0.000	0.0	0	0.000	0	0.000	16	0.209
weekend-hunter-ultimate-v6-2/family3	5m	1	0	0.000	0.0	0	0.000	0	0.000	0	0.000
williams-r-zone-scalper-v1-0-bullbyte/family3	5m	2	1	0.755	0.8	1	0.755	0	0.000	1	0.306
macd-pullback-sniper-trend-adx-filtered-strategy/family3	5m	1	0	0.000	0.0	0	0.000	0	0.000	0	0.000
pro-scalper-ai-bullbyte/family3	5m	1	16	-0.057	-0.9	10	-0.001	6	-0.151	20	-0.096
golden-trident-swing-anchored-vwap-trend-system/family3	5m	1	1	-0.912	-0.9	1	-0.912	0	0.000	1	-0.912
ema-pullback-trend-continuation-strategy-with-volume-and-momentu/family3	5m	1	2	-0.092	-0.2	1	0.723	1	-0.907	3	-0.370
execution-aware-trend/family3	5m	2	1	0.723	0.7	1	0.723	0	0.000	3	-0.364
coil-breaker-rsi-range-compression/family3	5m	1	0	0.000	0.0	0	0.000	0	0.000	0	0.000
channel-reversion-system/family3	5m	1	0	0.000	0.0	0	0.000	0	0.000	0	0.000
dnse-vn301-sma-34-89-dual-slope-strategy/family3	5m	1	4	0.186	0.7	2	0.467	2	-0.096	7	-0.001
stacklight-mtf-mtf-momentum-stack-stochastic-confluence/family3	5m	1	2	-0.127	-0.3	2	-0.127	0	0.000	3	0.354
bist30-to-sp-500-atr-momentum-rider/family3	5m	2	0	0.000	0.0	0	0.000	0	0.000	2	-0.343
elite-hybrid-orb/family3	5m	1	3	-0.908	-2.7	0	0.000	3	-0.908	4	-0.907
tradleware-dca/family3	5m	2	0	0.000	0.0	0	0.000	0	0.000	2	-0.364
ultimate-prop-firm/family3	5m	1	0	0.000	0.0	0	0.000	0	0.000	1	0.559
pg-mcx-silver-long-v6-mtf-momentum-profit-trailing/family3	5m	2	0	0.000	0.0	0	0.000	0	0.000	10	0.194
cloud-pro-ichimoku-confluence/family3	5m	1	4	-0.653	-2.6	3	-0.929	1	0.175	6	-0.591
nnfx-btc-ssl-qqe-signalforge/family3	5m	1	3	-0.378	-1.1	3	-0.378	0	0.000	6	-0.651
ema-25-68-bist30-futures/family3	5m	1	5	-0.873	-4.4	5	-0.873	0	0.000	8	-0.694
hyperliquid-ready-webhook-strategy-template/family3	5m	2	2	-0.327	-0.7	2	-0.327	0	0.000	5	-0.617
trend-efficiency-framework/family3	5m	1	1	0.198	0.2	1	0.198	0	0.000	2	0.959
webhook-alert-strategy-template/family3	5m	2	1	0.276	0.3	1	0.276	0	0.000	4	-0.473
vwap-mean-reversion-strategy-with-session-and-volume-filter/family3	5m	1	1	0.543	0.5	0	0.000	1	0.543	6	-0.348
fractal-memory-strategy/family3	5m	1	0	0.000	0.0	0	0.000	0	0.000	0	0.000
adaptive-atr-scalper-instant-lock-version/family3	5m	1	2	-0.095	-0.2	2	-0.095	0	0.000	3	-0.373
tp-sl-toolkit/family3	5m	1	4	-0.510	-2.0	3	-0.378	1	-0.907	6	-0.534
btc-trend-momentum-strategy/family3	5m	1	1	-0.910	-0.9	1	-0.910	0	0.000	2	0.007
orb-pro-session-breakout-scalper/family3	5m	1	5	-0.585	-2.9	4	-0.504	1	-0.907	7	-0.408
donchian-breakout-with-atr-trailing-stop-trend-following/family3	5m	2	0	0.000	0.0	0	0.000	0	0.000	4	0.022
super-trend-signal-engine-quantum-edge/family3	5m	1	2	-0.092	-0.2	1	0.723	1	-0.907	2	-0.092
dual-bollinger-band-cross-strategy-v6/family3	5m	2	0	0.000	0.0	0	0.000	0	0.000	4	-0.956
optimized-doji-breakout-strategy-short-only-v6/family3	5m	1	2	-0.908	-1.8	0	0.000	2	-0.908	4	-0.954
smoothed-heiken-ashi-strategy-v1/family3	5m	1	4	-0.618	-2.5	3	-0.521	1	-0.909	4	-0.618
xau-clear-ema-atr-strategy-tp-sl-voice-v6-clean-tp/family3	5m	2	1	0.204	0.2	1	0.204	0	0.000	3	-0.160
xau-clear-ema-atr-strategy-tp-sl-voice-v6/family3	5m	2	1	0.204	0.2	1	0.204	0	0.000	3	-0.160
bps-v17-strong-trend-filter/family3	5m	1	0	0.000	0.0	0	0.000	0	0.000	0	0.000
bps-v17-strong-trend-filter-tv-strategies/family3	5m	1	0	0.000	0.0	0	0.000	0	0.000	0	0.000
apex-fusion-ai-smart-trend-engine/family3	5m	2	1	0.723	0.7	1	0.723	0	0.000	9	-0.122
btc-8am-pattern-breakout-instant-entry/family3	5m	1	1	-0.912	-0.9	1	-0.912	0	0.000	1	-0.912
smc-clean-4h-zones-center-labels-hh-hl-ll-lh/family3	5m	1	9	-0.443	-4.0	6	-0.452	3	-0.425	19	-0.329
vwap-points-percent-ticks-strategy/family3	5m	2	1	0.288	0.3	1	0.288	0	0.000	11	-0.434
vwap-stdev-bands-reversal-strategy/family3	5m	1	4	-0.077	-0.3	1	0.207	3	-0.172	9	-0.375
bollinger-squeeze-breakout-volume/family3	5m	1	1	0.175	0.2	0	0.000	1	0.175	1	0.175
blueprint-vol/family3	5m	1	0	0.000	0.0	0	0.000	0	0.000	1	1.720
mcginley-t3-flow-campaign-nick789-v-1/family3	5m	1	2	-0.062	-0.1	1	0.786	1	-0.909	3	0.398
reverse-bb-kc/family3	5m	1	0	0.000	0.0	0	0.000	0	0.000	2	-0.076
initial-balance-bo-strategy/family3	5m	1	0	0.000	0.0	0	0.000	0	0.000	0	0.000
tomukas-daily-scale-in/family3	5m	1	0	0.000	0.0	0	0.000	0	0.000	1	0.756
trend-persistence-analysis-framework/family3	5m	2	1	0.708	0.7	1	0.708	0	0.000	10	0.093
10-tech-indexes-score-system/family3	5m	2	0	0.000	0.0	0	0.000	0	0.000	4	0.607
ewo-rsi-advanced-signals-strategy-exhaustion-filter/family3	5m	1	2	-0.350	-0.7	0	0.000	2	-0.350	8	-0.507
high-activity-penny-stock-strategy-v6/family3	5m	2	0	0.000	0.0	0	0.000	0	0.000	2	-0.316
scam-or-slam-day-trading-rauf-strategy/family3	5m	1	1	-0.907	-0.9	0	0.000	1	-0.907	2	-0.908
kaufman-moving-average-adaptive-strategy-by-mkb/family3	5m	1	2	-0.955	-1.9	2	-0.955	0	0.000	3	-0.560
ac20-55emagdcrosstest/family3	5m	1	3	-0.522	-1.6	3	-0.522	0	0.000	4	-0.474
clean-trend-system-htf-bias-filtered/family3	5m	2	0	0.000	0.0	0	0.000	0	0.000	1	-1.000
bollinger-bands-simple-strategy/family3	5m	1	1	-0.910	-0.9	0	0.000	1	-0.910	5	-0.193
bb-kc-squeeze-breakout/family3	5m	2	0	0.000	0.0	0	0.000	0	0.000	2	-0.369
adaptive-dual-engine-strategy-momentum-mean-reversion/family3	5m	1	7	-0.160	-1.1	4	-0.280	3	0.001	8	-0.276
nasrul-fib-sr-m5/family3	5m	1	2	-0.373	-0.7	2	-0.373	0	0.000	4	-0.224
estrategia-dpo-artedejubilarte/family3	5m	1	3	0.423	1.3	3	0.423	0	0.000	5	-0.176
volatility-surge-strategy/family3	5m	1	1	0.180	0.2	0	0.000	1	0.180	4	-0.315
9-21ema-anji/family3	5m	1	0	0.000	0.0	0	0.000	0	0.000	0	0.000
yuri-garcia-narrow-state-strategy-ygils/family3	5m	2	3	0.585	1.8	3	0.585	0	0.000	5	0.846
master-structural-engine/family3	5m	1	1	0.723	0.7	1	0.723	0	0.000	1	0.723
supertrend-bb-strategy/family3	5m	2	2	0.506	1.0	2	0.506	0	0.000	2	0.506
engulfing-mitigation-strategy/family3	5m	1	6	-0.241	-1.4	3	-0.050	3	-0.433	12	-0.067
trend-pivot-scale-in/family3	5m	2	0	0.000	0.0	0	0.000	0	0.000	2	-0.413
vumanchu-wt-zero-cross-strategy-v1-2-3/family3	5m	1	1	0.723	0.7	1	0.723	0	0.000	3	-0.131
vumanchu-wt-zero-cross-strategy-v1-2-2/family3	5m	1	2	-0.139	-0.3	2	-0.139	0	0.000	4	-0.175
bb-macd-v6-1-5-qing-smart-distribution/family3	5m	2	0	0.000	0.0	0	0.000	0	0.000	2	-0.356
vishall-ema-9-20-50-200-dmi-adx-strategy/family3	5m	1	2	-0.413	-0.8	1	-1.000	1	0.175	2	-0.413
nifty-supertrend-ce-strategy-alice-blue/family3	5m	2	1	0.288	0.3	1	0.288	0	0.000	1	0.288
velocity-breakout-strategy-vbs/family3	5m	1	3	-0.513	-1.5	3	-0.513	0	0.000	3	-0.513
craty-evaluation-account-level-e8-live-execution-setup/family3	5m	1	1	0.175	0.2	0	0.000	1	0.175	2	-0.366
ultimate-pattern-engine-ema-stochastic-by-rony/family3	5m	2	2	-0.327	-0.7	2	-0.327	0	0.000	23	-0.168
fair-value-gap-continuation-framework/family3	5m	2	2	0.499	1.0	2	0.499	0	0.000	11	-0.090
surgical-sweep-original-restored/family3	5m	1	0	0.000	0.0	0	0.000	0	0.000	1	0.756
qqe-channel-strategy/family3	5m	1	6	-0.194	-1.2	5	-0.051	1	-0.907	7	-0.282
orb-fib-breakout-signals-strategy/family3	5m	1	1	-0.907	-0.9	0	0.000	1	-0.907	1	-0.907
ut-bot-v2-atr-trailing-stop/family3	5m	1	8	-0.135	-1.1	6	-0.243	2	0.190	17	-0.291
sma-4-sma-30/family3	5m	1	4	-0.506	-2.0	3	-0.373	1	-0.907	5	-0.442
egan-s-pure-structure-s-d-strategy-backtest/family3	5m	2	1	0.723	0.7	1	0.723	0	0.000	15	-0.080
institutional-ob-entry-exit-sl-strategy/family3	5m	1	0	0.000	0.0	0	0.000	0	0.000	1	-0.906
supertrend-strategy/family3	5m	1	3	0.035	0.1	2	0.506	1	-0.907	3	0.035
alphamojo-supertrend-strategy-ha-with-buffer/family3	5m	1	1	-0.930	-0.9	1	-0.930	0	0.000	1	-0.930
macd-crossover-strategy/family3	5m	1	5	-0.732	-3.7	2	-0.964	3	-0.577	9	-0.599
smart-trend-strategy-julzalgo/family3	5m	2	1	0.723	0.7	1	0.723	0	0.000	1	0.723
expma-analysis/family3	5m	1	2	-0.911	-1.8	1	-0.915	1	-0.908	2	-0.911
scalping-london-new-york-strategy/family3	5m	1	8	-0.066	-0.5	3	-0.178	5	0.002	10	-0.028
serhan1-wma-rsi-trailing-scalp-date-filter/family3	5m	1	4	-0.193	-0.8	3	0.045	1	-0.907	6	-0.480
market-breadth-trend-strategy/family3	5m	2	2	0.499	1.0	2	0.499	0	0.000	10	0.011
serhan-1-wma-adx-trailing-date-filter/family3	5m	1	0	0.000	0.0	0	0.000	0	0.000	0	0.000
twe-2-bar-break-strategy/family3	5m	1	15	-0.392	-5.9	10	-0.242	5	-0.692	20	-0.186
15m-nifty-multi-day-swing-target-engine-v1-0/family3	5m	1	2	-0.348	-0.7	0	0.000	2	-0.348	3	-0.534
double-tap/family3	5m	1	2	-0.085	-0.2	1	0.737	1	-0.907	4	-0.520
tjr-v4-strategy/family3	5m	1	0	0.000	0.0	0	0.000	0	0.000	3	-0.350
manoj-betrayed-me/family3	5m	2	0	0.000	0.0	0	0.000	0	0.000	12	-0.123
btcusd-4h-ema-swing-strategy/family3	5m	1	3	-0.916	-2.7	2	-0.920	1	-0.907	4	-0.839
ahlenaz/family3	5m	2	1	0.723	0.7	1	0.723	0	0.000	6	-0.199
simple-breakout-strategy-santana/family3	5m	1	3	-0.414	-1.2	2	-0.166	1	-0.909	3	-0.540
ema-40-pullback-pyramid-strategy/family3	5m	1	5	-0.424	-2.1	5	-0.424	0	0.000	8	-0.191
nse-elite-strategy-v6-full-system/family3	5m	1	0	0.000	0.0	0	0.000	0	0.000	1	1.654
xauusd-rsi-long-short-backtest/family3	5m	1	5	-0.395	-2.0	0	0.000	5	-0.395	12	-0.335
fair-value-gap-strategy/family3	5m	2	1	0.723	0.7	1	0.723	0	0.000	16	-0.439
ll-momentum-and-curl-master/family3	5m	2	1	-0.930	-0.9	1	-0.930	0	0.000	5	-0.166
katana-v5-pro-fvg-50-model/family3	5m	2	0	0.000	0.0	0	0.000	0	0.000	4	-0.252
quanloki-qqe-system-opposite-signal-only-points/family3	5m	2	0	0.000	0.0	0	0.000	0	0.000	5	-0.484
silver-surfer/family3	5m	1	9	-0.628	-5.7	6	-0.674	3	-0.537	15	-0.407
adaptive-multi-factor-v1-update-9-years/family3	5m	1	8	-0.681	-5.4	7	-0.648	1	-0.907	11	-0.614
ema-9-vwap-strategy-with-atr-trailing-stop-win-the-trade/family3	5m	2	2	0.506	1.0	2	0.506	0	0.000	9	-0.361
atm-adaptive-zone-momentum-scalper-1h/family3	5m	2	2	0.668	1.3	2	0.668	0	0.000	32	-0.164
adaptive-multi-facto-9-years/family3	5m	1	6	-0.644	-3.9	5	-0.591	1	-0.907	8	-0.641
fast-scalper-with-stops-tv-strategies/family3	5m	1	5	-0.351	-1.8	4	-0.211	1	-0.907	7	-0.382
fast-scalper-with-stops/family3	5m	1	5	-0.351	-1.8	4	-0.211	1	-0.907	7	-0.382
fast-scalper-with-stops-tv-strategies-cg3o8g9a/family3	5m	1	1	0.207	0.2	1	0.207	0	0.000	3	0.660
fast-scalper-with-stops-tv-strategies-mcwal9oa/family3	5m	1	5	-0.351	-1.8	4	-0.211	1	-0.907	7	-0.382
sttrend-tp-lock-added/family3	5m	1	2	-0.092	-0.2	1	0.723	1	-0.907	2	-0.092
atm/family3	5m	2	2	0.668	1.3	2	0.668	0	0.000	32	-0.164
9-ema-20-ema-retest-strategy/family3	5m	1	0	0.000	0.0	0	0.000	0	0.000	1	-0.913
clean-vwap-zl-scalper-single-trigger-by-david/family3	5m	2	2	0.506	1.0	2	0.506	0	0.000	10	-0.299
clean-vwap-zl-scalper-single-trigger-by-sandip/family3	5m	2	2	0.506	1.0	2	0.506	0	0.000	10	-0.299
spike-ea-trade-strategy/family3	5m	2	2	-0.327	-0.7	2	-0.327	0	0.000	41	-0.172
good-luck/family3	5m	2	1	0.251	0.3	1	0.251	0	0.000	2	-0.339
nasdaq-oro-bruto-24h-mejorada/family3	5m	2	1	0.723	0.7	1	0.723	0	0.000	7	-0.278
nasdaq-nq-24h-mejorada/family3	5m	2	1	0.723	0.7	1	0.723	0	0.000	7	-0.278
zr-grizzly/family3	5m	2	0	0.000	0.0	0	0.000	0	0.000	5	-0.336
concordance-execution-model/family3	5m	2	1	0.723	0.7	1	0.723	0	0.000	5	0.084
frosty-alerts/family3	5m	1	21	-0.143	-3.0	10	-0.041	11	-0.236	144	-0.169
caldera-meridian-strategy/family3	5m	2	2	-0.327	-0.7	2	-0.327	0	0.000	3	-0.036
enso-usdt-12h-trend-pullback-sniper/family3	5m	1	1	0.204	0.2	1	0.204	0	0.000	1	0.204
sebbiottino-trailing-stop-so-good-ger40-1m/family3	5m	2	0	0.000	0.0	0	0.000	0	0.000	8	-0.465
ut-bot-shah-200-50-ema/family3	5m	2	0	0.000	0.0	0	0.000	0	0.000	2	-0.362
my-strategy-9/family3	5m	1	3	-0.414	-1.2	2	-0.166	1	-0.909	3	-0.540
regime-execution-strategy/family3	5m	2	2	0.506	1.0	2	0.506	0	0.000	6	-0.444
gold-ai-strategy-v2-0/family3	5m	1	4	-0.347	-1.4	2	-0.327	2	-0.366	4	-0.347
zeta9-v6/family3	5m	1	5	-0.480	-2.4	2	-0.375	3	-0.550	9	-0.334
btc-averages-strategy-long-short/family3	5m	1	3	-0.504	-1.5	2	-0.302	1	-0.907	6	-0.731
20-200-sma-strategy/family3	5m	2	2	0.522	1.0	2	0.522	0	0.000	9	-0.280
ultimate-smc-emas-day-trading-strategy/family3	5m	1	0	0.000	0.0	0	0.000	0	0.000	0	0.000
liquidity-entry-zones-strategy-2-0/family3	5m	2	0	0.000	0.0	0	0.000	0	0.000	8	-0.266
concordance-allocation-strategy/family3	5m	1	1	0.276	0.3	1	0.276	0	0.000	4	0.044
amit-eth-strategy/family3	5m	1	2	-0.366	-0.7	0	0.000	2	-0.366	4	-0.356
amit-eth-strategy-tv-strategies/family3	5m	1	2	-0.366	-0.7	0	0.000	2	-0.366	4	-0.356
moja-strategia-harami-bb/family3	5m	1	1	0.180	0.2	0	0.000	1	0.180	4	-0.342
moja-strategia-harami-bb-tv-strategies/family3	5m	1	1	0.180	0.2	0	0.000	1	0.180	4	-0.342
silverstream-v2/family3	5m	2	1	0.276	0.3	1	0.276	0	0.000	12	-0.058
mgc-wyckoff-second-breakout-v3-candle-rr/family3	5m	2	1	0.723	0.7	1	0.723	0	0.000	5	-0.023
5m-sol-scalper-ha-lorentzian/family3	5m	1	2	-0.964	-1.9	2	-0.964	0	0.000	3	-0.948
super-rsi-strategy/family3	5m	2	3	0.429	1.3	3	0.429	0	0.000	19	-0.064
concord-execution-mandate/family3	5m	1	5	-0.623	-3.1	4	-0.551	1	-0.907	10	-0.622
super-rsi-strategy-tv-strategies/family3	5m	2	3	0.429	1.3	3	0.429	0	0.000	19	-0.064
super-rsi-strategy-tv-strategies-nng1sppd/family3	5m	2	3	0.429	1.3	3	0.429	0	0.000	19	-0.064
sma-strategy/family3	5m	2	1	0.587	0.6	1	0.587	0	0.000	14	-0.484
box-breakout-strategy-dt4b-trader/family3	5m	2	1	0.723	0.7	1	0.723	0	0.000	8	-0.093
bollinger-bands-rsi-live-radar-strategy/family3	5m	1	0	0.000	0.0	0	0.000	0	0.000	0	0.000
parallax-covenant-strategy/family3	5m	1	7	-0.277	-1.9	6	-0.171	1	-0.908	10	-0.272
ttm-momentum-histo-9-ema-21-ema-debit-spread-script/family3	5m	1	3	-0.414	-1.2	2	-0.166	1	-0.909	3	-0.540
beginner-trend-risk-model-ema-rsi/family3	5m	1	8	-0.570	-4.6	3	-0.378	5	-0.685	15	-0.574
rr-master-lc/family3	5m	1	0	0.000	0.0	0	0.000	0	0.000	0	0.000
option-selling/family3	5m	1	1	-0.907	-0.9	0	0.000	1	-0.907	1	-0.907
index-option-selling/family3	5m	1	1	-0.907	-0.9	0	0.000	1	-0.907	1	-0.907
decoded-volatility-expansion/family3	5m	2	1	0.288	0.3	1	0.288	0	0.000	2	1.004
ai-triple-confirmation-strategy/family3	5m	2	1	0.723	0.7	1	0.723	0	0.000	6	-0.174
option-point/family3	5m	1	1	-0.907	-0.9	0	0.000	1	-0.907	1	-0.907
simple-smart-buy-sell-strategy/family3	5m	2	1	0.257	0.3	1	0.257	0	0.000	6	-0.498
albtrader-nq-beast-supertrend-macd-rsi/family3	5m	1	2	-0.366	-0.7	0	0.000	2	-0.366	4	-0.356
options-momentum-bias-strategy-v2/family3	5m	1	2	0.233	0.5	1	0.198	1	0.269	4	-0.361
ema-dmi-macd-rsi-strategy/family3	5m	1	2	-0.327	-0.7	2	-0.327	0	0.000	4	0.039
take-liquidity-multi-time-frame-tradesystem/family3	5m	1	1	-0.908	-0.9	0	0.000	1	-0.908	1	-0.908
strategy-461-ts-m15/family3	5m	2	1	0.655	0.7	1	0.655	0	0.000	5	-0.148
autotrade-bot-v12/family3	5m	1	0	0.000	0.0	0	0.000	0	0.000	0	0.000
lvn-rejection-acceptance-strategy/family3	5m	1	4	-0.336	-1.3	2	0.237	2	-0.909	8	-0.306
adaptive-s-r-reversal-rsi-divergence-dca-be-stop-5m/family3	5m	1	1	-0.915	-0.9	1	-0.915	0	0.000	1	-0.915
nq-scalp-fix-signals/family3	5m	2	1	0.758	0.8	1	0.758	0	0.000	6	-0.452
albtrader-nq-btc-gold-multi-tf-signal-bot-v2/family3	5m	1	0	0.000	0.0	0	0.000	0	0.000	0	0.000
ema-crossx/family3	5m	1	1	-0.912	-0.9	1	-0.912	0	0.000	3	-0.431
scalping-reversal-strategy/family3	5m	1	2	0.243	0.5	2	0.243	0	0.000	8	-0.495
strategy-432-btc-donchian-breakout-continuation/family3	5m	1	3	-0.909	-2.7	1	-0.910	2	-0.909	4	-0.252
scalping-ichimoku/family3	5m	1	3	-0.452	-1.4	3	-0.452	0	0.000	4	-0.589
strategy-250-xauusd-composite-quality-score/family3	5m	1	2	0.460	0.9	1	0.744	1	0.176	3	0.005
scalping-entry-exit-indicator-by-diget/family3	5m	1	10	-0.327	-3.3	7	-0.415	3	-0.124	21	-0.256
scalper-s-moving-average-dyna/family3	5m	1	4	-0.642	-2.6	2	-0.965	2	-0.320	5	-0.695
9-15-ema-scalper/family3	5m	2	1	0.257	0.3	1	0.257	0	0.000	4	-0.345
parabolic-sar-heikin-ashi-mtf-candle-scalper/family3	5m	1	3	-0.535	-1.6	0	0.000	3	-0.535	24	-0.249
scalpers-macd-vwap-filter/family3	5m	1	5	-0.346	-1.7	4	-0.206	1	-0.907	7	-0.346
swing-failure-pattern-sfp-engine-agpro-series/family3	5m	1	2	-0.300	-0.6	2	-0.300	0	0.000	3	-0.018
swing-reversal-auto-targets-jpt-module-1/family3	5m	2	2	0.499	1.0	2	0.499	0	0.000	12	-0.013
swing-gradient-tpos-boswaves/family3	5m	2	1	-0.930	-0.9	1	-0.930	0	0.000	7	-0.094
ms-hypersupertrend/family3	5m	1	1	-0.910	-0.9	1	-0.910	0	0.000	1	-0.910
fast-v-slow-moving-averages-strategy-variable-divonn1994/family3	5m	1	2	-0.303	-0.6	2	-0.303	0	0.000	2	-0.337
contrarian-scalping-counter-trend-bb-envelope-adx-and-stochastic/family3	5m	2	3	0.429	1.3	3	0.429	0	0.000	230	-0.122
god-of-scalping-btc/family3	5m	1	4	-0.337	-1.3	3	-0.147	1	-0.909	7	-0.286
clean-multi-indicator-alignment-system/family3	5m	2	1	0.288	0.3	1	0.288	0	0.000	3	-0.515
market-direction-strength-mds/family3	5m	2	1	0.276	0.3	1	0.276	0	0.000	7	-0.052
concordance-strategy/family3	5m	1	0	0.000	0.0	0	0.000	0	0.000	0	0.000
consensus/family5	5m	3	5	-0.947	-4.7	3	-0.971	2	-0.910		
consensus/family5	5m	4	2	-0.171	-0.3	2	-0.171	0	0.000		
consensus/family5	5m	5	2	-0.171	-0.3	2	-0.171	0	0.000		
pulse-trend-radar/family5	5m	1	3	-0.395	-1.2	2	-0.139	1	-0.908	3	-0.395
breakout-pattern-setup/family5	5m	1	0	0.000	0.0	0	0.000	0	0.000	0	0.000
stealthtrail-supertrend/family5	5m	1	0	0.000	0.0	0	0.000	0	0.000	0	0.000
dynamic-trend-bands-anchored-vwap-signals/family5	5m	1	1	-0.931	-0.9	1	-0.931	0	0.000	1	-0.931
kinetic-momentum-vectors/family5	5m	1	3	-0.039	-0.1	1	-0.930	2	0.407	3	-0.039
elliott-wave/family5	5m	1	0	0.000	0.0	0	0.000	0	0.000	0	0.000
swing-volume-profile-pro/family5	5m	1	3	-0.025	-0.1	3	-0.025	0	0.000	3	-0.159
pivot-channel-breaks/family5	5m	1	1	-1.000	-1.0	1	-1.000	0	0.000	1	-1.000
triangular-hull-moving-average-volatility/family5	5m	1	2	-0.341	-0.7	2	-0.341	0	0.000	2	-0.341
smart-money-breakout-signals/family5	5m	1	2	-0.918	-1.8	1	-0.930	1	-0.906	2	-0.918
stealthtrail-supertrend-ml-pro/family5	5m	2	1	0.288	0.3	1	0.288	0	0.000	1	0.288
smart-swing-vwap-zeiierman/family5	5m	1	1	-0.915	-0.9	1	-0.915	0	0.000	1	-0.915
supertrend-cluster-zeiierman/family5	5m	1	2	-0.965	-1.9	2	-0.965	0	0.000	2	-0.965
bollinger-bands-forecast-with-signals-zeiierman/family5	5m	1	0	0.000	0.0	0	0.000	0	0.000	0	0.000
market-memory-average-zeiierman/family5	5m	1	1	0.758	0.8	1	0.758	0	0.000	2	0.503
anchored-value-distribution-oscillator-zeiierman/family5	5m	2	14	-0.238	-3.3	9	-0.178	5	-0.347	33	-0.166
volume-supertrend-ai-expo/family5	5m	1	2	0.807	1.6	1	0.275	1	1.339	3	0.621
ai-predictive-flow-zeiierman/family5	5m	1	7	-0.160	-1.1	5	-0.308	2	0.212	13	-0.136
momentum-sequence-strategy/family5	5m	1	1	1.720	1.7	0	0.000	1	1.720	1	1.720
trend-survival-matrix/family5	5m	1	4	-0.840	-3.4	4	-0.840	0	0.000	4	-0.840
smart-flow-imbalance/family5	5m	4	0	0.000	0.0	0	0.000	0	0.000	3	-0.364
ema-trend-pro/family5	5m	1	4	-0.840	-3.4	4	-0.840	0	0.000	4	-0.840
ema-trend-signals/family5	5m	1	4	-0.840	-3.4	4	-0.840	0	0.000	4	-0.840
trend-pullback-guard/family5	5m	4	0	0.000	0.0	0	0.000	0	0.000	3	-0.387
adaptive-atr-extension-scanner/family5	5m	4	0	0.000	0.0	0	0.000	0	0.000	3	0.885
rsi-market-regime/family5	5m	1	4	-0.613	-2.5	4	-0.613	0	0.000	4	-0.613
fia-trend-momentum-10-20-50/family5	5m	2	4	-0.281	-1.1	3	-0.433	1	0.175	6	-0.460
machine-learning-rsi-ai-classification-ranking-zeiierman/family5	5m	2	0	0.000	0.0	0	0.000	0	0.000	1	-1.000
swing-multi-moving-averages-crypto-and-stocks-strategy/family5	5m	4	0	0.000	0.0	0	0.000	0	0.000	16	0.209
weekend-hunter-ultimate-v6-2/family5	5m	1	0	0.000	0.0	0	0.000	0	0.000	0	0.000
williams-r-zone-scalper-v1-0-bullbyte/family5	5m	1	1	0.755	0.8	1	0.755	0	0.000	1	0.306
macd-pullback-sniper-trend-adx-filtered-strategy/family5	5m	1	0	0.000	0.0	0	0.000	0	0.000	0	0.000
pro-scalper-ai-bullbyte/family5	5m	1	17	-0.106	-1.8	8	-0.077	9	-0.131	20	-0.096
golden-trident-swing-anchored-vwap-trend-system/family5	5m	1	1	-0.912	-0.9	1	-0.912	0	0.000	1	-0.912
ema-pullback-trend-continuation-strategy-with-volume-and-momentu/family5	5m	2	2	-0.092	-0.2	1	0.723	1	-0.907	3	-0.370
execution-aware-trend/family5	5m	4	1	-0.930	-0.9	1	-0.930	0	0.000	3	-0.364
coil-breaker-rsi-range-compression/family5	5m	1	0	0.000	0.0	0	0.000	0	0.000	0	0.000
dnse-vn301-sma-34-89-dual-slope-strategy/family5	5m	1	7	-0.001	-0.0	2	0.467	5	-0.189	7	-0.001
stacklight-mtf-mtf-momentum-stack-stochastic-confluence/family5	5m	1	3	0.354	1.1	2	-0.127	1	1.318	3	0.354
bist30-to-sp-500-atr-momentum-rider/family5	5m	2	0	0.000	0.0	0	0.000	0	0.000	2	-0.343
elite-hybrid-orb/family5	5m	1	4	-0.907	-3.6	0	0.000	4	-0.907	4	-0.907
tradleware-dca/family5	5m	1	1	0.273	0.3	1	0.273	0	0.000	2	-0.364
ultimate-prop-firm/family5	5m	1	0	0.000	0.0	0	0.000	0	0.000	1	0.559
pg-mcx-silver-long-v6-mtf-momentum-profit-trailing/family5	5m	4	0	0.000	0.0	0	0.000	0	0.000	10	0.194
cloud-pro-ichimoku-confluence/family5	5m	1	5	-0.722	-3.6	4	-0.946	1	0.175	6	-0.591
nnfx-btc-ssl-qqe-signalforge/family5	5m	1	4	-0.515	-2.1	4	-0.515	0	0.000	6	-0.651
ema-25-68-bist30-futures/family5	5m	1	7	-0.835	-5.8	7	-0.835	0	0.000	8	-0.694
hyperliquid-ready-webhook-strategy-template/family5	5m	1	5	-0.617	-3.1	5	-0.617	0	0.000	5	-0.617
trend-efficiency-framework/family5	5m	1	2	0.959	1.9	1	0.198	1	1.720	2	0.959
webhook-alert-strategy-template/family5	5m	1	4	-0.473	-1.9	4	-0.473	0	0.000	4	-0.473
fractal-memory-strategy/family5	5m	1	0	0.000	0.0	0	0.000	0	0.000	0	0.000
adaptive-atr-scalper-instant-lock-version/family5	5m	1	3	-0.373	-1.1	3	-0.373	0	0.000	3	-0.373
tp-sl-toolkit/family5	5m	2	2	-0.092	-0.2	1	0.723	1	-0.907	6	-0.534
btc-trend-momentum-strategy/family5	5m	1	1	-0.910	-0.9	1	-0.910	0	0.000	2	0.007
orb-pro-session-breakout-scalper/family5	5m	2	2	-0.075	-0.1	1	0.758	1	-0.907	7	-0.408
donchian-breakout-with-atr-trailing-stop-trend-following/family5	5m	4	0	0.000	0.0	0	0.000	0	0.000	4	0.022
super-trend-signal-engine-quantum-edge/family5	5m	1	2	-0.092	-0.2	1	0.723	1	-0.907	2	-0.092
dual-bollinger-band-cross-strategy-v6/family5	5m	4	0	0.000	0.0	0	0.000	0	0.000	4	-0.956
optimized-doji-breakout-strategy-short-only-v6/family5	5m	1	1	-0.907	-0.9	0	0.000	1	-0.907	4	-0.954
smoothed-heiken-ashi-strategy-v1/family5	5m	1	4	-0.618	-2.5	3	-0.521	1	-0.909	4	-0.618
xau-clear-ema-atr-strategy-tp-sl-voice-v6-clean-tp/family5	5m	1	3	-0.160	-0.5	3	-0.160	0	0.000	3	-0.160
xau-clear-ema-atr-strategy-tp-sl-voice-v6/family5	5m	1	3	-0.160	-0.5	3	-0.160	0	0.000	3	-0.160
bps-v17-strong-trend-filter/family5	5m	2	0	0.000	0.0	0	0.000	0	0.000	0	0.000
bps-v17-strong-trend-filter-tv-strategies/family5	5m	2	0	0.000	0.0	0	0.000	0	0.000	0	0.000
apex-fusion-ai-smart-trend-engine/family5	5m	4	1	-0.930	-0.9	1	-0.930	0	0.000	9	-0.122
btc-8am-pattern-breakout-instant-entry/family5	5m	1	1	-0.912	-0.9	1	-0.912	0	0.000	1	-0.912
smc-clean-4h-zones-center-labels-hh-hl-ll-lh/family5	5m	1	11	-0.559	-6.1	6	-0.452	5	-0.687	19	-0.329
vwap-points-percent-ticks-strategy/family5	5m	4	0	0.000	0.0	0	0.000	0	0.000	11	-0.434
vwap-stdev-bands-reversal-strategy/family5	5m	1	0	0.000	0.0	0	0.000	0	0.000	9	-0.375
bollinger-squeeze-breakout-volume/family5	5m	1	1	0.175	0.2	0	0.000	1	0.175	1	0.175
blueprint-vol/family5	5m	1	1	1.720	1.7	0	0.000	1	1.720	1	1.720
mcginley-t3-flow-campaign-nick789-v-1/family5	5m	1	3	0.398	1.2	1	0.786	2	0.204	3	0.398
reverse-bb-kc/family5	5m	1	0	0.000	0.0	0	0.000	0	0.000	2	-0.076
initial-balance-bo-strategy/family5	5m	1	0	0.000	0.0	0	0.000	0	0.000	0	0.000
tomukas-daily-scale-in/family5	5m	1	0	0.000	0.0	0	0.000	0	0.000	1	0.756
trend-persistence-analysis-framework/family5	5m	4	0	0.000	0.0	0	0.000	0	0.000	10	0.093
10-tech-indexes-score-system/family5	5m	4	0	0.000	0.0	0	0.000	0	0.000	4	0.607
high-activity-penny-stock-strategy-v6/family5	5m	1	0	0.000	0.0	0	0.000	0	0.000	2	-0.316
scam-or-slam-day-trading-rauf-strategy/family5	5m	1	1	-0.907	-0.9	0	0.000	1	-0.907	2	-0.908
kaufman-moving-average-adaptive-strategy-by-mkb/family5	5m	2	2	-0.955	-1.9	2	-0.955	0	0.000	3	-0.560
ac20-55emagdcrosstest/family5	5m	1	4	-0.474	-1.9	4	-0.474	0	0.000	4	-0.474
clean-trend-system-htf-bias-filtered/family5	5m	1	1	-1.000	-1.0	1	-1.000	0	0.000	1	-1.000
bollinger-bands-simple-strategy/family5	5m	1	0	0.000	0.0	0	0.000	0	0.000	5	-0.193
bb-kc-squeeze-breakout/family5	5m	4	0	0.000	0.0	0	0.000	0	0.000	2	-0.369
adaptive-dual-engine-strategy-momentum-mean-reversion/family5	5m	1	8	-0.276	-2.2	4	-0.280	4	-0.271	8	-0.276
nasrul-fib-sr-m5/family5	5m	2	1	0.183	0.2	1	0.183	0	0.000	4	-0.224
estrategia-dpo-artedejubilarte/family5	5m	1	4	-0.228	-0.9	4	-0.228	0	0.000	5	-0.176
volatility-surge-strategy/family5	5m	1	0	0.000	0.0	0	0.000	0	0.000	4	-0.315
9-21ema-anji/family5	5m	1	0	0.000	0.0	0	0.000	0	0.000	0	0.000
yuri-garcia-narrow-state-strategy-ygils/family5	5m	4	1	0.744	0.7	1	0.744	0	0.000	5	0.846
master-structural-engine/family5	5m	2	1	0.723	0.7	1	0.723	0	0.000	1	0.723
supertrend-bb-strategy/family5	5m	1	2	0.506	1.0	2	0.506	0	0.000	2	0.506
engulfing-mitigation-strategy/family5	5m	2	4	-0.287	-1.1	3	-0.050	1	-1.000	12	-0.067
trend-pivot-scale-in/family5	5m	4	0	0.000	0.0	0	0.000	0	0.000	2	-0.413
vumanchu-wt-zero-cross-strategy-v1-2-3/family5	5m	2	1	0.723	0.7	1	0.723	0	0.000	3	-0.131
vumanchu-wt-zero-cross-strategy-v1-2-2/family5	5m	2	1	0.723	0.7	1	0.723	0	0.000	4	-0.175
bb-macd-v6-1-5-qing-smart-distribution/family5	5m	4	0	0.000	0.0	0	0.000	0	0.000	2	-0.356
vishall-ema-9-20-50-200-dmi-adx-strategy/family5	5m	1	2	-0.413	-0.8	1	-1.000	1	0.175	2	-0.413
nifty-supertrend-ce-strategy-alice-blue/family5	5m	1	1	0.288	0.3	1	0.288	0	0.000	1	0.288
velocity-breakout-strategy-vbs/family5	5m	2	3	-0.513	-1.5	3	-0.513	0	0.000	3	-0.513
craty-evaluation-account-level-e8-live-execution-setup/family5	5m	1	2	-0.366	-0.7	0	0.000	2	-0.366	2	-0.366
ultimate-pattern-engine-ema-stochastic-by-rony/family5	5m	4	2	-0.171	-0.3	2	-0.171	0	0.000	23	-0.168
fair-value-gap-continuation-framework/family5	5m	4	0	0.000	0.0	0	0.000	0	0.000	11	-0.090
surgical-sweep-original-restored/family5	5m	1	0	0.000	0.0	0	0.000	0	0.000	1	0.756
qqe-channel-strategy/family5	5m	1	7	-0.461	-3.2	6	-0.387	1	-0.907	7	-0.282
orb-fib-breakout-signals-strategy/family5	5m	1	1	-0.907	-0.9	0	0.000	1	-0.907	1	-0.907
ut-bot-v2-atr-trailing-stop/family5	5m	2	4	0.048	0.2	4	0.048	0	0.000	17	-0.291
sma-4-sma-30/family5	5m	2	2	-0.092	-0.2	1	0.723	1	-0.907	5	-0.442
egan-s-pure-structure-s-d-strategy-backtest/family5	5m	4	0	0.000	0.0	0	0.000	0	0.000	15	-0.080
institutional-ob-entry-exit-sl-strategy/family5	5m	2	0	0.000	0.0	0	0.000	0	0.000	1	-0.906
supertrend-strategy/family5	5m	1	3	0.035	0.1	2	0.506	1	-0.907	3	0.035
alphamojo-supertrend-strategy-ha-with-buffer/family5	5m	1	1	-0.930	-0.9	1	-0.930	0	0.000	1	-0.930
macd-crossover-strategy/family5	5m	1	6	-0.443	-2.7	4	-0.481	2	-0.366	9	-0.599
smart-trend-strategy-julzalgo/family5	5m	4	0	0.000	0.0	0	0.000	0	0.000	1	0.723
expma-analysis/family5	5m	1	2	-0.911	-1.8	1	-0.915	1	-0.908	2	-0.911
scalping-london-new-york-strategy/family5	5m	2	8	-0.066	-0.5	3	-0.178	5	0.002	10	-0.028
serhan1-wma-rsi-trailing-scalp-date-filter/family5	5m	1	5	-0.591	-3.0	4	-0.511	1	-0.907	6	-0.480
market-breadth-trend-strategy/family5	5m	4	0	0.000	0.0	0	0.000	0	0.000	10	0.011
serhan-1-wma-adx-trailing-date-filter/family5	5m	1	0	0.000	0.0	0	0.000	0	0.000	0	0.000
twe-2-bar-break-strategy/family5	5m	1	18	-0.252	-4.5	11	-0.172	7	-0.378	20	-0.186
15m-nifty-multi-day-swing-target-engine-v1-0/family5	5m	1	2	-0.907	-1.8	0	0.000	2	-0.907	3	-0.534
double-tap/family5	5m	1	4	-0.520	-2.1	1	0.737	3	-0.939	4	-0.520
tjr-v4-strategy/family5	5m	2	0	0.000	0.0	0	0.000	0	0.000	3	-0.350
manoj-betrayed-me/family5	5m	4	0	0.000	0.0	0	0.000	0	0.000	12	-0.123
btcusd-4h-ema-swing-strategy/family5	5m	1	4	-0.839	-3.4	3	-0.816	1	-0.907	4	-0.839
ahlenaz/family5	5m	4	1	-0.930	-0.9	1	-0.930	0	0.000	6	-0.199
simple-breakout-strategy-santana/family5	5m	1	3	-0.414	-1.2	2	-0.166	1	-0.909	3	-0.540
ema-40-pullback-pyramid-strategy/family5	5m	2	2	-0.356	-0.7	2	-0.356	0	0.000	8	-0.191
nse-elite-strategy-v6-full-system/family5	5m	1	1	1.654	1.7	0	0.000	1	1.654	1	1.654
fair-value-gap-strategy/family5	5m	2	7	-0.702	-4.9	4	-0.547	3	-0.908	16	-0.439
ll-momentum-and-curl-master/family5	5m	4	1	-0.930	-0.9	1	-0.930	0	0.000	5	-0.166
katana-v5-pro-fvg-50-model/family5	5m	1	4	-0.252	-1.0	2	-0.911	2	0.406	4	-0.252
quanloki-qqe-system-opposite-signal-only-points/family5	5m	4	0	0.000	0.0	0	0.000	0	0.000	5	-0.484
silver-surfer/family5	5m	2	6	-0.667	-4.0	4	-0.547	2	-0.908	15	-0.407
adaptive-multi-factor-v1-update-9-years/family5	5m	1	10	-0.724	-7.2	8	-0.667	2	-0.954	11	-0.614
ema-9-vwap-strategy-with-atr-trailing-stop-win-the-trade/family5	5m	2	4	-0.226	-0.9	4	-0.226	0	0.000	9	-0.361
atm-adaptive-zone-momentum-scalper-1h/family5	5m	1	14	-0.157	-2.2	8	-0.203	6	-0.095	32	-0.164
adaptive-multi-facto-9-years/family5	5m	1	7	-0.695	-4.9	5	-0.591	2	-0.954	8	-0.641
fast-scalper-with-stops-tv-strategies/family5	5m	1	7	-0.349	-2.4	6	-0.256	1	-0.907	7	-0.382
fast-scalper-with-stops/family5	5m	1	7	-0.349	-2.4	6	-0.256	1	-0.907	7	-0.382
fast-scalper-with-stops-tv-strategies-cg3o8g9a/family5	5m	1	0	0.000	0.0	0	0.000	0	0.000	3	0.660
fast-scalper-with-stops-tv-strategies-mcwal9oa/family5	5m	1	7	-0.349	-2.4	6	-0.256	1	-0.907	7	-0.382
sttrend-tp-lock-added/family5	5m	1	2	-0.092	-0.2	1	0.723	1	-0.907	2	-0.092
atm/family5	5m	1	14	-0.157	-2.2	8	-0.203	6	-0.095	32	-0.164
9-ema-20-ema-retest-strategy/family5	5m	1	1	-0.913	-0.9	0	0.000	1	-0.913	1	-0.913
clean-vwap-zl-scalper-single-trigger-by-david/family5	5m	1	8	-0.433	-3.5	7	-0.365	1	-0.907	10	-0.299
clean-vwap-zl-scalper-single-trigger-by-sandip/family5	5m	1	8	-0.433	-3.5	7	-0.365	1	-0.907	10	-0.299
spike-ea-trade-strategy/family5	5m	2	13	-0.404	-5.3	8	-0.443	5	-0.343	41	-0.172
good-luck/family5	5m	2	1	0.251	0.3	1	0.251	0	0.000	2	-0.339
nasdaq-oro-bruto-24h-mejorada/family5	5m	4	1	-0.930	-0.9	1	-0.930	0	0.000	7	-0.278
nasdaq-nq-24h-mejorada/family5	5m	4	1	-0.930	-0.9	1	-0.930	0	0.000	7	-0.278
zr-grizzly/family5	5m	4	0	0.000	0.0	0	0.000	0	0.000	5	-0.336
concordance-execution-model/family5	5m	4	1	-0.930	-0.9	1	-0.930	0	0.000	5	0.084
frosty-alerts/family5	5m	1	19	-0.123	-2.3	10	-0.110	9	-0.138	144	-0.169
caldera-meridian-strategy/family5	5m	1	2	-0.327	-0.7	2	-0.327	0	0.000	3	-0.036
enso-usdt-12h-trend-pullback-sniper/family5	5m	1	1	0.204	0.2	1	0.204	0	0.000	1	0.204
sebbiottino-trailing-stop-so-good-ger40-1m/family5	5m	4	0	0.000	0.0	0	0.000	0	0.000	8	-0.465
ut-bot-shah-200-50-ema/family5	5m	4	0	0.000	0.0	0	0.000	0	0.000	2	-0.362
my-strategy-9/family5	5m	1	3	-0.414	-1.2	2	-0.166	1	-0.909	3	-0.540
regime-execution-strategy/family5	5m	1	6	-0.444	-2.7	4	-0.212	2	-0.908	6	-0.444
gold-ai-strategy-v2-0/family5	5m	1	4	-0.347	-1.4	2	-0.327	2	-0.366	4	-0.347
zeta9-v6/family5	5m	1	4	-0.376	-1.5	3	-0.559	1	0.175	9	-0.334
btc-averages-strategy-long-short/family5	5m	2	2	-0.919	-1.8	1	-0.930	1	-0.907	6	-0.731
20-200-sma-strategy/family5	5m	4	1	0.755	0.8	1	0.755	0	0.000	9	-0.280
ultimate-smc-emas-day-trading-strategy/family5	5m	1	0	0.000	0.0	0	0.000	0	0.000	0	0.000
liquidity-entry-zones-strategy-2-0/family5	5m	1	4	-0.632	-2.5	3	-0.509	1	-1.000	8	-0.266
concordance-allocation-strategy/family5	5m	1	3	-0.515	-1.5	2	-0.318	1	-0.909	4	0.044
amit-eth-strategy/family5	5m	1	4	-0.356	-1.4	2	-0.346	2	-0.366	4	-0.356
amit-eth-strategy-tv-strategies/family5	5m	1	4	-0.356	-1.4	2	-0.346	2	-0.366	4	-0.356
moja-strategia-harami-bb/family5	5m	1	0	0.000	0.0	0	0.000	0	0.000	4	-0.342
moja-strategia-harami-bb-tv-strategies/family5	5m	1	0	0.000	0.0	0	0.000	0	0.000	4	-0.342
silverstream-v2/family5	5m	4	1	0.278	0.3	1	0.278	0	0.000	12	-0.058
mgc-wyckoff-second-breakout-v3-candle-rr/family5	5m	4	1	-0.930	-0.9	1	-0.930	0	0.000	5	-0.023
5m-sol-scalper-ha-lorentzian/family5	5m	1	2	-0.964	-1.9	2	-0.964	0	0.000	3	-0.948
super-rsi-strategy/family5	5m	2	15	-0.167	-2.5	9	-0.178	6	-0.151	19	-0.064
concord-execution-mandate/family5	5m	1	7	-0.668	-4.7	5	-0.573	2	-0.907	10	-0.622
super-rsi-strategy-tv-strategies/family5	5m	2	15	-0.167	-2.5	9	-0.178	6	-0.151	19	-0.064
super-rsi-strategy-tv-strategies-nng1sppd/family5	5m	2	15	-0.167	-2.5	9	-0.178	6	-0.151	19	-0.064
sma-strategy/family5	5m	4	1	0.587	0.6	1	0.587	0	0.000	14	-0.484
box-breakout-strategy-dt4b-trader/family5	5m	4	1	-0.930	-0.9	1	-0.930	0	0.000	8	-0.093
bollinger-bands-rsi-live-radar-strategy/family5	5m	1	0	0.000	0.0	0	0.000	0	0.000	0	0.000
parallax-covenant-strategy/family5	5m	2	5	-0.057	-0.3	4	0.156	1	-0.908	10	-0.272
ttm-momentum-histo-9-ema-21-ema-debit-spread-script/family5	5m	1	3	-0.414	-1.2	2	-0.166	1	-0.909	3	-0.540
beginner-trend-risk-model-ema-rsi/family5	5m	2	2	-0.092	-0.2	1	0.723	1	-0.907	15	-0.574
rr-master-lc/family5	5m	1	0	0.000	0.0	0	0.000	0	0.000	0	0.000
option-selling/family5	5m	1	1	-0.907	-0.9	0	0.000	1	-0.907	1	-0.907
index-option-selling/family5	5m	1	1	-0.907	-0.9	0	0.000	1	-0.907	1	-0.907
decoded-volatility-expansion/family5	5m	2	1	0.288	0.3	1	0.288	0	0.000	2	1.004
ai-triple-confirmation-strategy/family5	5m	1	6	-0.174	-1.0	2	-0.094	4	-0.214	6	-0.174
option-point/family5	5m	1	1	-0.907	-0.9	0	0.000	1	-0.907	1	-0.907
simple-smart-buy-sell-strategy/family5	5m	4	1	0.755	0.8	1	0.755	0	0.000	6	-0.498
albtrader-nq-beast-supertrend-macd-rsi/family5	5m	2	2	-0.366	-0.7	0	0.000	2	-0.366	4	-0.356
options-momentum-bias-strategy-v2/family5	5m	1	4	-0.361	-1.4	1	0.198	3	-0.547	4	-0.361
ema-dmi-macd-rsi-strategy/family5	5m	1	4	0.039	0.2	2	-0.327	2	0.406	4	0.039
take-liquidity-multi-time-frame-tradesystem/family5	5m	1	1	-0.908	-0.9	0	0.000	1	-0.908	1	-0.908
strategy-461-ts-m15/family5	5m	4	1	0.655	0.7	1	0.655	0	0.000	5	-0.148
autotrade-bot-v12/family5	5m	2	0	0.000	0.0	0	0.000	0	0.000	0	0.000
lvn-rejection-acceptance-strategy/family5	5m	1	7	-0.219	-1.5	3	-0.176	4	-0.251	8	-0.306
adaptive-s-r-reversal-rsi-divergence-dca-be-stop-5m/family5	5m	1	1	-0.915	-0.9	1	-0.915	0	0.000	1	-0.915
nq-scalp-fix-signals/family5	5m	4	0	0.000	0.0	0	0.000	0	0.000	6	-0.452
albtrader-nq-btc-gold-multi-tf-signal-bot-v2/family5	5m	1	0	0.000	0.0	0	0.000	0	0.000	0	0.000
ema-crossx/family5	5m	1	3	-0.431	-1.3	3	-0.431	0	0.000	3	-0.431
scalping-reversal-strategy/family5	5m	1	1	0.315	0.3	1	0.315	0	0.000	8	-0.495
strategy-432-btc-donchian-breakout-continuation/family5	5m	1	4	-0.252	-1.0	1	-0.910	3	-0.033	4	-0.252
scalping-ichimoku/family5	5m	2	2	-0.398	-0.8	2	-0.398	0	0.000	4	-0.589
strategy-250-xauusd-composite-quality-score/family5	5m	1	3	0.005	0.0	1	0.744	2	-0.365	3	0.005
scalping-entry-exit-indicator-by-diget/family5	5m	2	7	-0.286	-2.0	6	-0.363	1	0.176	21	-0.256
scalper-s-moving-average-dyna/family5	5m	1	5	-0.695	-3.5	2	-0.965	3	-0.516	5	-0.695
9-15-ema-scalper/family5	5m	4	1	0.744	0.7	1	0.744	0	0.000	4	-0.345
parabolic-sar-heikin-ashi-mtf-candle-scalper/family5	5m	1	2	0.160	0.3	0	0.000	2	0.160	24	-0.249
scalpers-macd-vwap-filter/family5	5m	1	7	-0.346	-2.4	6	-0.253	1	-0.907	7	-0.346
swing-failure-pattern-sfp-engine-agpro-series/family5	5m	1	2	-0.300	-0.6	2	-0.300	0	0.000	3	-0.018
swing-reversal-auto-targets-jpt-module-1/family5	5m	4	1	-0.930	-0.9	1	-0.930	0	0.000	12	-0.013
swing-gradient-tpos-boswaves/family5	5m	4	1	-0.930	-0.9	1	-0.930	0	0.000	7	-0.094
ms-hypersupertrend/family5	5m	2	1	-0.910	-0.9	1	-0.910	0	0.000	1	-0.910
fast-v-slow-moving-averages-strategy-variable-divonn1994/family5	5m	1	1	-0.927	-0.9	1	-0.927	0	0.000	2	-0.337
contrarian-scalping-counter-trend-bb-envelope-adx-and-stochastic/family5	5m	2	15	-0.167	-2.5	9	-0.178	6	-0.151	230	-0.122
god-of-scalping-btc/family5	5m	1	5	-0.451	-2.3	3	-0.147	2	-0.908	7	-0.286
clean-multi-indicator-alignment-system/family5	5m	2	2	-0.310	-0.6	1	0.288	1	-0.909	3	-0.515
market-direction-strength-mds/family5	5m	4	0	0.000	0.0	0	0.000	0	0.000	7	-0.052
concordance-strategy/family5	5m	1	0	0.000	0.0	0	0.000	0	0.000	0	0.000
consensus/family7	5m	4	3	-0.419	-1.3	2	-0.171	1	-0.913		
consensus/family7	5m	5	3	-0.419	-1.3	2	-0.171	1	-0.913		
consensus/family7	5m	6	0	0.000	0.0	0	0.000	0	0.000		
consensus/family7	5m	7	0	0.000	0.0	0	0.000	0	0.000		
pulse-trend-radar/family7	5m	1	3	-0.395	-1.2	2	-0.139	1	-0.908	3	-0.395
breakout-pattern-setup/family7	5m	1	0	0.000	0.0	0	0.000	0	0.000	0	0.000
stealthtrail-supertrend/family7	5m	1	0	0.000	0.0	0	0.000	0	0.000	0	0.000
dynamic-trend-bands-anchored-vwap-signals/family7	5m	1	0	0.000	0.0	0	0.000	0	0.000	1	-0.931
kinetic-momentum-vectors/family7	5m	2	3	-0.039	-0.1	1	-0.930	2	0.407	3	-0.039
elliott-wave/family7	5m	1	0	0.000	0.0	0	0.000	0	0.000	0	0.000
swing-volume-profile-pro/family7	5m	1	3	0.071	0.2	3	0.071	0	0.000	3	-0.159
pivot-channel-breaks/family7	5m	2	0	0.000	0.0	0	0.000	0	0.000	1	-1.000
triangular-hull-moving-average-volatility/family7	5m	2	0	0.000	0.0	0	0.000	0	0.000	2	-0.341
smart-money-breakout-signals/family7	5m	1	2	-0.918	-1.8	1	-0.930	1	-0.906	2	-0.918
stealthtrail-supertrend-ml-pro/family7	5m	1	1	0.288	0.3	1	0.288	0	0.000	1	0.288
smart-swing-vwap-zeiierman/family7	5m	1	1	-0.915	-0.9	1	-0.915	0	0.000	1	-0.915
supertrend-cluster-zeiierman/family7	5m	2	1	-0.930	-0.9	1	-0.930	0	0.000	2	-0.965
bollinger-bands-forecast-with-signals-zeiierman/family7	5m	1	0	0.000	0.0	0	0.000	0	0.000	0	0.000
market-memory-average-zeiierman/family7	5m	4	0	0.000	0.0	0	0.000	0	0.000	2	0.503
anchored-value-distribution-oscillator-zeiierman/family7	5m	4	9	-0.128	-1.1	5	-0.064	4	-0.207	33	-0.166
volume-supertrend-ai-expo/family7	5m	4	0	0.000	0.0	0	0.000	0	0.000	3	0.621
ai-predictive-flow-zeiierman/family7	5m	1	8	-0.255	-2.0	6	-0.411	2	0.212	13	-0.136
momentum-sequence-strategy/family7	5m	1	1	1.720	1.7	0	0.000	1	1.720	1	1.720
trend-survival-matrix/family7	5m	4	1	-0.930	-0.9	1	-0.930	0	0.000	4	-0.840
smart-flow-imbalance/family7	5m	2	3	-0.364	-1.1	1	0.723	2	-0.907	3	-0.364
ema-trend-pro/family7	5m	1	4	-0.840	-3.4	4	-0.840	0	0.000	4	-0.840
ema-trend-signals/family7	5m	4	1	-0.930	-0.9	1	-0.930	0	0.000	4	-0.840
trend-pullback-guard/family7	5m	6	0	0.000	0.0	0	0.000	0	0.000	3	-0.387
adaptive-atr-extension-scanner/family7	5m	6	0	0.000	0.0	0	0.000	0	0.000	3	0.885
rsi-market-regime/family7	5m	4	2	-0.171	-0.3	2	-0.171	0	0.000	4	-0.613
fia-trend-momentum-10-20-50/family7	5m	4	2	0.381	0.8	1	0.587	1	0.175	6	-0.460
machine-learning-rsi-ai-classification-ranking-zeiierman/family7	5m	4	0	0.000	0.0	0	0.000	0	0.000	1	-1.000
swing-multi-moving-averages-crypto-and-stocks-strategy/family7	5m	6	0	0.000	0.0	0	0.000	0	0.000	16	0.209
weekend-hunter-ultimate-v6-2/family7	5m	1	0	0.000	0.0	0	0.000	0	0.000	0	0.000
williams-r-zone-scalper-v1-0-bullbyte/family7	5m	1	1	0.755	0.8	1	0.755	0	0.000	1	0.306
macd-pullback-sniper-trend-adx-filtered-strategy/family7	5m	1	0	0.000	0.0	0	0.000	0	0.000	0	0.000
pro-scalper-ai-bullbyte/family7	5m	4	10	-0.032	-0.3	5	-0.064	5	0.000	20	-0.096
golden-trident-swing-anchored-vwap-trend-system/family7	5m	2	0	0.000	0.0	0	0.000	0	0.000	1	-0.912
ema-pullback-trend-continuation-strategy-with-volume-and-momentu/family7	5m	1	3	-0.370	-1.1	2	-0.102	1	-0.907	3	-0.370
execution-aware-trend/family7	5m	1	3	-0.364	-1.1	1	0.723	2	-0.907	3	-0.364
coil-breaker-rsi-range-compression/family7	5m	1	0	0.000	0.0	0	0.000	0	0.000	0	0.000
dnse-vn301-sma-34-89-dual-slope-strategy/family7	5m	4	4	0.186	0.7	2	0.467	2	-0.096	7	-0.001
stacklight-mtf-mtf-momentum-stack-stochastic-confluence/family7	5m	1	3	0.354	1.1	2	-0.127	1	1.318	3	0.354
bist30-to-sp-500-atr-momentum-rider/family7	5m	2	0	0.000	0.0	0	0.000	0	0.000	2	-0.343
elite-hybrid-orb/family7	5m	1	4	-0.907	-3.6	0	0.000	4	-0.907	4	-0.907
tradleware-dca/family7	5m	1	1	0.273	0.3	1	0.273	0	0.000	2	-0.364
ultimate-prop-firm/family7	5m	1	0	0.000	0.0	0	0.000	0	0.000	1	0.559
pg-mcx-silver-long-v6-mtf-momentum-profit-trailing/family7	5m	6	0	0.000	0.0	0	0.000	0	0.000	10	0.194
cloud-pro-ichimoku-confluence/family7	5m	1	5	-0.722	-3.6	4	-0.946	1	0.175	6	-0.591
nnfx-btc-ssl-qqe-signalforge/family7	5m	1	4	-0.515	-2.1	4	-0.515	0	0.000	6	-0.651
ema-25-68-bist30-futures/family7	5m	4	1	-0.930	-0.9	1	-0.930	0	0.000	8	-0.694
hyperliquid-ready-webhook-strategy-template/family7	5m	4	1	-0.930	-0.9	1	-0.930	0	0.000	5	-0.617
trend-efficiency-framework/family7	5m	4	1	0.198	0.2	1	0.198	0	0.000	2	0.959
webhook-alert-strategy-template/family7	5m	4	0	0.000	0.0	0	0.000	0	0.000	4	-0.473
fractal-memory-strategy/family7	5m	1	0	0.000	0.0	0	0.000	0	0.000	0	0.000
adaptive-atr-scalper-instant-lock-version/family7	5m	1	1	0.723	0.7	1	0.723	0	0.000	3	-0.373
tp-sl-toolkit/family7	5m	2	3	-0.371	-1.1	2	-0.102	1	-0.907	6	-0.534
btc-trend-momentum-strategy/family7	5m	1	1	-0.910	-0.9	1	-0.910	0	0.000	2	0.007
orb-pro-session-breakout-scalper/family7	5m	2	3	-0.359	-1.1	2	-0.085	1	-0.907	7	-0.408
donchian-breakout-with-atr-trailing-stop-trend-following/family7	5m	4	3	-0.545	-1.6	1	0.183	2	-0.908	4	0.022
super-trend-signal-engine-quantum-edge/family7	5m	1	2	-0.092	-0.2	1	0.723	1	-0.907	2	-0.092
dual-bollinger-band-cross-strategy-v6/family7	5m	4	1	-0.910	-0.9	1	-0.910	0	0.000	4	-0.956
optimized-doji-breakout-strategy-short-only-v6/family7	5m	1	1	-0.907	-0.9	0	0.000	1	-0.907	4	-0.954
smoothed-heiken-ashi-strategy-v1/family7	5m	1	4	-0.618	-2.5	3	-0.521	1	-0.909	4	-0.618
xau-clear-ema-atr-strategy-tp-sl-voice-v6-clean-tp/family7	5m	4	1	0.204	0.2	1	0.204	0	0.000	3	-0.160
xau-clear-ema-atr-strategy-tp-sl-voice-v6/family7	5m	4	1	0.204	0.2	1	0.204	0	0.000	3	-0.160
bps-v17-strong-trend-filter/family7	5m	2	0	0.000	0.0	0	0.000	0	0.000	0	0.000
bps-v17-strong-trend-filter-tv-strategies/family7	5m	2	0	0.000	0.0	0	0.000	0	0.000	0	0.000
apex-fusion-ai-smart-trend-engine/family7	5m	6	0	0.000	0.0	0	0.000	0	0.000	9	-0.122
btc-8am-pattern-breakout-instant-entry/family7	5m	3	0	0.000	0.0	0	0.000	0	0.000	1	-0.912
smc-clean-4h-zones-center-labels-hh-hl-ll-lh/family7	5m	1	10	-0.646	-6.5	5	-0.606	5	-0.687	19	-0.329
vwap-points-percent-ticks-strategy/family7	5m	4	0	0.000	0.0	0	0.000	0	0.000	11	-0.434
bollinger-squeeze-breakout-volume/family7	5m	1	1	0.175	0.2	0	0.000	1	0.175	1	0.175
blueprint-vol/family7	5m	1	1	1.720	1.7	0	0.000	1	1.720	1	1.720
mcginley-t3-flow-campaign-nick789-v-1/family7	5m	4	2	-0.062	-0.1	1	0.786	1	-0.909	3	0.398
initial-balance-bo-strategy/family7	5m	4	0	0.000	0.0	0	0.000	0	0.000	0	0.000
tomukas-daily-scale-in/family7	5m	1	1	0.756	0.8	1	0.756	0	0.000	1	0.756
trend-persistence-analysis-framework/family7	5m	6	0	0.000	0.0	0	0.000	0	0.000	10	0.093
10-tech-indexes-score-system/family7	5m	6	0	0.000	0.0	0	0.000	0	0.000	4	0.607
high-activity-penny-stock-strategy-v6/family7	5m	4	0	0.000	0.0	0	0.000	0	0.000	2	-0.316
scam-or-slam-day-trading-rauf-strategy/family7	5m	1	1	-0.907	-0.9	0	0.000	1	-0.907	2	-0.908
kaufman-moving-average-adaptive-strategy-by-mkb/family7	5m	2	1	-0.910	-0.9	1	-0.910	0	0.000	3	-0.560
ac20-55emagdcrosstest/family7	5m	4	0	0.000	0.0	0	0.000	0	0.000	4	-0.474
clean-trend-system-htf-bias-filtered/family7	5m	4	0	0.000	0.0	0	0.000	0	0.000	1	-1.000
bollinger-bands-simple-strategy/family7	5m	1	1	0.756	0.8	1	0.756	0	0.000	5	-0.193
bb-kc-squeeze-breakout/family7	5m	4	1	0.175	0.2	0	0.000	1	0.175	2	-0.369
adaptive-dual-engine-strategy-momentum-mean-reversion/family7	5m	4	4	0.050	0.2	1	0.195	3	0.001	8	-0.276
nasrul-fib-sr-m5/family7	5m	4	1	0.183	0.2	1	0.183	0	0.000	4	-0.224
estrategia-dpo-artedejubilarte/family7	5m	1	5	-0.176	-0.9	5	-0.176	0	0.000	5	-0.176
volatility-surge-strategy/family7	5m	1	0	0.000	0.0	0	0.000	0	0.000	4	-0.315
9-21ema-anji/family7	5m	1	0	0.000	0.0	0	0.000	0	0.000	0	0.000
yuri-garcia-narrow-state-strategy-ygils/family7	5m	4	1	0.744	0.7	1	0.744	0	0.000	5	0.846
master-structural-engine/family7	5m	2	1	0.723	0.7	1	0.723	0	0.000	1	0.723
supertrend-bb-strategy/family7	5m	2	1	0.723	0.7	1	0.723	0	0.000	2	0.506
engulfing-mitigation-strategy/family7	5m	6	0	0.000	0.0	0	0.000	0	0.000	12	-0.067
trend-pivot-scale-in/family7	5m	6	0	0.000	0.0	0	0.000	0	0.000	2	-0.413
vumanchu-wt-zero-cross-strategy-v1-2-3/family7	5m	3	1	-0.930	-0.9	1	-0.930	0	0.000	3	-0.131
vumanchu-wt-zero-cross-strategy-v1-2-2/family7	5m	4	1	-0.930	-0.9	1	-0.930	0	0.000	4	-0.175
bb-macd-v6-1-5-qing-smart-distribution/family7	5m	4	0	0.000	0.0	0	0.000	0	0.000	2	-0.356
vishall-ema-9-20-50-200-dmi-adx-strategy/family7	5m	1	2	-0.413	-0.8	1	-1.000	1	0.175	2	-0.413
nifty-supertrend-ce-strategy-alice-blue/family7	5m	2	0	0.000	0.0	0	0.000	0	0.000	1	0.288
velocity-breakout-strategy-vbs/family7	5m	2	1	-0.912	-0.9	1	-0.912	0	0.000	3	-0.513
craty-evaluation-account-level-e8-live-execution-setup/family7	5m	1	2	-0.366	-0.7	0	0.000	2	-0.366	2	-0.366
ultimate-pattern-engine-ema-stochastic-by-rony/family7	5m	6	0	0.000	0.0	0	0.000	0	0.000	23	-0.168
fair-value-gap-continuation-framework/family7	5m	4	1	0.198	0.2	1	0.198	0	0.000	11	-0.090
surgical-sweep-original-restored/family7	5m	1	1	0.756	0.8	1	0.756	0	0.000	1	0.756
qqe-channel-strategy/family7	5m	1	7	-0.282	-2.0	6	-0.178	1	-0.907	7	-0.282
orb-fib-breakout-signals-strategy/family7	5m	2	1	-0.907	-0.9	0	0.000	1	-0.907	1	-0.907
ut-bot-v2-atr-trailing-stop/family7	5m	4	1	0.183	0.2	1	0.183	0	0.000	17	-0.291
sma-4-sma-30/family7	5m	2	2	-0.092	-0.2	1	0.723	1	-0.907	5	-0.442
egan-s-pure-structure-s-d-strategy-backtest/family7	5m	6	0	0.000	0.0	0	0.000	0	0.000	15	-0.080
institutional-ob-entry-exit-sl-strategy/family7	5m	4	0	0.000	0.0	0	0.000	0	0.000	1	-0.906
supertrend-strategy/family7	5m	1	3	0.035	0.1	2	0.506	1	-0.907	3	0.035
alphamojo-supertrend-strategy-ha-with-buffer/family7	5m	1	1	-0.930	-0.9	1	-0.930	0	0.000	1	-0.930
macd-crossover-strategy/family7	5m	1	5	-0.400	-2.0	3	-0.423	2	-0.366	9	-0.599
smart-trend-strategy-julzalgo/family7	5m	2	1	0.723	0.7	1	0.723	0	0.000	1	0.723
expma-analysis/family7	5m	1	2	-0.911	-1.8	1	-0.915	1	-0.908	2	-0.911
scalping-london-new-york-strategy/family7	5m	2	10	-0.028	-0.3	3	-0.178	7	0.036	10	-0.028
serhan1-wma-rsi-trailing-scalp-date-filter/family7	5m	2	2	-0.092	-0.2	1	0.723	1	-0.907	6	-0.480
market-breadth-trend-strategy/family7	5m	6	0	0.000	0.0	0	0.000	0	0.000	10	0.011
serhan-1-wma-adx-trailing-date-filter/family7	5m	1	0	0.000	0.0	0	0.000	0	0.000	0	0.000
twe-2-bar-break-strategy/family7	5m	4	8	-0.237	-1.9	4	0.163	4	-0.638	20	-0.186
15m-nifty-multi-day-swing-target-engine-v1-0/family7	5m	1	2	-0.907	-1.8	0	0.000	2	-0.907	3	-0.534
double-tap/family7	5m	4	1	0.737	0.7	1	0.737	0	0.000	4	-0.520
tjr-v4-strategy/family7	5m	4	0	0.000	0.0	0	0.000	0	0.000	3	-0.350
manoj-betrayed-me/family7	5m	6	0	0.000	0.0	0	0.000	0	0.000	12	-0.123
btcusd-4h-ema-swing-strategy/family7	5m	2	2	-0.918	-1.8	1	-0.929	1	-0.907	4	-0.839
ahlenaz/family7	5m	6	0	0.000	0.0	0	0.000	0	0.000	6	-0.199
simple-breakout-strategy-santana/family7	5m	1	3	-0.414	-1.2	2	-0.166	1	-0.909	3	-0.540
ema-40-pullback-pyramid-strategy/family7	5m	4	0	0.000	0.0	0	0.000	0	0.000	8	-0.191
nse-elite-strategy-v6-full-system/family7	5m	1	1	1.654	1.7	0	0.000	1	1.654	1	1.654
fair-value-gap-strategy/family7	5m	4	5	-0.932	-4.7	3	-0.947	2	-0.908	16	-0.439
ll-momentum-and-curl-master/family7	5m	4	2	-0.330	-0.7	1	-0.930	1	0.269	5	-0.166
katana-v5-pro-fvg-50-model/family7	5m	4	2	-0.911	-1.8	2	-0.911	0	0.000	4	-0.252
quanloki-qqe-system-opposite-signal-only-points/family7	5m	1	2	0.034	0.1	2	0.034	0	0.000	5	-0.484
silver-surfer/family7	5m	4	4	-0.937	-3.7	3	-0.947	1	-0.908	15	-0.407
adaptive-multi-factor-v1-update-9-years/family7	5m	1	8	-0.675	-5.4	6	-0.582	2	-0.954	11	-0.614
ema-9-vwap-strategy-with-atr-trailing-stop-win-the-trade/family7	5m	4	0	0.000	0.0	0	0.000	0	0.000	9	-0.361
atm-adaptive-zone-momentum-scalper-1h/family7	5m	4	5	-0.149	-0.7	2	-0.373	3	0.001	32	-0.164
adaptive-multi-facto-9-years/family7	5m	1	6	-0.658	-3.9	4	-0.511	2	-0.954	8	-0.641
fast-scalper-with-stops-tv-strategies/family7	5m	1	6	-0.252	-1.5	5	-0.122	1	-0.907	7	-0.382
fast-scalper-with-stops/family7	5m	1	6	-0.252	-1.5	5	-0.122	1	-0.907	7	-0.382
fast-scalper-with-stops-tv-strategies-cg3o8g9a/family7	5m	1	1	0.756	0.8	1	0.756	0	0.000	3	0.660
fast-scalper-with-stops-tv-strategies-mcwal9oa/family7	5m	1	6	-0.252	-1.5	5	-0.122	1	-0.907	7	-0.382
sttrend-tp-lock-added/family7	5m	1	2	-0.092	-0.2	1	0.723	1	-0.907	2	-0.092
atm/family7	5m	4	5	-0.149	-0.7	2	-0.373	3	0.001	32	-0.164
9-ema-20-ema-retest-strategy/family7	5m	1	1	-0.913	-0.9	0	0.000	1	-0.913	1	-0.913
clean-vwap-zl-scalper-single-trigger-by-david/family7	5m	4	0	0.000	0.0	0	0.000	0	0.000	10	-0.299
clean-vwap-zl-scalper-single-trigger-by-sandip/family7	5m	4	0	0.000	0.0	0	0.000	0	0.000	10	-0.299
spike-ea-trade-strategy/family7	5m	4	9	-0.108	-1.0	5	-0.032	4	-0.202	41	-0.172
good-luck/family7	5m	4	0	0.000	0.0	0	0.000	0	0.000	2	-0.339
nasdaq-oro-bruto-24h-mejorada/family7	5m	6	0	0.000	0.0	0	0.000	0	0.000	7	-0.278
nasdaq-nq-24h-mejorada/family7	5m	6	0	0.000	0.0	0	0.000	0	0.000	7	-0.278
zr-grizzly/family7	5m	4	0	0.000	0.0	0	0.000	0	0.000	5	-0.336
concordance-execution-model/family7	5m	6	0	0.000	0.0	0	0.000	0	0.000	5	0.084
frosty-alerts/family7	5m	1	21	-0.092	-1.9	12	-0.057	9	-0.138	144	-0.169
caldera-meridian-strategy/family7	5m	1	2	-0.327	-0.7	2	-0.327	0	0.000	3	-0.036
enso-usdt-12h-trend-pullback-sniper/family7	5m	1	1	0.204	0.2	1	0.204	0	0.000	1	0.204
sebbiottino-trailing-stop-so-good-ger40-1m/family7	5m	6	0	0.000	0.0	0	0.000	0	0.000	8	-0.465
ut-bot-shah-200-50-ema/family7	5m	6	0	0.000	0.0	0	0.000	0	0.000	2	-0.362
my-strategy-9/family7	5m	1	3	-0.414	-1.2	2	-0.166	1	-0.909	3	-0.540
regime-execution-strategy/family7	5m	1	5	-0.347	-1.7	3	0.027	2	-0.908	6	-0.444
gold-ai-strategy-v2-0/family7	5m	1	4	-0.347	-1.4	2	-0.327	2	-0.366	4	-0.347
zeta9-v6/family7	5m	4	2	-0.413	-0.8	1	-1.000	1	0.175	9	-0.334
btc-averages-strategy-long-short/family7	5m	4	1	-0.930	-0.9	1	-0.930	0	0.000	6	-0.731
20-200-sma-strategy/family7	5m	6	0	0.000	0.0	0	0.000	0	0.000	9	-0.280
ultimate-smc-emas-day-trading-strategy/family7	5m	1	0	0.000	0.0	0	0.000	0	0.000	0	0.000
liquidity-entry-zones-strategy-2-0/family7	5m	4	0	0.000	0.0	0	0.000	0	0.000	8	-0.266
concordance-allocation-strategy/family7	5m	3	1	-0.909	-0.9	0	0.000	1	-0.909	4	0.044
amit-eth-strategy/family7	5m	1	3	-0.165	-0.5	1	0.238	2	-0.366	4	-0.356
amit-eth-strategy-tv-strategies/family7	5m	1	3	-0.165	-0.5	1	0.238	2	-0.366	4	-0.356
moja-strategia-harami-bb/family7	5m	1	0	0.000	0.0	0	0.000	0	0.000	4	-0.342
moja-strategia-harami-bb-tv-strategies/family7	5m	1	0	0.000	0.0	0	0.000	0	0.000	4	-0.342
silverstream-v2/family7	5m	6	0	0.000	0.0	0	0.000	0	0.000	12	-0.058
mgc-wyckoff-second-breakout-v3-candle-rr/family7	5m	4	2	-0.920	-1.8	2	-0.920	0	0.000	5	-0.023
5m-sol-scalper-ha-lorentzian/family7	5m	4	0	0.000	0.0	0	0.000	0	0.000	3	-0.948
super-rsi-strategy/family7	5m	4	10	-0.032	-0.3	5	-0.064	5	0.000	19	-0.064
concord-execution-mandate/family7	5m	1	8	-0.581	-4.7	6	-0.473	2	-0.907	10	-0.622
super-rsi-strategy-tv-strategies/family7	5m	4	10	-0.032	-0.3	5	-0.064	5	0.000	19	-0.064
super-rsi-strategy-tv-strategies-nng1sppd/family7	5m	4	10	-0.032	-0.3	5	-0.064	5	0.000	19	-0.064
sma-strategy/family7	5m	6	0	0.000	0.0	0	0.000	0	0.000	14	-0.484
box-breakout-strategy-dt4b-trader/family7	5m	6	0	0.000	0.0	0	0.000	0	0.000	8	-0.093
bollinger-bands-rsi-live-radar-strategy/family7	5m	1	0	0.000	0.0	0	0.000	0	0.000	0	0.000
parallax-covenant-strategy/family7	5m	6	0	0.000	0.0	0	0.000	0	0.000	10	-0.272
ttm-momentum-histo-9-ema-21-ema-debit-spread-script/family7	5m	1	3	-0.414	-1.2	2	-0.166	1	-0.909	3	-0.540
beginner-trend-risk-model-ema-rsi/family7	5m	2	3	-0.371	-1.1	2	-0.102	1	-0.907	15	-0.574
rr-master-lc/family7	5m	6	0	0.000	0.0	0	0.000	0	0.000	0	0.000
option-selling/family7	5m	1	1	-0.907	-0.9	0	0.000	1	-0.907	1	-0.907
index-option-selling/family7	5m	1	1	-0.907	-0.9	0	0.000	1	-0.907	1	-0.907
decoded-volatility-expansion/family7	5m	4	0	0.000	0.0	0	0.000	0	0.000	2	1.004
ai-triple-confirmation-strategy/family7	5m	1	6	-0.174	-1.0	2	-0.094	4	-0.214	6	-0.174
option-point/family7	5m	1	1	-0.907	-0.9	0	0.000	1	-0.907	1	-0.907
simple-smart-buy-sell-strategy/family7	5m	6	0	0.000	0.0	0	0.000	0	0.000	6	-0.498
albtrader-nq-beast-supertrend-macd-rsi/family7	5m	1	3	-0.165	-0.5	1	0.238	2	-0.366	4	-0.356
options-momentum-bias-strategy-v2/family7	5m	1	4	-0.361	-1.4	1	0.198	3	-0.547	4	-0.361
ema-dmi-macd-rsi-strategy/family7	5m	4	1	-0.930	-0.9	1	-0.930	0	0.000	4	0.039
take-liquidity-multi-time-frame-tradesystem/family7	5m	1	1	-0.908	-0.9	0	0.000	1	-0.908	1	-0.908
strategy-461-ts-m15/family7	5m	6	0	0.000	0.0	0	0.000	0	0.000	5	-0.148
autotrade-bot-v12/family7	5m	1	0	0.000	0.0	0	0.000	0	0.000	0	0.000
lvn-rejection-acceptance-strategy/family7	5m	4	3	-0.540	-1.6	1	0.198	2	-0.909	8	-0.306
adaptive-s-r-reversal-rsi-divergence-dca-be-stop-5m/family7	5m	1	1	-0.915	-0.9	1	-0.915	0	0.000	1	-0.915
nq-scalp-fix-signals/family7	5m	6	0	0.000	0.0	0	0.000	0	0.000	6	-0.452
albtrader-nq-btc-gold-multi-tf-signal-bot-v2/family7	5m	1	0	0.000	0.0	0	0.000	0	0.000	0	0.000
ema-crossx/family7	5m	2	0	0.000	0.0	0	0.000	0	0.000	3	-0.431
scalping-reversal-strategy/family7	5m	1	0	0.000	0.0	0	0.000	0	0.000	8	-0.495
strategy-432-btc-donchian-breakout-continuation/family7	5m	2	4	-0.252	-1.0	1	-0.910	3	-0.033	4	-0.252
scalping-ichimoku/family7	5m	4	1	0.204	0.2	1	0.204	0	0.000	4	-0.589
strategy-250-xauusd-composite-quality-score/family7	5m	1	3	0.005	0.0	1	0.744	2	-0.365	3	0.005
scalping-entry-exit-indicator-by-diget/family7	5m	4	2	0.179	0.4	1	0.183	1	0.176	21	-0.256
scalper-s-moving-average-dyna/family7	5m	2	5	-0.695	-3.5	2	-0.965	3	-0.516	5	-0.695
9-15-ema-scalper/family7	5m	1	4	-0.345	-1.4	2	0.218	2	-0.908	4	-0.345
parabolic-sar-heikin-ashi-mtf-candle-scalper/family7	5m	1	2	0.160	0.3	0	0.000	2	0.160	24	-0.249
scalpers-macd-vwap-filter/family7	5m	1	6	-0.249	-1.5	5	-0.117	1	-0.907	7	-0.346
swing-failure-pattern-sfp-engine-agpro-series/family7	5m	1	1	-0.915	-0.9	1	-0.915	0	0.000	3	-0.018
swing-reversal-auto-targets-jpt-module-1/family7	5m	6	0	0.000	0.0	0	0.000	0	0.000	12	-0.013
swing-gradient-tpos-boswaves/family7	5m	1	2	-0.965	-1.9	2	-0.965	0	0.000	7	-0.094
ms-hypersupertrend/family7	5m	1	1	-0.910	-0.9	1	-0.910	0	0.000	1	-0.910
fast-v-slow-moving-averages-strategy-variable-divonn1994/family7	5m	2	0	0.000	0.0	0	0.000	0	0.000	2	-0.337
contrarian-scalping-counter-trend-bb-envelope-adx-and-stochastic/family7	5m	4	10	-0.032	-0.3	5	-0.064	5	0.000	230	-0.122
god-of-scalping-btc/family7	5m	6	0	0.000	0.0	0	0.000	0	0.000	7	-0.286
clean-multi-indicator-alignment-system/family7	5m	2	1	-0.909	-0.9	0	0.000	1	-0.909	3	-0.515
market-direction-strength-mds/family7	5m	6	0	0.000	0.0	0	0.000	0	0.000	7	-0.052
concordance-strategy/family7	5m	1	0	0.000	0.0	0	0.000	0	0.000	0	0.000
consensus/family3	15m	2	24	-0.267	-6.4	16	-0.292	8	-0.218		
consensus/family3	15m	3	24	-0.267	-6.4	16	-0.292	8	-0.218		
abcd-harmonic-projection/family3	15m	1	6	-0.078	-0.5	4	0.065	2	-0.364	11	-0.127
pulse-trend-radar/family3	15m	1	8	-0.468	-3.7	6	-0.500	2	-0.373	21	-0.261
kinetic-momentum-vectors/family3	15m	1	7	0.022	0.2	5	-0.279	2	0.775	17	0.109
stealthtrail-supertrend/family3	15m	2	4	-0.606	-2.4	4	-0.606	0	0.000	25	-0.168
dynamic-trend-bands-anchored-vwap-signals/family3	15m	1	20	0.027	0.5	14	0.120	6	-0.189	21	0.036
swing-volume-profile-pro/family3	15m	2	6	-0.057	-0.3	4	-0.370	2	0.568	26	-0.254
pivot-channel-breaks/family3	15m	2	5	-0.318	-1.6	5	-0.318	0	0.000	20	-0.064
triangular-hull-moving-average-volatility/family3	15m	2	5	-0.260	-1.3	4	-0.372	1	0.186	15	-0.411
elliott-wave/family3	15m	1	10	0.309	3.1	8	0.257	2	0.518	17	-0.151
smart-money-breakout-signals/family3	15m	1	4	-0.941	-3.8	3	-0.950	1	-0.914	13	-0.526
high-volume-breakout-targets/family3	15m	1	3	0.782	2.3	2	1.672	1	-1.000	8	0.226
stealthtrail-supertrend-ml-pro/family3	15m	1	7	-0.630	-4.4	6	-0.783	1	0.288	21	-0.186
session-killzones-breakouts/family3	15m	1	13	-0.231	-3.0	9	-0.032	4	-0.678	28	0.014
smart-swing-vwap-zeiierman/family3	15m	1	12	-0.314	-3.8	7	0.008	5	-0.765	19	-0.286
supertrend-cluster-zeiierman/family3	15m	1	6	-0.367	-2.2	3	-0.165	3	-0.569	18	0.084
bollinger-bands-forecast-with-signals-zeiierman/family3	15m	2	4	-1.000	-4.0	3	-1.000	1	-1.000	14	-0.205
market-memory-average-zeiierman/family3	15m	1	5	0.405	2.0	4	0.464	1	0.172	17	-0.111
ai-predictive-flow-zeiierman/family3	15m	2	23	-0.230	-5.3	18	-0.293	5	-0.002	94	-0.234
volume-supertrend-ai-expo/family3	15m	1	4	-0.285	-1.1	3	-0.438	1	0.172	15	0.055
momentum-sequence-strategy/family3	15m	1	4	-0.592	-2.4	3	-1.000	1	0.634	8	0.486
trend-survival-matrix/family3	15m	1	3	-0.567	-1.7	3	-0.567	0	0.000	16	-0.263
smart-flow-imbalance/family3	15m	1	9	0.033	0.3	8	-0.107	1	1.150	24	0.020
anchored-value-distribution-oscillator-zeiierman/family3	15m	2	38	-0.241	-9.1	33	-0.201	5	-0.502	249	-0.162
ema-trend-pro/family3	15m	1	3	-0.567	-1.7	3	-0.567	0	0.000	7	-0.330
macd-matrix/family3	15m	1	16	-0.175	-2.8	10	-0.103	6	-0.295	17	-0.223
ema-trend-signals/family3	15m	1	3	-0.567	-1.7	3	-0.567	0	0.000	16	-0.263
trend-pullback-guard/family3	15m	1	29	-0.211	-6.1	21	-0.079	8	-0.555	55	-0.105
rsi-market-regime/family3	15m	2	4	-0.115	-0.5	3	-0.216	1	0.186	43	-0.184
adaptive-atr-extension-scanner/family3	15m	1	29	-0.087	-2.5	21	0.019	8	-0.365	38	0.044
sams-early-morning-range-lines/family3	15m	1	8	-0.246	-2.0	5	-0.418	3	0.040	21	-0.266
swing-multi-moving-averages-crypto-and-stocks-strategy/family3	15m	2	72	-0.162	-11.7	56	-0.160	16	-0.167	147	-0.066
machine-learning-rsi-ai-classification-ranking-zeiierman/family3	15m	1	6	-0.161	-1.0	6	-0.161	0	0.000	21	-0.038
weekend-hunter-ultimate-v6-2/family3	15m	1	2	0.494	1.0	2	0.494	0	0.000	2	0.494
williams-r-zone-scalper-v1-0-bullbyte/family3	15m	2	7	0.041	0.3	6	0.215	1	-1.000	24	-0.245
smart-grid-scalping-pullback-strategy-bullbyte/family3	15m	1	10	-0.088	-0.9	5	-0.096	5	-0.081	17	-0.263
macd-pullback-sniper-trend-adx-filtered-strategy/family3	15m	1	5	-0.512	-2.6	5	-0.512	0	0.000	6	-0.374
ema-pullback-trend-continuation-strategy-with-volume-and-momentu/family3	15m	1	9	0.406	3.7	8	-0.111	1	4.543	14	0.199
golden-trident-swing-anchored-vwap-trend-system/family3	15m	1	4	-0.679	-2.7	3	-0.599	1	-0.918	6	-0.758
pro-scalper-ai-bullbyte/family3	15m	1	56	-0.089	-5.0	33	-0.036	23	-0.164	167	-0.187
execution-aware-trend/family3	15m	1	9	-0.707	-6.4	8	-0.670	1	-1.000	14	-0.481
coil-breaker-rsi-range-compression/family3	15m	1	9	0.315	2.8	8	0.479	1	-1.000	14	-0.158
channel-reversion-system/family3	15m	2	8	-0.813	-6.5	7	-0.786	1	-1.000	8	-0.813
slope-ma-cross-acc-range-filter/family3	15m	1	14	0.426	6.0	10	0.435	4	0.405	27	0.180
trendshift-supertrend-adx-regime-adaptive-strategy/family3	15m	1	4	0.010	0.0	4	0.010	0	0.000	16	-0.420
dnse-vn301-sma-34-89-dual-slope-strategy/family3	15m	2	15	-0.415	-6.2	13	-0.423	2	-0.366	58	-0.187
stacklight-mtf-mtf-momentum-stack-stochastic-confluence/family3	15m	2	5	-0.140	-0.7	5	-0.140	0	0.000	23	-0.047
fair-value-gap-strategy-with-break-of-structure-confirmation/family3	15m	2	11	0.078	0.9	10	-0.007	1	0.921	70	-0.084
bist30-to-sp-500-atr-momentum-rider/family3	15m	2	14	-0.462	-6.5	13	-0.420	1	-1.000	32	-0.225
elite-hybrid-orb/family3	15m	1	17	-0.370	-6.3	10	0.054	7	-0.976	36	-0.231
tradleware-dca/family3	15m	1	28	0.135	3.8	24	0.269	4	-0.668	33	0.091
ultimate-prop-firm/family3	15m	1	6	-0.313	-1.9	4	-0.288	2	-0.361	12	-0.437
cloud-pro-ichimoku-confluence/family3	15m	2	2	-0.361	-0.7	2	-0.361	0	0.000	36	-0.022
pg-mcx-silver-long-v6-mtf-momentum-profit-trailing/family3	15m	1	56	-0.006	-0.3	33	0.091	23	-0.146	67	-0.074
nnfx-btc-ssl-qqe-signalforge/family3	15m	2	12	-0.328	-3.9	11	-0.379	1	0.235	84	-0.273
hyperliquid-ready-webhook-strategy-template/family3	15m	1	4	-0.379	-1.5	3	-0.567	1	0.186	19	-0.313
ema-25-68-bist30-futures/family3	15m	1	3	-0.201	-0.6	3	-0.201	0	0.000	18	-0.421
trend-efficiency-framework/family3	15m	1	10	0.112	1.1	7	0.112	3	0.112	19	0.246
webhook-alert-strategy-template/family3	15m	1	5	-0.756	-3.8	4	-0.695	1	-1.000	18	-0.368
vwap-mean-reversion-strategy-with-session-and-volume-filter/family3	15m	1	23	-0.626	-14.4	9	-0.706	14	-0.574	34	-0.553
fractal-memory-strategy/family3	15m	1	4	-0.644	-2.6	2	-0.920	2	-0.368	9	-0.406
adaptive-atr-scalper-instant-lock-version/family3	15m	1	5	0.327	1.6	5	0.327	0	0.000	19	0.061
btc-trend-momentum-strategy/family3	15m	1	10	0.187	1.9	9	-0.297	1	4.543	17	0.188
tp-sl-toolkit/family3	15m	2	4	0.018	0.1	4	0.018	0	0.000	42	-0.235
orb-pro-session-breakout-scalper/family3	15m	2	14	-0.077	-1.1	10	-0.213	4	0.262	54	-0.282
donchian-breakout-with-atr-trailing-stop-trend-following/family3	15m	1	32	-0.142	-4.6	25	-0.165	7	-0.060	42	-0.034
ineficient-market/family3	15m	1	1	-1.000	-1.0	1	-1.000	0	0.000	1	-1.000
super-trend-signal-engine-quantum-edge/family3	15m	1	7	-0.397	-2.8	6	-0.310	1	-0.922	23	-0.056
dual-bollinger-band-cross-strategy-v6/family3	15m	2	19	-0.477	-9.1	15	-0.420	4	-0.693	52	-0.134
optimized-doji-breakout-strategy-short-only-v6/family3	15m	1	5	-0.732	-3.7	1	0.263	4	-0.981	48	-0.249
smoothed-heiken-ashi-strategy-v1/family3	15m	1	8	-0.172	-1.4	7	-0.270	1	0.517	31	-0.068
xau-clear-ema-atr-strategy-tp-sl-voice-v6-clean-tp/family3	15m	2	3	-0.173	-0.5	3	-0.173	0	0.000	39	-0.050
xau-clear-ema-atr-strategy-tp-sl-voice-v6/family3	15m	2	3	-0.173	-0.5	3	-0.173	0	0.000	39	-0.050
smc-clean-4h-zones-center-labels-hh-hl-ll-lh/family3	15m	1	83	-0.151	-12.6	44	-0.031	39	-0.287	277	-0.096
bps-v17-strong-trend-filter/family3	15m	2	5	-0.491	-2.5	5	-0.491	0	0.000	19	0.132
apex-fusion-ai-smart-trend-engine/family3	15m	1	34	-0.119	-4.0	27	0.013	7	-0.629	74	-0.150
bps-v17-strong-trend-filter-tv-strategies/family3	15m	2	5	-0.491	-2.5	5	-0.491	0	0.000	19	0.132
vwap-points-percent-ticks-strategy/family3	15m	2	15	-0.006	-0.1	13	0.047	2	-0.347	105	-0.215
btc-8am-pattern-breakout-instant-entry/family3	15m	2	6	-0.782	-4.7	3	-0.590	3	-0.975	42	-0.255
vwap-stdev-bands-reversal-strategy/family3	15m	2	19	-0.223	-4.2	13	-0.206	6	-0.259	56	-0.222
bollinger-squeeze-breakout-volume/family3	15m	2	3	-0.574	-1.7	3	-0.574	0	0.000	23	-0.229
reverse-bb-kc/family3	15m	2	6	0.075	0.4	6	0.075	0	0.000	23	-0.419
blueprint-vol/family3	15m	1	6	-0.296	-1.8	4	-0.248	2	-0.394	13	-0.500
mcginley-t3-flow-campaign-nick789-v-1/family3	15m	2	6	-0.575	-3.5	6	-0.575	0	0.000	20	-0.320
arbf-strategy-v1-8/family3	15m	1	3	0.350	1.1	2	-0.143	1	1.337	8	0.288
initial-balance-bo-strategy/family3	15m	2	6	-0.769	-4.6	6	-0.769	0	0.000	28	-0.522
tomukas-daily-scale-in/family3	15m	2	11	-0.784	-8.6	11	-0.784	0	0.000	18	-0.442
trend-persistence-analysis-framework/family3	15m	1	57	-0.131	-7.5	35	-0.086	22	-0.202	90	-0.142
10-tech-indexes-score-system/family3	15m	1	19	0.070	1.3	14	0.089	5	0.016	29	-0.001
ewo-rsi-advanced-signals-strategy-exhaustion-filter/family3	15m	2	19	-0.363	-6.9	16	-0.397	3	-0.183	60	-0.265
scam-or-slam-day-trading-rauf-strategy/family3	15m	1	9	-0.585	-5.3	6	-0.592	3	-0.571	16	-0.627
bb-kc-squeeze-breakout/family3	15m	2	2	-0.361	-0.7	2	-0.361	0	0.000	18	-0.005
high-activity-penny-stock-strategy-v6/family3	15m	2	3	0.382	1.1	3	0.382	0	0.000	22	0.121
kaufman-moving-average-adaptive-strategy-by-mkb/family3	15m	2	5	0.104	0.5	5	0.104	0	0.000	33	-0.122
ac20-55emagdcrosstest/family3	15m	1	4	-0.400	-1.6	3	-0.594	1	0.180	17	-0.295
bollinger-bands-simple-strategy/family3	15m	2	20	-0.372	-7.4	16	-0.227	4	-0.955	70	-0.216
ai-slop-holy-grail-trap-btc-1h-non-repainting-overfit/family3	15m	2	9	-0.350	-3.2	8	-0.269	1	-1.000	21	-0.529
adaptive-dual-engine-strategy-momentum-mean-reversion/family3	15m	2	30	-0.599	-18.0	29	-0.585	1	-1.000	135	-0.202
estrategia-dpo-artedejubilarte/family3	15m	1	5	-0.258	-1.3	4	-0.072	1	-1.000	49	-0.239
nasrul-fib-sr-m5/family3	15m	1	24	-0.115	-2.8	18	-0.050	6	-0.309	45	-0.168
multi-timeframe-trend-alignment-framework/family3	15m	1	5	-0.756	-3.8	4	-0.695	1	-1.000	8	-0.513
9-21ema-anji/family3	15m	1	4	0.075	0.3	3	0.004	1	0.288	8	0.069
volatility-surge-strategy/family3	15m	2	14	-0.204	-2.9	13	-0.240	1	0.269	22	0.021
master-structural-engine/family3	15m	1	6	-0.400	-2.4	4	-0.397	2	-0.407	13	-0.297
yuri-garcia-narrow-state-strategy-ygils/family3	15m	1	8	-0.330	-2.6	2	-0.137	6	-0.394	24	-0.039
supertrend-bb-strategy/family3	15m	1	6	-0.569	-3.4	5	-0.740	1	0.288	21	-0.181
trend-pivot-scale-in/family3	15m	1	10	-0.037	-0.4	10	-0.037	0	0.000	19	-0.008
engulfing-mitigation-strategy/family3	15m	1	62	-0.070	-4.4	35	0.077	27	-0.261	141	-0.111
vumanchu-wt-zero-cross-strategy-v1-2-2/family3	15m	2	8	-0.184	-1.5	5	0.050	3	-0.575	54	-0.242
vumanchu-wt-zero-cross-strategy-v1-2-3/family3	15m	2	7	-0.250	-1.8	4	-0.007	3	-0.575	40	-0.237
bb-macd-v6-1-5-qing-smart-distribution/family3	15m	2	15	-0.442	-6.6	13	-0.362	2	-0.962	34	-0.117
vishall-ema-9-20-50-200-dmi-adx-strategy/family3	15m	2	8	-0.246	-2.0	8	-0.246	0	0.000	29	-0.096
vumanchu-wt-zero-cross-v1-1b/family3	15m	2	8	-0.184	-1.5	5	0.050	3	-0.575	54	-0.242
velocity-breakout-strategy-vbs/family3	15m	2	2	0.766	1.5	1	1.353	1	0.180	23	-0.337
nifty-supertrend-ce-strategy-alice-blue/family3	15m	2	3	-1.000	-3.0	3	-1.000	0	0.000	22	-0.312
obs-volume-spike-reaction-fade/family3	15m	1	18	-0.129	-2.3	6	-0.037	12	-0.176	29	-0.317
ultimate-pattern-engine-ema-stochastic-by-rony/family3	15m	2	37	-0.094	-3.5	30	-0.051	7	-0.278	175	-0.091
fair-value-gap-continuation-framework/family3	15m	2	13	-0.129	-1.7	12	-0.217	1	0.921	95	-0.234
surgical-sweep-original-restored/family3	15m	2	6	-0.731	-4.4	6	-0.731	0	0.000	19	-0.278
qqe-channel-strategy/family3	15m	2	5	-0.198	-1.0	5	-0.198	0	0.000	47	-0.201
orb-fib-breakout-signals-strategy/family3	15m	1	19	-0.109	-2.1	12	0.278	7	-0.772	36	-0.313
ut-bot-v2-atr-trailing-stop/family3	15m	2	32	-0.304	-9.7	25	-0.179	7	-0.752	169	-0.221
sma-4-sma-30/family3	15m	2	8	-0.423	-3.4	7	-0.341	1	-1.000	54	-0.361
egan-s-pure-structure-s-d-strategy-backtest/family3	15m	2	28	-0.159	-4.4	26	-0.144	2	-0.346	113	-0.136
dca-grid-15-orders-1-1-step-1-8-tp/family3	15m	1	33	0.032	1.1	26	0.063	7	-0.083	36	0.035
institutional-ob-entry-exit-sl-strategy/family3	15m	1	17	-0.090	-1.5	10	0.036	7	-0.271	22	-0.138
supertrend-strategy/family3	15m	2	3	-1.000	-3.0	3	-1.000	0	0.000	26	-0.197
smart-trend-strategy-julzalgo/family3	15m	1	16	-0.268	-4.3	10	-0.221	6	-0.347	28	-0.305
alphamojo-supertrend-strategy-ha-with-buffer/family3	15m	1	5	-0.602	-3.0	3	-0.391	2	-0.919	16	-0.455
macd-crossover-strategy/family3	15m	2	18	-0.301	-5.4	13	-0.038	5	-0.985	106	-0.190
expma-analysis/family3	15m	1	15	-0.361	-5.4	11	-0.578	4	0.237	18	-0.091
tjr-v4-strategy/family3	15m	2	8	-0.210	-1.7	8	-0.210	0	0.000	53	-0.290
scalping-london-new-york-strategy/family3	15m	2	34	-0.206	-7.0	33	-0.218	1	0.186	106	-0.042
serhan1-wma-rsi-trailing-scalp-date-filter/family3	15m	1	9	-0.588	-5.3	8	-0.537	1	-1.000	32	-0.377
market-breadth-trend-strategy/family3	15m	1	64	-0.128	-8.2	45	-0.156	19	-0.061	89	-0.102
serhan-1-wma-adx-trailing-date-filter/family3	15m	1	4	-0.596	-2.4	3	-0.488	1	-0.920	12	-0.385
15m-nifty-multi-day-swing-target-engine-v1-0/family3	15m	1	14	-0.438	-6.1	7	-0.753	7	-0.122	32	-0.518
twe-2-bar-break-strategy/family3	15m	2	32	-0.205	-6.6	32	-0.205	0	0.000	165	-0.136
manoj-betrayed-me/family3	15m	1	37	-0.059	-2.2	24	-0.033	13	-0.107	78	-0.034
double-tap/family3	15m	1	15	-0.174	-2.6	10	-0.339	5	0.156	32	-0.298
btcusd-4h-ema-swing-strategy/family3	15m	2	8	-0.263	-2.1	7	-0.170	1	-0.909	25	-0.318
session-king-alma-with-session-filter/family3	15m	1	18	-0.134	-2.4	12	-0.002	6	-0.398	36	-0.228
simple-breakout-strategy-santana/family3	15m	2	5	-0.502	-2.5	4	-0.400	1	-0.909	40	-0.167
ahlenaz/family3	15m	1	25	-0.006	-0.2	22	-0.107	3	0.736	37	0.073
ema-40-pullback-pyramid-strategy/family3	15m	2	21	-0.532	-11.2	18	-0.463	3	-0.944	105	-0.248
ll-momentum-and-curl-master/family3	15m	1	19	0.625	11.9	14	0.338	5	1.428	43	0.307
fair-value-gap-strategy/family3	15m	1	66	-0.044	-2.9	42	0.004	24	-0.129	176	-0.256
new-era-strategy-1-0/family3	15m	1	3	-0.455	-1.4	3	-0.455	0	0.000	7	-0.563
nse-elite-strategy-v6-full-system/family3	15m	1	4	-0.060	-0.2	3	-0.429	1	1.048	12	-0.208
katana-v5-pro-fvg-50-model/family3	15m	1	14	0.105	1.5	10	-0.099	4	0.616	33	0.122
quanloki-qqe-system-opposite-signal-only-points/family3	15m	2	12	-0.354	-4.2	10	-0.225	2	-1.000	59	-0.207
adaptive-multi-factor-v1-update-9-years/family3	15m	2	20	-0.521	-10.4	16	-0.476	4	-0.705	126	-0.180
silver-surfer/family3	15m	1	66	-0.054	-3.5	42	0.004	24	-0.156	170	-0.253
atm-adaptive-zone-momentum-scalper-1h/family3	15m	2	53	-0.303	-16.1	38	-0.217	15	-0.522	361	-0.205
ema-9-vwap-strategy-with-atr-trailing-stop-win-the-trade/family3	15m	2	13	0.146	1.9	11	0.138	2	0.189	48	-0.223
atm/family3	15m	2	53	-0.303	-16.1	38	-0.217	15	-0.522	361	-0.205
fast-scalper-with-stops/family3	15m	2	12	-0.508	-6.1	11	-0.463	1	-1.000	101	-0.265
fast-scalper-with-stops-tv-strategies/family3	15m	2	12	-0.508	-6.1	11	-0.463	1	-1.000	101	-0.265
fast-scalper-with-stops-tv-strategies-cg3o8g9a/family3	15m	2	14	-0.475	-6.7	8	-0.562	6	-0.359	38	-0.287
adaptive-multi-facto-9-years/family3	15m	2	11	-0.560	-6.2	10	-0.634	1	0.180	79	-0.197
fast-scalper-with-stops-tv-strategies-mcwal9oa/family3	15m	2	12	-0.508	-6.1	11	-0.463	1	-1.000	101	-0.265
sttrend-tp-lock-added/family3	15m	1	7	-0.397	-2.8	6	-0.310	1	-0.922	23	-0.056
9-ema-20-ema-retest-strategy/family3	15m	2	1	-1.000	-1.0	1	-1.000	0	0.000	16	0.015
clean-vwap-zl-scalper-single-trigger-by-david/family3	15m	2	11	0.130	1.4	10	0.122	1	0.215	69	-0.246
clean-vwap-zl-scalper-single-trigger-by-sandip/family3	15m	2	11	0.130	1.4	10	0.122	1	0.215	69	-0.246
spike-ea-trade-strategy/family3	15m	2	51	-0.201	-10.3	42	-0.169	9	-0.350	391	-0.215
good-luck/family3	15m	2	2	-0.367	-0.7	2	-0.367	0	0.000	26	-0.292
nasdaq-oro-bruto-24h-mejorada/family3	15m	2	13	-0.448	-5.8	13	-0.448	0	0.000	54	-0.203
nasdaq-nq-24h-mejorada/family3	15m	2	13	-0.448	-5.8	13	-0.448	0	0.000	54	-0.203
concordance-execution-model/family3	15m	1	20	0.054	1.1	17	-0.029	3	0.524	38	0.069
zr-grizzly/family3	15m	2	34	-0.376	-12.8	25	-0.352	9	-0.445	57	-0.371
caldera-meridian-strategy/family3	15m	1	14	-0.402	-5.6	11	-0.357	3	-0.567	23	-0.253
frosty-alerts/family3	15m	2	64	-0.118	-7.5	49	-0.054	15	-0.325	1359	-0.143
enso-usdt-12h-trend-pullback-sniper/family3	15m	2	4	-0.260	-1.0	4	-0.260	0	0.000	24	-0.072
sebbiottino-trailing-stop-so-good-ger40-1m/family3	15m	2	15	-0.253	-3.8	12	-0.174	3	-0.568	94	-0.259
tradingview-bot-trailing-15-min/family3	15m	1	4	-0.379	-1.5	3	-0.567	1	0.186	17	-0.376
ut-bot-shah-200-50-ema/family3	15m	1	15	0.352	5.3	11	0.459	4	0.060	25	0.132
tradingview-bot-goat/family3	15m	1	4	-0.379	-1.5	3	-0.567	1	0.186	17	-0.376
my-strategy-9/family3	15m	2	5	-0.502	-2.5	4	-0.400	1	-0.909	40	-0.167
regime-execution-strategy/family3	15m	2	3	-0.165	-0.5	3	-0.165	0	0.000	31	-0.180
gold-ai-strategy-v2-0/family3	15m	1	11	-0.347	-3.8	7	-0.318	4	-0.399	25	-0.308
zeta9-v6/family3	15m	2	27	-0.574	-15.5	18	-0.442	9	-0.837	105	-0.351
btc-averages-strategy-long-short/family3	15m	1	9	-0.262	-2.4	6	-0.091	3	-0.605	25	-0.284
20-200-sma-strategy/family3	15m	2	17	-0.641	-10.9	13	-0.640	4	-0.647	61	-0.476
liquidity-entry-zones-strategy-2-0/family3	15m	2	20	-0.250	-5.0	12	-0.151	8	-0.399	97	-0.236
ultimate-smc-emas-day-trading-strategy/family3	15m	1	4	-0.704	-2.8	2	-1.000	2	-0.407	6	-0.536
concordance-allocation-strategy/family3	15m	2	6	0.099	0.6	5	0.081	1	0.186	46	-0.016
amit-eth-strategy/family3	15m	2	2	-0.361	-0.7	2	-0.361	0	0.000	44	-0.064
amit-eth-strategy-tv-strategies/family3	15m	2	2	-0.361	-0.7	2	-0.361	0	0.000	44	-0.064
moja-strategia-harami-bb/family3	15m	2	11	-0.356	-3.9	9	-0.212	2	-1.000	52	-0.138
moja-strategia-harami-bb-tv-strategies/family3	15m	2	11	-0.356	-3.9	9	-0.212	2	-1.000	52	-0.138
silverstream-v2/family3	15m	2	21	-0.429	-9.0	16	-0.330	5	-0.745	103	-0.250
mgc-wyckoff-second-breakout-v3-candle-rr/family3	15m	1	31	-0.100	-3.1	22	-0.074	9	-0.163	61	0.076
5m-sol-scalper-ha-lorentzian/family3	15m	2	5	-0.760	-3.8	4	-0.699	1	-1.000	30	-0.245
asian-box-breakout-strategy/family3	15m	1	3	0.598	1.8	3	0.598	0	0.000	5	-0.025
bollinger-bands-rsi-live-radar-strategy/family3	15m	1	16	-0.370	-5.9	13	-0.237	3	-0.945	19	-0.375
concord-execution-mandate/family3	15m	2	17	-0.445	-7.6	16	-0.410	1	-1.000	99	-0.288
super-rsi-strategy/family3	15m	2	30	-0.172	-5.2	28	-0.224	2	0.554	148	-0.056
super-rsi-strategy-tv-strategies-nng1sppd/family3	15m	2	30	-0.172	-5.2	28	-0.224	2	0.554	148	-0.056
super-rsi-strategy-tv-strategies/family3	15m	2	30	-0.172	-5.2	28	-0.224	2	0.554	148	-0.056
box-breakout-strategy-dt4b-trader/family3	15m	1	35	-0.210	-7.3	26	-0.242	9	-0.117	74	-0.122
sma-strategy/family3	15m	2	29	-0.398	-11.5	22	-0.318	7	-0.650	173	-0.220
3commas-pullback-sniper-strategy/family3	15m	2	8	-0.199	-1.6	7	-0.084	1	-1.000	15	-0.011
big-daddy-max-orb-strategy/family3	15m	1	18	-0.185	-3.3	10	0.010	8	-0.428	35	-0.377
ttm-momentum-histo-9-ema-21-ema-debit-spread-script/family3	15m	2	7	-0.635	-4.4	6	-0.589	1	-0.909	48	-0.124
beginner-trend-risk-model-ema-rsi/family3	15m	1	33	-0.260	-8.6	18	-0.261	15	-0.260	92	-0.281
rr-master-lc/family3	15m	2	1	0.228	0.2	1	0.228	0	0.000	15	-0.083
ai-triple-confirmation-strategy/family3	15m	1	16	-0.061	-1.0	13	-0.040	3	-0.152	29	-0.064
parallax-covenant-strategy/family3	15m	2	15	-0.415	-6.2	15	-0.415	0	0.000	66	-0.128
ema-dmi-macd-rsi-strategy/family3	15m	1	12	-0.041	-0.5	9	-0.095	3	0.124	35	0.031
albtrader-nq-beast-supertrend-macd-rsi/family3	15m	2	1	0.278	0.3	1	0.278	0	0.000	30	0.110
simple-smart-buy-sell-strategy/family3	15m	2	13	-0.272	-3.5	12	-0.219	1	-0.909	95	-0.147
options-momentum-bias-strategy-v2/family3	15m	1	12	-0.240	-2.9	7	-0.086	5	-0.457	28	-0.366
strategy-461-ts-m15/family3	15m	2	17	-0.383	-6.5	17	-0.383	0	0.000	66	-0.159
take-liquidity-multi-time-frame-tradesystem/family3	15m	1	5	0.307	1.5	2	0.713	3	0.036	8	0.434
lvn-rejection-acceptance-strategy/family3	15m	1	45	-0.035	-1.6	31	0.024	14	-0.166	95	-0.025
autotrade-bot-v12/family3	15m	2	7	-0.221	-1.5	7	-0.221	0	0.000	18	-0.203
adaptive-s-r-reversal-rsi-divergence-dca-be-stop-5m/family3	15m	1	8	-0.325	-2.6	4	-0.268	4	-0.382	25	-0.315
albtrader-nq-btc-gold-multi-tf-signal-bot-v2/family3	15m	1	8	-0.390	-3.1	7	-0.303	1	-1.000	24	-0.135
nq-scalp-fix-signals/family3	15m	1	28	-0.026	-0.7	20	0.017	8	-0.134	49	-0.143
ema-crossx/family3	15m	2	6	-0.370	-2.2	5	-0.482	1	0.186	22	-0.384
scalping-reversal-strategy/family3	15m	1	21	-0.235	-4.9	14	-0.076	7	-0.552	38	-0.143
strategy-432-btc-donchian-breakout-continuation/family3	15m	1	19	-0.263	-5.0	12	-0.087	7	-0.566	23	-0.158
strategy-250-xauusd-composite-quality-score/family3	15m	2	4	-0.001	-0.0	3	0.332	1	-1.000	12	-0.339
scalping-entry-exit-indicator-by-diget/family3	15m	2	35	-0.067	-2.3	25	0.126	10	-0.549	246	-0.120
scalping-ichimoku/family3	15m	1	6	-0.272	-1.6	3	-0.590	3	0.045	19	-0.126
scalper-s-moving-average-dyna/family3	15m	2	7	-0.150	-1.0	7	-0.150	0	0.000	48	0.032
thrax-quickstrike-5-mins-scalping/family3	15m	1	13	-0.398	-5.2	10	-0.355	3	-0.542	28	-0.469
9-15-ema-scalper/family3	15m	1	17	-0.222	-3.8	13	-0.308	4	0.058	37	-0.229
parabolic-sar-heikin-ashi-mtf-candle-scalper/family3	15m	1	14	-0.497	-7.0	9	-0.640	5	-0.240	70	-0.122
scalpers-macd-vwap-filter/family3	15m	1	18	-0.051	-0.9	12	0.303	6	-0.758	35	-0.044
swing-reversal-auto-targets-jpt-module-1/family3	15m	1	44	-0.042	-1.8	34	-0.071	10	0.056	72	-0.027
swing-failure-pattern-sfp-engine-agpro-series/family3	15m	1	15	-0.499	-7.5	6	-0.450	9	-0.532	22	-0.469
swing-gradient-tpos-boswaves/family3	15m	2	15	-0.568	-8.5	10	-0.559	5	-0.588	49	-0.276
contrarian-scalping-counter-trend-bb-envelope-adx-and-stochastic/family3	15m	2	83	-0.188	-15.6	64	-0.147	19	-0.329	1846	-0.115
ms-hypersupertrend/family3	15m	2	3	-0.216	-0.6	3	-0.216	0	0.000	14	-0.308
fast-v-slow-moving-averages-strategy-variable-divonn1994/family3	15m	1	3	-0.037	-0.1	0	0.000	3	-0.037	20	-0.091
god-of-scalping-btc/family3	15m	2	15	-0.340	-5.1	14	-0.293	1	-1.000	54	-0.133
clean-multi-indicator-alignment-system/family3	15m	2	7	-0.389	-2.7	6	-0.288	1	-1.000	44	-0.262
market-direction-strength-mds/family3	15m	1	31	0.151	4.7	24	0.137	7	0.195	74	0.082
concordance-strategy/family3	15m	2	3	-0.438	-1.3	3	-0.438	0	0.000	7	-0.588
consensus/family5	15m	3	25	-0.076	-1.9	12	-0.252	13	0.086		
consensus/family5	15m	4	30	-0.180	-5.4	20	-0.087	10	-0.365		
consensus/family5	15m	5	29	-0.227	-6.6	20	-0.101	9	-0.508		
abcd-harmonic-projection/family5	15m	1	5	-0.141	-0.7	3	0.007	2	-0.364	11	-0.127
pulse-trend-radar/family5	15m	1	10	-0.566	-5.7	6	-0.500	4	-0.667	21	-0.261
kinetic-momentum-vectors/family5	15m	1	7	0.022	0.2	5	-0.279	2	0.775	17	0.109
stealthtrail-supertrend/family5	15m	3	7	-0.567	-4.0	5	-0.667	2	-0.317	25	-0.168
dynamic-trend-bands-anchored-vwap-signals/family5	15m	1	20	0.084	1.7	14	0.201	6	-0.189	21	0.036
swing-volume-profile-pro/family5	15m	2	9	0.005	0.0	6	-0.015	3	0.045	26	-0.254
pivot-channel-breaks/family5	15m	2	6	-0.219	-1.3	5	-0.078	1	-0.922	20	-0.064
triangular-hull-moving-average-volatility/family5	15m	2	8	-0.534	-4.3	5	-0.508	3	-0.578	15	-0.411
elliott-wave/family5	15m	1	9	0.321	2.9	7	0.265	2	0.518	17	-0.151
smart-money-breakout-signals/family5	15m	1	4	-0.941	-3.8	2	-0.925	2	-0.957	13	-0.526
high-volume-breakout-targets/family5	15m	1	3	0.782	2.3	2	1.672	1	-1.000	8	0.226
stealthtrail-supertrend-ml-pro/family5	15m	3	5	-0.500	-2.5	4	-0.697	1	0.288	21	-0.186
session-killzones-breakouts/family5	15m	1	12	-0.067	-0.8	7	0.244	5	-0.503	28	0.014
smart-swing-vwap-zeiierman/family5	15m	1	12	-0.314	-3.8	7	0.008	5	-0.765	19	-0.286
supertrend-cluster-zeiierman/family5	15m	1	6	-0.372	-2.2	2	-0.349	4	-0.383	18	0.084
bollinger-bands-forecast-with-signals-zeiierman/family5	15m	2	8	-0.552	-4.4	6	-0.403	2	-1.000	14	-0.205
market-memory-average-zeiierman/family5	15m	1	4	0.757	3.0	3	0.952	1	0.172	17	-0.111
ai-predictive-flow-zeiierman/family5	15m	4	13	-0.123	-1.6	8	-0.198	5	-0.002	94	-0.234
volume-supertrend-ai-expo/family5	15m	1	4	0.011	0.0	2	-0.157	2	0.179	15	0.055
momentum-sequence-strategy/family5	15m	2	0	0.000	0.0	0	0.000	0	0.000	8	0.486
trend-survival-matrix/family5	15m	1	4	-0.655	-2.6	3	-0.567	1	-0.920	16	-0.263
smart-flow-imbalance/family5	15m	1	10	-0.062	-0.6	8	-0.107	2	0.115	24	0.020
anchored-value-distribution-oscillator-zeiierman/family5	15m	4	12	0.008	0.1	7	0.372	5	-0.502	249	-0.162
ema-trend-pro/family5	15m	1	4	-0.655	-2.6	3	-0.567	1	-0.920	7	-0.330
macd-matrix/family5	15m	2	6	-0.158	-1.0	4	-0.064	2	-0.347	17	-0.223
ema-trend-signals/family5	15m	1	4	-0.655	-2.6	3	-0.567	1	-0.920	16	-0.263
trend-pullback-guard/family5	15m	4	3	-0.178	-0.5	1	0.279	2	-0.407	55	-0.105
rsi-market-regime/family5	15m	2	8	-0.240	-1.9	6	-0.387	2	0.202	43	-0.184
adaptive-atr-extension-scanner/family5	15m	1	30	-0.117	-3.5	21	0.019	9	-0.436	38	0.044
sams-early-morning-range-lines/family5	15m	1	9	-0.144	-1.3	4	-0.273	5	-0.041	21	-0.266
swing-multi-moving-averages-crypto-and-stocks-strategy/family5	15m	3	93	-0.124	-11.5	61	-0.116	32	-0.140	147	-0.066
machine-learning-rsi-ai-classification-ranking-zeiierman/family5	15m	1	9	-0.185	-1.7	7	-0.398	2	0.560	21	-0.038
weekend-hunter-ultimate-v6-2/family5	15m	3	1	0.789	0.8	1	0.789	0	0.000	2	0.494
williams-r-zone-scalper-v1-0-bullbyte/family5	15m	2	10	-0.271	-2.7	7	0.041	3	-1.000	24	-0.245
smart-grid-scalping-pullback-strategy-bullbyte/family5	15m	2	7	-0.001	-0.0	4	0.130	3	-0.177	17	-0.263
macd-pullback-sniper-trend-adx-filtered-strategy/family5	15m	2	5	-0.512	-2.6	5	-0.512	0	0.000	6	-0.374
ema-pullback-trend-continuation-strategy-with-volume-and-momentu/family5	15m	2	6	-0.503	-3.0	6	-0.503	0	0.000	14	0.199
golden-trident-swing-anchored-vwap-trend-system/family5	15m	1	5	-0.950	-4.8	2	-1.000	3	-0.917	6	-0.758
pro-scalper-ai-bullbyte/family5	15m	2	17	-0.347	-5.9	16	-0.311	1	-0.914	167	-0.187
execution-aware-trend/family5	15m	2	4	-0.362	-1.4	3	-0.150	1	-1.000	14	-0.481
coil-breaker-rsi-range-compression/family5	15m	1	9	0.315	2.8	8	0.479	1	-1.000	14	-0.158
channel-reversion-system/family5	15m	1	8	-0.813	-6.5	7	-0.786	1	-1.000	8	-0.813
slope-ma-cross-acc-range-filter/family5	15m	1	13	0.536	7.0	9	0.594	4	0.405	27	0.180
trendshift-supertrend-adx-regime-adaptive-strategy/family5	15m	1	5	-0.176	-0.9	4	0.010	1	-0.920	16	-0.420
dnse-vn301-sma-34-89-dual-slope-strategy/family5	15m	2	21	-0.307	-6.4	15	-0.306	6	-0.309	58	-0.187
stacklight-mtf-mtf-momentum-stack-stochastic-confluence/family5	15m	2	5	0.102	0.5	4	0.074	1	0.211	23	-0.047
fair-value-gap-strategy-with-break-of-structure-confirmation/family5	15m	2	14	-0.153	-2.1	12	-0.172	2	-0.039	70	-0.084
bist30-to-sp-500-atr-momentum-rider/family5	15m	4	11	-0.322	-3.5	10	-0.254	1	-1.000	32	-0.225
elite-hybrid-orb/family5	15m	1	17	-0.370	-6.3	10	0.054	7	-0.976	36	-0.231
tradleware-dca/family5	15m	3	19	0.006	0.1	15	0.186	4	-0.668	33	0.091
ultimate-prop-firm/family5	15m	2	4	-0.288	-1.2	3	-0.051	1	-1.000	12	-0.437
cloud-pro-ichimoku-confluence/family5	15m	2	7	-0.106	-0.7	5	0.010	2	-0.395	36	-0.022
pg-mcx-silver-long-v6-mtf-momentum-profit-trailing/family5	15m	1	57	-0.003	-0.2	31	0.159	26	-0.196	67	-0.074
dnse-vn301-bollinger-bands-break-out-strategy/family5	15m	1	4	-0.608	-2.4	2	-0.927	2	-0.289	10	-0.286
nnfx-btc-ssl-qqe-signalforge/family5	15m	4	9	-0.179	-1.6	8	-0.231	1	0.235	84	-0.273
hyperliquid-ready-webhook-strategy-template/family5	15m	2	3	-0.200	-0.6	2	-0.394	1	0.186	19	-0.313
ema-25-68-bist30-futures/family5	15m	1	5	-0.263	-1.3	3	-0.201	2	-0.357	18	-0.421
trend-efficiency-framework/family5	15m	1	9	0.225	2.0	6	0.282	3	0.112	19	0.246
webhook-alert-strategy-template/family5	15m	1	6	-0.784	-4.7	4	-0.695	2	-0.962	18	-0.368
vwap-mean-reversion-strategy-with-session-and-volume-filter/family5	15m	1	25	-0.501	-12.5	11	-0.651	14	-0.383	34	-0.553
fractal-memory-strategy/family5	15m	1	4	-0.644	-2.6	2	-0.920	2	-0.368	9	-0.406
adaptive-atr-scalper-instant-lock-version/family5	15m	1	7	0.199	1.4	5	0.327	2	-0.122	19	0.061
btc-trend-momentum-strategy/family5	15m	1	11	0.218	2.4	10	-0.214	1	4.543	17	0.188
tp-sl-toolkit/family5	15m	2	14	-0.297	-4.2	9	-0.067	5	-0.712	42	-0.235
orb-pro-session-breakout-scalper/family5	15m	3	26	-0.190	-4.9	14	-0.138	12	-0.250	54	-0.282
donchian-breakout-with-atr-trailing-stop-trend-following/family5	15m	1	31	-0.112	-3.5	22	-0.052	9	-0.260	42	-0.034
ineficient-market/family5	15m	1	1	-1.000	-1.0	1	-1.000	0	0.000	1	-1.000
super-trend-signal-engine-quantum-edge/family5	15m	2	5	-0.418	-2.1	4	-0.292	1	-0.922	23	-0.056
dual-bollinger-band-cross-strategy-v6/family5	15m	2	27	-0.514	-13.9	18	-0.411	9	-0.719	52	-0.134
optimized-doji-breakout-strategy-short-only-v6/family5	15m	1	6	-0.094	-0.6	3	0.787	3	-0.975	48	-0.249
atr-trailing-stop-strategy-with-ema-trend-filter/family5	15m	1	3	-0.596	-1.8	3	-0.596	0	0.000	8	-0.537
xau-clear-ema-atr-strategy-tp-sl-voice-v6-clean-tp/family5	15m	2	14	-0.107	-1.5	7	-0.129	7	-0.086	39	-0.050
xau-clear-ema-atr-strategy-tp-sl-voice-v6/family5	15m	2	14	-0.107	-1.5	7	-0.129	7	-0.086	39	-0.050
smc-clean-4h-zones-center-labels-hh-hl-ll-lh/family5	15m	4	29	-0.231	-6.7	20	-0.081	9	-0.567	277	-0.096
bps-v17-strong-trend-filter/family5	15m	1	17	0.167	2.8	13	0.086	4	0.431	19	0.132
apex-fusion-ai-smart-trend-engine/family5	15m	1	37	-0.186	-6.9	27	0.013	10	-0.725	74	-0.150
bps-v17-strong-trend-filter-tv-strategies/family5	15m	1	17	0.167	2.8	13	0.086	4	0.431	19	0.132
vwap-points-percent-ticks-strategy/family5	15m	4	10	-0.063	-0.6	8	0.008	2	-0.347	105	-0.215
btc-8am-pattern-breakout-instant-entry/family5	15m	2	8	-0.465	-3.7	4	0.051	4	-0.981	42	-0.255
vwap-stdev-bands-reversal-strategy/family5	15m	4	18	-0.114	-2.1	12	-0.042	6	-0.259	56	-0.222
bollinger-squeeze-breakout-volume/family5	15m	2	6	-0.760	-4.6	3	-0.574	3	-0.946	23	-0.229
reverse-bb-kc/family5	15m	4	6	0.075	0.4	6	0.075	0	0.000	23	-0.419
blueprint-vol/family5	15m	1	5	-0.393	-2.0	3	-0.392	2	-0.394	13	-0.500
l-l-htf-trend-cloud-strategy-joe-freedom/family5	15m	1	0	0.000	0.0	0	0.000	0	0.000	0	0.000
mcginley-t3-flow-campaign-nick789-v-1/family5	15m	2	8	-0.534	-4.3	8	-0.534	0	0.000	20	-0.320
arbf-strategy-v1-8/family5	15m	1	4	0.452	1.8	3	0.157	1	1.337	8	0.288
initial-balance-bo-strategy/family5	15m	2	8	-0.666	-5.3	6	-0.769	2	-0.356	28	-0.522
tomukas-daily-scale-in/family5	15m	4	9	-0.605	-5.4	9	-0.605	0	0.000	18	-0.442
trend-persistence-analysis-framework/family5	15m	1	51	-0.086	-4.4	29	0.002	22	-0.202	90	-0.142
10-tech-indexes-score-system/family5	15m	1	19	0.070	1.3	14	0.089	5	0.016	29	-0.001
ewo-rsi-advanced-signals-strategy-exhaustion-filter/family5	15m	4	19	-0.363	-6.9	16	-0.397	3	-0.183	60	-0.265
scam-or-slam-day-trading-rauf-strategy/family5	15m	2	8	-0.533	-4.3	5	-0.511	3	-0.571	16	-0.627
bb-kc-squeeze-breakout/family5	15m	2	3	-0.150	-0.4	3	-0.150	0	0.000	18	-0.005
high-activity-penny-stock-strategy-v6/family5	15m	1	7	0.031	0.2	4	0.464	3	-0.546	22	0.121
kaufman-moving-average-adaptive-strategy-by-mkb/family5	15m	2	14	-0.244	-3.4	9	0.014	5	-0.707	33	-0.122
ac20-55emagdcrosstest/family5	15m	1	5	-0.505	-2.5	3	-0.594	2	-0.372	17	-0.295
bollinger-bands-simple-strategy/family5	15m	4	18	-0.371	-6.7	14	-0.205	4	-0.955	70	-0.216
ai-slop-holy-grail-trap-btc-1h-non-repainting-overfit/family5	15m	1	16	-0.463	-7.4	9	-0.197	7	-0.805	21	-0.529
adaptive-dual-engine-strategy-momentum-mean-reversion/family5	15m	3	24	-0.599	-14.4	23	-0.582	1	-1.000	135	-0.202
estrategia-dpo-artedejubilarte/family5	15m	4	5	-0.503	-2.5	4	-0.379	1	-1.000	49	-0.239
nasrul-fib-sr-m5/family5	15m	1	25	-0.098	-2.4	19	-0.031	6	-0.309	45	-0.168
multi-timeframe-trend-alignment-framework/family5	15m	1	6	-0.784	-4.7	4	-0.695	2	-0.962	8	-0.513
9-21ema-anji/family5	15m	2	3	-0.136	-0.4	2	-0.348	1	0.288	8	0.069
volatility-surge-strategy/family5	15m	4	10	-0.059	-0.6	9	-0.095	1	0.269	22	0.021
master-structural-engine/family5	15m	2	5	-0.280	-1.4	3	-0.196	2	-0.407	13	-0.297
yuri-garcia-narrow-state-strategy-ygils/family5	15m	1	8	-0.330	-2.6	2	-0.137	6	-0.394	24	-0.039
supertrend-bb-strategy/family5	15m	2	4	-0.375	-1.5	3	-0.596	1	0.288	21	-0.181
trend-pivot-scale-in/family5	15m	2	2	-0.340	-0.7	2	-0.340	0	0.000	19	-0.008
engulfing-mitigation-strategy/family5	15m	1	62	-0.058	-3.6	36	0.068	26	-0.232	141	-0.111
vumanchu-wt-zero-cross-strategy-v1-2-2/family5	15m	2	14	-0.105	-1.5	9	0.098	5	-0.469	54	-0.242
vumanchu-wt-zero-cross-strategy-v1-2-3/family5	15m	2	13	-0.134	-1.7	8	0.075	5	-0.469	40	-0.237
bb-macd-v6-1-5-qing-smart-distribution/family5	15m	1	31	-0.242	-7.5	22	-0.192	9	-0.364	34	-0.117
vishall-ema-9-20-50-200-dmi-adx-strategy/family5	15m	2	5	-0.247	-1.2	5	-0.247	0	0.000	29	-0.096
vumanchu-wt-zero-cross-v1-1b/family5	15m	2	14	-0.105	-1.5	9	0.098	5	-0.469	54	-0.242
velocity-breakout-strategy-vbs/family5	15m	3	4	-0.103	-0.4	1	0.200	3	-0.204	23	-0.337
nifty-supertrend-ce-strategy-alice-blue/family5	15m	2	6	-0.583	-3.5	4	-0.697	2	-0.356	22	-0.312
obs-volume-spike-reaction-fade/family5	15m	1	17	-0.195	-3.3	6	-0.037	11	-0.281	29	-0.317
ultimate-pattern-engine-ema-stochastic-by-rony/family5	15m	2	49	-0.082	-4.0	34	0.016	15	-0.302	175	-0.091
fair-value-gap-continuation-framework/family5	15m	2	24	-0.293	-7.0	18	-0.244	6	-0.439	95	-0.234
surgical-sweep-original-restored/family5	15m	4	6	-0.731	-4.4	6	-0.731	0	0.000	19	-0.278
qqe-channel-strategy/family5	15m	1	19	-0.143	-2.7	12	0.009	7	-0.404	47	-0.201
orb-fib-breakout-signals-strategy/family5	15m	1	20	-0.153	-3.1	13	0.180	7	-0.772	36	-0.313
ut-bot-v2-atr-trailing-stop/family5	15m	4	24	-0.337	-8.1	17	-0.167	7	-0.752	169	-0.221
sma-4-sma-30/family5	15m	4	3	-0.462	-1.4	2	-0.193	1	-1.000	54	-0.361
egan-s-pure-structure-s-d-strategy-backtest/family5	15m	3	33	-0.143	-4.7	24	-0.086	9	-0.293	113	-0.136
dca-grid-15-orders-1-1-step-1-8-tp/family5	15m	1	33	0.032	1.1	25	0.102	8	-0.188	36	0.035
institutional-ob-entry-exit-sl-strategy/family5	15m	1	14	0.150	2.1	9	0.372	5	-0.250	22	-0.138
supertrend-strategy/family5	15m	2	6	-0.583	-3.5	4	-0.697	2	-0.356	26	-0.197
smart-trend-strategy-julzalgo/family5	15m	2	5	-0.242	-1.2	3	-0.167	2	-0.356	28	-0.305
alphamojo-supertrend-strategy-ha-with-buffer/family5	15m	1	4	-0.503	-2.0	2	-0.087	2	-0.919	16	-0.455
macd-crossover-strategy/family5	15m	5	16	-0.293	-4.7	11	0.022	5	-0.985	106	-0.190
expma-analysis/family5	15m	1	17	-0.037	-0.6	11	-0.578	6	0.953	18	-0.091
tjr-v4-strategy/family5	15m	2	12	0.007	0.1	10	0.071	2	-0.313	53	-0.290
scalping-london-new-york-strategy/family5	15m	1	67	0.005	0.4	49	-0.026	18	0.091	106	-0.042
serhan1-wma-rsi-trailing-scalp-date-filter/family5	15m	2	6	-0.600	-3.6	5	-0.520	1	-1.000	32	-0.377
market-breadth-trend-strategy/family5	15m	1	56	-0.055	-3.1	39	-0.100	17	0.049	89	-0.102
serhan-1-wma-adx-trailing-date-filter/family5	15m	1	4	-0.980	-3.9	3	-1.000	1	-0.920	12	-0.385
15m-nifty-multi-day-swing-target-engine-v1-0/family5	15m	2	8	-0.473	-3.8	4	-0.569	4	-0.377	32	-0.518
twe-2-bar-break-strategy/family5	15m	2	44	-0.205	-9.0	34	-0.168	10	-0.330	165	-0.136
manoj-betrayed-me/family5	15m	1	36	-0.028	-1.0	22	0.060	14	-0.165	78	-0.034
double-tap/family5	15m	3	8	-0.258	-2.1	5	-0.373	3	-0.066	32	-0.298
btcusd-4h-ema-swing-strategy/family5	15m	2	9	-0.345	-3.1	7	-0.170	2	-0.954	25	-0.318
session-king-alma-with-session-filter/family5	15m	1	20	-0.217	-4.3	13	-0.079	7	-0.473	36	-0.228
simple-breakout-strategy-santana/family5	15m	2	9	-0.562	-5.1	6	-0.575	3	-0.536	40	-0.167
ahlenaz/family5	15m	1	23	0.080	1.8	20	-0.018	3	0.736	37	0.073
ema-40-pullback-pyramid-strategy/family5	15m	4	12	-0.518	-6.2	9	-0.376	3	-0.944	105	-0.248
ll-momentum-and-curl-master/family5	15m	1	17	0.716	12.2	12	0.419	5	1.428	43	0.307
fair-value-gap-strategy/family5	15m	3	36	-0.154	-5.5	27	-0.132	9	-0.220	176	-0.256
new-era-strategy-1-0/family5	15m	1	3	-0.455	-1.4	3	-0.455	0	0.000	7	-0.563
nse-elite-strategy-v6-full-system/family5	15m	1	5	0.104	0.5	4	-0.132	1	1.048	12	-0.208
katana-v5-pro-fvg-50-model/family5	15m	1	15	0.037	0.6	10	-0.099	5	0.309	33	0.122
quanloki-qqe-system-opposite-signal-only-points/family5	15m	3	18	-0.198	-3.6	14	-0.061	4	-0.678	59	-0.207
adaptive-multi-factor-v1-update-9-years/family5	15m	3	33	-0.537	-17.7	21	-0.455	12	-0.680	126	-0.180
silver-surfer/family5	15m	3	35	-0.130	-4.5	26	-0.099	9	-0.220	170	-0.253
atm-adaptive-zone-momentum-scalper-1h/family5	15m	4	36	-0.339	-12.2	22	-0.190	14	-0.572	361	-0.205
ema-9-vwap-strategy-with-atr-trailing-stop-win-the-trade/family5	15m	2	14	0.148	2.1	12	0.141	2	0.189	48	-0.223
atm/family5	15m	4	36	-0.339	-12.2	22	-0.190	14	-0.572	361	-0.205
fast-scalper-with-stops/family5	15m	4	7	-0.421	-2.9	6	-0.325	1	-1.000	101	-0.265
fast-scalper-with-stops-tv-strategies/family5	15m	4	7	-0.421	-2.9	6	-0.325	1	-1.000	101	-0.265
fast-scalper-with-stops-tv-strategies-cg3o8g9a/family5	15m	4	13	-0.435	-5.7	7	-0.500	6	-0.359	38	-0.287
adaptive-multi-facto-9-years/family5	15m	3	21	-0.518	-10.9	15	-0.582	6	-0.359	79	-0.197
fast-scalper-with-stops-tv-strategies-mcwal9oa/family5	15m	4	7	-0.421	-2.9	6	-0.325	1	-1.000	101	-0.265
sttrend-tp-lock-added/family5	15m	2	5	-0.418	-2.1	4	-0.292	1	-0.922	23	-0.056
9-ema-20-ema-retest-strategy/family5	15m	4	0	0.000	0.0	0	0.000	0	0.000	16	0.015
clean-vwap-zl-scalper-single-trigger-by-david/family5	15m	2	23	-0.194	-4.5	15	-0.051	8	-0.463	69	-0.246
clean-vwap-zl-scalper-single-trigger-by-sandip/family5	15m	2	23	-0.194	-4.5	15	-0.051	8	-0.463	69	-0.246
spike-ea-trade-strategy/family5	15m	4	39	-0.245	-9.6	30	-0.213	9	-0.350	391	-0.215
good-luck/family5	15m	2	8	-0.291	-2.3	4	-0.181	4	-0.401	26	-0.292
nasdaq-oro-bruto-24h-mejorada/family5	15m	1	31	-0.288	-8.9	22	-0.178	9	-0.559	54	-0.203
nasdaq-nq-24h-mejorada/family5	15m	1	31	-0.288	-8.9	22	-0.178	9	-0.559	54	-0.203
concordance-execution-model/family5	15m	1	20	0.054	1.1	17	-0.029	3	0.524	38	0.069
zr-grizzly/family5	15m	4	25	-0.383	-9.6	17	-0.291	8	-0.581	57	-0.371
caldera-meridian-strategy/family5	15m	1	12	-0.302	-3.6	9	-0.214	3	-0.567	23	-0.253
frosty-alerts/family5	15m	2	93	-0.128	-11.9	57	-0.049	36	-0.252	1359	-0.143
enso-usdt-12h-trend-pullback-sniper/family5	15m	2	6	-0.298	-1.8	4	-0.550	2	0.205	24	-0.072
sebbiottino-trailing-stop-so-good-ger40-1m/family5	15m	4	7	-0.572	-4.0	4	-0.575	3	-0.568	94	-0.259
tradingview-bot-trailing-15-min/family5	15m	2	3	-0.200	-0.6	2	-0.394	1	0.186	17	-0.376
ut-bot-shah-200-50-ema/family5	15m	1	15	0.352	5.3	11	0.459	4	0.060	25	0.132
tradingview-bot-goat/family5	15m	2	3	-0.200	-0.6	2	-0.394	1	0.186	17	-0.376
my-strategy-9/family5	15m	2	9	-0.562	-5.1	6	-0.575	3	-0.536	40	-0.167
regime-execution-strategy/family5	15m	1	20	-0.247	-4.9	11	-0.024	9	-0.520	31	-0.180
gold-ai-strategy-v2-0/family5	15m	1	13	-0.436	-5.7	7	-0.318	6	-0.573	25	-0.308
zeta9-v6/family5	15m	4	18	-0.509	-9.2	9	-0.180	9	-0.837	105	-0.351
btc-averages-strategy-long-short/family5	15m	2	6	-0.300	-1.8	4	-0.246	2	-0.407	25	-0.284
20-200-sma-strategy/family5	15m	3	27	-0.547	-14.8	16	-0.481	11	-0.643	61	-0.476
liquidity-entry-zones-strategy-2-0/family5	15m	4	15	-0.500	-7.5	8	-0.458	7	-0.548	97	-0.236
ultimate-smc-emas-day-trading-strategy/family5	15m	2	3	-0.605	-1.8	1	-1.000	2	-0.407	6	-0.536
concordance-allocation-strategy/family5	15m	1	18	0.165	3.0	11	0.170	7	0.156	46	-0.016
amit-eth-strategy/family5	15m	1	14	0.097	1.4	9	0.285	5	-0.243	44	-0.064
amit-eth-strategy-tv-strategies/family5	15m	1	14	0.097	1.4	9	0.285	5	-0.243	44	-0.064
moja-strategia-harami-bb/family5	15m	4	10	-0.291	-2.9	8	-0.114	2	-1.000	52	-0.138
moja-strategia-harami-bb-tv-strategies/family5	15m	4	10	-0.291	-2.9	8	-0.114	2	-1.000	52	-0.138
silverstream-v2/family5	15m	2	30	-0.425	-12.7	17	-0.369	13	-0.497	103	-0.250
mgc-wyckoff-second-breakout-v3-candle-rr/family5	15m	1	30	-0.073	-2.2	20	0.014	10	-0.247	61	0.076
5m-sol-scalper-ha-lorentzian/family5	15m	2	7	-0.645	-4.5	3	-0.599	4	-0.679	30	-0.245
asian-box-breakout-strategy/family5	15m	1	3	0.598	1.8	3	0.598	0	0.000	5	-0.025
bollinger-bands-rsi-live-radar-strategy/family5	15m	1	15	-0.333	-5.0	13	-0.237	2	-0.957	19	-0.375
concord-execution-mandate/family5	15m	4	10	-0.594	-5.9	9	-0.548	1	-1.000	99	-0.288
super-rsi-strategy/family5	15m	2	37	-0.067	-2.5	28	-0.153	9	0.201	148	-0.056
super-rsi-strategy-tv-strategies-nng1sppd/family5	15m	2	37	-0.067	-2.5	28	-0.153	9	0.201	148	-0.056
super-rsi-strategy-tv-strategies/family5	15m	2	37	-0.067	-2.5	28	-0.153	9	0.201	148	-0.056
box-breakout-strategy-dt4b-trader/family5	15m	1	35	-0.210	-7.3	25	-0.211	10	-0.205	74	-0.122
sma-strategy/family5	15m	1	67	-0.111	-7.4	43	-0.142	24	-0.055	173	-0.220
3commas-pullback-sniper-strategy/family5	15m	2	9	-0.288	-2.6	7	-0.084	2	-1.000	15	-0.011
big-daddy-max-orb-strategy/family5	15m	1	19	-0.228	-4.3	11	-0.082	8	-0.428	35	-0.377
ttm-momentum-histo-9-ema-21-ema-debit-spread-script/family5	15m	4	2	-0.954	-1.9	1	-1.000	1	-0.909	48	-0.124
beginner-trend-risk-model-ema-rsi/family5	15m	1	33	-0.220	-7.3	18	-0.143	15	-0.311	92	-0.281
rr-master-lc/family5	15m	2	1	0.228	0.2	1	0.228	0	0.000	15	-0.083
ai-triple-confirmation-strategy/family5	15m	1	13	0.156	2.0	10	0.248	3	-0.152	29	-0.064
parallax-covenant-strategy/family5	15m	4	5	-0.443	-2.2	5	-0.443	0	0.000	66	-0.128
ema-dmi-macd-rsi-strategy/family5	15m	1	11	-0.063	-0.7	8	-0.133	3	0.124	35	0.031
albtrader-nq-beast-supertrend-macd-rsi/family5	15m	1	12	0.136	1.6	8	0.379	4	-0.351	30	0.110
simple-smart-buy-sell-strategy/family5	15m	4	1	-0.909	-0.9	0	0.000	1	-0.909	95	-0.147
options-momentum-bias-strategy-v2/family5	15m	1	13	-0.293	-3.8	7	-0.086	6	-0.534	28	-0.366
strategy-461-ts-m15/family5	15m	4	8	-0.217	-1.7	8	-0.217	0	0.000	66	-0.159
take-liquidity-multi-time-frame-tradesystem/family5	15m	1	6	0.089	0.5	3	0.142	3	0.036	8	0.434
lvn-rejection-acceptance-strategy/family5	15m	1	42	0.139	5.8	27	0.067	15	0.268	95	-0.025
autotrade-bot-v12/family5	15m	2	14	-0.301	-4.2	11	-0.221	3	-0.595	18	-0.203
adaptive-s-r-reversal-rsi-divergence-dca-be-stop-5m/family5	15m	3	4	-0.079	-0.3	2	-0.396	2	0.237	25	-0.315
albtrader-nq-btc-gold-multi-tf-signal-bot-v2/family5	15m	2	4	-0.264	-1.1	3	-0.018	1	-1.000	24	-0.135
nq-scalp-fix-signals/family5	15m	1	24	0.068	1.6	17	0.100	7	-0.010	49	-0.143
ema-crossx/family5	15m	3	12	-0.201	-2.4	8	-0.110	4	-0.382	22	-0.384
scalping-reversal-strategy/family5	15m	2	17	-0.251	-4.3	13	-0.138	4	-0.617	38	-0.143
strategy-432-btc-donchian-breakout-continuation/family5	15m	1	18	-0.226	-4.1	11	-0.010	7	-0.566	23	-0.158
strategy-250-xauusd-composite-quality-score/family5	15m	2	6	-0.334	-2.0	4	-0.001	2	-1.000	12	-0.339
scalping-entry-exit-indicator-by-diget/family5	15m	2	54	-0.082	-4.5	34	0.090	20	-0.376	246	-0.120
scalping-ichimoku/family5	15m	1	5	-0.127	-0.6	2	-0.384	3	0.045	19	-0.126
scalper-s-moving-average-dyna/family5	15m	2	8	-0.560	-4.5	7	-0.509	1	-0.920	48	0.032
thrax-quickstrike-5-mins-scalping/family5	15m	1	13	-0.398	-5.2	10	-0.355	3	-0.542	28	-0.469
9-15-ema-scalper/family5	15m	1	16	-0.167	-2.7	11	-0.182	5	-0.136	37	-0.229
parabolic-sar-heikin-ashi-mtf-candle-scalper/family5	15m	2	11	-0.482	-5.3	8	-0.595	3	-0.179	70	-0.122
scalpers-macd-vwap-filter/family5	15m	2	13	-0.086	-1.1	8	0.304	5	-0.710	35	-0.044
swing-reversal-auto-targets-jpt-module-1/family5	15m	1	39	0.077	3.0	30	0.047	9	0.173	72	-0.027
swing-failure-pattern-sfp-engine-agpro-series/family5	15m	1	16	-0.531	-8.5	6	-0.450	10	-0.579	22	-0.469
swing-gradient-tpos-boswaves/family5	15m	1	32	-0.326	-10.4	19	-0.348	13	-0.295	49	-0.276
contrarian-scalping-counter-trend-bb-envelope-adx-and-stochastic/family5	15m	3	111	-0.194	-21.6	71	-0.132	40	-0.304	1846	-0.115
ms-hypersupertrend/family5	15m	1	11	-0.237	-2.6	10	-0.324	1	0.634	14	-0.308
fast-v-slow-moving-averages-strategy-variable-divonn1994/family5	15m	1	1	-1.000	-1.0	0	0.000	1	-1.000	20	-0.091
god-of-scalping-btc/family5	15m	2	17	-0.240	-4.1	16	-0.193	1	-1.000	54	-0.133
clean-multi-indicator-alignment-system/family5	15m	2	11	-0.295	-3.2	9	-0.138	2	-1.000	44	-0.262
market-direction-strength-mds/family5	15m	1	31	0.204	6.3	22	0.237	9	0.125	74	0.082
concordance-strategy/family5	15m	2	2	-0.157	-0.3	2	-0.157	0	0.000	7	-0.588
consensus/family7	15m	4	33	-0.051	-1.7	19	0.007	14	-0.129		
consensus/family7	15m	5	28	-0.149	-4.2	16	-0.078	12	-0.245		
consensus/family7	15m	6	15	-0.025	-0.4	9	0.269	6	-0.465		
consensus/family7	15m	7	14	-0.062	-0.9	8	0.240	6	-0.465		
abcd-harmonic-projection/family7	15m	1	6	-0.078	-0.5	4	0.065	2	-0.364	11	-0.127
pulse-trend-radar/family7	15m	2	6	-0.587	-3.5	3	-0.594	3	-0.580	21	-0.261
kinetic-momentum-vectors/family7	15m	2	7	0.022	0.2	5	-0.279	2	0.775	17	0.109
stealthtrail-supertrend/family7	15m	4	2	0.432	0.9	1	0.576	1	0.288	25	-0.168
dynamic-trend-bands-anchored-vwap-signals/family7	15m	2	17	0.086	1.5	11	0.236	6	-0.189	21	0.036
swing-volume-profile-pro/family7	15m	1	15	0.275	4.1	9	-0.107	6	0.848	26	-0.254
pivot-channel-breaks/family7	15m	1	18	-0.073	-1.3	10	-0.186	8	0.069	20	-0.064
triangular-hull-moving-average-volatility/family7	15m	2	12	-0.372	-4.5	8	-0.226	4	-0.664	15	-0.411
elliott-wave/family7	15m	2	8	0.486	3.9	6	0.475	2	0.518	17	-0.151
smart-money-breakout-signals/family7	15m	1	5	-0.970	-4.8	3	-0.950	2	-1.000	13	-0.526
high-volume-breakout-targets/family7	15m	1	4	0.662	2.6	2	1.672	2	-0.348	8	0.226
stealthtrail-supertrend-ml-pro/family7	15m	2	7	-0.470	-3.3	5	-0.757	2	0.249	21	-0.186
session-killzones-breakouts/family7	15m	2	12	-0.067	-0.8	7	0.244	5	-0.503	28	0.014
smart-swing-vwap-zeiierman/family7	15m	1	12	-0.314	-3.8	7	0.008	5	-0.765	19	-0.286
supertrend-cluster-zeiierman/family7	15m	1	7	-0.064	-0.4	2	-0.357	5	0.054	18	0.084
bollinger-bands-forecast-with-signals-zeiierman/family7	15m	4	7	-0.488	-3.4	5	-0.283	2	-1.000	14	-0.205
market-memory-average-zeiierman/family7	15m	2	3	0.790	2.4	2	1.099	1	0.172	17	-0.111
ai-predictive-flow-zeiierman/family7	15m	6	3	0.405	1.2	1	1.151	2	0.033	94	-0.234
volume-supertrend-ai-expo/family7	15m	1	6	0.141	0.8	3	-0.438	3	0.719	15	0.055
momentum-sequence-strategy/family7	15m	2	4	-0.592	-2.4	3	-1.000	1	0.634	8	0.486
trend-survival-matrix/family7	15m	2	2	-0.354	-0.7	1	0.213	1	-0.920	16	-0.263
smart-flow-imbalance/family7	15m	2	10	-0.062	-0.6	8	-0.107	2	0.115	24	0.020
anchored-value-distribution-oscillator-zeiierman/family7	15m	4	44	-0.182	-8.0	30	-0.151	14	-0.249	249	-0.162
ema-trend-pro/family7	15m	2	2	-0.354	-0.7	1	0.213	1	-0.920	7	-0.330
macd-matrix/family7	15m	1	17	-0.223	-3.8	10	-0.103	7	-0.396	17	-0.223
ema-trend-signals/family7	15m	2	2	-0.354	-0.7	1	0.213	1	-0.920	16	-0.263
trend-pullback-guard/family7	15m	2	25	-0.198	-4.9	16	-0.044	9	-0.472	55	-0.105
rsi-market-regime/family7	15m	4	4	0.225	0.9	2	0.247	2	0.202	43	-0.184
adaptive-atr-extension-scanner/family7	15m	2	29	-0.090	-2.6	21	0.019	8	-0.376	38	0.044
sams-early-morning-range-lines/family7	15m	1	12	-0.126	-1.5	5	-0.418	7	0.083	21	-0.266
swing-multi-moving-averages-crypto-and-stocks-strategy/family7	15m	5	75	-0.135	-10.1	51	-0.081	24	-0.251	147	-0.066
machine-learning-rsi-ai-classification-ranking-zeiierman/family7	15m	3	5	0.083	0.4	4	0.032	1	0.288	21	-0.038
weekend-hunter-ultimate-v6-2/family7	15m	5	0	0.000	0.0	0	0.000	0	0.000	2	0.494
williams-r-zone-scalper-v1-0-bullbyte/family7	15m	3	9	-0.190	-1.7	7	0.041	2	-1.000	24	-0.245
smart-grid-scalping-pullback-strategy-bullbyte/family7	15m	1	8	-0.126	-1.0	5	-0.096	3	-0.177	17	-0.263
macd-pullback-sniper-trend-adx-filtered-strategy/family7	15m	2	5	-0.512	-2.6	5	-0.512	0	0.000	6	-0.374
ema-pullback-trend-continuation-strategy-with-volume-and-momentu/family7	15m	2	8	0.360	2.9	7	-0.238	1	4.543	14	0.199
golden-trident-swing-anchored-vwap-trend-system/family7	15m	1	6	-0.758	-4.5	3	-0.599	3	-0.917	6	-0.758
pro-scalper-ai-bullbyte/family7	15m	2	36	-0.048	-1.7	24	-0.007	12	-0.129	167	-0.187
execution-aware-trend/family7	15m	4	3	-0.150	-0.4	2	0.275	1	-1.000	14	-0.481
coil-breaker-rsi-range-compression/family7	15m	1	9	0.446	4.0	7	0.691	2	-0.410	14	-0.158
channel-reversion-system/family7	15m	4	7	-0.786	-5.5	6	-0.751	1	-1.000	8	-0.813
slope-ma-cross-acc-range-filter/family7	15m	2	12	0.497	6.0	8	0.543	4	0.405	27	0.180
trendshift-supertrend-adx-regime-adaptive-strategy/family7	15m	1	5	-0.176	-0.9	4	0.010	1	-0.920	16	-0.420
dnse-vn301-sma-34-89-dual-slope-strategy/family7	15m	4	21	-0.307	-6.4	15	-0.306	6	-0.309	58	-0.187
stacklight-mtf-mtf-momentum-stack-stochastic-confluence/family7	15m	4	5	0.102	0.5	4	0.074	1	0.211	23	-0.047
fair-value-gap-strategy-with-break-of-structure-confirmation/family7	15m	4	12	-0.012	-0.1	11	-0.097	1	0.921	70	-0.084
bist30-to-sp-500-atr-momentum-rider/family7	15m	4	17	-0.238	-4.1	15	-0.142	2	-0.957	32	-0.225
elite-hybrid-orb/family7	15m	3	13	-0.189	-2.5	9	0.171	4	-1.000	36	-0.231
tradleware-dca/family7	15m	3	25	0.145	3.6	21	0.300	4	-0.668	33	0.091
ultimate-prop-firm/family7	15m	1	7	-0.407	-2.8	5	-0.431	2	-0.348	12	-0.437
cloud-pro-ichimoku-confluence/family7	15m	4	6	0.043	0.3	5	0.010	1	0.211	36	-0.022
pg-mcx-silver-long-v6-mtf-momentum-profit-trailing/family7	15m	2	52	-0.041	-2.1	27	0.075	25	-0.167	67	-0.074
dnse-vn301-bollinger-bands-break-out-strategy/family7	15m	1	5	-0.425	-2.1	2	-0.927	3	-0.091	10	-0.286
nnfx-btc-ssl-qqe-signalforge/family7	15m	4	15	-0.014	-0.2	11	-0.113	4	0.260	84	-0.273
hyperliquid-ready-webhook-strategy-template/family7	15m	2	4	-0.361	-1.4	1	0.213	3	-0.553	19	-0.313
ema-25-68-bist30-futures/family7	15m	1	4	0.042	0.2	2	0.199	2	-0.114	18	-0.421
trend-efficiency-framework/family7	15m	1	11	0.124	1.4	7	0.112	4	0.146	19	0.246
webhook-alert-strategy-template/family7	15m	2	4	-0.676	-2.7	2	-0.391	2	-0.962	18	-0.368
vwap-mean-reversion-strategy-with-session-and-volume-filter/family7	15m	1	18	-0.476	-8.6	9	-0.706	9	-0.245	34	-0.553
fractal-memory-strategy/family7	15m	1	4	-0.644	-2.6	2	-0.920	2	-0.368	9	-0.406
adaptive-atr-scalper-instant-lock-version/family7	15m	1	8	0.197	1.6	5	0.327	3	-0.019	19	0.061
btc-trend-momentum-strategy/family7	15m	4	8	-0.436	-3.5	7	-0.528	1	0.212	17	0.188
tp-sl-toolkit/family7	15m	4	5	0.120	0.6	3	0.412	2	-0.319	42	-0.235
orb-pro-session-breakout-scalper/family7	15m	3	28	-0.162	-4.5	15	-0.125	13	-0.205	54	-0.282
donchian-breakout-with-atr-trailing-stop-trend-following/family7	15m	2	28	-0.084	-2.4	20	-0.046	8	-0.179	42	-0.034
ineficient-market/family7	15m	1	1	-1.000	-1.0	1	-1.000	0	0.000	1	-1.000
super-trend-signal-engine-quantum-edge/family7	15m	2	7	-0.386	-2.7	5	-0.172	2	-0.921	23	-0.056
dual-bollinger-band-cross-strategy-v6/family7	15m	4	16	-0.264	-4.2	10	-0.076	6	-0.578	52	-0.134
optimized-doji-breakout-strategy-short-only-v6/family7	15m	1	5	-0.428	-2.1	3	-0.072	2	-0.963	48	-0.249
atr-trailing-stop-strategy-with-ema-trend-filter/family7	15m	1	4	-0.400	-1.6	4	-0.400	0	0.000	8	-0.537
smoothed-heiken-ashi-strategy-v1/family7	15m	1	5	0.018	0.1	4	-0.107	1	0.517	31	-0.068
xau-clear-ema-atr-strategy-tp-sl-voice-v6-clean-tp/family7	15m	2	19	-0.003	-0.0	11	-0.011	8	0.010	39	-0.050
xau-clear-ema-atr-strategy-tp-sl-voice-v6/family7	15m	2	19	-0.003	-0.0	11	-0.011	8	0.010	39	-0.050
smc-clean-4h-zones-center-labels-hh-hl-ll-lh/family7	15m	3	70	-0.169	-11.9	40	-0.048	30	-0.332	277	-0.096
bps-v17-strong-trend-filter/family7	15m	2	17	0.078	1.3	13	-0.030	4	0.431	19	0.132
apex-fusion-ai-smart-trend-engine/family7	15m	2	34	-0.122	-4.1	26	0.049	8	-0.677	74	-0.150
bps-v17-strong-trend-filter-tv-strategies/family7	15m	2	17	0.078	1.3	13	-0.030	4	0.431	19	0.132
vwap-points-percent-ticks-strategy/family7	15m	6	5	-0.091	-0.5	4	0.114	1	-0.909	105	-0.215
btc-8am-pattern-breakout-instant-entry/family7	15m	4	5	-0.391	-2.0	2	0.486	3	-0.975	42	-0.255
vwap-stdev-bands-reversal-strategy/family7	15m	5	17	-0.062	-1.1	11	0.045	6	-0.259	56	-0.222
bollinger-squeeze-breakout-volume/family7	15m	4	4	-0.640	-2.6	1	0.278	3	-0.946	23	-0.229
reverse-bb-kc/family7	15m	4	3	0.378	1.1	3	0.378	0	0.000	23	-0.419
blueprint-vol/family7	15m	1	7	-0.554	-3.9	3	-0.392	4	-0.675	13	-0.500
l-l-htf-trend-cloud-strategy-joe-freedom/family7	15m	1	0	0.000	0.0	0	0.000	0	0.000	0	0.000
mcginley-t3-flow-campaign-nick789-v-1/family7	15m	4	7	-0.467	-3.3	7	-0.467	0	0.000	20	-0.320
arbf-strategy-v1-8/family7	15m	1	4	0.452	1.8	3	0.157	1	1.337	8	0.288
initial-balance-bo-strategy/family7	15m	4	6	-0.758	-4.6	4	-0.960	2	-0.356	28	-0.522
tomukas-daily-scale-in/family7	15m	6	2	-1.000	-2.0	2	-1.000	0	0.000	18	-0.442
trend-persistence-analysis-framework/family7	15m	2	48	-0.136	-6.5	27	-0.114	21	-0.164	90	-0.142
10-tech-indexes-score-system/family7	15m	2	18	0.125	2.2	14	0.089	4	0.249	29	-0.001
ewo-rsi-advanced-signals-strategy-exhaustion-filter/family7	15m	4	18	-0.272	-4.9	15	-0.290	3	-0.183	60	-0.265
scam-or-slam-day-trading-rauf-strategy/family7	15m	1	10	-0.626	-6.3	7	-0.650	3	-0.571	16	-0.627
bb-kc-squeeze-breakout/family7	15m	4	2	0.275	0.6	2	0.275	0	0.000	18	-0.005
high-activity-penny-stock-strategy-v6/family7	15m	4	6	-0.082	-0.5	3	0.382	3	-0.546	22	0.121
kaufman-moving-average-adaptive-strategy-by-mkb/family7	15m	4	9	-0.143	-1.3	6	0.054	3	-0.537	33	-0.122
ac20-55emagdcrosstest/family7	15m	2	3	-0.175	-0.5	1	0.218	2	-0.372	17	-0.295
bollinger-bands-simple-strategy/family7	15m	4	18	-0.247	-4.4	13	-0.068	5	-0.712	70	-0.216
ai-slop-holy-grail-trap-btc-1h-non-repainting-overfit/family7	15m	2	14	-0.386	-5.4	9	-0.197	5	-0.726	21	-0.529
adaptive-dual-engine-strategy-momentum-mean-reversion/family7	15m	5	10	-0.700	-7.0	9	-0.666	1	-1.000	135	-0.202
estrategia-dpo-artedejubilarte/family7	15m	4	9	-0.251	-2.3	3	0.391	6	-0.573	49	-0.239
nasrul-fib-sr-m5/family7	15m	1	25	0.012	0.3	17	0.006	8	0.024	45	-0.168
multi-timeframe-trend-alignment-framework/family7	15m	2	4	-0.676	-2.7	2	-0.391	2	-0.962	8	-0.513
9-21ema-anji/family7	15m	2	4	0.075	0.3	3	0.004	1	0.288	8	0.069
volatility-surge-strategy/family7	15m	4	14	-0.204	-2.9	11	-0.102	3	-0.577	22	0.021
master-structural-engine/family7	15m	2	6	-0.400	-2.4	4	-0.397	2	-0.407	13	-0.297
yuri-garcia-narrow-state-strategy-ygils/family7	15m	2	6	-0.308	-1.8	2	-0.137	4	-0.393	24	-0.039
supertrend-bb-strategy/family7	15m	2	5	-0.500	-2.5	4	-0.697	1	0.288	21	-0.181
trend-pivot-scale-in/family7	15m	2	7	-0.212	-1.5	7	-0.212	0	0.000	19	-0.008
engulfing-mitigation-strategy/family7	15m	2	49	-0.077	-3.8	29	0.034	20	-0.238	141	-0.111
vumanchu-wt-zero-cross-strategy-v1-2-2/family7	15m	4	6	0.186	1.1	3	0.543	3	-0.171	54	-0.242
vumanchu-wt-zero-cross-strategy-v1-2-3/family7	15m	4	5	0.167	0.8	2	0.675	3	-0.171	40	-0.237
bb-macd-v6-1-5-qing-smart-distribution/family7	15m	2	26	-0.302	-7.9	17	-0.269	9	-0.364	34	-0.117
vishall-ema-9-20-50-200-dmi-adx-strategy/family7	15m	4	5	-0.247	-1.2	5	-0.247	0	0.000	29	-0.096
vumanchu-wt-zero-cross-v1-1b/family7	15m	4	6	0.186	1.1	3	0.543	3	-0.171	54	-0.242
velocity-breakout-strategy-vbs/family7	15m	2	4	0.185	0.7	1	1.353	3	-0.204	23	-0.337
nifty-supertrend-ce-strategy-alice-blue/family7	15m	2	7	-0.643	-4.5	5	-0.757	2	-0.356	22	-0.312
obs-volume-spike-reaction-fade/family7	15m	1	17	-0.198	-3.4	6	-0.037	11	-0.286	29	-0.317
ultimate-pattern-engine-ema-stochastic-by-rony/family7	15m	2	78	0.036	2.8	53	0.097	25	-0.092	175	-0.091
fair-value-gap-continuation-framework/family7	15m	4	16	-0.097	-1.6	13	-0.137	3	0.074	95	-0.234
surgical-sweep-original-restored/family7	15m	4	7	-0.769	-5.4	6	-0.731	1	-1.000	19	-0.278
qqe-channel-strategy/family7	15m	4	5	-0.067	-0.3	2	0.651	3	-0.546	47	-0.201
orb-fib-breakout-signals-strategy/family7	15m	2	16	0.048	0.8	11	0.395	5	-0.714	36	-0.313
ut-bot-v2-atr-trailing-stop/family7	15m	4	38	-0.217	-8.3	26	-0.080	12	-0.515	169	-0.221
sma-4-sma-30/family7	15m	4	4	-0.259	-1.0	2	0.482	2	-1.000	54	-0.361
egan-s-pure-structure-s-d-strategy-backtest/family7	15m	5	29	-0.134	-3.9	22	-0.091	7	-0.269	113	-0.136
dca-grid-15-orders-1-1-step-1-8-tp/family7	15m	1	35	0.013	0.5	26	0.063	9	-0.132	36	0.035
institutional-ob-entry-exit-sl-strategy/family7	15m	2	12	0.204	2.4	8	0.337	4	-0.062	22	-0.138
supertrend-strategy/family7	15m	2	7	-0.643	-4.5	5	-0.757	2	-0.356	26	-0.197
smart-trend-strategy-julzalgo/family7	15m	2	13	-0.106	-1.4	7	0.113	6	-0.361	28	-0.305
alphamojo-supertrend-strategy-ha-with-buffer/family7	15m	1	5	-0.602	-3.0	2	-0.087	3	-0.946	16	-0.455
macd-crossover-strategy/family7	15m	5	25	-0.228	-5.7	16	0.040	9	-0.703	106	-0.190
expma-analysis/family7	15m	2	14	0.077	1.1	8	-0.579	6	0.953	18	-0.091
tjr-v4-strategy/family7	15m	4	10	-0.071	-0.7	8	-0.010	2	-0.313	53	-0.290
scalping-london-new-york-strategy/family7	15m	3	58	0.023	1.3	47	-0.051	11	0.340	106	-0.042
serhan1-wma-rsi-trailing-scalp-date-filter/family7	15m	2	10	-0.446	-4.5	8	-0.317	2	-0.960	32	-0.377
market-breadth-trend-strategy/family7	15m	2	53	-0.159	-8.4	37	-0.187	16	-0.094	89	-0.102
serhan-1-wma-adx-trailing-date-filter/family7	15m	2	3	-0.973	-2.9	2	-1.000	1	-0.920	12	-0.385
15m-nifty-multi-day-swing-target-engine-v1-0/family7	15m	2	12	-0.644	-7.7	6	-0.985	6	-0.303	32	-0.518
twe-2-bar-break-strategy/family7	15m	2	71	-0.008	-0.6	49	-0.025	22	0.029	165	-0.136
manoj-betrayed-me/family7	15m	2	33	-0.003	-0.1	21	0.019	12	-0.040	78	-0.034
double-tap/family7	15m	2	15	-0.290	-4.3	9	-0.468	6	-0.023	32	-0.298
btcusd-4h-ema-swing-strategy/family7	15m	4	6	-0.315	-1.9	4	0.005	2	-0.954	25	-0.318
session-king-alma-with-session-filter/family7	15m	1	23	-0.210	-4.8	14	-0.145	9	-0.312	36	-0.228
simple-breakout-strategy-santana/family7	15m	4	3	-0.516	-1.5	1	-0.939	2	-0.304	40	-0.167
ahlenaz/family7	15m	2	21	0.098	2.1	18	-0.008	3	0.736	37	0.073
ema-40-pullback-pyramid-strategy/family7	15m	6	6	-0.434	-2.6	4	-0.192	2	-0.917	105	-0.248
ll-momentum-and-curl-master/family7	15m	2	16	0.823	13.2	11	0.549	5	1.428	43	0.307
fair-value-gap-strategy/family7	15m	3	58	-0.038	-2.2	36	0.080	22	-0.232	176	-0.256
new-era-strategy-1-0/family7	15m	1	3	-0.455	-1.4	3	-0.455	0	0.000	7	-0.563
nse-elite-strategy-v6-full-system/family7	15m	1	5	0.104	0.5	4	-0.132	1	1.048	12	-0.208
katana-v5-pro-fvg-50-model/family7	15m	2	15	0.037	0.6	10	-0.099	5	0.309	33	0.122
quanloki-qqe-system-opposite-signal-only-points/family7	15m	4	13	-0.171	-2.2	10	-0.051	3	-0.571	59	-0.207
adaptive-multi-factor-v1-update-9-years/family7	15m	4	21	-0.326	-6.8	11	-0.173	10	-0.495	126	-0.180
silver-surfer/family7	15m	3	57	-0.023	-1.3	36	0.080	21	-0.200	170	-0.253
atm-adaptive-zone-momentum-scalper-1h/family7	15m	4	55	-0.246	-13.5	32	-0.112	23	-0.433	361	-0.205
ema-9-vwap-strategy-with-atr-trailing-stop-win-the-trade/family7	15m	6	4	0.298	1.2	3	0.336	1	0.186	48	-0.223
atm/family7	15m	4	55	-0.246	-13.5	32	-0.112	23	-0.433	361	-0.205
fast-scalper-with-stops/family7	15m	4	13	-0.096	-1.3	8	0.287	5	-0.710	101	-0.265
fast-scalper-with-stops-tv-strategies/family7	15m	4	13	-0.096	-1.3	8	0.287	5	-0.710	101	-0.265
fast-scalper-with-stops-tv-strategies-cg3o8g9a/family7	15m	4	13	-0.440	-5.7	6	-0.427	7	-0.450	38	-0.287
adaptive-multi-facto-9-years/family7	15m	5	13	-0.320	-4.2	9	-0.437	4	-0.058	79	-0.197
fast-scalper-with-stops-tv-strategies-mcwal9oa/family7	15m	4	13	-0.096	-1.3	8	0.287	5	-0.710	101	-0.265
sttrend-tp-lock-added/family7	15m	2	7	-0.386	-2.7	5	-0.172	2	-0.921	23	-0.056
9-ema-20-ema-retest-strategy/family7	15m	2	4	-0.049	-0.2	4	-0.049	0	0.000	16	0.015
clean-vwap-zl-scalper-single-trigger-by-david/family7	15m	6	3	0.104	0.3	3	0.104	0	0.000	69	-0.246
clean-vwap-zl-scalper-single-trigger-by-sandip/family7	15m	6	3	0.104	0.3	3	0.104	0	0.000	69	-0.246
spike-ea-trade-strategy/family7	15m	4	52	-0.150	-7.8	38	-0.073	14	-0.360	391	-0.215
good-luck/family7	15m	4	5	-0.103	-0.5	3	0.092	2	-0.394	26	-0.292
nasdaq-oro-bruto-24h-mejorada/family7	15m	2	28	-0.279	-7.8	20	-0.185	8	-0.515	54	-0.203
nasdaq-nq-24h-mejorada/family7	15m	2	28	-0.279	-7.8	20	-0.185	8	-0.515	54	-0.203
concordance-execution-model/family7	15m	2	19	0.105	2.0	16	0.026	3	0.524	38	0.069
zr-grizzly/family7	15m	6	5	-0.652	-3.3	3	-0.446	2	-0.962	57	-0.371
caldera-meridian-strategy/family7	15m	2	11	-0.247	-2.7	8	-0.127	3	-0.567	23	-0.253
frosty-alerts/family7	15m	4	65	-0.027	-1.7	41	0.106	24	-0.254	1359	-0.143
enso-usdt-12h-trend-pullback-sniper/family7	15m	4	4	-0.277	-1.1	3	-0.428	1	0.176	24	-0.072
sebbiottino-trailing-stop-so-good-ger40-1m/family7	15m	3	35	-0.112	-3.9	21	-0.219	14	0.047	94	-0.259
tradingview-bot-trailing-15-min/family7	15m	2	4	-0.361	-1.4	1	0.213	3	-0.553	17	-0.376
ut-bot-shah-200-50-ema/family7	15m	2	11	0.425	4.7	7	0.633	4	0.060	25	0.132
tradingview-bot-goat/family7	15m	2	4	-0.361	-1.4	1	0.213	3	-0.553	17	-0.376
my-strategy-9/family7	15m	4	3	-0.516	-1.5	1	-0.939	2	-0.304	40	-0.167
regime-execution-strategy/family7	15m	4	7	-0.106	-0.7	4	-0.067	3	-0.159	31	-0.180
gold-ai-strategy-v2-0/family7	15m	1	15	-0.430	-6.4	7	-0.330	8	-0.517	25	-0.308
zeta9-v6/family7	15m	4	26	-0.500	-13.0	14	-0.416	12	-0.598	105	-0.351
btc-averages-strategy-long-short/family7	15m	1	12	-0.142	-1.7	7	0.108	5	-0.491	25	-0.284
20-200-sma-strategy/family7	15m	5	21	-0.422	-8.9	11	-0.253	10	-0.607	61	-0.476
liquidity-entry-zones-strategy-2-0/family7	15m	6	5	-0.354	-1.8	1	0.265	4	-0.509	97	-0.236
ultimate-smc-emas-day-trading-strategy/family7	15m	1	4	-0.704	-2.8	2	-1.000	2	-0.407	6	-0.536
concordance-allocation-strategy/family7	15m	1	22	-0.011	-0.2	13	-0.139	9	0.174	46	-0.016
amit-eth-strategy/family7	15m	4	5	0.101	0.5	4	0.054	1	0.288	44	-0.064
amit-eth-strategy-tv-strategies/family7	15m	4	5	0.101	0.5	4	0.054	1	0.288	44	-0.064
moja-strategia-harami-bb/family7	15m	4	12	-0.152	-1.8	9	-0.014	3	-0.567	52	-0.138
moja-strategia-harami-bb-tv-strategies/family7	15m	4	12	-0.152	-1.8	9	-0.014	3	-0.567	52	-0.138
silverstream-v2/family7	15m	4	27	-0.405	-10.9	17	-0.369	10	-0.465	103	-0.250
mgc-wyckoff-second-breakout-v3-candle-rr/family7	15m	2	28	-0.073	-2.1	18	0.023	10	-0.247	61	0.076
5m-sol-scalper-ha-lorentzian/family7	15m	2	9	-0.546	-4.9	5	-0.440	4	-0.679	30	-0.245
asian-box-breakout-strategy/family7	15m	1	3	0.598	1.8	3	0.598	0	0.000	5	-0.025
bollinger-bands-rsi-live-radar-strategy/family7	15m	6	7	-0.491	-3.4	6	-0.406	1	-1.000	19	-0.375
concord-execution-mandate/family7	15m	4	17	-0.340	-5.8	10	-0.423	7	-0.222	99	-0.288
super-rsi-strategy/family7	15m	5	27	0.071	1.9	21	0.013	6	0.274	148	-0.056
super-rsi-strategy-tv-strategies-nng1sppd/family7	15m	5	27	0.071	1.9	21	0.013	6	0.274	148	-0.056
super-rsi-strategy-tv-strategies/family7	15m	5	27	0.071	1.9	21	0.013	6	0.274	148	-0.056
box-breakout-strategy-dt4b-trader/family7	15m	2	30	-0.143	-4.3	22	-0.185	8	-0.028	74	-0.122
sma-strategy/family7	15m	3	51	-0.185	-9.4	32	-0.196	19	-0.167	173	-0.220
3commas-pullback-sniper-strategy/family7	15m	1	10	-0.127	-1.3	7	-0.084	3	-0.225	15	-0.011
big-daddy-max-orb-strategy/family7	15m	3	16	-0.164	-2.6	9	-0.013	7	-0.359	35	-0.377
ttm-momentum-histo-9-ema-21-ema-debit-spread-script/family7	15m	4	4	-0.637	-2.5	2	-0.969	2	-0.304	48	-0.124
beginner-trend-risk-model-ema-rsi/family7	15m	4	5	0.120	0.6	3	0.412	2	-0.319	92	-0.281
rr-master-lc/family7	15m	4	1	0.228	0.2	1	0.228	0	0.000	15	-0.083
ai-triple-confirmation-strategy/family7	15m	2	12	0.245	2.9	9	0.377	3	-0.152	29	-0.064
parallax-covenant-strategy/family7	15m	2	31	-0.220	-6.8	21	-0.308	10	-0.036	66	-0.128
decoded-volatility-expansion/family7	15m	1	9	-0.069	-0.6	4	-0.100	5	-0.043	29	-0.071
ema-dmi-macd-rsi-strategy/family7	15m	2	10	0.023	0.2	8	-0.133	2	0.645	35	0.031
albtrader-nq-beast-supertrend-macd-rsi/family7	15m	5	6	0.117	0.7	4	0.349	2	-0.347	30	0.110
simple-smart-buy-sell-strategy/family7	15m	4	16	-0.216	-3.4	11	-0.103	5	-0.463	95	-0.147
options-momentum-bias-strategy-v2/family7	15m	2	12	-0.241	-2.9	7	-0.086	5	-0.457	28	-0.366
strategy-461-ts-m15/family7	15m	6	3	0.662	2.0	3	0.662	0	0.000	66	-0.159
take-liquidity-multi-time-frame-tradesystem/family7	15m	1	7	0.334	2.3	3	0.142	4	0.477	8	0.434
lvn-rejection-acceptance-strategy/family7	15m	2	38	0.122	4.6	25	-0.052	13	0.456	95	-0.025
autotrade-bot-v12/family7	15m	4	8	-0.012	-0.1	7	-0.044	1	0.215	18	-0.203
adaptive-s-r-reversal-rsi-divergence-dca-be-stop-5m/family7	15m	3	5	0.080	0.4	3	-0.024	2	0.237	25	-0.315
albtrader-nq-btc-gold-multi-tf-signal-bot-v2/family7	15m	1	6	-0.202	-1.2	5	-0.042	1	-1.000	24	-0.135
nq-scalp-fix-signals/family7	15m	2	20	0.025	0.5	14	-0.031	6	0.155	49	-0.143
ema-crossx/family7	15m	4	6	0.401	2.4	4	0.484	2	0.236	22	-0.384
scalping-reversal-strategy/family7	15m	1	18	-0.196	-3.5	14	-0.076	4	-0.617	38	-0.143
strategy-432-btc-donchian-breakout-continuation/family7	15m	1	19	-0.199	-3.8	12	-0.087	7	-0.392	23	-0.158
strategy-250-xauusd-composite-quality-score/family7	15m	2	8	-0.178	-1.4	4	-0.001	4	-0.355	12	-0.339
scalping-entry-exit-indicator-by-diget/family7	15m	4	41	0.053	2.2	26	0.277	15	-0.334	246	-0.120
scalping-ichimoku/family7	15m	2	3	-0.370	-1.1	1	-1.000	2	-0.055	19	-0.126
scalper-s-moving-average-dyna/family7	15m	4	5	-0.312	-1.6	5	-0.312	0	0.000	48	0.032
thrax-quickstrike-5-mins-scalping/family7	15m	2	12	-0.355	-4.3	10	-0.355	2	-0.356	28	-0.469
9-15-ema-scalper/family7	15m	2	14	-0.132	-1.9	9	-0.131	5	-0.136	37	-0.229
parabolic-sar-heikin-ashi-mtf-candle-scalper/family7	15m	4	9	-0.567	-5.1	6	-0.761	3	-0.179	70	-0.122
scalpers-macd-vwap-filter/family7	15m	4	9	-0.146	-1.3	5	0.247	4	-0.637	35	-0.044
swing-reversal-auto-targets-jpt-module-1/family7	15m	2	38	0.103	3.9	29	0.081	9	0.173	72	-0.027
swing-failure-pattern-sfp-engine-agpro-series/family7	15m	1	16	-0.531	-8.5	6	-0.450	10	-0.579	22	-0.469
swing-gradient-tpos-boswaves/family7	15m	4	14	-0.532	-7.5	8	-0.448	6	-0.644	49	-0.276
contrarian-scalping-counter-trend-bb-envelope-adx-and-stochastic/family7	15m	5	85	-0.160	-13.6	57	-0.073	28	-0.338	1846	-0.115
ms-hypersupertrend/family7	15m	2	9	-0.266	-2.4	8	-0.379	1	0.634	14	-0.308
fast-v-slow-moving-averages-strategy-variable-divonn1994/family7	15m	1	1	-1.000	-1.0	1	-1.000	0	0.000	20	-0.091
god-of-scalping-btc/family7	15m	4	13	-0.013	-0.2	12	0.069	1	-1.000	54	-0.133
clean-multi-indicator-alignment-system/family7	15m	2	19	-0.279	-5.3	14	-0.113	5	-0.744	44	-0.262
market-direction-strength-mds/family7	15m	2	29	0.168	4.9	21	0.134	8	0.255	74	0.082
concordance-strategy/family7	15m	4	2	-0.157	-0.3	2	-0.157	0	0.000	7	-0.588
consensus/family3	1h	2	51	-0.101	-5.2	24	0.103	27	-0.283		
consensus/family3	1h	3	42	-0.183	-7.7	14	-0.058	28	-0.246		
abcd-harmonic-projection/family3	1h	1	14	-0.206	-2.9	10	-0.065	4	-0.557	34	-0.193
stealthtrail-supertrend/family3	1h	2	11	0.047	0.5	8	0.016	3	0.131	68	-0.110
swing-volume-profile-pro/family3	1h	1	30	0.328	9.8	12	0.288	18	0.354	61	0.032
pulse-trend-radar/family3	1h	1	22	-0.373	-8.2	7	-0.385	15	-0.368	46	-0.219
dynamic-trend-bands-anchored-vwap-signals/family3	1h	1	7	-0.394	-2.8	0	0.000	7	-0.394	30	-0.464
pivot-channel-breaks/family3	1h	1	15	0.120	1.8	5	0.139	10	0.111	39	-0.019
triangular-hull-moving-average-volatility/family3	1h	1	24	-0.073	-1.8	9	-0.126	15	-0.041	42	0.156
stealthtrail-supertrend-ml-pro/family3	1h	1	40	-0.041	-1.6	19	-0.100	21	0.013	61	-0.146
smart-swing-vwap-zeiierman/family3	1h	1	16	0.093	1.5	8	0.304	8	-0.118	42	-0.101
supertrend-cluster-zeiierman/family3	1h	1	25	-0.315	-7.9	12	-0.335	13	-0.296	46	-0.166
market-memory-average-zeiierman/family3	1h	1	20	0.092	1.8	10	0.279	10	-0.095	48	-0.109
session-killzones-breakouts/family3	1h	1	75	0.029	2.2	42	-0.054	33	0.135	163	-0.109
volume-supertrend-ai-expo/family3	1h	1	12	-0.010	-0.1	5	-0.301	7	0.198	40	-0.093
ai-predictive-flow-zeiierman/family3	1h	2	25	0.228	5.7	13	0.543	12	-0.114	197	-0.117
momentum-sequence-strategy/family3	1h	1	3	-0.236	-0.7	1	1.291	2	-1.000	9	-0.111
anchored-value-distribution-oscillator-zeiierman/family3	1h	1	144	-0.062	-8.9	69	-0.144	75	0.014	403	-0.165
trend-survival-matrix/family3	1h	1	20	0.385	7.7	6	0.736	14	0.234	37	0.194
smart-flow-imbalance/family3	1h	1	28	-0.113	-3.2	15	-0.395	13	0.212	72	0.023
ema-trend-pro/family3	1h	1	12	0.542	6.5	3	0.866	9	0.433	25	0.285
ema-trend-signals/family3	1h	1	20	0.385	7.7	6	0.736	14	0.234	37	0.194
trend-pullback-guard/family3	1h	1	22	0.052	1.2	11	0.031	11	0.074	100	-0.087
adaptive-atr-extension-scanner/family3	1h	1	21	0.276	5.8	6	0.602	15	0.145	56	0.165
rsi-market-regime/family3	1h	1	48	0.088	4.2	23	0.139	25	0.041	97	-0.121
sams-early-morning-range-lines/family3	1h	1	18	0.022	0.4	11	0.026	7	0.016	62	-0.039
machine-learning-rsi-ai-classification-ranking-zeiierman/family3	1h	1	33	-0.028	-0.9	16	0.100	17	-0.149	65	-0.153
btc-ema-5-9-flip-strategy-autobot/family3	1h	1	7	-0.049	-0.3	2	-1.000	5	0.331	20	-0.537
swing-multi-moving-averages-crypto-and-stocks-strategy/family3	1h	1	127	-0.011	-1.4	50	-0.017	77	-0.007	275	-0.177
trendsync-pro-smc/family3	1h	1	18	-0.160	-2.9	11	0.026	7	-0.453	31	-0.369
williams-r-zone-scalper-v1-0-bullbyte/family3	1h	1	25	-0.221	-5.5	13	-0.294	12	-0.143	61	-0.392
weekend-hunter-ultimate-v6-2/family3	1h	2	3	-0.426	-1.3	2	-0.139	1	-1.000	18	-0.167
smart-grid-scalping-pullback-strategy-bullbyte/family3	1h	1	25	-0.524	-13.1	7	-0.447	18	-0.554	37	-0.512
macd-pullback-sniper-trend-adx-filtered-strategy/family3	1h	1	14	-0.413	-5.8	7	-0.235	7	-0.591	24	-0.344
pro-scalper-ai-bullbyte/family3	1h	2	57	-0.065	-3.7	37	0.023	20	-0.230	291	-0.124
ema-pullback-trend-continuation-strategy-with-volume-and-momentu/family3	1h	1	16	0.254	4.1	6	0.056	10	0.373	43	-0.144
execution-aware-trend/family3	1h	1	12	0.957	11.5	3	0.707	9	1.040	39	0.025
channel-reversion-system/family3	1h	1	8	-0.353	-2.8	4	-0.221	4	-0.485	23	-0.081
slope-ma-cross-acc-range-filter/family3	1h	1	19	-0.373	-7.1	13	-0.371	6	-0.376	81	-0.131
trendshift-supertrend-adx-regime-adaptive-strategy/family3	1h	1	26	0.132	3.4	16	0.004	10	0.337	57	0.021
vwap-trend-momentum/family3	1h	1	6	-0.236	-1.4	2	0.037	4	-0.373	28	-0.229
dnse-vn301-sma-34-89-dual-slope-strategy/family3	1h	1	29	0.076	2.2	18	0.018	11	0.171	138	-0.132
fair-value-gap-strategy-with-break-of-structure-confirmation/family3	1h	1	40	0.135	5.4	24	0.005	16	0.329	121	-0.085
bist30-to-sp-500-atr-momentum-rider/family3	1h	1	27	0.116	3.1	9	0.289	18	0.030	67	-0.211
elite-hybrid-orb/family3	1h	1	26	-0.096	-2.5	17	-0.017	9	-0.244	61	-0.206
tradleware-dca/family3	1h	1	37	0.016	0.6	15	-0.038	22	0.052	85	-0.124
ultimate-prop-firm/family3	1h	1	16	-0.074	-1.2	10	0.006	6	-0.207	34	-0.047
cloud-pro-ichimoku-confluence/family3	1h	2	8	0.424	3.4	5	0.038	3	1.067	89	-0.123
pg-mcx-silver-long-v6-mtf-momentum-profit-trailing/family3	1h	2	9	0.499	4.5	2	0.654	7	0.455	103	-0.031
nnfx-btc-ssl-qqe-signalforge/family3	1h	1	86	-0.121	-10.4	43	-0.079	43	-0.162	167	-0.175
z-edge-confluence-z-score-strategy/family3	1h	1	32	-0.049	-1.6	18	0.028	14	-0.147	68	-0.118
hyperliquid-ready-webhook-strategy-template/family3	1h	1	20	0.385	7.7	6	0.736	14	0.234	40	0.137
daybreak-strategy/family3	1h	1	49	-0.171	-8.4	22	-0.025	27	-0.290	107	-0.186
tp-sl-toolkit/family3	1h	1	57	-0.180	-10.3	27	-0.070	30	-0.279	102	-0.200
vwap-suite-trend-mean-reversion-with-adaptive-filters/family3	1h	3	5	0.464	2.3	2	-1.000	3	1.440	47	-0.134
webhook-alert-strategy-template/family3	1h	1	20	0.135	2.7	9	0.128	11	0.142	43	0.083
fractal-memory-strategy/family3	1h	1	12	-0.168	-2.0	8	-0.203	4	-0.099	21	-0.149
adaptive-atr-scalper-instant-lock-version/family3	1h	1	16	0.456	7.3	5	0.104	11	0.617	52	0.010
btc-trend-momentum-strategy/family3	1h	1	11	-0.210	-2.3	8	-0.251	3	-0.102	37	-0.089
super-trend-signal-engine-quantum-edge/family3	1h	1	35	-0.204	-7.2	16	-0.024	19	-0.356	62	-0.245
donchian-breakout-with-atr-trailing-stop-trend-following/family3	1h	1	15	0.158	2.4	3	0.215	12	0.143	51	0.060
dual-bollinger-band-cross-strategy-v6/family3	1h	1	50	0.048	2.4	19	-0.122	31	0.152	108	-0.146
optimized-doji-breakout-strategy-short-only-v6/family3	1h	1	66	-0.202	-13.3	37	-0.190	29	-0.217	102	-0.225
smoothed-heiken-ashi-strategy-v1/family3	1h	1	40	0.199	7.9	25	0.266	15	0.087	64	0.079
xau-clear-ema-atr-strategy-tp-sl-voice-v6-clean-tp/family3	1h	1	22	0.002	0.0	15	-0.144	7	0.314	88	-0.250
xau-clear-ema-atr-strategy-tp-sl-voice-v6/family3	1h	1	22	0.002	0.0	15	-0.144	7	0.314	88	-0.250
smc-clean-4h-zones-center-labels-hh-hl-ll-lh/family3	1h	2	47	0.162	7.6	22	0.373	25	-0.023	919	-0.128
apex-fusion-ai-smart-trend-engine/family3	1h	2	5	-0.010	-0.0	3	-0.548	2	0.797	96	-0.073
bps-v17-strong-trend-filter/family3	1h	1	6	0.490	2.9	2	0.795	4	0.338	38	0.159
bps-v17-strong-trend-filter-tv-strategies/family3	1h	1	6	0.490	2.9	2	0.795	4	0.338	38	0.159
btc-8am-pattern-breakout-instant-entry/family3	1h	3	22	0.121	2.7	10	-0.067	12	0.277	220	-0.173
vwap-points-percent-ticks-strategy/family3	1h	2	57	0.001	0.1	32	-0.050	25	0.068	592	-0.175
pm-range-breakout-retest-fade/family3	1h	1	27	-0.244	-6.6	14	-0.190	13	-0.301	61	-0.084
vwap-stdev-bands-reversal-strategy/family3	1h	3	20	-0.278	-5.6	12	-0.165	8	-0.447	125	-0.175
bollinger-squeeze-breakout-volume/family3	1h	1	29	0.196	5.7	12	-0.199	17	0.474	61	-0.012
hard-entry-exit-rules/family3	1h	1	10	-0.231	-2.3	5	0.145	5	-0.606	39	0.001
arbf-strategy-v1-8/family3	1h	1	35	-0.096	-3.3	15	-0.336	20	0.085	79	-0.003
xauusd-hull-pullback-tester-2-0/family3	1h	1	6	0.003	0.0	6	0.003	0	0.000	15	-0.279
reverse-bb-kc/family3	1h	2	8	0.080	0.6	6	0.128	2	-0.065	58	-0.179
mcginley-t3-flow-campaign-nick789-v-1/family3	1h	1	9	-0.295	-2.7	3	-0.007	6	-0.440	32	-0.238
tomukas-daily-scale-in/family3	1h	1	17	-0.065	-1.1	12	-0.111	5	0.047	42	-0.093
trend-persistence-analysis-framework/family3	1h	1	41	0.068	2.8	21	0.076	20	0.059	168	-0.091
ewo-rsi-advanced-signals-strategy-exhaustion-filter/family3	1h	2	30	-0.198	-5.9	13	-0.275	17	-0.139	98	-0.308
high-activity-penny-stock-strategy-v6/family3	1h	1	18	0.336	6.0	5	0.249	13	0.369	40	-0.035
bb-kc-squeeze-breakout/family3	1h	2	5	0.710	3.6	3	0.043	2	1.710	43	-0.171
kaufman-moving-average-adaptive-strategy-by-mkb/family3	1h	1	31	-0.031	-1.0	13	-0.369	18	0.213	65	-0.225
ac20-55emagdcrosstest/family3	1h	1	16	0.371	5.9	5	0.229	11	0.436	41	0.140
ai-slop-holy-grail-trap-btc-1h-non-repainting-overfit/family3	1h	1	15	-0.280	-4.2	7	-0.139	8	-0.404	39	-0.279
bollinger-bands-simple-strategy/family3	1h	2	18	-0.076	-1.4	6	0.344	12	-0.286	142	-0.289
adaptive-dual-engine-strategy-momentum-mean-reversion/family3	1h	3	17	0.093	1.6	8	0.176	9	0.020	214	-0.080
estrategia-dpo-artedejubilarte/family3	1h	1	38	-0.031	-1.2	17	0.018	21	-0.071	81	0.057
nasrul-fib-sr-m5/family3	1h	1	29	-0.069	-2.0	7	-0.543	22	0.081	78	0.016
volatility-surge-strategy/family3	1h	1	18	-0.179	-3.2	7	-0.438	11	-0.014	51	-0.053
master-structural-engine/family3	1h	1	9	0.232	2.1	1	0.355	8	0.217	28	-0.253
yuri-garcia-narrow-state-strategy-ygils/family3	1h	1	10	0.098	1.0	5	-0.240	5	0.436	32	-0.243
9-21ema-anji/family3	1h	1	14	-0.609	-8.5	5	-0.377	9	-0.739	21	-0.550
supertrend-bb-strategy/family3	1h	3	7	0.684	4.8	3	0.437	4	0.868	57	-0.228
engulfing-mitigation-strategy/family3	1h	2	47	-0.154	-7.2	28	-0.053	19	-0.302	343	-0.136
vumanchu-wt-zero-cross-strategy-v1-2-2/family3	1h	1	60	-0.050	-3.0	30	-0.060	30	-0.040	116	-0.091
vumanchu-wt-zero-cross-strategy-v1-2-3/family3	1h	1	55	0.005	0.3	27	-0.007	28	0.017	92	-0.139
bb-macd-v6-1-5-qing-smart-distribution/family3	1h	2	12	0.496	6.0	6	0.108	6	0.884	71	-0.002
vumanchu-wt-zero-cross-v1-1b/family3	1h	1	60	-0.050	-3.0	30	-0.060	30	-0.040	116	-0.091
vishall-ema-9-20-50-200-dmi-adx-strategy/family3	1h	1	10	0.890	8.9	3	0.125	7	1.219	35	0.227
obs-volume-spike-reaction-fade/family3	1h	1	17	-0.213	-3.6	6	0.025	11	-0.343	36	-0.261
nifty-supertrend-ce-strategy-alice-blue/family3	1h	3	10	0.531	5.3	5	0.199	5	0.863	63	-0.226
velocity-breakout-strategy-vbs/family3	1h	2	13	0.340	4.4	8	0.090	5	0.740	65	-0.020
ultimate-pattern-engine-ema-stochastic-by-rony/family3	1h	2	27	0.020	0.5	17	0.072	10	-0.068	376	-0.119
fair-value-gap-continuation-framework/family3	1h	1	84	-0.107	-9.0	46	-0.101	38	-0.115	196	-0.181
pm-range-breakout-retest-fade-tv-strategies/family3	1h	1	27	-0.244	-6.6	14	-0.190	13	-0.301	61	-0.084
tjr-v4-strategy/family3	1h	1	122	0.033	4.0	58	0.081	64	-0.010	271	-0.080
surgical-sweep-original-restored/family3	1h	1	17	0.012	0.2	10	0.004	7	0.024	46	-0.300
qqe-channel-strategy/family3	1h	1	56	0.066	3.7	26	0.029	30	0.097	114	-0.087
ut-bot-v2-atr-trailing-stop/family3	1h	1	130	-0.150	-19.5	61	-0.127	69	-0.170	338	-0.204
egan-s-pure-structure-s-d-strategy-backtest/family3	1h	1	53	0.031	1.6	29	-0.048	24	0.127	163	-0.187
sma-4-sma-30/family3	1h	1	67	-0.131	-8.7	32	-0.124	35	-0.136	126	-0.162
europon-reversal-fx-rush-ver2-strategy/family3	1h	3	29	-0.113	-3.3	11	-0.439	18	0.086	285	-0.176
dca-grid-15-orders-1-1-step-1-8-tp/family3	1h	1	7	-0.527	-3.7	0	0.000	7	-0.527	42	-0.353
institutional-ob-entry-exit-sl-strategy/family3	1h	1	9	0.512	4.6	4	-0.518	5	1.336	39	-0.117
smart-trend-strategy-julzalgo/family3	1h	1	24	-0.285	-6.8	12	-0.229	12	-0.340	71	-0.070
supertrend-strategy/family3	1h	3	10	0.531	5.3	5	0.199	5	0.863	65	-0.249
macd-crossover-strategy/family3	1h	3	31	-0.152	-4.7	13	-0.112	18	-0.182	210	-0.158
scalping-london-new-york-strategy/family3	1h	2	20	-0.060	-1.2	10	0.143	10	-0.263	186	-0.114
strategy-validation-framework-standardised-atr-exits-1-ris/family3	1h	1	25	0.216	5.4	12	0.156	13	0.272	37	-0.033
serhan1-wma-rsi-trailing-scalp-date-filter/family3	1h	1	46	0.067	3.1	22	-0.204	24	0.315	93	-0.064
market-breadth-trend-strategy/family3	1h	1	55	-0.113	-6.2	26	-0.231	29	-0.007	154	-0.131
session-king-alma-with-session-filter/family3	1h	1	29	-0.353	-10.2	12	-0.416	17	-0.308	71	-0.167
twe-2-bar-break-strategy/family3	1h	1	132	-0.024	-3.2	71	-0.138	61	0.108	341	-0.076
15m-nifty-multi-day-swing-target-engine-v1-0/family3	1h	1	25	-0.416	-10.4	10	-0.440	15	-0.399	49	-0.103
manoj-betrayed-me/family3	1h	1	66	0.115	7.6	36	-0.059	30	0.324	168	-0.074
double-tap/family3	1h	1	44	0.200	8.8	24	-0.101	20	0.560	119	-0.058
btcusd-4h-ema-swing-strategy/family3	1h	1	25	-0.251	-6.3	14	-0.116	11	-0.423	49	-0.114
simple-breakout-strategy-santana/family3	1h	2	11	0.133	1.5	6	0.257	5	-0.016	94	-0.025
ahlenaz/family3	1h	1	12	0.584	7.0	4	0.027	8	0.862	45	0.167
ema-40-pullback-pyramid-strategy/family3	1h	1	96	-0.030	-2.9	47	-0.055	49	-0.006	245	-0.105
fair-value-gap-strategy/family3	1h	2	43	-0.187	-8.0	24	-0.198	19	-0.174	286	-0.168
katana-v5-pro-fvg-50-model/family3	1h	1	23	0.049	1.1	11	-0.594	12	0.638	62	-0.112
quanloki-qqe-system-opposite-signal-only-points/family3	1h	1	50	-0.043	-2.2	34	-0.006	16	-0.123	105	-0.188
adaptive-multi-factor-v1-update-9-years/family3	1h	1	118	-0.061	-7.1	54	-0.010	64	-0.103	251	-0.142
silver-surfer/family3	1h	2	42	-0.169	-7.1	24	-0.198	18	-0.131	280	-0.176
atm-adaptive-zone-momentum-scalper-1h/family3	1h	1	219	-0.146	-32.0	100	-0.139	119	-0.153	758	-0.142
ema-9-vwap-strategy-with-atr-trailing-stop-win-the-trade/family3	1h	2	41	0.009	0.4	23	0.084	18	-0.087	316	-0.190
atm/family3	1h	1	219	-0.146	-32.0	100	-0.139	119	-0.153	758	-0.142
adaptive-multi-facto-9-years/family3	1h	1	82	-0.103	-8.5	36	0.050	46	-0.223	172	-0.142
fast-scalper-with-stops/family3	1h	3	24	0.023	0.6	11	0.343	13	-0.248	212	-0.182
fast-scalper-with-stops-tv-strategies/family3	1h	3	24	0.023	0.6	11	0.343	13	-0.248	212	-0.182
fast-scalper-with-stops-tv-strategies-cg3o8g9a/family3	1h	2	16	0.366	5.9	10	0.425	6	0.267	105	-0.216
sttrend-tp-lock-added/family3	1h	1	34	-0.181	-6.2	15	0.041	19	-0.356	61	-0.232
fast-scalper-with-stops-tv-strategies-mcwal9oa/family3	1h	3	24	0.023	0.6	11	0.343	13	-0.248	212	-0.182
es-1m-3m-momentum-signal-flip-exits/family3	1h	1	11	-0.601	-6.6	5	-0.122	6	-1.000	18	-0.581
9-ema-20-ema-retest-strategy/family3	1h	1	37	0.224	8.3	21	-0.110	16	0.662	107	0.105
clean-vwap-zl-scalper-single-trigger-by-sandip/family3	1h	1	127	-0.178	-22.6	68	-0.326	59	-0.006	317	-0.221
clean-vwap-zl-scalper-single-trigger-by-david/family3	1h	1	127	-0.178	-22.6	68	-0.326	59	-0.006	317	-0.221
good-luck/family3	1h	1	21	-0.124	-2.6	13	0.047	8	-0.401	62	-0.138
spike-ea-trade-strategy/family3	1h	2	77	-0.003	-0.2	41	0.067	36	-0.083	818	-0.160
nasdaq-oro-bruto-24h-mejorada/family3	1h	1	29	0.409	11.9	12	0.059	17	0.656	90	0.026
nasdaq-nq-24h-mejorada/family3	1h	1	29	0.409	11.9	12	0.059	17	0.656	90	0.026
zr-grizzly/family3	1h	1	69	0.006	0.4	33	-0.065	36	0.071	105	-0.061
concordance-execution-model/family3	1h	1	17	0.336	5.7	5	-0.434	12	0.656	56	-0.043
frosty-alerts/family3	1h	2	96	-0.054	-5.2	51	0.053	45	-0.176	1951	-0.105
caldera-meridian-strategy/family3	1h	1	19	-0.269	-5.1	8	-0.421	11	-0.158	87	-0.223
enso-usdt-12h-trend-pullback-sniper/family3	1h	1	9	0.517	4.7	5	-0.370	4	1.626	39	-0.139
sebbiottino-trailing-stop-so-good-ger40-1m/family3	1h	1	65	0.087	5.6	30	-0.101	35	0.248	195	-0.100
my-strategy-9/family3	1h	2	11	0.133	1.5	6	0.257	5	-0.016	94	-0.025
helios-institutional-synthesis-strategy/family3	1h	2	19	-0.060	-1.1	13	-0.141	6	0.114	67	-0.313
regime-execution-strategy/family3	1h	1	27	0.113	3.0	14	-0.279	13	0.534	71	-0.226
gold-ai-strategy-v2-0/family3	1h	1	21	0.024	0.5	8	-0.298	13	0.222	67	-0.166
zeta9-v6/family3	1h	2	35	0.061	2.1	17	-0.093	18	0.206	234	-0.222
20-200-sma-strategy/family3	1h	1	47	-0.170	-8.0	22	-0.282	25	-0.071	145	-0.291
liquidity-entry-zones-strategy-2-0/family3	1h	1	96	-0.123	-11.8	48	-0.037	48	-0.209	200	-0.152
btc-averages-strategy-long-short/family3	1h	1	29	0.355	10.3	12	0.538	17	0.227	64	0.030
concordance-allocation-strategy/family3	1h	1	29	0.194	5.6	13	0.132	16	0.245	79	0.069
amit-eth-strategy/family3	1h	2	5	0.596	3.0	3	0.299	2	1.042	92	-0.115
amit-eth-strategy-tv-strategies/family3	1h	2	5	0.596	3.0	3	0.299	2	1.042	92	-0.115
moja-strategia-harami-bb/family3	1h	3	15	-0.098	-1.5	5	0.342	10	-0.318	104	-0.224
inside-day-breakout-strategy/family3	1h	1	17	0.177	3.0	11	-0.116	6	0.713	31	-0.013
moja-strategia-harami-bb-tv-strategies/family3	1h	3	15	-0.098	-1.5	5	0.342	10	-0.318	104	-0.224
silverstream-v2/family3	1h	1	51	0.227	11.6	27	0.180	24	0.279	195	-0.103
mgc-wyckoff-second-breakout-v3-candle-rr/family3	1h	1	58	-0.081	-4.7	29	0.142	29	-0.304	121	-0.128
concord-execution-mandate/family3	1h	1	102	-0.017	-1.7	48	-0.066	54	0.027	233	-0.133
5m-sol-scalper-ha-lorentzian/family3	1h	2	5	0.199	1.0	2	-0.320	3	0.544	68	0.021
asian-box-breakout-strategy/family3	1h	1	49	-0.194	-9.5	22	-0.269	27	-0.133	98	-0.120
3commas-trail-hunter-reversal-long/family3	1h	1	18	-0.108	-1.9	9	0.283	9	-0.499	31	-0.140
super-rsi-strategy/family3	1h	2	32	0.176	5.6	21	0.173	11	0.182	305	-0.142
super-rsi-strategy-tv-strategies/family3	1h	2	32	0.176	5.6	21	0.173	11	0.182	305	-0.142
super-rsi-strategy-tv-strategies-nng1sppd/family3	1h	2	32	0.176	5.6	21	0.173	11	0.182	305	-0.142
bollinger-bands-rsi-live-radar-strategy/family3	1h	1	20	0.170	3.4	10	0.281	10	0.058	56	-0.019
box-breakout-strategy-dt4b-trader/family3	1h	1	53	0.127	6.7	28	0.015	25	0.252	120	-0.030
sma-strategy/family3	1h	2	44	-0.088	-3.9	25	0.003	19	-0.208	354	-0.155
3commas-pullback-sniper-strategy/family3	1h	1	25	0.154	3.8	14	0.354	11	-0.101	36	-0.027
parallax-covenant-strategy/family3	1h	1	62	-0.189	-11.7	34	-0.106	28	-0.289	166	-0.147
ttm-momentum-histo-9-ema-21-ema-debit-spread-script/family3	1h	2	12	0.038	0.5	7	0.077	5	-0.016	101	0.028
beginner-trend-risk-model-ema-rsi/family3	1h	1	95	-0.178	-16.9	40	0.032	55	-0.331	145	-0.186
ai-triple-confirmation-strategy/family3	1h	1	14	0.095	1.3	4	0.280	10	0.022	55	0.059
decoded-volatility-expansion/family3	1h	1	18	-0.080	-1.4	10	-0.380	8	0.296	55	-0.124
option-selling/family3	1h	1	10	-0.340	-3.4	5	-0.646	5	-0.034	14	-0.441
index-option-selling/family3	1h	1	9	-0.267	-2.4	4	-0.557	5	-0.034	12	-0.347
option-point/family3	1h	1	9	-0.267	-2.4	4	-0.557	5	-0.034	12	-0.347
ema-dmi-macd-rsi-strategy/family3	1h	1	24	0.169	4.0	13	0.049	11	0.310	64	0.098
simple-smart-buy-sell-strategy/family3	1h	1	86	0.001	0.1	46	-0.127	40	0.148	184	0.023
albtrader-nq-beast-supertrend-macd-rsi/family3	1h	1	9	0.397	3.6	6	-0.021	3	1.233	48	0.034
take-liquidity-multi-time-frame-tradesystem/family3	1h	1	32	-0.378	-12.1	11	-0.339	21	-0.398	82	-0.278
options-momentum-bias-strategy-v2/family3	1h	1	32	-0.041	-1.3	17	-0.242	15	0.188	82	-0.083
strategy-461-ts-m15/family3	1h	1	40	-0.273	-10.9	22	-0.416	18	-0.099	121	-0.238
autotrade-bot-v12/family3	1h	1	18	-0.037	-0.7	7	-0.004	11	-0.058	42	-0.082
lvn-rejection-acceptance-strategy/family3	1h	3	10	0.407	4.1	6	0.260	4	0.629	160	-0.051
adaptive-s-r-reversal-rsi-divergence-dca-be-stop-5m/family3	1h	1	29	-0.344	-10.0	14	-0.132	15	-0.542	47	-0.413
nq-scalp-fix-signals/family3	1h	1	20	0.152	3.0	12	-0.035	8	0.432	80	-0.137
albtrader-nq-btc-gold-multi-tf-signal-bot-v2/family3	1h	1	52	0.218	11.3	27	0.125	25	0.318	95	0.035
ema-crossx/family3	1h	1	29	0.054	1.6	11	0.413	18	-0.165	49	0.070
strategy-250-xauusd-composite-quality-score/family3	1h	1	6	-0.034	-0.2	1	0.800	5	-0.201	25	-0.212
scalping-reversal-strategy/family3	1h	1	35	-0.194	-6.8	19	-0.266	16	-0.109	76	-0.321
scalping-ichimoku/family3	1h	1	18	-0.095	-1.7	8	-0.098	10	-0.094	46	-0.234
scalping-entry-exit-indicator-by-diget/family3	1h	2	52	-0.057	-3.0	28	-0.080	24	-0.030	516	-0.188
thrax-quickstrike-5-mins-scalping/family3	1h	2	12	0.161	1.9	9	0.149	3	0.198	92	-0.086
scalper-s-moving-average-dyna/family3	1h	1	41	0.180	7.4	22	0.095	19	0.278	111	-0.050
9-15-ema-scalper/family3	1h	1	30	0.195	5.9	15	-0.119	15	0.509	74	0.051
parabolic-sar-heikin-ashi-mtf-candle-scalper/family3	1h	2	30	-0.038	-1.1	16	-0.179	14	0.123	214	-0.167
scalpers-macd-vwap-filter/family3	1h	2	18	-0.232	-4.2	9	-0.136	9	-0.328	117	-0.101
swing-failure-pattern-sfp-engine-agpro-series/family3	1h	1	26	0.204	5.3	12	0.272	14	0.146	40	0.115
swing-reversal-auto-targets-jpt-module-1/family3	1h	2	5	1.467	7.3	3	0.511	2	2.901	109	-0.124
swing-gradient-tpos-boswaves/family3	1h	1	33	0.021	0.7	10	0.085	23	-0.007	63	-0.088
fast-v-slow-moving-averages-strategy-variable-divonn1994/family3	1h	2	6	0.556	3.3	4	0.542	2	0.586	59	0.030
contrarian-scalping-counter-trend-bb-envelope-adx-and-stochastic/family3	1h	2	113	-0.013	-1.5	61	0.102	52	-0.147	2295	-0.099
god-of-scalping-btc/family3	1h	2	19	-0.152	-2.9	12	0.215	7	-0.781	145	-0.068
clean-multi-indicator-alignment-system/family3	1h	1	62	-0.110	-6.8	31	-0.086	31	-0.134	124	-0.122
market-direction-strength-mds/family3	1h	1	77	0.328	25.3	38	0.312	39	0.345	172	0.064
concordance-strategy/family3	1h	1	7	0.080	0.6	3	0.167	4	0.014	24	0.020
consensus/family5	1h	3	61	-0.082	-5.0	22	0.236	39	-0.262		
consensus/family5	1h	4	14	0.099	1.4	6	0.582	8	-0.263		
consensus/family5	1h	5	9	-0.325	-2.9	4	0.160	5	-0.713		
abcd-harmonic-projection/family5	1h	1	15	-0.108	-1.6	11	0.207	4	-0.974	34	-0.193
stealthtrail-supertrend/family5	1h	1	33	-0.071	-2.4	17	0.104	16	-0.258	68	-0.110
swing-volume-profile-pro/family5	1h	2	11	0.057	0.6	6	-0.056	5	0.192	61	0.032
pulse-trend-radar/family5	1h	1	22	-0.182	-4.0	11	0.044	11	-0.408	46	-0.219
dynamic-trend-bands-anchored-vwap-signals/family5	1h	1	6	-0.350	-2.1	1	0.308	5	-0.482	30	-0.464
pivot-channel-breaks/family5	1h	1	21	0.195	4.1	11	0.154	10	0.241	39	-0.019
triangular-hull-moving-average-volatility/family5	1h	1	32	0.075	2.4	15	0.163	17	-0.002	42	0.156
stealthtrail-supertrend-ml-pro/family5	1h	1	32	0.118	3.8	15	-0.000	17	0.223	61	-0.146
smart-swing-vwap-zeiierman/family5	1h	1	15	0.102	1.5	8	0.183	7	0.009	42	-0.101
supertrend-cluster-zeiierman/family5	1h	2	18	-0.481	-8.7	10	-0.370	8	-0.619	46	-0.166
bollinger-bands-forecast-with-signals-zeiierman/family5	1h	1	9	-0.404	-3.6	4	-0.529	5	-0.303	38	-0.338
market-memory-average-zeiierman/family5	1h	2	10	0.533	5.3	6	0.526	4	0.544	48	-0.109
session-killzones-breakouts/family5	1h	2	28	0.193	5.4	16	0.150	12	0.250	163	-0.109
volume-supertrend-ai-expo/family5	1h	1	12	-0.356	-4.3	6	-0.130	6	-0.581	40	-0.093
ai-predictive-flow-zeiierman/family5	1h	3	22	0.058	1.3	11	0.057	11	0.058	197	-0.117
momentum-sequence-strategy/family5	1h	1	4	-0.427	-1.7	2	0.146	2	-1.000	9	-0.111
anchored-value-distribution-oscillator-zeiierman/family5	1h	2	50	-0.075	-3.8	24	0.058	26	-0.198	403	-0.165
trend-survival-matrix/family5	1h	1	24	0.065	1.6	9	0.256	15	-0.050	37	0.194
smart-flow-imbalance/family5	1h	1	25	-0.097	-2.4	14	-0.440	11	0.339	72	0.023
ema-trend-pro/family5	1h	1	16	0.039	0.6	7	0.188	9	-0.077	25	0.285
ema-trend-signals/family5	1h	1	24	0.065	1.6	9	0.256	15	-0.050	37	0.194
trend-pullback-guard/family5	1h	2	7	-0.143	-1.0	4	-0.367	3	0.155	100	-0.087
adaptive-atr-extension-scanner/family5	1h	1	28	0.231	6.5	12	0.337	16	0.152	56	0.165
rsi-market-regime/family5	1h	1	44	-0.021	-0.9	21	-0.064	23	0.019	97	-0.121
sams-early-morning-range-lines/family5	1h	1	23	0.202	4.6	15	0.290	8	0.038	62	-0.039
machine-learning-rsi-ai-classification-ranking-zeiierman/family5	1h	2	13	0.119	1.5	9	0.049	4	0.276	65	-0.153
btc-ema-5-9-flip-strategy-autobot/family5	1h	1	4	0.143	0.6	1	-1.000	3	0.524	20	-0.537
swing-multi-moving-averages-crypto-and-stocks-strategy/family5	1h	3	56	-0.110	-6.1	30	-0.070	26	-0.156	275	-0.177
trendsync-pro-smc/family5	1h	1	18	-0.236	-4.2	10	-0.008	8	-0.521	31	-0.369
williams-r-zone-scalper-v1-0-bullbyte/family5	1h	1	22	-0.252	-5.5	11	-0.292	11	-0.212	61	-0.392
weekend-hunter-ultimate-v6-2/family5	1h	4	1	0.290	0.3	1	0.290	0	0.000	18	-0.167
smart-grid-scalping-pullback-strategy-bullbyte/family5	1h	1	22	-0.516	-11.3	5	-0.225	17	-0.601	37	-0.512
macd-pullback-sniper-trend-adx-filtered-strategy/family5	1h	1	9	-0.574	-5.2	4	-0.345	5	-0.757	24	-0.344
pro-scalper-ai-bullbyte/family5	1h	2	55	-0.080	-4.4	24	0.092	31	-0.213	291	-0.124
ema-pullback-trend-continuation-strategy-with-volume-and-momentu/family5	1h	1	12	0.131	1.6	4	-0.362	8	0.378	43	-0.144
execution-aware-trend/family5	1h	1	13	1.053	13.7	4	1.083	9	1.040	39	0.025
coil-breaker-rsi-range-compression/family5	1h	1	12	-0.028	-0.3	9	0.156	3	-0.579	31	0.033
channel-reversion-system/family5	1h	1	6	-0.137	-0.8	4	-0.221	2	0.030	23	-0.081
slope-ma-cross-acc-range-filter/family5	1h	3	3	-0.606	-1.8	2	-1.000	1	0.181	81	-0.131
momentum-bands-breakout/family5	1h	1	5	-0.054	-0.3	3	0.120	2	-0.314	20	0.023
trendshift-supertrend-adx-regime-adaptive-strategy/family5	1h	1	27	-0.069	-1.9	17	-0.235	10	0.212	57	0.021
vwap-trend-momentum/family5	1h	1	13	-0.101	-1.3	8	0.147	5	-0.499	28	-0.229
dnse-vn301-sma-34-89-dual-slope-strategy/family5	1h	2	8	0.048	0.4	7	0.197	1	-1.000	138	-0.132
fair-value-gap-strategy-with-break-of-structure-confirmation/family5	1h	1	46	0.054	2.5	30	-0.091	16	0.325	121	-0.085
bist30-to-sp-500-atr-momentum-rider/family5	1h	2	15	-0.296	-4.4	9	-0.269	6	-0.337	67	-0.211
elite-hybrid-orb/family5	1h	3	7	-0.057	-0.4	5	-0.193	2	0.282	61	-0.206
tradleware-dca/family5	1h	2	20	-0.171	-3.4	13	-0.026	7	-0.442	85	-0.124
ultimate-prop-firm/family5	1h	1	19	-0.013	-0.3	10	0.260	9	-0.317	34	-0.047
cloud-pro-ichimoku-confluence/family5	1h	3	9	0.322	2.9	4	0.086	5	0.510	89	-0.123
pg-mcx-silver-long-v6-mtf-momentum-profit-trailing/family5	1h	2	15	0.262	3.9	3	0.905	12	0.101	103	-0.031
dnse-vn301-bollinger-bands-break-out-strategy/family5	1h	1	8	0.780	6.2	3	0.765	5	0.789	33	0.247
nnfx-btc-ssl-qqe-signalforge/family5	1h	3	20	-0.161	-3.2	9	-0.056	11	-0.246	167	-0.175
z-edge-confluence-z-score-strategy/family5	1h	3	8	-0.289	-2.3	5	-0.136	3	-0.545	68	-0.118
hyperliquid-ready-webhook-strategy-template/family5	1h	1	25	0.073	1.8	9	0.256	16	-0.029	40	0.137
ema-25-68-bist30-futures/family5	1h	2	10	0.134	1.3	6	0.084	4	0.210	31	-0.224
daybreak-strategy/family5	1h	2	17	-0.235	-4.0	8	-0.191	9	-0.275	107	-0.186
tp-sl-toolkit/family5	1h	1	52	-0.079	-4.1	24	0.071	28	-0.207	102	-0.200
vwap-suite-trend-mean-reversion-with-adaptive-filters/family5	1h	1	14	-0.149	-2.1	6	-0.448	8	0.076	47	-0.134
dnse-vn301-donchian-break-out-strategy/family5	1h	1	7	-0.155	-1.1	3	0.173	4	-0.402	31	0.055
webhook-alert-strategy-template/family5	1h	1	23	-0.115	-2.6	11	0.034	12	-0.251	43	0.083
fractal-memory-strategy/family5	1h	1	10	-0.311	-3.1	7	-0.289	3	-0.364	21	-0.149
adaptive-atr-scalper-instant-lock-version/family5	1h	1	18	0.204	3.7	7	-0.019	11	0.347	52	0.010
btc-trend-momentum-strategy/family5	1h	2	6	-0.050	-0.3	3	0.001	3	-0.102	37	-0.089
super-trend-signal-engine-quantum-edge/family5	1h	3	13	0.109	1.4	6	0.493	7	-0.221	62	-0.245
donchian-breakout-with-atr-trailing-stop-trend-following/family5	1h	2	5	0.237	1.2	2	-0.346	3	0.626	51	0.060
dual-bollinger-band-cross-strategy-v6/family5	1h	3	16	-0.150	-2.4	10	0.012	6	-0.420	108	-0.146
optimized-doji-breakout-strategy-short-only-v6/family5	1h	1	45	-0.171	-7.7	21	0.023	24	-0.341	102	-0.225
smoothed-heiken-ashi-strategy-v1/family5	1h	1	31	0.081	2.5	18	0.131	13	0.013	64	0.079
xau-clear-ema-atr-strategy-tp-sl-voice-v6-clean-tp/family5	1h	1	17	-0.325	-5.5	11	-0.265	6	-0.435	88	-0.250
xau-clear-ema-atr-strategy-tp-sl-voice-v6/family5	1h	1	17	-0.325	-5.5	11	-0.265	6	-0.435	88	-0.250
smc-clean-4h-zones-center-labels-hh-hl-ll-lh/family5	1h	2	72	-0.064	-4.6	34	-0.180	38	0.040	919	-0.128
apex-fusion-ai-smart-trend-engine/family5	1h	3	7	0.139	1.0	3	-0.586	4	0.682	96	-0.073
bps-v17-strong-trend-filter/family5	1h	1	11	0.282	3.1	6	0.195	5	0.386	38	0.159
bps-v17-strong-trend-filter-tv-strategies/family5	1h	1	11	0.282	3.1	6	0.195	5	0.386	38	0.159
btc-8am-pattern-breakout-instant-entry/family5	1h	3	27	-0.283	-7.6	12	-0.443	15	-0.155	220	-0.173
vwap-points-percent-ticks-strategy/family5	1h	2	65	-0.065	-4.2	32	-0.090	33	-0.040	592	-0.175
pm-range-breakout-retest-fade/family5	1h	1	24	-0.157	-3.8	12	-0.127	12	-0.186	61	-0.084
vwap-stdev-bands-reversal-strategy/family5	1h	3	10	0.053	0.5	3	0.568	7	-0.168	125	-0.175
bollinger-squeeze-breakout-volume/family5	1h	1	30	0.169	5.1	14	-0.127	16	0.427	61	-0.012
hard-entry-exit-rules/family5	1h	1	12	-0.261	-3.1	7	-0.189	5	-0.363	39	0.001
arbf-strategy-v1-8/family5	1h	2	18	-0.142	-2.5	8	-0.677	10	0.287	79	-0.003
xauusd-hull-pullback-tester-2-0/family5	1h	1	8	-0.165	-1.3	8	-0.165	0	0.000	15	-0.279
reverse-bb-kc/family5	1h	2	14	-0.155	-2.2	9	-0.259	5	0.030	58	-0.179
mcginley-t3-flow-campaign-nick789-v-1/family5	1h	1	8	-0.364	-2.9	4	-0.159	4	-0.568	32	-0.238
tomukas-daily-scale-in/family5	1h	2	3	0.432	1.3	1	0.681	2	0.307	42	-0.093
10-tech-indexes-score-system/family5	1h	1	9	-0.043	-0.4	3	0.010	6	-0.069	22	-0.079
trend-persistence-analysis-framework/family5	1h	1	49	0.036	1.8	24	0.169	25	-0.092	168	-0.091
ewo-rsi-advanced-signals-strategy-exhaustion-filter/family5	1h	2	25	-0.188	-4.7	11	-0.255	14	-0.135	98	-0.308
high-activity-penny-stock-strategy-v6/family5	1h	1	17	0.330	5.6	5	0.242	12	0.367	40	-0.035
bb-kc-squeeze-breakout/family5	1h	1	19	0.126	2.4	12	-0.027	7	0.389	43	-0.171
kaufman-moving-average-adaptive-strategy-by-mkb/family5	1h	2	14	-0.396	-5.5	8	-0.473	6	-0.294	65	-0.225
ac20-55emagdcrosstest/family5	1h	1	22	-0.020	-0.4	10	0.081	12	-0.104	41	0.140
ai-slop-holy-grail-trap-btc-1h-non-repainting-overfit/family5	1h	1	20	-0.353	-7.1	11	-0.200	9	-0.540	39	-0.279
bollinger-bands-simple-strategy/family5	1h	2	34	-0.278	-9.5	13	-0.284	21	-0.275	142	-0.289
adaptive-dual-engine-strategy-momentum-mean-reversion/family5	1h	4	7	-0.019	-0.1	4	0.378	3	-0.549	214	-0.080
estrategia-dpo-artedejubilarte/family5	1h	1	36	-0.159	-5.7	16	-0.030	20	-0.261	81	0.057
nasrul-fib-sr-m5/family5	1h	2	4	-0.456	-1.8	0	0.000	4	-0.456	78	0.016
volatility-surge-strategy/family5	1h	3	7	0.215	1.5	2	0.288	5	0.186	51	-0.053
master-structural-engine/family5	1h	1	6	0.660	4.0	2	0.961	4	0.510	28	-0.253
yuri-garcia-narrow-state-strategy-ygils/family5	1h	1	9	-0.234	-2.1	4	-0.362	5	-0.131	32	-0.243
9-21ema-anji/family5	1h	1	14	-0.356	-5.0	6	0.110	8	-0.706	21	-0.550
supertrend-bb-strategy/family5	1h	2	17	0.047	0.8	10	0.026	7	0.076	57	-0.228
engulfing-mitigation-strategy/family5	1h	3	39	-0.172	-6.7	17	-0.123	22	-0.209	343	-0.136
vumanchu-wt-zero-cross-strategy-v1-2-2/family5	1h	3	19	-0.024	-0.5	9	0.246	10	-0.268	116	-0.091
vumanchu-wt-zero-cross-strategy-v1-2-3/family5	1h	3	18	-0.035	-0.6	9	0.246	9	-0.317	92	-0.139
bb-macd-v6-1-5-qing-smart-distribution/family5	1h	1	40	0.000	0.0	19	-0.136	21	0.123	71	-0.002
vumanchu-wt-zero-cross-v1-1b/family5	1h	3	19	-0.024	-0.5	9	0.246	10	-0.268	116	-0.091
vishall-ema-9-20-50-200-dmi-adx-strategy/family5	1h	1	14	0.655	9.2	7	0.092	7	1.219	35	0.227
obs-volume-spike-reaction-fade/family5	1h	1	14	-0.164	-2.3	5	-0.104	9	-0.197	36	-0.261
nifty-supertrend-ce-strategy-alice-blue/family5	1h	2	21	0.077	1.6	11	0.086	10	0.067	63	-0.226
velocity-breakout-strategy-vbs/family5	1h	3	10	0.049	0.5	6	-0.131	4	0.320	65	-0.020
ultimate-pattern-engine-ema-stochastic-by-rony/family5	1h	2	36	-0.052	-1.9	21	0.023	15	-0.157	376	-0.119
fair-value-gap-continuation-framework/family5	1h	1	84	-0.145	-12.2	47	-0.155	37	-0.133	196	-0.181
pm-range-breakout-retest-fade-tv-strategies/family5	1h	1	24	-0.157	-3.8	12	-0.127	12	-0.186	61	-0.084
tjr-v4-strategy/family5	1h	2	51	-0.022	-1.1	25	-0.147	26	0.098	271	-0.080
surgical-sweep-original-restored/family5	1h	1	16	-0.004	-0.1	10	0.004	6	-0.017	46	-0.300
qqe-channel-strategy/family5	1h	3	12	-0.080	-1.0	5	-0.003	7	-0.135	114	-0.087
ut-bot-v2-atr-trailing-stop/family5	1h	2	47	-0.116	-5.4	20	-0.163	27	-0.080	338	-0.204
egan-s-pure-structure-s-d-strategy-backtest/family5	1h	2	18	-0.329	-5.9	9	-0.503	9	-0.155	163	-0.187
sma-4-sma-30/family5	1h	2	25	-0.009	-0.2	11	0.119	14	-0.109	126	-0.162
europon-reversal-fx-rush-ver2-strategy/family5	1h	2	41	-0.150	-6.1	16	-0.111	25	-0.175	285	-0.176
dca-grid-15-orders-1-1-step-1-8-tp/family5	1h	1	7	-0.709	-5.0	1	-1.000	6	-0.660	42	-0.353
institutional-ob-entry-exit-sl-strategy/family5	1h	1	7	1.199	8.4	3	0.238	4	1.920	39	-0.117
smart-trend-strategy-julzalgo/family5	1h	1	25	-0.291	-7.3	14	-0.290	11	-0.293	71	-0.070
supertrend-strategy/family5	1h	2	21	0.077	1.6	11	0.086	10	0.067	65	-0.249
macd-crossover-strategy/family5	1h	2	31	-0.101	-3.1	12	-0.064	19	-0.125	210	-0.158
expma-analysis/family5	1h	1	20	0.225	4.5	11	-0.219	9	0.769	29	0.190
scalping-london-new-york-strategy/family5	1h	3	16	-0.038	-0.6	8	0.557	8	-0.634	186	-0.114
strategy-validation-framework-standardised-atr-exits-1-ris/family5	1h	1	26	0.070	1.8	13	-0.026	13	0.167	37	-0.033
serhan1-wma-rsi-trailing-scalp-date-filter/family5	1h	1	44	0.133	5.8	19	-0.108	25	0.316	93	-0.064
market-breadth-trend-strategy/family5	1h	2	17	-0.182	-3.1	8	0.080	9	-0.415	154	-0.131
session-king-alma-with-session-filter/family5	1h	1	30	-0.319	-9.6	16	-0.370	14	-0.260	71	-0.167
twe-2-bar-break-strategy/family5	1h	2	56	-0.019	-1.0	31	-0.075	25	0.051	341	-0.076
15m-nifty-multi-day-swing-target-engine-v1-0/family5	1h	1	22	-0.198	-4.4	10	-0.250	12	-0.155	49	-0.103
manoj-betrayed-me/family5	1h	2	30	-0.076	-2.3	20	-0.286	10	0.344	168	-0.074
double-tap/family5	1h	2	24	0.038	0.9	13	-0.256	11	0.386	119	-0.058
btcusd-4h-ema-swing-strategy/family5	1h	2	9	-0.032	-0.3	5	-0.011	4	-0.059	49	-0.114
simple-breakout-strategy-santana/family5	1h	1	46	0.022	1.0	22	0.091	24	-0.041	94	-0.025
ahlenaz/family5	1h	1	10	0.742	7.4	4	0.237	6	1.079	45	0.167
ema-40-pullback-pyramid-strategy/family5	1h	1	90	-0.117	-10.5	44	-0.134	46	-0.100	245	-0.105
fair-value-gap-strategy/family5	1h	5	6	-0.238	-1.4	2	-1.000	4	0.144	286	-0.168
ll-momentum-and-curl-master/family5	1h	1	16	0.294	4.7	8	0.243	8	0.346	59	-0.060
katana-v5-pro-fvg-50-model/family5	1h	1	20	0.042	0.8	9	-0.525	11	0.505	62	-0.112
quanloki-qqe-system-opposite-signal-only-points/family5	1h	3	6	-0.129	-0.8	5	0.045	1	-1.000	105	-0.188
adaptive-multi-factor-v1-update-9-years/family5	1h	3	31	-0.183	-5.7	13	-0.041	18	-0.286	251	-0.142
silver-surfer/family5	1h	5	5	-0.085	-0.4	2	-1.000	3	0.525	280	-0.176
atm-adaptive-zone-momentum-scalper-1h/family5	1h	2	91	-0.193	-17.6	44	-0.220	47	-0.169	758	-0.142
ema-9-vwap-strategy-with-atr-trailing-stop-win-the-trade/family5	1h	2	52	-0.096	-5.0	26	0.034	26	-0.227	316	-0.190
atm/family5	1h	2	91	-0.193	-17.6	44	-0.220	47	-0.169	758	-0.142
adaptive-multi-facto-9-years/family5	1h	2	34	-0.023	-0.8	17	0.190	17	-0.237	172	-0.142
fast-scalper-with-stops/family5	1h	3	23	-0.136	-3.1	9	-0.024	14	-0.209	212	-0.182
fast-scalper-with-stops-tv-strategies/family5	1h	3	23	-0.136	-3.1	9	-0.024	14	-0.209	212	-0.182
fast-scalper-with-stops-tv-strategies-cg3o8g9a/family5	1h	2	28	-0.145	-4.1	16	0.016	12	-0.360	105	-0.216
sttrend-tp-lock-added/family5	1h	2	19	0.106	2.0	11	0.262	8	-0.110	61	-0.232
fast-scalper-with-stops-tv-strategies-mcwal9oa/family5	1h	3	23	-0.136	-3.1	9	-0.024	14	-0.209	212	-0.182
es-1m-3m-momentum-signal-flip-exits/family5	1h	1	12	-0.466	-5.6	8	-0.199	4	-1.000	18	-0.581
9-ema-20-ema-retest-strategy/family5	1h	1	32	0.234	7.5	16	-0.194	16	0.662	107	0.105
clean-vwap-zl-scalper-single-trigger-by-sandip/family5	1h	3	29	-0.145	-4.2	15	-0.130	14	-0.162	317	-0.221
clean-vwap-zl-scalper-single-trigger-by-david/family5	1h	3	29	-0.145	-4.2	15	-0.130	14	-0.162	317	-0.221
good-luck/family5	1h	1	20	-0.063	-1.3	13	0.010	7	-0.199	62	-0.138
spike-ea-trade-strategy/family5	1h	2	106	-0.048	-5.1	52	-0.022	54	-0.073	818	-0.160
nasdaq-oro-bruto-24h-mejorada/family5	1h	1	27	0.376	10.2	11	0.224	16	0.481	90	0.026
nasdaq-nq-24h-mejorada/family5	1h	1	27	0.376	10.2	11	0.224	16	0.481	90	0.026
zr-grizzly/family5	1h	2	17	0.583	9.9	8	0.579	9	0.587	105	-0.061
concordance-execution-model/family5	1h	1	17	0.501	8.5	6	-0.034	11	0.793	56	-0.043
frosty-alerts/family5	1h	2	133	-0.122	-16.2	68	-0.045	65	-0.201	1951	-0.105
caldera-meridian-strategy/family5	1h	2	7	0.370	2.6	4	0.163	3	0.647	87	-0.223
enso-usdt-12h-trend-pullback-sniper/family5	1h	1	11	-0.163	-1.8	7	-0.363	4	0.187	39	-0.139
sebbiottino-trailing-stop-so-good-ger40-1m/family5	1h	2	24	-0.116	-2.8	13	-0.524	11	0.365	195	-0.100
ut-bot-shah-200-50-ema/family5	1h	1	5	0.721	3.6	4	-0.319	1	4.880	30	-0.372
my-strategy-9/family5	1h	1	46	0.022	1.0	22	0.091	24	-0.041	94	-0.025
psol-01-donchian-channels/family5	1h	1	7	-0.155	-1.1	3	0.173	4	-0.402	31	0.055
helios-institutional-synthesis-strategy/family5	1h	2	17	-0.125	-2.1	9	-0.091	8	-0.164	67	-0.313
regime-execution-strategy/family5	1h	2	11	-0.017	-0.2	7	-0.566	4	0.945	71	-0.226
quant-synthesis-strategy/family5	1h	1	17	0.268	4.6	15	0.348	2	-0.331	59	-0.094
gold-ai-strategy-v2-0/family5	1h	2	8	0.355	2.8	3	0.130	5	0.490	67	-0.166
zeta9-v6/family5	1h	2	45	-0.080	-3.6	23	-0.294	22	0.145	234	-0.222
20-200-sma-strategy/family5	1h	2	11	-0.091	-1.0	2	1.317	9	-0.404	145	-0.291
liquidity-entry-zones-strategy-2-0/family5	1h	3	27	0.055	1.5	13	0.429	14	-0.292	200	-0.152
btc-averages-strategy-long-short/family5	1h	2	15	0.418	6.3	7	0.327	8	0.498	64	0.030
concordance-allocation-strategy/family5	1h	1	32	0.087	2.8	18	-0.116	14	0.347	79	0.069
amit-eth-strategy/family5	1h	1	26	0.259	6.7	14	0.023	12	0.533	92	-0.115
amit-eth-strategy-tv-strategies/family5	1h	1	26	0.259	6.7	14	0.023	12	0.533	92	-0.115
moja-strategia-harami-bb/family5	1h	2	15	-0.100	-1.5	5	-0.089	10	-0.106	104	-0.224
inside-day-breakout-strategy/family5	1h	1	15	-0.064	-1.0	10	-0.044	5	-0.106	31	-0.013
moja-strategia-harami-bb-tv-strategies/family5	1h	2	15	-0.100	-1.5	5	-0.089	10	-0.106	104	-0.224
silverstream-v2/family5	1h	2	12	-0.199	-2.4	6	-0.170	6	-0.227	195	-0.103
mgc-wyckoff-second-breakout-v3-candle-rr/family5	1h	3	13	-0.124	-1.6	7	0.102	6	-0.387	121	-0.128
concord-execution-mandate/family5	1h	3	29	-0.149	-4.3	11	-0.255	18	-0.085	233	-0.133
5m-sol-scalper-ha-lorentzian/family5	1h	2	8	-0.296	-2.4	4	-0.354	4	-0.239	68	0.021
asian-box-breakout-strategy/family5	1h	3	12	-0.064	-0.8	6	-0.334	6	0.206	98	-0.120
3commas-trail-hunter-reversal-long/family5	1h	1	14	-0.033	-0.5	8	0.284	6	-0.456	31	-0.140
super-rsi-strategy/family5	1h	4	12	-0.024	-0.3	8	0.067	4	-0.206	305	-0.142
super-rsi-strategy-tv-strategies/family5	1h	4	12	-0.024	-0.3	8	0.067	4	-0.206	305	-0.142
super-rsi-strategy-tv-strategies-nng1sppd/family5	1h	4	12	-0.024	-0.3	8	0.067	4	-0.206	305	-0.142
bollinger-bands-rsi-live-radar-strategy/family5	1h	1	18	0.080	1.4	7	0.592	11	-0.245	56	-0.019
box-breakout-strategy-dt4b-trader/family5	1h	1	51	0.072	3.7	27	-0.005	24	0.159	120	-0.030
sma-strategy/family5	1h	2	48	-0.137	-6.6	25	-0.042	23	-0.241	354	-0.155
3commas-pullback-sniper-strategy/family5	1h	1	17	0.309	5.3	9	0.784	8	-0.225	36	-0.027
parallax-covenant-strategy/family5	1h	2	19	-0.074	-1.4	10	0.026	9	-0.185	166	-0.147
ttm-momentum-histo-9-ema-21-ema-debit-spread-script/family5	1h	1	49	0.008	0.4	23	0.044	26	-0.023	101	0.028
beginner-trend-risk-model-ema-rsi/family5	1h	3	34	-0.290	-9.9	7	-0.087	27	-0.343	145	-0.186
ai-triple-confirmation-strategy/family5	1h	1	13	0.559	7.3	5	1.010	8	0.277	55	0.059
decoded-volatility-expansion/family5	1h	1	14	-0.194	-2.7	7	-0.549	7	0.161	55	-0.124
ema-dmi-macd-rsi-strategy/family5	1h	1	25	0.280	7.0	15	0.172	10	0.441	64	0.098
simple-smart-buy-sell-strategy/family5	1h	1	79	0.061	4.8	38	-0.039	41	0.153	184	0.023
albtrader-nq-beast-supertrend-macd-rsi/family5	1h	2	1	1.307	1.3	1	1.307	0	0.000	48	0.034
take-liquidity-multi-time-frame-tradesystem/family5	1h	2	12	-0.381	-4.6	5	-0.154	7	-0.542	82	-0.278
options-momentum-bias-strategy-v2/family5	1h	3	11	-0.184	-2.0	7	-0.401	4	0.195	82	-0.083
strategy-461-ts-m15/family5	1h	2	12	0.233	2.8	4	-0.167	8	0.432	121	-0.238
autotrade-bot-v12/family5	1h	3	6	0.381	2.3	4	-0.147	2	1.438	42	-0.082
lvn-rejection-acceptance-strategy/family5	1h	3	16	-0.103	-1.7	9	-0.234	7	0.065	160	-0.051
adaptive-s-r-reversal-rsi-divergence-dca-be-stop-5m/family5	1h	2	9	-0.705	-6.3	4	-0.673	5	-0.731	47	-0.413
nq-scalp-fix-signals/family5	1h	1	22	0.088	1.9	14	-0.014	8	0.266	80	-0.137
albtrader-nq-btc-gold-multi-tf-signal-bot-v2/family5	1h	1	54	0.167	9.0	30	0.060	24	0.302	95	0.035
ema-crossx/family5	1h	1	35	0.052	1.8	17	0.261	18	-0.145	49	0.070
strategy-250-xauusd-composite-quality-score/family5	1h	1	9	0.158	1.4	4	0.606	5	-0.201	25	-0.212
strategy-432-btc-donchian-breakout-continuation/family5	1h	1	10	-0.117	-1.2	4	0.576	6	-0.579	34	-0.035
scalping-reversal-strategy/family5	1h	1	30	-0.309	-9.3	17	-0.353	13	-0.251	76	-0.321
scalping-ichimoku/family5	1h	1	16	0.087	1.4	8	0.050	8	0.124	46	-0.234
scalping-entry-exit-indicator-by-diget/family5	1h	3	46	-0.057	-2.6	18	-0.017	28	-0.083	516	-0.188
thrax-quickstrike-5-mins-scalping/family5	1h	3	10	0.190	1.9	6	0.375	4	-0.087	92	-0.086
scalper-s-moving-average-dyna/family5	1h	1	47	0.060	2.8	28	0.102	19	-0.002	111	-0.050
9-15-ema-scalper/family5	1h	1	26	0.104	2.7	12	-0.267	14	0.423	74	0.051
parabolic-sar-heikin-ashi-mtf-candle-scalper/family5	1h	2	45	-0.110	-5.0	25	-0.292	20	0.117	214	-0.167
scalpers-macd-vwap-filter/family5	1h	3	12	-0.325	-3.9	5	-0.224	7	-0.397	117	-0.101
swing-failure-pattern-sfp-engine-agpro-series/family5	1h	2	9	0.407	3.7	4	0.803	5	0.090	40	0.115
swing-reversal-auto-targets-jpt-module-1/family5	1h	2	7	1.192	8.3	4	0.462	3	2.167	109	-0.124
swing-gradient-tpos-boswaves/family5	1h	2	11	0.114	1.3	4	-0.347	7	0.377	63	-0.088
fast-v-slow-moving-averages-strategy-variable-divonn1994/family5	1h	2	11	0.036	0.4	4	-0.162	7	0.149	59	0.030
contrarian-scalping-counter-trend-bb-envelope-adx-and-stochastic/family5	1h	2	159	-0.092	-14.7	78	-0.010	81	-0.171	2295	-0.099
god-of-scalping-btc/family5	1h	3	18	-0.113	-2.0	10	0.241	8	-0.556	145	-0.068
clean-multi-indicator-alignment-system/family5	1h	1	51	-0.180	-9.2	24	-0.218	27	-0.146	124	-0.122
market-direction-strength-mds/family5	1h	2	41	0.029	1.2	22	0.058	19	-0.005	172	0.064
concordance-strategy/family5	1h	1	7	0.065	0.5	3	0.167	4	-0.011	24	0.020
consensus/family7	1h	4	35	-0.106	-3.7	18	0.166	17	-0.394		
consensus/family7	1h	5	26	-0.180	-4.7	13	-0.007	13	-0.353		
consensus/family7	1h	6	5	0.086	0.4	3	0.377	2	-0.350		
consensus/family7	1h	7	2	0.008	0.0	1	1.015	1	-1.000		
abcd-harmonic-projection/family7	1h	2	6	0.255	1.5	6	0.255	0	0.000	34	-0.193
stealthtrail-supertrend/family7	1h	1	37	0.057	2.1	19	0.112	18	-0.001	68	-0.110
swing-volume-profile-pro/family7	1h	1	33	0.131	4.3	15	0.030	18	0.215	61	0.032
pulse-trend-radar/family7	1h	1	25	-0.070	-1.7	13	-0.070	12	-0.070	46	-0.219
dynamic-trend-bands-anchored-vwap-signals/family7	1h	1	16	-0.368	-5.9	6	-0.166	10	-0.490	30	-0.464
pivot-channel-breaks/family7	1h	1	30	-0.118	-3.5	13	-0.024	17	-0.191	39	-0.019
triangular-hull-moving-average-volatility/family7	1h	1	36	0.172	6.2	16	0.089	20	0.238	42	0.156
stealthtrail-supertrend-ml-pro/family7	1h	1	36	0.048	1.7	16	-0.030	20	0.111	61	-0.146
smart-swing-vwap-zeiierman/family7	1h	2	9	0.554	5.0	5	0.384	4	0.765	42	-0.101
supertrend-cluster-zeiierman/family7	1h	2	27	-0.250	-6.8	14	-0.115	13	-0.396	46	-0.166
bollinger-bands-forecast-with-signals-zeiierman/family7	1h	1	9	-0.409	-3.7	4	-0.541	5	-0.303	38	-0.338
market-memory-average-zeiierman/family7	1h	1	28	0.055	1.5	13	0.385	15	-0.231	48	-0.109
session-killzones-breakouts/family7	1h	2	49	-0.192	-9.4	29	-0.155	20	-0.244	163	-0.109
volume-supertrend-ai-expo/family7	1h	2	8	-0.186	-1.5	6	-0.130	2	-0.352	40	-0.093
ai-predictive-flow-zeiierman/family7	1h	1	96	0.067	6.4	46	0.207	50	-0.061	197	-0.117
momentum-sequence-strategy/family7	1h	1	7	-0.106	-0.7	4	0.229	3	-0.553	9	-0.111
anchored-value-distribution-oscillator-zeiierman/family7	1h	2	100	0.026	2.6	43	0.106	57	-0.034	403	-0.165
trend-survival-matrix/family7	1h	1	26	0.213	5.5	10	0.131	16	0.265	37	0.194
smart-flow-imbalance/family7	1h	3	17	0.074	1.3	11	-0.401	6	0.945	72	0.023
ema-trend-pro/family7	1h	1	17	0.330	5.6	7	0.188	10	0.430	25	0.285
ema-trend-signals/family7	1h	1	26	0.213	5.5	10	0.131	16	0.265	37	0.194
trend-pullback-guard/family7	1h	2	23	0.149	3.4	12	0.096	11	0.207	100	-0.087
adaptive-atr-extension-scanner/family7	1h	1	39	0.148	5.8	15	0.278	24	0.067	56	0.165
rsi-market-regime/family7	1h	2	37	-0.084	-3.1	18	-0.064	19	-0.103	97	-0.121
sams-early-morning-range-lines/family7	1h	2	20	0.108	2.2	15	0.162	5	-0.055	62	-0.039
machine-learning-rsi-ai-classification-ranking-zeiierman/family7	1h	1	40	-0.210	-8.4	21	-0.197	19	-0.225	65	-0.153
btc-ema-5-9-flip-strategy-autobot/family7	1h	1	5	0.237	1.2	1	-1.000	4	0.546	20	-0.537
swing-multi-moving-averages-crypto-and-stocks-strategy/family7	1h	5	27	-0.086	-2.3	12	-0.300	15	0.085	275	-0.177
trendsync-pro-smc/family7	1h	1	15	-0.248	-3.7	7	0.063	8	-0.521	31	-0.369
williams-r-zone-scalper-v1-0-bullbyte/family7	1h	1	25	-0.083	-2.1	13	-0.032	12	-0.138	61	-0.392
weekend-hunter-ultimate-v6-2/family7	1h	1	15	-0.131	-2.0	8	-0.160	7	-0.097	18	-0.167
smart-grid-scalping-pullback-strategy-bullbyte/family7	1h	1	16	-0.671	-10.7	3	-0.149	13	-0.791	37	-0.512
macd-pullback-sniper-trend-adx-filtered-strategy/family7	1h	1	6	-0.590	-3.5	2	-0.376	4	-0.697	24	-0.344
pro-scalper-ai-bullbyte/family7	1h	2	68	0.099	6.7	45	0.086	23	0.124	291	-0.124
ema-pullback-trend-continuation-strategy-with-volume-and-momentu/family7	1h	1	14	-0.030	-0.4	5	-0.490	9	0.225	43	-0.144
execution-aware-trend/family7	1h	1	19	0.450	8.5	5	0.577	14	0.404	39	0.025
coil-breaker-rsi-range-compression/family7	1h	2	12	0.003	0.0	10	0.195	2	-0.957	31	0.033
channel-reversion-system/family7	1h	1	5	0.035	0.2	3	0.039	2	0.030	23	-0.081
slope-ma-cross-acc-range-filter/family7	1h	1	46	-0.206	-9.5	33	-0.146	13	-0.359	81	-0.131
momentum-bands-breakout/family7	1h	1	8	0.262	2.1	4	0.516	4	0.008	20	0.023
trendshift-supertrend-adx-regime-adaptive-strategy/family7	1h	1	28	0.016	0.5	19	-0.113	9	0.290	57	0.021
vwap-trend-momentum/family7	1h	1	19	-0.185	-3.5	10	-0.083	9	-0.299	28	-0.229
dnse-vn301-sma-34-89-dual-slope-strategy/family7	1h	1	61	-0.010	-0.6	30	0.068	31	-0.085	138	-0.132
fair-value-gap-strategy-with-break-of-structure-confirmation/family7	1h	1	61	0.081	5.0	36	0.057	25	0.117	121	-0.085
bist30-to-sp-500-atr-momentum-rider/family7	1h	3	16	-0.035	-0.6	8	-0.300	8	0.230	67	-0.211
elite-hybrid-orb/family7	1h	1	28	-0.054	-1.5	16	-0.089	12	-0.007	61	-0.206
tradleware-dca/family7	1h	2	29	0.075	2.2	15	-0.059	14	0.218	85	-0.124
ultimate-prop-firm/family7	1h	2	10	-0.113	-1.1	6	0.248	4	-0.653	34	-0.047
cloud-pro-ichimoku-confluence/family7	1h	5	5	0.376	1.9	2	-0.024	3	0.643	89	-0.123
pg-mcx-silver-long-v6-mtf-momentum-profit-trailing/family7	1h	4	9	0.542	4.9	2	0.857	7	0.452	103	-0.031
dnse-vn301-bollinger-bands-break-out-strategy/family7	1h	1	14	0.515	7.2	5	0.342	9	0.611	33	0.247
nnfx-btc-ssl-qqe-signalforge/family7	1h	1	67	-0.166	-11.1	36	-0.218	31	-0.106	167	-0.175
z-edge-confluence-z-score-strategy/family7	1h	2	17	0.004	0.1	11	0.185	6	-0.329	68	-0.118
hyperliquid-ready-webhook-strategy-template/family7	1h	1	29	0.206	6.0	10	0.131	19	0.246	40	0.137
ema-25-68-bist30-futures/family7	1h	2	15	-0.155	-2.3	9	-0.129	6	-0.193	31	-0.224
daybreak-strategy/family7	1h	1	51	-0.078	-4.0	26	-0.115	25	-0.040	107	-0.186
dnse-vn301-keltner-break-out-strategy/family7	1h	1	17	0.250	4.2	5	-0.080	12	0.387	35	0.175
trend-efficiency-framework/family7	1h	1	15	0.066	1.0	10	-0.290	5	0.778	33	-0.049
tp-sl-toolkit/family7	1h	1	53	-0.085	-4.5	28	0.054	25	-0.240	102	-0.200
vwap-suite-trend-mean-reversion-with-adaptive-filters/family7	1h	1	24	0.050	1.2	11	-0.314	13	0.357	47	-0.134
dnse-vn301-donchian-break-out-strategy/family7	1h	1	14	0.118	1.7	6	-0.177	8	0.340	31	0.055
webhook-alert-strategy-template/family7	1h	1	27	0.057	1.5	12	-0.052	15	0.144	43	0.083
fractal-memory-strategy/family7	1h	1	11	-0.099	-1.1	6	-0.171	5	-0.013	21	-0.149
adaptive-atr-scalper-instant-lock-version/family7	1h	2	17	0.195	3.3	6	-0.075	11	0.343	52	0.010
btc-trend-momentum-strategy/family7	1h	1	14	-0.178	-2.5	7	0.060	7	-0.417	37	-0.089
super-trend-signal-engine-quantum-edge/family7	1h	1	37	-0.217	-8.0	19	-0.082	18	-0.360	62	-0.245
donchian-breakout-with-atr-trailing-stop-trend-following/family7	1h	1	32	-0.036	-1.2	11	-0.095	21	-0.006	51	0.060
dual-bollinger-band-cross-strategy-v6/family7	1h	1	71	0.028	2.0	35	-0.062	36	0.116	108	-0.146
optimized-doji-breakout-strategy-short-only-v6/family7	1h	1	34	-0.202	-6.9	18	-0.084	16	-0.333	102	-0.225
smoothed-heiken-ashi-strategy-v1/family7	1h	3	15	0.072	1.1	8	0.303	7	-0.192	64	0.079
xau-clear-ema-atr-strategy-tp-sl-voice-v6-clean-tp/family7	1h	1	27	-0.000	-0.0	19	-0.130	8	0.309	88	-0.250
xau-clear-ema-atr-strategy-tp-sl-voice-v6/family7	1h	1	27	-0.000	-0.0	19	-0.130	8	0.309	88	-0.250
smc-clean-4h-zones-center-labels-hh-hl-ll-lh/family7	1h	1	178	-0.021	-3.7	77	-0.018	101	-0.023	919	-0.128
apex-fusion-ai-smart-trend-engine/family7	1h	5	4	0.219	0.9	1	-1.000	3	0.626	96	-0.073
bps-v17-strong-trend-filter/family7	1h	2	12	0.511	6.1	6	0.604	6	0.418	38	0.159
bps-v17-strong-trend-filter-tv-strategies/family7	1h	2	12	0.511	6.1	6	0.604	6	0.418	38	0.159
btc-8am-pattern-breakout-instant-entry/family7	1h	1	86	-0.146	-12.5	45	-0.164	41	-0.126	220	-0.173
vwap-points-percent-ticks-strategy/family7	1h	1	160	0.024	3.9	88	-0.045	72	0.110	592	-0.175
pm-range-breakout-retest-fade/family7	1h	1	27	-0.022	-0.6	13	-0.175	14	0.120	61	-0.084
vwap-stdev-bands-reversal-strategy/family7	1h	1	40	-0.090	-3.6	20	0.240	20	-0.420	125	-0.175
bollinger-squeeze-breakout-volume/family7	1h	4	8	-0.151	-1.2	4	-0.200	4	-0.101	61	-0.012
hard-entry-exit-rules/family7	1h	1	23	0.017	0.4	11	-0.175	12	0.194	39	0.001
arbf-strategy-v1-8/family7	1h	1	46	-0.023	-1.0	22	0.014	24	-0.056	79	-0.003
xauusd-hull-pullback-tester-2-0/family7	1h	1	8	0.103	0.8	8	0.103	0	0.000	15	-0.279
reverse-bb-kc/family7	1h	1	18	-0.176	-3.2	10	-0.032	8	-0.356	58	-0.179
mcginley-t3-flow-campaign-nick789-v-1/family7	1h	1	13	-0.331	-4.3	5	0.126	8	-0.616	32	-0.238
tomukas-daily-scale-in/family7	1h	2	4	0.374	1.5	2	0.442	2	0.307	42	-0.093
10-tech-indexes-score-system/family7	1h	2	9	-0.043	-0.4	3	0.010	6	-0.069	22	-0.079
trend-persistence-analysis-framework/family7	1h	1	68	-0.003	-0.2	33	0.097	35	-0.098	168	-0.091
ewo-rsi-advanced-signals-strategy-exhaustion-filter/family7	1h	1	43	-0.014	-0.6	18	0.036	25	-0.049	98	-0.308
high-activity-penny-stock-strategy-v6/family7	1h	1	20	0.161	3.2	7	-0.028	13	0.263	40	-0.035
bb-kc-squeeze-breakout/family7	1h	1	27	-0.102	-2.8	16	-0.169	11	-0.004	43	-0.171
kaufman-moving-average-adaptive-strategy-by-mkb/family7	1h	4	6	-0.780	-4.7	2	-1.000	4	-0.670	65	-0.225
ac20-55emagdcrosstest/family7	1h	1	26	0.166	4.3	11	-0.018	15	0.301	41	0.140
ai-slop-holy-grail-trap-btc-1h-non-repainting-overfit/family7	1h	1	22	-0.315	-6.9	12	-0.090	10	-0.586	39	-0.279
bollinger-bands-simple-strategy/family7	1h	1	58	-0.137	-7.9	27	-0.034	31	-0.227	142	-0.289
adaptive-dual-engine-strategy-momentum-mean-reversion/family7	1h	2	62	0.067	4.2	34	0.066	28	0.069	214	-0.080
estrategia-dpo-artedejubilarte/family7	1h	1	43	0.097	4.2	21	0.141	22	0.055	81	0.057
nasrul-fib-sr-m5/family7	1h	1	37	0.148	5.5	6	-0.146	31	0.205	78	0.016
volatility-surge-strategy/family7	1h	3	10	-0.361	-3.6	4	-0.356	6	-0.364	51	-0.053
master-structural-engine/family7	1h	1	11	0.128	1.4	3	0.277	8	0.072	28	-0.253
yuri-garcia-narrow-state-strategy-ygils/family7	1h	1	16	-0.356	-5.7	7	-0.331	9	-0.376	32	-0.243
9-21ema-anji/family7	1h	1	13	-0.307	-4.0	5	0.332	8	-0.706	21	-0.550
supertrend-bb-strategy/family7	1h	4	12	0.318	3.8	6	0.391	6	0.245	57	-0.228
trend-pivot-scale-in/family7	1h	1	13	0.112	1.5	7	0.058	6	0.174	23	-0.237
engulfing-mitigation-strategy/family7	1h	1	144	-0.031	-4.5	69	-0.048	75	-0.015	343	-0.136
vumanchu-wt-zero-cross-strategy-v1-2-2/family7	1h	3	41	0.037	1.5	21	0.112	20	-0.041	116	-0.091
vumanchu-wt-zero-cross-strategy-v1-2-3/family7	1h	2	39	0.009	0.3	20	0.067	19	-0.052	92	-0.139
bb-macd-v6-1-5-qing-smart-distribution/family7	1h	3	21	0.065	1.4	10	-0.017	11	0.139	71	-0.002
vumanchu-wt-zero-cross-v1-1b/family7	1h	3	41	0.037	1.5	21	0.112	20	-0.041	116	-0.091
vishall-ema-9-20-50-200-dmi-adx-strategy/family7	1h	1	28	0.266	7.4	10	-0.013	18	0.420	35	0.227
obs-volume-spike-reaction-fade/family7	1h	1	15	-0.254	-3.8	5	0.039	10	-0.400	36	-0.261
nifty-supertrend-ce-strategy-alice-blue/family7	1h	4	11	0.220	2.4	5	0.190	6	0.245	63	-0.226
velocity-breakout-strategy-vbs/family7	1h	4	6	0.187	1.1	4	-0.118	2	0.797	65	-0.020
ultimate-pattern-engine-ema-stochastic-by-rony/family7	1h	2	71	0.027	2.0	45	-0.002	26	0.078	376	-0.119
fair-value-gap-continuation-framework/family7	1h	1	103	-0.171	-17.6	55	-0.209	48	-0.128	196	-0.181
pm-range-breakout-retest-fade-tv-strategies/family7	1h	1	27	-0.022	-0.6	13	-0.175	14	0.120	61	-0.084
tjr-v4-strategy/family7	1h	2	76	-0.001	-0.1	36	0.024	40	-0.025	271	-0.080
surgical-sweep-original-restored/family7	1h	1	14	0.040	0.6	7	0.065	7	0.015	46	-0.300
qqe-channel-strategy/family7	1h	5	6	-0.739	-4.4	2	-1.000	4	-0.608	114	-0.087
ut-bot-v2-atr-trailing-stop/family7	1h	1	122	-0.157	-19.1	61	-0.156	61	-0.157	338	-0.204
egan-s-pure-structure-s-d-strategy-backtest/family7	1h	2	47	-0.027	-1.3	28	-0.178	19	0.195	163	-0.187
sma-4-sma-30/family7	1h	1	62	-0.090	-5.6	31	-0.160	31	-0.021	126	-0.162
europon-reversal-fx-rush-ver2-strategy/family7	1h	1	103	-0.045	-4.6	51	-0.034	52	-0.055	285	-0.176
dca-grid-15-orders-1-1-step-1-8-tp/family7	1h	2	5	-0.066	-0.3	0	0.000	5	-0.066	42	-0.353
institutional-ob-entry-exit-sl-strategy/family7	1h	2	14	0.096	1.4	6	-0.721	8	0.709	39	-0.117
smart-trend-strategy-julzalgo/family7	1h	2	20	-0.051	-1.0	12	-0.026	8	-0.089	71	-0.070
supertrend-strategy/family7	1h	4	12	0.318	3.8	6	0.391	6	0.245	65	-0.249
macd-crossover-strategy/family7	1h	1	82	0.037	3.0	43	0.018	39	0.057	210	-0.158
expma-analysis/family7	1h	1	26	0.328	8.5	12	-0.278	14	0.847	29	0.190
scalping-london-new-york-strategy/family7	1h	1	72	0.098	7.1	31	0.281	41	-0.041	186	-0.114
strategy-validation-framework-standardised-atr-exits-1-ris/family7	1h	3	18	-0.088	-1.6	10	-0.193	8	0.044	37	-0.033
serhan1-wma-rsi-trailing-scalp-date-filter/family7	1h	1	48	0.138	6.6	25	-0.104	23	0.400	93	-0.064
market-breadth-trend-strategy/family7	1h	2	38	0.254	9.7	15	0.344	23	0.195	154	-0.131
session-king-alma-with-session-filter/family7	1h	2	26	-0.176	-4.6	13	-0.170	13	-0.183	71	-0.167
twe-2-bar-break-strategy/family7	1h	2	106	0.045	4.8	55	0.081	51	0.006	341	-0.076
15m-nifty-multi-day-swing-target-engine-v1-0/family7	1h	1	23	-0.022	-0.5	12	-0.069	11	0.030	49	-0.103
manoj-betrayed-me/family7	1h	1	91	-0.008	-0.8	43	-0.118	48	0.090	168	-0.074
double-tap/family7	1h	4	10	0.423	4.2	5	-0.349	5	1.196	119	-0.058
btcusd-4h-ema-swing-strategy/family7	1h	1	23	-0.170	-3.9	13	-0.014	10	-0.373	49	-0.114
simple-breakout-strategy-santana/family7	1h	1	54	0.017	0.9	25	0.108	29	-0.062	94	-0.025
ahlenaz/family7	1h	1	19	0.163	3.1	8	-0.137	11	0.381	45	0.167
nse-elite-strategy-v6-full-system/family7	1h	1	15	0.530	7.9	7	0.321	8	0.712	29	0.157
ema-40-pullback-pyramid-strategy/family7	1h	1	97	0.002	0.2	49	-0.054	48	0.060	245	-0.105
fair-value-gap-strategy/family7	1h	1	133	0.001	0.2	67	0.012	66	-0.009	286	-0.168
ll-momentum-and-curl-master/family7	1h	2	17	0.253	4.3	8	0.158	9	0.338	59	-0.060
psol-02-keltner-breakout/family7	1h	1	17	0.250	4.2	5	-0.080	12	0.387	35	0.175
katana-v5-pro-fvg-50-model/family7	1h	1	30	-0.044	-1.3	12	-0.530	18	0.281	62	-0.112
quanloki-qqe-system-opposite-signal-only-points/family7	1h	1	48	-0.142	-6.8	34	-0.215	14	0.034	105	-0.188
adaptive-multi-factor-v1-update-9-years/family7	1h	3	53	-0.094	-5.0	20	-0.049	33	-0.121	251	-0.142
silver-surfer/family7	1h	1	128	-0.028	-3.5	64	-0.017	64	-0.039	280	-0.176
atm-adaptive-zone-momentum-scalper-1h/family7	1h	3	95	-0.137	-13.1	46	-0.085	49	-0.186	758	-0.142
ema-9-vwap-strategy-with-atr-trailing-stop-win-the-trade/family7	1h	1	122	0.026	3.2	64	0.045	58	0.006	316	-0.190
atm/family7	1h	3	95	-0.137	-13.1	46	-0.085	49	-0.186	758	-0.142
adaptive-multi-facto-9-years/family7	1h	3	40	-0.085	-3.4	15	-0.022	25	-0.122	172	-0.142
fast-scalper-with-stops/family7	1h	3	32	-0.224	-7.2	14	-0.006	18	-0.393	212	-0.182
fast-scalper-with-stops-tv-strategies/family7	1h	3	32	-0.224	-7.2	14	-0.006	18	-0.393	212	-0.182
fast-scalper-with-stops-tv-strategies-cg3o8g9a/family7	1h	3	19	-0.342	-6.5	11	-0.207	8	-0.528	105	-0.216
sttrend-tp-lock-added/family7	1h	1	36	-0.196	-7.0	18	-0.031	18	-0.360	61	-0.232
fast-scalper-with-stops-tv-strategies-mcwal9oa/family7	1h	3	32	-0.224	-7.2	14	-0.006	18	-0.393	212	-0.182
es-1m-3m-momentum-signal-flip-exits/family7	1h	3	11	-0.265	-2.9	7	-0.029	4	-0.679	18	-0.581
9-ema-20-ema-retest-strategy/family7	1h	1	55	0.195	10.7	31	0.008	24	0.437	107	0.105
clean-vwap-zl-scalper-single-trigger-by-sandip/family7	1h	1	106	-0.008	-0.8	64	-0.092	42	0.121	317	-0.221
clean-vwap-zl-scalper-single-trigger-by-david/family7	1h	1	106	-0.008	-0.8	64	-0.092	42	0.121	317	-0.221
good-luck/family7	1h	1	30	0.025	0.8	19	0.188	11	-0.256	62	-0.138
spike-ea-trade-strategy/family7	1h	2	148	0.058	8.6	82	0.047	66	0.071	818	-0.160
nasdaq-oro-bruto-24h-mejorada/family7	1h	4	3	1.061	3.2	1	0.305	2	1.439	90	0.026
nasdaq-nq-24h-mejorada/family7	1h	4	3	1.061	3.2	1	0.305	2	1.439	90	0.026
zr-grizzly/family7	1h	2	28	0.387	10.8	8	0.396	20	0.384	105	-0.061
concordance-execution-model/family7	1h	2	23	0.248	5.7	10	-0.279	13	0.653	56	-0.043
frosty-alerts/family7	1h	2	153	-0.012	-1.8	84	0.014	69	-0.043	1951	-0.105
caldera-meridian-strategy/family7	1h	1	39	-0.207	-8.1	18	-0.228	21	-0.188	87	-0.223
enso-usdt-12h-trend-pullback-sniper/family7	1h	2	13	-0.175	-2.3	8	-0.498	5	0.342	39	-0.139
sebbiottino-trailing-stop-so-good-ger40-1m/family7	1h	1	92	0.098	9.0	46	-0.026	46	0.222	195	-0.100
ut-bot-shah-200-50-ema/family7	1h	1	15	-0.164	-2.5	8	-0.499	7	0.219	30	-0.372
my-strategy-9/family7	1h	1	54	0.017	0.9	25	0.108	29	-0.062	94	-0.025
psol-01-donchian-channels/family7	1h	1	14	0.118	1.7	6	-0.177	8	0.340	31	0.055
helios-institutional-synthesis-strategy/family7	1h	1	34	-0.079	-2.7	21	-0.059	13	-0.111	67	-0.313
regime-execution-strategy/family7	1h	2	22	0.072	1.6	14	-0.258	8	0.650	71	-0.226
quant-synthesis-strategy/family7	1h	1	31	0.132	4.1	21	0.094	10	0.214	59	-0.094
gold-ai-strategy-v2-0/family7	1h	1	31	-0.041	-1.3	12	-0.177	19	0.045	67	-0.166
zeta9-v6/family7	1h	1	108	-0.035	-3.8	52	-0.052	56	-0.020	234	-0.222
20-200-sma-strategy/family7	1h	1	50	-0.023	-1.1	21	0.163	29	-0.157	145	-0.291
liquidity-entry-zones-strategy-2-0/family7	1h	1	84	0.052	4.4	40	0.251	44	-0.129	200	-0.152
btc-averages-strategy-long-short/family7	1h	1	33	0.152	5.0	14	0.268	19	0.066	64	0.030
concordance-allocation-strategy/family7	1h	2	31	0.125	3.9	15	0.016	16	0.227	79	0.069
amit-eth-strategy/family7	1h	5	1	-1.000	-1.0	1	-1.000	0	0.000	92	-0.115
amit-eth-strategy-tv-strategies/family7	1h	5	1	-1.000	-1.0	1	-1.000	0	0.000	92	-0.115
moja-strategia-harami-bb/family7	1h	1	36	-0.204	-7.3	14	0.019	22	-0.346	104	-0.224
inside-day-breakout-strategy/family7	1h	2	11	-0.293	-3.2	8	-0.354	3	-0.129	31	-0.013
moja-strategia-harami-bb-tv-strategies/family7	1h	1	36	-0.204	-7.3	14	0.019	22	-0.346	104	-0.224
silverstream-v2/family7	1h	2	43	0.195	8.4	26	0.110	17	0.325	195	-0.103
mgc-wyckoff-second-breakout-v3-candle-rr/family7	1h	3	23	-0.294	-6.8	13	0.014	10	-0.694	121	-0.128
concord-execution-mandate/family7	1h	1	92	0.042	3.9	48	-0.083	44	0.179	233	-0.133
5m-sol-scalper-ha-lorentzian/family7	1h	2	18	0.126	2.3	6	-0.188	12	0.282	68	0.021
asian-box-breakout-strategy/family7	1h	2	26	0.059	1.5	15	0.171	11	-0.093	98	-0.120
3commas-trail-hunter-reversal-long/family7	1h	1	13	-0.247	-3.2	6	0.088	7	-0.534	31	-0.140
super-rsi-strategy/family7	1h	4	27	0.251	6.8	16	0.312	11	0.163	305	-0.142
super-rsi-strategy-tv-strategies/family7	1h	4	27	0.251	6.8	16	0.312	11	0.163	305	-0.142
super-rsi-strategy-tv-strategies-nng1sppd/family7	1h	4	27	0.251	6.8	16	0.312	11	0.163	305	-0.142
bollinger-bands-rsi-live-radar-strategy/family7	1h	1	19	0.230	4.4	8	0.684	11	-0.099	56	-0.019
box-breakout-strategy-dt4b-trader/family7	1h	4	12	-0.027	-0.3	6	-0.128	6	0.074	120	-0.030
sma-strategy/family7	1h	1	130	-0.045	-5.8	67	0.008	63	-0.101	354	-0.155
parallax-covenant-strategy/family7	1h	3	29	-0.177	-5.1	17	0.006	12	-0.437	166	-0.147
ttm-momentum-histo-9-ema-21-ema-debit-spread-script/family7	1h	1	57	-0.018	-1.0	26	0.066	31	-0.087	101	0.028
beginner-trend-risk-model-ema-rsi/family7	1h	3	33	-0.277	-9.1	14	-0.337	19	-0.233	145	-0.186
rr-master-lc/family7	1h	1	12	-0.334	-4.0	6	-0.079	6	-0.588	24	-0.237
ai-triple-confirmation-strategy/family7	1h	2	16	0.603	9.6	7	0.587	9	0.615	55	0.059
decoded-volatility-expansion/family7	1h	1	21	-0.034	-0.7	12	-0.210	9	0.201	55	-0.124
option-selling/family7	1h	1	7	-0.062	-0.4	3	-0.420	4	0.207	14	-0.441
index-option-selling/family7	1h	1	6	0.095	0.6	2	-0.130	4	0.207	12	-0.347
option-point/family7	1h	1	6	0.095	0.6	2	-0.130	4	0.207	12	-0.347
real-strength-scalper/family7	1h	1	17	-0.491	-8.4	12	-0.498	5	-0.476	37	-0.385
ema-dmi-macd-rsi-strategy/family7	1h	3	18	0.449	8.1	9	0.297	9	0.601	64	0.098
simple-smart-buy-sell-strategy/family7	1h	1	110	0.055	6.0	53	-0.004	57	0.109	184	0.023
albtrader-nq-beast-supertrend-macd-rsi/family7	1h	3	5	1.100	5.5	4	0.281	1	4.377	48	0.034
take-liquidity-multi-time-frame-tradesystem/family7	1h	2	20	-0.453	-9.1	8	-0.188	12	-0.630	82	-0.278
options-momentum-bias-strategy-v2/family7	1h	4	11	-0.011	-0.1	7	-0.129	4	0.195	82	-0.083
strategy-461-ts-m15/family7	1h	1	50	-0.173	-8.7	25	-0.210	25	-0.137	121	-0.238
autotrade-bot-v12/family7	1h	1	29	-0.025	-0.7	14	0.093	15	-0.135	42	-0.082
lvn-rejection-acceptance-strategy/family7	1h	1	85	0.041	3.5	49	-0.012	36	0.112	160	-0.051
adaptive-s-r-reversal-rsi-divergence-dca-be-stop-5m/family7	1h	1	16	-0.112	-1.8	7	0.175	9	-0.335	47	-0.413
nq-scalp-fix-signals/family7	1h	1	47	-0.045	-2.1	28	-0.062	19	-0.020	80	-0.137
albtrader-nq-btc-gold-multi-tf-signal-bot-v2/family7	1h	1	57	0.162	9.2	31	0.031	26	0.318	95	0.035
ema-crossx/family7	1h	2	31	0.149	4.6	13	0.227	18	0.093	49	0.070
strategy-250-xauusd-composite-quality-score/family7	1h	2	7	0.040	0.3	3	0.541	4	-0.335	25	-0.212
strategy-432-btc-donchian-breakout-continuation/family7	1h	1	22	-0.082	-1.8	9	-0.117	13	-0.057	34	-0.035
scalping-reversal-strategy/family7	1h	1	21	-0.193	-4.0	10	-0.163	11	-0.220	76	-0.321
scalping-ichimoku/family7	1h	1	17	-0.004	-0.1	8	0.050	9	-0.051	46	-0.234
scalping-entry-exit-indicator-by-diget/family7	1h	1	158	0.085	13.5	72	0.051	86	0.114	516	-0.188
thrax-quickstrike-5-mins-scalping/family7	1h	1	42	0.006	0.3	23	0.050	19	-0.047	92	-0.086
scalper-s-moving-average-dyna/family7	1h	1	63	0.003	0.2	39	-0.006	24	0.017	111	-0.050
9-15-ema-scalper/family7	1h	1	40	0.173	6.9	20	0.043	20	0.303	74	0.051
parabolic-sar-heikin-ashi-mtf-candle-scalper/family7	1h	1	96	-0.005	-0.5	50	-0.012	46	0.002	214	-0.167
scalpers-macd-vwap-filter/family7	1h	2	25	-0.105	-2.6	10	-0.009	15	-0.169	117	-0.101
swing-failure-pattern-sfp-engine-agpro-series/family7	1h	1	20	0.375	7.5	9	0.485	11	0.285	40	0.115
swing-reversal-auto-targets-jpt-module-1/family7	1h	2	33	0.213	7.0	17	0.006	16	0.433	109	-0.124
swing-gradient-tpos-boswaves/family7	1h	1	22	-0.143	-3.1	7	-0.627	15	0.083	63	-0.088
fast-v-slow-moving-averages-strategy-variable-divonn1994/family7	1h	2	12	0.173	2.1	7	0.122	5	0.245	59	0.030
contrarian-scalping-counter-trend-bb-envelope-adx-and-stochastic/family7	1h	2	201	0.002	0.4	108	0.051	93	-0.055	2295	-0.099
god-of-scalping-btc/family7	1h	2	35	-0.080	-2.8	19	-0.052	16	-0.112	145	-0.068
clean-multi-indicator-alignment-system/family7	1h	1	60	-0.064	-3.8	30	-0.008	30	-0.120	124	-0.122
market-direction-strength-mds/family7	1h	4	23	0.115	2.6	13	0.192	10	0.014	172	0.064
concordance-strategy/family7	1h	1	11	0.006	0.1	6	0.185	5	-0.209	24	0.020
consensus/family3	4h	2	40	0.425	17.0	20	0.376	20	0.474		
consensus/family3	4h	3	39	0.397	15.5	19	0.316	20	0.474		
stealthtrail-supertrend/family3	4h	1	41	-0.160	-6.6	21	-0.323	20	0.012	62	-0.220
swing-volume-profile-pro/family3	4h	1	24	0.289	6.9	15	0.096	9	0.609	51	0.082
pulse-trend-radar/family3	4h	1	13	-0.162	-2.1	9	-0.297	4	0.143	36	-0.230
triangular-hull-moving-average-volatility/family3	4h	1	20	-0.247	-4.9	11	-0.217	9	-0.283	33	-0.284
session-killzones-breakouts/family3	4h	1	158	-0.049	-7.7	80	-0.048	78	-0.050	315	-0.085
market-memory-average-zeiierman/family3	4h	1	13	0.749	9.7	9	0.188	4	2.009	33	0.167
ai-predictive-flow-zeiierman/family3	4h	1	65	-0.044	-2.9	28	-0.042	37	-0.046	150	-0.132
trend-survival-matrix/family3	4h	1	13	-0.165	-2.1	8	-0.396	5	0.204	33	-0.303
smart-flow-imbalance/family3	4h	1	20	-0.160	-3.2	7	-0.284	13	-0.094	51	-0.146
macd-matrix/family3	4h	1	16	-0.043	-0.7	9	-0.073	7	-0.005	43	0.132
ema-trend-pro/family3	4h	1	13	-0.165	-2.1	8	-0.396	5	0.204	33	-0.303
ema-trend-signals/family3	4h	1	13	-0.165	-2.1	8	-0.396	5	0.204	33	-0.303
trend-pullback-guard/family3	4h	1	24	-0.009	-0.2	9	-0.058	15	0.020	81	-0.123
anchored-value-distribution-oscillator-zeiierman/family3	4h	1	103	0.122	12.6	44	0.025	59	0.195	293	-0.006
rsi-market-regime/family3	4h	1	40	-0.007	-0.3	19	-0.179	21	0.148	84	-0.141
adaptive-atr-extension-scanner/family3	4h	1	26	-0.445	-11.6	13	-0.457	13	-0.432	52	-0.139
machine-learning-rsi-ai-classification-ranking-zeiierman/family3	4h	1	33	-0.147	-4.8	16	-0.124	17	-0.168	51	-0.097
swing-multi-moving-averages-crypto-and-stocks-strategy/family3	4h	1	137	0.002	0.3	75	-0.061	62	0.079	210	-0.062
williams-r-zone-scalper-v1-0-bullbyte/family3	4h	1	27	0.241	6.5	11	-0.178	16	0.530	50	0.001
smart-grid-scalping-pullback-strategy-bullbyte/family3	4h	1	25	-0.078	-1.9	16	0.118	9	-0.426	33	-0.215
pro-scalper-ai-bullbyte/family3	4h	2	26	0.258	6.7	14	0.505	12	-0.029	198	-0.071
ema-pullback-trend-continuation-strategy-with-volume-and-momentu/family3	4h	1	16	0.186	3.0	4	0.794	12	-0.017	34	-0.039
execution-aware-trend/family3	4h	1	10	0.346	3.5	4	0.075	6	0.526	29	-0.162
gradient-ribbon-ema-ribbon-slope-acceleration-system/family3	4h	1	21	0.050	1.1	11	-0.222	10	0.349	54	-0.120
coil-breaker-rsi-range-compression/family3	4h	1	16	-0.022	-0.4	4	-0.089	12	0.000	34	-0.006
slope-ma-cross-acc-range-filter/family3	4h	1	29	0.018	0.5	10	0.224	19	-0.090	91	-0.071
trendshift-supertrend-adx-regime-adaptive-strategy/family3	4h	1	29	-0.190	-5.5	16	-0.022	13	-0.396	50	-0.121
dnse-vn301-sma-34-89-dual-slope-strategy/family3	4h	1	50	-0.009	-0.4	19	0.321	31	-0.211	124	-0.065
fair-value-gap-strategy-with-break-of-structure-confirmation/family3	4h	1	28	0.288	8.1	11	0.588	17	0.093	94	0.041
bist30-to-sp-500-atr-momentum-rider/family3	4h	1	26	0.074	1.9	14	-0.203	12	0.398	37	0.144
tradleware-dca/family3	4h	1	32	-0.053	-1.7	18	0.135	14	-0.295	64	-0.130
cloud-pro-ichimoku-confluence/family3	4h	1	31	-0.037	-1.1	15	0.271	16	-0.326	77	-0.134
nnfx-btc-ssl-qqe-signalforge/family3	4h	1	81	0.042	3.4	41	0.081	40	0.001	135	-0.072
hyperliquid-ready-webhook-strategy-template/family3	4h	1	14	-0.225	-3.1	8	-0.396	6	0.004	37	-0.277
z-edge-confluence-z-score-strategy/family3	4h	1	51	-0.230	-11.7	28	-0.234	23	-0.226	101	-0.115
tp-sl-toolkit/family3	4h	2	18	-0.217	-3.9	10	-0.364	8	-0.032	96	-0.103
vwap-suite-trend-mean-reversion-with-adaptive-filters/family3	4h	1	26	0.176	4.6	11	0.167	15	0.182	64	0.039
webhook-alert-strategy-template/family3	4h	1	14	-0.202	-2.8	9	-0.112	5	-0.363	37	-0.353
donchian-breakout-with-atr-trailing-stop-trend-following/family3	4h	1	11	0.049	0.5	2	1.082	9	-0.181	33	-0.131
super-trend-signal-engine-quantum-edge/family3	4h	1	27	-0.114	-3.1	14	-0.326	13	0.115	52	-0.071
dual-bollinger-band-cross-strategy-v6/family3	4h	1	50	-0.003	-0.2	27	-0.142	23	0.160	84	-0.008
optimized-doji-breakout-strategy-short-only-v6/family3	4h	1	43	0.204	8.8	22	0.130	21	0.281	66	-0.012
smoothed-heiken-ashi-strategy-v1/family3	4h	1	18	-0.110	-2.0	11	-0.135	7	-0.070	37	-0.160
xau-clear-ema-atr-strategy-tp-sl-voice-v6-clean-tp/family3	4h	1	40	0.208	8.3	14	0.478	26	0.063	73	-0.008
xau-clear-ema-atr-strategy-tp-sl-voice-v6/family3	4h	1	40	0.208	8.3	14	0.478	26	0.063	73	-0.008
smc-clean-4h-zones-center-labels-hh-hl-ll-lh/family3	4h	1	168	-0.015	-2.6	80	0.020	88	-0.048	831	-0.055
apex-fusion-ai-smart-trend-engine/family3	4h	1	27	0.102	2.8	9	0.325	18	-0.009	66	0.115
bps-v17-strong-trend-filter/family3	4h	1	14	-0.186	-2.6	5	-0.307	9	-0.119	33	-0.245
bps-v17-strong-trend-filter-tv-strategies/family3	4h	1	14	-0.186	-2.6	5	-0.307	9	-0.119	33	-0.245
btc-8am-pattern-breakout-instant-entry/family3	4h	1	97	0.214	20.8	50	0.035	47	0.405	238	0.027
vwap-points-percent-ticks-strategy/family3	4h	1	220	-0.011	-2.5	108	-0.017	112	-0.006	772	-0.067
pm-range-breakout-retest-fade/family3	4h	1	67	-0.181	-12.1	35	-0.287	32	-0.066	116	-0.227
bollinger-squeeze-breakout-volume/family3	4h	1	21	-0.012	-0.3	11	-0.209	10	0.205	40	-0.083
arbf-strategy-v1-8/family3	4h	1	52	0.012	0.6	12	-0.247	40	0.090	115	-0.040
reverse-bb-kc/family3	4h	2	10	1.076	10.8	6	0.317	4	2.215	48	-0.032
tomukas-daily-scale-in/family3	4h	1	13	0.134	1.7	7	0.009	6	0.281	15	-0.143
trend-persistence-analysis-framework/family3	4h	1	50	0.055	2.7	20	0.006	30	0.087	133	-0.074
ewo-rsi-advanced-signals-strategy-exhaustion-filter/family3	4h	2	29	0.217	6.3	18	0.239	11	0.182	83	-0.093
high-activity-penny-stock-strategy-v6/family3	4h	1	27	0.162	4.4	14	0.280	13	0.034	38	0.045
kaufman-moving-average-adaptive-strategy-by-mkb/family3	4h	1	34	-0.070	-2.4	18	-0.099	16	-0.037	53	-0.116
bb-kc-squeeze-breakout/family3	4h	1	19	-0.027	-0.5	7	0.506	12	-0.339	39	-0.031
ai-slop-holy-grail-trap-btc-1h-non-repainting-overfit/family3	4h	1	22	0.502	11.1	8	0.719	14	0.379	33	0.313
bollinger-bands-simple-strategy/family3	4h	1	71	-0.160	-11.3	38	-0.226	33	-0.083	109	-0.214
adaptive-dual-engine-strategy-momentum-mean-reversion/family3	4h	1	72	0.129	9.3	30	0.153	42	0.111	168	-0.073
estrategia-dpo-artedejubilarte/family3	4h	1	24	-0.041	-1.0	12	-0.233	12	0.150	56	-0.016
volatility-surge-strategy/family3	4h	1	24	0.279	6.7	13	0.251	11	0.312	43	0.081
master-structural-engine/family3	4h	1	20	-0.056	-1.1	9	0.032	11	-0.128	37	-0.291
supertrend-bb-strategy/family3	4h	1	27	0.085	2.3	12	0.118	15	0.058	46	0.085
engulfing-mitigation-strategy/family3	4h	2	40	0.314	12.6	23	0.167	17	0.514	273	-0.022
vumanchu-wt-zero-cross-strategy-v1-2-2/family3	4h	2	15	-0.011	-0.2	8	-0.114	7	0.106	106	-0.186
bb-macd-v6-1-5-qing-smart-distribution/family3	4h	1	35	-0.026	-0.9	15	-0.137	20	0.057	56	0.045
vumanchu-wt-zero-cross-strategy-v1-2-3/family3	4h	1	52	-0.213	-11.1	27	-0.242	25	-0.182	82	-0.182
velocity-breakout-strategy-vbs/family3	4h	1	25	-0.263	-6.6	14	-0.254	11	-0.275	53	-0.196
nifty-supertrend-ce-strategy-alice-blue/family3	4h	1	32	-0.041	-1.3	16	-0.075	16	-0.008	52	0.014
ultimate-pattern-engine-ema-stochastic-by-rony/family3	4h	1	100	0.098	9.8	44	0.020	56	0.159	257	-0.097
fair-value-gap-continuation-framework/family3	4h	1	50	-0.094	-4.7	23	-0.070	27	-0.115	133	-0.128
pm-range-breakout-retest-fade-tv-strategies/family3	4h	1	67	-0.181	-12.1	35	-0.287	32	-0.066	116	-0.227
qqe-channel-strategy/family3	4h	1	45	-0.050	-2.3	24	-0.240	21	0.166	93	-0.164
ut-bot-v2-atr-trailing-stop/family3	4h	1	120	-0.005	-0.6	60	0.054	60	-0.063	243	-0.070
egan-s-pure-structure-s-d-strategy-backtest/family3	4h	1	45	-0.112	-5.0	19	0.012	26	-0.202	111	-0.160
sma-4-sma-30/family3	4h	1	56	-0.061	-3.4	29	-0.216	27	0.105	100	-0.104
institutional-ob-entry-exit-sl-strategy/family3	4h	1	12	-0.305	-3.7	1	-1.000	11	-0.241	33	-0.468
smart-trend-strategy-julzalgo/family3	4h	1	19	-0.126	-2.4	7	0.018	12	-0.211	46	-0.170
supertrend-strategy/family3	4h	1	32	-0.041	-1.3	16	-0.075	16	-0.008	53	-0.005
macd-crossover-strategy/family3	4h	2	37	0.308	11.4	19	0.326	18	0.289	143	0.063
scalping-london-new-york-strategy/family3	4h	2	31	0.419	13.0	14	-0.088	17	0.836	133	-0.028
strategy-validation-framework-standardised-atr-exits-1-ris/family3	4h	1	16	-0.508	-8.1	8	-0.822	8	-0.195	33	-0.261
serhan1-wma-rsi-trailing-scalp-date-filter/family3	4h	1	32	-0.067	-2.1	17	-0.118	15	-0.009	61	-0.001
market-breadth-trend-strategy/family3	4h	1	61	0.109	6.7	29	-0.042	32	0.246	124	-0.080
twe-2-bar-break-strategy/family3	4h	1	112	-0.074	-8.3	56	-0.168	56	0.020	255	-0.110
15m-nifty-multi-day-swing-target-engine-v1-0/family3	4h	1	18	-0.290	-5.2	9	-0.323	9	-0.257	32	-0.208
btcusd-4h-ema-swing-strategy/family3	4h	1	17	-0.066	-1.1	5	-0.262	12	0.016	36	0.021
simple-breakout-strategy-santana/family3	4h	1	33	0.043	1.4	17	-0.087	16	0.181	85	-0.161
ahlenaz/family3	4h	1	8	0.127	1.0	4	0.435	4	-0.181	29	-0.090
ema-40-pullback-pyramid-strategy/family3	4h	1	87	-0.018	-1.6	43	-0.108	44	0.070	191	-0.089
tjr-v4-strategy/family3	4h	2	64	0.219	14.0	37	0.091	27	0.395	644	-0.058
fair-value-gap-strategy/family3	4h	1	110	0.019	2.1	59	0.063	51	-0.032	217	-0.048
katana-v5-pro-fvg-50-model/family3	4h	1	20	-0.065	-1.3	6	0.329	14	-0.234	43	-0.037
quanloki-qqe-system-opposite-signal-only-points/family3	4h	2	26	0.005	0.1	15	0.020	11	-0.015	113	-0.024
adaptive-multi-factor-v1-update-9-years/family3	4h	1	83	0.069	5.7	40	0.271	43	-0.119	162	0.030
atm-adaptive-zone-momentum-scalper-1h/family3	4h	1	183	0.039	7.1	93	0.115	90	-0.040	603	-0.065
ema-9-vwap-strategy-with-atr-trailing-stop-win-the-trade/family3	4h	1	96	-0.126	-12.1	45	-0.045	51	-0.198	252	-0.128
atm/family3	4h	1	183	0.039	7.1	93	0.115	90	-0.040	603	-0.065
adaptive-multi-facto-9-years/family3	4h	1	60	-0.027	-1.6	30	0.040	30	-0.094	123	-0.086
fast-scalper-with-stops/family3	4h	1	82	-0.043	-3.5	43	-0.094	39	0.013	160	-0.046
fast-scalper-with-stops-tv-strategies/family3	4h	1	82	-0.043	-3.5	43	-0.094	39	0.013	160	-0.046
fast-scalper-with-stops-tv-strategies-cg3o8g9a/family3	4h	1	43	0.480	20.6	25	0.307	18	0.719	69	0.192
sttrend-tp-lock-added/family3	4h	1	26	-0.133	-3.5	13	-0.381	13	0.115	51	-0.080
fast-scalper-with-stops-tv-strategies-mcwal9oa/family3	4h	1	82	-0.043	-3.5	43	-0.094	39	0.013	160	-0.046
silver-surfer/family3	4h	1	110	0.010	1.0	59	0.051	51	-0.038	213	-0.049
9-ema-20-ema-retest-strategy/family3	4h	1	50	0.104	5.2	20	0.209	30	0.034	122	-0.031
good-luck/family3	4h	1	22	0.129	2.8	9	-0.045	13	0.250	51	-0.054
spike-ea-trade-strategy/family3	4h	1	198	0.066	13.2	93	0.117	105	0.022	596	-0.033
clean-vwap-zl-scalper-single-trigger-by-sandip/family3	4h	1	132	0.049	6.5	63	0.075	69	0.025	275	-0.071
clean-vwap-zl-scalper-single-trigger-by-david/family3	4h	1	132	0.049	6.5	63	0.075	69	0.025	275	-0.071
nasdaq-oro-bruto-24h-mejorada/family3	4h	1	24	0.149	3.6	7	0.502	17	0.003	68	-0.080
nasdaq-nq-24h-mejorada/family3	4h	1	24	0.149	3.6	7	0.502	17	0.003	68	-0.080
zr-grizzly/family3	4h	2	7	0.368	2.6	3	0.277	4	0.436	51	0.057
frosty-alerts/family3	4h	2	78	0.226	17.6	48	0.190	30	0.284	2037	-0.052
caldera-meridian-strategy/family3	4h	1	25	0.108	2.7	8	0.422	17	-0.039	58	0.051
enso-usdt-12h-trend-pullback-sniper/family3	4h	1	13	-0.227	-2.9	4	0.708	9	-0.642	28	-0.435
sebbiottino-trailing-stop-so-good-ger40-1m/family3	4h	1	52	-0.039	-2.0	26	-0.236	26	0.158	133	-0.172
my-strategy-9/family3	4h	1	33	0.043	1.4	17	-0.087	16	0.181	85	-0.161
ut-bot-shah-200-50-ema/family3	4h	1	7	0.142	1.0	1	0.451	6	0.090	24	0.014
regime-execution-strategy/family3	4h	1	19	-0.294	-5.6	10	-0.371	9	-0.209	42	-0.271
quant-synthesis-strategy/family3	4h	1	16	-0.038	-0.6	6	-0.191	10	0.054	62	-0.131
gold-ai-strategy-v2-0/family3	4h	1	17	-0.466	-7.9	8	-0.406	9	-0.520	35	-0.291
zeta9-v6/family3	4h	2	22	0.164	3.6	11	-0.062	11	0.390	149	-0.089
btc-averages-strategy-long-short/family3	4h	1	31	0.124	3.8	14	-0.099	17	0.308	61	-0.051
liquidity-entry-zones-strategy-2-0/family3	4h	2	20	0.265	5.3	11	0.092	9	0.476	155	-0.063
20-200-sma-strategy/family3	4h	2	12	0.295	3.5	4	0.269	8	0.308	91	-0.013
bb-short-dca-strategy/family3	4h	1	13	-0.340	-4.4	5	-0.105	8	-0.487	15	-0.209
concordance-allocation-strategy/family3	4h	1	26	-0.064	-1.7	13	-0.075	13	-0.052	67	-0.196
helios-institutional-synthesis-strategy/family3	4h	1	106	0.033	3.5	55	-0.008	51	0.077	184	-0.128
amit-eth-strategy/family3	4h	2	11	0.461	5.1	4	0.437	7	0.475	65	-0.011
amit-eth-strategy-tv-strategies/family3	4h	2	11	0.461	5.1	4	0.437	7	0.475	65	-0.011
moja-strategia-harami-bb/family3	4h	2	18	0.461	8.3	11	-0.027	7	1.228	83	0.154
moja-strategia-harami-bb-tv-strategies/family3	4h	2	18	0.461	8.3	11	-0.027	7	1.228	83	0.154
silverstream-v2/family3	4h	1	67	0.079	5.3	25	0.187	42	0.015	140	-0.002
asian-box-breakout-strategy/family3	4h	1	76	0.123	9.4	35	0.110	41	0.134	160	-0.015
mgc-wyckoff-second-breakout-v3-candle-rr/family3	4h	2	20	0.073	1.5	11	-0.116	9	0.305	110	-0.034
5m-sol-scalper-ha-lorentzian/family3	4h	1	29	0.020	0.6	16	0.086	13	-0.062	63	-0.078
inside-day-breakout-strategy/family3	4h	1	15	0.117	1.8	8	0.251	7	-0.037	55	0.034
bollinger-bands-rsi-live-radar-strategy/family3	4h	2	9	1.313	11.8	2	-0.290	7	1.771	65	-0.029
super-rsi-strategy/family3	4h	1	97	-0.072	-7.0	39	0.007	58	-0.125	205	-0.119
concord-execution-mandate/family3	4h	1	101	0.155	15.7	52	0.252	49	0.052	223	-0.015
super-rsi-strategy-tv-strategies/family3	4h	1	97	-0.072	-7.0	39	0.007	58	-0.125	205	-0.119
super-rsi-strategy-tv-strategies-nng1sppd/family3	4h	1	97	-0.072	-7.0	39	0.007	58	-0.125	205	-0.119
box-breakout-strategy-dt4b-trader/family3	4h	1	36	-0.046	-1.6	16	0.035	20	-0.110	83	-0.072
sma-strategy/family3	4h	2	45	0.062	2.8	23	0.055	22	0.070	246	-0.057
parallax-covenant-strategy/family3	4h	2	19	-0.372	-7.1	11	-0.369	8	-0.376	129	-0.181
3commas-pullback-sniper-strategy/family3	4h	1	20	0.134	2.7	9	0.216	11	0.067	32	-0.026
ttm-momentum-histo-9-ema-21-ema-debit-spread-script/family3	4h	1	33	0.043	1.4	17	-0.087	16	0.181	92	-0.146
beginner-trend-risk-model-ema-rsi/family3	4h	2	25	0.058	1.4	13	-0.015	12	0.137	126	-0.071
ai-triple-confirmation-strategy/family3	4h	1	18	0.157	2.8	5	0.540	13	0.010	41	0.035
albtrader-nq-beast-supertrend-macd-rsi/family3	4h	1	9	-0.546	-4.9	2	-1.000	7	-0.416	28	-0.176
simple-smart-buy-sell-strategy/family3	4h	1	58	0.021	1.2	23	0.227	35	-0.115	132	-0.070
options-momentum-bias-strategy-v2/family3	4h	1	27	-0.241	-6.5	10	0.114	17	-0.450	70	-0.190
strategy-461-ts-m15/family3	4h	1	34	0.108	3.7	13	0.004	21	0.173	71	0.110
lvn-rejection-acceptance-strategy/family3	4h	1	42	0.141	5.9	20	0.014	22	0.255	128	-0.012
albtrader-nq-btc-gold-multi-tf-signal-bot-v2/family3	4h	1	33	-0.200	-6.6	11	-0.243	22	-0.178	67	-0.187
ema-crossx/family3	4h	1	24	-0.149	-3.6	11	-0.193	13	-0.112	45	-0.216
scalping-reversal-strategy/family3	4h	1	43	0.102	4.4	22	0.149	21	0.052	59	-0.094
scalping-ichimoku/family3	4h	1	15	0.139	2.1	9	-0.049	6	0.422	32	0.081
scalping-entry-exit-indicator-by-diget/family3	4h	1	173	-0.013	-2.3	86	0.146	87	-0.171	401	-0.066
scalper-s-moving-average-dyna/family3	4h	1	27	-0.222	-6.0	12	-0.007	15	-0.393	101	-0.126
thrax-quickstrike-5-mins-scalping/family3	4h	1	83	0.187	15.6	50	0.130	33	0.274	147	0.059
9-15-ema-scalper/family3	4h	1	18	0.271	4.9	7	0.135	11	0.357	53	-0.042
scalpers-macd-vwap-filter/family3	4h	2	22	0.017	0.4	14	0.212	8	-0.324	106	0.020
swing-reversal-auto-targets-jpt-module-1/family3	4h	1	27	0.231	6.2	6	0.751	21	0.083	73	0.028
swing-gradient-tpos-boswaves/family3	4h	1	22	-0.309	-6.8	9	-0.286	13	-0.325	43	-0.286
fast-v-slow-moving-averages-strategy-variable-divonn1994/family3	4h	1	18	0.324	5.8	10	0.454	8	0.162	50	-0.038
contrarian-scalping-counter-trend-bb-envelope-adx-and-stochastic/family3	4h	2	85	0.289	24.6	53	0.192	32	0.450	3381	-0.055
god-of-scalping-btc/family3	4h	1	65	0.085	5.5	34	0.031	31	0.144	128	-0.072
clean-multi-indicator-alignment-system/family3	4h	1	59	0.013	0.8	34	-0.045	25	0.093	100	0.083
market-direction-strength-mds/family3	4h	1	61	-0.118	-7.2	31	-0.177	30	-0.056	148	-0.066
consensus/family5	4h	3	81	0.132	10.7	20	0.251	61	0.093		
consensus/family5	4h	4	27	0.576	15.6	15	0.563	12	0.593		
consensus/family5	4h	5	17	0.642	10.9	5	0.761	12	0.593		
stealthtrail-supertrend/family5	4h	3	20	-0.307	-6.1	7	-0.597	13	-0.151	62	-0.220
swing-volume-profile-pro/family5	4h	1	20	-0.006	-0.1	13	0.032	7	-0.077	51	0.082
session-killzones-breakouts/family5	4h	1	174	-0.004	-0.8	63	0.057	111	-0.039	315	-0.085
market-memory-average-zeiierman/family5	4h	1	15	0.937	14.1	8	0.337	7	1.623	33	0.167
ai-predictive-flow-zeiierman/family5	4h	1	61	-0.201	-12.3	18	-0.076	43	-0.254	150	-0.132
smart-flow-imbalance/family5	4h	1	21	0.033	0.7	5	0.313	16	-0.055	51	-0.146
macd-matrix/family5	4h	1	11	0.197	2.2	4	0.219	7	0.185	43	0.132
trend-pullback-guard/family5	4h	1	14	-0.042	-0.6	9	0.012	5	-0.140	81	-0.123
anchored-value-distribution-oscillator-zeiierman/family5	4h	1	108	-0.005	-0.5	34	0.139	74	-0.070	293	-0.006
rsi-market-regime/family5	4h	1	38	-0.040	-1.5	15	-0.055	23	-0.030	84	-0.141
adaptive-atr-extension-scanner/family5	4h	1	24	-0.341	-8.2	9	-0.216	15	-0.415	52	-0.139
machine-learning-rsi-ai-classification-ranking-zeiierman/family5	4h	1	33	-0.123	-4.0	13	-0.174	20	-0.089	51	-0.097
swing-multi-moving-averages-crypto-and-stocks-strategy/family5	4h	1	120	-0.005	-0.6	59	-0.008	61	-0.002	210	-0.062
williams-r-zone-scalper-v1-0-bullbyte/family5	4h	1	22	0.085	1.9	7	-0.254	15	0.244	50	0.001
smart-grid-scalping-pullback-strategy-bullbyte/family5	4h	1	22	0.112	2.5	13	0.376	9	-0.270	33	-0.215
pro-scalper-ai-bullbyte/family5	4h	4	14	0.508	7.1	9	0.684	5	0.190	198	-0.071
ema-pullback-trend-continuation-strategy-with-volume-and-momentu/family5	4h	1	15	0.265	4.0	3	1.392	12	-0.017	34	-0.039
execution-aware-trend/family5	4h	1	9	0.495	4.5	2	1.149	7	0.308	29	-0.162
gradient-ribbon-ema-ribbon-slope-acceleration-system/family5	4h	1	17	-0.263	-4.5	8	-0.398	9	-0.142	54	-0.120
coil-breaker-rsi-range-compression/family5	4h	1	14	0.139	2.0	1	0.427	13	0.117	34	-0.006
slope-ma-cross-acc-range-filter/family5	4h	1	31	0.015	0.5	6	0.221	25	-0.035	91	-0.071
trendshift-supertrend-adx-regime-adaptive-strategy/family5	4h	1	29	-0.131	-3.8	11	0.084	18	-0.262	50	-0.121
dnse-vn301-sma-34-89-dual-slope-strategy/family5	4h	1	52	0.075	3.9	17	0.380	35	-0.073	124	-0.065
fair-value-gap-strategy-with-break-of-structure-confirmation/family5	4h	1	37	0.092	3.4	8	0.057	29	0.101	94	0.041
bist30-to-sp-500-atr-momentum-rider/family5	4h	1	24	-0.021	-0.5	10	-0.464	14	0.295	37	0.144
tradleware-dca/family5	4h	1	24	-0.097	-2.3	12	0.045	12	-0.240	64	-0.130
cloud-pro-ichimoku-confluence/family5	4h	1	22	0.014	0.3	10	0.362	12	-0.275	77	-0.134
nnfx-btc-ssl-qqe-signalforge/family5	4h	1	82	0.144	11.8	30	0.126	52	0.155	135	-0.072
hyperliquid-ready-webhook-strategy-template/family5	4h	1	13	0.049	0.6	4	0.209	9	-0.021	37	-0.277
z-edge-confluence-z-score-strategy/family5	4h	1	44	-0.158	-6.9	19	-0.134	25	-0.176	101	-0.115
tp-sl-toolkit/family5	4h	1	57	-0.027	-1.5	20	-0.102	37	0.014	96	-0.103
vwap-suite-trend-mean-reversion-with-adaptive-filters/family5	4h	1	25	0.351	8.8	5	0.710	20	0.261	64	0.039
webhook-alert-strategy-template/family5	4h	1	13	0.117	1.5	6	0.332	7	-0.068	37	-0.353
donchian-breakout-with-atr-trailing-stop-trend-following/family5	4h	1	14	-0.077	-1.1	2	1.082	12	-0.270	33	-0.131
super-trend-signal-engine-quantum-edge/family5	4h	1	23	-0.048	-1.1	8	-0.405	15	0.142	52	-0.071
dual-bollinger-band-cross-strategy-v6/family5	4h	1	48	0.164	7.9	21	-0.055	27	0.334	84	-0.008
optimized-doji-breakout-strategy-short-only-v6/family5	4h	1	32	0.179	5.7	16	0.169	16	0.190	66	-0.012
smoothed-heiken-ashi-strategy-v1/family5	4h	1	12	0.111	1.3	7	0.359	5	-0.236	37	-0.160
xau-clear-ema-atr-strategy-tp-sl-voice-v6-clean-tp/family5	4h	1	41	0.197	8.1	11	0.396	30	0.124	73	-0.008
xau-clear-ema-atr-strategy-tp-sl-voice-v6/family5	4h	1	41	0.197	8.1	11	0.396	30	0.124	73	-0.008
smc-clean-4h-zones-center-labels-hh-hl-ll-lh/family5	4h	1	169	0.047	7.9	63	0.210	106	-0.050	831	-0.055
apex-fusion-ai-smart-trend-engine/family5	4h	1	25	0.221	5.5	4	0.921	21	0.087	66	0.115
bps-v17-strong-trend-filter/family5	4h	1	16	-0.201	-3.2	4	-0.134	12	-0.224	33	-0.245
bps-v17-strong-trend-filter-tv-strategies/family5	4h	1	16	-0.201	-3.2	4	-0.134	12	-0.224	33	-0.245
btc-8am-pattern-breakout-instant-entry/family5	4h	1	94	0.116	10.9	42	-0.048	52	0.248	238	0.027
vwap-points-percent-ticks-strategy/family5	4h	1	242	0.064	15.4	84	0.163	158	0.011	772	-0.067
pm-range-breakout-retest-fade/family5	4h	2	38	-0.146	-5.5	14	-0.201	24	-0.114	116	-0.227
bollinger-squeeze-breakout-volume/family5	4h	1	19	0.090	1.7	8	-0.091	11	0.221	40	-0.083
arbf-strategy-v1-8/family5	4h	3	23	-0.029	-0.7	3	-0.525	20	0.045	115	-0.040
reverse-bb-kc/family5	4h	3	10	1.091	10.9	6	0.528	4	1.935	48	-0.032
tomukas-daily-scale-in/family5	4h	1	8	0.497	4.0	3	0.890	5	0.260	15	-0.143
trend-persistence-analysis-framework/family5	4h	2	17	0.305	5.2	10	0.111	7	0.581	133	-0.074
ewo-rsi-advanced-signals-strategy-exhaustion-filter/family5	4h	4	13	0.945	12.3	10	1.008	3	0.736	83	-0.093
high-activity-penny-stock-strategy-v6/family5	4h	1	26	0.223	5.8	10	0.419	16	0.100	38	0.045
kaufman-moving-average-adaptive-strategy-by-mkb/family5	4h	1	31	-0.129	-4.0	12	-0.151	19	-0.116	53	-0.116
bb-kc-squeeze-breakout/family5	4h	1	22	0.117	2.6	8	0.732	14	-0.235	39	-0.031
ai-slop-holy-grail-trap-btc-1h-non-repainting-overfit/family5	4h	1	20	0.327	6.5	7	0.761	13	0.094	33	0.313
bollinger-bands-simple-strategy/family5	4h	2	27	0.250	6.8	19	0.156	8	0.473	109	-0.214
adaptive-dual-engine-strategy-momentum-mean-reversion/family5	4h	2	36	0.021	0.7	20	0.105	16	-0.085	168	-0.073
estrategia-dpo-artedejubilarte/family5	4h	1	25	0.172	4.3	10	0.296	15	0.090	56	-0.016
master-structural-engine/family5	4h	1	17	0.105	1.8	5	0.572	12	-0.089	37	-0.291
supertrend-bb-strategy/family5	4h	1	29	0.158	4.6	10	0.496	19	-0.019	46	0.085
engulfing-mitigation-strategy/family5	4h	1	121	0.135	16.3	46	0.237	75	0.072	273	-0.022
vumanchu-wt-zero-cross-strategy-v1-2-2/family5	4h	1	58	-0.106	-6.1	21	-0.239	37	-0.030	106	-0.186
bb-macd-v6-1-5-qing-smart-distribution/family5	4h	1	37	0.018	0.7	11	-0.082	26	0.061	56	0.045
vumanchu-wt-zero-cross-strategy-v1-2-3/family5	4h	1	48	-0.140	-6.7	19	-0.275	29	-0.051	82	-0.182
velocity-breakout-strategy-vbs/family5	4h	1	27	-0.115	-3.1	10	0.033	17	-0.202	53	-0.196
nifty-supertrend-ce-strategy-alice-blue/family5	4h	1	31	0.084	2.6	13	0.258	18	-0.041	52	0.014
ultimate-pattern-engine-ema-stochastic-by-rony/family5	4h	2	50	-0.042	-2.1	23	0.057	27	-0.125	257	-0.097
fair-value-gap-continuation-framework/family5	4h	1	50	-0.066	-3.3	14	0.112	36	-0.135	133	-0.128
pm-range-breakout-retest-fade-tv-strategies/family5	4h	1	38	-0.146	-5.5	14	-0.201	24	-0.114	116	-0.227
qqe-channel-strategy/family5	4h	2	28	-0.189	-5.3	14	-0.306	14	-0.073	93	-0.164
ut-bot-v2-atr-trailing-stop/family5	4h	3	62	0.156	9.7	20	0.368	42	0.055	243	-0.070
egan-s-pure-structure-s-d-strategy-backtest/family5	4h	1	44	-0.162	-7.1	12	0.242	32	-0.314	111	-0.160
sma-4-sma-30/family5	4h	2	31	-0.000	-0.0	17	-0.105	14	0.127	100	-0.104
institutional-ob-entry-exit-sl-strategy/family5	4h	1	14	-0.305	-4.3	0	0.000	14	-0.305	33	-0.468
smart-trend-strategy-julzalgo/family5	4h	1	22	-0.104	-2.3	6	0.246	16	-0.235	46	-0.170
supertrend-strategy/family5	4h	1	33	0.060	2.0	13	0.258	20	-0.068	53	-0.005
macd-crossover-strategy/family5	4h	3	41	0.149	6.1	14	0.353	27	0.043	143	0.063
scalping-london-new-york-strategy/family5	4h	1	72	0.142	10.2	24	0.095	48	0.166	133	-0.028
serhan1-wma-rsi-trailing-scalp-date-filter/family5	4h	2	15	-0.195	-2.9	10	-0.115	5	-0.355	61	-0.001
market-breadth-trend-strategy/family5	4h	2	18	0.969	17.4	10	0.449	8	1.620	124	-0.080
twe-2-bar-break-strategy/family5	4h	1	120	-0.076	-9.2	44	-0.164	76	-0.026	255	-0.110
15m-nifty-multi-day-swing-target-engine-v1-0/family5	4h	1	14	-0.223	-3.1	3	-0.068	11	-0.265	32	-0.208
btcusd-4h-ema-swing-strategy/family5	4h	1	20	0.208	4.2	4	-0.078	16	0.280	36	0.021
simple-breakout-strategy-santana/family5	4h	1	28	0.178	5.0	13	-0.026	15	0.355	85	-0.161
ahlenaz/family5	4h	1	9	-0.001	-0.0	2	1.149	7	-0.330	29	-0.090
ema-40-pullback-pyramid-strategy/family5	4h	3	37	-0.021	-0.8	9	-0.373	28	0.093	191	-0.089
tjr-v4-strategy/family5	4h	2	119	0.163	19.4	64	0.121	55	0.213	644	-0.058
fair-value-gap-strategy/family5	4h	1	116	0.001	0.1	45	0.119	71	-0.074	217	-0.048
katana-v5-pro-fvg-50-model/family5	4h	1	16	-0.153	-2.5	1	0.415	15	-0.191	43	-0.037
quanloki-qqe-system-opposite-signal-only-points/family5	4h	3	29	-0.099	-2.9	12	-0.053	17	-0.132	113	-0.024
adaptive-multi-factor-v1-update-9-years/family5	4h	1	84	0.122	10.3	28	0.250	56	0.058	162	0.030
atm-adaptive-zone-momentum-scalper-1h/family5	4h	2	105	0.271	28.5	61	0.268	44	0.275	603	-0.065
ema-9-vwap-strategy-with-atr-trailing-stop-win-the-trade/family5	4h	1	74	-0.251	-18.6	34	-0.143	40	-0.342	252	-0.128
atm/family5	4h	2	105	0.271	28.5	61	0.268	44	0.275	603	-0.065
adaptive-multi-facto-9-years/family5	4h	1	57	-0.126	-7.2	20	-0.022	37	-0.182	123	-0.086
fast-scalper-with-stops/family5	4h	3	37	-0.080	-3.0	11	-0.112	26	-0.066	160	-0.046
fast-scalper-with-stops-tv-strategies/family5	4h	3	37	-0.080	-3.0	11	-0.112	26	-0.066	160	-0.046
fast-scalper-with-stops-tv-strategies-cg3o8g9a/family5	4h	2	24	0.854	20.5	16	0.750	8	1.063	69	0.192
sttrend-tp-lock-added/family5	4h	1	22	-0.069	-1.5	7	-0.519	15	0.142	51	-0.080
fast-scalper-with-stops-tv-strategies-mcwal9oa/family5	4h	3	37	-0.080	-3.0	11	-0.112	26	-0.066	160	-0.046
silver-surfer/family5	4h	1	116	-0.009	-1.1	45	0.103	71	-0.080	213	-0.049
9-ema-20-ema-retest-strategy/family5	4h	1	43	0.171	7.4	16	0.109	27	0.208	122	-0.031
good-luck/family5	4h	1	23	0.299	6.9	9	0.186	14	0.371	51	-0.054
spike-ea-trade-strategy/family5	4h	1	190	0.119	22.6	71	0.244	119	0.044	596	-0.033
clean-vwap-zl-scalper-single-trigger-by-sandip/family5	4h	3	60	0.172	10.3	21	0.306	39	0.099	275	-0.071
clean-vwap-zl-scalper-single-trigger-by-david/family5	4h	3	60	0.172	10.3	21	0.306	39	0.099	275	-0.071
nasdaq-oro-bruto-24h-mejorada/family5	4h	1	23	0.160	3.7	3	1.090	20	0.020	68	-0.080
nasdaq-nq-24h-mejorada/family5	4h	1	23	0.160	3.7	3	1.090	20	0.020	68	-0.080
zr-grizzly/family5	4h	3	8	0.517	4.1	1	1.011	7	0.446	51	0.057
frosty-alerts/family5	4h	1	280	0.018	5.1	113	0.112	167	-0.046	2037	-0.052
caldera-meridian-strategy/family5	4h	1	21	0.276	5.8	7	0.625	14	0.101	58	0.051
enso-usdt-12h-trend-pullback-sniper/family5	4h	1	17	-0.409	-6.9	5	0.366	12	-0.732	28	-0.435
sebbiottino-trailing-stop-so-good-ger40-1m/family5	4h	1	54	0.051	2.7	20	-0.208	34	0.203	133	-0.172
my-strategy-9/family5	4h	1	28	0.178	5.0	13	-0.026	15	0.355	85	-0.161
ut-bot-shah-200-50-ema/family5	4h	1	9	0.043	0.4	1	0.451	8	-0.009	24	0.014
regime-execution-strategy/family5	4h	2	7	0.001	0.0	4	0.220	3	-0.292	42	-0.271
quant-synthesis-strategy/family5	4h	1	13	-0.077	-1.0	3	0.179	10	-0.153	62	-0.131
gold-ai-strategy-v2-0/family5	4h	1	12	-0.244	-2.9	3	0.584	9	-0.520	35	-0.291
zeta9-v6/family5	4h	3	28	0.388	10.9	10	0.098	18	0.549	149	-0.089
btc-averages-strategy-long-short/family5	4h	1	25	0.256	6.4	7	0.103	18	0.315	61	-0.051
liquidity-entry-zones-strategy-2-0/family5	4h	1	74	0.158	11.7	31	-0.000	43	0.272	155	-0.063
20-200-sma-strategy/family5	4h	3	20	-0.087	-1.7	4	0.269	16	-0.176	91	-0.013
bb-short-dca-strategy/family5	4h	2	8	0.081	0.6	3	0.514	5	-0.178	15	-0.209
concordance-allocation-strategy/family5	4h	1	20	-0.365	-7.3	8	-0.403	12	-0.340	67	-0.196
helios-institutional-synthesis-strategy/family5	4h	3	47	0.221	10.4	17	0.253	30	0.203	184	-0.128
amit-eth-strategy/family5	4h	3	9	-0.039	-0.4	1	0.425	8	-0.097	65	-0.011
amit-eth-strategy-tv-strategies/family5	4h	3	9	-0.039	-0.4	1	0.425	8	-0.097	65	-0.011
moja-strategia-harami-bb/family5	4h	1	52	0.380	19.8	19	0.408	33	0.364	83	0.154
moja-strategia-harami-bb-tv-strategies/family5	4h	1	52	0.380	19.8	19	0.408	33	0.364	83	0.154
silverstream-v2/family5	4h	1	70	0.052	3.6	19	0.226	51	-0.013	140	-0.002
asian-box-breakout-strategy/family5	4h	1	84	0.088	7.4	33	0.122	51	0.067	160	-0.015
mgc-wyckoff-second-breakout-v3-candle-rr/family5	4h	3	29	0.073	2.1	9	0.085	20	0.067	110	-0.034
5m-sol-scalper-ha-lorentzian/family5	4h	1	32	-0.117	-3.8	15	-0.023	17	-0.201	63	-0.078
inside-day-breakout-strategy/family5	4h	1	23	0.217	5.0	10	0.287	13	0.163	55	0.034
bollinger-bands-rsi-live-radar-strategy/family5	4h	1	26	0.403	10.5	9	0.070	17	0.580	65	-0.029
super-rsi-strategy/family5	4h	2	55	-0.072	-4.0	24	0.089	31	-0.197	205	-0.119
concord-execution-mandate/family5	4h	1	110	0.190	20.9	42	0.332	68	0.103	223	-0.015
super-rsi-strategy-tv-strategies/family5	4h	2	55	-0.072	-4.0	24	0.089	31	-0.197	205	-0.119
super-rsi-strategy-tv-strategies-nng1sppd/family5	4h	2	55	-0.072	-4.0	24	0.089	31	-0.197	205	-0.119
box-breakout-strategy-dt4b-trader/family5	4h	1	39	-0.032	-1.2	12	0.155	27	-0.115	83	-0.072
sma-strategy/family5	4h	1	125	0.057	7.1	48	0.127	77	0.014	246	-0.057
parallax-covenant-strategy/family5	4h	1	68	-0.120	-8.1	24	-0.053	44	-0.156	129	-0.181
3commas-pullback-sniper-strategy/family5	4h	2	8	0.451	3.6	4	1.060	4	-0.158	32	-0.026
ttm-momentum-histo-9-ema-21-ema-debit-spread-script/family5	4h	1	29	0.138	4.0	13	-0.026	16	0.270	92	-0.146
beginner-trend-risk-model-ema-rsi/family5	4h	1	79	0.002	0.1	27	0.119	52	-0.059	126	-0.071
ai-triple-confirmation-strategy/family5	4h	1	15	0.146	2.2	3	1.086	12	-0.089	41	0.035
real-strength-scalper/family5	4h	1	17	-0.260	-4.4	4	-0.386	13	-0.222	46	-0.241
albtrader-nq-beast-supertrend-macd-rsi/family5	4h	1	8	-0.489	-3.9	0	0.000	8	-0.489	28	-0.176
simple-smart-buy-sell-strategy/family5	4h	1	61	-0.076	-4.6	21	0.254	40	-0.249	132	-0.070
options-momentum-bias-strategy-v2/family5	4h	1	32	-0.132	-4.2	7	0.483	25	-0.304	70	-0.190
strategy-461-ts-m15/family5	4h	1	26	0.101	2.6	10	0.343	16	-0.049	71	0.110
lvn-rejection-acceptance-strategy/family5	4h	1	37	0.077	2.9	11	-0.361	26	0.263	128	-0.012
albtrader-nq-btc-gold-multi-tf-signal-bot-v2/family5	4h	1	40	-0.086	-3.4	9	0.255	31	-0.185	67	-0.187
ema-crossx/family5	4h	1	20	0.014	0.3	9	-0.245	11	0.227	45	-0.216
scalping-reversal-strategy/family5	4h	1	38	-0.005	-0.2	18	0.206	20	-0.195	59	-0.094
scalping-ichimoku/family5	4h	1	16	0.120	1.9	8	-0.125	8	0.365	32	0.081
scalping-entry-exit-indicator-by-diget/family5	4h	2	104	0.214	22.3	57	0.234	47	0.190	401	-0.066
scalper-s-moving-average-dyna/family5	4h	2	27	-0.210	-5.7	7	0.006	20	-0.286	101	-0.126
thrax-quickstrike-5-mins-scalping/family5	4h	1	86	0.171	14.7	39	0.213	47	0.136	147	0.059
9-15-ema-scalper/family5	4h	1	20	-0.105	-2.1	8	0.171	12	-0.290	53	-0.042
scalpers-macd-vwap-filter/family5	4h	2	36	-0.013	-0.5	20	-0.009	16	-0.018	106	0.020
swing-reversal-auto-targets-jpt-module-1/family5	4h	1	24	0.311	7.5	3	1.086	21	0.201	73	0.028
swing-gradient-tpos-boswaves/family5	4h	1	23	-0.229	-5.3	5	-0.283	18	-0.214	43	-0.286
fast-v-slow-moving-averages-strategy-variable-divonn1994/family5	4h	1	11	0.244	2.7	7	0.159	4	0.392	50	-0.038
contrarian-scalping-counter-trend-bb-envelope-adx-and-stochastic/family5	4h	2	161	0.149	24.0	88	0.224	73	0.059	3381	-0.055
god-of-scalping-btc/family5	4h	1	64	0.019	1.2	25	0.134	39	-0.054	128	-0.072
clean-multi-indicator-alignment-system/family5	4h	3	26	0.102	2.7	10	0.169	16	0.060	100	0.083
market-direction-strength-mds/family5	4h	1	59	-0.015	-0.9	24	0.024	35	-0.042	148	-0.066
consensus/family7	4h	4	62	0.074	4.6	32	0.120	30	0.025		
consensus/family7	4h	5	52	0.117	6.1	22	0.243	30	0.025		
consensus/family7	4h	6	21	0.394	8.3	15	0.502	6	0.124		
consensus/family7	4h	7	10	0.416	4.2	4	0.854	6	0.124		
stealthtrail-supertrend/family7	4h	3	20	-0.333	-6.7	6	-0.530	14	-0.248	62	-0.220
swing-volume-profile-pro/family7	4h	1	19	0.059	1.1	12	0.118	7	-0.043	51	0.082
session-killzones-breakouts/family7	4h	2	99	0.056	5.5	46	-0.004	53	0.107	315	-0.085
ai-predictive-flow-zeiierman/family7	4h	1	65	-0.034	-2.2	25	0.155	40	-0.152	150	-0.132
trend-pullback-guard/family7	4h	1	14	0.127	1.8	10	-0.092	4	0.674	81	-0.123
anchored-value-distribution-oscillator-zeiierman/family7	4h	2	70	-0.047	-3.3	35	-0.144	35	0.051	293	-0.006
rsi-market-regime/family7	4h	1	27	-0.158	-4.3	13	-0.291	14	-0.033	84	-0.141
machine-learning-rsi-ai-classification-ranking-zeiierman/family7	4h	1	25	-0.166	-4.2	9	-0.209	16	-0.142	51	-0.097
swing-multi-moving-averages-crypto-and-stocks-strategy/family7	4h	2	98	0.085	8.3	60	-0.076	38	0.338	210	-0.062
williams-r-zone-scalper-v1-0-bullbyte/family7	4h	2	14	-0.020	-0.3	6	-0.683	8	0.478	50	0.001
smart-grid-scalping-pullback-strategy-bullbyte/family7	4h	1	28	-0.188	-5.3	15	-0.018	13	-0.383	33	-0.215
pro-scalper-ai-bullbyte/family7	4h	1	113	0.056	6.3	39	0.049	74	0.059	198	-0.071
slope-ma-cross-acc-range-filter/family7	4h	1	23	-0.020	-0.5	7	0.227	16	-0.128	91	-0.071
trendshift-supertrend-adx-regime-adaptive-strategy/family7	4h	1	21	0.069	1.5	8	-0.011	13	0.119	50	-0.121
dnse-vn301-sma-34-89-dual-slope-strategy/family7	4h	2	17	0.340	5.8	10	0.246	7	0.475	124	-0.065
fair-value-gap-strategy-with-break-of-structure-confirmation/family7	4h	1	23	0.157	3.6	5	0.193	18	0.147	94	0.041
bist30-to-sp-500-atr-momentum-rider/family7	4h	1	24	0.057	1.4	11	-0.386	13	0.432	37	0.144
tradleware-dca/family7	4h	1	27	0.016	0.4	16	0.053	11	-0.039	64	-0.130
cloud-pro-ichimoku-confluence/family7	4h	1	20	0.377	7.5	11	0.174	9	0.625	77	-0.134
nnfx-btc-ssl-qqe-signalforge/family7	4h	2	49	0.141	6.9	22	0.189	27	0.102	135	-0.072
hyperliquid-ready-webhook-strategy-template/family7	4h	1	10	0.091	0.9	5	-0.033	5	0.215	37	-0.277
z-edge-confluence-z-score-strategy/family7	4h	1	39	-0.263	-10.3	20	-0.262	19	-0.265	101	-0.115
tp-sl-toolkit/family7	4h	3	21	-0.068	-1.4	7	-0.195	14	-0.004	96	-0.103
vwap-suite-trend-mean-reversion-with-adaptive-filters/family7	4h	2	12	0.001	0.0	5	-0.446	7	0.320	64	0.039
super-trend-signal-engine-quantum-edge/family7	4h	1	21	-0.047	-1.0	9	-0.318	12	0.157	52	-0.071
dual-bollinger-band-cross-strategy-v6/family7	4h	1	43	0.222	9.5	19	-0.105	24	0.481	84	-0.008
optimized-doji-breakout-strategy-short-only-v6/family7	4h	1	32	0.098	3.1	14	0.130	18	0.074	66	-0.012
smoothed-heiken-ashi-strategy-v1/family7	4h	1	12	-0.094	-1.1	7	0.359	5	-0.728	37	-0.160
xau-clear-ema-atr-strategy-tp-sl-voice-v6-clean-tp/family7	4h	2	19	0.356	6.8	7	0.662	12	0.178	73	-0.008
xau-clear-ema-atr-strategy-tp-sl-voice-v6/family7	4h	2	19	0.356	6.8	7	0.662	12	0.178	73	-0.008
smc-clean-4h-zones-center-labels-hh-hl-ll-lh/family7	4h	1	171	0.011	1.8	74	0.094	97	-0.053	831	-0.055
apex-fusion-ai-smart-trend-engine/family7	4h	1	19	-0.130	-2.5	4	0.440	15	-0.282	66	0.115
btc-8am-pattern-breakout-instant-entry/family7	4h	1	88	0.086	7.5	42	-0.050	46	0.210	238	0.027
vwap-points-percent-ticks-strategy/family7	4h	1	221	-0.004	-0.8	90	-0.010	131	0.001	772	-0.067
pm-range-breakout-retest-fade/family7	4h	1	49	-0.208	-10.2	23	-0.427	26	-0.015	116	-0.227
bollinger-squeeze-breakout-volume/family7	4h	1	15	0.059	0.9	5	0.033	10	0.072	40	-0.083
arbf-strategy-v1-8/family7	4h	1	56	0.178	10.0	10	-0.111	46	0.241	115	-0.040
reverse-bb-kc/family7	4h	4	11	1.048	11.5	8	0.593	3	2.260	48	-0.032
tomukas-daily-scale-in/family7	4h	1	9	0.321	2.9	5	0.134	4	0.554	15	-0.143
trend-persistence-analysis-framework/family7	4h	2	17	0.189	3.2	11	0.010	6	0.518	133	-0.074
ewo-rsi-advanced-signals-strategy-exhaustion-filter/family7	4h	3	50	0.096	4.8	23	0.255	27	-0.039	83	-0.093
high-activity-penny-stock-strategy-v6/family7	4h	1	19	0.049	0.9	5	0.561	14	-0.134	38	0.045
kaufman-moving-average-adaptive-strategy-by-mkb/family7	4h	1	28	-0.109	-3.1	11	-0.227	17	-0.033	53	-0.116
ai-slop-holy-grail-trap-btc-1h-non-repainting-overfit/family7	4h	2	17	0.337	5.7	6	0.973	11	-0.011	33	0.313
bollinger-bands-simple-strategy/family7	4h	2	54	-0.268	-14.5	31	-0.303	23	-0.220	109	-0.214
adaptive-dual-engine-strategy-momentum-mean-reversion/family7	4h	1	54	0.147	7.9	19	0.320	35	0.053	168	-0.073
estrategia-dpo-artedejubilarte/family7	4h	1	22	0.396	8.7	9	0.524	13	0.307	56	-0.016
volatility-surge-strategy/family7	4h	1	27	0.034	0.9	14	-0.037	13	0.110	43	0.081
supertrend-bb-strategy/family7	4h	1	25	0.095	2.4	8	0.451	17	-0.073	46	0.085
engulfing-mitigation-strategy/family7	4h	3	63	0.286	18.0	26	0.234	37	0.322	273	-0.022
vumanchu-wt-zero-cross-strategy-v1-2-2/family7	4h	1	51	-0.167	-8.5	20	-0.237	31	-0.122	106	-0.186
bb-macd-v6-1-5-qing-smart-distribution/family7	4h	1	29	0.155	4.5	10	-0.132	19	0.307	56	0.045
vumanchu-wt-zero-cross-strategy-v1-2-3/family7	4h	1	42	-0.233	-9.8	17	-0.232	25	-0.233	82	-0.182
velocity-breakout-strategy-vbs/family7	4h	1	19	-0.050	-1.0	10	0.077	9	-0.191	53	-0.196
nifty-supertrend-ce-strategy-alice-blue/family7	4h	1	29	-0.079	-2.3	12	0.084	17	-0.194	52	0.014
ultimate-pattern-engine-ema-stochastic-by-rony/family7	4h	2	60	0.088	5.3	30	0.168	30	0.008	257	-0.097
fair-value-gap-continuation-framework/family7	4h	2	24	-0.017	-0.4	10	-0.108	14	0.048	133	-0.128
pm-range-breakout-retest-fade-tv-strategies/family7	4h	1	40	-0.080	-3.2	14	-0.201	26	-0.015	116	-0.227
qqe-channel-strategy/family7	4h	1	35	-0.096	-3.4	13	-0.172	22	-0.051	93	-0.164
ut-bot-v2-atr-trailing-stop/family7	4h	3	69	0.122	8.4	26	0.216	43	0.065	243	-0.070
egan-s-pure-structure-s-d-strategy-backtest/family7	4h	1	37	-0.032	-1.2	11	0.120	26	-0.097	111	-0.160
sma-4-sma-30/family7	4h	3	23	0.058	1.3	9	0.051	14	0.062	100	-0.104
supertrend-strategy/family7	4h	1	30	-0.041	-1.2	12	0.084	18	-0.124	53	-0.005
macd-crossover-strategy/family7	4h	1	75	0.214	16.1	28	0.265	47	0.184	143	0.063
scalping-london-new-york-strategy/family7	4h	1	65	0.189	12.3	25	-0.042	40	0.333	133	-0.028
strategy-validation-framework-standardised-atr-exits-1-ris/family7	4h	1	16	-0.237	-3.8	7	-0.372	9	-0.131	33	-0.261
serhan1-wma-rsi-trailing-scalp-date-filter/family7	4h	1	26	-0.086	-2.2	13	-0.211	13	0.039	61	-0.001
market-breadth-trend-strategy/family7	4h	2	21	0.622	13.1	13	0.125	8	1.431	124	-0.080
twe-2-bar-break-strategy/family7	4h	2	59	-0.094	-5.6	31	-0.308	28	0.142	255	-0.110
btcusd-4h-ema-swing-strategy/family7	4h	1	18	0.343	6.2	5	-0.262	13	0.575	36	0.021
simple-breakout-strategy-santana/family7	4h	1	26	-0.008	-0.2	13	-0.026	13	0.010	85	-0.161
ema-40-pullback-pyramid-strategy/family7	4h	3	41	0.060	2.5	12	-0.106	29	0.129	191	-0.089
tjr-v4-strategy/family7	4h	2	135	0.097	13.1	70	-0.025	65	0.228	644	-0.058
fair-value-gap-strategy/family7	4h	2	63	0.091	5.7	29	0.238	34	-0.035	217	-0.048
quanloki-qqe-system-opposite-signal-only-points/family7	4h	3	35	-0.015	-0.5	15	0.008	20	-0.032	113	-0.024
adaptive-multi-factor-v1-update-9-years/family7	4h	1	76	0.158	12.0	30	0.216	46	0.120	162	0.030
atm-adaptive-zone-momentum-scalper-1h/family7	4h	2	124	0.164	20.3	67	0.146	57	0.185	603	-0.065
ema-9-vwap-strategy-with-atr-trailing-stop-win-the-trade/family7	4h	1	86	-0.194	-16.7	41	-0.156	45	-0.229	252	-0.128
atm/family7	4h	2	124	0.164	20.3	67	0.146	57	0.185	603	-0.065
adaptive-multi-facto-9-years/family7	4h	3	24	-0.123	-2.9	9	-0.321	15	-0.004	123	-0.086
fast-scalper-with-stops/family7	4h	2	51	-0.026	-1.3	26	-0.038	25	-0.013	160	-0.046
fast-scalper-with-stops-tv-strategies/family7	4h	2	51	-0.026	-1.3	26	-0.038	25	-0.013	160	-0.046
fast-scalper-with-stops-tv-strategies-cg3o8g9a/family7	4h	2	34	0.445	15.1	21	0.279	13	0.714	69	0.192
sttrend-tp-lock-added/family7	4h	1	20	-0.069	-1.4	8	-0.407	12	0.157	51	-0.080
fast-scalper-with-stops-tv-strategies-mcwal9oa/family7	4h	2	51	-0.026	-1.3	26	-0.038	25	-0.013	160	-0.046
silver-surfer/family7	4h	2	62	0.052	3.2	28	0.158	34	-0.035	213	-0.049
9-ema-20-ema-retest-strategy/family7	4h	2	16	0.090	1.4	11	-0.175	5	0.673	122	-0.031
good-luck/family7	4h	1	17	0.269	4.6	7	0.020	10	0.442	51	-0.054
spike-ea-trade-strategy/family7	4h	2	130	0.134	17.5	69	0.111	61	0.161	596	-0.033
clean-vwap-zl-scalper-single-trigger-by-sandip/family7	4h	2	90	0.057	5.2	41	0.227	49	-0.084	275	-0.071
clean-vwap-zl-scalper-single-trigger-by-david/family7	4h	2	90	0.057	5.2	41	0.227	49	-0.084	275	-0.071
nasdaq-oro-bruto-24h-mejorada/family7	4h	1	15	-0.031	-0.5	2	-0.015	13	-0.034	68	-0.080
nasdaq-nq-24h-mejorada/family7	4h	1	15	-0.031	-0.5	2	-0.015	13	-0.034	68	-0.080
zr-grizzly/family7	4h	3	10	0.476	4.8	5	0.809	5	0.144	51	0.057
frosty-alerts/family7	4h	3	147	0.018	2.7	70	0.090	77	-0.047	2037	-0.052
caldera-meridian-strategy/family7	4h	1	18	0.217	3.9	7	0.454	11	0.066	58	0.051
enso-usdt-12h-trend-pullback-sniper/family7	4h	1	10	-0.132	-1.3	4	0.708	6	-0.691	28	-0.435
sebbiottino-trailing-stop-so-good-ger40-1m/family7	4h	2	28	0.180	5.0	13	-0.384	15	0.669	133	-0.172
my-strategy-9/family7	4h	1	26	-0.008	-0.2	13	-0.026	13	0.010	85	-0.161
regime-execution-strategy/family7	4h	2	6	0.028	0.2	4	0.542	2	-1.000	42	-0.271
gold-ai-strategy-v2-0/family7	4h	1	9	-0.358	-3.2	4	-0.289	5	-0.413	35	-0.291
zeta9-v6/family7	4h	5	18	0.363	6.5	4	0.428	14	0.344	149	-0.089
btc-averages-strategy-long-short/family7	4h	1	20	0.197	3.9	6	-0.078	14	0.315	61	-0.051
liquidity-entry-zones-strategy-2-0/family7	4h	2	58	0.246	14.3	31	0.098	27	0.417	155	-0.063
20-200-sma-strategy/family7	4h	1	34	0.313	10.6	9	0.438	25	0.268	91	-0.013
bb-short-dca-strategy/family7	4h	3	11	-0.214	-2.4	3	0.514	8	-0.487	15	-0.209
concordance-allocation-strategy/family7	4h	1	16	-0.329	-5.3	8	-0.403	8	-0.256	67	-0.196
helios-institutional-synthesis-strategy/family7	4h	1	108	0.068	7.3	45	-0.071	63	0.167	184	-0.128
amit-eth-strategy/family7	4h	1	17	0.204	3.5	2	0.820	15	0.122	65	-0.011
amit-eth-strategy-tv-strategies/family7	4h	1	17	0.204	3.5	2	0.820	15	0.122	65	-0.011
moja-strategia-harami-bb/family7	4h	2	44	0.293	12.9	20	0.117	24	0.440	83	0.154
moja-strategia-harami-bb-tv-strategies/family7	4h	2	44	0.293	12.9	20	0.117	24	0.440	83	0.154
silverstream-v2/family7	4h	2	29	0.366	10.6	13	0.467	16	0.284	140	-0.002
asian-box-breakout-strategy/family7	4h	2	44	0.140	6.2	23	0.113	21	0.169	160	-0.015
mgc-wyckoff-second-breakout-v3-candle-rr/family7	4h	1	50	-0.047	-2.4	20	-0.013	30	-0.070	110	-0.034
5m-sol-scalper-ha-lorentzian/family7	4h	1	27	-0.021	-0.6	13	0.018	14	-0.058	63	-0.078
inside-day-breakout-strategy/family7	4h	2	22	0.385	8.5	5	0.195	17	0.441	55	0.034
bollinger-bands-rsi-live-radar-strategy/family7	4h	1	28	0.253	7.1	12	-0.228	16	0.613	65	-0.029
super-rsi-strategy/family7	4h	1	83	-0.125	-10.4	30	0.016	53	-0.204	205	-0.119
concord-execution-mandate/family7	4h	1	94	0.138	12.9	38	0.225	56	0.078	223	-0.015
super-rsi-strategy-tv-strategies/family7	4h	1	83	-0.125	-10.4	30	0.016	53	-0.204	205	-0.119
super-rsi-strategy-tv-strategies-nng1sppd/family7	4h	1	83	-0.125	-10.4	30	0.016	53	-0.204	205	-0.119
box-breakout-strategy-dt4b-trader/family7	4h	1	29	-0.173	-5.0	10	-0.044	19	-0.240	83	-0.072
sma-strategy/family7	4h	2	82	0.064	5.2	43	0.116	39	0.006	246	-0.057
parallax-covenant-strategy/family7	4h	3	26	-0.213	-5.5	9	-0.306	17	-0.163	129	-0.181
3commas-pullback-sniper-strategy/family7	4h	3	11	0.145	1.6	5	0.576	6	-0.214	32	-0.026
ttm-momentum-histo-9-ema-21-ema-debit-spread-script/family7	4h	1	27	-0.045	-1.2	13	-0.026	14	-0.062	92	-0.146
beginner-trend-risk-model-ema-rsi/family7	4h	3	40	-0.032	-1.3	12	0.371	28	-0.205	126	-0.071
simple-smart-buy-sell-strategy/family7	4h	2	24	0.127	3.1	11	0.095	13	0.154	132	-0.070
options-momentum-bias-strategy-v2/family7	4h	1	16	-0.040	-0.6	4	0.352	12	-0.170	70	-0.190
strategy-461-ts-m15/family7	4h	1	17	-0.003	-0.0	6	-0.006	11	-0.001	71	0.110
lvn-rejection-acceptance-strategy/family7	4h	2	15	-0.003	-0.0	11	-0.461	4	1.256	128	-0.012
albtrader-nq-btc-gold-multi-tf-signal-bot-v2/family7	4h	1	31	-0.115	-3.6	7	0.106	24	-0.180	67	-0.187
ema-crossx/family7	4h	1	14	-0.218	-3.1	9	-0.245	5	-0.168	45	-0.216
scalping-reversal-strategy/family7	4h	3	23	0.040	0.9	11	0.009	12	0.069	59	-0.094
scalping-ichimoku/family7	4h	1	14	0.176	2.5	6	-0.310	8	0.540	32	0.081
scalping-entry-exit-indicator-by-diget/family7	4h	4	48	0.091	4.3	27	0.122	21	0.051	401	-0.066
scalper-s-moving-average-dyna/family7	4h	2	20	-0.254	-5.1	6	0.174	14	-0.437	101	-0.126
thrax-quickstrike-5-mins-scalping/family7	4h	2	52	0.178	9.3	33	-0.006	19	0.497	147	0.059
9-15-ema-scalper/family7	4h	1	15	-0.115	-1.7	6	-0.155	9	-0.088	53	-0.042
scalpers-macd-vwap-filter/family7	4h	2	40	-0.034	-1.3	21	-0.064	19	-0.000	106	0.020
swing-reversal-auto-targets-jpt-module-1/family7	4h	1	16	-0.082	-1.3	2	0.673	14	-0.189	73	0.028
swing-gradient-tpos-boswaves/family7	4h	1	21	-0.344	-7.2	5	-0.283	16	-0.363	43	-0.286
fast-v-slow-moving-averages-strategy-variable-divonn1994/family7	4h	2	11	0.011	0.1	10	-0.085	1	0.971	50	-0.038
contrarian-scalping-counter-trend-bb-envelope-adx-and-stochastic/family7	4h	1	322	-0.002	-0.7	138	-0.020	184	0.011	3381	-0.055
god-of-scalping-btc/family7	4h	1	50	0.092	4.6	29	0.029	21	0.179	128	-0.072
clean-multi-indicator-alignment-system/family7	4h	3	22	0.152	3.4	12	-0.026	10	0.367	100	0.083
market-direction-strength-mds/family7	4h	2	25	-0.207	-5.2	17	-0.316	8	0.026	148	-0.066
