strategy	tf	k	trades	avgR	totalR	trades1	avgR1	trades2	avgR2	baseTrades	baseAvgR	longs	avgRlong	shorts	avgRshort
consensus/family3	15m	2	70	-0.073	-5.1	34	0.139	36	-0.272			67	-0.132	3	1.258
consensus/family3	15m	3	64	-0.151	-9.7	28	0.005	36	-0.272			61	-0.220	3	1.258
abcd-harmonic-projection/family3	15m	1	17	-0.102	-1.7	10	0.260	7	-0.619	40	-0.400	16	-0.046	1	-1.000
pulse-trend-radar/family3	15m	1	11	-0.684	-7.5	5	-1.000	6	-0.421	37	-0.223	10	-0.816	1	0.637
kinetic-momentum-vectors/family3	15m	1	8	-0.267	-2.1	6	-0.543	2	0.560	30	-0.162	8	-0.267	0	0.000
stealthtrail-supertrend/family3	15m	2	9	-0.387	-3.5	3	-0.036	6	-0.563	82	-0.256	9	-0.387	0	0.000
dynamic-trend-bands-anchored-vwap-signals/family3	15m	1	50	-0.019	-1.0	25	0.192	25	-0.230	56	-0.068	50	-0.019	0	0.000
swing-volume-profile-pro/family3	15m	2	19	0.053	1.0	7	-0.104	12	0.145	85	-0.359	18	0.112	1	-1.000
pivot-channel-breaks/family3	15m	2	9	0.511	4.6	1	0.684	8	0.489	45	-0.034	9	0.511	0	0.000
triangular-hull-moving-average-volatility/family3	15m	2	16	-0.437	-7.0	7	-0.301	9	-0.542	57	-0.126	16	-0.437	0	0.000
elliott-wave/family3	15m	1	14	0.122	1.7	7	-0.365	7	0.609	41	-0.192	14	0.122	0	0.000
smart-money-breakout-signals/family3	15m	1	10	-0.366	-3.7	3	0.082	7	-0.558	35	-0.093	10	-0.366	0	0.000
high-volume-breakout-targets/family3	15m	1	6	-0.198	-1.2	3	0.043	3	-0.439	23	-0.482	6	-0.198	0	0.000
stealthtrail-supertrend-ml-pro/family3	15m	1	27	-0.203	-5.5	9	0.272	18	-0.441	79	-0.186	26	-0.298	1	2.249
session-killzones-breakouts/family3	15m	1	24	-0.204	-4.9	10	0.062	14	-0.393	71	-0.031	24	-0.204	0	0.000
smart-swing-vwap-zeiierman/family3	15m	1	34	-0.109	-3.7	11	-0.070	23	-0.128	60	-0.045	29	-0.118	5	-0.055
supertrend-cluster-zeiierman/family3	15m	1	14	-0.404	-5.7	9	-0.404	5	-0.406	39	-0.004	14	-0.404	0	0.000
bollinger-bands-forecast-with-signals-zeiierman/family3	15m	2	10	0.270	2.7	4	0.302	6	0.249	45	0.198	10	0.270	0	0.000
market-memory-average-zeiierman/family3	15m	1	23	-0.313	-7.2	9	-0.128	14	-0.432	62	-0.147	22	-0.338	1	0.248
ai-predictive-flow-zeiierman/family3	15m	2	52	0.113	5.9	16	-0.003	36	0.164	258	-0.103	51	0.134	1	-1.000
volume-supertrend-ai-expo/family3	15m	1	11	-0.593	-6.5	4	-0.962	7	-0.383	37	-0.163	9	-0.513	2	-0.956
momentum-sequence-strategy/family3	15m	1	16	0.212	3.4	9	-0.229	7	0.778	24	0.209	16	0.212	0	0.000
trend-survival-matrix/family3	15m	1	16	-0.093	-1.5	8	-0.406	8	0.221	46	-0.237	15	-0.118	1	0.286
smart-flow-imbalance/family3	15m	1	24	-0.088	-2.1	11	0.051	13	-0.206	76	-0.168	24	-0.088	0	0.000
anchored-value-distribution-oscillator-zeiierman/family3	15m	2	67	-0.052	-3.5	15	0.430	52	-0.191	558	-0.165	65	-0.127	2	2.387
ema-trend-pro/family3	15m	1	15	-0.118	-1.8	7	-0.505	8	0.221	25	-0.003	15	-0.118	0	0.000
macd-matrix/family3	15m	1	25	-0.222	-5.5	16	-0.321	9	-0.045	36	0.131	25	-0.222	0	0.000
ema-trend-signals/family3	15m	1	16	-0.093	-1.5	8	-0.406	8	0.221	46	-0.237	15	-0.118	1	0.286
trend-pullback-guard/family3	15m	1	69	0.048	3.3	29	0.106	40	0.006	141	0.038	65	0.077	4	-0.422
rsi-market-regime/family3	15m	2	13	0.103	1.3	4	0.649	9	-0.140	124	-0.028	13	0.103	0	0.000
adaptive-atr-extension-scanner/family3	15m	1	64	-0.031	-2.0	24	0.413	40	-0.298	102	-0.009	64	-0.031	0	0.000
sams-early-morning-range-lines/family3	15m	1	13	-0.321	-4.2	8	-0.592	5	0.114	47	-0.219	12	-0.426	1	0.938
btc-ema-5-9-flip-strategy-autobot/family3	15m	1	13	-0.002	-0.0	7	0.497	6	-0.586	19	-0.072	13	-0.002	0	0.000
swing-multi-moving-averages-crypto-and-stocks-strategy/family3	15m	2	156	-0.096	-14.9	53	0.017	103	-0.154	294	-0.075	156	-0.096	0	0.000
machine-learning-rsi-ai-classification-ranking-zeiierman/family3	15m	1	17	-0.337	-5.7	6	-0.295	11	-0.360	65	-0.229	16	-0.296	1	-1.000
weekend-hunter-ultimate-v6-2/family3	15m	1	38	-0.107	-4.1	27	0.046	11	-0.483	40	-0.123	38	-0.107	0	0.000
williams-r-zone-scalper-v1-0-bullbyte/family3	15m	2	27	-0.076	-2.0	13	0.224	14	-0.354	80	-0.083	26	-0.086	1	0.206
smart-grid-scalping-pullback-strategy-bullbyte/family3	15m	1	20	-0.105	-2.1	8	0.190	12	-0.302	37	-0.166	8	0.425	12	-0.459
macd-pullback-sniper-trend-adx-filtered-strategy/family3	15m	1	12	-0.105	-1.3	8	0.342	4	-1.000	20	-0.279	12	-0.105	0	0.000
ema-pullback-trend-continuation-strategy-with-volume-and-momentu/family3	15m	1	26	-0.133	-3.5	13	-0.163	13	-0.103	49	-0.120	23	-0.248	3	0.753
golden-trident-swing-anchored-vwap-trend-system/family3	15m	1	15	-0.511	-7.7	7	-0.816	8	-0.244	26	-0.309	15	-0.511	0	0.000
pro-scalper-ai-bullbyte/family3	15m	1	122	0.011	1.4	59	-0.002	63	0.024	368	-0.168	47	0.188	75	-0.099
execution-aware-trend/family3	15m	1	24	-0.558	-13.4	11	-0.671	13	-0.462	53	-0.407	24	-0.558	0	0.000
coil-breaker-rsi-range-compression/family3	15m	1	3	0.857	2.6	1	-1.000	2	1.785	40	0.138	3	0.857	0	0.000
channel-reversion-system/family3	15m	2	19	-0.310	-5.9	4	-0.668	15	-0.215	23	-0.318	19	-0.310	0	0.000
slope-ma-cross-acc-range-filter/family3	15m	1	34	0.100	3.4	21	0.191	13	-0.047	81	0.003	31	0.165	3	-0.573
trendshift-supertrend-adx-regime-adaptive-strategy/family3	15m	1	18	-0.103	-1.9	12	-0.518	6	0.726	45	-0.143	18	-0.103	0	0.000
dnse-vn301-sma-34-89-dual-slope-strategy/family3	15m	2	8	0.089	0.7	2	-0.071	6	0.142	45	-0.261	8	0.089	0	0.000
stacklight-mtf-mtf-momentum-stack-stochastic-confluence/family3	15m	2	5	1.074	5.4	1	5.056	4	0.078	58	0.050	5	1.074	0	0.000
fair-value-gap-strategy-with-break-of-structure-confirmation/family3	15m	2	21	0.457	9.6	6	0.743	15	0.343	162	-0.112	21	0.457	0	0.000
bist30-to-sp-500-atr-momentum-rider/family3	15m	2	40	-0.118	-4.7	16	0.045	24	-0.226	85	-0.107	40	-0.118	0	0.000
elite-hybrid-orb/family3	15m	1	2	-0.404	-0.8	1	-1.000	1	0.192	8	0.506	2	-0.404	0	0.000
tradleware-dca/family3	15m	1	55	-0.009	-0.5	36	0.113	19	-0.240	66	-0.060	55	-0.009	0	0.000
ultimate-prop-firm/family3	15m	1	5	0.137	0.7	2	0.554	3	-0.141	23	-0.301	3	-0.141	2	0.554
cloud-pro-ichimoku-confluence/family3	15m	2	12	-0.326	-3.9	0	0.000	12	-0.326	107	-0.025	12	-0.326	0	0.000
pg-mcx-silver-long-v6-mtf-momentum-profit-trailing/family3	15m	1	113	-0.090	-10.2	61	-0.116	52	-0.061	158	-0.096	113	-0.090	0	0.000
nnfx-btc-ssl-qqe-signalforge/family3	15m	2	45	-0.096	-4.3	17	-0.142	28	-0.068	233	-0.219	44	-0.075	1	-1.000
hyperliquid-ready-webhook-strategy-template/family3	15m	1	18	-0.111	-2.0	8	-0.406	10	0.125	49	-0.247	17	-0.135	1	0.286
ema-25-68-bist30-futures/family3	15m	1	12	-0.192	-2.3	6	-0.503	6	0.118	37	-0.305	11	-0.234	1	0.268
trend-efficiency-framework/family3	15m	1	15	0.319	4.8	8	0.145	7	0.518	33	0.046	15	0.319	0	0.000
webhook-alert-strategy-template/family3	15m	1	16	-0.101	-1.6	7	-0.568	9	0.262	47	-0.100	16	-0.101	0	0.000
vwap-mean-reversion-strategy-with-session-and-volume-filter/family3	15m	1	25	-0.238	-5.9	14	-0.228	11	-0.250	49	-0.296	16	-0.179	9	-0.342
fractal-memory-strategy/family3	15m	1	5	-0.738	-3.7	4	-0.672	1	-1.000	17	-0.265	5	-0.738	0	0.000
adaptive-atr-scalper-instant-lock-version/family3	15m	1	20	-0.443	-8.9	7	-0.196	13	-0.576	48	-0.185	20	-0.443	0	0.000
btc-trend-momentum-strategy/family3	15m	1	27	0.253	6.8	18	0.410	9	-0.060	49	-0.010	22	0.123	5	0.824
tp-sl-toolkit/family3	15m	2	19	0.025	0.5	9	0.134	10	-0.074	136	-0.166	19	0.025	0	0.000
orb-pro-session-breakout-scalper/family3	15m	2	29	-0.252	-7.3	10	-0.187	19	-0.287	113	-0.152	29	-0.252	0	0.000
donchian-breakout-with-atr-trailing-stop-trend-following/family3	15m	1	46	-0.103	-4.7	22	-0.104	24	-0.102	79	0.093	46	-0.103	0	0.000
ineficient-market/family3	15m	1	6	-0.386	-2.3	3	-0.566	3	-0.205	12	-0.385	6	-0.386	0	0.000
super-trend-signal-engine-quantum-edge/family3	15m	1	22	-0.565	-12.4	9	-0.450	13	-0.646	66	-0.320	21	-0.545	1	-1.000
dual-bollinger-band-cross-strategy-v6/family3	15m	2	42	-0.004	-0.1	11	0.470	31	-0.171	122	-0.080	42	-0.004	0	0.000
optimized-doji-breakout-strategy-short-only-v6/family3	15m	1	16	-0.176	-2.8	8	-0.185	8	-0.167	105	-0.217	0	0.000	16	-0.176
smoothed-heiken-ashi-strategy-v1/family3	15m	1	25	0.092	2.3	14	0.338	11	-0.221	76	-0.143	23	0.046	2	0.624
xau-clear-ema-atr-strategy-tp-sl-voice-v6-clean-tp/family3	15m	2	19	-0.050	-0.9	6	0.106	13	-0.122	127	-0.098	19	-0.050	0	0.000
xau-clear-ema-atr-strategy-tp-sl-voice-v6/family3	15m	2	19	-0.050	-0.9	6	0.106	13	-0.122	127	-0.098	19	-0.050	0	0.000
smc-clean-4h-zones-center-labels-hh-hl-ll-lh/family3	15m	1	188	-0.269	-50.5	100	-0.270	88	-0.268	1116	-0.140	151	-0.324	37	-0.044
bps-v17-strong-trend-filter/family3	15m	2	17	0.444	7.5	6	0.899	11	0.196	53	0.112	17	0.444	0	0.000
apex-fusion-ai-smart-trend-engine/family3	15m	1	52	-0.116	-6.0	24	-0.119	28	-0.114	158	-0.101	52	-0.116	0	0.000
bps-v17-strong-trend-filter-tv-strategies/family3	15m	2	17	0.444	7.5	6	0.899	11	0.196	53	0.112	17	0.444	0	0.000
vwap-points-percent-ticks-strategy/family3	15m	2	29	-0.198	-5.7	12	-0.212	17	-0.189	222	-0.246	29	-0.198	0	0.000
btc-8am-pattern-breakout-instant-entry/family3	15m	2	17	-0.035	-0.6	7	0.470	10	-0.388	114	-0.295	17	-0.035	0	0.000
vwap-stdev-bands-reversal-strategy/family3	15m	2	46	-0.158	-7.3	15	0.156	31	-0.310	134	-0.174	45	-0.166	1	0.207
bollinger-squeeze-breakout-volume/family3	15m	2	10	0.074	0.7	2	1.555	8	-0.296	87	-0.251	10	0.074	0	0.000
reverse-bb-kc/family3	15m	2	28	-0.011	-0.3	9	0.639	19	-0.319	68	-0.175	28	-0.011	0	0.000
blueprint-vol/family3	15m	1	5	0.641	3.2	5	0.641	0	0.000	12	-0.169	4	-0.347	1	4.594
mcginley-t3-flow-campaign-nick789-v-1/family3	15m	2	7	-0.308	-2.2	1	1.323	6	-0.579	45	-0.245	7	-0.308	0	0.000
arbf-strategy-v1-8/family3	15m	1	7	-0.017	-0.1	4	0.022	3	-0.068	25	-0.397	7	-0.017	0	0.000
initial-balance-bo-strategy/family3	15m	2	12	-0.288	-3.5	4	-0.673	8	-0.095	60	-0.366	12	-0.288	0	0.000
tomukas-daily-scale-in/family3	15m	2	11	-0.038	-0.4	4	0.552	7	-0.375	48	-0.036	11	-0.038	0	0.000
trend-persistence-analysis-framework/family3	15m	1	100	0.011	1.1	48	-0.041	52	0.058	208	-0.095	91	0.017	9	-0.048
10-tech-indexes-score-system/family3	15m	1	16	0.191	3.1	10	-0.037	6	0.570	34	0.012	16	0.191	0	0.000
ewo-rsi-advanced-signals-strategy-exhaustion-filter/family3	15m	2	38	-0.255	-9.7	12	-0.299	26	-0.234	130	-0.295	38	-0.255	0	0.000
hemant-gold-strategy/family3	15m	2	24	-0.038	-0.9	11	0.102	13	-0.157	81	-0.144	24	-0.038	0	0.000
scam-or-slam-day-trading-rauf-strategy/family3	15m	1	16	-0.071	-1.1	8	-0.067	8	-0.074	29	-0.487	14	0.062	2	-1.000
bb-kc-squeeze-breakout/family3	15m	2	6	0.429	2.6	1	-1.000	5	0.715	62	-0.215	6	0.429	0	0.000
high-activity-penny-stock-strategy-v6/family3	15m	2	10	-0.124	-1.2	3	-0.404	7	-0.005	77	-0.209	10	-0.124	0	0.000
kaufman-moving-average-adaptive-strategy-by-mkb/family3	15m	2	24	-0.008	-0.2	8	0.360	16	-0.192	82	-0.196	24	-0.008	0	0.000
ac20-55emagdcrosstest/family3	15m	1	14	-0.187	-2.6	8	-0.461	6	0.180	45	-0.152	13	-0.223	1	0.286
bollinger-bands-simple-strategy/family3	15m	2	65	-0.033	-2.1	23	0.176	42	-0.147	185	-0.085	64	-0.036	1	0.206
ai-slop-holy-grail-trap-btc-1h-non-repainting-overfit/family3	15m	2	12	-0.026	-0.3	2	0.438	10	-0.119	37	-0.147	12	-0.026	0	0.000
adaptive-dual-engine-strategy-momentum-mean-reversion/family3	15m	2	74	0.068	5.0	27	0.417	47	-0.133	351	-0.131	74	0.068	0	0.000
estrategia-dpo-artedejubilarte/family3	15m	1	20	-0.598	-12.0	9	-0.452	11	-0.718	114	-0.298	20	-0.598	0	0.000
nasrul-fib-sr-m5/family3	15m	1	51	-0.074	-3.8	29	-0.110	22	-0.028	122	-0.096	46	-0.035	5	-0.437
multi-timeframe-trend-alignment-framework/family3	15m	1	16	-0.101	-1.6	7	-0.568	9	0.262	22	0.209	16	-0.101	0	0.000
9-21ema-anji/family3	15m	1	8	0.288	2.3	5	0.302	3	0.265	25	-0.145	8	0.288	0	0.000
volatility-surge-strategy/family3	15m	2	27	-0.320	-8.6	8	-0.368	19	-0.299	51	0.130	27	-0.320	0	0.000
master-structural-engine/family3	15m	1	15	-0.354	-5.3	10	-0.461	5	-0.141	34	-0.443	15	-0.354	0	0.000
yuri-garcia-narrow-state-strategy-ygils/family3	15m	1	21	-0.458	-9.6	10	-0.565	11	-0.360	45	-0.429	19	-0.488	2	-0.172
supertrend-bb-strategy/family3	15m	1	24	-0.589	-14.1	10	-0.516	14	-0.641	64	-0.294	23	-0.571	1	-1.000
trend-pivot-scale-in/family3	15m	1	12	0.450	5.4	7	1.049	5	-0.389	30	0.004	12	0.450	0	0.000
engulfing-mitigation-strategy/family3	15m	1	145	-0.099	-14.4	65	-0.006	80	-0.175	347	-0.201	123	-0.121	22	0.026
vumanchu-wt-zero-cross-strategy-v1-2-2/family3	15m	2	20	-0.038	-0.8	8	0.355	12	-0.300	155	-0.224	20	-0.038	0	0.000
vumanchu-wt-zero-cross-strategy-v1-2-3/family3	15m	2	17	-0.120	-2.0	7	0.371	10	-0.464	113	-0.225	17	-0.120	0	0.000
bb-macd-v6-1-5-qing-smart-distribution/family3	15m	2	34	-0.321	-10.9	12	-0.212	22	-0.380	85	-0.264	34	-0.321	0	0.000
vishall-ema-9-20-50-200-dmi-adx-strategy/family3	15m	2	13	0.122	1.6	4	0.995	9	-0.266	61	0.127	13	0.122	0	0.000
vumanchu-wt-zero-cross-v1-1b/family3	15m	2	20	-0.038	-0.8	8	0.355	12	-0.300	155	-0.224	20	-0.038	0	0.000
velocity-breakout-strategy-vbs/family3	15m	2	7	0.038	0.3	0	0.000	7	0.038	73	-0.139	7	0.038	0	0.000
nifty-supertrend-ce-strategy-alice-blue/family3	15m	2	10	-0.654	-6.5	1	0.630	9	-0.797	67	-0.324	10	-0.654	0	0.000
ultimate-pattern-engine-ema-stochastic-by-rony/family3	15m	2	81	0.031	2.5	30	0.143	51	-0.035	489	-0.094	81	0.031	0	0.000
fair-value-gap-continuation-framework/family3	15m	2	33	0.283	9.3	13	0.327	20	0.254	234	-0.124	33	0.283	0	0.000
surgical-sweep-original-restored/family3	15m	2	10	0.486	4.9	4	1.270	6	-0.037	51	-0.205	9	0.517	1	0.207
qqe-channel-strategy/family3	15m	2	18	-0.537	-9.7	3	-0.404	15	-0.564	163	-0.286	18	-0.537	0	0.000
orb-fib-breakout-signals-strategy/family3	15m	1	25	-0.010	-0.3	12	0.135	13	-0.144	49	-0.151	25	-0.010	0	0.000
ut-bot-v2-atr-trailing-stop/family3	15m	2	78	-0.066	-5.2	28	0.231	50	-0.233	473	-0.256	78	-0.066	0	0.000
sma-4-sma-30/family3	15m	2	22	-0.155	-3.4	8	-0.323	14	-0.059	196	-0.270	22	-0.155	0	0.000
egan-s-pure-structure-s-d-strategy-backtest/family3	15m	2	46	0.063	2.9	17	0.227	29	-0.033	241	-0.094	46	0.063	0	0.000
dca-grid-15-orders-1-1-step-1-8-tp/family3	15m	1	73	0.150	10.9	39	0.293	34	-0.014	98	0.102	73	0.150	0	0.000
institutional-ob-entry-exit-sl-strategy/family3	15m	1	29	-0.387	-11.2	12	-0.457	17	-0.337	55	-0.410	27	-0.341	2	-1.000
supertrend-strategy/family3	15m	2	10	-0.654	-6.5	1	0.630	9	-0.797	71	-0.324	10	-0.654	0	0.000
smart-trend-strategy-julzalgo/family3	15m	1	27	-0.408	-11.0	11	-0.162	16	-0.577	86	-0.203	27	-0.408	0	0.000
alphamojo-supertrend-strategy-ha-with-buffer/family3	15m	1	8	-0.798	-6.4	4	-0.597	4	-1.000	31	-0.246	8	-0.798	0	0.000
macd-crossover-strategy/family3	15m	2	49	-0.198	-9.7	13	0.173	36	-0.332	280	-0.254	48	-0.181	1	-1.000
expma-analysis/family3	15m	1	24	-0.338	-8.1	11	-0.456	13	-0.238	36	-0.390	24	-0.338	0	0.000
tjr-v4-strategy/family3	15m	2	19	0.082	1.6	4	0.160	15	0.061	146	-0.229	19	0.082	0	0.000
scalping-london-new-york-strategy/family3	15m	2	43	0.128	5.5	15	0.207	28	0.086	222	-0.036	43	0.128	0	0.000
serhan1-wma-rsi-trailing-scalp-date-filter/family3	15m	1	36	-0.038	-1.4	17	0.386	19	-0.418	92	-0.216	36	-0.038	0	0.000
market-breadth-trend-strategy/family3	15m	1	123	-0.027	-3.3	57	-0.037	66	-0.018	213	-0.099	110	-0.012	13	-0.147
serhan-1-wma-adx-trailing-date-filter/family3	15m	1	12	0.170	2.0	8	0.276	4	-0.041	23	0.169	11	-0.008	1	2.127
15m-nifty-multi-day-swing-target-engine-v1-0/family3	15m	1	38	-0.135	-5.1	15	0.151	23	-0.321	77	-0.295	31	-0.274	7	0.480
twe-2-bar-break-strategy/family3	15m	2	53	0.110	5.8	19	0.259	34	0.026	431	-0.163	53	0.110	0	0.000
manoj-betrayed-me/family3	15m	1	65	-0.085	-5.5	32	-0.050	33	-0.119	143	-0.143	64	-0.101	1	0.962
double-tap/family3	15m	1	24	-0.294	-7.0	14	-0.104	10	-0.559	57	-0.219	24	-0.294	0	0.000
btcusd-4h-ema-swing-strategy/family3	15m	2	10	-0.370	-3.7	3	-0.565	7	-0.286	52	-0.302	10	-0.370	0	0.000
session-king-alma-with-session-filter/family3	15m	1	22	-0.191	-4.2	12	-0.343	10	-0.008	62	-0.333	20	-0.177	2	-0.330
simple-breakout-strategy-santana/family3	15m	2	20	-0.366	-7.3	9	-0.377	11	-0.357	132	-0.243	20	-0.366	0	0.000
ahlenaz/family3	15m	1	33	0.009	0.3	18	-0.095	15	0.133	80	-0.088	33	0.009	0	0.000
ema-40-pullback-pyramid-strategy/family3	15m	2	46	-0.059	-2.7	17	-0.041	29	-0.069	302	-0.140	46	-0.059	0	0.000
ll-momentum-and-curl-master/family3	15m	1	26	0.411	10.7	12	-0.088	14	0.839	86	0.063	26	0.411	0	0.000
fair-value-gap-strategy/family3	15m	1	162	-0.194	-31.4	81	-0.127	81	-0.260	402	-0.247	143	-0.172	19	-0.353
new-era-strategy-1-0/family3	15m	1	7	-0.176	-1.2	7	-0.176	0	0.000	16	-0.402	5	-0.123	2	-0.307
nse-elite-strategy-v6-full-system/family3	15m	1	17	0.146	2.5	9	0.307	8	-0.035	39	-0.011	16	0.094	1	0.973
the-greatest-bot-ever-made-pmt-apex-edition/family3	15m	2	25	-0.356	-8.9	8	-0.779	17	-0.156	162	-0.111	25	-0.356	0	0.000
the-greatest-bot-ever-made-pmt-apex-edition-tv-strategies/family3	15m	2	25	-0.356	-8.9	8	-0.779	17	-0.156	162	-0.111	25	-0.356	0	0.000
quanloki-qqe-system-opposite-signal-only-points/family3	15m	2	33	-0.445	-14.7	6	-0.403	27	-0.455	203	-0.236	33	-0.445	0	0.000
adaptive-multi-factor-v1-update-9-years/family3	15m	2	55	-0.083	-4.6	18	0.345	37	-0.291	340	-0.238	55	-0.083	0	0.000
silver-surfer/family3	15m	1	163	-0.153	-25.0	82	-0.125	81	-0.182	404	-0.222	145	-0.133	18	-0.317
atm-adaptive-zone-momentum-scalper-1h/family3	15m	2	115	-0.148	-17.0	40	0.068	75	-0.263	969	-0.153	115	-0.148	0	0.000
ema-9-vwap-strategy-with-atr-trailing-stop-win-the-trade/family3	15m	2	22	0.029	0.6	8	-0.068	14	0.084	163	-0.198	22	0.029	0	0.000
atm/family3	15m	2	115	-0.148	-17.0	40	0.068	75	-0.263	969	-0.153	115	-0.148	0	0.000
fast-scalper-with-stops/family3	15m	2	41	-0.190	-7.8	12	0.057	29	-0.292	309	-0.229	41	-0.190	0	0.000
fast-scalper-with-stops-tv-strategies/family3	15m	2	41	-0.190	-7.8	12	0.057	29	-0.292	309	-0.229	41	-0.190	0	0.000
fast-scalper-with-stops-tv-strategies-cg3o8g9a/family3	15m	2	54	-0.268	-14.5	16	0.007	38	-0.384	136	-0.161	54	-0.268	0	0.000
adaptive-multi-facto-9-years/family3	15m	2	32	-0.253	-8.1	8	0.396	24	-0.469	211	-0.291	32	-0.253	0	0.000
fast-scalper-with-stops-tv-strategies-mcwal9oa/family3	15m	2	41	-0.190	-7.8	12	0.057	29	-0.292	309	-0.229	41	-0.190	0	0.000
sttrend-tp-lock-added/family3	15m	1	22	-0.565	-12.4	9	-0.450	13	-0.646	66	-0.320	21	-0.545	1	-1.000
9-ema-20-ema-retest-strategy/family3	15m	2	15	-0.041	-0.6	3	-0.258	12	0.013	88	-0.158	15	-0.041	0	0.000
clean-vwap-zl-scalper-single-trigger-by-david/family3	15m	2	36	-0.078	-2.8	14	-0.107	22	-0.059	230	-0.241	36	-0.078	0	0.000
clean-vwap-zl-scalper-single-trigger-by-sandip/family3	15m	2	36	-0.078	-2.8	14	-0.107	22	-0.059	230	-0.241	36	-0.078	0	0.000
spike-ea-trade-strategy/family3	15m	2	50	-0.008	-0.4	14	-0.178	36	0.058	342	-0.122	50	-0.008	0	0.000
good-luck/family3	15m	2	8	0.225	1.8	1	-1.000	7	0.400	68	-0.030	8	0.225	0	0.000
nasdaq-oro-bruto-24h-mejorada/family3	15m	2	15	0.177	2.7	4	-0.084	11	0.272	127	-0.115	15	0.177	0	0.000
nasdaq-nq-24h-mejorada/family3	15m	2	15	0.177	2.7	4	-0.084	11	0.272	127	-0.115	15	0.177	0	0.000
concordance-execution-model/family3	15m	1	57	-0.304	-17.3	28	-0.383	29	-0.227	122	-0.223	57	-0.304	0	0.000
zr-grizzly/family3	15m	2	71	-0.272	-19.3	22	-0.266	49	-0.275	142	-0.239	71	-0.272	0	0.000
caldera-meridian-strategy/family3	15m	1	43	0.052	2.2	16	-0.108	27	0.147	77	-0.066	41	0.046	2	0.169
frosty-alerts/family3	15m	2	154	-0.027	-4.1	55	0.092	99	-0.093	1717	-0.116	152	-0.058	2	2.387
enso-usdt-12h-trend-pullback-sniper/family3	15m	2	11	0.150	1.6	4	-0.359	7	0.440	59	-0.009	11	0.150	0	0.000
sebbiottino-trailing-stop-so-good-ger40-1m/family3	15m	2	34	0.127	4.3	13	0.198	21	0.083	242	-0.189	33	0.161	1	-1.000
tradingview-bot-trailing-15-min/family3	15m	1	13	-0.035	-0.5	4	-0.222	9	0.048	34	-0.189	12	-0.062	1	0.286
ut-bot-shah-200-50-ema/family3	15m	1	24	-0.235	-5.6	14	-0.384	10	-0.027	41	-0.393	24	-0.235	0	0.000
tradingview-bot-goat/family3	15m	1	13	-0.035	-0.5	4	-0.222	9	0.048	34	-0.189	12	-0.062	1	0.286
my-strategy-9/family3	15m	2	20	-0.366	-7.3	9	-0.377	11	-0.357	132	-0.243	20	-0.366	0	0.000
regime-execution-strategy/family3	15m	2	8	0.436	3.5	0	0.000	8	0.436	83	-0.029	8	0.436	0	0.000
gold-ai-strategy-v2-0/family3	15m	1	18	-0.252	-4.5	9	-0.286	9	-0.218	49	-0.209	17	-0.208	1	-1.000
nas100-sp500-turtle-soup-ny-v4-fixed/family3	15m	1	10	-0.566	-5.7	5	-1.000	5	-0.132	20	-0.722	6	-0.570	4	-0.560
zeta9-v6/family3	15m	2	58	-0.157	-9.1	22	0.100	36	-0.314	311	-0.169	58	-0.157	0	0.000
btc-averages-strategy-long-short/family3	15m	1	25	-0.124	-3.1	11	0.118	14	-0.314	72	-0.189	25	-0.124	0	0.000
20-200-sma-strategy/family3	15m	2	80	-0.120	-9.6	18	-0.338	62	-0.057	345	-0.141	80	-0.120	0	0.000
liquidity-entry-zones-strategy-2-0/family3	15m	2	55	-0.058	-3.2	23	0.053	32	-0.137	253	-0.159	54	-0.063	1	0.207
ultimate-smc-emas-day-trading-strategy/family3	15m	1	26	-0.122	-3.2	16	-0.241	10	0.069	38	-0.219	25	-0.087	1	-1.000
concordance-allocation-strategy/family3	15m	2	8	-0.125	-1.0	0	0.000	8	-0.125	98	-0.183	8	-0.125	0	0.000
amit-eth-strategy/family3	15m	2	18	-0.246	-4.4	1	0.208	17	-0.273	119	-0.109	18	-0.246	0	0.000
amit-eth-strategy-tv-strategies/family3	15m	2	18	-0.246	-4.4	1	0.208	17	-0.273	119	-0.109	18	-0.246	0	0.000
moja-strategia-harami-bb/family3	15m	2	42	-0.053	-2.2	19	0.225	23	-0.282	127	-0.083	41	-0.059	1	0.207
moja-strategia-harami-bb-tv-strategies/family3	15m	2	42	-0.053	-2.2	19	0.225	23	-0.282	127	-0.083	41	-0.059	1	0.207
silverstream-v2/family3	15m	2	21	-0.070	-1.5	8	-0.224	13	0.025	139	-0.162	21	-0.070	0	0.000
mgc-wyckoff-second-breakout-v3-candle-rr/family3	15m	1	62	-0.318	-19.7	27	-0.272	35	-0.354	171	-0.277	61	-0.308	1	-0.930
5m-sol-scalper-ha-lorentzian/family3	15m	2	18	0.140	2.5	9	0.764	9	-0.485	95	-0.179	18	0.140	0	0.000
asian-box-breakout-strategy/family3	15m	1	7	-0.410	-2.9	3	-0.978	4	0.016	28	-0.333	6	-0.312	1	-1.000
bollinger-bands-rsi-live-radar-strategy/family3	15m	1	42	0.049	2.1	26	0.117	16	-0.062	54	0.102	38	0.072	4	-0.168
concord-execution-mandate/family3	15m	2	52	-0.099	-5.2	17	-0.057	35	-0.120	312	-0.228	51	-0.082	1	-1.000
super-rsi-strategy/family3	15m	2	49	0.099	4.9	13	0.400	36	-0.009	339	-0.114	49	0.099	0	0.000
super-rsi-strategy-tv-strategies-nng1sppd/family3	15m	2	49	0.099	4.9	13	0.400	36	-0.009	339	-0.114	49	0.099	0	0.000
super-rsi-strategy-tv-strategies/family3	15m	2	49	0.099	4.9	13	0.400	36	-0.009	339	-0.114	49	0.099	0	0.000
box-breakout-strategy-dt4b-trader/family3	15m	1	58	-0.140	-8.1	29	-0.020	29	-0.260	166	-0.202	57	-0.180	1	2.127
sma-strategy/family3	15m	2	69	0.002	0.2	25	0.264	44	-0.146	456	-0.200	68	-0.001	1	0.206
3commas-pullback-sniper-strategy/family3	15m	2	17	-0.373	-6.3	7	-0.626	10	-0.196	32	-0.263	17	-0.373	0	0.000
big-daddy-max-orb-strategy/family3	15m	1	18	-0.283	-5.1	7	-0.358	11	-0.234	45	-0.206	18	-0.283	0	0.000
ttm-momentum-histo-9-ema-21-ema-debit-spread-script/family3	15m	2	21	-0.336	-7.0	9	-0.377	12	-0.304	148	-0.246	21	-0.336	0	0.000
beginner-trend-risk-model-ema-rsi/family3	15m	1	70	-0.114	-8.0	33	-0.015	37	-0.202	216	-0.258	43	-0.049	27	-0.217
rr-master-lc/family3	15m	2	2	0.652	1.3	1	1.045	1	0.260	17	-0.289	2	0.652	0	0.000
ai-triple-confirmation-strategy/family3	15m	1	37	-0.281	-10.4	16	-0.193	21	-0.348	92	-0.229	37	-0.281	0	0.000
parallax-covenant-strategy/family3	15m	2	25	-0.077	-1.9	6	0.373	19	-0.219	202	-0.267	25	-0.077	0	0.000
ema-dmi-macd-rsi-strategy/family3	15m	1	19	0.053	1.0	10	-0.398	9	0.554	74	-0.044	19	0.053	0	0.000
albtrader-nq-beast-supertrend-macd-rsi/family3	15m	2	12	-0.179	-2.1	0	0.000	12	-0.179	76	-0.147	12	-0.179	0	0.000
simple-smart-buy-sell-strategy/family3	15m	2	30	-0.016	-0.5	8	0.248	22	-0.112	222	-0.166	30	-0.016	0	0.000
options-momentum-bias-strategy-v2/family3	15m	1	25	-0.318	-8.0	13	-0.413	12	-0.215	65	-0.175	25	-0.318	0	0.000
strategy-461-ts-m15/family3	15m	2	30	-0.081	-2.4	7	0.711	23	-0.322	142	-0.118	30	-0.081	0	0.000
take-liquidity-multi-time-frame-tradesystem/family3	15m	1	6	-0.364	-2.2	3	-0.563	3	-0.165	19	-0.241	6	-0.364	0	0.000
lvn-rejection-acceptance-strategy/family3	15m	1	87	-0.056	-4.9	48	0.057	39	-0.195	203	-0.107	81	-0.086	6	0.353
autotrade-bot-v12/family3	15m	2	24	0.032	0.8	7	0.718	17	-0.251	59	-0.123	24	0.032	0	0.000
adaptive-s-r-reversal-rsi-divergence-dca-be-stop-5m/family3	15m	1	21	0.012	0.3	10	0.089	11	-0.058	52	-0.212	19	-0.047	2	0.569
albtrader-nq-btc-gold-multi-tf-signal-bot-v2/family3	15m	1	19	0.099	1.9	8	0.755	11	-0.378	59	-0.109	18	-0.020	1	2.249
nq-scalp-fix-signals/family3	15m	1	44	0.022	1.0	24	-0.082	20	0.147	90	-0.085	44	0.022	0	0.000
ema-crossx/family3	15m	2	19	-0.081	-1.5	8	0.132	11	-0.235	57	-0.082	19	-0.081	0	0.000
scalping-reversal-strategy/family3	15m	1	46	-0.115	-5.3	22	-0.108	24	-0.121	78	-0.057	32	-0.024	14	-0.323
strategy-432-btc-donchian-breakout-continuation/family3	15m	1	40	0.052	2.1	20	0.216	20	-0.112	52	0.022	40	0.052	0	0.000
strategy-250-xauusd-composite-quality-score/family3	15m	2	9	0.188	1.7	1	0.850	8	0.106	43	-0.152	9	0.188	0	0.000
scalping-entry-exit-indicator-by-diget/family3	15m	2	90	-0.084	-7.6	29	0.095	61	-0.169	682	-0.146	90	-0.084	0	0.000
scalping-ichimoku/family3	15m	1	14	-0.169	-2.4	6	-0.117	8	-0.207	54	-0.175	12	-0.030	2	-1.000
scalper-s-moving-average-dyna/family3	15m	2	18	0.028	0.5	4	0.331	14	-0.059	134	-0.095	18	0.028	0	0.000
thrax-quickstrike-5-mins-scalping/family3	15m	1	32	-0.173	-5.5	18	-0.284	14	-0.031	72	-0.154	29	-0.200	3	0.083
parabolic-sar-heikin-ashi-mtf-candle-scalper/family3	15m	1	42	-0.080	-3.4	18	0.062	24	-0.187	242	-0.126	36	-0.137	6	0.257
scalpers-macd-vwap-filter/family3	15m	1	43	0.185	8.0	20	0.597	23	-0.174	115	-0.086	41	0.138	2	1.150
oink-test/family3	15m	1	10	-0.614	-6.1	3	-0.542	7	-0.645	27	-0.404	9	-0.571	1	-1.000
swing-reversal-auto-targets-jpt-module-1/family3	15m	1	60	-0.010	-0.6	32	0.039	28	-0.067	148	-0.045	60	-0.010	0	0.000
swing-failure-pattern-sfp-engine-agpro-series/family3	15m	1	28	0.045	1.3	12	0.709	16	-0.453	45	0.036	24	-0.119	4	1.030
swing-gradient-tpos-boswaves/family3	15m	2	32	0.029	0.9	12	0.195	20	-0.070	105	-0.127	32	0.029	0	0.000
contrarian-scalping-counter-trend-bb-envelope-adx-and-stochastic/family3	15m	2	186	-0.057	-10.5	68	0.084	118	-0.138	2391	-0.085	183	-0.078	3	1.258
ms-hypersupertrend/family3	15m	2	8	0.287	2.3	1	5.028	7	-0.391	41	0.053	8	0.287	0	0.000
fast-v-slow-moving-averages-strategy-variable-divonn1994/family3	15m	1	17	0.125	2.1	9	-0.174	8	0.461	58	-0.148	0	0.000	17	0.125
god-of-scalping-btc/family3	15m	2	21	-0.213	-4.5	5	-1.000	16	0.033	152	-0.157	21	-0.213	0	0.000
clean-multi-indicator-alignment-system/family3	15m	2	16	0.130	2.1	4	1.065	12	-0.182	139	-0.305	16	0.130	0	0.000
market-direction-strength-mds/family3	15m	1	61	-0.091	-5.6	33	-0.076	28	-0.110	182	-0.150	60	-0.098	1	0.282
concordance-strategy/family3	15m	2	5	-0.186	-0.9	1	0.301	4	-0.307	25	-0.098	5	-0.186	0	0.000
consensus/family5	15m	3	92	-0.115	-10.6	49	-0.082	43	-0.153			71	-0.153	21	0.015
consensus/family5	15m	4	60	0.014	0.8	22	0.126	38	-0.051			60	0.014	0	0.000
consensus/family5	15m	5	58	-0.149	-8.6	20	-0.104	38	-0.172			58	-0.149	0	0.000
abcd-harmonic-projection/family5	15m	1	16	-0.302	-4.8	9	-0.195	7	-0.441	40	-0.400	14	-0.295	2	-0.354
pulse-trend-radar/family5	15m	1	13	-0.533	-6.9	6	-0.784	7	-0.317	37	-0.223	9	-0.803	4	0.075
kinetic-momentum-vectors/family5	15m	1	6	-0.263	-1.6	3	-0.567	3	0.040	30	-0.162	6	-0.263	0	0.000
stealthtrail-supertrend/family5	15m	3	16	-0.364	-5.8	5	0.259	11	-0.647	82	-0.256	16	-0.364	0	0.000
dynamic-trend-bands-anchored-vwap-signals/family5	15m	1	37	0.041	1.5	15	0.390	22	-0.196	56	-0.068	37	0.041	0	0.000
swing-volume-profile-pro/family5	15m	2	24	-0.109	-2.6	9	-0.029	15	-0.158	85	-0.359	22	-0.088	2	-0.350
pivot-channel-breaks/family5	15m	2	13	0.046	0.6	2	-0.158	11	0.083	45	-0.034	13	0.046	0	0.000
triangular-hull-moving-average-volatility/family5	15m	2	21	-0.575	-12.1	8	-0.246	13	-0.777	57	-0.126	21	-0.575	0	0.000
elliott-wave/family5	15m	1	9	0.254	2.3	3	-0.359	6	0.560	41	-0.192	9	0.254	0	0.000
smart-money-breakout-signals/family5	15m	1	9	-0.296	-2.7	3	0.082	6	-0.485	35	-0.093	9	-0.296	0	0.000
high-volume-breakout-targets/family5	15m	1	8	-0.626	-5.0	4	-0.672	4	-0.580	23	-0.482	6	-0.501	2	-1.000
stealthtrail-supertrend-ml-pro/family5	15m	3	17	-0.285	-4.8	5	0.024	12	-0.413	79	-0.186	17	-0.285	0	0.000
session-killzones-breakouts/family5	15m	1	20	-0.161	-3.2	7	0.237	13	-0.375	71	-0.031	20	-0.161	0	0.000
smart-swing-vwap-zeiierman/family5	15m	1	31	-0.093	-2.9	11	-0.081	20	-0.099	60	-0.045	24	-0.077	7	-0.148
supertrend-cluster-zeiierman/family5	15m	1	11	-0.243	-2.7	6	-0.318	5	-0.154	39	-0.004	11	-0.243	0	0.000
bollinger-bands-forecast-with-signals-zeiierman/family5	15m	2	18	0.114	2.1	6	0.336	12	0.003	45	0.198	18	0.114	0	0.000
market-memory-average-zeiierman/family5	15m	1	23	-0.423	-9.7	8	-0.490	15	-0.387	62	-0.147	21	-0.426	2	-0.385
ai-predictive-flow-zeiierman/family5	15m	4	33	-0.105	-3.5	7	-0.722	26	0.061	258	-0.103	33	-0.105	0	0.000
volume-supertrend-ai-expo/family5	15m	1	7	-0.316	-2.2	3	-0.407	4	-0.248	37	-0.163	6	-0.217	1	-0.911
momentum-sequence-strategy/family5	15m	2	6	1.466	8.8	2	1.021	4	1.688	24	0.209	6	1.466	0	0.000
trend-survival-matrix/family5	15m	1	17	-0.178	-3.0	7	-0.578	10	0.103	46	-0.237	16	-0.207	1	0.286
smart-flow-imbalance/family5	15m	1	21	-0.169	-3.5	8	0.047	13	-0.302	76	-0.168	21	-0.169	0	0.000
anchored-value-distribution-oscillator-zeiierman/family5	15m	4	34	-0.362	-12.3	6	0.087	28	-0.458	558	-0.165	34	-0.362	0	0.000
ema-trend-pro/family5	15m	1	16	-0.207	-3.3	6	-0.722	10	0.103	25	-0.003	16	-0.207	0	0.000
macd-matrix/family5	15m	2	10	0.205	2.1	4	0.094	6	0.279	36	0.131	10	0.205	0	0.000
ema-trend-signals/family5	15m	1	17	-0.178	-3.0	7	-0.578	10	0.103	46	-0.237	16	-0.207	1	0.286
trend-pullback-guard/family5	15m	4	10	0.623	6.2	3	0.150	7	0.825	141	0.038	10	0.623	0	0.000
rsi-market-regime/family5	15m	2	16	0.132	2.1	6	0.654	10	-0.181	124	-0.028	15	0.122	1	0.282
adaptive-atr-extension-scanner/family5	15m	1	57	-0.124	-7.1	16	0.420	41	-0.337	102	-0.009	57	-0.124	0	0.000
sams-early-morning-range-lines/family5	15m	1	11	-0.531	-5.8	7	-1.000	4	0.289	47	-0.219	10	-0.484	1	-1.000
btc-ema-5-9-flip-strategy-autobot/family5	15m	1	13	-0.002	-0.0	7	0.497	6	-0.586	19	-0.072	13	-0.002	0	0.000
swing-multi-moving-averages-crypto-and-stocks-strategy/family5	15m	3	172	-0.108	-18.5	62	-0.064	110	-0.132	294	-0.075	172	-0.108	0	0.000
machine-learning-rsi-ai-classification-ranking-zeiierman/family5	15m	1	25	-0.410	-10.3	7	-0.078	18	-0.539	65	-0.229	23	-0.359	2	-1.000
weekend-hunter-ultimate-v6-2/family5	15m	3	4	-0.482	-1.9	3	-0.309	1	-1.000	40	-0.123	4	-0.482	0	0.000
williams-r-zone-scalper-v1-0-bullbyte/family5	15m	2	33	0.033	1.1	19	0.318	14	-0.354	80	-0.083	31	0.004	2	0.481
smart-grid-scalping-pullback-strategy-bullbyte/family5	15m	2	14	0.146	2.0	8	0.190	6	0.087	37	-0.166	8	0.425	6	-0.227
macd-pullback-sniper-trend-adx-filtered-strategy/family5	15m	2	9	-0.222	-2.0	5	0.400	4	-1.000	20	-0.279	9	-0.222	0	0.000
ema-pullback-trend-continuation-strategy-with-volume-and-momentu/family5	15m	2	18	-0.212	-3.8	7	-0.114	11	-0.274	49	-0.120	17	-0.239	1	0.255
golden-trident-swing-anchored-vwap-trend-system/family5	15m	1	14	-0.573	-8.0	5	-1.000	9	-0.335	26	-0.309	14	-0.573	0	0.000
pro-scalper-ai-bullbyte/family5	15m	2	53	0.158	8.4	34	-0.033	19	0.498	368	-0.168	15	0.729	38	-0.068
execution-aware-trend/family5	15m	2	12	-0.493	-5.9	5	-0.565	7	-0.442	53	-0.407	12	-0.493	0	0.000
coil-breaker-rsi-range-compression/family5	15m	1	4	0.392	1.6	2	-1.000	2	1.785	40	0.138	4	0.392	0	0.000
channel-reversion-system/family5	15m	1	23	-0.317	-7.3	7	-0.604	16	-0.192	23	-0.318	23	-0.317	0	0.000
slope-ma-cross-acc-range-filter/family5	15m	1	20	0.299	6.0	10	0.551	10	0.048	81	0.003	18	0.372	2	-0.360
trendshift-supertrend-adx-regime-adaptive-strategy/family5	15m	1	17	-0.134	-2.3	10	-0.563	7	0.479	45	-0.143	15	-0.018	2	-1.000
dnse-vn301-sma-34-89-dual-slope-strategy/family5	15m	2	11	0.006	0.1	2	-0.071	9	0.023	45	-0.261	10	-0.127	1	1.339
stacklight-mtf-mtf-momentum-stack-stochastic-confluence/family5	15m	2	4	1.592	6.4	1	5.056	3	0.438	58	0.050	4	1.592	0	0.000
fair-value-gap-strategy-with-break-of-structure-confirmation/family5	15m	2	27	0.268	7.2	9	0.695	18	0.054	162	-0.112	25	0.318	2	-0.359
bist30-to-sp-500-atr-momentum-rider/family5	15m	4	27	-0.269	-7.3	11	-0.161	16	-0.343	85	-0.107	27	-0.269	0	0.000
elite-hybrid-orb/family5	15m	1	4	-0.129	-0.5	1	-1.000	3	0.161	8	0.506	4	-0.129	0	0.000
tradleware-dca/family5	15m	3	34	0.098	3.3	18	0.275	16	-0.101	66	-0.060	34	0.098	0	0.000
ultimate-prop-firm/family5	15m	2	3	0.449	1.3	2	0.554	1	0.237	23	-0.301	1	0.237	2	0.554
cloud-pro-ichimoku-confluence/family5	15m	2	24	-0.114	-2.7	7	0.008	17	-0.165	107	-0.025	23	-0.076	1	-1.000
pg-mcx-silver-long-v6-mtf-momentum-profit-trailing/family5	15m	1	93	-0.104	-9.6	39	-0.006	54	-0.174	158	-0.096	93	-0.104	0	0.000
dnse-vn301-bollinger-bands-break-out-strategy/family5	15m	1	8	-0.829	-6.6	3	-0.566	5	-0.987	25	-0.300	8	-0.829	0	0.000
nnfx-btc-ssl-qqe-signalforge/family5	15m	4	31	-0.309	-9.6	12	-0.289	19	-0.321	233	-0.219	31	-0.309	0	0.000
hyperliquid-ready-webhook-strategy-template/family5	15m	2	9	-0.112	-1.0	1	-1.000	8	-0.001	49	-0.247	9	-0.112	0	0.000
ema-25-68-bist30-futures/family5	15m	1	10	-0.456	-4.6	4	-1.000	6	-0.093	37	-0.305	10	-0.456	0	0.000
trend-efficiency-framework/family5	15m	1	11	0.514	5.7	4	0.504	7	0.519	33	0.046	10	0.478	1	0.867
webhook-alert-strategy-template/family5	15m	1	16	-0.032	-0.5	6	-0.521	10	0.262	47	-0.100	16	-0.032	0	0.000
vwap-mean-reversion-strategy-with-session-and-volume-filter/family5	15m	1	31	-0.193	-6.0	19	-0.118	12	-0.313	49	-0.296	16	-0.179	15	-0.208
fractal-memory-strategy/family5	15m	1	4	-0.672	-2.7	3	-0.563	1	-1.000	17	-0.265	4	-0.672	0	0.000
adaptive-atr-scalper-instant-lock-version/family5	15m	1	20	-0.540	-10.8	6	-0.397	14	-0.601	48	-0.185	19	-0.516	1	-1.000
btc-trend-momentum-strategy/family5	15m	1	26	0.291	7.6	16	0.550	10	-0.124	49	-0.010	16	0.282	10	0.305
tp-sl-toolkit/family5	15m	2	32	-0.149	-4.8	14	0.193	18	-0.416	136	-0.166	32	-0.149	0	0.000
orb-pro-session-breakout-scalper/family5	15m	3	38	-0.352	-13.4	17	-0.208	21	-0.469	113	-0.152	36	-0.404	2	0.590
donchian-breakout-with-atr-trailing-stop-trend-following/family5	15m	1	40	-0.086	-3.4	15	-0.079	25	-0.090	79	0.093	40	-0.086	0	0.000
ineficient-market/family5	15m	1	5	-0.263	-1.3	3	-0.566	2	0.193	12	-0.385	4	-0.078	1	-1.000
super-trend-signal-engine-quantum-edge/family5	15m	2	12	-0.728	-8.7	3	-0.459	9	-0.818	66	-0.320	12	-0.728	0	0.000
dual-bollinger-band-cross-strategy-v6/family5	15m	2	61	-0.006	-0.3	19	0.435	42	-0.205	122	-0.080	61	-0.006	0	0.000
optimized-doji-breakout-strategy-short-only-v6/family5	15m	1	27	-0.053	-1.4	15	-0.170	12	0.093	105	-0.217	0	0.000	27	-0.053
atr-trailing-stop-strategy-with-ema-trend-filter/family5	15m	1	7	-0.369	-2.6	3	-0.076	4	-0.589	26	-0.020	7	-0.369	0	0.000
xau-clear-ema-atr-strategy-tp-sl-voice-v6-clean-tp/family5	15m	2	34	-0.061	-2.1	12	0.114	22	-0.156	127	-0.098	32	-0.116	2	0.814
xau-clear-ema-atr-strategy-tp-sl-voice-v6/family5	15m	2	34	-0.061	-2.1	12	0.114	22	-0.156	127	-0.098	32	-0.116	2	0.814
smc-clean-4h-zones-center-labels-hh-hl-ll-lh/family5	15m	4	63	-0.352	-22.2	24	-0.444	39	-0.295	1116	-0.140	63	-0.352	0	0.000
bps-v17-strong-trend-filter/family5	15m	1	36	0.184	6.6	16	0.377	20	0.029	53	0.112	36	0.184	0	0.000
apex-fusion-ai-smart-trend-engine/family5	15m	1	42	-0.203	-8.5	13	-0.334	29	-0.145	158	-0.101	41	-0.214	1	0.233
bps-v17-strong-trend-filter-tv-strategies/family5	15m	1	36	0.184	6.6	16	0.377	20	0.029	53	0.112	36	0.184	0	0.000
vwap-points-percent-ticks-strategy/family5	15m	4	17	-0.271	-4.6	6	-0.407	11	-0.197	222	-0.246	17	-0.271	0	0.000
btc-8am-pattern-breakout-instant-entry/family5	15m	2	26	-0.190	-4.9	11	0.239	15	-0.505	114	-0.295	21	-0.215	5	-0.084
vwap-stdev-bands-reversal-strategy/family5	15m	4	37	-0.264	-9.8	11	-0.048	26	-0.355	134	-0.174	37	-0.264	0	0.000
bollinger-squeeze-breakout-volume/family5	15m	2	15	-0.284	-4.3	2	1.555	13	-0.567	87	-0.251	15	-0.284	0	0.000
reverse-bb-kc/family5	15m	4	19	0.046	0.9	5	0.879	14	-0.252	68	-0.175	19	0.046	0	0.000
blueprint-vol/family5	15m	1	7	0.351	2.5	7	0.351	0	0.000	12	-0.169	4	-0.347	3	1.283
l-l-htf-trend-cloud-strategy-joe-freedom/family5	15m	1	6	-0.801	-4.8	2	-1.000	4	-0.702	14	-0.442	6	-0.801	0	0.000
mcginley-t3-flow-campaign-nick789-v-1/family5	15m	2	15	-0.061	-0.9	7	-0.372	8	0.210	45	-0.245	15	-0.061	0	0.000
arbf-strategy-v1-8/family5	15m	1	6	-0.239	-1.4	2	-0.115	4	-0.301	25	-0.397	6	-0.239	0	0.000
initial-balance-bo-strategy/family5	15m	2	17	-0.425	-7.2	8	-0.683	9	-0.196	60	-0.366	17	-0.425	0	0.000
tomukas-daily-scale-in/family5	15m	4	11	-0.038	-0.4	4	0.551	7	-0.375	48	-0.036	11	-0.038	0	0.000
trend-persistence-analysis-framework/family5	15m	1	87	0.027	2.4	37	-0.036	50	0.074	208	-0.095	74	0.026	13	0.036
10-tech-indexes-score-system/family5	15m	1	8	0.070	0.6	5	-0.300	3	0.686	34	0.012	8	0.070	0	0.000
ewo-rsi-advanced-signals-strategy-exhaustion-filter/family5	15m	4	33	-0.356	-11.7	11	-0.465	22	-0.301	130	-0.295	33	-0.356	0	0.000
hemant-gold-strategy/family5	15m	1	47	-0.178	-8.3	20	0.079	27	-0.368	81	-0.144	41	-0.117	6	-0.589
scam-or-slam-day-trading-rauf-strategy/family5	15m	2	13	-0.076	-1.0	6	0.019	7	-0.158	29	-0.487	11	0.092	2	-1.000
bb-kc-squeeze-breakout/family5	15m	2	8	0.079	0.6	2	-0.973	6	0.429	62	-0.215	8	0.079	0	0.000
high-activity-penny-stock-strategy-v6/family5	15m	1	26	0.049	1.3	12	0.004	14	0.087	77	-0.209	25	0.067	1	-0.403
kaufman-moving-average-adaptive-strategy-by-mkb/family5	15m	2	36	-0.182	-6.6	13	0.079	23	-0.330	82	-0.196	36	-0.182	0	0.000
ac20-55emagdcrosstest/family5	15m	1	14	-0.200	-2.8	7	-0.412	7	0.011	45	-0.152	13	-0.238	1	0.286
bollinger-bands-simple-strategy/family5	15m	4	48	-0.100	-4.8	16	-0.034	32	-0.133	185	-0.085	48	-0.100	0	0.000
ai-slop-holy-grail-trap-btc-1h-non-repainting-overfit/family5	15m	1	23	-0.089	-2.0	8	-0.121	15	-0.071	37	-0.147	19	-0.116	4	0.039
adaptive-dual-engine-strategy-momentum-mean-reversion/family5	15m	3	58	0.128	7.4	18	0.609	40	-0.089	351	-0.131	58	0.128	0	0.000
estrategia-dpo-artedejubilarte/family5	15m	4	11	-1.000	-11.0	4	-1.000	7	-1.000	114	-0.298	11	-1.000	0	0.000
nasrul-fib-sr-m5/family5	15m	1	43	-0.064	-2.7	20	0.026	23	-0.142	122	-0.096	37	0.005	6	-0.489
multi-timeframe-trend-alignment-framework/family5	15m	1	16	-0.032	-0.5	6	-0.521	10	0.262	22	0.209	16	-0.032	0	0.000
9-21ema-anji/family5	15m	2	4	0.326	1.3	2	0.705	2	-0.053	25	-0.145	4	0.326	0	0.000
volatility-surge-strategy/family5	15m	4	20	-0.380	-7.6	8	-0.368	12	-0.388	51	0.130	20	-0.380	0	0.000
master-structural-engine/family5	15m	2	5	-0.286	-1.4	3	0.191	2	-1.000	34	-0.443	5	-0.286	0	0.000
yuri-garcia-narrow-state-strategy-ygils/family5	15m	1	17	-0.433	-7.4	5	-0.479	12	-0.413	45	-0.429	15	-0.440	2	-0.376
supertrend-bb-strategy/family5	15m	2	13	-0.729	-9.5	3	-0.457	10	-0.811	64	-0.294	13	-0.729	0	0.000
trend-pivot-scale-in/family5	15m	2	3	0.984	3.0	1	4.951	2	-1.000	30	0.004	3	0.984	0	0.000
engulfing-mitigation-strategy/family5	15m	1	138	-0.069	-9.5	58	0.064	80	-0.165	347	-0.201	106	-0.081	32	-0.029
vumanchu-wt-zero-cross-strategy-v1-2-2/family5	15m	2	41	-0.181	-7.4	20	0.199	21	-0.543	155	-0.224	37	-0.235	4	0.318
vumanchu-wt-zero-cross-strategy-v1-2-3/family5	15m	2	30	-0.319	-9.6	13	0.158	17	-0.685	113	-0.225	30	-0.319	0	0.000
bb-macd-v6-1-5-qing-smart-distribution/family5	15m	1	65	-0.284	-18.4	26	-0.128	39	-0.388	85	-0.264	65	-0.284	0	0.000
vishall-ema-9-20-50-200-dmi-adx-strategy/family5	15m	2	13	0.122	1.6	5	0.596	8	-0.174	61	0.127	13	0.122	0	0.000
vumanchu-wt-zero-cross-v1-1b/family5	15m	2	41	-0.181	-7.4	20	0.199	21	-0.543	155	-0.224	37	-0.235	4	0.318
velocity-breakout-strategy-vbs/family5	15m	3	10	-0.182	-1.8	2	0.017	8	-0.232	73	-0.139	9	-0.091	1	-1.000
nifty-supertrend-ce-strategy-alice-blue/family5	15m	2	14	-0.749	-10.5	3	-0.457	11	-0.828	67	-0.324	14	-0.749	0	0.000
ultimate-pattern-engine-ema-stochastic-by-rony/family5	15m	2	110	-0.043	-4.7	47	0.027	63	-0.096	489	-0.094	97	-0.011	13	-0.286
fair-value-gap-continuation-framework/family5	15m	2	43	0.074	3.2	15	0.456	28	-0.130	234	-0.124	41	0.064	2	0.287
surgical-sweep-original-restored/family5	15m	4	8	0.554	4.4	3	1.624	5	-0.088	51	-0.205	8	0.554	0	0.000
qqe-channel-strategy/family5	15m	1	58	-0.285	-16.6	19	0.149	39	-0.497	163	-0.286	58	-0.285	0	0.000
orb-fib-breakout-signals-strategy/family5	15m	1	23	0.004	0.1	10	0.197	13	-0.144	49	-0.151	22	0.050	1	-1.000
ut-bot-v2-atr-trailing-stop/family5	15m	4	59	-0.363	-21.4	18	-0.335	41	-0.376	473	-0.256	59	-0.363	0	0.000
sma-4-sma-30/family5	15m	4	15	-0.336	-5.0	6	-0.395	9	-0.297	196	-0.270	15	-0.336	0	0.000
egan-s-pure-structure-s-d-strategy-backtest/family5	15m	3	55	-0.088	-4.9	21	-0.098	34	-0.082	241	-0.094	54	-0.095	1	0.292
dca-grid-15-orders-1-1-step-1-8-tp/family5	15m	1	62	0.161	10.0	31	0.342	31	-0.020	98	0.102	62	0.161	0	0.000
institutional-ob-entry-exit-sl-strategy/family5	15m	1	24	-0.459	-11.0	9	-0.628	15	-0.358	55	-0.410	22	-0.410	2	-1.000
supertrend-strategy/family5	15m	2	14	-0.749	-10.5	3	-0.457	11	-0.828	71	-0.324	14	-0.749	0	0.000
smart-trend-strategy-julzalgo/family5	15m	2	13	-0.059	-0.8	4	0.366	9	-0.247	86	-0.203	13	-0.059	0	0.000
alphamojo-supertrend-strategy-ha-with-buffer/family5	15m	1	5	-0.677	-3.4	2	-0.193	3	-1.000	31	-0.246	5	-0.677	0	0.000
macd-crossover-strategy/family5	15m	5	32	-0.460	-14.7	9	-0.516	23	-0.438	280	-0.254	32	-0.460	0	0.000
expma-analysis/family5	15m	1	17	-0.320	-5.4	6	-0.523	11	-0.210	36	-0.390	17	-0.320	0	0.000
tjr-v4-strategy/family5	15m	2	22	0.026	0.6	6	-0.089	16	0.069	146	-0.229	21	0.074	1	-1.000
scalping-london-new-york-strategy/family5	15m	1	105	-0.032	-3.4	46	-0.075	59	0.001	222	-0.036	83	0.026	22	-0.254
serhan1-wma-rsi-trailing-scalp-date-filter/family5	15m	2	19	-0.153	-2.9	7	0.701	12	-0.651	92	-0.216	19	-0.153	0	0.000
market-breadth-trend-strategy/family5	15m	1	109	-0.028	-3.0	44	-0.024	65	-0.031	213	-0.099	94	0.001	15	-0.212
serhan-1-wma-adx-trailing-date-filter/family5	15m	1	12	0.080	1.0	7	0.127	5	0.015	23	0.169	9	-0.045	3	0.456
15m-nifty-multi-day-swing-target-engine-v1-0/family5	15m	2	26	-0.222	-5.8	7	0.319	19	-0.422	77	-0.295	21	-0.456	5	0.761
twe-2-bar-break-strategy/family5	15m	2	88	-0.031	-2.7	40	0.095	48	-0.136	431	-0.163	81	-0.035	7	0.019
manoj-betrayed-me/family5	15m	1	49	-0.172	-8.5	19	-0.207	30	-0.151	143	-0.143	48	-0.196	1	0.962
double-tap/family5	15m	3	13	-0.317	-4.1	5	-0.095	8	-0.456	57	-0.219	13	-0.317	0	0.000
btcusd-4h-ema-swing-strategy/family5	15m	2	16	-0.374	-6.0	6	-0.362	10	-0.381	52	-0.302	14	-0.465	2	0.261
session-king-alma-with-session-filter/family5	15m	1	21	-0.373	-7.8	10	-0.480	11	-0.277	62	-0.333	15	-0.212	6	-0.777
simple-breakout-strategy-santana/family5	15m	2	25	-0.381	-9.5	10	-0.315	15	-0.425	132	-0.243	25	-0.381	0	0.000
ahlenaz/family5	15m	1	24	0.053	1.3	10	0.016	14	0.080	80	-0.088	24	0.053	0	0.000
ema-40-pullback-pyramid-strategy/family5	15m	4	30	-0.106	-3.2	10	0.120	20	-0.218	302	-0.140	30	-0.106	0	0.000
ll-momentum-and-curl-master/family5	15m	1	24	0.222	5.3	9	-0.403	15	0.597	86	0.063	24	0.222	0	0.000
fair-value-gap-strategy/family5	15m	3	95	-0.330	-31.4	35	-0.312	60	-0.341	402	-0.247	85	-0.311	10	-0.492
new-era-strategy-1-0/family5	15m	1	11	-0.475	-5.2	11	-0.475	0	0.000	16	-0.402	5	-0.123	6	-0.769
nse-elite-strategy-v6-full-system/family5	15m	1	16	-0.028	-0.4	8	-0.020	8	-0.035	39	-0.011	14	-0.077	2	0.318
the-greatest-bot-ever-made-pmt-apex-edition/family5	15m	2	29	-0.384	-11.1	10	-0.694	19	-0.221	162	-0.111	26	-0.363	3	-0.569
the-greatest-bot-ever-made-pmt-apex-edition-tv-strategies/family5	15m	2	29	-0.384	-11.1	10	-0.694	19	-0.221	162	-0.111	26	-0.363	3	-0.569
quanloki-qqe-system-opposite-signal-only-points/family5	15m	3	50	-0.334	-16.7	17	-0.008	33	-0.502	203	-0.236	47	-0.293	3	-0.971
adaptive-multi-factor-v1-update-9-years/family5	15m	3	69	-0.223	-15.4	25	0.005	44	-0.352	340	-0.238	69	-0.223	0	0.000
silver-surfer/family5	15m	3	91	-0.291	-26.5	34	-0.330	57	-0.268	404	-0.222	82	-0.275	9	-0.435
atm-adaptive-zone-momentum-scalper-1h/family5	15m	4	79	-0.317	-25.1	24	-0.008	55	-0.452	969	-0.153	79	-0.317	0	0.000
ema-9-vwap-strategy-with-atr-trailing-stop-win-the-trade/family5	15m	2	36	-0.225	-8.1	15	-0.313	21	-0.161	163	-0.198	32	-0.205	4	-0.384
atm/family5	15m	4	79	-0.317	-25.1	24	-0.008	55	-0.452	969	-0.153	79	-0.317	0	0.000
fast-scalper-with-stops/family5	15m	4	24	-0.423	-10.2	7	-0.298	17	-0.475	309	-0.229	24	-0.423	0	0.000
fast-scalper-with-stops-tv-strategies/family5	15m	4	24	-0.423	-10.2	7	-0.298	17	-0.475	309	-0.229	24	-0.423	0	0.000
fast-scalper-with-stops-tv-strategies-cg3o8g9a/family5	15m	4	39	-0.296	-11.5	8	-0.040	31	-0.362	136	-0.161	39	-0.296	0	0.000
adaptive-multi-facto-9-years/family5	15m	3	42	-0.464	-19.5	12	-0.345	30	-0.511	211	-0.291	42	-0.464	0	0.000
fast-scalper-with-stops-tv-strategies-mcwal9oa/family5	15m	4	24	-0.423	-10.2	7	-0.298	17	-0.475	309	-0.229	24	-0.423	0	0.000
sttrend-tp-lock-added/family5	15m	2	12	-0.728	-8.7	3	-0.459	9	-0.818	66	-0.320	12	-0.728	0	0.000
9-ema-20-ema-retest-strategy/family5	15m	4	1	-1.000	-1.0	0	0.000	1	-1.000	88	-0.158	1	-1.000	0	0.000
clean-vwap-zl-scalper-single-trigger-by-david/family5	15m	2	63	-0.145	-9.1	32	-0.153	31	-0.137	230	-0.241	56	-0.131	7	-0.256
clean-vwap-zl-scalper-single-trigger-by-sandip/family5	15m	2	63	-0.145	-9.1	32	-0.153	31	-0.137	230	-0.241	56	-0.131	7	-0.256
spike-ea-trade-strategy/family5	15m	4	33	-0.257	-8.5	8	-0.554	25	-0.162	342	-0.122	33	-0.257	0	0.000
good-luck/family5	15m	2	18	0.172	3.1	8	0.192	10	0.156	68	-0.030	14	0.199	4	0.076
nasdaq-oro-bruto-24h-mejorada/family5	15m	1	40	-0.181	-7.2	16	-0.212	24	-0.160	127	-0.115	40	-0.181	0	0.000
nasdaq-nq-24h-mejorada/family5	15m	1	40	-0.181	-7.2	16	-0.212	24	-0.160	127	-0.115	40	-0.181	0	0.000
concordance-execution-model/family5	15m	1	46	-0.217	-10.0	17	-0.203	29	-0.226	122	-0.223	46	-0.217	0	0.000
zr-grizzly/family5	15m	4	48	-0.434	-20.8	14	-0.518	34	-0.400	142	-0.239	48	-0.434	0	0.000
caldera-meridian-strategy/family5	15m	1	43	-0.024	-1.0	15	-0.262	28	0.103	77	-0.066	38	-0.056	5	0.217
frosty-alerts/family5	15m	2	209	-0.069	-14.4	95	-0.076	114	-0.064	1717	-0.116	171	-0.071	38	-0.061
enso-usdt-12h-trend-pullback-sniper/family5	15m	2	11	0.149	1.6	5	-0.489	6	0.680	59	-0.009	10	0.135	1	0.288
sebbiottino-trailing-stop-so-good-ger40-1m/family5	15m	4	18	-0.063	-1.1	6	-0.155	12	-0.017	242	-0.189	18	-0.063	0	0.000
tradingview-bot-trailing-15-min/family5	15m	2	7	-0.085	-0.6	0	0.000	7	-0.085	34	-0.189	7	-0.085	0	0.000
ut-bot-shah-200-50-ema/family5	15m	1	17	-0.099	-1.7	7	-0.203	10	-0.027	41	-0.393	17	-0.099	0	0.000
tradingview-bot-goat/family5	15m	2	7	-0.085	-0.6	0	0.000	7	-0.085	34	-0.189	7	-0.085	0	0.000
my-strategy-9/family5	15m	2	25	-0.381	-9.5	10	-0.315	15	-0.425	132	-0.243	25	-0.381	0	0.000
regime-execution-strategy/family5	15m	1	23	0.331	7.6	7	0.190	16	0.392	83	-0.029	20	0.320	3	0.399
gold-ai-strategy-v2-0/family5	15m	1	17	-0.133	-2.3	8	-0.038	9	-0.218	49	-0.209	15	-0.102	2	-0.367
nas100-sp500-turtle-soup-ny-v4-fixed/family5	15m	1	13	-0.671	-8.7	7	-1.000	6	-0.288	20	-0.722	6	-0.570	7	-0.758
zeta9-v6/family5	15m	4	32	-0.341	-10.9	10	0.028	22	-0.508	311	-0.169	32	-0.341	0	0.000
btc-averages-strategy-long-short/family5	15m	2	17	0.060	1.0	7	0.400	10	-0.178	72	-0.189	17	0.060	0	0.000
20-200-sma-strategy/family5	15m	3	113	-0.104	-11.8	38	-0.276	75	-0.018	345	-0.141	95	-0.059	18	-0.347
liquidity-entry-zones-strategy-2-0/family5	15m	4	38	-0.055	-2.1	14	-0.013	24	-0.079	253	-0.159	38	-0.055	0	0.000
ultimate-smc-emas-day-trading-strategy/family5	15m	2	9	0.124	1.1	3	-0.322	6	0.347	38	-0.219	9	0.124	0	0.000
concordance-allocation-strategy/family5	15m	1	23	-0.097	-2.2	7	-0.067	16	-0.111	98	-0.183	22	-0.145	1	0.962
amit-eth-strategy/family5	15m	1	47	-0.067	-3.2	16	0.109	31	-0.158	119	-0.109	43	-0.092	4	0.198
amit-eth-strategy-tv-strategies/family5	15m	1	47	-0.067	-3.2	16	0.109	31	-0.158	119	-0.109	43	-0.092	4	0.198
moja-strategia-harami-bb/family5	15m	4	35	-0.065	-2.3	16	0.165	19	-0.259	127	-0.083	35	-0.065	0	0.000
moja-strategia-harami-bb-tv-strategies/family5	15m	4	35	-0.065	-2.3	16	0.165	19	-0.259	127	-0.083	35	-0.065	0	0.000
silverstream-v2/family5	15m	2	30	0.019	0.6	13	-0.003	17	0.036	139	-0.162	29	-0.006	1	0.755
mgc-wyckoff-second-breakout-v3-candle-rr/family5	15m	1	60	-0.256	-15.3	24	-0.095	36	-0.363	171	-0.277	54	-0.272	6	-0.108
5m-sol-scalper-ha-lorentzian/family5	15m	2	22	0.129	2.8	12	0.576	10	-0.407	95	-0.179	21	0.122	1	0.282
asian-box-breakout-strategy/family5	15m	1	8	-0.484	-3.9	3	-0.978	5	-0.187	28	-0.333	7	-0.410	1	-1.000
bollinger-bands-rsi-live-radar-strategy/family5	15m	1	42	0.014	0.6	25	-0.020	17	0.065	54	0.102	39	0.028	3	-0.173
concord-execution-mandate/family5	15m	4	32	-0.273	-8.7	8	-0.547	24	-0.182	312	-0.228	32	-0.273	0	0.000
super-rsi-strategy/family5	15m	2	63	0.010	0.6	23	0.108	40	-0.047	339	-0.114	59	0.018	4	-0.111
super-rsi-strategy-tv-strategies-nng1sppd/family5	15m	2	63	0.010	0.6	23	0.108	40	-0.047	339	-0.114	59	0.018	4	-0.111
super-rsi-strategy-tv-strategies/family5	15m	2	63	0.010	0.6	23	0.108	40	-0.047	339	-0.114	59	0.018	4	-0.111
box-breakout-strategy-dt4b-trader/family5	15m	1	48	-0.175	-8.4	18	-0.064	30	-0.242	166	-0.202	47	-0.224	1	2.127
sma-strategy/family5	15m	1	166	0.027	4.4	83	0.104	83	-0.051	456	-0.200	124	0.040	42	-0.013
3commas-pullback-sniper-strategy/family5	15m	2	24	-0.370	-8.9	10	-0.727	14	-0.115	32	-0.263	21	-0.349	3	-0.522
big-daddy-max-orb-strategy/family5	15m	1	17	-0.370	-6.3	6	-0.688	11	-0.196	45	-0.206	16	-0.330	1	-1.000
ttm-momentum-histo-9-ema-21-ema-debit-spread-script/family5	15m	4	8	-0.243	-1.9	2	0.752	6	-0.574	148	-0.246	8	-0.243	0	0.000
beginner-trend-risk-model-ema-rsi/family5	15m	1	85	-0.156	-13.3	41	-0.096	44	-0.212	216	-0.258	46	-0.099	39	-0.223
rr-master-lc/family5	15m	2	2	0.652	1.3	1	1.045	1	0.260	17	-0.289	2	0.652	0	0.000
ai-triple-confirmation-strategy/family5	15m	1	33	-0.159	-5.2	11	0.162	22	-0.319	92	-0.229	33	-0.159	0	0.000
parallax-covenant-strategy/family5	15m	4	10	-0.439	-4.4	1	-1.000	9	-0.377	202	-0.267	10	-0.439	0	0.000
ema-dmi-macd-rsi-strategy/family5	15m	1	15	-0.064	-1.0	5	-0.995	10	0.401	74	-0.044	15	-0.064	0	0.000
albtrader-nq-beast-supertrend-macd-rsi/family5	15m	1	28	-0.078	-2.2	8	-0.330	20	0.023	76	-0.147	27	-0.044	1	-1.000
simple-smart-buy-sell-strategy/family5	15m	4	5	0.001	0.0	0	0.000	5	0.001	222	-0.166	5	0.001	0	0.000
options-momentum-bias-strategy-v2/family5	15m	1	19	-0.384	-7.3	4	-1.000	15	-0.220	65	-0.175	19	-0.384	0	0.000
strategy-461-ts-m15/family5	15m	4	17	-0.435	-7.4	2	0.329	15	-0.537	142	-0.118	17	-0.435	0	0.000
take-liquidity-multi-time-frame-tradesystem/family5	15m	1	6	-0.364	-2.2	3	-0.563	3	-0.165	19	-0.241	6	-0.364	0	0.000
lvn-rejection-acceptance-strategy/family5	15m	1	73	-0.048	-3.5	35	0.165	38	-0.244	203	-0.107	67	-0.111	6	0.655
autotrade-bot-v12/family5	15m	2	33	-0.045	-1.5	14	0.222	19	-0.242	59	-0.123	33	-0.045	0	0.000
adaptive-s-r-reversal-rsi-divergence-dca-be-stop-5m/family5	15m	3	15	0.208	3.1	8	0.131	7	0.296	52	-0.212	15	0.208	0	0.000
albtrader-nq-btc-gold-multi-tf-signal-bot-v2/family5	15m	2	12	0.251	3.0	5	0.876	7	-0.195	59	-0.109	12	0.251	0	0.000
nq-scalp-fix-signals/family5	15m	1	27	0.371	10.0	9	0.563	18	0.274	90	-0.085	27	0.371	0	0.000
ema-crossx/family5	15m	3	25	-0.112	-2.8	10	0.334	15	-0.410	57	-0.082	25	-0.112	0	0.000
scalping-reversal-strategy/family5	15m	2	35	-0.155	-5.4	18	-0.249	17	-0.057	78	-0.057	29	-0.025	6	-0.788
strategy-432-btc-donchian-breakout-continuation/family5	15m	1	32	0.040	1.3	13	0.192	19	-0.065	52	0.022	32	0.040	0	0.000
strategy-250-xauusd-composite-quality-score/family5	15m	2	14	0.141	2.0	4	0.462	10	0.013	43	-0.152	13	0.095	1	0.748
scalping-entry-exit-indicator-by-diget/family5	15m	2	136	-0.118	-16.1	62	-0.080	74	-0.150	682	-0.146	119	-0.087	17	-0.339
scalping-ichimoku/family5	15m	1	16	-0.303	-4.9	6	0.077	10	-0.531	54	-0.175	13	-0.242	3	-0.568
scalper-s-moving-average-dyna/family5	15m	2	19	-0.095	-1.8	4	0.006	15	-0.122	134	-0.095	19	-0.095	0	0.000
thrax-quickstrike-5-mins-scalping/family5	15m	1	32	-0.265	-8.5	19	-0.377	13	-0.101	72	-0.154	24	-0.266	8	-0.262
parabolic-sar-heikin-ashi-mtf-candle-scalper/family5	15m	2	31	-0.031	-1.0	12	-0.155	19	0.047	242	-0.126	29	-0.072	2	0.554
scalpers-macd-vwap-filter/family5	15m	2	25	0.273	6.8	12	0.665	13	-0.089	115	-0.086	24	0.239	1	1.091
oink-test/family5	15m	1	9	-0.724	-6.5	2	-1.000	7	-0.645	27	-0.404	7	-0.645	2	-1.000
swing-reversal-auto-targets-jpt-module-1/family5	15m	1	45	-0.054	-2.5	16	0.078	29	-0.128	148	-0.045	45	-0.054	0	0.000
swing-failure-pattern-sfp-engine-agpro-series/family5	15m	1	28	-0.020	-0.6	12	0.651	16	-0.523	45	0.036	23	-0.194	5	0.778
swing-gradient-tpos-boswaves/family5	15m	1	54	-0.091	-4.9	27	0.011	27	-0.193	105	-0.127	46	-0.087	8	-0.112
contrarian-scalping-counter-trend-bb-envelope-adx-and-stochastic/family5	15m	3	254	-0.099	-25.2	113	-0.110	141	-0.091	2391	-0.085	208	-0.092	46	-0.134
ms-hypersupertrend/family5	15m	1	19	-0.166	-3.2	4	0.930	15	-0.458	41	0.053	19	-0.166	0	0.000
fast-v-slow-moving-averages-strategy-variable-divonn1994/family5	15m	1	17	0.190	3.2	11	0.070	6	0.411	58	-0.148	0	0.000	17	0.190
god-of-scalping-btc/family5	15m	2	35	-0.226	-7.9	12	-0.469	23	-0.098	152	-0.157	32	-0.196	3	-0.540
clean-multi-indicator-alignment-system/family5	15m	2	24	-0.191	-4.6	9	0.061	15	-0.342	139	-0.305	24	-0.191	0	0.000
market-direction-strength-mds/family5	15m	1	44	-0.154	-6.8	16	-0.118	28	-0.175	182	-0.150	43	-0.164	1	0.282
concordance-strategy/family5	15m	2	5	-0.446	-2.2	0	0.000	5	-0.446	25	-0.098	5	-0.446	0	0.000
consensus/family7	15m	4	71	-0.209	-14.8	37	-0.103	34	-0.324			65	-0.215	6	-0.149
consensus/family7	15m	5	68	-0.265	-18.0	33	-0.232	35	-0.296			63	-0.267	5	-0.235
consensus/family7	15m	6	33	0.298	9.8	14	0.241	19	0.340			33	0.298	0	0.000
consensus/family7	15m	7	31	0.156	4.8	13	0.236	18	0.098			31	0.156	0	0.000
abcd-harmonic-projection/family7	15m	1	20	-0.106	-2.1	11	0.145	9	-0.412	40	-0.400	17	-0.024	3	-0.570
pulse-trend-radar/family7	15m	2	10	-0.395	-4.0	5	-0.473	5	-0.318	37	-0.223	8	-0.610	2	0.466
kinetic-momentum-vectors/family7	15m	2	7	-0.362	-2.5	5	-0.731	2	0.560	30	-0.162	7	-0.362	0	0.000
stealthtrail-supertrend/family7	15m	4	7	-0.326	-2.3	2	0.702	5	-0.738	82	-0.256	7	-0.326	0	0.000
dynamic-trend-bands-anchored-vwap-signals/family7	15m	2	32	0.111	3.5	14	0.618	18	-0.284	56	-0.068	32	0.111	0	0.000
swing-volume-profile-pro/family7	15m	1	37	-0.196	-7.2	20	-0.362	17	-0.000	85	-0.359	32	-0.173	5	-0.344
pivot-channel-breaks/family7	15m	1	32	-0.093	-3.0	14	-0.090	18	-0.095	45	-0.034	32	-0.093	0	0.000
triangular-hull-moving-average-volatility/family7	15m	2	27	-0.448	-12.1	12	-0.100	15	-0.726	57	-0.126	27	-0.448	0	0.000
elliott-wave/family7	15m	2	7	0.342	2.4	2	-0.341	5	0.615	41	-0.192	7	0.342	0	0.000
smart-money-breakout-signals/family7	15m	1	12	-0.368	-4.4	5	-0.102	7	-0.558	35	-0.093	12	-0.368	0	0.000
high-volume-breakout-targets/family7	15m	1	8	-0.609	-4.9	5	-0.374	3	-1.000	23	-0.482	6	-0.479	2	-1.000
stealthtrail-supertrend-ml-pro/family7	15m	2	21	-0.341	-7.2	6	0.131	15	-0.530	79	-0.186	21	-0.341	0	0.000
session-killzones-breakouts/family7	15m	2	17	-0.021	-0.4	8	0.292	9	-0.299	71	-0.031	17	-0.021	0	0.000
smart-swing-vwap-zeiierman/family7	15m	1	35	-0.107	-3.8	12	0.055	23	-0.192	60	-0.045	27	-0.062	8	-0.259
supertrend-cluster-zeiierman/family7	15m	1	11	-0.243	-2.7	6	-0.318	5	-0.154	39	-0.004	11	-0.243	0	0.000
bollinger-bands-forecast-with-signals-zeiierman/family7	15m	4	16	0.151	2.4	6	0.336	10	0.039	45	0.198	16	0.151	0	0.000
market-memory-average-zeiierman/family7	15m	2	17	-0.520	-8.8	5	-0.742	12	-0.427	62	-0.147	16	-0.526	1	-0.427
ai-predictive-flow-zeiierman/family7	15m	6	14	0.054	0.8	4	-0.514	10	0.282	258	-0.103	14	0.054	0	0.000
volume-supertrend-ai-expo/family7	15m	1	8	-0.091	-0.7	3	-0.017	5	-0.136	37	-0.163	7	-0.141	1	0.259
momentum-sequence-strategy/family7	15m	2	12	0.679	8.1	7	0.342	5	1.151	24	0.209	12	0.679	0	0.000
trend-survival-matrix/family7	15m	2	12	0.017	0.2	4	-0.262	8	0.157	46	-0.237	11	-0.007	1	0.286
smart-flow-imbalance/family7	15m	2	20	-0.119	-2.4	10	0.035	10	-0.273	76	-0.168	20	-0.119	0	0.000
anchored-value-distribution-oscillator-zeiierman/family7	15m	4	69	-0.100	-6.9	18	0.247	51	-0.223	558	-0.165	67	-0.119	2	0.519
ema-trend-pro/family7	15m	2	11	-0.007	-0.1	3	-0.444	8	0.157	25	-0.003	11	-0.007	0	0.000
macd-matrix/family7	15m	1	21	0.053	1.1	11	0.023	10	0.087	36	0.131	21	0.053	0	0.000
ema-trend-signals/family7	15m	2	12	0.017	0.2	4	-0.262	8	0.157	46	-0.237	11	-0.007	1	0.286
trend-pullback-guard/family7	15m	2	48	0.063	3.0	15	0.122	33	0.036	141	0.038	47	0.085	1	-1.000
rsi-market-regime/family7	15m	4	13	-0.014	-0.2	4	0.156	9	-0.090	124	-0.028	12	-0.039	1	0.282
adaptive-atr-extension-scanner/family7	15m	2	51	-0.272	-13.9	14	0.227	37	-0.460	102	-0.009	51	-0.272	0	0.000
sams-early-morning-range-lines/family7	15m	1	19	-0.278	-5.3	12	-0.536	7	0.163	47	-0.219	19	-0.278	0	0.000
btc-ema-5-9-flip-strategy-autobot/family7	15m	1	13	-0.002	-0.0	7	0.497	6	-0.586	19	-0.072	13	-0.002	0	0.000
swing-multi-moving-averages-crypto-and-stocks-strategy/family7	15m	5	127	-0.123	-15.6	46	-0.114	81	-0.127	294	-0.075	127	-0.123	0	0.000
machine-learning-rsi-ai-classification-ranking-zeiierman/family7	15m	3	12	-0.115	-1.4	2	1.577	10	-0.453	65	-0.229	12	-0.115	0	0.000
weekend-hunter-ultimate-v6-2/family7	15m	5	4	-0.482	-1.9	3	-0.309	1	-1.000	40	-0.123	4	-0.482	0	0.000
williams-r-zone-scalper-v1-0-bullbyte/family7	15m	3	25	0.157	3.9	13	0.536	12	-0.254	80	-0.083	24	0.132	1	0.755
smart-grid-scalping-pullback-strategy-bullbyte/family7	15m	1	15	0.193	2.9	8	0.190	7	0.196	37	-0.166	8	0.425	7	-0.073
macd-pullback-sniper-trend-adx-filtered-strategy/family7	15m	2	10	-0.061	-0.6	6	0.565	4	-1.000	20	-0.279	10	-0.061	0	0.000
ema-pullback-trend-continuation-strategy-with-volume-and-momentu/family7	15m	2	21	-0.232	-4.9	7	-0.293	14	-0.201	49	-0.120	19	-0.319	2	0.602
golden-trident-swing-anchored-vwap-trend-system/family7	15m	1	13	-0.535	-7.0	4	-1.000	9	-0.328	26	-0.309	13	-0.535	0	0.000
pro-scalper-ai-bullbyte/family7	15m	2	74	0.152	11.2	37	0.197	37	0.106	368	-0.168	37	0.320	37	-0.017
execution-aware-trend/family7	15m	4	9	-0.330	-3.0	4	-0.469	5	-0.219	53	-0.407	9	-0.330	0	0.000
coil-breaker-rsi-range-compression/family7	15m	1	11	0.253	2.8	7	-0.009	4	0.713	40	0.138	9	0.092	2	0.981
channel-reversion-system/family7	15m	4	18	-0.276	-5.0	4	-0.668	14	-0.164	23	-0.318	18	-0.276	0	0.000
slope-ma-cross-acc-range-filter/family7	15m	2	17	0.611	10.4	9	1.026	8	0.144	81	0.003	16	0.632	1	0.281
trendshift-supertrend-adx-regime-adaptive-strategy/family7	15m	1	19	0.147	2.8	13	-0.120	6	0.726	45	-0.143	17	0.140	2	0.208
dnse-vn301-sma-34-89-dual-slope-strategy/family7	15m	4	7	0.060	0.4	2	-0.071	5	0.113	45	-0.261	7	0.060	0	0.000
stacklight-mtf-mtf-momentum-stack-stochastic-confluence/family7	15m	4	3	0.438	1.3	0	0.000	3	0.438	58	0.050	3	0.438	0	0.000
fair-value-gap-strategy-with-break-of-structure-confirmation/family7	15m	4	22	0.251	5.5	8	0.230	14	0.264	162	-0.112	21	0.250	1	0.282
bist30-to-sp-500-atr-momentum-rider/family7	15m	4	38	-0.158	-6.0	17	0.091	21	-0.360	85	-0.107	38	-0.158	0	0.000
elite-hybrid-orb/family7	15m	3	1	-0.928	-0.9	0	0.000	1	-0.928	8	0.506	1	-0.928	0	0.000
tradleware-dca/family7	15m	3	36	0.004	0.1	19	0.141	17	-0.150	66	-0.060	36	0.004	0	0.000
ultimate-prop-firm/family7	15m	1	5	0.137	0.7	2	0.554	3	-0.141	23	-0.301	3	-0.141	2	0.554
cloud-pro-ichimoku-confluence/family7	15m	4	19	-0.086	-1.6	5	0.128	14	-0.162	107	-0.025	18	-0.035	1	-1.000
pg-mcx-silver-long-v6-mtf-momentum-profit-trailing/family7	15m	2	82	-0.067	-5.5	34	0.119	48	-0.198	158	-0.096	82	-0.067	0	0.000
dnse-vn301-bollinger-bands-break-out-strategy/family7	15m	1	10	-0.347	-3.5	5	0.040	5	-0.734	25	-0.300	10	-0.347	0	0.000
nnfx-btc-ssl-qqe-signalforge/family7	15m	4	44	-0.152	-6.7	19	-0.184	25	-0.128	233	-0.219	43	-0.133	1	-1.000
hyperliquid-ready-webhook-strategy-template/family7	15m	2	13	-0.061	-0.8	4	-0.262	9	0.028	49	-0.247	12	-0.090	1	0.286
ema-25-68-bist30-futures/family7	15m	1	10	-0.456	-4.6	4	-1.000	6	-0.093	37	-0.305	10	-0.456	0	0.000
trend-efficiency-framework/family7	15m	1	16	0.205	3.3	8	-0.082	8	0.492	33	0.046	16	0.205	0	0.000
webhook-alert-strategy-template/family7	15m	2	10	0.242	2.4	3	-0.043	7	0.363	47	-0.100	10	0.242	0	0.000
vwap-mean-reversion-strategy-with-session-and-volume-filter/family7	15m	1	24	-0.188	-4.5	14	-0.197	10	-0.175	49	-0.296	16	-0.179	8	-0.206
fractal-memory-strategy/family7	15m	1	4	-0.672	-2.7	3	-0.563	1	-1.000	17	-0.265	4	-0.672	0	0.000
adaptive-atr-scalper-instant-lock-version/family7	15m	1	22	-0.359	-7.9	7	-0.020	15	-0.517	48	-0.185	20	-0.378	2	-0.169
btc-trend-momentum-strategy/family7	15m	4	4	0.337	1.3	3	0.783	1	-1.000	49	-0.010	3	0.356	1	0.282
tp-sl-toolkit/family7	15m	4	22	-0.122	-2.7	11	0.026	11	-0.269	136	-0.166	22	-0.122	0	0.000
orb-pro-session-breakout-scalper/family7	15m	3	40	-0.373	-14.9	16	-0.353	24	-0.387	113	-0.152	39	-0.359	1	-0.935
donchian-breakout-with-atr-trailing-stop-trend-following/family7	15m	2	32	0.074	2.4	15	0.099	17	0.052	79	0.093	32	0.074	0	0.000
ineficient-market/family7	15m	1	5	-0.263	-1.3	3	-0.566	2	0.193	12	-0.385	4	-0.078	1	-1.000
super-trend-signal-engine-quantum-edge/family7	15m	2	17	-0.603	-10.2	6	-0.148	11	-0.851	66	-0.320	17	-0.603	0	0.000
dual-bollinger-band-cross-strategy-v6/family7	15m	4	41	-0.110	-4.5	11	0.183	30	-0.217	122	-0.080	41	-0.110	0	0.000
optimized-doji-breakout-strategy-short-only-v6/family7	15m	1	21	-0.083	-1.8	11	-0.089	10	-0.077	105	-0.217	0	0.000	21	-0.083
atr-trailing-stop-strategy-with-ema-trend-filter/family7	15m	1	9	-0.502	-4.5	5	-0.432	4	-0.589	26	-0.020	9	-0.502	0	0.000
smoothed-heiken-ashi-strategy-v1/family7	15m	1	20	0.062	1.2	10	0.387	10	-0.264	76	-0.143	20	0.062	0	0.000
xau-clear-ema-atr-strategy-tp-sl-voice-v6-clean-tp/family7	15m	2	51	-0.068	-3.4	22	0.051	29	-0.157	127	-0.098	44	-0.114	7	0.227
xau-clear-ema-atr-strategy-tp-sl-voice-v6/family7	15m	2	51	-0.068	-3.4	22	0.051	29	-0.157	127	-0.098	44	-0.114	7	0.227
smc-clean-4h-zones-center-labels-hh-hl-ll-lh/family7	15m	3	137	-0.313	-42.8	61	-0.382	76	-0.257	1116	-0.140	118	-0.334	19	-0.181
bps-v17-strong-trend-filter/family7	15m	2	33	0.103	3.4	15	0.263	18	-0.030	53	0.112	33	0.103	0	0.000
apex-fusion-ai-smart-trend-engine/family7	15m	2	44	-0.131	-5.8	19	-0.264	25	-0.030	158	-0.101	43	-0.140	1	0.233
bps-v17-strong-trend-filter-tv-strategies/family7	15m	2	33	0.103	3.4	15	0.263	18	-0.030	53	0.112	33	0.103	0	0.000
vwap-points-percent-ticks-strategy/family7	15m	6	8	0.180	1.4	2	-0.115	6	0.278	222	-0.246	8	0.180	0	0.000
btc-8am-pattern-breakout-instant-entry/family7	15m	4	12	0.094	1.1	6	0.715	6	-0.526	114	-0.295	12	0.094	0	0.000
vwap-stdev-bands-reversal-strategy/family7	15m	5	38	-0.248	-9.4	11	-0.042	27	-0.332	134	-0.174	38	-0.248	0	0.000
bollinger-squeeze-breakout-volume/family7	15m	4	10	-0.260	-2.6	1	0.770	9	-0.374	87	-0.251	10	-0.260	0	0.000
reverse-bb-kc/family7	15m	4	18	0.266	4.8	6	0.801	12	-0.002	68	-0.175	18	0.266	0	0.000
blueprint-vol/family7	15m	1	6	0.367	2.2	6	0.367	0	0.000	12	-0.169	4	-0.347	2	1.797
l-l-htf-trend-cloud-strategy-joe-freedom/family7	15m	1	5	-0.762	-3.8	2	-1.000	3	-0.603	14	-0.442	5	-0.762	0	0.000
mcginley-t3-flow-campaign-nick789-v-1/family7	15m	4	11	-0.371	-4.1	5	-0.120	6	-0.579	45	-0.245	11	-0.371	0	0.000
arbf-strategy-v1-8/family7	15m	1	8	-0.429	-3.4	4	-0.558	4	-0.301	25	-0.397	8	-0.429	0	0.000
initial-balance-bo-strategy/family7	15m	4	13	-0.394	-5.1	7	-0.637	6	-0.109	60	-0.366	13	-0.394	0	0.000
tomukas-daily-scale-in/family7	15m	6	1	2.568	2.6	1	2.568	0	0.000	48	-0.036	1	2.568	0	0.000
trend-persistence-analysis-framework/family7	15m	2	74	0.014	1.1	29	0.051	45	-0.009	208	-0.095	69	0.002	5	0.183
10-tech-indexes-score-system/family7	15m	2	6	0.039	0.2	3	-0.608	3	0.686	34	0.012	6	0.039	0	0.000
ewo-rsi-advanced-signals-strategy-exhaustion-filter/family7	15m	4	35	-0.325	-11.4	13	-0.367	22	-0.301	130	-0.295	33	-0.286	2	-0.975
hemant-gold-strategy/family7	15m	4	22	-0.094	-2.1	12	-0.044	10	-0.154	81	-0.144	22	-0.094	0	0.000
scam-or-slam-day-trading-rauf-strategy/family7	15m	1	19	-0.217	-4.1	9	-0.171	10	-0.259	29	-0.487	14	0.062	5	-1.000
bb-kc-squeeze-breakout/family7	15m	4	7	0.225	1.6	1	-1.000	6	0.429	62	-0.215	7	0.225	0	0.000
high-activity-penny-stock-strategy-v6/family7	15m	4	13	-0.059	-0.8	6	-0.123	7	-0.005	77	-0.209	13	-0.059	0	0.000
kaufman-moving-average-adaptive-strategy-by-mkb/family7	15m	4	24	-0.178	-4.3	11	-0.263	13	-0.106	82	-0.196	24	-0.178	0	0.000
ac20-55emagdcrosstest/family7	15m	2	10	-0.006	-0.1	4	0.029	6	-0.029	45	-0.152	9	-0.039	1	0.286
bollinger-bands-simple-strategy/family7	15m	4	49	-0.054	-2.7	19	-0.081	30	-0.037	185	-0.085	46	-0.020	3	-0.582
ai-slop-holy-grail-trap-btc-1h-non-repainting-overfit/family7	15m	2	20	-0.030	-0.6	8	-0.158	12	0.056	37	-0.147	17	0.034	3	-0.391
adaptive-dual-engine-strategy-momentum-mean-reversion/family7	15m	5	29	0.183	5.3	8	0.406	21	0.098	351	-0.131	29	0.183	0	0.000
estrategia-dpo-artedejubilarte/family7	15m	4	17	-0.501	-8.5	8	-0.327	9	-0.656	114	-0.298	17	-0.501	0	0.000
nasrul-fib-sr-m5/family7	15m	1	55	-0.042	-2.3	29	0.137	26	-0.241	122	-0.096	49	0.015	6	-0.502
multi-timeframe-trend-alignment-framework/family7	15m	2	10	0.242	2.4	3	-0.043	7	0.363	22	0.209	10	0.242	0	0.000
9-21ema-anji/family7	15m	2	7	0.136	1.0	5	0.212	2	-0.053	25	-0.145	7	0.136	0	0.000
volatility-surge-strategy/family7	15m	4	22	-0.345	-7.6	8	-0.368	14	-0.332	51	0.130	22	-0.345	0	0.000
master-structural-engine/family7	15m	2	8	-0.237	-1.9	3	0.191	5	-0.494	34	-0.443	8	-0.237	0	0.000
yuri-garcia-narrow-state-strategy-ygils/family7	15m	2	13	-0.394	-5.1	3	0.121	10	-0.548	45	-0.429	12	-0.447	1	0.248
supertrend-bb-strategy/family7	15m	2	19	-0.626	-11.9	7	-0.256	12	-0.843	64	-0.294	19	-0.626	0	0.000
trend-pivot-scale-in/family7	15m	2	8	0.636	5.1	4	1.931	4	-0.659	30	0.004	8	0.636	0	0.000
engulfing-mitigation-strategy/family7	15m	2	94	-0.150	-14.1	34	0.073	60	-0.276	347	-0.201	86	-0.146	8	-0.189
vumanchu-wt-zero-cross-strategy-v1-2-2/family7	15m	4	23	-0.275	-6.3	10	0.082	13	-0.549	155	-0.224	23	-0.275	0	0.000
vumanchu-wt-zero-cross-strategy-v1-2-3/family7	15m	4	19	-0.409	-7.8	9	-0.065	10	-0.718	113	-0.225	19	-0.409	0	0.000
bb-macd-v6-1-5-qing-smart-distribution/family7	15m	2	55	-0.317	-17.4	25	-0.118	30	-0.483	85	-0.264	55	-0.317	0	0.000
vishall-ema-9-20-50-200-dmi-adx-strategy/family7	15m	4	11	-0.222	-2.4	3	-0.350	8	-0.174	61	0.127	11	-0.222	0	0.000
vumanchu-wt-zero-cross-v1-1b/family7	15m	4	23	-0.275	-6.3	10	0.082	13	-0.549	155	-0.224	23	-0.275	0	0.000
velocity-breakout-strategy-vbs/family7	15m	2	16	-0.143	-2.3	8	-0.362	8	0.076	73	-0.139	15	-0.086	1	-1.000
nifty-supertrend-ce-strategy-alice-blue/family7	15m	2	20	-0.645	-12.9	7	-0.256	13	-0.855	67	-0.324	20	-0.645	0	0.000
ultimate-pattern-engine-ema-stochastic-by-rony/family7	15m	2	150	-0.030	-4.5	67	0.055	83	-0.099	489	-0.094	137	-0.027	13	-0.060
fair-value-gap-continuation-framework/family7	15m	4	28	0.111	3.1	10	-0.065	18	0.209	234	-0.124	27	0.105	1	0.282
surgical-sweep-original-restored/family7	15m	4	12	0.465	5.6	7	0.534	5	0.368	51	-0.205	12	0.465	0	0.000
qqe-channel-strategy/family7	15m	4	25	-0.235	-5.9	10	0.258	15	-0.564	163	-0.286	25	-0.235	0	0.000
orb-fib-breakout-signals-strategy/family7	15m	2	18	-0.225	-4.0	8	-0.283	10	-0.178	49	-0.151	18	-0.225	0	0.000
ut-bot-v2-atr-trailing-stop/family7	15m	4	82	-0.251	-20.6	31	-0.150	51	-0.312	473	-0.256	80	-0.248	2	-0.359
sma-4-sma-30/family7	15m	4	27	-0.052	-1.4	12	0.137	15	-0.203	196	-0.270	27	-0.052	0	0.000
egan-s-pure-structure-s-d-strategy-backtest/family7	15m	5	40	-0.073	-2.9	15	-0.241	25	0.027	241	-0.094	40	-0.073	0	0.000
dca-grid-15-orders-1-1-step-1-8-tp/family7	15m	1	79	0.147	11.6	43	0.299	36	-0.033	98	0.102	79	0.147	0	0.000
institutional-ob-entry-exit-sl-strategy/family7	15m	2	19	-0.345	-6.5	6	-0.235	13	-0.395	55	-0.410	18	-0.308	1	-1.000
supertrend-strategy/family7	15m	2	20	-0.645	-12.9	7	-0.256	13	-0.855	71	-0.324	20	-0.645	0	0.000
smart-trend-strategy-julzalgo/family7	15m	2	22	-0.226	-5.0	9	0.139	13	-0.479	86	-0.203	22	-0.226	0	0.000
alphamojo-supertrend-strategy-ha-with-buffer/family7	15m	1	5	-0.677	-3.4	1	0.614	4	-1.000	31	-0.246	5	-0.677	0	0.000
macd-crossover-strategy/family7	15m	5	51	-0.225	-11.5	20	0.027	31	-0.388	280	-0.254	51	-0.225	0	0.000
expma-analysis/family7	15m	2	11	-0.569	-6.3	3	0.176	8	-0.848	36	-0.390	11	-0.569	0	0.000
tjr-v4-strategy/family7	15m	4	19	-0.051	-1.0	5	-0.575	14	0.137	146	-0.229	19	-0.051	0	0.000
scalping-london-new-york-strategy/family7	15m	3	62	0.051	3.2	23	-0.065	39	0.119	222	-0.036	60	0.047	2	0.183
serhan1-wma-rsi-trailing-scalp-date-filter/family7	15m	2	28	0.052	1.5	12	0.771	16	-0.486	92	-0.216	28	0.052	0	0.000
market-breadth-trend-strategy/family7	15m	2	87	-0.046	-4.0	32	0.027	55	-0.089	213	-0.099	82	-0.019	5	-0.493
serhan-1-wma-adx-trailing-date-filter/family7	15m	2	7	-0.205	-1.4	3	-0.423	4	-0.041	23	0.169	7	-0.205	0	0.000
15m-nifty-multi-day-swing-target-engine-v1-0/family7	15m	2	25	-0.266	-6.7	8	0.144	17	-0.460	77	-0.295	22	-0.486	3	1.345
twe-2-bar-break-strategy/family7	15m	2	126	-0.056	-7.1	57	0.113	69	-0.196	431	-0.163	115	-0.058	11	-0.039
manoj-betrayed-me/family7	15m	2	37	-0.137	-5.1	12	-0.171	25	-0.121	143	-0.143	36	-0.160	1	0.683
double-tap/family7	15m	2	16	-0.255	-4.1	9	-0.017	7	-0.560	57	-0.219	16	-0.255	0	0.000
btcusd-4h-ema-swing-strategy/family7	15m	4	8	-0.366	-2.9	2	-0.347	6	-0.372	52	-0.302	8	-0.366	0	0.000
session-king-alma-with-session-filter/family7	15m	1	27	-0.339	-9.2	13	-0.493	14	-0.197	62	-0.333	24	-0.312	3	-0.554
simple-breakout-strategy-santana/family7	15m	4	13	-0.274	-3.6	4	-0.124	9	-0.341	132	-0.243	13	-0.274	0	0.000
ahlenaz/family7	15m	2	25	0.022	0.6	13	-0.061	12	0.112	80	-0.088	25	0.022	0	0.000
ema-40-pullback-pyramid-strategy/family7	15m	6	13	-0.305	-4.0	5	-0.397	8	-0.247	302	-0.140	13	-0.305	0	0.000
ll-momentum-and-curl-master/family7	15m	2	20	0.194	3.9	9	-0.178	11	0.498	86	0.063	20	0.194	0	0.000
fair-value-gap-strategy/family7	15m	3	115	-0.345	-39.6	46	-0.290	69	-0.381	402	-0.247	106	-0.330	9	-0.514
new-era-strategy-1-0/family7	15m	1	11	-0.475	-5.2	11	-0.475	0	0.000	16	-0.402	5	-0.123	6	-0.769
nse-elite-strategy-v6-full-system/family7	15m	1	19	0.108	2.0	11	0.212	8	-0.035	39	-0.011	18	0.060	1	0.973
the-greatest-bot-ever-made-pmt-apex-edition/family7	15m	4	18	-0.382	-6.9	7	-0.747	11	-0.150	162	-0.111	18	-0.382	0	0.000
the-greatest-bot-ever-made-pmt-apex-edition-tv-strategies/family7	15m	4	18	-0.382	-6.9	7	-0.747	11	-0.150	162	-0.111	18	-0.382	0	0.000
quanloki-qqe-system-opposite-signal-only-points/family7	15m	4	34	-0.422	-14.4	10	0.159	24	-0.665	203	-0.236	33	-0.406	1	-0.949
adaptive-multi-factor-v1-update-9-years/family7	15m	4	53	-0.167	-8.8	21	0.139	32	-0.367	340	-0.238	52	-0.175	1	0.282
silver-surfer/family7	15m	3	112	-0.286	-32.0	44	-0.258	68	-0.304	404	-0.222	103	-0.266	9	-0.514
atm-adaptive-zone-momentum-scalper-1h/family7	15m	4	112	-0.152	-17.0	45	0.054	67	-0.290	969	-0.153	107	-0.130	5	-0.622
ema-9-vwap-strategy-with-atr-trailing-stop-win-the-trade/family7	15m	6	6	0.507	3.0	2	0.770	4	0.375	163	-0.198	6	0.507	0	0.000
atm/family7	15m	4	112	-0.152	-17.0	45	0.054	67	-0.290	969	-0.153	107	-0.130	5	-0.622
fast-scalper-with-stops/family7	15m	4	42	-0.116	-4.9	16	0.174	26	-0.295	309	-0.229	42	-0.116	0	0.000
fast-scalper-with-stops-tv-strategies/family7	15m	4	42	-0.116	-4.9	16	0.174	26	-0.295	309	-0.229	42	-0.116	0	0.000
fast-scalper-with-stops-tv-strategies-cg3o8g9a/family7	15m	4	36	-0.259	-9.3	13	-0.290	23	-0.241	136	-0.161	33	-0.194	3	-0.979
adaptive-multi-facto-9-years/family7	15m	5	27	-0.444	-12.0	7	-0.228	20	-0.520	211	-0.291	27	-0.444	0	0.000
fast-scalper-with-stops-tv-strategies-mcwal9oa/family7	15m	4	42	-0.116	-4.9	16	0.174	26	-0.295	309	-0.229	42	-0.116	0	0.000
sttrend-tp-lock-added/family7	15m	2	17	-0.603	-10.2	6	-0.148	11	-0.851	66	-0.320	17	-0.603	0	0.000
9-ema-20-ema-retest-strategy/family7	15m	2	28	-0.076	-2.1	15	-0.123	13	-0.022	88	-0.158	26	-0.093	2	0.147
clean-vwap-zl-scalper-single-trigger-by-david/family7	15m	6	11	-0.351	-3.9	5	-0.646	6	-0.105	230	-0.241	11	-0.351	0	0.000
clean-vwap-zl-scalper-single-trigger-by-sandip/family7	15m	6	11	-0.351	-3.9	5	-0.646	6	-0.105	230	-0.241	11	-0.351	0	0.000
spike-ea-trade-strategy/family7	15m	4	52	-0.004	-0.2	15	-0.063	37	0.021	342	-0.122	50	0.011	2	-0.359
good-luck/family7	15m	4	16	0.159	2.5	6	0.164	10	0.156	68	-0.030	14	0.199	2	-0.122
nasdaq-oro-bruto-24h-mejorada/family7	15m	2	33	-0.074	-2.4	16	-0.046	17	-0.100	127	-0.115	33	-0.074	0	0.000
nasdaq-nq-24h-mejorada/family7	15m	2	33	-0.074	-2.4	16	-0.046	17	-0.100	127	-0.115	33	-0.074	0	0.000
concordance-execution-model/family7	15m	2	41	-0.207	-8.5	18	0.111	23	-0.456	122	-0.223	41	-0.207	0	0.000
zr-grizzly/family7	15m	6	14	-0.658	-9.2	5	-0.633	9	-0.671	142	-0.239	14	-0.658	0	0.000
caldera-meridian-strategy/family7	15m	2	35	0.005	0.2	10	-0.271	25	0.116	77	-0.066	34	-0.034	1	1.339
frosty-alerts/family7	15m	4	137	-0.122	-16.7	55	-0.140	82	-0.110	1717	-0.116	129	-0.107	8	-0.362
enso-usdt-12h-trend-pullback-sniper/family7	15m	4	10	0.135	1.3	4	-0.683	6	0.680	59	-0.009	10	0.135	0	0.000
sebbiottino-trailing-stop-so-good-ger40-1m/family7	15m	3	61	-0.164	-10.0	22	-0.146	39	-0.174	242	-0.189	56	-0.169	5	-0.111
tradingview-bot-trailing-15-min/family7	15m	2	10	-0.065	-0.6	3	-0.016	7	-0.086	34	-0.189	9	-0.104	1	0.286
ut-bot-shah-200-50-ema/family7	15m	2	14	-0.328	-4.6	6	-0.072	8	-0.520	41	-0.393	14	-0.328	0	0.000
tradingview-bot-goat/family7	15m	2	10	-0.065	-0.6	3	-0.016	7	-0.086	34	-0.189	9	-0.104	1	0.286
my-strategy-9/family7	15m	4	13	-0.274	-3.6	4	-0.124	9	-0.341	132	-0.243	13	-0.274	0	0.000
regime-execution-strategy/family7	15m	4	11	0.395	4.3	3	0.287	8	0.436	83	-0.029	11	0.395	0	0.000
gold-ai-strategy-v2-0/family7	15m	1	19	-0.272	-5.2	9	-0.143	10	-0.388	49	-0.209	19	-0.272	0	0.000
nas100-sp500-turtle-soup-ny-v4-fixed/family7	15m	1	9	-0.713	-6.4	6	-1.000	3	-0.139	20	-0.722	6	-0.570	3	-1.000
zeta9-v6/family7	15m	4	51	-0.184	-9.4	21	0.068	30	-0.359	311	-0.169	49	-0.152	2	-0.966
btc-averages-strategy-long-short/family7	15m	1	27	-0.191	-5.2	11	0.000	16	-0.323	72	-0.189	26	-0.207	1	0.230
20-200-sma-strategy/family7	15m	5	74	-0.129	-9.5	20	-0.466	54	-0.004	345	-0.141	69	-0.096	5	-0.584
liquidity-entry-zones-strategy-2-0/family7	15m	6	11	0.714	7.9	4	0.912	7	0.601	253	-0.159	11	0.714	0	0.000
ultimate-smc-emas-day-trading-strategy/family7	15m	1	23	-0.123	-2.8	13	-0.263	10	0.059	38	-0.219	22	-0.083	1	-1.000
concordance-allocation-strategy/family7	15m	1	33	-0.239	-7.9	16	-0.345	17	-0.139	98	-0.183	32	-0.276	1	0.962
amit-eth-strategy/family7	15m	4	22	0.046	1.0	8	0.545	14	-0.240	119	-0.109	22	0.046	0	0.000
amit-eth-strategy-tv-strategies/family7	15m	4	22	0.046	1.0	8	0.545	14	-0.240	119	-0.109	22	0.046	0	0.000
moja-strategia-harami-bb/family7	15m	4	35	-0.035	-1.2	18	0.121	17	-0.200	127	-0.083	33	0.019	2	-0.933
moja-strategia-harami-bb-tv-strategies/family7	15m	4	35	-0.035	-1.2	18	0.121	17	-0.200	127	-0.083	33	0.019	2	-0.933
silverstream-v2/family7	15m	4	26	-0.008	-0.2	11	-0.141	15	0.089	139	-0.162	25	-0.039	1	0.755
mgc-wyckoff-second-breakout-v3-candle-rr/family7	15m	2	48	-0.267	-12.8	21	0.117	27	-0.566	171	-0.277	48	-0.267	0	0.000
5m-sol-scalper-ha-lorentzian/family7	15m	2	27	0.169	4.6	15	0.672	12	-0.458	95	-0.179	25	0.212	2	-0.359
asian-box-breakout-strategy/family7	15m	1	10	-0.273	-2.7	6	-0.466	4	0.016	28	-0.333	9	-0.395	1	0.819
bollinger-bands-rsi-live-radar-strategy/family7	15m	6	10	0.291	2.9	2	-0.351	8	0.452	54	0.102	10	0.291	0	0.000
concord-execution-mandate/family7	15m	4	50	-0.187	-9.4	17	-0.171	33	-0.195	312	-0.228	50	-0.187	0	0.000
super-rsi-strategy/family7	15m	5	39	0.032	1.3	7	-0.295	32	0.104	339	-0.114	39	0.032	0	0.000
super-rsi-strategy-tv-strategies-nng1sppd/family7	15m	5	39	0.032	1.3	7	-0.295	32	0.104	339	-0.114	39	0.032	0	0.000
super-rsi-strategy-tv-strategies/family7	15m	5	39	0.032	1.3	7	-0.295	32	0.104	339	-0.114	39	0.032	0	0.000
box-breakout-strategy-dt4b-trader/family7	15m	2	43	-0.205	-8.8	19	-0.076	24	-0.307	166	-0.202	43	-0.205	0	0.000
sma-strategy/family7	15m	3	111	-0.056	-6.2	49	0.110	62	-0.186	456	-0.200	99	-0.032	12	-0.253
3commas-pullback-sniper-strategy/family7	15m	1	27	-0.221	-6.0	11	-0.555	16	0.009	32	-0.263	22	-0.280	5	0.038
big-daddy-max-orb-strategy/family7	15m	3	12	-0.306	-3.7	4	-0.532	8	-0.193	45	-0.206	12	-0.306	0	0.000
ttm-momentum-histo-9-ema-21-ema-debit-spread-script/family7	15m	4	14	-0.235	-3.3	4	-0.124	10	-0.279	148	-0.246	14	-0.235	0	0.000
beginner-trend-risk-model-ema-rsi/family7	15m	4	20	-0.031	-0.6	10	0.135	10	-0.196	216	-0.258	18	0.074	2	-0.969
rr-master-lc/family7	15m	4	2	0.652	1.3	1	1.045	1	0.260	17	-0.289	2	0.652	0	0.000
ai-triple-confirmation-strategy/family7	15m	2	33	-0.081	-2.7	16	0.150	17	-0.298	92	-0.229	33	-0.081	0	0.000
parallax-covenant-strategy/family7	15m	2	68	-0.192	-13.1	32	-0.002	36	-0.361	202	-0.267	65	-0.219	3	0.383
decoded-volatility-expansion/family7	15m	1	57	-0.264	-15.0	8	-0.366	49	-0.247	132	-0.268	40	-0.309	17	-0.158
ema-dmi-macd-rsi-strategy/family7	15m	2	14	-0.419	-5.9	5	-0.995	9	-0.100	74	-0.044	14	-0.419	0	0.000
albtrader-nq-beast-supertrend-macd-rsi/family7	15m	5	12	-0.029	-0.3	2	0.750	10	-0.184	76	-0.147	12	-0.029	0	0.000
simple-smart-buy-sell-strategy/family7	15m	4	31	0.016	0.5	14	0.035	17	0.000	222	-0.166	29	-0.019	2	0.519
options-momentum-bias-strategy-v2/family7	15m	2	13	-0.375	-4.9	3	0.044	10	-0.500	65	-0.175	13	-0.375	0	0.000
strategy-461-ts-m15/family7	15m	6	4	-0.341	-1.4	1	0.341	3	-0.568	142	-0.118	4	-0.341	0	0.000
take-liquidity-multi-time-frame-tradesystem/family7	15m	1	6	-0.364	-2.2	3	-0.563	3	-0.165	19	-0.241	6	-0.364	0	0.000
lvn-rejection-acceptance-strategy/family7	15m	2	61	0.091	5.6	30	0.441	31	-0.248	203	-0.107	57	0.048	4	0.706
autotrade-bot-v12/family7	15m	4	22	-0.071	-1.6	9	0.307	13	-0.332	59	-0.123	22	-0.071	0	0.000
adaptive-s-r-reversal-rsi-divergence-dca-be-stop-5m/family7	15m	3	15	0.126	1.9	8	0.131	7	0.121	52	-0.212	15	0.126	0	0.000
albtrader-nq-btc-gold-multi-tf-signal-bot-v2/family7	15m	1	24	-0.026	-0.6	9	0.569	15	-0.384	59	-0.109	20	0.022	4	-0.265
nq-scalp-fix-signals/family7	15m	2	25	0.376	9.4	10	0.800	15	0.093	90	-0.085	25	0.376	0	0.000
ema-crossx/family7	15m	4	16	0.114	1.8	9	0.335	7	-0.169	57	-0.082	16	0.114	0	0.000
scalping-reversal-strategy/family7	15m	1	45	-0.053	-2.4	23	-0.017	22	-0.090	78	-0.057	32	-0.005	13	-0.169
strategy-432-btc-donchian-breakout-continuation/family7	15m	1	43	0.041	1.8	21	0.220	22	-0.129	52	0.022	43	0.041	0	0.000
strategy-250-xauusd-composite-quality-score/family7	15m	2	16	0.138	2.2	4	0.594	12	-0.013	43	-0.152	15	0.098	1	0.748
scalping-entry-exit-indicator-by-diget/family7	15m	4	87	-0.078	-6.8	33	0.018	54	-0.137	682	-0.146	86	-0.068	1	-1.000
scalping-ichimoku/family7	15m	2	10	-0.181	-1.8	4	0.291	6	-0.497	54	-0.175	9	-0.091	1	-1.000
scalper-s-moving-average-dyna/family7	15m	4	14	-0.153	-2.1	2	-1.000	12	-0.012	134	-0.095	14	-0.153	0	0.000
thrax-quickstrike-5-mins-scalping/family7	15m	2	18	-0.311	-5.6	9	-0.558	9	-0.063	72	-0.154	18	-0.311	0	0.000
parabolic-sar-heikin-ashi-mtf-candle-scalper/family7	15m	4	18	0.044	0.8	8	-0.131	10	0.183	242	-0.126	18	0.044	0	0.000
scalpers-macd-vwap-filter/family7	15m	4	18	0.166	3.0	7	0.662	11	-0.149	115	-0.086	18	0.166	0	0.000
oink-test/family7	15m	1	12	-0.459	-5.5	4	0.001	8	-0.689	27	-0.404	10	-0.351	2	-1.000
swing-reversal-auto-targets-jpt-module-1/family7	15m	2	48	0.128	6.2	23	0.388	25	-0.110	148	-0.045	48	0.128	0	0.000
swing-failure-pattern-sfp-engine-agpro-series/family7	15m	1	30	0.066	2.0	12	0.789	18	-0.417	45	0.036	24	-0.158	6	0.961
swing-gradient-tpos-boswaves/family7	15m	4	25	-0.130	-3.3	8	-0.090	17	-0.149	105	-0.127	25	-0.130	0	0.000
contrarian-scalping-counter-trend-bb-envelope-adx-and-stochastic/family7	15m	5	166	-0.146	-24.2	63	-0.203	103	-0.111	2391	-0.085	157	-0.122	9	-0.568
ms-hypersupertrend/family7	15m	2	16	0.099	1.6	4	1.379	12	-0.328	41	0.053	16	0.099	0	0.000
fast-v-slow-moving-averages-strategy-variable-divonn1994/family7	15m	1	14	0.311	4.4	7	0.129	7	0.494	58	-0.148	0	0.000	14	0.311
god-of-scalping-btc/family7	15m	4	25	-0.139	-3.5	7	-0.287	18	-0.081	152	-0.157	25	-0.139	0	0.000
clean-multi-indicator-alignment-system/family7	15m	2	36	-0.256	-9.2	17	-0.075	19	-0.417	139	-0.305	35	-0.270	1	0.233
market-direction-strength-mds/family7	15m	2	49	-0.050	-2.5	21	0.116	28	-0.175	182	-0.150	48	-0.057	1	0.282
concordance-strategy/family7	15m	4	5	-0.446	-2.2	0	0.000	5	-0.446	25	-0.098	5	-0.446	0	0.000
consensus/family3	1h	2	59	-0.205	-12.1	23	-0.218	36	-0.196			29	-0.102	30	-0.304
consensus/family3	1h	3	64	-0.133	-8.5	25	-0.203	39	-0.088			30	0.006	34	-0.255
abcd-harmonic-projection/family3	1h	1	13	-0.001	-0.0	13	-0.001	0	0.000	39	-0.198	5	0.272	8	-0.171
stealthtrail-supertrend/family3	1h	2	12	0.434	5.2	7	0.455	5	0.404	77	-0.054	7	0.600	5	0.202
swing-volume-profile-pro/family3	1h	1	42	0.224	9.4	21	0.269	21	0.178	72	0.111	22	0.080	20	0.383
pulse-trend-radar/family3	1h	1	26	-0.117	-3.0	12	0.147	14	-0.343	49	-0.240	13	-0.369	13	0.136
dynamic-trend-bands-anchored-vwap-signals/family3	1h	1	14	-0.056	-0.8	3	0.252	11	-0.141	40	-0.203	14	-0.056	0	0.000
pivot-channel-breaks/family3	1h	1	21	-0.268	-5.6	10	0.084	11	-0.588	42	0.032	21	-0.268	0	0.000
triangular-hull-moving-average-volatility/family3	1h	1	25	-0.044	-1.1	9	0.339	16	-0.259	46	-0.167	25	-0.044	0	0.000
stealthtrail-supertrend-ml-pro/family3	1h	1	42	-0.138	-5.8	22	-0.210	20	-0.060	64	-0.137	25	-0.130	17	-0.150
smart-swing-vwap-zeiierman/family3	1h	1	19	0.589	11.2	12	0.752	7	0.308	57	-0.122	11	0.461	8	0.764
supertrend-cluster-zeiierman/family3	1h	1	33	-0.083	-2.7	15	0.261	18	-0.369	59	-0.063	21	-0.262	12	0.232
market-memory-average-zeiierman/family3	1h	1	34	0.180	6.1	16	0.383	18	-0.000	66	0.130	20	0.119	14	0.268
session-killzones-breakouts/family3	1h	1	75	0.140	10.5	43	0.013	32	0.311	181	-0.102	39	0.178	36	0.099
volume-supertrend-ai-expo/family3	1h	1	17	0.368	6.3	6	0.453	11	0.322	49	-0.026	13	0.500	4	-0.062
ai-predictive-flow-zeiierman/family3	1h	2	26	0.047	1.2	13	0.261	13	-0.167	208	-0.092	11	0.021	15	0.066
momentum-sequence-strategy/family3	1h	1	5	0.221	1.1	3	-0.355	2	1.086	16	-0.025	5	0.221	0	0.000
anchored-value-distribution-oscillator-zeiierman/family3	1h	1	145	0.027	3.9	56	0.095	89	-0.016	443	-0.095	76	0.170	69	-0.131
trend-survival-matrix/family3	1h	1	31	0.037	1.1	14	0.293	17	-0.174	55	-0.016	20	-0.203	11	0.472
smart-flow-imbalance/family3	1h	1	25	-0.162	-4.0	12	0.094	13	-0.398	72	-0.132	16	-0.406	9	0.272
ema-trend-pro/family3	1h	1	24	-0.114	-2.7	9	-0.049	15	-0.154	37	0.014	20	-0.203	4	0.328
ema-trend-signals/family3	1h	1	31	0.037	1.1	14	0.293	17	-0.174	55	-0.016	20	-0.203	11	0.472
trend-pullback-guard/family3	1h	1	25	0.077	1.9	13	0.058	12	0.097	126	-0.086	18	0.112	7	-0.012
adaptive-atr-extension-scanner/family3	1h	1	39	0.143	5.6	16	0.175	23	0.121	80	0.163	39	0.143	0	0.000
rsi-market-regime/family3	1h	1	59	0.013	0.8	29	0.028	30	-0.001	114	-0.178	26	0.158	33	-0.101
sams-early-morning-range-lines/family3	1h	1	30	0.222	6.7	16	0.396	14	0.024	79	0.042	18	0.097	12	0.410
machine-learning-rsi-ai-classification-ranking-zeiierman/family3	1h	1	45	0.058	2.6	19	-0.000	26	0.100	69	0.053	35	0.045	10	0.102
btc-ema-5-9-flip-strategy-autobot/family3	1h	1	7	0.097	0.7	4	0.165	3	0.007	21	-0.315	4	-0.245	3	0.553
swing-multi-moving-averages-crypto-and-stocks-strategy/family3	1h	1	146	-0.008	-1.1	68	-0.135	78	0.104	270	-0.055	146	-0.008	0	0.000
trendsync-pro-smc/family3	1h	1	31	0.098	3.0	16	0.155	15	0.037	42	0.046	19	0.016	12	0.227
williams-r-zone-scalper-v1-0-bullbyte/family3	1h	1	25	0.079	2.0	13	-0.394	12	0.592	61	-0.182	17	0.375	8	-0.550
weekend-hunter-ultimate-v6-2/family3	1h	2	5	0.281	1.4	4	0.275	1	0.307	43	0.006	5	0.281	0	0.000
smart-grid-scalping-pullback-strategy-bullbyte/family3	1h	1	27	-0.281	-7.6	8	-0.051	19	-0.378	33	-0.310	8	0.015	19	-0.406
macd-pullback-sniper-trend-adx-filtered-strategy/family3	1h	1	21	0.002	0.1	10	-0.691	11	0.633	34	-0.075	12	0.497	9	-0.656
pro-scalper-ai-bullbyte/family3	1h	2	77	-0.124	-9.5	33	-0.077	44	-0.159	324	-0.142	0	0.000	77	-0.124
ema-pullback-trend-continuation-strategy-with-volume-and-momentu/family3	1h	1	19	0.154	2.9	6	1.040	13	-0.255	53	0.053	12	0.049	7	0.334
execution-aware-trend/family3	1h	1	12	0.123	1.5	5	-0.084	7	0.271	41	-0.009	7	0.335	5	-0.175
channel-reversion-system/family3	1h	1	12	0.387	4.6	3	-0.224	9	0.590	18	-0.227	12	0.387	0	0.000
slope-ma-cross-acc-range-filter/family3	1h	1	28	0.238	6.7	15	0.213	13	0.267	123	0.090	18	0.300	10	0.126
trendshift-supertrend-adx-regime-adaptive-strategy/family3	1h	1	34	-0.064	-2.2	18	-0.181	16	0.068	63	-0.125	17	0.104	17	-0.232
vwap-trend-momentum/family3	1h	1	7	0.273	1.9	3	0.023	4	0.461	38	-0.196	5	0.142	2	0.602
dnse-vn301-sma-34-89-dual-slope-strategy/family3	1h	1	23	0.037	0.8	12	0.274	11	-0.223	102	-0.021	13	-0.181	10	0.319
fair-value-gap-strategy-with-break-of-structure-confirmation/family3	1h	1	22	0.151	3.3	17	0.307	5	-0.379	86	-0.104	12	-0.169	10	0.535
bist30-to-sp-500-atr-momentum-rider/family3	1h	1	41	-0.112	-4.6	17	-0.305	24	0.025	76	-0.218	41	-0.112	0	0.000
elite-hybrid-orb/family3	1h	1	7	0.174	1.2	5	0.386	2	-0.355	9	0.294	7	0.174	0	0.000
tradleware-dca/family3	1h	1	43	-0.051	-2.2	22	0.126	21	-0.238	94	-0.080	43	-0.051	0	0.000
ultimate-prop-firm/family3	1h	1	23	0.188	4.3	11	0.050	12	0.315	45	0.117	11	0.632	12	-0.219
cloud-pro-ichimoku-confluence/family3	1h	2	10	0.076	0.8	7	0.342	3	-0.545	103	-0.083	4	0.237	6	-0.031
pg-mcx-silver-long-v6-mtf-momentum-profit-trailing/family3	1h	2	20	0.113	2.3	9	0.218	11	0.027	134	0.107	20	0.113	0	0.000
nnfx-btc-ssl-qqe-signalforge/family3	1h	1	96	-0.142	-13.6	47	-0.170	49	-0.115	189	-0.233	49	-0.067	47	-0.220
z-edge-confluence-z-score-strategy/family3	1h	1	60	-0.272	-16.3	34	-0.346	26	-0.175	133	-0.092	26	-0.340	34	-0.220
hyperliquid-ready-webhook-strategy-template/family3	1h	1	34	0.027	0.9	14	0.293	20	-0.159	57	0.009	21	-0.174	13	0.352
daybreak-strategy/family3	1h	1	69	-0.081	-5.6	32	-0.004	37	-0.148	125	-0.118	40	-0.098	29	-0.057
tp-sl-toolkit/family3	1h	1	64	0.014	0.9	33	-0.011	31	0.041	121	-0.062	35	-0.002	29	0.034
vwap-suite-trend-mean-reversion-with-adaptive-filters/family3	1h	3	6	0.948	5.7	6	0.948	0	0.000	47	-0.108	3	1.072	3	0.823
webhook-alert-strategy-template/family3	1h	1	33	0.130	4.3	14	0.319	19	-0.009	57	-0.082	21	0.052	12	0.267
fractal-memory-strategy/family3	1h	1	10	-0.501	-5.0	5	-0.002	5	-1.000	23	-0.507	9	-0.445	1	-1.000
adaptive-atr-scalper-instant-lock-version/family3	1h	1	14	-0.306	-4.3	7	-0.278	7	-0.333	41	-0.296	9	-0.285	5	-0.343
btc-trend-momentum-strategy/family3	1h	1	9	0.518	4.7	4	1.445	5	-0.223	29	0.088	3	0.295	6	0.630
super-trend-signal-engine-quantum-edge/family3	1h	1	43	-0.124	-5.3	23	-0.163	20	-0.079	74	-0.180	23	-0.028	20	-0.234
donchian-breakout-with-atr-trailing-stop-trend-following/family3	1h	1	18	0.114	2.1	4	-0.088	14	0.172	64	0.093	18	0.114	0	0.000
dual-bollinger-band-cross-strategy-v6/family3	1h	1	62	-0.167	-10.4	26	-0.126	36	-0.197	123	-0.119	62	-0.167	0	0.000
optimized-doji-breakout-strategy-short-only-v6/family3	1h	1	59	-0.030	-1.8	29	0.208	30	-0.260	105	-0.135	0	0.000	59	-0.030
smoothed-heiken-ashi-strategy-v1/family3	1h	1	29	0.165	4.8	12	0.530	17	-0.093	59	0.022	8	0.159	21	0.167
xau-clear-ema-atr-strategy-tp-sl-voice-v6-clean-tp/family3	1h	1	18	0.071	1.3	13	0.079	5	0.048	91	-0.294	11	0.204	7	-0.139
xau-clear-ema-atr-strategy-tp-sl-voice-v6/family3	1h	1	18	0.071	1.3	13	0.079	5	0.048	91	-0.294	11	0.204	7	-0.139
smc-clean-4h-zones-center-labels-hh-hl-ll-lh/family3	1h	2	60	0.027	1.6	27	0.347	33	-0.235	1113	-0.078	31	0.156	29	-0.111
apex-fusion-ai-smart-trend-engine/family3	1h	2	7	0.016	0.1	4	0.274	3	-0.328	117	-0.029	5	-0.229	2	0.630
bps-v17-strong-trend-filter/family3	1h	1	16	0.164	2.6	5	0.136	11	0.176	56	0.040	16	0.164	0	0.000
bps-v17-strong-trend-filter-tv-strategies/family3	1h	1	16	0.164	2.6	5	0.136	11	0.176	56	0.040	16	0.164	0	0.000
btc-8am-pattern-breakout-instant-entry/family3	1h	3	27	0.101	2.7	18	0.219	9	-0.136	226	-0.138	10	0.222	17	0.030
vwap-points-percent-ticks-strategy/family3	1h	2	47	0.155	7.3	23	0.232	24	0.082	345	-0.109	18	0.317	29	0.055
pm-range-breakout-retest-fade/family3	1h	1	10	0.035	0.3	3	-0.125	7	0.103	33	0.000	5	-0.130	5	0.200
vwap-stdev-bands-reversal-strategy/family3	1h	3	34	-0.027	-0.9	15	0.125	19	-0.146	144	-0.146	15	0.064	19	-0.099
bollinger-squeeze-breakout-volume/family3	1h	1	28	0.241	6.8	14	-0.096	14	0.579	69	0.095	20	0.372	8	-0.085
hard-entry-exit-rules/family3	1h	1	11	0.416	4.6	5	0.288	6	0.522	38	0.147	9	0.421	2	0.393
arbf-strategy-v1-8/family3	1h	1	36	0.054	2.0	14	0.068	22	0.046	86	-0.092	20	-0.090	16	0.235
xauusd-hull-pullback-tester-2-0/family3	1h	1	44	-0.078	-3.4	22	0.176	22	-0.331	101	0.051	18	-0.148	26	-0.029
reverse-bb-kc/family3	1h	2	19	0.264	5.0	9	0.314	10	0.219	56	-0.174	14	0.558	5	-0.558
mcginley-t3-flow-campaign-nick789-v-1/family3	1h	1	15	0.008	0.1	4	0.524	11	-0.180	40	0.075	12	0.260	3	-1.000
tomukas-daily-scale-in/family3	1h	1	17	0.240	4.1	10	-0.163	7	0.815	39	-0.233	9	0.887	8	-0.488
trend-persistence-analysis-framework/family3	1h	1	43	0.242	10.4	20	0.216	23	0.265	189	0.028	28	0.426	15	-0.101
ewo-rsi-advanced-signals-strategy-exhaustion-filter/family3	1h	2	39	-0.460	-18.0	21	-0.422	18	-0.505	126	-0.352	12	-0.445	27	-0.467
hemant-gold-strategy/family3	1h	1	21	0.562	11.8	8	1.064	13	0.253	74	-0.061	15	0.619	6	0.419
high-activity-penny-stock-strategy-v6/family3	1h	1	24	-0.119	-2.9	8	-0.140	16	-0.108	46	-0.189	14	0.132	10	-0.469
bb-kc-squeeze-breakout/family3	1h	2	1	0.366	0.4	0	0.000	1	0.366	45	0.136	0	0.000	1	0.366
kaufman-moving-average-adaptive-strategy-by-mkb/family3	1h	1	42	-0.167	-7.0	20	-0.215	22	-0.124	75	-0.220	42	-0.167	0	0.000
ac20-55emagdcrosstest/family3	1h	1	33	0.138	4.5	15	0.414	18	-0.092	57	-0.031	20	-0.103	13	0.508
ai-slop-holy-grail-trap-btc-1h-non-repainting-overfit/family3	1h	1	26	0.219	5.7	14	0.428	12	-0.025	42	-0.042	19	0.276	7	0.065
bollinger-bands-simple-strategy/family3	1h	2	42	0.178	7.5	17	0.471	25	-0.021	163	-0.139	18	0.361	24	0.041
adaptive-dual-engine-strategy-momentum-mean-reversion/family3	1h	3	28	0.090	2.5	12	0.443	16	-0.176	271	-0.099	10	0.238	18	0.007
estrategia-dpo-artedejubilarte/family3	1h	1	50	-0.029	-1.5	22	0.221	28	-0.226	112	-0.074	24	-0.072	26	0.010
nasrul-fib-sr-m5/family3	1h	1	35	0.015	0.5	7	-0.054	28	0.033	98	-0.151	21	0.275	14	-0.374
volatility-surge-strategy/family3	1h	1	17	0.250	4.2	8	0.077	9	0.404	41	-0.143	14	0.263	3	0.186
master-structural-engine/family3	1h	1	15	-0.426	-6.4	4	-0.313	11	-0.467	34	-0.314	11	-0.769	4	0.519
yuri-garcia-narrow-state-strategy-ygils/family3	1h	1	15	0.492	7.4	3	-0.371	12	0.707	37	0.096	9	0.627	6	0.288
9-21ema-anji/family3	1h	1	12	0.050	0.6	7	-0.052	5	0.193	22	-0.324	5	0.025	7	0.068
supertrend-bb-strategy/family3	1h	3	11	0.647	7.1	7	0.656	4	0.630	70	-0.059	7	0.532	4	0.848
engulfing-mitigation-strategy/family3	1h	2	45	-0.085	-3.8	22	0.229	23	-0.386	311	-0.089	16	-0.116	29	-0.068
vumanchu-wt-zero-cross-strategy-v1-2-2/family3	1h	1	65	-0.003	-0.2	30	0.116	35	-0.104	135	-0.182	37	-0.153	28	0.196
vumanchu-wt-zero-cross-strategy-v1-2-3/family3	1h	1	55	0.056	3.1	24	0.196	31	-0.052	98	-0.113	30	-0.079	25	0.218
bb-macd-v6-1-5-qing-smart-distribution/family3	1h	2	9	0.380	3.4	5	0.243	4	0.550	91	0.032	9	0.380	0	0.000
vumanchu-wt-zero-cross-v1-1b/family3	1h	1	65	-0.003	-0.2	30	0.116	35	-0.104	135	-0.182	37	-0.153	28	0.196
vishall-ema-9-20-50-200-dmi-adx-strategy/family3	1h	1	5	0.493	2.5	1	0.960	4	0.376	36	0.410	5	0.493	0	0.000
nifty-supertrend-ce-strategy-alice-blue/family3	1h	3	11	0.647	7.1	7	0.656	4	0.630	79	-0.083	7	0.532	4	0.848
velocity-breakout-strategy-vbs/family3	1h	2	8	0.546	4.4	6	0.542	2	0.559	75	0.004	4	0.276	4	0.816
ultimate-pattern-engine-ema-stochastic-by-rony/family3	1h	2	29	-0.064	-1.8	10	0.023	19	-0.109	372	-0.056	16	-0.046	13	-0.085
fair-value-gap-continuation-framework/family3	1h	1	92	0.038	3.5	45	-0.061	47	0.133	230	-0.065	49	0.078	43	-0.007
pm-range-breakout-retest-fade-tv-strategies/family3	1h	1	10	0.035	0.3	3	-0.125	7	0.103	33	0.000	5	-0.130	5	0.200
tjr-v4-strategy/family3	1h	1	138	-0.056	-7.8	70	-0.009	68	-0.105	320	-0.185	73	0.003	65	-0.124
surgical-sweep-original-restored/family3	1h	1	22	-0.138	-3.0	14	-0.040	8	-0.310	31	-0.097	13	0.032	9	-0.384
qqe-channel-strategy/family3	1h	1	66	-0.076	-5.0	33	-0.191	33	0.040	137	-0.126	38	0.021	28	-0.207
ut-bot-v2-atr-trailing-stop/family3	1h	1	161	-0.072	-11.5	87	-0.060	74	-0.085	375	-0.151	88	-0.082	73	-0.059
egan-s-pure-structure-s-d-strategy-backtest/family3	1h	1	58	0.093	5.4	28	0.209	30	-0.016	204	-0.054	32	0.049	26	0.147
sma-4-sma-30/family3	1h	1	74	0.055	4.1	35	0.003	39	0.102	146	-0.030	37	-0.020	37	0.131
europon-reversal-fx-rush-ver2-strategy/family3	1h	3	49	-0.226	-11.1	21	-0.252	28	-0.207	300	-0.213	17	-0.101	32	-0.292
dca-grid-15-orders-1-1-step-1-8-tp/family3	1h	1	45	0.013	0.6	14	-0.198	31	0.107	106	0.077	45	0.013	0	0.000
institutional-ob-entry-exit-sl-strategy/family3	1h	1	12	0.438	5.3	4	0.559	8	0.377	52	0.009	8	0.142	4	1.029
smart-trend-strategy-julzalgo/family3	1h	1	31	0.017	0.5	17	0.212	14	-0.220	74	0.012	15	-0.079	16	0.107
supertrend-strategy/family3	1h	3	11	0.647	7.1	7	0.656	4	0.630	82	-0.101	7	0.532	4	0.848
macd-crossover-strategy/family3	1h	3	39	-0.009	-0.4	21	0.023	18	-0.048	229	-0.119	15	0.086	24	-0.069
scalping-london-new-york-strategy/family3	1h	2	35	-0.078	-2.7	13	-0.020	22	-0.113	213	-0.092	15	0.129	20	-0.234
strategy-validation-framework-standardised-atr-exits-1-ris/family3	1h	1	30	0.019	0.6	14	-0.078	16	0.103	40	-0.035	16	0.022	14	0.015
serhan1-wma-rsi-trailing-scalp-date-filter/family3	1h	1	34	-0.195	-6.6	23	0.014	11	-0.631	68	-0.179	12	0.104	22	-0.358
market-breadth-trend-strategy/family3	1h	1	50	0.119	5.9	24	0.218	26	0.027	182	-0.016	33	0.275	17	-0.186
session-king-alma-with-session-filter/family3	1h	1	35	-0.139	-4.9	16	-0.235	19	-0.058	82	-0.059	19	-0.003	16	-0.299
twe-2-bar-break-strategy/family3	1h	1	134	-0.019	-2.6	66	0.006	68	-0.044	391	-0.078	74	0.042	60	-0.095
15m-nifty-multi-day-swing-target-engine-v1-0/family3	1h	1	21	-0.368	-7.7	14	-0.336	7	-0.433	45	-0.228	9	-0.399	12	-0.345
manoj-betrayed-me/family3	1h	1	54	0.023	1.2	28	0.079	26	-0.039	178	-0.083	32	-0.030	22	0.099
double-tap/family3	1h	1	46	0.055	2.6	26	-0.091	20	0.246	138	0.043	26	0.081	20	0.022
btcusd-4h-ema-swing-strategy/family3	1h	1	34	-0.026	-0.9	14	-0.330	20	0.187	59	-0.199	16	0.200	18	-0.226
simple-breakout-strategy-santana/family3	1h	2	16	0.306	4.9	10	0.623	6	-0.221	95	0.082	7	0.139	9	0.437
ahlenaz/family3	1h	1	12	-0.250	-3.0	5	-0.083	7	-0.369	59	0.146	8	-0.221	4	-0.307
ema-40-pullback-pyramid-strategy/family3	1h	1	103	-0.049	-5.0	47	0.050	56	-0.132	282	-0.119	61	-0.105	42	0.032
fair-value-gap-strategy/family3	1h	2	46	-0.088	-4.1	24	0.119	22	-0.315	345	-0.154	21	0.036	25	-0.192
the-greatest-bot-ever-made-pmt-apex-edition/family3	1h	2	18	0.006	0.1	8	0.061	10	-0.038	139	-0.012	12	0.245	6	-0.474
the-greatest-bot-ever-made-pmt-apex-edition-tv-strategies/family3	1h	2	18	0.006	0.1	8	0.061	10	-0.038	139	-0.012	12	0.245	6	-0.474
quanloki-qqe-system-opposite-signal-only-points/family3	1h	1	88	-0.106	-9.3	42	-0.084	46	-0.125	165	-0.168	44	-0.176	44	-0.036
adaptive-multi-factor-v1-update-9-years/family3	1h	1	129	-0.001	-0.2	59	-0.023	70	0.017	303	-0.080	71	-0.048	58	0.056
silver-surfer/family3	1h	2	44	-0.047	-2.1	23	0.168	21	-0.282	341	-0.147	20	0.087	24	-0.159
atm-adaptive-zone-momentum-scalper-1h/family3	1h	1	253	-0.096	-24.4	126	-0.067	127	-0.125	929	-0.110	124	-0.005	129	-0.185
ema-9-vwap-strategy-with-atr-trailing-stop-win-the-trade/family3	1h	2	43	0.007	0.3	17	0.215	26	-0.129	337	-0.065	18	0.279	25	-0.188
atm/family3	1h	1	253	-0.096	-24.4	126	-0.067	127	-0.125	929	-0.110	124	-0.005	129	-0.185
adaptive-multi-facto-9-years/family3	1h	1	103	0.049	5.0	47	0.034	56	0.060	202	-0.022	60	-0.023	43	0.149
fast-scalper-with-stops/family3	1h	3	28	-0.107	-3.0	11	0.314	17	-0.379	236	-0.159	12	0.059	16	-0.231
fast-scalper-with-stops-tv-strategies/family3	1h	3	28	-0.107	-3.0	11	0.314	17	-0.379	236	-0.159	12	0.059	16	-0.231
fast-scalper-with-stops-tv-strategies-cg3o8g9a/family3	1h	2	30	-0.091	-2.7	15	0.135	15	-0.316	119	-0.158	14	-0.280	16	0.074
sttrend-tp-lock-added/family3	1h	1	42	-0.144	-6.1	22	-0.203	20	-0.079	73	-0.192	23	-0.028	19	-0.285
fast-scalper-with-stops-tv-strategies-mcwal9oa/family3	1h	3	28	-0.107	-3.0	11	0.314	17	-0.379	236	-0.159	12	0.059	16	-0.231
es-1m-3m-momentum-signal-flip-exits/family3	1h	1	9	-0.212	-1.9	6	-0.129	3	-0.378	20	-0.221	8	-0.514	1	2.200
9-ema-20-ema-retest-strategy/family3	1h	1	39	0.108	4.2	21	0.163	18	0.043	113	0.041	21	0.099	18	0.119
clean-vwap-zl-scalper-single-trigger-by-sandip/family3	1h	1	151	-0.084	-12.7	84	-0.203	67	0.064	336	-0.126	83	-0.102	68	-0.062
clean-vwap-zl-scalper-single-trigger-by-david/family3	1h	1	151	-0.084	-12.7	84	-0.203	67	0.064	336	-0.126	83	-0.102	68	-0.062
good-luck/family3	1h	1	19	0.401	7.6	11	0.324	8	0.506	71	-0.015	12	0.278	7	0.610
spike-ea-trade-strategy/family3	1h	2	47	-0.150	-7.0	24	0.047	23	-0.355	410	-0.072	15	0.038	32	-0.237
nasdaq-oro-bruto-24h-mejorada/family3	1h	1	27	0.307	8.3	10	0.187	17	0.378	105	0.074	16	0.253	11	0.386
nasdaq-nq-24h-mejorada/family3	1h	1	27	0.307	8.3	10	0.187	17	0.378	105	0.074	16	0.253	11	0.386
zr-grizzly/family3	1h	1	63	-0.100	-6.3	29	-0.106	34	-0.095	114	-0.177	34	-0.078	29	-0.126
concordance-execution-model/family3	1h	1	7	-0.553	-3.9	0	0.000	7	-0.553	52	0.112	7	-0.553	0	0.000
frosty-alerts/family3	1h	2	108	-0.086	-9.3	48	0.082	60	-0.220	1942	-0.090	44	0.028	64	-0.164
caldera-meridian-strategy/family3	1h	1	18	-0.293	-5.3	8	-0.763	10	0.082	81	-0.157	13	-0.243	5	-0.425
enso-usdt-12h-trend-pullback-sniper/family3	1h	1	10	0.005	0.1	6	-0.117	4	0.188	38	0.018	5	0.465	5	-0.455
sebbiottino-trailing-stop-so-good-ger40-1m/family3	1h	1	77	0.036	2.8	32	-0.028	45	0.082	203	-0.024	43	0.146	34	-0.102
my-strategy-9/family3	1h	2	16	0.306	4.9	10	0.623	6	-0.221	95	0.082	7	0.139	9	0.437
helios-institutional-synthesis-strategy/family3	1h	2	31	-0.053	-1.7	16	0.130	15	-0.250	113	-0.130	10	0.221	21	-0.184
nas100-sp500-turtle-soup-ny-v4-fixed/family3	1h	2	11	0.066	0.7	5	-0.040	6	0.155	41	-0.378	1	-1.000	10	0.173
regime-execution-strategy/family3	1h	1	22	0.014	0.3	14	-0.110	8	0.231	77	-0.190	12	0.041	10	-0.019
gold-ai-strategy-v2-0/family3	1h	1	21	-0.298	-6.3	10	-0.607	11	-0.017	65	-0.266	15	-0.340	6	-0.195
zeta9-v6/family3	1h	2	33	-0.157	-5.2	16	-0.356	17	0.030	257	-0.205	13	-0.115	20	-0.185
20-200-sma-strategy/family3	1h	1	98	0.122	11.9	38	0.160	60	0.098	293	-0.062	60	0.254	38	-0.086
liquidity-entry-zones-strategy-2-0/family3	1h	1	124	-0.078	-9.6	64	-0.091	60	-0.064	263	-0.091	67	-0.016	57	-0.150
btc-averages-strategy-long-short/family3	1h	1	28	-0.094	-2.6	12	0.182	16	-0.301	69	-0.084	16	-0.428	12	0.352
concordance-allocation-strategy/family3	1h	1	35	-0.067	-2.4	14	0.118	21	-0.191	87	-0.127	22	-0.014	13	-0.157
sr-chart-pattern-scalper-v1/family3	1h	1	18	0.314	5.7	10	0.461	8	0.131	51	0.045	12	0.084	6	0.774
amit-eth-strategy/family3	1h	2	3	-0.398	-1.2	2	-1.000	1	0.805	101	-0.133	2	-0.097	1	-1.000
amit-eth-strategy-tv-strategies/family3	1h	2	3	-0.398	-1.2	2	-1.000	1	0.805	101	-0.133	2	-0.097	1	-1.000
moja-strategia-harami-bb/family3	1h	3	19	0.363	6.9	9	0.825	10	-0.052	92	-0.202	6	1.301	13	-0.069
inside-day-breakout-strategy/family3	1h	1	16	0.034	0.5	11	-0.194	5	0.536	34	-0.162	8	0.321	8	-0.253
moja-strategia-harami-bb-tv-strategies/family3	1h	3	19	0.363	6.9	9	0.825	10	-0.052	92	-0.202	6	1.301	13	-0.069
silverstream-v2/family3	1h	1	39	0.467	18.2	22	0.444	17	0.497	166	0.018	22	0.745	17	0.108
mgc-wyckoff-second-breakout-v3-candle-rr/family3	1h	1	63	0.045	2.8	35	-0.074	28	0.193	151	-0.083	32	0.109	31	-0.022
concord-execution-mandate/family3	1h	1	123	-0.033	-4.1	60	0.074	63	-0.136	259	-0.139	63	-0.066	60	0.001
5m-sol-scalper-ha-lorentzian/family3	1h	2	9	0.345	3.1	2	1.738	7	-0.053	82	0.016	4	-0.194	5	0.775
asian-box-breakout-strategy/family3	1h	1	48	0.034	1.7	21	0.071	27	0.006	111	-0.131	24	0.080	24	-0.011
3commas-trail-hunter-reversal-long/family3	1h	1	14	-0.402	-5.6	3	-0.116	11	-0.480	30	-0.256	14	-0.402	0	0.000
super-rsi-strategy/family3	1h	2	24	0.275	6.6	12	0.505	12	0.045	323	-0.094	15	0.280	9	0.266
super-rsi-strategy-tv-strategies/family3	1h	2	24	0.275	6.6	12	0.505	12	0.045	323	-0.094	15	0.280	9	0.266
super-rsi-strategy-tv-strategies-nng1sppd/family3	1h	2	24	0.275	6.6	12	0.505	12	0.045	323	-0.094	15	0.280	9	0.266
bollinger-bands-rsi-live-radar-strategy/family3	1h	1	22	0.292	6.4	10	-0.027	12	0.558	69	-0.161	17	0.407	5	-0.100
box-breakout-strategy-dt4b-trader/family3	1h	1	51	0.054	2.8	29	-0.143	22	0.314	129	0.044	29	0.138	22	-0.056
sma-strategy/family3	1h	2	49	-0.114	-5.6	21	0.108	28	-0.280	408	-0.157	18	-0.104	31	-0.120
3commas-pullback-sniper-strategy/family3	1h	1	26	0.088	2.3	15	0.087	11	0.090	38	0.050	14	0.151	12	0.015
parallax-covenant-strategy/family3	1h	1	71	-0.007	-0.5	37	-0.135	34	0.133	183	-0.147	39	0.131	32	-0.174
ttm-momentum-histo-9-ema-21-ema-debit-spread-script/family3	1h	2	18	0.342	6.1	12	0.623	6	-0.221	109	0.105	9	0.246	9	0.437
beginner-trend-risk-model-ema-rsi/family3	1h	1	110	-0.113	-12.4	41	-0.005	69	-0.177	176	-0.118	34	-0.039	76	-0.146
ai-triple-confirmation-strategy/family3	1h	1	14	0.283	4.0	5	0.304	9	0.272	66	0.086	8	0.250	6	0.329
decoded-volatility-expansion/family3	1h	1	20	-0.039	-0.8	10	0.002	10	-0.080	56	0.020	3	-0.554	17	0.052
option-selling/family3	1h	1	6	0.029	0.2	4	-0.017	2	0.120	14	-0.227	0	0.000	6	0.029
index-option-selling/family3	1h	1	5	-0.198	-1.0	3	-0.409	2	0.120	7	-0.427	0	0.000	5	-0.198
option-point/family3	1h	1	5	-0.198	-1.0	3	-0.409	2	0.120	7	-0.427	0	0.000	5	-0.198
ema-dmi-macd-rsi-strategy/family3	1h	1	13	-0.276	-3.6	4	-0.165	9	-0.326	64	0.026	12	-0.377	1	0.934
simple-smart-buy-sell-strategy/family3	1h	1	65	0.236	15.3	30	0.252	35	0.223	179	0.027	35	0.328	30	0.128
albtrader-nq-beast-supertrend-macd-rsi/family3	1h	1	6	0.773	4.6	2	-0.083	4	1.201	52	-0.137	5	1.123	1	-0.977
take-liquidity-multi-time-frame-tradesystem/family3	1h	1	34	-0.136	-4.6	18	-0.011	16	-0.277	73	-0.096	21	-0.101	13	-0.194
options-momentum-bias-strategy-v2/family3	1h	1	22	-0.040	-0.9	12	0.177	10	-0.300	87	-0.141	15	-0.101	7	0.091
strategy-461-ts-m15/family3	1h	1	38	0.288	11.0	15	-0.231	23	0.627	126	0.001	25	0.412	13	0.050
autotrade-bot-v12/family3	1h	1	24	-0.039	-0.9	7	-0.099	17	-0.014	46	-0.145	24	-0.039	0	0.000
lvn-rejection-acceptance-strategy/family3	1h	3	10	0.269	2.7	4	0.704	6	-0.021	190	-0.035	6	-0.190	4	0.957
adaptive-s-r-reversal-rsi-divergence-dca-be-stop-5m/family3	1h	1	41	-0.240	-9.8	20	-0.356	21	-0.130	48	-0.266	17	-0.330	24	-0.177
nq-scalp-fix-signals/family3	1h	1	10	-0.227	-2.3	3	0.078	7	-0.357	88	-0.112	8	-0.437	2	0.616
albtrader-nq-btc-gold-multi-tf-signal-bot-v2/family3	1h	1	57	0.013	0.7	29	0.069	28	-0.046	113	-0.134	30	-0.068	27	0.102
ema-crossx/family3	1h	1	33	-0.043	-1.4	14	-0.065	19	-0.027	57	-0.095	33	-0.043	0	0.000
strategy-250-xauusd-composite-quality-score/family3	1h	1	6	-0.140	-0.8	1	0.746	5	-0.317	31	0.030	5	0.032	1	-1.000
scalping-reversal-strategy/family3	1h	1	40	-0.181	-7.2	20	-0.196	20	-0.166	66	-0.332	20	0.106	20	-0.468
scalping-ichimoku/family3	1h	1	23	-0.406	-9.3	9	-0.244	14	-0.511	50	-0.438	19	-0.372	4	-0.570
scalping-entry-exit-indicator-by-diget/family3	1h	2	72	-0.038	-2.7	34	0.140	38	-0.197	614	-0.114	34	0.023	38	-0.092
thrax-quickstrike-5-mins-scalping/family3	1h	2	16	0.511	8.2	10	0.625	6	0.320	131	0.071	6	0.897	10	0.279
scalper-s-moving-average-dyna/family3	1h	1	45	0.050	2.3	24	-0.052	21	0.167	136	-0.116	23	0.088	22	0.011
parabolic-sar-heikin-ashi-mtf-candle-scalper/family3	1h	2	30	-0.272	-8.2	16	-0.135	14	-0.430	245	-0.157	15	-0.082	15	-0.462
scalpers-macd-vwap-filter/family3	1h	2	23	-0.060	-1.4	12	0.253	11	-0.401	142	-0.094	8	0.214	15	-0.206
swing-failure-pattern-sfp-engine-agpro-series/family3	1h	1	26	-0.469	-12.2	15	-0.470	11	-0.469	43	-0.321	12	-0.195	14	-0.704
swing-reversal-auto-targets-jpt-module-1/family3	1h	2	3	0.477	1.4	1	0.742	2	0.345	124	0.051	2	0.345	1	0.742
swing-gradient-tpos-boswaves/family3	1h	1	38	-0.400	-15.2	20	-0.438	18	-0.359	76	-0.238	18	-0.241	20	-0.543
fast-v-slow-moving-averages-strategy-variable-divonn1994/family3	1h	2	12	0.213	2.6	7	0.145	5	0.308	74	-0.143	0	0.000	12	0.213
contrarian-scalping-counter-trend-bb-envelope-adx-and-stochastic/family3	1h	2	139	-0.022	-3.0	61	0.081	78	-0.101	2931	-0.071	57	0.060	82	-0.078
god-of-scalping-btc/family3	1h	2	23	0.081	1.9	12	0.345	11	-0.208	159	-0.075	8	0.417	15	-0.099
clean-multi-indicator-alignment-system/family3	1h	1	76	-0.102	-7.8	37	-0.302	39	0.087	143	-0.089	40	0.051	36	-0.273
market-direction-strength-mds/family3	1h	1	88	0.141	12.4	38	0.271	50	0.042	221	0.002	48	0.160	40	0.118
concordance-strategy/family3	1h	1	10	-0.196	-2.0	3	-0.557	7	-0.042	31	-0.309	7	-0.042	3	-0.557
consensus/family5	1h	3	61	-0.045	-2.8	26	0.010	35	-0.087			43	0.035	18	-0.238
consensus/family5	1h	4	17	-0.086	-1.5	9	0.158	8	-0.361			16	-0.029	1	-1.000
consensus/family5	1h	5	18	0.131	2.4	9	0.295	9	-0.033			16	0.054	2	0.743
abcd-harmonic-projection/family5	1h	1	11	-0.177	-1.9	9	-0.293	2	0.346	39	-0.198	9	0.006	2	-1.000
stealthtrail-supertrend/family5	1h	1	41	0.006	0.2	21	-0.155	20	0.175	77	-0.054	29	0.061	12	-0.127
swing-volume-profile-pro/family5	1h	2	20	0.174	3.5	9	0.370	11	0.015	72	0.111	15	0.075	5	0.472
pulse-trend-radar/family5	1h	1	24	-0.309	-7.4	11	-0.317	13	-0.303	49	-0.240	19	-0.412	5	0.080
dynamic-trend-bands-anchored-vwap-signals/family5	1h	1	22	0.005	0.1	9	0.178	13	-0.116	40	-0.203	22	0.005	0	0.000
pivot-channel-breaks/family5	1h	1	29	-0.137	-4.0	14	-0.089	15	-0.181	42	0.032	29	-0.137	0	0.000
triangular-hull-moving-average-volatility/family5	1h	1	29	-0.136	-3.9	13	0.074	16	-0.307	46	-0.167	29	-0.136	0	0.000
stealthtrail-supertrend-ml-pro/family5	1h	1	35	-0.145	-5.1	20	-0.307	15	0.072	64	-0.137	26	-0.217	9	0.065
smart-swing-vwap-zeiierman/family5	1h	1	19	0.368	7.0	9	0.649	10	0.116	57	-0.122	15	0.238	4	0.856
supertrend-cluster-zeiierman/family5	1h	2	21	-0.081	-1.7	12	0.121	9	-0.349	59	-0.063	17	-0.169	4	0.296
bollinger-bands-forecast-with-signals-zeiierman/family5	1h	1	11	0.765	8.4	6	1.043	5	0.432	40	-0.181	11	0.765	0	0.000
market-memory-average-zeiierman/family5	1h	2	18	0.158	2.8	8	0.522	10	-0.134	66	0.130	13	0.068	5	0.389
session-killzones-breakouts/family5	1h	2	32	0.170	5.4	17	0.194	15	0.143	181	-0.102	27	0.076	5	0.680
volume-supertrend-ai-expo/family5	1h	1	24	0.244	5.8	10	0.224	14	0.257	49	-0.026	21	0.243	3	0.251
ai-predictive-flow-zeiierman/family5	1h	3	38	-0.015	-0.6	17	0.250	21	-0.230	208	-0.092	29	0.044	9	-0.206
momentum-sequence-strategy/family5	1h	1	8	-0.071	-0.6	6	-0.456	2	1.086	16	-0.025	8	-0.071	0	0.000
anchored-value-distribution-oscillator-zeiierman/family5	1h	2	62	0.155	9.6	23	0.444	39	-0.016	443	-0.095	50	0.103	12	0.370
trend-survival-matrix/family5	1h	1	32	0.059	1.9	14	0.326	18	-0.148	55	-0.016	23	-0.113	9	0.501
smart-flow-imbalance/family5	1h	1	26	-0.068	-1.8	8	-0.055	18	-0.073	72	-0.132	22	-0.166	4	0.471
ema-trend-pro/family5	1h	1	26	-0.063	-1.6	10	0.036	16	-0.125	37	0.014	23	-0.113	3	0.322
ema-trend-signals/family5	1h	1	32	0.059	1.9	14	0.326	18	-0.148	55	-0.016	23	-0.113	9	0.501
trend-pullback-guard/family5	1h	2	14	0.064	0.9	6	-0.096	8	0.184	126	-0.086	11	0.066	3	0.058
adaptive-atr-extension-scanner/family5	1h	1	52	0.232	12.0	22	-0.017	30	0.414	80	0.163	52	0.232	0	0.000
rsi-market-regime/family5	1h	1	56	0.030	1.7	27	-0.047	29	0.102	114	-0.178	34	0.044	22	0.008
sams-early-morning-range-lines/family5	1h	1	36	0.366	13.2	18	0.284	18	0.449	79	0.042	28	0.273	8	0.692
machine-learning-rsi-ai-classification-ranking-zeiierman/family5	1h	2	26	0.182	4.7	11	0.143	15	0.210	69	0.053	21	0.160	5	0.271
btc-ema-5-9-flip-strategy-autobot/family5	1h	1	8	-0.167	-1.3	3	-1.000	5	0.333	21	-0.315	8	-0.167	0	0.000
swing-multi-moving-averages-crypto-and-stocks-strategy/family5	1h	3	96	0.050	4.8	41	0.213	55	-0.072	270	-0.055	96	0.050	0	0.000
trendsync-pro-smc/family5	1h	1	28	0.117	3.3	14	0.127	14	0.107	42	0.046	20	-0.035	8	0.496
williams-r-zone-scalper-v1-0-bullbyte/family5	1h	1	26	0.093	2.4	13	-0.287	13	0.472	61	-0.182	22	0.128	4	-0.101
weekend-hunter-ultimate-v6-2/family5	1h	4	5	0.265	1.3	4	0.255	1	0.304	43	0.006	5	0.265	0	0.000
smart-grid-scalping-pullback-strategy-bullbyte/family5	1h	1	22	-0.118	-2.6	8	-0.051	14	-0.156	33	-0.310	8	0.015	14	-0.194
macd-pullback-sniper-trend-adx-filtered-strategy/family5	1h	1	21	0.092	1.9	9	-0.692	12	0.681	34	-0.075	16	0.431	5	-0.991
pro-scalper-ai-bullbyte/family5	1h	2	36	-0.016	-0.6	11	-0.059	25	0.003	324	-0.142	6	0.360	30	-0.092
ema-pullback-trend-continuation-strategy-with-volume-and-momentu/family5	1h	1	24	-0.004	-0.1	8	0.206	16	-0.109	53	0.053	21	-0.016	3	0.078
execution-aware-trend/family5	1h	1	18	0.185	3.3	5	-0.369	13	0.398	41	-0.009	16	0.164	2	0.351
coil-breaker-rsi-range-compression/family5	1h	1	15	0.605	9.1	5	-0.258	10	1.037	41	-0.005	13	0.747	2	-0.317
channel-reversion-system/family5	1h	1	15	0.109	1.6	6	-0.612	9	0.590	18	-0.227	15	0.109	0	0.000
slope-ma-cross-acc-range-filter/family5	1h	3	18	0.099	1.8	10	0.237	8	-0.073	123	0.090	15	-0.074	3	0.963
momentum-bands-breakout/family5	1h	1	15	0.564	8.5	9	0.076	6	1.297	48	0.182	15	0.564	0	0.000
trendshift-supertrend-adx-regime-adaptive-strategy/family5	1h	1	31	-0.020	-0.6	17	-0.135	14	0.119	63	-0.125	23	-0.030	8	0.007
vwap-trend-momentum/family5	1h	1	13	0.241	3.1	6	0.074	7	0.384	38	-0.196	11	0.176	2	0.602
dnse-vn301-sma-34-89-dual-slope-strategy/family5	1h	2	10	-0.001	-0.0	3	0.073	7	-0.033	102	-0.021	8	0.078	2	-0.317
fair-value-gap-strategy-with-break-of-structure-confirmation/family5	1h	1	29	-0.100	-2.9	18	-0.073	11	-0.144	86	-0.104	24	-0.206	5	0.408
bist30-to-sp-500-atr-momentum-rider/family5	1h	2	25	-0.216	-5.4	11	-0.120	14	-0.292	76	-0.218	25	-0.216	0	0.000
elite-hybrid-orb/family5	1h	3	6	0.164	1.0	4	0.424	2	-0.355	9	0.294	6	0.164	0	0.000
tradleware-dca/family5	1h	2	23	-0.147	-3.4	12	0.140	11	-0.461	94	-0.080	23	-0.147	0	0.000
ultimate-prop-firm/family5	1h	1	20	0.283	5.7	11	0.014	9	0.613	45	0.117	14	0.414	6	-0.022
cloud-pro-ichimoku-confluence/family5	1h	3	20	0.068	1.4	11	0.103	9	0.026	103	-0.083	17	-0.085	3	0.937
pg-mcx-silver-long-v6-mtf-momentum-profit-trailing/family5	1h	2	49	-0.081	-4.0	18	0.052	31	-0.158	134	0.107	49	-0.081	0	0.000
dnse-vn301-bollinger-bands-break-out-strategy/family5	1h	1	11	0.534	5.9	4	0.117	7	0.771	30	-0.002	8	0.721	3	0.034
nnfx-btc-ssl-qqe-signalforge/family5	1h	3	36	0.048	1.7	14	0.286	22	-0.104	189	-0.233	29	0.068	7	-0.037
z-edge-confluence-z-score-strategy/family5	1h	3	20	-0.154	-3.1	8	0.295	12	-0.452	133	-0.092	14	-0.102	6	-0.275
hyperliquid-ready-webhook-strategy-template/family5	1h	1	36	0.068	2.5	15	0.356	21	-0.137	57	0.009	24	-0.092	12	0.390
ema-25-68-bist30-futures/family5	1h	2	13	-0.286	-3.7	5	-0.202	8	-0.339	45	-0.052	13	-0.286	0	0.000
daybreak-strategy/family5	1h	2	27	-0.034	-0.9	12	0.120	15	-0.158	125	-0.118	22	-0.066	5	0.104
tp-sl-toolkit/family5	1h	1	65	0.066	4.3	33	-0.054	32	0.190	121	-0.062	47	-0.034	18	0.326
vwap-suite-trend-mean-reversion-with-adaptive-filters/family5	1h	1	25	-0.028	-0.7	16	0.392	9	-0.774	47	-0.108	18	0.046	7	-0.219
dnse-vn301-donchian-break-out-strategy/family5	1h	1	9	-0.134	-1.2	2	-0.342	7	-0.075	27	0.145	7	-0.075	2	-0.342
webhook-alert-strategy-template/family5	1h	1	33	0.042	1.4	14	0.211	19	-0.082	57	-0.082	23	-0.013	10	0.169
fractal-memory-strategy/family5	1h	1	9	-0.445	-4.0	5	-0.002	4	-1.000	23	-0.507	9	-0.445	0	0.000
adaptive-atr-scalper-instant-lock-version/family5	1h	1	17	-0.291	-4.9	7	-0.471	10	-0.164	41	-0.296	14	-0.277	3	-0.355
btc-trend-momentum-strategy/family5	1h	2	4	-0.029	-0.1	0	0.000	4	-0.029	29	0.088	3	0.295	1	-1.000
super-trend-signal-engine-quantum-edge/family5	1h	3	17	-0.029	-0.5	9	0.195	8	-0.281	74	-0.180	15	-0.174	2	1.059
donchian-breakout-with-atr-trailing-stop-trend-following/family5	1h	2	15	-0.280	-4.2	4	-0.067	11	-0.357	64	0.093	15	-0.280	0	0.000
dual-bollinger-band-cross-strategy-v6/family5	1h	3	37	-0.081	-3.0	17	0.114	20	-0.246	123	-0.119	37	-0.081	0	0.000
optimized-doji-breakout-strategy-short-only-v6/family5	1h	1	38	0.011	0.4	17	0.287	21	-0.212	105	-0.135	0	0.000	38	0.011
smoothed-heiken-ashi-strategy-v1/family5	1h	1	25	0.231	5.8	9	0.375	16	0.150	59	0.022	13	0.148	12	0.321
xau-clear-ema-atr-strategy-tp-sl-voice-v6-clean-tp/family5	1h	1	26	-0.152	-4.0	15	-0.207	11	-0.077	91	-0.294	23	-0.121	3	-0.386
xau-clear-ema-atr-strategy-tp-sl-voice-v6/family5	1h	1	26	-0.152	-4.0	15	-0.207	11	-0.077	91	-0.294	23	-0.121	3	-0.386
smc-clean-4h-zones-center-labels-hh-hl-ll-lh/family5	1h	2	74	-0.011	-0.8	26	0.388	48	-0.227	1113	-0.078	60	0.012	14	-0.110
apex-fusion-ai-smart-trend-engine/family5	1h	3	18	-0.354	-6.4	6	0.080	12	-0.571	117	-0.029	17	-0.429	1	0.914
bps-v17-strong-trend-filter/family5	1h	1	34	0.018	0.6	17	-0.424	17	0.460	56	0.040	34	0.018	0	0.000
bps-v17-strong-trend-filter-tv-strategies/family5	1h	1	34	0.018	0.6	17	-0.424	17	0.460	56	0.040	34	0.018	0	0.000
btc-8am-pattern-breakout-instant-entry/family5	1h	3	34	-0.107	-3.6	16	0.090	18	-0.282	226	-0.138	28	-0.123	6	-0.033
vwap-points-percent-ticks-strategy/family5	1h	2	56	0.128	7.2	21	0.213	35	0.078	345	-0.109	44	0.108	12	0.202
pm-range-breakout-retest-fade/family5	1h	1	15	0.074	1.1	4	-0.693	11	0.353	33	0.000	11	0.046	4	0.150
vwap-stdev-bands-reversal-strategy/family5	1h	3	22	-0.079	-1.7	9	0.172	13	-0.253	144	-0.146	16	0.067	6	-0.469
bollinger-squeeze-breakout-volume/family5	1h	1	36	0.124	4.5	19	-0.334	17	0.637	69	0.095	28	0.233	8	-0.257
hard-entry-exit-rules/family5	1h	1	17	0.378	6.4	8	-0.109	9	0.810	38	0.147	15	0.469	2	-0.306
arbf-strategy-v1-8/family5	1h	2	19	0.015	0.3	6	0.341	13	-0.136	86	-0.092	16	-0.027	3	0.238
xauusd-hull-pullback-tester-2-0/family5	1h	1	41	-0.005	-0.2	18	0.112	23	-0.096	101	0.051	24	0.084	17	-0.131
reverse-bb-kc/family5	1h	2	17	0.424	7.2	8	0.330	9	0.507	56	-0.174	15	0.519	2	-0.291
mcginley-t3-flow-campaign-nick789-v-1/family5	1h	1	21	0.308	6.5	5	0.490	16	0.252	40	0.075	19	0.446	2	-1.000
tomukas-daily-scale-in/family5	1h	2	4	0.096	0.4	0	0.000	4	0.096	39	-0.233	4	0.096	0	0.000
10-tech-indexes-score-system/family5	1h	1	10	0.488	4.9	4	0.598	6	0.414	25	0.242	10	0.488	0	0.000
trend-persistence-analysis-framework/family5	1h	1	70	0.125	8.8	33	0.052	37	0.190	189	0.028	60	0.205	10	-0.356
ewo-rsi-advanced-signals-strategy-exhaustion-filter/family5	1h	2	25	-0.288	-7.2	14	-0.206	11	-0.392	126	-0.352	18	-0.306	7	-0.243
hemant-gold-strategy/family5	1h	1	29	0.418	12.1	13	0.631	16	0.246	74	-0.061	24	0.449	5	0.272
high-activity-penny-stock-strategy-v6/family5	1h	1	24	-0.041	-1.0	9	-0.238	15	0.078	46	-0.189	16	0.109	8	-0.340
bb-kc-squeeze-breakout/family5	1h	1	15	0.527	7.9	5	-0.444	10	1.012	45	0.136	11	0.832	4	-0.312
kaufman-moving-average-adaptive-strategy-by-mkb/family5	1h	2	28	-0.138	-3.9	13	-0.032	15	-0.230	75	-0.220	28	-0.138	0	0.000
ac20-55emagdcrosstest/family5	1h	1	33	0.130	4.3	15	0.396	18	-0.092	57	-0.031	23	-0.062	10	0.571
ai-slop-holy-grail-trap-btc-1h-non-repainting-overfit/family5	1h	1	28	0.155	4.3	16	0.133	12	0.184	42	-0.042	24	0.116	4	0.386
bollinger-bands-simple-strategy/family5	1h	2	37	0.052	1.9	14	0.201	23	-0.038	163	-0.139	31	0.146	6	-0.430
adaptive-dual-engine-strategy-momentum-mean-reversion/family5	1h	4	3	0.233	0.7	2	0.849	1	-1.000	271	-0.099	3	0.233	0	0.000
estrategia-dpo-artedejubilarte/family5	1h	1	47	0.089	4.2	20	0.198	27	0.009	112	-0.074	29	-0.040	18	0.298
nasrul-fib-sr-m5/family5	1h	2	17	0.166	2.8	6	0.103	11	0.199	98	-0.151	15	0.082	2	0.790
volatility-surge-strategy/family5	1h	3	4	-0.024	-0.1	1	-1.000	3	0.301	41	-0.143	4	-0.024	0	0.000
master-structural-engine/family5	1h	1	19	-0.303	-5.8	4	-0.667	15	-0.206	34	-0.314	17	-0.417	2	0.664
yuri-garcia-narrow-state-strategy-ygils/family5	1h	1	16	0.460	7.4	3	0.325	13	0.491	37	0.096	12	0.540	4	0.220
9-21ema-anji/family5	1h	1	10	0.041	0.4	6	-0.258	4	0.491	22	-0.324	6	-0.146	4	0.323
supertrend-bb-strategy/family5	1h	2	23	0.199	4.6	12	0.229	11	0.166	70	-0.059	18	0.123	5	0.475
engulfing-mitigation-strategy/family5	1h	3	50	-0.035	-1.7	23	0.001	27	-0.065	311	-0.089	40	-0.102	10	0.234
vumanchu-wt-zero-cross-strategy-v1-2-2/family5	1h	3	32	0.004	0.1	15	0.175	17	-0.146	135	-0.182	28	-0.185	4	1.329
vumanchu-wt-zero-cross-strategy-v1-2-3/family5	1h	3	27	0.039	1.1	11	0.231	16	-0.093	98	-0.113	24	-0.122	3	1.327
bb-macd-v6-1-5-qing-smart-distribution/family5	1h	1	67	0.086	5.8	30	-0.119	37	0.252	91	0.032	67	0.086	0	0.000
vumanchu-wt-zero-cross-v1-1b/family5	1h	3	32	0.004	0.1	15	0.175	17	-0.146	135	-0.182	28	-0.185	4	1.329
vishall-ema-9-20-50-200-dmi-adx-strategy/family5	1h	1	21	0.129	2.7	9	-0.275	12	0.432	36	0.410	21	0.129	0	0.000
nifty-supertrend-ce-strategy-alice-blue/family5	1h	2	22	0.254	5.6	11	0.341	11	0.166	79	-0.083	18	0.123	4	0.844
velocity-breakout-strategy-vbs/family5	1h	3	20	0.090	1.8	10	0.237	10	-0.057	75	0.004	17	0.010	3	0.541
ultimate-pattern-engine-ema-stochastic-by-rony/family5	1h	2	46	-0.050	-2.3	18	-0.070	28	-0.037	372	-0.056	43	-0.014	3	-0.568
fair-value-gap-continuation-framework/family5	1h	1	102	0.101	10.3	49	-0.142	53	0.325	230	-0.065	74	0.057	28	0.216
pm-range-breakout-retest-fade-tv-strategies/family5	1h	1	15	0.074	1.1	4	-0.693	11	0.353	33	0.000	11	0.046	4	0.150
tjr-v4-strategy/family5	1h	2	60	-0.106	-6.4	29	-0.049	31	-0.160	320	-0.185	46	-0.121	14	-0.059
surgical-sweep-original-restored/family5	1h	1	18	-0.102	-1.8	12	-0.108	6	-0.092	31	-0.097	13	0.032	5	-0.453
qqe-channel-strategy/family5	1h	3	30	0.131	3.9	14	0.106	16	0.153	137	-0.126	26	0.128	4	0.149
ut-bot-v2-atr-trailing-stop/family5	1h	2	57	-0.030	-1.7	25	-0.013	32	-0.043	375	-0.151	50	-0.071	7	0.266
egan-s-pure-structure-s-d-strategy-backtest/family5	1h	2	24	-0.052	-1.2	10	0.491	14	-0.439	204	-0.054	21	-0.139	3	0.560
sma-4-sma-30/family5	1h	2	28	0.154	4.3	11	0.070	17	0.209	146	-0.030	24	-0.019	4	1.192
europon-reversal-fx-rush-ver2-strategy/family5	1h	2	50	-0.124	-6.2	23	-0.216	27	-0.045	300	-0.213	40	-0.205	10	0.200
dca-grid-15-orders-1-1-step-1-8-tp/family5	1h	1	72	0.027	1.9	21	-0.285	51	0.155	106	0.077	72	0.027	0	0.000
institutional-ob-entry-exit-sl-strategy/family5	1h	1	23	-0.044	-1.0	7	-0.344	16	0.088	52	0.009	21	-0.132	2	0.882
smart-trend-strategy-julzalgo/family5	1h	1	35	-0.068	-2.4	18	-0.108	17	-0.025	74	0.012	25	-0.149	10	0.134
supertrend-strategy/family5	1h	2	23	0.199	4.6	12	0.229	11	0.166	82	-0.101	18	0.123	5	0.475
macd-crossover-strategy/family5	1h	2	33	0.202	6.7	16	0.249	17	0.158	229	-0.119	27	0.131	6	0.523
expma-analysis/family5	1h	1	27	-0.237	-6.4	13	-0.333	14	-0.148	44	-0.219	27	-0.237	0	0.000
scalping-london-new-york-strategy/family5	1h	3	34	0.013	0.4	9	0.565	25	-0.186	213	-0.092	31	0.111	3	-1.000
strategy-validation-framework-standardised-atr-exits-1-ris/family5	1h	1	30	0.124	3.7	15	-0.016	15	0.264	40	-0.035	20	-0.025	10	0.421
serhan1-wma-rsi-trailing-scalp-date-filter/family5	1h	1	30	0.140	4.2	19	0.152	11	0.120	68	-0.179	18	0.273	12	-0.060
market-breadth-trend-strategy/family5	1h	2	20	-0.243	-4.9	4	0.262	16	-0.369	182	-0.016	19	-0.203	1	-1.000
session-king-alma-with-session-filter/family5	1h	1	37	-0.162	-6.0	16	-0.398	21	0.018	82	-0.059	27	-0.118	10	-0.281
twe-2-bar-break-strategy/family5	1h	2	64	-0.033	-2.1	28	0.111	36	-0.145	391	-0.078	56	-0.078	8	0.279
15m-nifty-multi-day-swing-target-engine-v1-0/family5	1h	1	18	-0.355	-6.4	12	-0.363	6	-0.338	45	-0.228	10	-0.455	8	-0.231
manoj-betrayed-me/family5	1h	2	28	-0.151	-4.2	12	-0.039	16	-0.235	178	-0.083	25	-0.126	3	-0.362
double-tap/family5	1h	2	22	-0.132	-2.9	13	-0.159	9	-0.093	138	0.043	20	-0.114	2	-0.317
btcusd-4h-ema-swing-strategy/family5	1h	2	13	-0.252	-3.3	4	-0.206	9	-0.273	59	-0.199	12	-0.301	1	0.334
simple-breakout-strategy-santana/family5	1h	1	51	0.170	8.7	27	0.218	24	0.117	95	0.082	33	0.100	18	0.299
ahlenaz/family5	1h	1	16	0.217	3.5	3	-0.396	13	0.359	59	0.146	16	0.217	0	0.000
ema-40-pullback-pyramid-strategy/family5	1h	1	111	-0.073	-8.2	53	-0.021	58	-0.122	282	-0.119	85	-0.123	26	0.087
fair-value-gap-strategy/family5	1h	5	8	-0.027	-0.2	4	0.309	4	-0.363	345	-0.154	8	-0.027	0	0.000
ll-momentum-and-curl-master/family5	1h	1	22	0.157	3.5	9	-0.460	13	0.584	73	0.047	21	0.212	1	-1.000
the-greatest-bot-ever-made-pmt-apex-edition/family5	1h	1	67	0.149	10.0	32	-0.116	35	0.390	139	-0.012	52	0.175	15	0.057
the-greatest-bot-ever-made-pmt-apex-edition-tv-strategies/family5	1h	1	67	0.149	10.0	32	-0.116	35	0.390	139	-0.012	52	0.175	15	0.057
quanloki-qqe-system-opposite-signal-only-points/family5	1h	3	28	-0.080	-2.3	12	0.024	16	-0.159	165	-0.168	24	-0.095	4	0.007
adaptive-multi-factor-v1-update-9-years/family5	1h	3	48	-0.024	-1.1	22	0.085	26	-0.116	303	-0.080	41	-0.062	7	0.198
silver-surfer/family5	1h	5	7	-0.174	-1.2	4	-0.191	3	-0.151	341	-0.147	7	-0.174	0	0.000
atm-adaptive-zone-momentum-scalper-1h/family5	1h	2	91	-0.042	-3.8	42	0.085	49	-0.150	929	-0.110	76	-0.063	15	0.065
ema-9-vwap-strategy-with-atr-trailing-stop-win-the-trade/family5	1h	2	50	0.226	11.3	21	0.247	29	0.210	337	-0.065	43	0.257	7	0.035
atm/family5	1h	2	91	-0.042	-3.8	42	0.085	49	-0.150	929	-0.110	76	-0.063	15	0.065
adaptive-multi-facto-9-years/family5	1h	2	42	-0.058	-2.4	18	0.251	24	-0.290	202	-0.022	35	-0.203	7	0.666
fast-scalper-with-stops/family5	1h	3	37	-0.022	-0.8	16	0.193	21	-0.186	236	-0.159	32	-0.006	5	-0.121
fast-scalper-with-stops-tv-strategies/family5	1h	3	37	-0.022	-0.8	16	0.193	21	-0.186	236	-0.159	32	-0.006	5	-0.121
fast-scalper-with-stops-tv-strategies-cg3o8g9a/family5	1h	2	25	-0.211	-5.3	9	-0.092	16	-0.278	119	-0.158	22	-0.204	3	-0.260
sttrend-tp-lock-added/family5	1h	2	18	-0.083	-1.5	10	0.075	8	-0.281	73	-0.192	15	-0.174	3	0.373
fast-scalper-with-stops-tv-strategies-mcwal9oa/family5	1h	3	37	-0.022	-0.8	16	0.193	21	-0.186	236	-0.159	32	-0.006	5	-0.121
es-1m-3m-momentum-signal-flip-exits/family5	1h	1	11	-0.134	-1.5	7	-0.254	4	0.075	20	-0.221	10	-0.367	1	2.200
9-ema-20-ema-retest-strategy/family5	1h	1	49	0.061	3.0	26	0.014	23	0.114	113	0.041	37	0.021	12	0.183
clean-vwap-zl-scalper-single-trigger-by-sandip/family5	1h	3	51	-0.037	-1.9	25	0.053	26	-0.124	336	-0.126	43	-0.101	8	0.304
clean-vwap-zl-scalper-single-trigger-by-david/family5	1h	3	51	-0.037	-1.9	25	0.053	26	-0.124	336	-0.126	43	-0.101	8	0.304
good-luck/family5	1h	1	23	0.101	2.3	12	0.106	11	0.095	71	-0.015	20	0.003	3	0.751
spike-ea-trade-strategy/family5	1h	2	62	0.060	3.7	26	0.154	36	-0.008	410	-0.072	45	0.154	17	-0.190
nasdaq-oro-bruto-24h-mejorada/family5	1h	1	40	0.241	9.6	14	-0.216	26	0.487	105	0.074	35	0.176	5	0.694
nasdaq-nq-24h-mejorada/family5	1h	1	40	0.241	9.6	14	-0.216	26	0.487	105	0.074	35	0.176	5	0.694
zr-grizzly/family5	1h	2	23	-0.153	-3.5	7	0.355	16	-0.375	114	-0.177	21	-0.270	2	1.074
concordance-execution-model/family5	1h	1	17	0.211	3.6	1	-1.000	16	0.286	52	0.112	17	0.211	0	0.000
frosty-alerts/family5	1h	2	131	-0.021	-2.8	58	0.098	73	-0.116	1942	-0.090	100	0.013	31	-0.131
caldera-meridian-strategy/family5	1h	2	7	0.004	0.0	0	0.000	7	0.004	81	-0.157	7	0.004	0	0.000
enso-usdt-12h-trend-pullback-sniper/family5	1h	1	17	0.357	6.1	8	0.153	9	0.538	38	0.018	12	0.654	5	-0.357
sebbiottino-trailing-stop-so-good-ger40-1m/family5	1h	2	36	0.112	4.0	13	0.166	23	0.082	203	-0.024	33	0.044	3	0.867
ut-bot-shah-200-50-ema/family5	1h	1	13	0.204	2.7	6	0.345	7	0.083	34	0.124	11	0.081	2	0.882
my-strategy-9/family5	1h	1	51	0.170	8.7	27	0.218	24	0.117	95	0.082	33	0.100	18	0.299
psol-01-donchian-channels/family5	1h	1	9	-0.134	-1.2	2	-0.342	7	-0.075	27	0.145	7	-0.075	2	-0.342
helios-institutional-synthesis-strategy/family5	1h	2	35	-0.029	-1.0	13	0.123	22	-0.118	113	-0.130	28	-0.016	7	-0.079
nas100-sp500-turtle-soup-ny-v4-fixed/family5	1h	1	23	-0.174	-4.0	10	-0.195	13	-0.158	41	-0.378	12	-0.394	11	0.066
regime-execution-strategy/family5	1h	2	13	-0.202	-2.6	5	-0.340	8	-0.116	77	-0.190	11	-0.231	2	-0.043
quant-synthesis-strategy/family5	1h	1	21	0.404	8.5	10	0.299	11	0.500	59	-0.029	17	0.386	4	0.481
gold-ai-strategy-v2-0/family5	1h	2	8	0.007	0.1	3	-0.362	5	0.228	65	-0.266	7	-0.123	1	0.914
zeta9-v6/family5	1h	2	41	-0.160	-6.5	22	-0.165	19	-0.153	257	-0.205	33	-0.171	8	-0.113
20-200-sma-strategy/family5	1h	2	36	0.074	2.6	10	0.120	26	0.056	293	-0.062	32	0.099	4	-0.128
liquidity-entry-zones-strategy-2-0/family5	1h	3	43	-0.148	-6.4	21	-0.017	22	-0.273	263	-0.091	40	-0.084	3	-1.000
btc-averages-strategy-long-short/family5	1h	2	14	-0.344	-4.8	4	0.484	10	-0.675	69	-0.084	13	-0.506	1	1.756
concordance-allocation-strategy/family5	1h	1	40	0.056	2.2	19	0.022	21	0.086	87	-0.127	32	0.020	8	0.199
sr-chart-pattern-scalper-v1/family5	1h	1	17	0.141	2.4	8	0.238	9	0.054	51	0.045	15	0.018	2	1.060
amit-eth-strategy/family5	1h	1	35	0.038	1.3	20	-0.249	15	0.421	101	-0.133	31	-0.017	4	0.463
amit-eth-strategy-tv-strategies/family5	1h	1	35	0.038	1.3	20	-0.249	15	0.421	101	-0.133	31	-0.017	4	0.463
moja-strategia-harami-bb/family5	1h	2	19	0.320	6.1	8	1.032	11	-0.198	92	-0.202	15	0.437	4	-0.117
inside-day-breakout-strategy/family5	1h	1	15	0.051	0.8	9	-0.108	6	0.290	34	-0.162	11	0.087	4	-0.048
moja-strategia-harami-bb-tv-strategies/family5	1h	2	19	0.320	6.1	8	1.032	11	-0.198	92	-0.202	15	0.437	4	-0.117
silverstream-v2/family5	1h	2	15	-0.021	-0.3	5	0.024	10	-0.044	166	0.018	11	0.172	4	-0.552
mgc-wyckoff-second-breakout-v3-candle-rr/family5	1h	3	25	0.124	3.1	14	0.138	11	0.106	151	-0.083	22	0.152	3	-0.078
concord-execution-mandate/family5	1h	3	48	-0.005	-0.3	18	0.219	30	-0.140	259	-0.139	40	-0.061	8	0.272
5m-sol-scalper-ha-lorentzian/family5	1h	2	19	0.027	0.5	6	0.273	13	-0.086	82	0.016	18	0.008	1	0.366
asian-box-breakout-strategy/family5	1h	3	20	-0.235	-4.7	10	0.004	10	-0.475	111	-0.131	17	-0.181	3	-0.544
3commas-trail-hunter-reversal-long/family5	1h	1	18	-0.351	-6.3	6	-0.324	12	-0.364	30	-0.256	18	-0.351	0	0.000
super-rsi-strategy/family5	1h	4	12	0.115	1.4	7	0.445	5	-0.348	323	-0.094	12	0.115	0	0.000
super-rsi-strategy-tv-strategies/family5	1h	4	12	0.115	1.4	7	0.445	5	-0.348	323	-0.094	12	0.115	0	0.000
super-rsi-strategy-tv-strategies-nng1sppd/family5	1h	4	12	0.115	1.4	7	0.445	5	-0.348	323	-0.094	12	0.115	0	0.000
bollinger-bands-rsi-live-radar-strategy/family5	1h	1	29	0.300	8.7	13	0.135	16	0.434	69	-0.161	24	0.383	5	-0.100
box-breakout-strategy-dt4b-trader/family5	1h	1	55	0.212	11.7	26	-0.172	29	0.556	129	0.044	43	0.239	12	0.115
sma-strategy/family5	1h	2	62	0.045	2.8	28	0.131	34	-0.026	408	-0.157	50	0.044	12	0.049
3commas-pullback-sniper-strategy/family5	1h	1	21	0.142	3.0	12	0.105	9	0.191	38	0.050	16	0.091	5	0.303
parallax-covenant-strategy/family5	1h	2	26	0.239	6.2	10	0.214	16	0.255	183	-0.147	22	0.135	4	0.811
ttm-momentum-histo-9-ema-21-ema-debit-spread-script/family5	1h	1	60	0.268	16.1	30	0.251	30	0.285	109	0.105	42	0.255	18	0.299
beginner-trend-risk-model-ema-rsi/family5	1h	3	38	0.095	3.6	16	-0.080	22	0.222	176	-0.118	22	0.131	16	0.045
ai-triple-confirmation-strategy/family5	1h	1	24	0.303	7.3	8	-0.362	16	0.636	66	0.086	20	0.236	4	0.638
decoded-volatility-expansion/family5	1h	1	14	-0.037	-0.5	3	0.560	11	-0.200	56	0.020	7	-0.405	7	0.331
ema-dmi-macd-rsi-strategy/family5	1h	1	21	0.152	3.2	5	-0.332	16	0.303	64	0.026	20	0.113	1	0.934
simple-smart-buy-sell-strategy/family5	1h	1	85	0.140	11.9	43	-0.064	42	0.349	179	0.027	60	0.141	25	0.138
albtrader-nq-beast-supertrend-macd-rsi/family5	1h	2	2	0.275	0.6	0	0.000	2	0.275	52	-0.137	2	0.275	0	0.000
take-liquidity-multi-time-frame-tradesystem/family5	1h	2	14	-0.045	-0.6	7	0.172	7	-0.262	73	-0.096	12	0.001	2	-0.316
options-momentum-bias-strategy-v2/family5	1h	3	15	-0.010	-0.2	7	0.121	8	-0.126	87	-0.141	14	-0.037	1	0.366
strategy-461-ts-m15/family5	1h	2	10	-0.200	-2.0	3	-0.543	7	-0.054	126	0.001	10	-0.200	0	0.000
autotrade-bot-v12/family5	1h	3	15	-0.357	-5.4	5	-0.108	10	-0.482	46	-0.145	15	-0.357	0	0.000
lvn-rejection-acceptance-strategy/family5	1h	3	38	0.061	2.3	16	0.378	22	-0.169	190	-0.035	34	-0.044	4	0.957
adaptive-s-r-reversal-rsi-divergence-dca-be-stop-5m/family5	1h	2	11	-0.069	-0.8	5	0.130	6	-0.236	48	-0.266	8	-0.289	3	0.516
nq-scalp-fix-signals/family5	1h	1	26	-0.257	-6.7	11	-0.066	15	-0.398	88	-0.112	25	-0.303	1	0.883
albtrader-nq-btc-gold-multi-tf-signal-bot-v2/family5	1h	1	57	0.001	0.1	29	-0.159	28	0.167	113	-0.134	42	-0.149	15	0.421
ema-crossx/family5	1h	1	46	-0.103	-4.8	24	-0.282	22	0.092	57	-0.095	46	-0.103	0	0.000
strategy-250-xauusd-composite-quality-score/family5	1h	1	11	0.433	4.8	4	-0.219	7	0.805	31	0.030	11	0.433	0	0.000
strategy-432-btc-donchian-breakout-continuation/family5	1h	1	18	0.584	10.5	6	0.861	12	0.445	35	0.279	18	0.584	0	0.000
scalping-reversal-strategy/family5	1h	1	37	-0.165	-6.1	19	-0.081	18	-0.253	66	-0.332	24	0.035	13	-0.533
scalping-ichimoku/family5	1h	1	23	-0.481	-11.1	9	-0.435	14	-0.511	50	-0.438	21	-0.432	2	-1.000
scalping-entry-exit-indicator-by-diget/family5	1h	3	83	-0.015	-1.2	36	0.123	47	-0.121	614	-0.114	70	-0.094	13	0.408
thrax-quickstrike-5-mins-scalping/family5	1h	3	18	0.341	6.1	10	0.423	8	0.238	131	0.071	16	0.281	2	0.824
scalper-s-moving-average-dyna/family5	1h	1	52	0.105	5.5	27	-0.075	25	0.300	136	-0.116	41	0.046	11	0.326
parabolic-sar-heikin-ashi-mtf-candle-scalper/family5	1h	2	42	-0.073	-3.1	20	0.095	22	-0.225	245	-0.157	34	-0.090	8	0.002
scalpers-macd-vwap-filter/family5	1h	3	21	0.132	2.8	9	0.291	12	0.013	142	-0.094	18	0.173	3	-0.114
swing-failure-pattern-sfp-engine-agpro-series/family5	1h	2	7	-0.368	-2.6	4	-0.220	3	-0.567	43	-0.321	5	-0.116	2	-1.000
swing-reversal-auto-targets-jpt-module-1/family5	1h	2	11	-0.269	-3.0	1	-1.000	10	-0.196	124	0.051	11	-0.269	0	0.000
swing-gradient-tpos-boswaves/family5	1h	2	10	-0.141	-1.4	6	-0.107	4	-0.193	76	-0.238	10	-0.141	0	0.000
fast-v-slow-moving-averages-strategy-variable-divonn1994/family5	1h	2	6	0.180	1.1	3	0.047	3	0.314	74	-0.143	0	0.000	6	0.180
contrarian-scalping-counter-trend-bb-envelope-adx-and-stochastic/family5	1h	2	150	0.006	0.8	68	0.047	82	-0.029	2931	-0.071	115	0.039	35	-0.105
god-of-scalping-btc/family5	1h	3	25	0.046	1.2	11	0.329	14	-0.175	159	-0.075	20	0.049	5	0.035
clean-multi-indicator-alignment-system/family5	1h	1	69	-0.136	-9.4	30	-0.407	39	0.073	143	-0.089	51	-0.042	18	-0.402
market-direction-strength-mds/family5	1h	2	47	0.166	7.8	23	0.380	24	-0.040	221	0.002	39	0.097	8	0.499
concordance-strategy/family5	1h	1	11	-0.355	-3.9	4	-0.666	7	-0.178	31	-0.309	10	-0.291	1	-1.000
consensus/family7	1h	4	35	0.152	5.3	16	0.308	19	0.022			28	0.085	7	0.424
consensus/family7	1h	5	32	0.140	4.5	16	0.343	16	-0.063			26	0.105	6	0.292
consensus/family7	1h	6	8	0.135	1.1	5	0.413	3	-0.328			8	0.135	0	0.000
consensus/family7	1h	7	8	0.302	2.4	5	0.660	3	-0.294			8	0.302	0	0.000
abcd-harmonic-projection/family7	1h	2	8	-0.025	-0.2	7	-0.091	1	0.441	39	-0.198	7	0.114	1	-1.000
stealthtrail-supertrend/family7	1h	1	41	0.018	0.7	24	-0.115	17	0.205	77	-0.054	24	0.025	17	0.007
swing-volume-profile-pro/family7	1h	1	44	0.079	3.5	19	0.082	25	0.077	72	0.111	27	0.027	17	0.163
pulse-trend-radar/family7	1h	1	32	-0.294	-9.4	16	-0.271	16	-0.316	49	-0.240	21	-0.398	11	-0.094
dynamic-trend-bands-anchored-vwap-signals/family7	1h	1	20	-0.076	-1.5	7	0.040	13	-0.138	40	-0.203	20	-0.076	0	0.000
pivot-channel-breaks/family7	1h	1	32	-0.022	-0.7	17	-0.087	15	0.053	42	0.032	32	-0.022	0	0.000
triangular-hull-moving-average-volatility/family7	1h	1	29	-0.180	-5.2	14	-0.099	15	-0.255	46	-0.167	29	-0.180	0	0.000
stealthtrail-supertrend-ml-pro/family7	1h	1	33	-0.135	-4.4	21	-0.345	12	0.233	64	-0.137	20	-0.138	13	-0.129
smart-swing-vwap-zeiierman/family7	1h	2	6	-0.124	-0.7	3	0.169	3	-0.416	57	-0.122	5	-0.373	1	1.123
supertrend-cluster-zeiierman/family7	1h	2	25	-0.062	-1.6	12	0.121	13	-0.231	59	-0.063	16	-0.117	9	0.035
bollinger-bands-forecast-with-signals-zeiierman/family7	1h	1	9	0.200	1.8	6	-0.097	3	0.793	40	-0.181	8	0.179	1	0.362
market-memory-average-zeiierman/family7	1h	1	43	0.014	0.6	17	0.268	26	-0.152	66	0.130	24	0.099	19	-0.093
session-killzones-breakouts/family7	1h	2	47	0.151	7.1	26	-0.174	21	0.554	181	-0.102	38	0.099	9	0.371
volume-supertrend-ai-expo/family7	1h	2	16	0.417	6.7	6	0.504	10	0.364	49	-0.026	13	0.455	3	0.251
ai-predictive-flow-zeiierman/family7	1h	1	114	-0.005	-0.6	59	-0.013	55	0.004	208	-0.092	69	0.008	45	-0.024
momentum-sequence-strategy/family7	1h	1	10	-0.287	-2.9	7	-0.438	3	0.064	16	-0.025	10	-0.287	0	0.000
anchored-value-distribution-oscillator-zeiierman/family7	1h	2	98	-0.008	-0.8	44	0.041	54	-0.048	443	-0.095	73	-0.005	25	-0.017
trend-survival-matrix/family7	1h	1	40	-0.054	-2.1	17	0.254	23	-0.281	55	-0.016	19	-0.092	21	-0.019
smart-flow-imbalance/family7	1h	3	17	-0.191	-3.2	5	0.249	12	-0.374	72	-0.132	14	-0.344	3	0.523
ema-trend-pro/family7	1h	1	26	-0.030	-0.8	12	-0.019	14	-0.039	37	0.014	19	-0.092	7	0.141
ema-trend-signals/family7	1h	1	40	-0.054	-2.1	17	0.254	23	-0.281	55	-0.016	19	-0.092	21	-0.019
trend-pullback-guard/family7	1h	2	34	0.019	0.6	21	0.026	13	0.008	126	-0.086	28	0.052	6	-0.137
adaptive-atr-extension-scanner/family7	1h	1	59	0.103	6.1	24	-0.166	35	0.288	80	0.163	59	0.103	0	0.000
rsi-market-regime/family7	1h	2	35	0.022	0.8	15	0.100	20	-0.037	114	-0.178	22	0.078	13	-0.074
sams-early-morning-range-lines/family7	1h	2	26	0.377	9.8	16	0.443	10	0.273	79	0.042	19	0.241	7	0.746
machine-learning-rsi-ai-classification-ranking-zeiierman/family7	1h	1	49	0.077	3.8	22	-0.111	27	0.231	69	0.053	37	0.093	12	0.028
btc-ema-5-9-flip-strategy-autobot/family7	1h	1	8	-0.085	-0.7	4	-0.548	4	0.377	21	-0.315	6	-0.082	2	-0.095
swing-multi-moving-averages-crypto-and-stocks-strategy/family7	1h	5	36	0.201	7.2	13	0.871	23	-0.178	270	-0.055	36	0.201	0	0.000
trendsync-pro-smc/family7	1h	1	24	0.191	4.6	12	0.314	12	0.068	42	0.046	17	0.055	7	0.522
williams-r-zone-scalper-v1-0-bullbyte/family7	1h	1	30	-0.059	-1.8	16	-0.242	14	0.151	61	-0.182	20	-0.085	10	-0.006
weekend-hunter-ultimate-v6-2/family7	1h	1	37	-0.054	-2.0	16	-0.183	21	0.044	43	0.006	37	-0.054	0	0.000
smart-grid-scalping-pullback-strategy-bullbyte/family7	1h	1	11	-0.410	-4.5	5	-0.451	6	-0.375	33	-0.310	4	-0.324	7	-0.459
macd-pullback-sniper-trend-adx-filtered-strategy/family7	1h	1	10	-0.015	-0.2	5	-0.712	5	0.682	34	-0.075	7	0.401	3	-0.986
pro-scalper-ai-bullbyte/family7	1h	2	61	-0.022	-1.4	22	0.053	39	-0.065	324	-0.142	16	0.005	45	-0.032
ema-pullback-trend-continuation-strategy-with-volume-and-momentu/family7	1h	1	20	0.031	0.6	7	-0.237	13	0.176	53	0.053	15	0.036	5	0.018
execution-aware-trend/family7	1h	1	24	0.119	2.9	8	-0.357	16	0.357	41	-0.009	16	0.341	8	-0.326
coil-breaker-rsi-range-compression/family7	1h	2	13	0.066	0.9	5	-0.258	8	0.269	41	-0.005	11	0.136	2	-0.317
channel-reversion-system/family7	1h	1	7	-0.537	-3.8	2	-1.000	5	-0.352	18	-0.227	7	-0.537	0	0.000
slope-ma-cross-acc-range-filter/family7	1h	1	82	0.203	16.7	46	0.245	36	0.150	123	0.090	52	0.229	30	0.159
momentum-bands-breakout/family7	1h	1	29	0.348	10.1	14	-0.080	15	0.747	48	0.182	29	0.348	0	0.000
trendshift-supertrend-adx-regime-adaptive-strategy/family7	1h	1	33	0.033	1.1	20	-0.079	13	0.206	63	-0.125	24	-0.070	9	0.310
vwap-trend-momentum/family7	1h	1	24	-0.148	-3.6	13	-0.217	11	-0.067	38	-0.196	16	0.018	8	-0.480
dnse-vn301-sma-34-89-dual-slope-strategy/family7	1h	1	57	-0.003	-0.2	27	-0.129	30	0.110	102	-0.021	36	0.040	21	-0.078
fair-value-gap-strategy-with-break-of-structure-confirmation/family7	1h	1	53	-0.129	-6.8	39	-0.092	14	-0.232	86	-0.104	30	-0.269	23	0.055
bist30-to-sp-500-atr-momentum-rider/family7	1h	3	16	-0.363	-5.8	8	-0.300	8	-0.426	76	-0.218	16	-0.363	0	0.000
elite-hybrid-orb/family7	1h	1	8	0.027	0.2	6	0.155	2	-0.355	9	0.294	8	0.027	0	0.000
tradleware-dca/family7	1h	2	29	-0.099	-2.9	17	-0.028	12	-0.199	94	-0.080	29	-0.099	0	0.000
ultimate-prop-firm/family7	1h	2	10	0.137	1.4	5	0.469	5	-0.195	45	0.117	7	0.244	3	-0.113
cloud-pro-ichimoku-confluence/family7	1h	5	11	0.500	5.5	7	0.492	4	0.515	103	-0.083	9	0.376	2	1.061
pg-mcx-silver-long-v6-mtf-momentum-profit-trailing/family7	1h	4	22	-0.176	-3.9	8	0.409	14	-0.510	134	0.107	22	-0.176	0	0.000
dnse-vn301-bollinger-bands-break-out-strategy/family7	1h	1	21	-0.035	-0.7	11	-0.285	10	0.240	30	-0.002	12	0.430	9	-0.655
nnfx-btc-ssl-qqe-signalforge/family7	1h	1	79	-0.141	-11.1	36	-0.108	43	-0.168	189	-0.233	48	-0.078	31	-0.238
z-edge-confluence-z-score-strategy/family7	1h	2	21	-0.429	-9.0	12	-0.407	9	-0.458	133	-0.092	18	-0.334	3	-1.000
hyperliquid-ready-webhook-strategy-template/family7	1h	1	41	-0.043	-1.7	17	0.254	24	-0.253	57	0.009	20	-0.068	21	-0.019
ema-25-68-bist30-futures/family7	1h	2	24	-0.031	-0.7	11	-0.065	13	-0.002	45	-0.052	14	0.021	10	-0.105
daybreak-strategy/family7	1h	1	59	0.205	12.1	27	0.119	32	0.278	125	-0.118	39	0.243	20	0.131
dnse-vn301-keltner-break-out-strategy/family7	1h	1	20	-0.115	-2.3	7	-0.596	13	0.144	27	0.043	13	0.150	7	-0.607
trend-efficiency-framework/family7	1h	1	20	0.178	3.6	8	0.039	12	0.270	31	0.353	14	0.311	6	-0.133
tp-sl-toolkit/family7	1h	1	73	0.046	3.4	38	-0.031	35	0.131	121	-0.062	42	0.045	31	0.049
vwap-suite-trend-mean-reversion-with-adaptive-filters/family7	1h	1	33	-0.071	-2.3	18	0.626	15	-0.907	47	-0.108	18	0.083	15	-0.255
dnse-vn301-donchian-break-out-strategy/family7	1h	1	18	-0.061	-1.1	6	-0.548	12	0.183	27	0.145	11	0.413	7	-0.805
webhook-alert-strategy-template/family7	1h	1	43	-0.034	-1.5	17	0.159	26	-0.160	57	-0.082	23	0.049	20	-0.129
fractal-memory-strategy/family7	1h	1	16	-0.455	-7.3	6	-0.168	10	-0.628	23	-0.507	12	-0.274	4	-1.000
adaptive-atr-scalper-instant-lock-version/family7	1h	2	10	-0.132	-1.3	3	0.234	7	-0.288	41	-0.296	8	-0.156	2	-0.033
btc-trend-momentum-strategy/family7	1h	1	18	0.178	3.2	7	0.403	11	0.036	29	0.088	11	0.162	7	0.204
super-trend-signal-engine-quantum-edge/family7	1h	1	47	-0.179	-8.4	27	-0.269	20	-0.056	74	-0.180	27	-0.217	20	-0.127
donchian-breakout-with-atr-trailing-stop-trend-following/family7	1h	1	47	0.125	5.9	20	-0.310	27	0.447	64	0.093	47	0.125	0	0.000
dual-bollinger-band-cross-strategy-v6/family7	1h	1	79	-0.037	-2.9	41	-0.075	38	0.004	123	-0.119	79	-0.037	0	0.000
optimized-doji-breakout-strategy-short-only-v6/family7	1h	1	44	-0.048	-2.1	21	0.177	23	-0.253	105	-0.135	0	0.000	44	-0.048
smoothed-heiken-ashi-strategy-v1/family7	1h	3	13	-0.054	-0.7	5	0.376	8	-0.323	59	0.022	7	-0.339	6	0.278
xau-clear-ema-atr-strategy-tp-sl-voice-v6-clean-tp/family7	1h	1	36	-0.265	-9.5	20	-0.370	16	-0.134	91	-0.294	23	-0.182	13	-0.410
xau-clear-ema-atr-strategy-tp-sl-voice-v6/family7	1h	1	36	-0.265	-9.5	20	-0.370	16	-0.134	91	-0.294	23	-0.182	13	-0.410
smc-clean-4h-zones-center-labels-hh-hl-ll-lh/family7	1h	1	207	-0.036	-7.5	95	-0.070	112	-0.008	1113	-0.078	128	-0.037	79	-0.035
apex-fusion-ai-smart-trend-engine/family7	1h	5	13	-0.353	-4.6	4	0.141	9	-0.573	117	-0.029	13	-0.353	0	0.000
bps-v17-strong-trend-filter/family7	1h	2	17	-0.282	-4.8	11	-0.399	6	-0.067	56	0.040	17	-0.282	0	0.000
bps-v17-strong-trend-filter-tv-strategies/family7	1h	2	17	-0.282	-4.8	11	-0.399	6	-0.067	56	0.040	17	-0.282	0	0.000
btc-8am-pattern-breakout-instant-entry/family7	1h	1	89	-0.044	-3.9	44	-0.055	45	-0.033	226	-0.138	57	0.023	32	-0.163
vwap-points-percent-ticks-strategy/family7	1h	1	163	0.104	17.0	79	0.181	84	0.031	345	-0.109	94	0.210	69	-0.040
pm-range-breakout-retest-fade/family7	1h	1	23	-0.114	-2.6	11	-0.471	12	0.214	33	0.000	14	-0.101	9	-0.134
vwap-stdev-bands-reversal-strategy/family7	1h	1	42	-0.174	-7.3	22	-0.062	20	-0.298	144	-0.146	26	-0.093	16	-0.307
bollinger-squeeze-breakout-volume/family7	1h	4	13	0.077	1.0	6	0.152	7	0.013	69	0.095	12	0.052	1	0.369
hard-entry-exit-rules/family7	1h	1	29	0.251	7.3	15	-0.126	14	0.655	38	0.147	19	0.595	10	-0.403
arbf-strategy-v1-8/family7	1h	1	52	-0.033	-1.7	22	-0.019	30	-0.042	86	-0.092	32	-0.125	20	0.116
xauusd-hull-pullback-tester-2-0/family7	1h	1	35	0.103	3.6	13	0.224	22	0.031	101	0.051	24	0.221	11	-0.155
reverse-bb-kc/family7	1h	1	26	0.022	0.6	14	-0.214	12	0.297	56	-0.174	19	0.208	7	-0.482
mcginley-t3-flow-campaign-nick789-v-1/family7	1h	1	21	-0.117	-2.5	7	-0.806	14	0.228	40	0.075	17	-0.009	4	-0.575
tomukas-daily-scale-in/family7	1h	2	1	-1.000	-1.0	1	-1.000	0	0.000	39	-0.233	1	-1.000	0	0.000
10-tech-indexes-score-system/family7	1h	2	12	0.233	2.8	4	0.598	8	0.050	25	0.242	12	0.233	0	0.000
trend-persistence-analysis-framework/family7	1h	1	93	0.106	9.9	46	-0.003	47	0.213	189	0.028	62	0.257	31	-0.194
ewo-rsi-advanced-signals-strategy-exhaustion-filter/family7	1h	1	41	-0.308	-12.6	20	-0.345	21	-0.272	126	-0.352	27	-0.314	14	-0.297
hemant-gold-strategy/family7	1h	1	26	0.064	1.7	12	-0.082	14	0.189	74	-0.061	18	0.185	8	-0.208
high-activity-penny-stock-strategy-v6/family7	1h	1	25	-0.180	-4.5	11	-0.336	14	-0.057	46	-0.189	13	0.028	12	-0.405
bb-kc-squeeze-breakout/family7	1h	1	27	0.159	4.3	13	-0.421	14	0.697	45	0.136	18	0.471	9	-0.465
kaufman-moving-average-adaptive-strategy-by-mkb/family7	1h	4	13	-0.312	-4.1	6	0.072	7	-0.641	75	-0.220	13	-0.312	0	0.000
ac20-55emagdcrosstest/family7	1h	1	39	0.035	1.4	18	0.239	21	-0.139	57	-0.031	20	-0.010	19	0.083
ai-slop-holy-grail-trap-btc-1h-non-repainting-overfit/family7	1h	1	22	0.057	1.2	10	-0.096	12	0.184	42	-0.042	18	-0.016	4	0.386
bollinger-bands-simple-strategy/family7	1h	1	73	-0.024	-1.8	31	0.058	42	-0.084	163	-0.139	46	0.048	27	-0.147
adaptive-dual-engine-strategy-momentum-mean-reversion/family7	1h	2	60	0.005	0.3	28	-0.069	32	0.070	271	-0.099	44	0.035	16	-0.077
estrategia-dpo-artedejubilarte/family7	1h	1	62	0.006	0.4	29	0.010	33	0.002	112	-0.074	32	-0.207	30	0.232
nasrul-fib-sr-m5/family7	1h	1	50	0.156	7.8	12	-0.003	38	0.206	98	-0.151	33	0.251	17	-0.029
volatility-surge-strategy/family7	1h	3	8	-0.169	-1.3	2	-0.309	6	-0.122	41	-0.143	7	-0.244	1	0.357
master-structural-engine/family7	1h	1	20	-0.263	-5.3	6	-0.315	14	-0.241	34	-0.314	15	-0.423	5	0.215
yuri-garcia-narrow-state-strategy-ygils/family7	1h	1	18	0.274	4.9	5	-0.205	13	0.458	37	0.096	11	0.441	7	0.012
9-21ema-anji/family7	1h	1	14	-0.031	-0.4	9	-0.155	5	0.193	22	-0.324	5	0.025	9	-0.062
supertrend-bb-strategy/family7	1h	4	14	0.060	0.8	8	0.365	6	-0.346	70	-0.059	12	-0.107	2	1.066
trend-pivot-scale-in/family7	1h	1	16	0.113	1.8	7	-0.602	9	0.670	30	-0.091	11	0.349	5	-0.405
engulfing-mitigation-strategy/family7	1h	1	142	0.074	10.5	71	0.114	71	0.034	311	-0.089	82	0.136	60	-0.010
vumanchu-wt-zero-cross-strategy-v1-2-2/family7	1h	3	48	-0.046	-2.2	22	-0.079	26	-0.019	135	-0.182	34	-0.169	14	0.252
vumanchu-wt-zero-cross-strategy-v1-2-3/family7	1h	2	44	0.001	0.0	19	-0.026	25	0.021	98	-0.113	30	-0.116	14	0.252
bb-macd-v6-1-5-qing-smart-distribution/family7	1h	3	26	0.005	0.1	15	-0.197	11	0.280	91	0.032	26	0.005	0	0.000
vumanchu-wt-zero-cross-v1-1b/family7	1h	3	48	-0.046	-2.2	22	-0.079	26	-0.019	135	-0.182	34	-0.169	14	0.252
vishall-ema-9-20-50-200-dmi-adx-strategy/family7	1h	1	28	0.284	7.9	11	-0.170	17	0.577	36	0.410	28	0.284	0	0.000
nifty-supertrend-ce-strategy-alice-blue/family7	1h	4	14	0.060	0.8	8	0.365	6	-0.346	79	-0.083	12	-0.107	2	1.066
velocity-breakout-strategy-vbs/family7	1h	4	12	0.061	0.7	6	0.379	6	-0.257	75	0.004	11	0.033	1	0.366
ultimate-pattern-engine-ema-stochastic-by-rony/family7	1h	2	78	0.017	1.3	38	-0.154	40	0.178	372	-0.056	67	0.093	11	-0.448
fair-value-gap-continuation-framework/family7	1h	1	128	0.036	4.6	64	-0.097	64	0.168	230	-0.065	82	0.034	46	0.038
pm-range-breakout-retest-fade-tv-strategies/family7	1h	1	23	-0.114	-2.6	11	-0.471	12	0.214	33	0.000	14	-0.101	9	-0.134
tjr-v4-strategy/family7	1h	2	76	-0.071	-5.4	38	-0.119	38	-0.022	320	-0.185	57	-0.110	19	0.048
surgical-sweep-original-restored/family7	1h	1	11	0.038	0.4	6	0.219	5	-0.178	31	-0.097	8	0.086	3	-0.090
qqe-channel-strategy/family7	1h	5	17	0.239	4.1	10	0.402	7	0.005	137	-0.126	14	0.049	3	1.125
ut-bot-v2-atr-trailing-stop/family7	1h	1	145	-0.064	-9.2	75	-0.012	70	-0.119	375	-0.151	92	-0.064	53	-0.063
egan-s-pure-structure-s-d-strategy-backtest/family7	1h	2	59	-0.039	-2.3	35	-0.170	24	0.153	204	-0.054	47	-0.073	12	0.096
sma-4-sma-30/family7	1h	1	75	-0.001	-0.1	40	-0.127	35	0.142	146	-0.030	47	-0.092	28	0.150
europon-reversal-fx-rush-ver2-strategy/family7	1h	1	129	-0.057	-7.4	64	-0.064	65	-0.050	300	-0.213	78	-0.132	51	0.057
dca-grid-15-orders-1-1-step-1-8-tp/family7	1h	2	34	0.024	0.8	10	-0.413	24	0.205	106	0.077	34	0.024	0	0.000
institutional-ob-entry-exit-sl-strategy/family7	1h	2	11	0.110	1.2	5	-0.458	6	0.584	52	0.009	10	0.033	1	0.881
smart-trend-strategy-julzalgo/family7	1h	2	21	-0.070	-1.5	12	-0.135	9	0.015	74	0.012	16	-0.040	5	-0.169
supertrend-strategy/family7	1h	4	14	0.060	0.8	8	0.365	6	-0.346	82	-0.101	12	-0.107	2	1.066
macd-crossover-strategy/family7	1h	1	88	0.054	4.8	47	-0.012	41	0.130	229	-0.119	52	0.117	36	-0.037
expma-analysis/family7	1h	1	33	-0.124	-4.1	17	-0.280	16	0.043	44	-0.219	33	-0.124	0	0.000
scalping-london-new-york-strategy/family7	1h	1	114	-0.078	-8.9	49	-0.181	65	-0.001	213	-0.092	80	0.008	34	-0.282
strategy-validation-framework-standardised-atr-exits-1-ris/family7	1h	3	19	-0.020	-0.4	10	-0.030	9	-0.009	40	-0.035	13	-0.193	6	0.356
serhan1-wma-rsi-trailing-scalp-date-filter/family7	1h	1	34	0.173	5.9	23	0.185	11	0.149	68	-0.179	19	0.206	15	0.132
market-breadth-trend-strategy/family7	1h	2	36	-0.032	-1.1	16	-0.072	20	0.000	182	-0.016	27	-0.021	9	-0.063
session-king-alma-with-session-filter/family7	1h	2	15	-0.222	-3.3	7	-0.799	8	0.283	82	-0.059	12	-0.193	3	-0.338
twe-2-bar-break-strategy/family7	1h	2	112	-0.042	-4.8	52	-0.040	60	-0.044	391	-0.078	85	-0.007	27	-0.153
15m-nifty-multi-day-swing-target-engine-v1-0/family7	1h	1	14	-0.165	-2.3	10	-0.307	4	0.188	45	-0.228	9	-0.245	5	-0.022
manoj-betrayed-me/family7	1h	1	113	0.005	0.6	57	-0.046	56	0.057	178	-0.083	66	0.168	47	-0.224
double-tap/family7	1h	4	15	0.015	0.2	9	0.215	6	-0.284	138	0.043	14	-0.010	1	0.366
btcusd-4h-ema-swing-strategy/family7	1h	1	32	-0.080	-2.6	15	-0.220	17	0.043	59	-0.199	20	-0.063	12	-0.109
simple-breakout-strategy-santana/family7	1h	1	64	0.048	3.1	33	0.016	31	0.083	95	0.082	38	0.097	26	-0.022
ahlenaz/family7	1h	1	39	0.175	6.8	12	-0.150	27	0.319	59	0.146	26	0.476	13	-0.429
nse-elite-strategy-v6-full-system/family7	1h	1	23	0.061	1.4	14	-0.356	9	0.709	36	0.150	15	0.157	8	-0.119
ema-40-pullback-pyramid-strategy/family7	1h	1	114	-0.087	-9.9	55	-0.161	59	-0.017	282	-0.119	84	-0.096	30	-0.059
fair-value-gap-strategy/family7	1h	1	176	-0.025	-4.4	83	-0.074	93	0.019	345	-0.154	113	0.035	63	-0.132
ll-momentum-and-curl-master/family7	1h	2	21	0.134	2.8	9	-0.257	12	0.428	73	0.047	18	0.222	3	-0.391
psol-02-keltner-breakout/family7	1h	1	20	-0.115	-2.3	7	-0.596	13	0.144	27	0.043	13	0.150	7	-0.607
the-greatest-bot-ever-made-pmt-apex-edition/family7	1h	1	86	0.136	11.7	43	0.001	43	0.271	139	-0.012	57	0.162	29	0.085
the-greatest-bot-ever-made-pmt-apex-edition-tv-strategies/family7	1h	1	86	0.136	11.7	43	0.001	43	0.271	139	-0.012	57	0.162	29	0.085
quanloki-qqe-system-opposite-signal-only-points/family7	1h	1	72	0.067	4.8	34	0.009	38	0.118	165	-0.168	49	0.016	23	0.174
adaptive-multi-factor-v1-update-9-years/family7	1h	3	62	0.048	3.0	32	-0.077	30	0.183	303	-0.080	49	0.003	13	0.220
silver-surfer/family7	1h	1	175	-0.022	-3.9	83	-0.065	92	0.016	341	-0.147	112	0.021	63	-0.099
atm-adaptive-zone-momentum-scalper-1h/family7	1h	3	110	0.035	3.9	52	-0.024	58	0.089	929	-0.110	85	0.048	25	-0.008
ema-9-vwap-strategy-with-atr-trailing-stop-win-the-trade/family7	1h	1	139	0.044	6.1	71	-0.005	68	0.095	337	-0.065	83	0.138	56	-0.095
atm/family7	1h	3	110	0.035	3.9	52	-0.024	58	0.089	929	-0.110	85	0.048	25	-0.008
adaptive-multi-facto-9-years/family7	1h	3	49	0.006	0.3	27	0.056	22	-0.056	202	-0.022	38	-0.046	11	0.186
fast-scalper-with-stops/family7	1h	3	29	-0.323	-9.4	16	-0.102	13	-0.595	236	-0.159	26	-0.245	3	-1.000
fast-scalper-with-stops-tv-strategies/family7	1h	3	29	-0.323	-9.4	16	-0.102	13	-0.595	236	-0.159	26	-0.245	3	-1.000
fast-scalper-with-stops-tv-strategies-cg3o8g9a/family7	1h	3	12	-0.154	-1.9	3	0.167	9	-0.261	119	-0.158	10	0.015	2	-1.000
sttrend-tp-lock-added/family7	1h	1	46	-0.198	-9.1	26	-0.308	20	-0.056	73	-0.192	27	-0.217	19	-0.172
fast-scalper-with-stops-tv-strategies-mcwal9oa/family7	1h	3	29	-0.323	-9.4	16	-0.102	13	-0.595	236	-0.159	26	-0.245	3	-1.000
es-1m-3m-momentum-signal-flip-exits/family7	1h	3	7	-0.092	-0.6	4	-0.510	3	0.466	20	-0.221	7	-0.092	0	0.000
9-ema-20-ema-retest-strategy/family7	1h	1	73	0.032	2.3	38	0.119	35	-0.062	113	0.041	44	-0.014	29	0.103
clean-vwap-zl-scalper-single-trigger-by-sandip/family7	1h	1	131	-0.061	-8.0	72	-0.039	59	-0.088	336	-0.126	83	-0.094	48	-0.006
clean-vwap-zl-scalper-single-trigger-by-david/family7	1h	1	131	-0.061	-8.0	72	-0.039	59	-0.088	336	-0.126	83	-0.094	48	-0.006
good-luck/family7	1h	1	34	0.013	0.4	19	0.107	15	-0.107	71	-0.015	23	0.022	11	-0.008
spike-ea-trade-strategy/family7	1h	2	77	0.183	14.1	37	-0.100	40	0.445	410	-0.072	58	0.182	19	0.187
nasdaq-oro-bruto-24h-mejorada/family7	1h	4	6	0.037	0.2	1	0.838	5	-0.124	105	0.074	6	0.037	0	0.000
nasdaq-nq-24h-mejorada/family7	1h	4	6	0.037	0.2	1	0.838	5	-0.124	105	0.074	6	0.037	0	0.000
zr-grizzly/family7	1h	2	27	0.215	5.8	10	0.058	17	0.308	114	-0.177	20	0.186	7	0.300
concordance-execution-model/family7	1h	2	17	-0.044	-0.7	2	-0.293	15	-0.011	52	0.112	15	-0.011	2	-0.293
frosty-alerts/family7	1h	2	143	-0.022	-3.2	74	-0.069	69	0.029	1942	-0.090	106	-0.000	37	-0.085
caldera-meridian-strategy/family7	1h	1	45	0.011	0.5	23	-0.331	22	0.369	81	-0.157	30	0.163	15	-0.292
enso-usdt-12h-trend-pullback-sniper/family7	1h	2	11	-0.066	-0.7	5	0.129	6	-0.229	38	0.018	8	0.112	3	-0.542
sebbiottino-trailing-stop-so-good-ger40-1m/family7	1h	1	116	0.058	6.7	58	0.063	58	0.054	203	-0.024	72	0.127	44	-0.054
ut-bot-shah-200-50-ema/family7	1h	1	19	0.172	3.3	10	0.094	9	0.258	34	0.124	12	0.302	7	-0.052
my-strategy-9/family7	1h	1	64	0.048	3.1	33	0.016	31	0.083	95	0.082	38	0.097	26	-0.022
psol-01-donchian-channels/family7	1h	1	18	-0.061	-1.1	6	-0.548	12	0.183	27	0.145	11	0.413	7	-0.805
helios-institutional-synthesis-strategy/family7	1h	1	59	-0.018	-1.0	26	-0.008	33	-0.025	113	-0.130	36	-0.016	23	-0.020
nas100-sp500-turtle-soup-ny-v4-fixed/family7	1h	1	7	-0.268	-1.9	3	-0.542	4	-0.063	41	-0.378	3	-1.000	4	0.281
regime-execution-strategy/family7	1h	2	21	-0.417	-8.8	12	-0.461	9	-0.359	77	-0.190	16	-0.324	5	-0.717
quant-synthesis-strategy/family7	1h	1	43	0.062	2.7	22	0.201	21	-0.085	59	-0.029	27	-0.024	16	0.206
gold-ai-strategy-v2-0/family7	1h	1	30	-0.215	-6.4	19	-0.377	11	0.065	65	-0.266	20	-0.187	10	-0.271
zeta9-v6/family7	1h	1	123	-0.087	-10.7	62	-0.160	61	-0.013	257	-0.205	76	-0.031	47	-0.177
20-200-sma-strategy/family7	1h	1	158	0.032	5.0	69	-0.145	89	0.169	293	-0.062	115	0.103	43	-0.160
liquidity-entry-zones-strategy-2-0/family7	1h	1	118	-0.007	-0.8	70	-0.012	48	0.000	263	-0.091	77	0.006	41	-0.032
btc-averages-strategy-long-short/family7	1h	1	38	-0.061	-2.3	15	-0.027	23	-0.082	69	-0.084	26	-0.222	12	0.290
concordance-allocation-strategy/family7	1h	2	28	-0.044	-1.2	14	0.099	14	-0.187	87	-0.127	22	-0.093	6	0.133
sr-chart-pattern-scalper-v1/family7	1h	1	30	0.123	3.7	16	0.368	14	-0.156	51	0.045	19	0.096	11	0.171
amit-eth-strategy/family7	1h	5	4	0.235	0.9	2	0.787	2	-0.317	101	-0.133	4	0.235	0	0.000
amit-eth-strategy-tv-strategies/family7	1h	5	4	0.235	0.9	2	0.787	2	-0.317	101	-0.133	4	0.235	0	0.000
moja-strategia-harami-bb/family7	1h	1	29	-0.001	-0.0	14	0.313	15	-0.294	92	-0.202	17	0.155	12	-0.222
inside-day-breakout-strategy/family7	1h	2	14	0.033	0.5	9	-0.108	5	0.286	34	-0.162	10	0.065	4	-0.048
moja-strategia-harami-bb-tv-strategies/family7	1h	1	29	-0.001	-0.0	14	0.313	15	-0.294	92	-0.202	17	0.155	12	-0.222
silverstream-v2/family7	1h	2	35	-0.017	-0.6	19	-0.285	16	0.300	166	0.018	27	0.076	8	-0.334
mgc-wyckoff-second-breakout-v3-candle-rr/family7	1h	3	27	-0.048	-1.3	18	-0.060	9	-0.023	151	-0.083	21	-0.037	6	-0.083
concord-execution-mandate/family7	1h	1	115	-0.121	-14.0	55	-0.056	60	-0.182	259	-0.139	69	-0.110	46	-0.138
5m-sol-scalper-ha-lorentzian/family7	1h	2	22	0.113	2.5	12	0.318	10	-0.132	82	0.016	18	-0.016	4	0.695
asian-box-breakout-strategy/family7	1h	2	29	-0.306	-8.9	16	-0.154	13	-0.494	111	-0.131	23	-0.321	6	-0.251
3commas-trail-hunter-reversal-long/family7	1h	1	14	-0.617	-8.6	7	-0.621	7	-0.613	30	-0.256	14	-0.617	0	0.000
super-rsi-strategy/family7	1h	4	43	0.190	8.2	18	0.446	25	0.006	323	-0.094	39	0.123	4	0.840
super-rsi-strategy-tv-strategies/family7	1h	4	43	0.190	8.2	18	0.446	25	0.006	323	-0.094	39	0.123	4	0.840
super-rsi-strategy-tv-strategies-nng1sppd/family7	1h	4	43	0.190	8.2	18	0.446	25	0.006	323	-0.094	39	0.123	4	0.840
bollinger-bands-rsi-live-radar-strategy/family7	1h	1	23	0.165	3.8	8	0.314	15	0.085	69	-0.161	18	0.239	5	-0.100
box-breakout-strategy-dt4b-trader/family7	1h	4	18	-0.081	-1.5	8	0.172	10	-0.283	129	0.044	17	-0.107	1	0.369
sma-strategy/family7	1h	1	154	-0.048	-7.4	76	0.034	78	-0.129	408	-0.157	93	-0.079	61	-0.002
parallax-covenant-strategy/family7	1h	3	39	0.088	3.4	18	-0.198	21	0.334	183	-0.147	31	0.196	8	-0.330
ttm-momentum-histo-9-ema-21-ema-debit-spread-script/family7	1h	1	77	0.132	10.1	37	0.032	40	0.224	109	0.105	51	0.210	26	-0.022
beginner-trend-risk-model-ema-rsi/family7	1h	3	37	0.004	0.1	21	-0.269	16	0.362	176	-0.118	25	-0.006	12	0.025
rr-master-lc/family7	1h	1	17	-0.009	-0.2	7	-0.023	10	-0.000	24	-0.041	11	0.219	6	-0.429
ai-triple-confirmation-strategy/family7	1h	2	17	-0.245	-4.2	6	-0.776	11	0.044	66	0.086	12	-0.379	5	0.076
decoded-volatility-expansion/family7	1h	1	32	-0.014	-0.5	14	0.108	18	-0.110	56	0.020	9	-0.093	23	0.017
option-selling/family7	1h	1	11	-0.351	-3.9	6	-0.184	5	-0.552	14	-0.227	0	0.000	11	-0.351
index-option-selling/family7	1h	1	6	-0.331	-2.0	3	-0.409	3	-0.254	7	-0.427	0	0.000	6	-0.331
option-point/family7	1h	1	6	-0.331	-2.0	3	-0.409	3	-0.254	7	-0.427	0	0.000	6	-0.331
real-strength-scalper/family7	1h	1	34	0.101	3.4	21	-0.179	13	0.554	52	-0.070	27	0.301	7	-0.669
ema-dmi-macd-rsi-strategy/family7	1h	3	17	-0.008	-0.1	4	-0.165	13	0.040	64	0.026	16	-0.067	1	0.934
simple-smart-buy-sell-strategy/family7	1h	1	123	0.070	8.6	66	-0.005	57	0.156	179	0.027	72	0.135	51	-0.022
albtrader-nq-beast-supertrend-macd-rsi/family7	1h	3	7	0.543	3.8	4	-0.174	3	1.499	52	-0.137	7	0.543	0	0.000
take-liquidity-multi-time-frame-tradesystem/family7	1h	2	15	-0.382	-5.7	9	-0.122	6	-0.772	73	-0.096	12	-0.341	3	-0.544
options-momentum-bias-strategy-v2/family7	1h	4	11	0.424	4.7	5	0.570	6	0.302	87	-0.141	10	0.429	1	0.366
strategy-461-ts-m15/family7	1h	1	64	0.088	5.6	32	-0.211	32	0.387	126	0.001	43	0.205	21	-0.152
autotrade-bot-v12/family7	1h	1	29	-0.263	-7.6	13	-0.444	16	-0.117	46	-0.145	29	-0.263	0	0.000
lvn-rejection-acceptance-strategy/family7	1h	1	120	0.041	4.9	65	-0.044	55	0.142	190	-0.035	78	0.144	42	-0.150
adaptive-s-r-reversal-rsi-divergence-dca-be-stop-5m/family7	1h	1	23	-0.129	-3.0	11	-0.308	12	0.035	48	-0.266	11	-0.150	12	-0.109
nq-scalp-fix-signals/family7	1h	1	54	-0.094	-5.1	28	0.072	26	-0.273	88	-0.112	37	-0.146	17	0.020
albtrader-nq-btc-gold-multi-tf-signal-bot-v2/family7	1h	1	66	0.061	4.0	35	-0.067	31	0.205	113	-0.134	40	-0.047	26	0.226
ema-crossx/family7	1h	2	29	-0.152	-4.4	16	-0.094	13	-0.224	57	-0.095	29	-0.152	0	0.000
strategy-250-xauusd-composite-quality-score/family7	1h	2	7	0.490	3.4	3	0.042	4	0.827	31	0.030	7	0.490	0	0.000
strategy-432-btc-donchian-breakout-continuation/family7	1h	1	29	0.092	2.7	8	-0.084	21	0.159	35	0.279	29	0.092	0	0.000
scalping-reversal-strategy/family7	1h	1	18	-0.109	-2.0	7	0.297	11	-0.368	66	-0.332	14	-0.044	4	-0.336
scalping-ichimoku/family7	1h	1	27	-0.546	-14.7	11	-0.538	16	-0.552	50	-0.438	20	-0.403	7	-0.955
scalping-entry-exit-indicator-by-diget/family7	1h	1	218	0.005	1.1	107	0.018	111	-0.007	614	-0.114	130	0.030	88	-0.032
thrax-quickstrike-5-mins-scalping/family7	1h	1	63	0.229	14.4	34	0.091	29	0.390	131	0.071	36	0.628	27	-0.303
scalper-s-moving-average-dyna/family7	1h	1	83	-0.034	-2.8	45	-0.096	38	0.039	136	-0.116	52	0.046	31	-0.168
parabolic-sar-heikin-ashi-mtf-candle-scalper/family7	1h	1	120	-0.092	-11.0	60	-0.083	60	-0.101	245	-0.157	76	-0.038	44	-0.185
scalpers-macd-vwap-filter/family7	1h	2	15	-0.159	-2.4	9	-0.281	6	0.024	142	-0.094	14	-0.099	1	-1.000
swing-failure-pattern-sfp-engine-agpro-series/family7	1h	1	20	-0.284	-5.7	13	-0.210	7	-0.421	43	-0.321	11	-0.184	9	-0.406
swing-reversal-auto-targets-jpt-module-1/family7	1h	2	39	0.105	4.1	14	-0.257	25	0.308	124	0.051	31	0.051	8	0.313
swing-gradient-tpos-boswaves/family7	1h	1	28	-0.052	-1.4	13	-0.236	15	0.109	76	-0.238	22	0.065	6	-0.478
fast-v-slow-moving-averages-strategy-variable-divonn1994/family7	1h	2	10	-0.164	-1.6	3	-0.430	7	-0.050	74	-0.143	0	0.000	10	-0.164
contrarian-scalping-counter-trend-bb-envelope-adx-and-stochastic/family7	1h	2	182	0.041	7.5	92	-0.028	90	0.111	2931	-0.071	133	0.054	49	0.006
god-of-scalping-btc/family7	1h	2	28	-0.159	-4.4	12	-0.031	16	-0.255	159	-0.075	20	-0.258	8	0.090
clean-multi-indicator-alignment-system/family7	1h	1	72	0.036	2.6	36	-0.095	36	0.168	143	-0.089	45	0.143	27	-0.142
market-direction-strength-mds/family7	1h	4	31	0.393	12.2	14	0.729	17	0.116	221	0.002	27	0.281	4	1.147
concordance-strategy/family7	1h	1	15	-0.128	-1.9	5	-0.343	10	-0.020	31	-0.309	11	-0.110	4	-0.177
consensus/family3	4h	2	35	0.038	1.3	21	0.317	14	-0.382			22	-0.307	13	0.621
consensus/family3	4h	3	34	-0.128	-4.4	20	0.049	14	-0.382			22	-0.307	12	0.200
stealthtrail-supertrend/family3	4h	1	41	-0.086	-3.5	20	-0.094	21	-0.078	63	-0.053	25	-0.105	16	-0.055
swing-volume-profile-pro/family3	4h	1	26	0.277	7.2	12	0.270	14	0.284	55	-0.043	15	0.029	11	0.616
pulse-trend-radar/family3	4h	1	15	0.226	3.4	7	0.639	8	-0.135	34	-0.087	9	0.580	6	-0.304
triangular-hull-moving-average-volatility/family3	4h	1	24	-0.193	-4.6	14	-0.492	10	0.226	36	-0.278	24	-0.193	0	0.000
session-killzones-breakouts/family3	4h	1	151	0.025	3.8	73	-0.035	78	0.081	324	-0.029	90	-0.016	61	0.086
market-memory-average-zeiierman/family3	4h	1	16	0.798	12.8	4	-0.003	12	1.065	35	0.239	9	1.150	7	0.346
ai-predictive-flow-zeiierman/family3	4h	1	66	-0.075	-4.9	33	-0.186	33	0.037	155	-0.095	45	-0.209	21	0.212
trend-survival-matrix/family3	4h	1	13	0.420	5.5	7	-0.106	6	1.034	31	0.140	9	0.252	4	0.799
smart-flow-imbalance/family3	4h	1	14	0.381	5.3	7	-0.281	7	1.043	52	-0.066	10	0.407	4	0.315
macd-matrix/family3	4h	1	13	0.690	9.0	4	0.137	9	0.936	42	0.127	4	1.684	9	0.249
ema-trend-pro/family3	4h	1	13	0.420	5.5	7	-0.106	6	1.034	31	0.140	9	0.252	4	0.799
ema-trend-signals/family3	4h	1	13	0.420	5.5	7	-0.106	6	1.034	31	0.140	9	0.252	4	0.799
trend-pullback-guard/family3	4h	1	16	0.294	4.7	10	0.245	6	0.376	86	0.024	8	0.402	8	0.186
anchored-value-distribution-oscillator-zeiierman/family3	4h	1	103	0.058	5.9	45	-0.091	58	0.173	324	-0.048	58	0.055	45	0.061
rsi-market-regime/family3	4h	1	41	0.166	6.8	21	0.102	20	0.235	88	-0.037	23	0.275	18	0.028
adaptive-atr-extension-scanner/family3	4h	1	19	0.109	2.1	8	-0.080	11	0.247	39	0.141	19	0.109	0	0.000
machine-learning-rsi-ai-classification-ranking-zeiierman/family3	4h	1	38	-0.341	-12.9	21	-0.145	17	-0.582	60	-0.281	31	-0.415	7	-0.011
swing-multi-moving-averages-crypto-and-stocks-strategy/family3	4h	1	130	0.054	7.0	69	-0.072	61	0.196	207	-0.035	130	0.054	0	0.000
williams-r-zone-scalper-v1-0-bullbyte/family3	4h	1	27	-0.175	-4.7	14	-0.638	13	0.324	59	-0.140	19	-0.209	8	-0.093
smart-grid-scalping-pullback-strategy-bullbyte/family3	4h	1	26	-0.265	-6.9	10	-0.003	16	-0.429	28	-0.266	12	0.117	14	-0.593
pro-scalper-ai-bullbyte/family3	4h	2	33	-0.021	-0.7	12	0.329	21	-0.221	224	-0.035	0	0.000	33	-0.021
ema-pullback-trend-continuation-strategy-with-volume-and-momentu/family3	4h	1	14	0.377	5.3	7	0.701	7	0.053	35	0.101	4	-0.556	10	0.750
execution-aware-trend/family3	4h	1	9	0.118	1.1	2	0.875	7	-0.099	28	-0.265	4	0.577	5	-0.250
gradient-ribbon-ema-ribbon-slope-acceleration-system/family3	4h	1	27	-0.206	-5.5	14	-0.100	13	-0.320	75	-0.311	19	-0.253	8	-0.093
coil-breaker-rsi-range-compression/family3	4h	1	8	0.258	2.1	1	0.442	7	0.231	27	0.239	6	0.677	2	-1.000
slope-ma-cross-acc-range-filter/family3	4h	1	30	0.115	3.4	18	-0.018	12	0.314	113	-0.115	20	-0.247	10	0.839
trendshift-supertrend-adx-regime-adaptive-strategy/family3	4h	1	34	-0.079	-2.7	18	-0.137	16	-0.013	50	-0.054	19	-0.326	15	0.234
dnse-vn301-sma-34-89-dual-slope-strategy/family3	4h	1	31	0.224	6.9	13	-0.226	18	0.549	125	0.022	15	0.009	16	0.426
fair-value-gap-strategy-with-break-of-structure-confirmation/family3	4h	1	9	-0.030	-0.3	9	-0.030	0	0.000	39	-0.095	3	-0.033	6	-0.028
bist30-to-sp-500-atr-momentum-rider/family3	4h	1	34	0.242	8.2	18	-0.100	16	0.627	53	0.167	34	0.242	0	0.000
tradleware-dca/family3	4h	1	37	-0.263	-9.7	22	-0.237	15	-0.302	66	-0.192	37	-0.263	0	0.000
cloud-pro-ichimoku-confluence/family3	4h	1	20	0.333	6.7	7	0.496	13	0.245	64	-0.077	15	0.362	5	0.248
nnfx-btc-ssl-qqe-signalforge/family3	4h	1	84	-0.096	-8.1	41	-0.159	43	-0.036	141	-0.145	49	-0.199	35	0.048
hyperliquid-ready-webhook-strategy-template/family3	4h	1	13	0.420	5.5	7	-0.106	6	1.034	31	0.140	9	0.252	4	0.799
z-edge-confluence-z-score-strategy/family3	4h	1	56	-0.238	-13.3	28	-0.136	28	-0.340	109	-0.230	33	-0.201	23	-0.292
tp-sl-toolkit/family3	4h	2	13	-0.251	-3.3	10	-0.026	3	-1.000	94	-0.017	9	-0.156	4	-0.465
vwap-suite-trend-mean-reversion-with-adaptive-filters/family3	4h	1	21	0.227	4.8	9	0.336	12	0.145	66	-0.101	11	0.225	10	0.229
webhook-alert-strategy-template/family3	4h	1	15	0.386	5.8	9	0.082	6	0.841	37	0.022	10	0.417	5	0.322
donchian-breakout-with-atr-trailing-stop-trend-following/family3	4h	1	12	0.309	3.7	2	-0.279	10	0.426	39	-0.065	12	0.309	0	0.000
super-trend-signal-engine-quantum-edge/family3	4h	1	22	0.161	3.5	12	0.019	10	0.331	52	-0.104	17	0.389	5	-0.614
dual-bollinger-band-cross-strategy-v6/family3	4h	1	50	-0.149	-7.4	25	-0.264	25	-0.034	79	-0.047	50	-0.149	0	0.000
optimized-doji-breakout-strategy-short-only-v6/family3	4h	1	39	0.415	16.2	14	1.091	25	0.036	83	0.233	0	0.000	39	0.415
smoothed-heiken-ashi-strategy-v1/family3	4h	1	24	0.026	0.6	12	0.039	12	0.013	48	-0.064	10	-0.476	14	0.384
xau-clear-ema-atr-strategy-tp-sl-voice-v6-clean-tp/family3	4h	1	30	-0.012	-0.4	14	-0.039	16	0.011	80	-0.050	17	-0.176	13	0.203
xau-clear-ema-atr-strategy-tp-sl-voice-v6/family3	4h	1	30	-0.012	-0.4	14	-0.039	16	0.011	80	-0.050	17	-0.176	13	0.203
smc-clean-4h-zones-center-labels-hh-hl-ll-lh/family3	4h	1	181	0.057	10.4	90	0.047	91	0.068	880	-0.023	110	-0.025	71	0.186
apex-fusion-ai-smart-trend-engine/family3	4h	1	18	0.339	6.1	8	0.116	10	0.517	76	-0.056	9	0.421	9	0.256
bps-v17-strong-trend-filter/family3	4h	1	11	0.087	1.0	2	-0.030	9	0.113	32	0.114	11	0.087	0	0.000
bps-v17-strong-trend-filter-tv-strategies/family3	4h	1	11	0.087	1.0	2	-0.030	9	0.113	32	0.114	11	0.087	0	0.000
btc-8am-pattern-breakout-instant-entry/family3	4h	1	76	0.091	6.9	42	-0.007	34	0.211	182	-0.024	48	0.013	28	0.224
vwap-points-percent-ticks-strategy/family3	4h	1	183	0.039	7.2	98	-0.040	85	0.131	470	0.004	107	-0.007	76	0.105
pm-range-breakout-retest-fade/family3	4h	1	44	-0.194	-8.5	22	-0.143	22	-0.244	93	-0.269	24	-0.309	20	-0.056
bollinger-squeeze-breakout-volume/family3	4h	1	24	0.012	0.3	10	-0.185	14	0.153	53	-0.188	17	0.126	7	-0.264
arbf-strategy-v1-8/family3	4h	1	55	0.061	3.4	12	-0.421	43	0.196	118	0.001	32	-0.002	23	0.148
reverse-bb-kc/family3	4h	2	15	0.785	11.8	9	0.873	6	0.654	35	0.077	10	0.901	5	0.553
tomukas-daily-scale-in/family3	4h	1	13	-0.185	-2.4	9	-0.349	4	0.185	22	-0.147	5	-0.045	8	-0.272
trend-persistence-analysis-framework/family3	4h	1	32	-0.025	-0.8	16	-0.137	16	0.086	136	-0.146	18	-0.109	14	0.082
ewo-rsi-advanced-signals-strategy-exhaustion-filter/family3	4h	2	38	0.162	6.1	22	0.474	16	-0.267	84	-0.027	19	0.228	19	0.095
hemant-gold-strategy/family3	4h	1	10	-0.054	-0.5	2	-0.276	8	0.001	43	-0.031	4	0.049	6	-0.123
high-activity-penny-stock-strategy-v6/family3	4h	1	19	0.299	5.7	10	-0.116	9	0.760	28	0.208	12	0.324	7	0.255
kaufman-moving-average-adaptive-strategy-by-mkb/family3	4h	1	38	-0.215	-8.2	23	-0.441	15	0.132	60	-0.192	38	-0.215	0	0.000
bb-kc-squeeze-breakout/family3	4h	1	9	0.476	4.3	3	-0.519	6	0.974	33	-0.093	7	0.634	2	-0.075
ai-slop-holy-grail-trap-btc-1h-non-repainting-overfit/family3	4h	1	18	0.300	5.4	4	-0.640	14	0.568	28	0.243	10	0.765	8	-0.282
bollinger-bands-simple-strategy/family3	4h	1	69	0.052	3.6	37	0.101	32	-0.006	105	0.016	42	0.136	27	-0.079
adaptive-dual-engine-strategy-momentum-mean-reversion/family3	4h	1	72	0.062	4.5	28	0.055	44	0.067	191	-0.046	33	0.092	39	0.037
estrategia-dpo-artedejubilarte/family3	4h	1	38	0.006	0.2	20	-0.119	18	0.145	64	0.203	27	-0.032	11	0.100
volatility-surge-strategy/family3	4h	1	15	0.106	1.6	12	-0.052	3	0.741	21	-0.004	15	0.106	0	0.000
master-structural-engine/family3	4h	1	12	0.467	5.6	6	-0.136	6	1.070	36	-0.076	3	1.846	9	0.007
supertrend-bb-strategy/family3	4h	1	26	-0.129	-3.4	13	-0.481	13	0.222	50	-0.261	18	-0.082	8	-0.235
engulfing-mitigation-strategy/family3	4h	2	35	0.132	4.6	23	0.079	12	0.236	220	0.015	25	-0.001	10	0.466
vumanchu-wt-zero-cross-strategy-v1-2-2/family3	4h	2	12	-0.356	-4.3	9	-0.141	3	-1.000	110	-0.134	9	-0.379	3	-0.286
bb-macd-v6-1-5-qing-smart-distribution/family3	4h	1	33	-0.040	-1.3	18	-0.195	15	0.147	51	-0.063	33	-0.040	0	0.000
vumanchu-wt-zero-cross-strategy-v1-2-3/family3	4h	1	47	-0.063	-3.0	24	-0.318	23	0.204	74	-0.026	28	-0.044	19	-0.091
velocity-breakout-strategy-vbs/family3	4h	1	29	0.140	4.0	14	0.048	15	0.225	54	-0.025	14	0.399	15	-0.102
nifty-supertrend-ce-strategy-alice-blue/family3	4h	1	29	-0.068	-2.0	15	-0.257	14	0.135	52	-0.251	20	0.045	9	-0.320
ultimate-pattern-engine-ema-stochastic-by-rony/family3	4h	1	94	0.195	18.3	46	0.006	48	0.376	312	0.005	56	0.166	38	0.238
fair-value-gap-continuation-framework/family3	4h	1	56	0.046	2.6	28	-0.145	28	0.236	150	-0.083	34	0.047	22	0.044
pm-range-breakout-retest-fade-tv-strategies/family3	4h	1	44	-0.194	-8.5	22	-0.143	22	-0.244	93	-0.269	24	-0.309	20	-0.056
qqe-channel-strategy/family3	4h	1	48	-0.062	-3.0	21	-0.065	27	-0.060	95	-0.020	28	-0.309	20	0.284
ut-bot-v2-atr-trailing-stop/family3	4h	1	133	0.059	7.9	69	0.085	64	0.031	267	-0.031	75	0.006	58	0.128
egan-s-pure-structure-s-d-strategy-backtest/family3	4h	1	37	0.238	8.8	16	0.184	21	0.279	133	-0.012	20	0.049	17	0.460
sma-4-sma-30/family3	4h	1	62	-0.049	-3.0	32	-0.263	30	0.179	115	-0.037	34	-0.034	28	-0.067
institutional-ob-entry-exit-sl-strategy/family3	4h	1	7	0.153	1.1	1	2.773	6	-0.284	35	-0.154	2	-1.000	5	0.614
smart-trend-strategy-julzalgo/family3	4h	1	17	0.256	4.4	7	-0.118	10	0.518	51	-0.099	11	0.602	6	-0.378
supertrend-strategy/family3	4h	1	29	-0.068	-2.0	15	-0.257	14	0.135	53	-0.220	20	0.045	9	-0.320
macd-crossover-strategy/family3	4h	2	37	0.248	9.2	23	0.404	14	-0.009	158	-0.041	23	0.221	14	0.291
scalping-london-new-york-strategy/family3	4h	2	20	0.049	1.0	11	0.004	9	0.104	154	-0.045	11	0.246	9	-0.191
strategy-validation-framework-standardised-atr-exits-1-ris/family3	4h	1	16	0.402	6.4	13	0.378	3	0.507	24	0.220	12	0.163	4	1.122
serhan1-wma-rsi-trailing-scalp-date-filter/family3	4h	1	28	0.336	9.4	15	0.211	13	0.479	53	0.237	16	0.492	12	0.127
market-breadth-trend-strategy/family3	4h	1	36	0.169	6.1	14	-0.119	22	0.352	129	-0.130	14	0.439	22	-0.003
twe-2-bar-break-strategy/family3	4h	1	106	0.046	4.9	55	-0.007	51	0.103	285	-0.034	63	-0.016	43	0.138
15m-nifty-multi-day-swing-target-engine-v1-0/family3	4h	1	18	-0.115	-2.1	8	-0.194	10	-0.052	30	-0.178	11	-0.303	7	0.181
btcusd-4h-ema-swing-strategy/family3	4h	1	15	0.202	3.0	5	-0.278	10	0.442	34	-0.102	7	0.378	8	0.048
simple-breakout-strategy-santana/family3	4h	1	36	0.155	5.6	16	0.177	20	0.137	78	-0.015	21	-0.194	15	0.643
ahlenaz/family3	4h	1	10	0.855	8.6	4	0.982	6	0.771	37	0.005	5	1.125	5	0.585
ema-40-pullback-pyramid-strategy/family3	4h	1	80	0.089	7.1	40	0.045	40	0.133	208	0.041	51	0.030	29	0.192
tjr-v4-strategy/family3	4h	2	68	0.092	6.3	40	0.367	28	-0.300	683	-0.035	42	0.006	26	0.232
fair-value-gap-strategy/family3	4h	1	106	-0.061	-6.4	52	-0.147	54	0.023	224	-0.089	60	-0.131	46	0.032
the-greatest-bot-ever-made-pmt-apex-edition/family3	4h	1	40	0.091	3.6	21	0.282	19	-0.120	101	-0.014	28	-0.050	12	0.419
the-greatest-bot-ever-made-pmt-apex-edition-tv-strategies/family3	4h	1	40	0.091	3.6	21	0.282	19	-0.120	101	-0.014	28	-0.050	12	0.419
katana-v5-pro-fvg-50-model/family3	4h	1	2	1.088	2.2	2	1.088	0	0.000	12	-0.006	0	0.000	2	1.088
quanloki-qqe-system-opposite-signal-only-points/family3	4h	2	27	-0.050	-1.4	17	0.199	10	-0.474	123	-0.011	17	-0.145	10	0.110
adaptive-multi-factor-v1-update-9-years/family3	4h	1	100	-0.044	-4.4	54	-0.043	46	-0.046	194	-0.021	62	-0.097	38	0.041
atm-adaptive-zone-momentum-scalper-1h/family3	4h	1	178	0.105	18.6	82	0.153	96	0.063	634	-0.052	105	0.139	73	0.056
ema-9-vwap-strategy-with-atr-trailing-stop-win-the-trade/family3	4h	1	92	0.081	7.4	44	0.166	48	0.003	244	-0.049	55	0.051	37	0.126
atm/family3	4h	1	178	0.105	18.6	82	0.153	96	0.063	634	-0.052	105	0.139	73	0.056
adaptive-multi-facto-9-years/family3	4h	1	71	0.180	12.8	36	0.180	35	0.180	130	0.121	45	-0.057	26	0.589
fast-scalper-with-stops/family3	4h	1	79	-0.012	-0.9	40	-0.070	39	0.048	153	-0.018	45	-0.100	34	0.106
fast-scalper-with-stops-tv-strategies/family3	4h	1	79	-0.012	-0.9	40	-0.070	39	0.048	153	-0.018	45	-0.100	34	0.106
fast-scalper-with-stops-tv-strategies-cg3o8g9a/family3	4h	1	51	0.231	11.8	26	0.162	25	0.303	72	0.141	34	0.363	17	-0.032
sttrend-tp-lock-added/family3	4h	1	22	0.161	3.5	12	0.019	10	0.331	51	-0.125	17	0.389	5	-0.614
fast-scalper-with-stops-tv-strategies-mcwal9oa/family3	4h	1	79	-0.012	-0.9	40	-0.070	39	0.048	153	-0.018	45	-0.100	34	0.106
silver-surfer/family3	4h	1	104	-0.043	-4.4	50	-0.113	54	0.023	224	-0.068	58	-0.102	46	0.032
9-ema-20-ema-retest-strategy/family3	4h	1	28	0.311	8.7	15	-0.058	13	0.737	113	0.014	18	0.280	10	0.367
good-luck/family3	4h	1	12	0.057	0.7	5	-0.195	7	0.238	47	-0.130	7	-0.088	5	0.261
spike-ea-trade-strategy/family3	4h	1	151	-0.027	-4.1	78	-0.139	73	0.093	398	0.053	91	-0.085	60	0.060
clean-vwap-zl-scalper-single-trigger-by-sandip/family3	4h	1	129	0.005	0.7	72	-0.091	57	0.126	275	-0.033	77	-0.070	52	0.117
clean-vwap-zl-scalper-single-trigger-by-david/family3	4h	1	129	0.005	0.7	72	-0.091	57	0.126	275	-0.033	77	-0.070	52	0.117
nasdaq-oro-bruto-24h-mejorada/family3	4h	1	22	0.292	6.4	5	0.788	17	0.146	83	-0.174	12	0.309	10	0.273
nasdaq-nq-24h-mejorada/family3	4h	1	22	0.292	6.4	5	0.788	17	0.146	83	-0.174	12	0.309	10	0.273
zr-grizzly/family3	4h	2	6	0.624	3.7	1	2.494	5	0.250	60	0.060	4	0.207	2	1.458
frosty-alerts/family3	4h	2	84	0.070	5.8	51	0.264	33	-0.231	1707	-0.040	51	0.019	33	0.148
caldera-meridian-strategy/family3	4h	1	17	0.665	11.3	6	-0.131	11	1.099	55	0.038	12	0.643	5	0.718
enso-usdt-12h-trend-pullback-sniper/family3	4h	1	8	-0.640	-5.1	4	-0.636	4	-0.645	32	-0.090	3	-0.514	5	-0.716
sebbiottino-trailing-stop-so-good-ger40-1m/family3	4h	1	44	-0.009	-0.4	21	-0.233	23	0.196	118	-0.203	28	-0.293	16	0.489
my-strategy-9/family3	4h	1	36	0.155	5.6	16	0.177	20	0.137	78	-0.015	21	-0.194	15	0.643
ut-bot-shah-200-50-ema/family3	4h	1	8	-0.073	-0.6	4	0.044	4	-0.190	27	-0.268	1	0.424	7	-0.144
regime-execution-strategy/family3	4h	1	13	0.282	3.7	4	1.186	9	-0.120	56	-0.074	5	-0.586	8	0.824
quant-synthesis-strategy/family3	4h	1	8	1.046	8.4	4	1.145	4	0.947	59	0.322	2	2.164	6	0.673
nas100-sp500-turtle-soup-ny-v4-fixed/family3	4h	2	18	0.021	0.4	10	0.162	8	-0.156	61	0.028	8	0.690	10	-0.514
gold-ai-strategy-v2-0/family3	4h	1	9	-0.224	-2.0	4	0.196	5	-0.560	37	-0.245	7	-0.480	2	0.669
zeta9-v6/family3	4h	2	16	0.250	4.0	12	0.165	4	0.503	152	-0.041	10	0.039	6	0.602
btc-averages-strategy-long-short/family3	4h	1	29	-0.135	-3.9	11	-0.279	18	-0.048	57	-0.089	16	-0.372	13	0.156
liquidity-entry-zones-strategy-2-0/family3	4h	2	30	0.165	4.9	20	0.241	10	0.012	179	0.105	20	0.015	10	0.465
20-200-sma-strategy/family3	4h	2	17	0.294	5.0	11	0.128	6	0.599	205	0.027	15	0.109	2	1.682
bb-short-dca-strategy/family3	4h	1	22	-0.183	-4.0	9	-0.325	13	-0.085	27	-0.196	0	0.000	22	-0.183
concordance-allocation-strategy/family3	4h	1	20	-0.069	-1.4	12	-0.246	8	0.196	74	-0.135	12	-0.361	8	0.369
helios-institutional-synthesis-strategy/family3	4h	1	108	0.028	3.0	56	-0.064	52	0.126	177	0.072	61	-0.094	47	0.185
amit-eth-strategy/family3	4h	2	13	0.278	3.6	11	0.510	2	-1.000	80	-0.067	11	0.101	2	1.252
amit-eth-strategy-tv-strategies/family3	4h	2	13	0.278	3.6	11	0.510	2	-1.000	80	-0.067	11	0.101	2	1.252
moja-strategia-harami-bb/family3	4h	2	30	0.415	12.5	17	0.455	13	0.363	71	0.066	15	0.596	15	0.234
moja-strategia-harami-bb-tv-strategies/family3	4h	2	30	0.415	12.5	17	0.455	13	0.363	71	0.066	15	0.596	15	0.234
silverstream-v2/family3	4h	1	45	0.086	3.9	23	-0.009	22	0.187	156	-0.073	24	-0.206	21	0.421
asian-box-breakout-strategy/family3	4h	1	79	0.152	12.0	38	0.026	41	0.269	164	-0.061	45	0.036	34	0.305
mgc-wyckoff-second-breakout-v3-candle-rr/family3	4h	2	12	-0.516	-6.2	8	-0.273	4	-1.000	103	-0.162	8	-0.541	4	-0.465
5m-sol-scalper-ha-lorentzian/family3	4h	1	31	0.128	4.0	16	-0.435	15	0.728	67	0.080	21	0.080	10	0.229
inside-day-breakout-strategy/family3	4h	1	21	0.242	5.1	8	1.191	13	-0.341	58	-0.060	14	-0.156	7	1.039
bollinger-bands-rsi-live-radar-strategy/family3	4h	2	9	0.576	5.2	3	0.421	6	0.654	63	0.049	7	0.417	2	1.132
super-rsi-strategy/family3	4h	1	74	-0.003	-0.2	39	-0.095	35	0.100	218	-0.067	44	-0.031	30	0.037
concord-execution-mandate/family3	4h	1	114	-0.020	-2.3	59	-0.008	55	-0.033	239	-0.027	65	-0.035	49	-0.000
super-rsi-strategy-tv-strategies/family3	4h	1	74	-0.003	-0.2	39	-0.095	35	0.100	218	-0.067	44	-0.031	30	0.037
super-rsi-strategy-tv-strategies-nng1sppd/family3	4h	1	74	-0.003	-0.2	39	-0.095	35	0.100	218	-0.067	44	-0.031	30	0.037
box-breakout-strategy-dt4b-trader/family3	4h	1	36	0.144	5.2	15	-0.039	21	0.274	98	-0.116	24	0.095	12	0.242
sma-strategy/family3	4h	2	38	0.242	9.2	25	0.310	13	0.110	258	0.028	24	0.291	14	0.157
parallax-covenant-strategy/family3	4h	2	15	-0.100	-1.5	11	0.098	4	-0.644	131	0.010	11	-0.097	4	-0.108
3commas-pullback-sniper-strategy/family3	4h	1	24	-0.369	-8.8	12	-0.331	12	-0.406	30	-0.301	4	-0.634	20	-0.316
ttm-momentum-histo-9-ema-21-ema-debit-spread-script/family3	4h	1	38	0.131	5.0	16	0.177	22	0.098	86	-0.018	23	-0.202	15	0.643
beginner-trend-risk-model-ema-rsi/family3	4h	2	29	-0.269	-7.8	13	-0.032	16	-0.462	133	-0.112	9	-0.156	20	-0.320
ai-triple-confirmation-strategy/family3	4h	1	7	0.713	5.0	1	2.867	6	0.354	47	-0.153	3	1.103	4	0.421
albtrader-nq-beast-supertrend-macd-rsi/family3	4h	1	8	-0.354	-2.8	1	-1.000	7	-0.262	38	-0.193	4	-0.529	4	-0.180
simple-smart-buy-sell-strategy/family3	4h	1	44	0.211	9.3	18	0.110	26	0.281	123	0.018	24	0.181	20	0.248
options-momentum-bias-strategy-v2/family3	4h	1	24	-0.080	-1.9	9	-0.388	15	0.104	70	-0.114	14	-0.390	10	0.354
strategy-461-ts-m15/family3	4h	1	21	-0.422	-8.9	7	-0.486	14	-0.391	75	-0.197	9	-0.371	12	-0.461
lvn-rejection-acceptance-strategy/family3	4h	1	43	0.167	7.2	21	0.058	22	0.271	135	-0.098	27	0.102	16	0.277
albtrader-nq-btc-gold-multi-tf-signal-bot-v2/family3	4h	1	30	0.338	10.1	7	0.801	23	0.197	67	0.172	11	0.101	19	0.476
ema-crossx/family3	4h	1	28	-0.071	-2.0	16	-0.320	12	0.260	43	-0.261	28	-0.071	0	0.000
scalping-reversal-strategy/family3	4h	1	31	0.010	0.3	14	-0.232	17	0.210	43	0.088	16	0.172	15	-0.162
scalping-ichimoku/family3	4h	1	23	0.012	0.3	11	0.125	12	-0.092	48	-0.120	13	-0.098	10	0.154
scalping-entry-exit-indicator-by-diget/family3	4h	1	155	0.047	7.3	78	-0.064	77	0.159	398	-0.045	92	0.051	63	0.041
scalper-s-moving-average-dyna/family3	4h	1	18	0.517	9.3	10	0.240	8	0.864	94	-0.130	11	0.676	7	0.268
thrax-quickstrike-5-mins-scalping/family3	4h	1	93	0.193	17.9	51	0.121	42	0.280	180	0.108	54	0.076	39	0.355
9-15-ema-scalper/family3	4h	1	2	3.677	7.4	1	5.675	1	1.678	12	1.044	1	1.678	1	5.675
scalpers-macd-vwap-filter/family3	4h	2	23	0.109	2.5	17	0.096	6	0.146	104	0.071	15	0.048	8	0.222
swing-reversal-auto-targets-jpt-module-1/family3	4h	1	12	0.498	6.0	4	0.663	8	0.416	74	-0.080	5	0.902	7	0.209
swing-gradient-tpos-boswaves/family3	4h	1	19	0.109	2.1	13	-0.009	6	0.365	37	0.021	12	-0.055	7	0.390
fast-v-slow-moving-averages-strategy-variable-divonn1994/family3	4h	1	18	0.205	3.7	4	0.612	14	0.089	52	0.035	0	0.000	18	0.205
contrarian-scalping-counter-trend-bb-envelope-adx-and-stochastic/family3	4h	2	93	0.097	9.1	55	0.320	38	-0.225	3468	-0.039	58	0.040	35	0.193
god-of-scalping-btc/family3	4h	1	67	-0.161	-10.8	33	-0.143	34	-0.177	135	-0.170	42	-0.188	25	-0.114
clean-multi-indicator-alignment-system/family3	4h	1	52	0.141	7.3	25	0.065	27	0.211	98	0.083	32	0.075	20	0.246
market-direction-strength-mds/family3	4h	1	54	0.052	2.8	23	-0.302	31	0.314	156	-0.016	32	0.184	22	-0.141
consensus/family5	4h	3	69	0.411	28.4	20	0.385	49	0.422			36	0.382	33	0.443
consensus/family5	4h	4	36	-0.039	-1.4	15	0.262	21	-0.255			19	-0.095	17	0.023
consensus/family5	4h	5	24	-0.132	-3.2	3	0.725	21	-0.255			9	-0.181	15	-0.103
stealthtrail-supertrend/family5	4h	3	15	0.438	6.6	6	0.355	9	0.494	63	-0.053	10	0.589	5	0.136
swing-volume-profile-pro/family5	4h	1	21	0.282	5.9	8	0.283	13	0.282	55	-0.043	10	-0.082	11	0.613
session-killzones-breakouts/family5	4h	1	169	0.057	9.7	62	0.055	107	0.059	324	-0.029	94	0.042	75	0.077
market-memory-average-zeiierman/family5	4h	1	11	0.869	9.6	1	-1.000	10	1.056	35	0.239	6	1.320	5	0.329
ai-predictive-flow-zeiierman/family5	4h	1	69	0.040	2.8	26	-0.114	43	0.134	155	-0.095	44	-0.065	25	0.225
smart-flow-imbalance/family5	4h	1	14	0.480	6.7	6	-0.162	8	0.962	52	-0.066	9	0.718	5	0.052
macd-matrix/family5	4h	1	18	0.382	6.9	3	-0.112	15	0.481	42	0.127	7	1.217	11	-0.149
trend-pullback-guard/family5	4h	1	8	0.503	4.0	4	0.520	4	0.485	86	0.024	2	-0.013	6	0.674
anchored-value-distribution-oscillator-zeiierman/family5	4h	1	116	0.142	16.4	29	0.272	87	0.098	324	-0.048	61	0.146	55	0.137
rsi-market-regime/family5	4h	1	38	0.155	5.9	18	0.157	20	0.154	88	-0.037	18	0.196	20	0.119
adaptive-atr-extension-scanner/family5	4h	1	20	0.350	7.0	5	0.183	15	0.405	39	0.141	20	0.350	0	0.000
machine-learning-rsi-ai-classification-ranking-zeiierman/family5	4h	1	38	-0.329	-12.5	18	-0.083	20	-0.551	60	-0.281	30	-0.381	8	-0.134
swing-multi-moving-averages-crypto-and-stocks-strategy/family5	4h	1	128	0.047	6.0	62	-0.047	66	0.135	207	-0.035	128	0.047	0	0.000
williams-r-zone-scalper-v1-0-bullbyte/family5	4h	1	26	0.019	0.5	10	-0.516	16	0.353	59	-0.140	13	0.168	13	-0.131
smart-grid-scalping-pullback-strategy-bullbyte/family5	4h	1	25	-0.257	-6.4	10	-0.003	15	-0.426	28	-0.266	11	0.040	14	-0.490
pro-scalper-ai-bullbyte/family5	4h	4	23	-0.004	-0.1	10	0.105	13	-0.088	224	-0.035	0	0.000	23	-0.004
ema-pullback-trend-continuation-strategy-with-volume-and-momentu/family5	4h	1	14	0.048	0.7	3	0.816	11	-0.161	35	0.101	5	-0.273	9	0.227
execution-aware-trend/family5	4h	1	9	-0.091	-0.8	1	0.868	8	-0.211	28	-0.265	4	0.577	5	-0.626
gradient-ribbon-ema-ribbon-slope-acceleration-system/family5	4h	1	19	-0.022	-0.4	9	0.241	10	-0.259	75	-0.311	12	-0.176	7	0.242
coil-breaker-rsi-range-compression/family5	4h	1	12	0.156	1.9	2	0.919	10	0.003	27	0.239	7	0.437	5	-0.238
slope-ma-cross-acc-range-filter/family5	4h	1	27	0.366	9.9	8	0.182	19	0.443	113	-0.115	17	0.149	10	0.733
trendshift-supertrend-adx-regime-adaptive-strategy/family5	4h	1	32	-0.036	-1.2	15	-0.091	17	0.012	50	-0.054	16	-0.291	16	0.218
dnse-vn301-sma-34-89-dual-slope-strategy/family5	4h	1	30	0.302	9.1	8	0.070	22	0.386	125	0.022	15	0.164	15	0.439
fair-value-gap-strategy-with-break-of-structure-confirmation/family5	4h	1	6	0.096	0.6	6	0.096	0	0.000	39	-0.095	2	0.450	4	-0.081
bist30-to-sp-500-atr-momentum-rider/family5	4h	1	35	0.202	7.1	14	-0.089	21	0.396	53	0.167	35	0.202	0	0.000
tradleware-dca/family5	4h	1	34	-0.123	-4.2	20	-0.160	14	-0.070	66	-0.192	34	-0.123	0	0.000
cloud-pro-ichimoku-confluence/family5	4h	1	22	0.248	5.4	6	0.672	16	0.088	64	-0.077	14	0.311	8	0.137
nnfx-btc-ssl-qqe-signalforge/family5	4h	1	89	-0.010	-0.9	35	-0.007	54	-0.013	141	-0.145	48	-0.072	41	0.061
hyperliquid-ready-webhook-strategy-template/family5	4h	1	11	0.363	4.0	5	-0.423	6	1.019	31	0.140	7	0.129	4	0.774
z-edge-confluence-z-score-strategy/family5	4h	1	49	-0.234	-11.5	23	-0.091	26	-0.360	109	-0.230	30	-0.148	19	-0.369
tp-sl-toolkit/family5	4h	1	51	0.112	5.7	19	0.073	32	0.135	94	-0.017	26	0.127	25	0.096
vwap-suite-trend-mean-reversion-with-adaptive-filters/family5	4h	1	22	0.092	2.0	8	0.233	14	0.011	66	-0.101	11	0.225	11	-0.042
webhook-alert-strategy-template/family5	4h	1	9	0.761	6.8	2	0.449	7	0.850	37	0.022	6	0.859	3	0.565
donchian-breakout-with-atr-trailing-stop-trend-following/family5	4h	1	12	0.515	6.2	0	0.000	12	0.515	39	-0.065	12	0.515	0	0.000
super-trend-signal-engine-quantum-edge/family5	4h	1	18	0.286	5.1	8	0.050	10	0.475	52	-0.104	13	0.671	5	-0.713
dual-bollinger-band-cross-strategy-v6/family5	4h	1	46	0.069	3.2	20	-0.152	26	0.240	79	-0.047	46	0.069	0	0.000
optimized-doji-breakout-strategy-short-only-v6/family5	4h	1	39	0.568	22.2	14	1.508	25	0.042	83	0.233	0	0.000	39	0.568
smoothed-heiken-ashi-strategy-v1/family5	4h	1	16	0.019	0.3	10	0.054	6	-0.040	48	-0.064	9	-0.572	7	0.779
xau-clear-ema-atr-strategy-tp-sl-voice-v6-clean-tp/family5	4h	1	38	-0.050	-1.9	10	0.145	28	-0.119	80	-0.050	20	-0.152	18	0.064
xau-clear-ema-atr-strategy-tp-sl-voice-v6/family5	4h	1	38	-0.050	-1.9	10	0.145	28	-0.119	80	-0.050	20	-0.152	18	0.064
smc-clean-4h-zones-center-labels-hh-hl-ll-lh/family5	4h	1	178	0.090	16.0	69	0.146	109	0.054	880	-0.023	98	0.059	80	0.127
apex-fusion-ai-smart-trend-engine/family5	4h	1	21	0.328	6.9	5	0.353	16	0.320	76	-0.056	11	0.572	10	0.059
bps-v17-strong-trend-filter/family5	4h	1	17	0.348	5.9	2	-0.030	15	0.398	32	0.114	17	0.348	0	0.000
bps-v17-strong-trend-filter-tv-strategies/family5	4h	1	17	0.348	5.9	2	-0.030	15	0.398	32	0.114	17	0.348	0	0.000
btc-8am-pattern-breakout-instant-entry/family5	4h	1	82	0.068	5.6	35	-0.046	47	0.153	182	-0.024	46	0.053	36	0.087
vwap-points-percent-ticks-strategy/family5	4h	1	209	0.054	11.2	88	0.034	121	0.068	470	0.004	116	0.035	93	0.077
pm-range-breakout-retest-fade/family5	4h	2	30	-0.064	-1.9	10	0.146	20	-0.169	93	-0.269	15	-0.146	15	0.019
bollinger-squeeze-breakout-volume/family5	4h	1	24	-0.013	-0.3	8	-0.344	16	0.152	53	-0.188	15	0.083	9	-0.174
arbf-strategy-v1-8/family5	4h	3	22	0.400	8.8	1	1.147	21	0.365	118	0.001	10	0.251	12	0.525
reverse-bb-kc/family5	4h	3	11	1.105	12.2	7	1.098	4	1.117	35	0.077	8	1.105	3	1.104
tomukas-daily-scale-in/family5	4h	1	11	-0.169	-1.9	5	-0.115	6	-0.214	22	-0.147	2	-0.038	9	-0.198
trend-persistence-analysis-framework/family5	4h	2	13	0.271	3.5	8	0.098	5	0.549	136	-0.146	7	0.315	6	0.221
ewo-rsi-advanced-signals-strategy-exhaustion-filter/family5	4h	4	24	0.530	12.7	14	0.914	10	-0.009	84	-0.027	9	0.968	15	0.266
hemant-gold-strategy/family5	4h	1	12	0.350	4.2	1	0.449	11	0.341	43	-0.031	5	0.225	7	0.438
high-activity-penny-stock-strategy-v6/family5	4h	1	16	0.448	7.2	6	-0.402	10	0.957	28	0.208	11	0.439	5	0.466
kaufman-moving-average-adaptive-strategy-by-mkb/family5	4h	1	35	-0.170	-5.9	17	-0.329	18	-0.020	60	-0.192	35	-0.170	0	0.000
bb-kc-squeeze-breakout/family5	4h	1	11	0.596	6.6	3	-0.201	8	0.895	33	-0.093	7	0.697	4	0.420
ai-slop-holy-grail-trap-btc-1h-non-repainting-overfit/family5	4h	1	18	0.415	7.5	2	-1.000	16	0.592	28	0.243	10	0.812	8	-0.082
bollinger-bands-simple-strategy/family5	4h	2	38	0.322	12.3	24	0.318	14	0.330	105	0.016	24	0.510	14	0.001
adaptive-dual-engine-strategy-momentum-mean-reversion/family5	4h	2	33	0.354	11.7	19	0.311	14	0.412	191	-0.046	18	0.235	15	0.496
estrategia-dpo-artedejubilarte/family5	4h	1	38	0.324	12.3	15	0.260	23	0.365	64	0.203	24	0.108	14	0.692
master-structural-engine/family5	4h	1	12	0.429	5.2	3	0.113	9	0.535	36	-0.076	4	1.482	8	-0.097
supertrend-bb-strategy/family5	4h	1	28	0.028	0.8	13	-0.186	15	0.214	50	-0.261	16	0.032	12	0.023
engulfing-mitigation-strategy/family5	4h	1	107	0.101	10.8	42	0.053	65	0.131	220	0.015	61	0.048	46	0.170
vumanchu-wt-zero-cross-strategy-v1-2-2/family5	4h	1	61	-0.066	-4.0	23	-0.364	38	0.114	110	-0.134	35	-0.200	26	0.115
bb-macd-v6-1-5-qing-smart-distribution/family5	4h	1	33	-0.040	-1.3	15	-0.034	18	-0.044	51	-0.063	33	-0.040	0	0.000
vumanchu-wt-zero-cross-strategy-v1-2-3/family5	4h	1	46	-0.030	-1.4	20	-0.269	26	0.153	74	-0.026	25	-0.102	21	0.055
velocity-breakout-strategy-vbs/family5	4h	1	31	0.201	6.2	13	0.275	18	0.148	54	-0.025	12	0.468	19	0.033
nifty-supertrend-ce-strategy-alice-blue/family5	4h	1	31	0.070	2.2	15	-0.002	16	0.138	52	-0.251	18	0.162	13	-0.056
ultimate-pattern-engine-ema-stochastic-by-rony/family5	4h	2	61	0.212	12.9	30	-0.048	31	0.464	312	0.005	34	0.325	27	0.070
fair-value-gap-continuation-framework/family5	4h	1	55	-0.007	-0.4	20	-0.178	35	0.090	150	-0.083	30	0.111	25	-0.149
pm-range-breakout-retest-fade-tv-strategies/family5	4h	1	30	-0.064	-1.9	10	0.146	20	-0.169	93	-0.269	15	-0.146	15	0.019
qqe-channel-strategy/family5	4h	2	27	0.115	3.1	14	0.013	13	0.224	95	-0.020	16	-0.156	11	0.509
ut-bot-v2-atr-trailing-stop/family5	4h	3	66	0.186	12.3	26	0.369	40	0.066	267	-0.031	33	0.302	33	0.069
egan-s-pure-structure-s-d-strategy-backtest/family5	4h	1	45	0.176	7.9	9	0.624	36	0.064	133	-0.012	23	0.247	22	0.102
sma-4-sma-30/family5	4h	2	38	0.071	2.7	22	-0.255	16	0.520	115	-0.037	24	0.126	14	-0.022
institutional-ob-entry-exit-sl-strategy/family5	4h	1	14	-0.323	-4.5	1	2.773	13	-0.562	35	-0.154	7	-1.000	7	0.353
smart-trend-strategy-julzalgo/family5	4h	1	16	0.277	4.4	4	0.312	12	0.265	51	-0.099	10	0.618	6	-0.292
supertrend-strategy/family5	4h	1	31	0.070	2.2	15	-0.002	16	0.138	53	-0.220	18	0.162	13	-0.056
macd-crossover-strategy/family5	4h	3	49	0.242	11.9	19	0.541	30	0.053	158	-0.041	28	0.365	21	0.079
scalping-london-new-york-strategy/family5	4h	1	72	0.115	8.3	27	0.128	45	0.108	154	-0.045	33	0.144	39	0.091
serhan1-wma-rsi-trailing-scalp-date-filter/family5	4h	2	15	0.573	8.6	10	0.366	5	0.989	53	0.237	10	0.739	5	0.242
market-breadth-trend-strategy/family5	4h	2	16	0.353	5.6	8	-0.112	8	0.817	129	-0.130	5	1.540	11	-0.187
twe-2-bar-break-strategy/family5	4h	1	130	0.033	4.3	40	0.069	90	0.018	285	-0.034	70	0.080	60	-0.021
15m-nifty-multi-day-swing-target-engine-v1-0/family5	4h	1	14	0.034	0.5	4	0.249	10	-0.052	30	-0.178	8	-0.042	6	0.136
btcusd-4h-ema-swing-strategy/family5	4h	1	23	0.115	2.6	5	-0.278	18	0.224	34	-0.102	10	0.354	13	-0.070
simple-breakout-strategy-santana/family5	4h	1	27	0.190	5.1	14	0.175	13	0.206	78	-0.015	15	-0.129	12	0.589
ahlenaz/family5	4h	1	10	0.593	5.9	2	0.942	8	0.506	37	0.005	6	1.008	4	-0.029
ema-40-pullback-pyramid-strategy/family5	4h	3	28	0.270	7.6	10	0.287	18	0.260	208	0.041	17	0.112	11	0.514
tjr-v4-strategy/family5	4h	2	129	0.242	31.2	67	0.291	62	0.189	683	-0.035	76	0.226	53	0.265
fair-value-gap-strategy/family5	4h	1	116	0.038	4.4	41	0.045	75	0.034	224	-0.089	61	0.023	55	0.055
the-greatest-bot-ever-made-pmt-apex-edition/family5	4h	1	37	-0.009	-0.3	13	0.271	24	-0.160	101	-0.014	25	-0.028	12	0.032
the-greatest-bot-ever-made-pmt-apex-edition-tv-strategies/family5	4h	1	37	-0.009	-0.3	13	0.271	24	-0.160	101	-0.014	25	-0.028	12	0.032
katana-v5-pro-fvg-50-model/family5	4h	1	3	0.525	1.6	1	1.017	2	0.279	12	-0.006	2	0.279	1	1.017
quanloki-qqe-system-opposite-signal-only-points/family5	4h	3	33	0.193	6.4	12	0.475	21	0.031	123	-0.011	19	0.254	14	0.109
adaptive-multi-factor-v1-update-9-years/family5	4h	1	98	0.063	6.2	42	0.010	56	0.103	194	-0.021	55	0.044	43	0.088
atm-adaptive-zone-momentum-scalper-1h/family5	4h	2	112	0.226	25.3	57	0.307	55	0.143	634	-0.052	65	0.366	47	0.033
ema-9-vwap-strategy-with-atr-trailing-stop-win-the-trade/family5	4h	1	74	0.250	18.5	35	0.358	39	0.153	244	-0.049	43	0.186	31	0.339
atm/family5	4h	2	112	0.226	25.3	57	0.307	55	0.143	634	-0.052	65	0.366	47	0.033
adaptive-multi-facto-9-years/family5	4h	1	68	0.245	16.7	28	0.273	40	0.225	130	0.121	40	-0.046	28	0.661
fast-scalper-with-stops/family5	4h	3	39	0.200	7.8	16	0.094	23	0.273	153	-0.018	23	0.174	16	0.238
fast-scalper-with-stops-tv-strategies/family5	4h	3	39	0.200	7.8	16	0.094	23	0.273	153	-0.018	23	0.174	16	0.238
fast-scalper-with-stops-tv-strategies-cg3o8g9a/family5	4h	2	28	0.547	15.3	18	0.383	10	0.843	72	0.141	19	0.638	9	0.354
sttrend-tp-lock-added/family5	4h	1	18	0.286	5.1	8	0.050	10	0.475	51	-0.125	13	0.671	5	-0.713
fast-scalper-with-stops-tv-strategies-mcwal9oa/family5	4h	3	39	0.200	7.8	16	0.094	23	0.273	153	-0.018	23	0.174	16	0.238
silver-surfer/family5	4h	1	115	0.064	7.4	39	0.098	76	0.047	224	-0.068	60	0.073	55	0.055
9-ema-20-ema-retest-strategy/family5	4h	1	34	0.392	13.3	11	0.103	23	0.531	113	0.014	21	0.445	13	0.307
good-luck/family5	4h	1	18	-0.051	-0.9	3	0.341	15	-0.129	47	-0.130	8	0.049	10	-0.131
spike-ea-trade-strategy/family5	4h	1	162	0.083	13.4	64	0.031	98	0.117	398	0.053	92	0.046	70	0.131
clean-vwap-zl-scalper-single-trigger-by-sandip/family5	4h	3	64	0.242	15.5	29	0.298	35	0.195	275	-0.033	33	0.206	31	0.280
clean-vwap-zl-scalper-single-trigger-by-david/family5	4h	3	64	0.242	15.5	29	0.298	35	0.195	275	-0.033	33	0.206	31	0.280
nasdaq-oro-bruto-24h-mejorada/family5	4h	1	23	0.232	5.3	3	0.871	20	0.136	83	-0.174	11	0.589	12	-0.096
nasdaq-nq-24h-mejorada/family5	4h	1	23	0.232	5.3	3	0.871	20	0.136	83	-0.174	11	0.589	12	-0.096
zr-grizzly/family5	4h	3	13	0.732	9.5	3	1.182	10	0.596	60	0.060	6	0.605	7	0.840
frosty-alerts/family5	4h	1	230	0.094	21.7	103	0.052	127	0.129	1707	-0.040	131	0.092	99	0.098
caldera-meridian-strategy/family5	4h	1	13	0.926	12.0	1	0.868	12	0.930	55	0.038	8	1.115	5	0.622
enso-usdt-12h-trend-pullback-sniper/family5	4h	1	14	-0.453	-6.3	3	-0.514	11	-0.437	32	-0.090	6	-0.199	8	-0.644
sebbiottino-trailing-stop-so-good-ger40-1m/family5	4h	1	49	0.035	1.7	15	-0.193	34	0.135	118	-0.203	28	-0.132	21	0.257
my-strategy-9/family5	4h	1	27	0.190	5.1	14	0.175	13	0.206	78	-0.015	15	-0.129	12	0.589
ut-bot-shah-200-50-ema/family5	4h	1	10	-0.287	-2.9	3	-0.328	7	-0.269	27	-0.268	3	0.100	7	-0.452
regime-execution-strategy/family5	4h	2	6	0.895	5.4	1	5.675	5	-0.061	56	-0.074	1	-1.000	5	1.275
quant-synthesis-strategy/family5	4h	1	11	0.712	7.8	2	1.619	9	0.510	59	0.322	6	1.023	5	0.339
nas100-sp500-turtle-soup-ny-v4-fixed/family5	4h	3	25	0.136	3.4	13	0.323	12	-0.067	61	0.028	8	0.664	17	-0.112
gold-ai-strategy-v2-0/family5	4h	1	15	-0.187	-2.8	3	0.594	12	-0.382	37	-0.245	11	-0.322	4	0.185
zeta9-v6/family5	4h	3	24	0.452	10.9	11	0.470	13	0.437	152	-0.041	14	0.411	10	0.511
btc-averages-strategy-long-short/family5	4h	1	27	0.039	1.0	7	-0.171	20	0.112	57	-0.089	14	-0.237	13	0.335
liquidity-entry-zones-strategy-2-0/family5	4h	1	91	0.110	10.0	40	0.030	51	0.172	179	0.105	47	0.043	44	0.181
20-200-sma-strategy/family5	4h	3	27	0.923	24.9	3	0.788	24	0.940	205	0.027	16	1.058	11	0.728
bb-short-dca-strategy/family5	4h	2	14	-0.106	-1.5	9	-0.324	5	0.287	27	-0.196	0	0.000	14	-0.106
concordance-allocation-strategy/family5	4h	1	18	0.040	0.7	8	-0.098	10	0.151	74	-0.135	11	-0.293	7	0.564
helios-institutional-synthesis-strategy/family5	4h	3	49	0.182	8.9	20	0.224	29	0.154	177	0.072	26	0.093	23	0.282
amit-eth-strategy/family5	4h	3	21	0.111	2.3	8	0.717	13	-0.262	80	-0.067	13	0.086	8	0.153
amit-eth-strategy-tv-strategies/family5	4h	3	21	0.111	2.3	8	0.717	13	-0.262	80	-0.067	13	0.086	8	0.153
moja-strategia-harami-bb/family5	4h	1	52	0.244	12.7	26	0.075	26	0.413	71	0.066	29	0.389	23	0.061
moja-strategia-harami-bb-tv-strategies/family5	4h	1	52	0.244	12.7	26	0.075	26	0.413	71	0.066	29	0.389	23	0.061
silverstream-v2/family5	4h	1	59	0.015	0.9	18	-0.021	41	0.030	156	-0.073	30	-0.091	29	0.124
asian-box-breakout-strategy/family5	4h	1	80	0.197	15.8	33	0.026	47	0.318	164	-0.061	45	0.135	35	0.278
mgc-wyckoff-second-breakout-v3-candle-rr/family5	4h	3	22	-0.251	-5.5	6	-0.031	16	-0.333	103	-0.162	13	-0.115	9	-0.447
5m-sol-scalper-ha-lorentzian/family5	4h	1	33	0.154	5.1	13	-0.556	20	0.615	67	0.080	20	0.112	13	0.218
inside-day-breakout-strategy/family5	4h	1	30	0.240	7.2	13	0.681	17	-0.098	58	-0.060	16	-0.008	14	0.523
bollinger-bands-rsi-live-radar-strategy/family5	4h	1	26	0.303	7.9	9	0.339	17	0.283	63	0.049	10	0.409	16	0.236
super-rsi-strategy/family5	4h	2	39	0.431	16.8	24	0.240	15	0.736	218	-0.067	26	0.234	13	0.825
concord-execution-mandate/family5	4h	1	124	0.069	8.5	52	0.071	72	0.067	239	-0.027	68	0.072	56	0.064
super-rsi-strategy-tv-strategies/family5	4h	2	39	0.431	16.8	24	0.240	15	0.736	218	-0.067	26	0.234	13	0.825
super-rsi-strategy-tv-strategies-nng1sppd/family5	4h	2	39	0.431	16.8	24	0.240	15	0.736	218	-0.067	26	0.234	13	0.825
box-breakout-strategy-dt4b-trader/family5	4h	1	32	0.045	1.4	9	-0.330	23	0.191	98	-0.116	21	0.141	11	-0.140
sma-strategy/family5	4h	1	137	0.145	19.9	51	0.133	86	0.153	258	0.028	72	0.119	65	0.175
parallax-covenant-strategy/family5	4h	1	60	0.096	5.7	20	-0.017	40	0.152	131	0.010	33	0.108	27	0.081
3commas-pullback-sniper-strategy/family5	4h	2	13	-0.275	-3.6	8	-0.180	5	-0.426	30	-0.301	0	0.000	13	-0.275
ttm-momentum-histo-9-ema-21-ema-debit-spread-script/family5	4h	1	29	0.157	4.5	14	0.175	15	0.139	86	-0.018	17	-0.148	12	0.589
beginner-trend-risk-model-ema-rsi/family5	4h	1	81	-0.025	-2.0	27	-0.034	54	-0.021	133	-0.112	26	0.127	55	-0.097
ai-triple-confirmation-strategy/family5	4h	1	8	0.499	4.0	1	2.867	7	0.161	47	-0.153	4	0.577	4	0.421
real-strength-scalper/family5	4h	1	11	0.371	4.1	5	0.701	6	0.096	45	-0.108	8	0.528	3	-0.048
albtrader-nq-beast-supertrend-macd-rsi/family5	4h	1	9	-0.113	-1.0	0	0.000	9	-0.113	38	-0.193	3	-0.372	6	0.016
simple-smart-buy-sell-strategy/family5	4h	1	53	0.275	14.6	15	0.396	38	0.227	123	0.018	26	0.407	27	0.149
options-momentum-bias-strategy-v2/family5	4h	1	24	-0.055	-1.3	5	-0.712	19	0.118	70	-0.114	12	-0.176	12	0.066
strategy-461-ts-m15/family5	4h	1	20	-0.136	-2.7	3	0.199	17	-0.195	75	-0.197	9	-0.163	11	-0.114
lvn-rejection-acceptance-strategy/family5	4h	1	40	0.206	8.2	13	0.173	27	0.222	135	-0.098	24	0.210	16	0.200
albtrader-nq-btc-gold-multi-tf-signal-bot-v2/family5	4h	1	29	0.348	10.1	6	0.859	23	0.215	67	0.172	9	0.119	20	0.451
ema-crossx/family5	4h	1	23	-0.036	-0.8	13	-0.303	10	0.311	43	-0.261	23	-0.036	0	0.000
scalping-reversal-strategy/family5	4h	1	32	0.092	2.9	14	-0.232	18	0.343	43	0.088	16	0.172	16	0.011
scalping-ichimoku/family5	4h	1	20	0.326	6.5	6	0.756	14	0.141	48	-0.120	9	0.350	11	0.306
scalping-entry-exit-indicator-by-diget/family5	4h	2	101	0.190	19.2	55	0.128	46	0.263	398	-0.045	59	0.152	42	0.242
scalper-s-moving-average-dyna/family5	4h	2	16	0.183	2.9	4	-0.102	12	0.278	94	-0.130	10	0.415	6	-0.203
thrax-quickstrike-5-mins-scalping/family5	4h	1	105	0.172	18.0	46	0.167	59	0.176	180	0.108	61	0.047	44	0.345
9-15-ema-scalper/family5	4h	1	2	3.677	7.4	1	5.675	1	1.678	12	1.044	1	1.678	1	5.675
scalpers-macd-vwap-filter/family5	4h	2	43	0.168	7.2	25	-0.040	18	0.456	104	0.071	26	0.113	17	0.251
swing-reversal-auto-targets-jpt-module-1/family5	4h	1	15	0.594	8.9	2	1.593	13	0.441	74	-0.080	9	0.665	6	0.487
swing-gradient-tpos-boswaves/family5	4h	1	18	0.136	2.4	12	-0.095	6	0.597	37	0.021	12	-0.055	6	0.517
fast-v-slow-moving-averages-strategy-variable-divonn1994/family5	4h	1	14	0.372	5.2	3	0.017	11	0.469	52	0.035	0	0.000	14	0.372
contrarian-scalping-counter-trend-bb-envelope-adx-and-stochastic/family5	4h	2	167	0.240	40.1	95	0.198	72	0.296	3468	-0.039	97	0.179	70	0.324
god-of-scalping-btc/family5	4h	1	63	-0.164	-10.3	25	-0.134	38	-0.183	135	-0.170	34	-0.214	29	-0.105
clean-multi-indicator-alignment-system/family5	4h	3	23	0.215	4.9	7	0.026	16	0.298	98	0.083	15	0.252	8	0.146
market-direction-strength-mds/family5	4h	1	58	0.086	5.0	18	-0.223	40	0.225	156	-0.016	31	0.220	27	-0.067
consensus/family7	4h	4	61	0.214	13.1	28	-0.012	33	0.406			35	0.036	26	0.455
consensus/family7	4h	5	54	0.359	19.4	21	0.285	33	0.406			30	0.444	24	0.253
consensus/family7	4h	6	23	0.149	3.4	14	0.167	9	0.123			13	0.261	10	0.004
consensus/family7	4h	7	13	0.175	2.3	4	0.294	9	0.123			4	-0.047	9	0.274
stealthtrail-supertrend/family7	4h	3	17	0.074	1.3	9	0.009	8	0.148	63	-0.053	13	-0.001	4	0.317
swing-volume-profile-pro/family7	4h	1	18	0.401	7.2	10	0.170	8	0.690	55	-0.043	12	-0.059	6	1.320
session-killzones-breakouts/family7	4h	2	92	0.301	27.7	51	0.340	41	0.253	324	-0.029	59	0.283	33	0.333
ai-predictive-flow-zeiierman/family7	4h	1	62	-0.121	-7.5	27	-0.209	35	-0.053	155	-0.095	41	-0.236	21	0.103
trend-pullback-guard/family7	4h	1	11	0.234	2.6	6	0.204	5	0.269	86	0.024	6	0.200	5	0.274
anchored-value-distribution-oscillator-zeiierman/family7	4h	2	58	0.181	10.5	29	0.113	29	0.248	324	-0.048	44	-0.017	14	0.802
rsi-market-regime/family7	4h	1	32	0.139	4.5	19	-0.136	13	0.542	88	-0.037	20	0.258	12	-0.058
machine-learning-rsi-ai-classification-ranking-zeiierman/family7	4h	1	35	-0.347	-12.2	18	-0.230	17	-0.472	60	-0.281	31	-0.356	4	-0.280
swing-multi-moving-averages-crypto-and-stocks-strategy/family7	4h	2	98	0.121	11.9	56	0.046	42	0.221	207	-0.035	98	0.121	0	0.000
williams-r-zone-scalper-v1-0-bullbyte/family7	4h	2	15	0.295	4.4	9	-0.281	6	1.161	59	-0.140	12	0.270	3	0.398
smart-grid-scalping-pullback-strategy-bullbyte/family7	4h	1	25	-0.333	-8.3	9	-0.103	16	-0.462	28	-0.266	10	-0.046	15	-0.524
pro-scalper-ai-bullbyte/family7	4h	1	109	0.039	4.3	37	0.239	72	-0.063	224	-0.035	0	0.000	109	0.039
slope-ma-cross-acc-range-filter/family7	4h	1	25	0.288	7.2	11	0.189	14	0.367	113	-0.115	17	0.108	8	0.672
trendshift-supertrend-adx-regime-adaptive-strategy/family7	4h	1	26	-0.085	-2.2	12	-0.216	14	0.028	50	-0.054	15	-0.367	11	0.300
dnse-vn301-sma-34-89-dual-slope-strategy/family7	4h	2	7	0.028	0.2	5	-0.309	2	0.871	125	0.022	4	-0.039	3	0.116
fair-value-gap-strategy-with-break-of-structure-confirmation/family7	4h	1	6	-0.122	-0.7	6	-0.122	0	0.000	39	-0.095	2	-0.273	4	-0.047
bist30-to-sp-500-atr-momentum-rider/family7	4h	1	39	0.216	8.4	19	-0.043	20	0.462	53	0.167	39	0.216	0	0.000
tradleware-dca/family7	4h	1	32	-0.136	-4.4	19	-0.096	13	-0.195	66	-0.192	32	-0.136	0	0.000
cloud-pro-ichimoku-confluence/family7	4h	1	21	0.551	11.6	9	0.767	12	0.390	64	-0.077	15	0.509	6	0.658
nnfx-btc-ssl-qqe-signalforge/family7	4h	2	57	0.038	2.2	32	-0.010	25	0.099	141	-0.145	40	-0.129	17	0.431
hyperliquid-ready-webhook-strategy-template/family7	4h	1	13	0.493	6.4	8	0.139	5	1.059	31	0.140	8	0.453	5	0.556
z-edge-confluence-z-score-strategy/family7	4h	1	44	-0.276	-12.2	21	0.017	23	-0.544	109	-0.230	28	-0.158	16	-0.483
tp-sl-toolkit/family7	4h	3	18	0.455	8.2	9	0.424	9	0.486	94	-0.017	12	0.331	6	0.702
vwap-suite-trend-mean-reversion-with-adaptive-filters/family7	4h	2	9	0.766	6.9	7	0.173	2	2.842	66	-0.101	8	0.548	1	2.508
super-trend-signal-engine-quantum-edge/family7	4h	1	20	0.299	6.0	12	0.057	8	0.661	52	-0.104	16	0.385	4	-0.046
dual-bollinger-band-cross-strategy-v6/family7	4h	1	44	0.159	7.0	20	-0.062	24	0.342	79	-0.047	44	0.159	0	0.000
optimized-doji-breakout-strategy-short-only-v6/family7	4h	1	37	0.633	23.4	12	1.678	25	0.131	83	0.233	0	0.000	37	0.633
smoothed-heiken-ashi-strategy-v1/family7	4h	1	15	0.039	0.6	8	0.009	7	0.073	48	-0.064	10	-0.286	5	0.689
xau-clear-ema-atr-strategy-tp-sl-voice-v6-clean-tp/family7	4h	2	18	0.120	2.2	9	0.421	9	-0.181	80	-0.050	13	0.075	5	0.237
xau-clear-ema-atr-strategy-tp-sl-voice-v6/family7	4h	2	18	0.120	2.2	9	0.421	9	-0.181	80	-0.050	13	0.075	5	0.237
smc-clean-4h-zones-center-labels-hh-hl-ll-lh/family7	4h	1	177	0.114	20.2	79	0.175	98	0.065	880	-0.023	108	0.073	69	0.178
apex-fusion-ai-smart-trend-engine/family7	4h	1	14	0.594	8.3	4	0.316	10	0.705	76	-0.056	8	0.654	6	0.515
btc-8am-pattern-breakout-instant-entry/family7	4h	1	77	0.140	10.8	34	0.119	43	0.157	182	-0.024	47	0.039	30	0.299
vwap-points-percent-ticks-strategy/family7	4h	1	194	0.084	16.4	88	0.099	106	0.072	470	0.004	119	0.077	75	0.096
pm-range-breakout-retest-fade/family7	4h	1	33	-0.151	-5.0	18	-0.153	15	-0.148	93	-0.269	19	-0.224	14	-0.051
bollinger-squeeze-breakout-volume/family7	4h	1	22	0.044	1.0	10	-0.317	12	0.345	53	-0.188	18	0.094	4	-0.179
arbf-strategy-v1-8/family7	4h	1	57	0.137	7.8	10	-0.109	47	0.189	118	0.001	35	0.061	22	0.258
reverse-bb-kc/family7	4h	4	10	1.030	10.3	8	0.836	2	1.806	35	0.077	6	1.331	4	0.578
tomukas-daily-scale-in/family7	4h	1	13	-0.030	-0.4	6	-0.023	7	-0.036	22	-0.147	5	0.078	8	-0.098
trend-persistence-analysis-framework/family7	4h	2	17	-0.334	-5.7	12	-0.176	5	-0.711	136	-0.146	12	-0.361	5	-0.268
ewo-rsi-advanced-signals-strategy-exhaustion-filter/family7	4h	3	59	0.112	6.6	27	0.216	32	0.024	84	-0.027	26	0.182	33	0.057
high-activity-penny-stock-strategy-v6/family7	4h	1	13	0.711	9.2	5	0.185	8	1.040	28	0.208	10	0.673	3	0.839
kaufman-moving-average-adaptive-strategy-by-mkb/family7	4h	1	37	-0.164	-6.1	18	-0.369	19	0.031	60	-0.192	37	-0.164	0	0.000
ai-slop-holy-grail-trap-btc-1h-non-repainting-overfit/family7	4h	2	13	-0.451	-5.9	4	-1.000	9	-0.207	28	0.243	7	-0.599	6	-0.279
bollinger-bands-simple-strategy/family7	4h	2	50	0.092	4.6	33	0.075	17	0.125	105	0.016	34	0.090	16	0.096
adaptive-dual-engine-strategy-momentum-mean-reversion/family7	4h	1	61	0.112	6.8	19	0.169	42	0.086	191	-0.046	34	0.067	27	0.168
estrategia-dpo-artedejubilarte/family7	4h	1	36	0.287	10.3	17	0.321	19	0.256	64	0.203	26	0.104	10	0.761
volatility-surge-strategy/family7	4h	1	15	-0.021	-0.3	12	-0.211	3	0.741	21	-0.004	15	-0.021	0	0.000
supertrend-bb-strategy/family7	4h	1	25	0.241	6.0	14	0.080	11	0.447	50	-0.261	17	0.208	8	0.313
engulfing-mitigation-strategy/family7	4h	3	49	0.172	8.4	23	0.125	26	0.214	220	0.015	35	0.151	14	0.225
vumanchu-wt-zero-cross-strategy-v1-2-2/family7	4h	1	52	-0.010	-0.5	23	-0.225	29	0.160	110	-0.134	34	-0.042	18	0.049
bb-macd-v6-1-5-qing-smart-distribution/family7	4h	1	34	-0.053	-1.8	17	-0.034	17	-0.072	51	-0.063	34	-0.053	0	0.000
vumanchu-wt-zero-cross-strategy-v1-2-3/family7	4h	1	40	0.093	3.7	19	-0.061	21	0.233	74	-0.026	25	0.128	15	0.036
velocity-breakout-strategy-vbs/family7	4h	1	25	0.252	6.3	14	0.026	11	0.541	54	-0.025	16	0.334	9	0.108
nifty-supertrend-ce-strategy-alice-blue/family7	4h	1	26	0.271	7.0	15	0.142	11	0.447	52	-0.251	19	0.312	7	0.160
ultimate-pattern-engine-ema-stochastic-by-rony/family7	4h	2	63	0.105	6.6	35	-0.082	28	0.338	312	0.005	39	0.175	24	-0.009
fair-value-gap-continuation-framework/family7	4h	2	30	-0.107	-3.2	21	-0.159	9	0.016	150	-0.083	24	-0.170	6	0.148
pm-range-breakout-retest-fade-tv-strategies/family7	4h	1	27	-0.042	-1.1	13	0.008	14	-0.088	93	-0.269	16	-0.079	11	0.012
qqe-channel-strategy/family7	4h	1	35	0.169	5.9	15	0.277	20	0.088	95	-0.020	22	-0.074	13	0.580
ut-bot-v2-atr-trailing-stop/family7	4h	3	80	0.018	1.5	36	0.119	44	-0.064	267	-0.031	45	0.151	35	-0.153
egan-s-pure-structure-s-d-strategy-backtest/family7	4h	1	32	0.197	6.3	5	0.050	27	0.225	133	-0.012	19	0.487	13	-0.226
sma-4-sma-30/family7	4h	3	27	0.197	5.3	13	-0.277	14	0.638	115	-0.037	17	0.227	10	0.147
supertrend-strategy/family7	4h	1	27	0.312	8.4	16	0.219	11	0.447	53	-0.220	19	0.312	8	0.313
macd-crossover-strategy/family7	4h	1	88	-0.005	-0.4	34	0.141	54	-0.096	158	-0.041	56	-0.024	32	0.029
scalping-london-new-york-strategy/family7	4h	1	66	-0.022	-1.4	21	-0.051	45	-0.008	154	-0.045	34	0.055	32	-0.103
strategy-validation-framework-standardised-atr-exits-1-ris/family7	4h	1	14	0.501	7.0	9	0.465	5	0.566	24	0.220	8	0.153	6	0.966
serhan1-wma-rsi-trailing-scalp-date-filter/family7	4h	1	19	0.629	12.0	9	0.772	10	0.501	53	0.237	11	0.912	8	0.241
market-breadth-trend-strategy/family7	4h	2	17	0.305	5.2	5	-0.312	12	0.562	129	-0.130	8	0.638	9	0.008
twe-2-bar-break-strategy/family7	4h	2	53	0.288	15.3	31	0.403	22	0.125	285	-0.034	40	0.113	13	0.826
btcusd-4h-ema-swing-strategy/family7	4h	1	18	0.245	4.4	3	0.269	15	0.240	34	-0.102	9	0.281	9	0.209
simple-breakout-strategy-santana/family7	4h	1	25	0.163	4.1	12	0.101	13	0.220	78	-0.015	18	-0.166	7	1.008
ema-40-pullback-pyramid-strategy/family7	4h	3	39	0.181	7.0	18	0.300	21	0.078	208	0.041	32	0.095	7	0.571
tjr-v4-strategy/family7	4h	2	144	0.075	10.9	74	0.192	70	-0.048	683	-0.035	91	0.055	53	0.111
fair-value-gap-strategy/family7	4h	2	71	-0.011	-0.8	40	0.025	31	-0.057	224	-0.089	45	-0.044	26	0.045
the-greatest-bot-ever-made-pmt-apex-edition/family7	4h	1	33	-0.004	-0.1	16	0.065	17	-0.070	101	-0.014	23	0.019	10	-0.059
the-greatest-bot-ever-made-pmt-apex-edition-tv-strategies/family7	4h	1	33	-0.004	-0.1	16	0.065	17	-0.070	101	-0.014	23	0.019	10	-0.059
quanloki-qqe-system-opposite-signal-only-points/family7	4h	3	42	0.184	7.7	18	0.203	24	0.170	123	-0.011	26	0.239	16	0.096
adaptive-multi-factor-v1-update-9-years/family7	4h	1	89	0.046	4.1	45	-0.016	44	0.110	194	-0.021	58	0.045	31	0.049
atm-adaptive-zone-momentum-scalper-1h/family7	4h	2	123	0.141	17.3	65	0.251	58	0.017	634	-0.052	76	0.184	47	0.071
ema-9-vwap-strategy-with-atr-trailing-stop-win-the-trade/family7	4h	1	83	0.258	21.4	37	0.549	46	0.025	244	-0.049	53	0.184	30	0.389
atm/family7	4h	2	123	0.141	17.3	65	0.251	58	0.017	634	-0.052	76	0.184	47	0.071
adaptive-multi-facto-9-years/family7	4h	3	34	0.460	15.6	18	0.511	16	0.402	130	0.121	23	0.192	11	1.019
fast-scalper-with-stops/family7	4h	2	58	0.069	4.0	33	-0.003	25	0.164	153	-0.018	42	-0.045	16	0.368
fast-scalper-with-stops-tv-strategies/family7	4h	2	58	0.069	4.0	33	-0.003	25	0.164	153	-0.018	42	-0.045	16	0.368
fast-scalper-with-stops-tv-strategies-cg3o8g9a/family7	4h	2	39	0.497	19.4	20	0.361	19	0.640	72	0.141	27	0.513	12	0.460
sttrend-tp-lock-added/family7	4h	1	20	0.299	6.0	12	0.057	8	0.661	51	-0.125	16	0.385	4	-0.046
fast-scalper-with-stops-tv-strategies-mcwal9oa/family7	4h	2	58	0.069	4.0	33	-0.003	25	0.164	153	-0.018	42	-0.045	16	0.368
silver-surfer/family7	4h	2	70	-0.027	-1.9	39	-0.003	31	-0.057	224	-0.068	44	-0.070	26	0.045
9-ema-20-ema-retest-strategy/family7	4h	2	20	0.353	7.1	13	0.152	7	0.727	113	0.014	17	0.386	3	0.170
good-luck/family7	4h	1	16	-0.045	-0.7	4	0.006	12	-0.063	47	-0.130	9	-0.067	7	-0.017
spike-ea-trade-strategy/family7	4h	2	106	0.284	30.1	59	0.250	47	0.327	398	0.053	65	0.109	41	0.562
clean-vwap-zl-scalper-single-trigger-by-sandip/family7	4h	2	94	0.064	6.0	53	0.068	41	0.059	275	-0.033	58	0.050	36	0.087
clean-vwap-zl-scalper-single-trigger-by-david/family7	4h	2	94	0.064	6.0	53	0.068	41	0.059	275	-0.033	58	0.050	36	0.087
nasdaq-oro-bruto-24h-mejorada/family7	4h	1	14	0.324	4.5	1	-1.000	13	0.425	83	-0.174	10	0.471	4	-0.044
nasdaq-nq-24h-mejorada/family7	4h	1	14	0.324	4.5	1	-1.000	13	0.425	83	-0.174	10	0.471	4	-0.044
zr-grizzly/family7	4h	3	9	0.681	6.1	4	0.636	5	0.717	60	0.060	4	1.146	5	0.309
frosty-alerts/family7	4h	3	142	0.135	19.2	76	0.132	66	0.139	1707	-0.040	85	0.153	57	0.109
caldera-meridian-strategy/family7	4h	1	13	0.962	12.5	1	0.899	12	0.968	55	0.038	10	1.067	3	0.614
enso-usdt-12h-trend-pullback-sniper/family7	4h	1	10	-0.123	-1.2	3	-0.514	7	0.044	32	-0.090	5	0.184	5	-0.430
sebbiottino-trailing-stop-so-good-ger40-1m/family7	4h	2	32	-0.114	-3.7	19	-0.162	13	-0.045	118	-0.203	23	-0.331	9	0.440
my-strategy-9/family7	4h	1	25	0.163	4.1	12	0.101	13	0.220	78	-0.015	18	-0.166	7	1.008
regime-execution-strategy/family7	4h	2	4	1.652	6.6	2	3.373	2	-0.068	56	-0.074	2	0.035	2	3.270
nas100-sp500-turtle-soup-ny-v4-fixed/family7	4h	2	40	0.138	5.5	27	0.126	13	0.162	61	0.028	20	0.284	20	-0.009
gold-ai-strategy-v2-0/family7	4h	1	12	-0.419	-5.0	3	-0.039	9	-0.546	37	-0.245	10	-0.447	2	-0.280
zeta9-v6/family7	4h	5	14	0.695	9.7	7	0.774	7	0.616	152	-0.041	8	0.782	6	0.579
btc-averages-strategy-long-short/family7	4h	1	21	0.181	3.8	6	0.188	15	0.179	57	-0.089	15	0.108	6	0.365
liquidity-entry-zones-strategy-2-0/family7	4h	2	60	0.234	14.0	40	0.167	20	0.367	179	0.105	40	0.064	20	0.573
20-200-sma-strategy/family7	4h	1	87	0.202	17.6	18	0.211	69	0.200	205	0.027	55	0.205	32	0.197
bb-short-dca-strategy/family7	4h	3	15	-0.115	-1.7	6	-0.227	9	-0.041	27	-0.196	0	0.000	15	-0.115
concordance-allocation-strategy/family7	4h	1	16	0.266	4.3	8	-0.024	8	0.557	74	-0.135	7	-0.110	9	0.559
helios-institutional-synthesis-strategy/family7	4h	1	102	0.089	9.1	46	0.069	56	0.105	177	0.072	58	-0.072	44	0.301
amit-eth-strategy/family7	4h	1	39	-0.071	-2.8	16	0.247	23	-0.292	80	-0.067	26	-0.182	13	0.152
amit-eth-strategy-tv-strategies/family7	4h	1	39	-0.071	-2.8	16	0.247	23	-0.292	80	-0.067	26	-0.182	13	0.152
moja-strategia-harami-bb/family7	4h	2	46	0.250	11.5	26	0.018	20	0.552	71	0.066	28	0.335	18	0.119
moja-strategia-harami-bb-tv-strategies/family7	4h	2	46	0.250	11.5	26	0.018	20	0.552	71	0.066	28	0.335	18	0.119
silverstream-v2/family7	4h	2	23	0.021	0.5	12	-0.096	11	0.148	156	-0.073	15	-0.033	8	0.122
asian-box-breakout-strategy/family7	4h	2	45	0.287	12.9	30	0.147	15	0.566	164	-0.061	31	0.126	14	0.642
mgc-wyckoff-second-breakout-v3-candle-rr/family7	4h	1	45	-0.115	-5.2	19	0.004	26	-0.202	103	-0.162	24	-0.113	21	-0.118
5m-sol-scalper-ha-lorentzian/family7	4h	1	36	0.032	1.2	17	-0.351	19	0.376	67	0.080	25	0.042	11	0.011
inside-day-breakout-strategy/family7	4h	2	22	0.058	1.3	8	0.156	14	0.002	58	-0.060	13	0.079	9	0.028
bollinger-bands-rsi-live-radar-strategy/family7	4h	1	28	0.175	4.9	7	0.199	21	0.167	63	0.049	13	0.191	15	0.161
super-rsi-strategy/family7	4h	1	71	0.243	17.3	36	0.217	35	0.270	218	-0.067	40	0.297	31	0.174
concord-execution-mandate/family7	4h	1	110	0.082	9.0	48	0.159	62	0.022	239	-0.027	65	0.042	45	0.140
super-rsi-strategy-tv-strategies/family7	4h	1	71	0.243	17.3	36	0.217	35	0.270	218	-0.067	40	0.297	31	0.174
super-rsi-strategy-tv-strategies-nng1sppd/family7	4h	1	71	0.243	17.3	36	0.217	35	0.270	218	-0.067	40	0.297	31	0.174
box-breakout-strategy-dt4b-trader/family7	4h	1	27	0.252	6.8	10	-0.012	17	0.407	98	-0.116	20	0.292	7	0.136
sma-strategy/family7	4h	2	82	0.227	18.6	46	0.193	36	0.271	258	0.028	52	0.186	30	0.299
parallax-covenant-strategy/family7	4h	3	24	0.170	4.1	9	0.021	15	0.259	131	0.010	20	0.203	4	0.002
3commas-pullback-sniper-strategy/family7	4h	3	19	-0.353	-6.7	11	-0.404	8	-0.283	30	-0.301	3	-1.000	16	-0.232
ttm-momentum-histo-9-ema-21-ema-debit-spread-script/family7	4h	1	26	0.172	4.5	12	0.101	14	0.234	86	-0.018	19	-0.136	7	1.008
beginner-trend-risk-model-ema-rsi/family7	4h	3	42	-0.069	-2.9	17	-0.102	25	-0.047	133	-0.112	12	0.331	30	-0.230
simple-smart-buy-sell-strategy/family7	4h	2	23	0.789	18.2	14	0.780	9	0.804	123	0.018	16	0.330	7	1.839
options-momentum-bias-strategy-v2/family7	4h	1	22	-0.014	-0.3	7	-0.729	15	0.319	70	-0.114	13	-0.093	9	0.100
strategy-461-ts-m15/family7	4h	1	20	-0.137	-2.7	2	0.798	18	-0.241	75	-0.197	10	-0.108	10	-0.167
lvn-rejection-acceptance-strategy/family7	4h	2	22	-0.127	-2.8	14	-0.238	8	0.068	135	-0.098	18	-0.280	4	0.560
albtrader-nq-btc-gold-multi-tf-signal-bot-v2/family7	4h	1	25	0.273	6.8	4	1.196	21	0.098	67	0.172	11	-0.037	14	0.517
ema-crossx/family7	4h	1	25	-0.036	-0.9	12	-0.245	13	0.158	43	-0.261	25	-0.036	0	0.000
scalping-reversal-strategy/family7	4h	3	22	-0.015	-0.3	12	-0.104	10	0.092	43	0.088	14	0.236	8	-0.456
scalping-ichimoku/family7	4h	1	19	0.305	5.8	8	0.546	11	0.129	48	-0.120	11	0.140	8	0.532
scalping-entry-exit-indicator-by-diget/family7	4h	4	56	0.230	12.9	32	0.194	24	0.278	398	-0.045	35	0.312	21	0.093
scalper-s-moving-average-dyna/family7	4h	2	19	0.348	6.6	7	0.118	12	0.481	94	-0.130	14	0.418	5	0.150
thrax-quickstrike-5-mins-scalping/family7	4h	2	59	0.268	15.8	38	0.303	21	0.204	180	0.108	41	0.161	18	0.509
9-15-ema-scalper/family7	4h	1	2	3.677	7.4	1	5.675	1	1.678	12	1.044	1	1.678	1	5.675
scalpers-macd-vwap-filter/family7	4h	2	41	0.413	16.9	24	0.159	17	0.772	104	0.071	28	0.379	13	0.487
swing-reversal-auto-targets-jpt-module-1/family7	4h	1	9	0.430	3.9	1	0.439	8	0.429	74	-0.080	5	0.902	4	-0.159
swing-gradient-tpos-boswaves/family7	4h	1	15	0.079	1.2	8	-0.175	7	0.369	37	0.021	9	0.025	6	0.160
fast-v-slow-moving-averages-strategy-variable-divonn1994/family7	4h	2	4	1.098	4.4	3	1.149	1	0.946	52	0.035	0	0.000	4	1.098
contrarian-scalping-counter-trend-bb-envelope-adx-and-stochastic/family7	4h	1	321	0.070	22.6	141	0.114	180	0.036	3468	-0.039	183	0.063	138	0.080
god-of-scalping-btc/family7	4h	1	57	-0.076	-4.3	28	-0.058	29	-0.093	135	-0.170	35	-0.140	22	0.026
clean-multi-indicator-alignment-system/family7	4h	3	19	0.120	2.3	9	-0.363	10	0.553	98	0.083	15	0.184	4	-0.123
market-direction-strength-mds/family7	4h	2	23	0.127	2.9	15	-0.124	8	0.598	156	-0.016	16	0.114	7	0.157
