strategy	tf	k	trades	avgR	totalR	trades1	avgR1	trades2	avgR2	baseTrades2	baseAvgR2
consensus/family3	5m	2	5	0.212	1.1	3	0.623	2	-0.405		
consensus/family3	5m	3	5	0.212	1.1	3	0.623	2	-0.405		
pulse-trend-radar/family3	5m	1	6	0.823	4.9	4	1.244	2	-0.018	3	-0.345
breakout-pattern-setup/family3	5m	1	2	-0.954	-1.9	0	0.000	2	-0.954	2	-0.954
stealthtrail-supertrend/family3	5m	1	8	0.263	2.1	4	1.207	4	-0.680	7	-0.779
dynamic-trend-bands-anchored-vwap-signals/family3	5m	1	5	-0.352	-1.8	3	-0.320	2	-0.400	3	-0.045
kinetic-momentum-vectors/family3	5m	1	6	-0.128	-0.8	4	-0.147	2	-0.089	4	0.402
elliott-wave/family3	5m	1	5	0.128	0.6	3	0.445	2	-0.347	4	0.018
swing-volume-profile-pro/family3	5m	1	7	0.485	3.4	4	1.537	3	-0.917	6	-0.845
pivot-channel-breaks/family3	5m	1	3	-0.558	-1.7	2	-0.378	1	-0.918	1	-0.918
triangular-hull-moving-average-volatility/family3	5m	1	4	-0.510	-2.0	4	-0.510	0	0.000	3	-0.145
smart-money-breakout-signals/family3	5m	1	2	-0.324	-0.6	1	0.352	1	-1.000	2	-0.355
stealthtrail-supertrend-ml-pro/family3	5m	1	8	-0.061	-0.5	4	0.838	4	-0.959	5	-0.950
smart-swing-vwap-zeiierman/family3	5m	1	8	-0.458	-3.7	4	-0.319	4	-0.598	5	-0.373
supertrend-cluster-zeiierman/family3	5m	1	8	0.291	2.3	6	0.453	2	-0.193	4	0.051
bollinger-bands-forecast-with-signals-zeiierman/family3	5m	1	2	0.765	1.5	1	0.904	1	0.626	3	-0.043
market-memory-average-zeiierman/family3	5m	1	4	1.044	4.2	3	1.330	1	0.185	3	0.186
anchored-value-distribution-oscillator-zeiierman/family3	5m	2	16	0.009	0.1	15	0.076	1	-1.000	38	-0.198
volume-supertrend-ai-expo/family3	5m	2	1	0.339	0.3	1	0.339	0	0.000	4	0.312
ai-predictive-flow-zeiierman/family3	5m	1	20	0.132	2.6	12	0.436	8	-0.325	16	-0.343
momentum-sequence-strategy/family3	5m	1	2	-0.912	-1.8	1	-0.917	1	-0.907	3	-0.135
trend-survival-matrix/family3	5m	1	2	-0.380	-0.8	2	-0.380	0	0.000	2	-0.061
smart-flow-imbalance/family3	5m	2	2	-0.288	-0.6	1	0.352	1	-0.928	6	-0.442
ema-trend-pro/family3	5m	1	2	-0.380	-0.8	2	-0.380	0	0.000	0	0.000
ema-trend-signals/family3	5m	1	2	-0.380	-0.8	2	-0.380	0	0.000	2	-0.061
trend-pullback-guard/family3	5m	2	4	0.062	0.2	4	0.062	0	0.000	13	-0.105
adaptive-atr-extension-scanner/family3	5m	2	2	0.686	1.4	2	0.686	0	0.000	5	0.052
rsi-market-regime/family3	5m	1	11	0.023	0.3	8	0.195	3	-0.436	7	-0.546
fia-trend-momentum-10-20-50/family3	5m	2	4	-0.139	-0.6	4	-0.139	0	0.000	13	-0.123
machine-learning-rsi-ai-classification-ranking-zeiierman/family3	5m	1	4	-0.652	-2.6	3	-0.536	1	-1.000	4	-0.680
swing-multi-moving-averages-crypto-and-stocks-strategy/family3	5m	2	10	0.226	2.3	10	0.226	0	0.000	33	-0.214
weekend-hunter-ultimate-v6-2/family3	5m	1	0	0.000	0.0	0	0.000	0	0.000	3	-0.119
williams-r-zone-scalper-v1-0-bullbyte/family3	5m	2	1	-1.000	-1.0	0	0.000	1	-1.000	7	-0.179
macd-pullback-sniper-trend-adx-filtered-strategy/family3	5m	1	5	0.101	0.5	2	1.032	3	-0.519	5	-0.712
pro-scalper-ai-bullbyte/family3	5m	1	49	-0.121	-5.9	25	0.116	24	-0.368	36	-0.308
golden-trident-swing-anchored-vwap-trend-system/family3	5m	1	2	-0.380	-0.8	2	-0.380	0	0.000	1	0.301
ema-pullback-trend-continuation-strategy-with-volume-and-momentu/family3	5m	1	4	-0.302	-1.2	2	0.312	2	-0.916	5	-0.706
execution-aware-trend/family3	5m	2	2	0.346	0.7	2	0.346	0	0.000	0	0.000
coil-breaker-rsi-range-compression/family3	5m	1	0	0.000	0.0	0	0.000	0	0.000	1	-0.909
channel-reversion-system/family3	5m	1	2	-0.304	-0.6	0	0.000	2	-0.304	3	-0.536
dnse-vn301-sma-34-89-dual-slope-strategy/family3	5m	1	8	-0.041	-0.3	4	-0.221	4	0.139	7	0.183
stacklight-mtf-mtf-momentum-stack-stochastic-confluence/family3	5m	1	15	-0.049	-0.7	9	0.289	6	-0.557	8	-0.497
bist30-to-sp-500-atr-momentum-rider/family3	5m	2	2	0.395	0.8	2	0.395	0	0.000	5	-0.469
elite-hybrid-orb/family3	5m	1	8	-0.355	-2.8	4	-0.184	4	-0.527	9	-0.697
tradleware-dca/family3	5m	2	3	0.511	1.5	3	0.511	0	0.000	7	-0.310
ultimate-prop-firm/family3	5m	1	5	-0.446	-2.2	1	0.507	4	-0.685	7	-0.583
pg-mcx-silver-long-v6-mtf-momentum-profit-trailing/family3	5m	2	8	0.212	1.7	8	0.212	0	0.000	12	0.009
cloud-pro-ichimoku-confluence/family3	5m	1	14	0.179	2.5	10	0.472	4	-0.554	6	-0.432
nnfx-btc-ssl-qqe-signalforge/family3	5m	1	15	-0.117	-1.8	6	0.748	9	-0.694	18	-0.337
ema-25-68-bist30-futures/family3	5m	1	2	-0.333	-0.7	2	-0.333	0	0.000	2	-0.916
hyperliquid-ready-webhook-strategy-template/family3	5m	2	0	0.000	0.0	0	0.000	0	0.000	2	-0.061
trend-efficiency-framework/family3	5m	1	7	-0.301	-2.1	5	-0.022	2	-1.000	4	-0.090
webhook-alert-strategy-template/family3	5m	2	0	0.000	0.0	0	0.000	0	0.000	2	-0.060
vwap-mean-reversion-strategy-with-session-and-volume-filter/family3	5m	1	5	-0.339	-1.7	1	-1.000	4	-0.174	10	-0.266
fractal-memory-strategy/family3	5m	1	5	-0.326	-1.6	2	0.005	3	-0.546	3	-0.546
adaptive-atr-scalper-instant-lock-version/family3	5m	1	8	-0.004	-0.0	4	0.911	4	-0.919	5	-0.916
tp-sl-toolkit/family3	5m	1	17	-0.245	-4.2	12	0.049	5	-0.949	11	-0.378
btc-trend-momentum-strategy/family3	5m	1	3	-0.517	-1.6	1	-0.925	2	-0.313	7	-0.385
orb-pro-session-breakout-scalper/family3	5m	1	12	-0.134	-1.6	8	-0.062	4	-0.278	10	-0.141
donchian-breakout-with-atr-trailing-stop-trend-following/family3	5m	2	5	-0.323	-1.6	5	-0.323	0	0.000	5	-0.208
super-trend-signal-engine-quantum-edge/family3	5m	1	6	0.537	3.2	4	1.267	2	-0.923	3	-0.919
dual-bollinger-band-cross-strategy-v6/family3	5m	2	3	0.162	0.5	3	0.162	0	0.000	8	-0.558
optimized-doji-breakout-strategy-short-only-v6/family3	5m	1	11	-0.148	-1.6	1	0.299	10	-0.193	13	-0.059
smoothed-heiken-ashi-strategy-v1/family3	5m	1	10	-0.221	-2.2	6	0.240	4	-0.914	8	-0.908
xau-clear-ema-atr-strategy-tp-sl-voice-v6-clean-tp/family3	5m	2	2	0.506	1.0	2	0.506	0	0.000	12	-0.399
xau-clear-ema-atr-strategy-tp-sl-voice-v6/family3	5m	2	2	0.506	1.0	2	0.506	0	0.000	12	-0.399
bps-v17-strong-trend-filter/family3	5m	1	5	-0.638	-3.2	2	-0.185	3	-0.940	6	-0.526
bps-v17-strong-trend-filter-tv-strategies/family3	5m	1	5	-0.638	-3.2	2	-0.185	3	-0.940	6	-0.526
apex-fusion-ai-smart-trend-engine/family3	5m	2	8	0.019	0.2	8	0.019	0	0.000	13	-0.428
btc-8am-pattern-breakout-instant-entry/family3	5m	1	4	-0.266	-1.1	3	-0.448	1	0.278	7	0.031
smc-clean-4h-zones-center-labels-hh-hl-ll-lh/family3	5m	1	32	-0.213	-6.8	18	0.091	14	-0.603	57	-0.270
vwap-points-percent-ticks-strategy/family3	5m	2	3	-0.410	-1.2	2	-0.115	1	-1.000	12	-0.017
vwap-stdev-bands-reversal-strategy/family3	5m	1	6	-0.537	-3.2	1	-0.908	5	-0.463	9	-0.197
bollinger-squeeze-breakout-volume/family3	5m	1	5	-0.398	-2.0	3	-0.023	2	-0.960	3	-0.945
blueprint-vol/family3	5m	1	0	0.000	0.0	0	0.000	0	0.000	1	0.243
mcginley-t3-flow-campaign-nick789-v-1/family3	5m	1	6	-0.180	-1.1	5	-0.030	1	-0.930	5	-0.021
reverse-bb-kc/family3	5m	1	4	-0.258	-1.0	0	0.000	4	-0.258	8	-0.217
initial-balance-bo-strategy/family3	5m	1	2	-0.909	-1.8	1	-0.908	1	-0.910	2	-0.908
tomukas-daily-scale-in/family3	5m	1	5	-0.728	-3.6	0	0.000	5	-0.728	7	-0.312
trend-persistence-analysis-framework/family3	5m	2	5	0.374	1.9	5	0.374	0	0.000	20	0.029
10-tech-indexes-score-system/family3	5m	2	3	0.280	0.8	3	0.280	0	0.000	5	0.263
ewo-rsi-advanced-signals-strategy-exhaustion-filter/family3	5m	1	10	-0.273	-2.7	1	0.180	9	-0.323	13	-0.407
hemant-gold-strategy/family3	5m	1	6	0.100	0.6	3	0.074	3	0.127	6	-0.148
high-activity-penny-stock-strategy-v6/family3	5m	2	2	0.346	0.7	2	0.346	0	0.000	4	-0.633
scam-or-slam-day-trading-rauf-strategy/family3	5m	1	4	-0.637	-2.5	1	-0.908	3	-0.546	6	-0.773
kaufman-moving-average-adaptive-strategy-by-mkb/family3	5m	1	10	-0.160	-1.6	9	-0.076	1	-0.917	4	-0.610
ac20-55emagdcrosstest/family3	5m	1	2	-0.332	-0.7	2	-0.332	0	0.000	2	-0.060
clean-trend-system-htf-bias-filtered/family3	5m	2	0	0.000	0.0	0	0.000	0	0.000	1	-1.000
bollinger-bands-simple-strategy/family3	5m	1	5	-0.405	-2.0	0	0.000	5	-0.405	13	-0.140
bb-kc-squeeze-breakout/family3	5m	2	0	0.000	0.0	0	0.000	0	0.000	5	-0.361
adaptive-dual-engine-strategy-momentum-mean-reversion/family3	5m	1	27	-0.412	-11.1	11	-0.057	16	-0.657	28	-0.474
nasrul-fib-sr-m5/family3	5m	1	11	-0.437	-4.8	8	-0.246	3	-0.947	7	-0.428
estrategia-dpo-artedejubilarte/family3	5m	1	10	0.304	3.0	4	0.878	6	-0.079	9	-0.009
volatility-surge-strategy/family3	5m	1	3	-0.433	-1.3	0	0.000	3	-0.433	8	-0.119
9-21ema-anji/family3	5m	1	6	-0.608	-3.6	4	-0.454	2	-0.915	2	-0.915
yuri-garcia-narrow-state-strategy-ygils/family3	5m	2	1	-0.910	-0.9	1	-0.910	0	0.000	8	0.008
master-structural-engine/family3	5m	1	4	0.134	0.5	4	0.134	0	0.000	0	0.000
supertrend-bb-strategy/family3	5m	2	4	0.093	0.4	3	0.458	1	-1.000	2	-1.000
engulfing-mitigation-strategy/family3	5m	1	26	-0.179	-4.7	10	0.143	16	-0.381	31	-0.166
trend-pivot-scale-in/family3	5m	2	1	0.589	0.6	1	0.589	0	0.000	6	-0.417
vumanchu-wt-zero-cross-strategy-v1-2-3/family3	5m	1	12	0.042	0.5	9	0.362	3	-0.919	6	-0.654
vumanchu-wt-zero-cross-strategy-v1-2-2/family3	5m	1	14	-0.018	-0.3	11	0.228	3	-0.919	7	-0.407
bb-macd-v6-1-5-qing-smart-distribution/family3	5m	2	2	-0.303	-0.6	2	-0.303	0	0.000	6	-0.341
vishall-ema-9-20-50-200-dmi-adx-strategy/family3	5m	1	6	0.155	0.9	5	0.386	1	-1.000	6	-0.339
nifty-supertrend-ce-strategy-alice-blue/family3	5m	2	3	0.007	0.0	2	0.510	1	-1.000	4	-0.680
velocity-breakout-strategy-vbs/family3	5m	1	8	-0.272	-2.2	5	-0.091	3	-0.574	6	-0.774
craty-evaluation-account-level-e8-live-execution-setup/family3	5m	1	5	-0.021	-0.1	4	0.224	1	-1.000	4	-0.958
ultimate-pattern-engine-ema-stochastic-by-rony/family3	5m	2	15	0.226	3.4	13	0.230	2	0.200	44	-0.154
fair-value-gap-continuation-framework/family3	5m	2	10	-0.188	-1.9	8	0.005	2	-0.964	22	-0.464
surgical-sweep-original-restored/family3	5m	1	2	-0.315	-0.6	1	-0.908	1	0.278	4	0.172
qqe-channel-strategy/family3	5m	1	18	-0.109	-2.0	11	0.153	7	-0.520	10	-0.516
orb-fib-breakout-signals-strategy/family3	5m	1	10	0.043	0.4	8	0.078	2	-0.094	5	-0.102
ut-bot-v2-atr-trailing-stop/family3	5m	1	31	-0.066	-2.1	15	0.202	16	-0.318	41	-0.336
sma-4-sma-30/family3	5m	1	14	0.012	0.2	10	0.350	4	-0.834	10	-0.377
egan-s-pure-structure-s-d-strategy-backtest/family3	5m	2	6	0.185	1.1	6	0.185	0	0.000	17	-0.450
institutional-ob-entry-exit-sl-strategy/family3	5m	1	4	0.072	0.3	2	0.239	2	-0.095	5	-0.104
supertrend-strategy/family3	5m	1	12	0.287	3.4	8	0.760	4	-0.660	5	-0.728
alphamojo-supertrend-strategy-ha-with-buffer/family3	5m	1	5	0.956	4.8	3	1.837	2	-0.366	4	-0.338
macd-crossover-strategy/family3	5m	1	24	0.248	6.0	14	0.514	10	-0.124	23	-0.311
smart-trend-strategy-julzalgo/family3	5m	2	2	0.634	1.3	2	0.634	0	0.000	5	-0.650
expma-analysis/family3	5m	1	2	0.316	0.6	1	0.358	1	0.274	1	0.274
scalping-london-new-york-strategy/family3	5m	1	32	-0.024	-0.8	15	0.154	17	-0.182	27	-0.107
serhan1-wma-rsi-trailing-scalp-date-filter/family3	5m	1	9	0.316	2.8	7	0.442	2	-0.124	7	-0.423
market-breadth-trend-strategy/family3	5m	2	7	-0.037	-0.3	7	-0.037	0	0.000	21	-0.086
serhan-1-wma-adx-trailing-date-filter/family3	5m	1	3	0.948	2.8	1	4.666	2	-0.911	4	-0.910
twe-2-bar-break-strategy/family3	5m	1	51	-0.078	-4.0	30	0.113	21	-0.352	40	-0.231
15m-nifty-multi-day-swing-target-engine-v1-0/family3	5m	1	14	-0.234	-3.3	5	0.321	9	-0.543	16	-0.426
double-tap/family3	5m	1	9	0.048	0.4	5	0.220	4	-0.168	7	-0.314
tjr-v4-strategy/family3	5m	1	6	-0.457	-2.7	3	0.002	3	-0.915	8	-0.320
manoj-betrayed-me/family3	5m	2	9	0.132	1.2	9	0.132	0	0.000	20	-0.285
btcusd-4h-ema-swing-strategy/family3	5m	1	8	-0.228	-1.8	5	0.166	3	-0.884	5	-0.613
ahlenaz/family3	5m	2	7	0.131	0.9	7	0.131	0	0.000	7	-0.187
simple-breakout-strategy-santana/family3	5m	1	11	0.314	3.5	6	0.562	5	0.016	6	0.302
ema-40-pullback-pyramid-strategy/family3	5m	1	22	-0.287	-6.3	13	-0.057	9	-0.621	29	-0.438
nse-elite-strategy-v6-full-system/family3	5m	1	0	0.000	0.0	0	0.000	0	0.000	0	0.000
xauusd-rsi-long-short-backtest/family3	5m	1	7	-0.601	-4.2	0	0.000	7	-0.601	14	-0.288
fair-value-gap-strategy/family3	5m	2	9	0.039	0.3	8	0.168	1	-1.000	36	-0.319
ll-momentum-and-curl-master/family3	5m	2	6	0.284	1.7	6	0.284	0	0.000	10	-0.378
the-greatest-bot-ever-made-pmt-apex-edition/family3	5m	2	8	-0.214	-1.7	7	-0.102	1	-1.000	15	-0.569
the-greatest-bot-ever-made-pmt-apex-edition-tv-strategies/family3	5m	2	8	-0.214	-1.7	7	-0.102	1	-1.000	15	-0.569
katana-v5-pro-fvg-50-model/family3	5m	2	4	0.126	0.5	4	0.126	0	0.000	10	-0.463
quanloki-qqe-system-opposite-signal-only-points/family3	5m	2	2	-0.160	-0.3	2	-0.160	0	0.000	20	-0.537
silver-surfer/family3	5m	1	40	-0.177	-7.1	23	0.073	17	-0.515	35	-0.312
adaptive-multi-factor-v1-update-9-years/family3	5m	1	27	-0.134	-3.6	15	0.262	12	-0.629	28	-0.505
ema-9-vwap-strategy-with-atr-trailing-stop-win-the-trade/family3	5m	2	1	-1.000	-1.0	0	0.000	1	-1.000	8	-0.125
atm-adaptive-zone-momentum-scalper-1h/family3	5m	2	16	0.080	1.3	15	0.152	1	-1.000	83	-0.162
adaptive-multi-facto-9-years/family3	5m	1	26	-0.153	-4.0	14	0.254	12	-0.629	20	-0.666
fast-scalper-with-stops-tv-strategies/family3	5m	1	22	-0.032	-0.7	13	0.276	9	-0.475	20	-0.280
fast-scalper-with-stops/family3	5m	1	22	-0.032	-0.7	13	0.276	9	-0.475	20	-0.280
fast-scalper-with-stops-tv-strategies-cg3o8g9a/family3	5m	1	6	-0.748	-4.5	0	0.000	6	-0.748	9	-0.563
fast-scalper-with-stops-tv-strategies-mcwal9oa/family3	5m	1	22	-0.032	-0.7	13	0.276	9	-0.475	20	-0.280
sttrend-tp-lock-added/family3	5m	1	6	0.537	3.2	4	1.267	2	-0.923	3	-0.919
atm/family3	5m	2	16	0.080	1.3	15	0.152	1	-1.000	83	-0.162
9-ema-20-ema-retest-strategy/family3	5m	1	0	0.000	0.0	0	0.000	0	0.000	1	0.230
clean-vwap-zl-scalper-single-trigger-by-david/family3	5m	2	3	-0.382	-1.1	3	-0.382	0	0.000	7	-0.242
clean-vwap-zl-scalper-single-trigger-by-sandip/family3	5m	2	3	-0.382	-1.1	3	-0.382	0	0.000	7	-0.242
spike-ea-trade-strategy/family3	5m	2	21	0.102	2.1	18	0.216	3	-0.580	77	-0.225
good-luck/family3	5m	2	2	0.492	1.0	2	0.492	0	0.000	4	0.121
nasdaq-oro-bruto-24h-mejorada/family3	5m	2	8	-0.198	-1.6	8	-0.198	0	0.000	10	-0.684
nasdaq-nq-24h-mejorada/family3	5m	2	8	-0.198	-1.6	8	-0.198	0	0.000	10	-0.684
zr-grizzly/family3	5m	2	3	0.023	0.1	3	0.023	0	0.000	12	-0.123
concordance-execution-model/family3	5m	2	2	0.570	1.1	2	0.570	0	0.000	8	-0.479
frosty-alerts/family3	5m	1	72	-0.026	-1.9	35	0.142	37	-0.185	330	-0.148
caldera-meridian-strategy/family3	5m	2	2	0.346	0.7	2	0.346	0	0.000	3	0.418
enso-usdt-12h-trend-pullback-sniper/family3	5m	1	10	0.327	3.3	5	0.515	5	0.140	8	0.032
sebbiottino-trailing-stop-so-good-ger40-1m/family3	5m	2	7	0.227	1.6	7	0.227	0	0.000	14	-0.332
ut-bot-shah-200-50-ema/family3	5m	2	3	0.424	1.3	3	0.424	0	0.000	3	-0.414
my-strategy-9/family3	5m	1	11	0.314	3.5	6	0.562	5	0.016	6	0.302
regime-execution-strategy/family3	5m	2	4	0.139	0.6	4	0.139	0	0.000	9	-0.493
gold-ai-strategy-v2-0/family3	5m	1	10	0.015	0.1	6	0.177	4	-0.228	9	-0.494
zeta9-v6/family3	5m	1	28	0.059	1.7	15	0.257	13	-0.169	26	-0.242
btc-averages-strategy-long-short/family3	5m	1	6	-0.537	-3.2	6	-0.537	0	0.000	4	-0.228
20-200-sma-strategy/family3	5m	2	9	0.211	1.9	8	0.213	1	0.189	24	-0.330
ultimate-smc-emas-day-trading-strategy/family3	5m	1	3	0.592	1.8	1	0.904	2	0.437	2	0.437
liquidity-entry-zones-strategy-2-0/family3	5m	2	1	0.681	0.7	1	0.681	0	0.000	18	-0.335
concordance-allocation-strategy/family3	5m	1	3	-0.405	-1.2	2	-0.108	1	-1.000	11	-0.384
amit-eth-strategy/family3	5m	1	15	0.090	1.3	9	0.321	6	-0.258	11	-0.330
amit-eth-strategy-tv-strategies/family3	5m	1	15	0.090	1.3	9	0.321	6	-0.258	11	-0.330
moja-strategia-harami-bb/family3	5m	1	3	0.114	0.3	1	0.183	2	0.080	7	0.045
moja-strategia-harami-bb-tv-strategies/family3	5m	1	3	0.114	0.3	1	0.183	2	0.080	7	0.045
silverstream-v2/family3	5m	2	9	0.048	0.4	9	0.048	0	0.000	23	-0.322
mgc-wyckoff-second-breakout-v3-candle-rr/family3	5m	2	3	0.130	0.4	3	0.130	0	0.000	11	-0.646
5m-sol-scalper-ha-lorentzian/family3	5m	1	7	0.032	0.2	4	0.698	3	-0.857	4	-0.764
super-rsi-strategy/family3	5m	2	19	0.064	1.2	18	0.123	1	-1.000	38	-0.265
concord-execution-mandate/family3	5m	1	25	-0.245	-6.1	11	0.194	14	-0.589	31	-0.383
super-rsi-strategy-tv-strategies/family3	5m	2	19	0.064	1.2	18	0.123	1	-1.000	38	-0.265
super-rsi-strategy-tv-strategies-nng1sppd/family3	5m	2	19	0.064	1.2	18	0.123	1	-1.000	38	-0.265
sma-strategy/family3	5m	2	6	0.222	1.3	5	0.466	1	-1.000	38	-0.291
box-breakout-strategy-dt4b-trader/family3	5m	2	10	-0.118	-1.2	9	-0.028	1	-0.928	12	-0.472
bollinger-bands-rsi-live-radar-strategy/family3	5m	1	1	0.626	0.6	0	0.000	1	0.626	4	0.440
parallax-covenant-strategy/family3	5m	1	24	-0.365	-8.7	13	-0.051	11	-0.735	21	-0.429
ttm-momentum-histo-9-ema-21-ema-debit-spread-script/family3	5m	1	14	0.159	2.2	8	0.405	6	-0.170	8	0.126
beginner-trend-risk-model-ema-rsi/family3	5m	1	20	-0.342	-6.8	9	0.134	11	-0.731	18	-0.387
rr-master-lc/family3	5m	1	6	-0.359	-2.2	5	-0.230	1	-1.000	3	0.243
option-selling/family3	5m	1	4	-0.913	-3.7	1	-0.909	3	-0.915	3	-0.915
index-option-selling/family3	5m	1	4	-0.913	-3.7	1	-0.909	3	-0.915	3	-0.915
decoded-volatility-expansion/family3	5m	2	1	0.339	0.3	1	0.339	0	0.000	3	-0.541
ai-triple-confirmation-strategy/family3	5m	2	6	0.054	0.3	6	0.054	0	0.000	8	-0.592
option-point/family3	5m	1	4	-0.913	-3.7	1	-0.909	3	-0.915	3	-0.915
simple-smart-buy-sell-strategy/family3	5m	2	9	-0.201	-1.8	8	-0.112	1	-0.919	22	-0.133
albtrader-nq-beast-supertrend-macd-rsi/family3	5m	1	11	-0.045	-0.5	6	0.022	5	-0.125	7	-0.177
options-momentum-bias-strategy-v2/family3	5m	1	8	0.090	0.7	4	0.436	4	-0.256	8	-0.517
ema-dmi-macd-rsi-strategy/family3	5m	1	9	-0.588	-5.3	5	-0.622	4	-0.545	8	-0.031
take-liquidity-multi-time-frame-tradesystem/family3	5m	1	0	0.000	0.0	0	0.000	0	0.000	2	-0.350
strategy-461-ts-m15/family3	5m	2	5	0.804	4.0	5	0.804	0	0.000	11	0.198
autotrade-bot-v12/family3	5m	1	3	-0.068	-0.2	2	0.398	1	-1.000	6	-0.568
lvn-rejection-acceptance-strategy/family3	5m	1	26	-0.044	-1.1	17	0.143	9	-0.398	18	-0.192
adaptive-s-r-reversal-rsi-divergence-dca-be-stop-5m/family3	5m	1	5	-0.615	-3.1	1	-0.936	4	-0.535	6	-0.488
nq-scalp-fix-signals/family3	5m	2	5	0.256	1.3	5	0.256	0	0.000	13	-0.188
albtrader-nq-btc-gold-multi-tf-signal-bot-v2/family3	5m	1	8	0.247	2.0	5	0.913	3	-0.863	6	-0.304
ema-crossx/family3	5m	1	5	0.260	1.3	5	0.260	0	0.000	2	-0.348
scalping-reversal-strategy/family3	5m	1	4	0.073	0.3	0	0.000	4	0.073	7	0.266
strategy-432-btc-donchian-breakout-continuation/family3	5m	1	8	-0.181	-1.4	6	-0.125	2	-0.348	6	0.310
scalping-ichimoku/family3	5m	1	3	-0.525	-1.6	3	-0.525	0	0.000	1	0.563
strategy-250-xauusd-composite-quality-score/family3	5m	1	5	0.421	2.1	3	0.522	2	0.269	3	0.680
scalping-entry-exit-indicator-by-diget/family3	5m	1	38	-0.238	-9.0	14	0.016	24	-0.386	50	-0.229
scalper-s-moving-average-dyna/family3	5m	1	19	-0.227	-4.3	12	0.096	7	-0.781	13	-0.843
9-15-ema-scalper/family3	5m	2	5	-0.444	-2.2	4	-0.305	1	-1.000	8	-0.237
parabolic-sar-heikin-ashi-mtf-candle-scalper/family3	5m	1	4	-0.650	-2.6	0	0.000	4	-0.650	30	-0.205
scalpers-macd-vwap-filter/family3	5m	1	11	-0.123	-1.3	6	0.022	5	-0.297	7	-0.485
swing-failure-pattern-sfp-engine-agpro-series/family3	5m	1	6	0.198	1.2	3	0.034	3	0.361	6	0.361
swing-reversal-auto-targets-jpt-module-1/family3	5m	2	11	0.041	0.4	11	0.041	0	0.000	18	-0.295
swing-gradient-tpos-boswaves/family3	5m	2	1	-0.946	-0.9	1	-0.946	0	0.000	19	-0.423
ms-hypersupertrend/family3	5m	1	3	0.073	0.2	2	0.609	1	-1.000	1	-1.000
fast-v-slow-moving-averages-strategy-variable-divonn1994/family3	5m	1	5	0.444	2.2	2	1.805	3	-0.463	3	-0.463
contrarian-scalping-counter-trend-bb-envelope-adx-and-stochastic/family3	5m	2	20	0.225	4.5	18	0.295	2	-0.405	516	-0.141
god-of-scalping-btc/family3	5m	1	10	-0.515	-5.2	4	-0.246	6	-0.694	10	-0.489
clean-multi-indicator-alignment-system/family3	5m	2	4	0.143	0.6	3	0.524	1	-1.000	8	-0.797
market-direction-strength-mds/family3	5m	2	12	-0.091	-1.1	11	-0.008	1	-1.000	13	-0.056
concordance-strategy/family3	5m	1	0	0.000	0.0	0	0.000	0	0.000	0	0.000
consensus/family5	5m	3	15	-0.090	-1.4	7	0.679	8	-0.763		
consensus/family5	5m	4	3	0.495	1.5	3	0.495	0	0.000		
consensus/family5	5m	5	3	0.495	1.5	3	0.495	0	0.000		
pulse-trend-radar/family5	5m	1	6	0.511	3.1	4	1.244	2	-0.955	3	-0.345
breakout-pattern-setup/family5	5m	1	2	-0.954	-1.9	0	0.000	2	-0.954	2	-0.954
stealthtrail-supertrend/family5	5m	1	7	0.274	1.9	4	1.207	3	-0.971	7	-0.779
dynamic-trend-bands-anchored-vwap-signals/family5	5m	1	7	-0.030	-0.2	4	-0.018	3	-0.045	3	-0.045
kinetic-momentum-vectors/family5	5m	1	8	0.128	1.0	4	-0.147	4	0.402	4	0.402
elliott-wave/family5	5m	1	6	0.156	0.9	3	0.445	3	-0.133	4	0.018
swing-volume-profile-pro/family5	5m	1	8	0.298	2.4	4	1.537	4	-0.941	6	-0.845
pivot-channel-breaks/family5	5m	1	3	-0.558	-1.7	2	-0.378	1	-0.918	1	-0.918
triangular-hull-moving-average-volatility/family5	5m	1	5	-0.347	-1.7	4	-0.510	1	0.303	3	-0.145
smart-money-breakout-signals/family5	5m	1	3	-0.119	-0.4	1	0.352	2	-0.355	2	-0.355
stealthtrail-supertrend-ml-pro/family5	5m	2	7	0.270	1.9	4	1.202	3	-0.972	5	-0.950
smart-swing-vwap-zeiierman/family5	5m	1	7	-0.430	-3.0	4	-0.319	3	-0.580	5	-0.373
supertrend-cluster-zeiierman/family5	5m	1	9	0.426	3.8	6	0.453	3	0.371	4	0.051
bollinger-bands-forecast-with-signals-zeiierman/family5	5m	1	3	0.804	2.4	2	0.893	1	0.626	3	-0.043
market-memory-average-zeiierman/family5	5m	1	5	1.091	5.5	3	1.330	2	0.733	3	0.186
anchored-value-distribution-oscillator-zeiierman/family5	5m	2	41	-0.087	-3.6	29	0.050	12	-0.420	38	-0.198
volume-supertrend-ai-expo/family5	5m	1	6	-0.152	-0.9	3	-0.508	3	0.204	4	0.312
ai-predictive-flow-zeiierman/family5	5m	1	25	-0.039	-1.0	13	0.271	12	-0.374	16	-0.343
momentum-sequence-strategy/family5	5m	1	3	-0.108	-0.3	1	-0.917	2	0.297	3	-0.135
trend-survival-matrix/family5	5m	1	2	-0.380	-0.8	2	-0.380	0	0.000	2	-0.061
smart-flow-imbalance/family5	5m	4	1	0.352	0.4	1	0.352	0	0.000	6	-0.442
ema-trend-pro/family5	5m	1	2	-0.380	-0.8	2	-0.380	0	0.000	0	0.000
ema-trend-signals/family5	5m	1	2	-0.380	-0.8	2	-0.380	0	0.000	2	-0.061
trend-pullback-guard/family5	5m	4	3	0.041	0.1	3	0.041	0	0.000	13	-0.105
adaptive-atr-extension-scanner/family5	5m	4	2	0.686	1.4	2	0.686	0	0.000	5	0.052
rsi-market-regime/family5	5m	1	12	0.046	0.6	7	0.353	5	-0.383	7	-0.546
fia-trend-momentum-10-20-50/family5	5m	2	15	-0.115	-1.7	9	-0.130	6	-0.093	13	-0.123
machine-learning-rsi-ai-classification-ranking-zeiierman/family5	5m	2	3	-0.567	-1.7	2	-0.350	1	-1.000	4	-0.680
swing-multi-moving-averages-crypto-and-stocks-strategy/family5	5m	4	10	0.226	2.3	10	0.226	0	0.000	33	-0.214
weekend-hunter-ultimate-v6-2/family5	5m	1	3	-0.119	-0.4	0	0.000	3	-0.119	3	-0.119
williams-r-zone-scalper-v1-0-bullbyte/family5	5m	1	7	-0.293	-2.1	2	-0.370	5	-0.262	7	-0.179
macd-pullback-sniper-trend-adx-filtered-strategy/family5	5m	1	3	0.382	1.1	2	1.032	1	-0.917	5	-0.712
pro-scalper-ai-bullbyte/family5	5m	1	55	-0.090	-4.9	24	0.109	31	-0.244	36	-0.308
golden-trident-swing-anchored-vwap-trend-system/family5	5m	1	3	-0.153	-0.5	2	-0.380	1	0.301	1	0.301
ema-pullback-trend-continuation-strategy-with-volume-and-momentu/family5	5m	2	3	-0.097	-0.3	2	0.312	1	-0.914	5	-0.706
execution-aware-trend/family5	5m	4	1	0.352	0.4	1	0.352	0	0.000	0	0.000
coil-breaker-rsi-range-compression/family5	5m	1	1	-0.909	-0.9	0	0.000	1	-0.909	1	-0.909
dnse-vn301-sma-34-89-dual-slope-strategy/family5	5m	1	10	0.140	1.4	4	-0.221	6	0.380	7	0.183
stacklight-mtf-mtf-momentum-stack-stochastic-confluence/family5	5m	1	17	-0.081	-1.4	9	0.289	8	-0.497	8	-0.497
bist30-to-sp-500-atr-momentum-rider/family5	5m	2	6	-0.195	-1.2	4	0.164	2	-0.914	5	-0.469
elite-hybrid-orb/family5	5m	1	11	-0.491	-5.4	4	-0.184	7	-0.666	9	-0.697
tradleware-dca/family5	5m	1	10	0.128	1.3	5	0.290	5	-0.033	7	-0.310
ultimate-prop-firm/family5	5m	1	6	-0.225	-1.3	2	0.695	4	-0.685	7	-0.583
pg-mcx-silver-long-v6-mtf-momentum-profit-trailing/family5	5m	4	8	0.212	1.7	8	0.212	0	0.000	12	0.009
cloud-pro-ichimoku-confluence/family5	5m	1	15	0.203	3.0	11	0.338	4	-0.170	6	-0.432
nnfx-btc-ssl-qqe-signalforge/family5	5m	1	12	0.143	1.7	7	0.498	5	-0.354	18	-0.337
ema-25-68-bist30-futures/family5	5m	1	3	-0.529	-1.6	2	-0.333	1	-0.923	2	-0.916
hyperliquid-ready-webhook-strategy-template/family5	5m	1	2	-0.380	-0.8	2	-0.380	0	0.000	2	-0.061
trend-efficiency-framework/family5	5m	1	9	-0.052	-0.5	5	-0.022	4	-0.090	4	-0.090
webhook-alert-strategy-template/family5	5m	1	2	-0.332	-0.7	2	-0.332	0	0.000	2	-0.060
fractal-memory-strategy/family5	5m	1	4	-0.477	-1.9	2	0.005	2	-0.959	3	-0.546
adaptive-atr-scalper-instant-lock-version/family5	5m	1	8	-0.004	-0.0	4	0.911	4	-0.919	5	-0.916
tp-sl-toolkit/family5	5m	2	13	0.035	0.5	11	0.223	2	-1.000	11	-0.378
btc-trend-momentum-strategy/family5	5m	1	4	-0.248	-1.0	1	-0.925	3	-0.023	7	-0.385
orb-pro-session-breakout-scalper/family5	5m	2	8	-0.048	-0.4	5	-0.038	3	-0.065	10	-0.141
donchian-breakout-with-atr-trailing-stop-trend-following/family5	5m	4	5	-0.323	-1.6	5	-0.323	0	0.000	5	-0.208
super-trend-signal-engine-quantum-edge/family5	5m	1	7	0.330	2.3	4	1.267	3	-0.919	3	-0.919
dual-bollinger-band-cross-strategy-v6/family5	5m	4	3	0.162	0.5	3	0.162	0	0.000	8	-0.558
optimized-doji-breakout-strategy-short-only-v6/family5	5m	1	8	-0.009	-0.1	1	0.299	7	-0.053	13	-0.059
smoothed-heiken-ashi-strategy-v1/family5	5m	1	8	-0.048	-0.4	5	0.470	3	-0.911	8	-0.908
xau-clear-ema-atr-strategy-tp-sl-voice-v6-clean-tp/family5	5m	1	18	-0.095	-1.7	8	0.135	10	-0.279	12	-0.399
xau-clear-ema-atr-strategy-tp-sl-voice-v6/family5	5m	1	18	-0.095	-1.7	8	0.135	10	-0.279	12	-0.399
bps-v17-strong-trend-filter/family5	5m	2	5	-0.638	-3.2	2	-0.185	3	-0.940	6	-0.526
bps-v17-strong-trend-filter-tv-strategies/family5	5m	2	5	-0.638	-3.2	2	-0.185	3	-0.940	6	-0.526
apex-fusion-ai-smart-trend-engine/family5	5m	4	7	-0.027	-0.2	7	-0.027	0	0.000	13	-0.428
btc-8am-pattern-breakout-instant-entry/family5	5m	1	6	-0.090	-0.5	3	-0.448	3	0.267	7	0.031
smc-clean-4h-zones-center-labels-hh-hl-ll-lh/family5	5m	1	34	-0.164	-5.6	19	0.188	15	-0.610	57	-0.270
vwap-points-percent-ticks-strategy/family5	5m	4	1	-0.910	-0.9	1	-0.910	0	0.000	12	-0.017
vwap-stdev-bands-reversal-strategy/family5	5m	1	1	-0.908	-0.9	1	-0.908	0	0.000	9	-0.197
bollinger-squeeze-breakout-volume/family5	5m	1	5	-0.396	-2.0	3	-0.023	2	-0.956	3	-0.945
blueprint-vol/family5	5m	1	0	0.000	0.0	0	0.000	0	0.000	1	0.243
mcginley-t3-flow-campaign-nick789-v-1/family5	5m	1	9	-0.056	-0.5	5	-0.030	4	-0.088	5	-0.021
reverse-bb-kc/family5	5m	1	1	0.174	0.2	0	0.000	1	0.174	8	-0.217
initial-balance-bo-strategy/family5	5m	1	2	-0.013	-0.0	1	0.883	1	-0.910	2	-0.908
tomukas-daily-scale-in/family5	5m	1	4	-0.654	-2.6	0	0.000	4	-0.654	7	-0.312
trend-persistence-analysis-framework/family5	5m	4	5	0.183	0.9	5	0.183	0	0.000	20	0.029
10-tech-indexes-score-system/family5	5m	4	3	0.280	0.8	3	0.280	0	0.000	5	0.263
hemant-gold-strategy/family5	5m	1	9	0.116	1.0	4	0.255	5	0.005	6	-0.148
high-activity-penny-stock-strategy-v6/family5	5m	1	4	0.144	0.6	4	0.144	0	0.000	4	-0.633
scam-or-slam-day-trading-rauf-strategy/family5	5m	1	2	-0.913	-1.8	1	-0.908	1	-0.917	6	-0.773
kaufman-moving-average-adaptive-strategy-by-mkb/family5	5m	2	10	-0.160	-1.6	9	-0.076	1	-0.917	4	-0.610
ac20-55emagdcrosstest/family5	5m	1	2	-0.332	-0.7	2	-0.332	0	0.000	2	-0.060
clean-trend-system-htf-bias-filtered/family5	5m	1	2	-1.000	-2.0	1	-1.000	1	-1.000	1	-1.000
bollinger-bands-simple-strategy/family5	5m	1	2	-0.104	-0.2	0	0.000	2	-0.104	13	-0.140
bb-kc-squeeze-breakout/family5	5m	4	0	0.000	0.0	0	0.000	0	0.000	5	-0.361
adaptive-dual-engine-strategy-momentum-mean-reversion/family5	5m	1	31	-0.196	-6.1	11	0.201	20	-0.414	28	-0.474
nasrul-fib-sr-m5/family5	5m	2	11	-0.437	-4.8	8	-0.246	3	-0.947	7	-0.428
estrategia-dpo-artedejubilarte/family5	5m	1	12	0.262	3.1	4	0.878	8	-0.046	9	-0.009
volatility-surge-strategy/family5	5m	1	3	-0.152	-0.5	0	0.000	3	-0.152	8	-0.119
9-21ema-anji/family5	5m	1	5	-0.545	-2.7	4	-0.454	1	-0.910	2	-0.915
yuri-garcia-narrow-state-strategy-ygils/family5	5m	4	1	-0.910	-0.9	1	-0.910	0	0.000	8	0.008
master-structural-engine/family5	5m	2	4	0.134	0.5	4	0.134	0	0.000	0	0.000
supertrend-bb-strategy/family5	5m	1	8	-0.194	-1.5	6	0.075	2	-1.000	2	-1.000
engulfing-mitigation-strategy/family5	5m	2	18	-0.201	-3.6	10	0.143	8	-0.632	31	-0.166
trend-pivot-scale-in/family5	5m	4	1	0.589	0.6	1	0.589	0	0.000	6	-0.417
vumanchu-wt-zero-cross-strategy-v1-2-3/family5	5m	2	9	0.360	3.2	8	0.521	1	-0.928	6	-0.654
vumanchu-wt-zero-cross-strategy-v1-2-2/family5	5m	2	11	0.226	2.5	10	0.342	1	-0.928	7	-0.407
bb-macd-v6-1-5-qing-smart-distribution/family5	5m	4	2	-0.303	-0.6	2	-0.303	0	0.000	6	-0.341
vishall-ema-9-20-50-200-dmi-adx-strategy/family5	5m	1	11	-0.009	-0.1	5	0.386	6	-0.339	6	-0.339
nifty-supertrend-ce-strategy-alice-blue/family5	5m	1	7	-0.272	-1.9	5	0.020	2	-1.000	4	-0.680
velocity-breakout-strategy-vbs/family5	5m	2	4	-0.353	-1.4	3	-0.137	1	-1.000	6	-0.774
craty-evaluation-account-level-e8-live-execution-setup/family5	5m	1	7	-0.289	-2.0	4	0.224	3	-0.974	4	-0.958
ultimate-pattern-engine-ema-stochastic-by-rony/family5	5m	4	10	0.174	1.7	10	0.174	0	0.000	44	-0.154
fair-value-gap-continuation-framework/family5	5m	4	7	0.015	0.1	7	0.015	0	0.000	22	-0.464
surgical-sweep-original-restored/family5	5m	1	1	-0.908	-0.9	1	-0.908	0	0.000	4	0.172
qqe-channel-strategy/family5	5m	1	20	-0.129	-2.6	11	0.153	9	-0.473	10	-0.516
orb-fib-breakout-signals-strategy/family5	5m	1	12	0.085	1.0	8	0.078	4	0.099	5	-0.102
ut-bot-v2-atr-trailing-stop/family5	5m	2	22	0.019	0.4	14	0.281	8	-0.439	41	-0.336
sma-4-sma-30/family5	5m	2	11	0.330	3.6	9	0.490	2	-0.392	10	-0.377
egan-s-pure-structure-s-d-strategy-backtest/family5	5m	4	5	0.006	0.0	5	0.006	0	0.000	17	-0.450
institutional-ob-entry-exit-sl-strategy/family5	5m	2	4	0.072	0.3	2	0.239	2	-0.095	5	-0.104
supertrend-strategy/family5	5m	1	10	0.226	2.3	7	0.740	3	-0.972	5	-0.728
alphamojo-supertrend-strategy-ha-with-buffer/family5	5m	1	6	0.844	5.1	3	1.837	3	-0.149	4	-0.338
macd-crossover-strategy/family5	5m	1	21	0.218	4.6	14	0.415	7	-0.177	23	-0.311
smart-trend-strategy-julzalgo/family5	5m	4	1	0.929	0.9	1	0.929	0	0.000	5	-0.650
expma-analysis/family5	5m	1	2	0.316	0.6	1	0.358	1	0.274	1	0.274
scalping-london-new-york-strategy/family5	5m	2	28	-0.021	-0.6	15	0.154	13	-0.223	27	-0.107
serhan1-wma-rsi-trailing-scalp-date-filter/family5	5m	1	10	0.193	1.9	7	0.442	3	-0.387	7	-0.423
market-breadth-trend-strategy/family5	5m	4	7	-0.037	-0.3	7	-0.037	0	0.000	21	-0.086
serhan-1-wma-adx-trailing-date-filter/family5	5m	1	2	1.877	3.8	1	4.666	1	-0.911	4	-0.910
twe-2-bar-break-strategy/family5	5m	1	61	-0.093	-5.7	30	0.076	31	-0.257	40	-0.231
15m-nifty-multi-day-swing-target-engine-v1-0/family5	5m	1	14	-0.208	-2.9	5	0.321	9	-0.503	16	-0.426
double-tap/family5	5m	1	10	0.072	0.7	5	0.220	5	-0.075	7	-0.314
tjr-v4-strategy/family5	5m	2	5	-0.364	-1.8	3	0.002	2	-0.913	8	-0.320
manoj-betrayed-me/family5	5m	4	9	0.132	1.2	9	0.132	0	0.000	20	-0.285
btcusd-4h-ema-swing-strategy/family5	5m	1	7	-0.146	-1.0	5	-0.163	2	-0.103	5	-0.613
ahlenaz/family5	5m	4	6	0.096	0.6	6	0.096	0	0.000	7	-0.187
simple-breakout-strategy-santana/family5	5m	1	11	0.538	5.9	6	0.580	5	0.488	6	0.302
ema-40-pullback-pyramid-strategy/family5	5m	2	19	-0.176	-3.3	13	0.055	6	-0.677	29	-0.438
nse-elite-strategy-v6-full-system/family5	5m	1	0	0.000	0.0	0	0.000	0	0.000	0	0.000
fair-value-gap-strategy/family5	5m	2	28	-0.097	-2.7	20	0.071	8	-0.517	36	-0.319
ll-momentum-and-curl-master/family5	5m	4	6	0.284	1.7	6	0.284	0	0.000	10	-0.378
the-greatest-bot-ever-made-pmt-apex-edition/family5	5m	1	23	-0.165	-3.8	13	0.076	10	-0.478	15	-0.569
the-greatest-bot-ever-made-pmt-apex-edition-tv-strategies/family5	5m	1	23	-0.165	-3.8	13	0.076	10	-0.478	15	-0.569
katana-v5-pro-fvg-50-model/family5	5m	1	14	-0.139	-2.0	7	0.080	7	-0.359	10	-0.463
quanloki-qqe-system-opposite-signal-only-points/family5	5m	4	1	-1.000	-1.0	1	-1.000	0	0.000	20	-0.537
silver-surfer/family5	5m	2	28	-0.055	-1.5	20	0.129	8	-0.517	35	-0.312
adaptive-multi-factor-v1-update-9-years/family5	5m	1	27	-0.139	-3.7	16	0.210	11	-0.646	28	-0.505
ema-9-vwap-strategy-with-atr-trailing-stop-win-the-trade/family5	5m	2	5	-0.255	-1.3	3	-0.154	2	-0.406	8	-0.125
atm-adaptive-zone-momentum-scalper-1h/family5	5m	1	57	-0.118	-6.7	30	0.070	27	-0.327	83	-0.162
adaptive-multi-facto-9-years/family5	5m	1	23	-0.075	-1.7	13	0.343	10	-0.619	20	-0.666
fast-scalper-with-stops-tv-strategies/family5	5m	1	21	0.078	1.6	14	0.185	7	-0.136	20	-0.280
fast-scalper-with-stops/family5	5m	1	21	0.078	1.6	14	0.185	7	-0.136	20	-0.280
fast-scalper-with-stops-tv-strategies-cg3o8g9a/family5	5m	1	2	-0.371	-0.7	0	0.000	2	-0.371	9	-0.563
fast-scalper-with-stops-tv-strategies-mcwal9oa/family5	5m	1	21	0.078	1.6	14	0.185	7	-0.136	20	-0.280
sttrend-tp-lock-added/family5	5m	1	7	0.330	2.3	4	1.267	3	-0.919	3	-0.919
atm/family5	5m	1	57	-0.118	-6.7	30	0.070	27	-0.327	83	-0.162
9-ema-20-ema-retest-strategy/family5	5m	1	1	0.230	0.2	0	0.000	1	0.230	1	0.230
clean-vwap-zl-scalper-single-trigger-by-david/family5	5m	1	13	-0.340	-4.4	9	-0.247	4	-0.551	7	-0.242
clean-vwap-zl-scalper-single-trigger-by-sandip/family5	5m	1	13	-0.340	-4.4	9	-0.247	4	-0.551	7	-0.242
spike-ea-trade-strategy/family5	5m	2	44	-0.076	-3.3	30	0.104	14	-0.461	77	-0.225
good-luck/family5	5m	2	8	-0.216	-1.7	6	-0.170	2	-0.353	4	0.121
nasdaq-oro-bruto-24h-mejorada/family5	5m	4	7	-0.275	-1.9	7	-0.275	0	0.000	10	-0.684
nasdaq-nq-24h-mejorada/family5	5m	4	7	-0.275	-1.9	7	-0.275	0	0.000	10	-0.684
zr-grizzly/family5	5m	4	2	-0.306	-0.6	2	-0.306	0	0.000	12	-0.123
concordance-execution-model/family5	5m	4	2	0.570	1.1	2	0.570	0	0.000	8	-0.479
frosty-alerts/family5	5m	1	68	-0.049	-3.3	35	0.133	33	-0.242	330	-0.148
caldera-meridian-strategy/family5	5m	1	7	0.230	1.6	5	0.120	2	0.506	3	0.418
enso-usdt-12h-trend-pullback-sniper/family5	5m	1	13	0.218	2.8	5	0.515	8	0.032	8	0.032
sebbiottino-trailing-stop-so-good-ger40-1m/family5	5m	4	6	0.152	0.9	6	0.152	0	0.000	14	-0.332
ut-bot-shah-200-50-ema/family5	5m	4	3	0.424	1.3	3	0.424	0	0.000	3	-0.414
my-strategy-9/family5	5m	1	11	0.538	5.9	6	0.580	5	0.488	6	0.302
regime-execution-strategy/family5	5m	1	17	-0.245	-4.2	8	0.034	9	-0.493	9	-0.493
gold-ai-strategy-v2-0/family5	5m	1	12	-0.147	-1.8	7	0.008	5	-0.364	9	-0.494
zeta9-v6/family5	5m	1	28	0.047	1.3	15	0.358	13	-0.312	26	-0.242
btc-averages-strategy-long-short/family5	5m	2	6	-0.537	-3.2	6	-0.537	0	0.000	4	-0.228
20-200-sma-strategy/family5	5m	4	8	0.213	1.7	8	0.213	0	0.000	24	-0.330
ultimate-smc-emas-day-trading-strategy/family5	5m	1	3	0.592	1.8	1	0.904	2	0.437	2	0.437
liquidity-entry-zones-strategy-2-0/family5	5m	1	13	-0.195	-2.5	7	-0.121	6	-0.282	18	-0.335
concordance-allocation-strategy/family5	5m	1	10	-0.141	-1.4	7	0.051	3	-0.589	11	-0.384
amit-eth-strategy/family5	5m	1	17	0.039	0.7	10	0.189	7	-0.177	11	-0.330
amit-eth-strategy-tv-strategies/family5	5m	1	17	0.039	0.7	10	0.189	7	-0.177	11	-0.330
moja-strategia-harami-bb/family5	5m	1	1	0.174	0.2	0	0.000	1	0.174	7	0.045
moja-strategia-harami-bb-tv-strategies/family5	5m	1	1	0.174	0.2	0	0.000	1	0.174	7	0.045
silverstream-v2/family5	5m	4	8	0.016	0.1	8	0.016	0	0.000	23	-0.322
mgc-wyckoff-second-breakout-v3-candle-rr/family5	5m	4	3	0.130	0.4	3	0.130	0	0.000	11	-0.646
5m-sol-scalper-ha-lorentzian/family5	5m	1	7	0.018	0.1	4	0.698	3	-0.887	4	-0.764
super-rsi-strategy/family5	5m	2	53	-0.108	-5.7	34	0.038	19	-0.369	38	-0.265
concord-execution-mandate/family5	5m	1	23	-0.133	-3.0	12	0.243	11	-0.543	31	-0.383
super-rsi-strategy-tv-strategies/family5	5m	2	53	-0.108	-5.7	34	0.038	19	-0.369	38	-0.265
super-rsi-strategy-tv-strategies-nng1sppd/family5	5m	2	53	-0.108	-5.7	34	0.038	19	-0.369	38	-0.265
sma-strategy/family5	5m	4	5	0.464	2.3	5	0.464	0	0.000	38	-0.291
box-breakout-strategy-dt4b-trader/family5	5m	4	8	-0.166	-1.3	8	-0.166	0	0.000	12	-0.472
bollinger-bands-rsi-live-radar-strategy/family5	5m	1	2	0.667	1.3	0	0.000	2	0.667	4	0.440
parallax-covenant-strategy/family5	5m	2	20	-0.400	-8.0	12	-0.130	8	-0.805	21	-0.429
ttm-momentum-histo-9-ema-21-ema-debit-spread-script/family5	5m	1	15	0.331	5.0	8	0.417	7	0.233	8	0.126
beginner-trend-risk-model-ema-rsi/family5	5m	2	10	0.012	0.1	8	0.265	2	-1.000	18	-0.387
rr-master-lc/family5	5m	1	8	-0.053	-0.4	5	-0.230	3	0.243	3	0.243
option-selling/family5	5m	1	2	-0.912	-1.8	0	0.000	2	-0.912	3	-0.915
index-option-selling/family5	5m	1	2	-0.912	-1.8	0	0.000	2	-0.912	3	-0.915
decoded-volatility-expansion/family5	5m	2	4	-0.207	-0.8	3	0.028	1	-0.910	3	-0.541
ai-triple-confirmation-strategy/family5	5m	1	17	-0.263	-4.5	9	0.028	8	-0.592	8	-0.592
option-point/family5	5m	1	2	-0.912	-1.8	0	0.000	2	-0.912	3	-0.915
simple-smart-buy-sell-strategy/family5	5m	4	6	-0.177	-1.1	6	-0.177	0	0.000	22	-0.133
albtrader-nq-beast-supertrend-macd-rsi/family5	5m	2	9	0.016	0.1	6	0.022	3	0.004	7	-0.177
options-momentum-bias-strategy-v2/family5	5m	1	10	-0.058	-0.6	4	0.436	6	-0.387	8	-0.517
ema-dmi-macd-rsi-strategy/family5	5m	1	12	-0.345	-4.1	5	-0.622	7	-0.148	8	-0.031
take-liquidity-multi-time-frame-tradesystem/family5	5m	1	1	0.300	0.3	0	0.000	1	0.300	2	-0.350
strategy-461-ts-m15/family5	5m	4	5	0.794	4.0	5	0.794	0	0.000	11	0.198
autotrade-bot-v12/family5	5m	2	2	0.398	0.8	2	0.398	0	0.000	6	-0.568
lvn-rejection-acceptance-strategy/family5	5m	1	34	0.003	0.1	18	0.190	16	-0.207	18	-0.192
adaptive-s-r-reversal-rsi-divergence-dca-be-stop-5m/family5	5m	1	1	-0.936	-0.9	1	-0.936	0	0.000	6	-0.488
nq-scalp-fix-signals/family5	5m	4	4	0.244	1.0	4	0.244	0	0.000	13	-0.188
albtrader-nq-btc-gold-multi-tf-signal-bot-v2/family5	5m	1	7	0.792	5.5	4	1.369	3	0.023	6	-0.304
ema-crossx/family5	5m	1	6	0.267	1.6	5	0.260	1	0.303	2	-0.348
scalping-reversal-strategy/family5	5m	1	0	0.000	0.0	0	0.000	0	0.000	7	0.266
strategy-432-btc-donchian-breakout-continuation/family5	5m	1	11	0.111	1.2	7	0.019	4	0.273	6	0.310
scalping-ichimoku/family5	5m	2	2	-0.315	-0.6	2	-0.315	0	0.000	1	0.563
strategy-250-xauusd-composite-quality-score/family5	5m	1	5	0.660	3.3	3	0.522	2	0.866	3	0.680
scalping-entry-exit-indicator-by-diget/family5	5m	2	26	-0.161	-4.2	13	0.171	13	-0.493	50	-0.229
scalper-s-moving-average-dyna/family5	5m	1	21	-0.280	-5.9	11	0.188	10	-0.795	13	-0.843
9-15-ema-scalper/family5	5m	4	3	-0.505	-1.5	3	-0.505	0	0.000	8	-0.237
parabolic-sar-heikin-ashi-mtf-candle-scalper/family5	5m	1	3	0.210	0.6	0	0.000	3	0.210	30	-0.205
scalpers-macd-vwap-filter/family5	5m	1	11	-0.275	-3.0	6	0.022	5	-0.632	7	-0.485
swing-failure-pattern-sfp-engine-agpro-series/family5	5m	1	5	0.093	0.5	3	0.034	2	0.181	6	0.361
swing-reversal-auto-targets-jpt-module-1/family5	5m	4	10	0.011	0.1	10	0.011	0	0.000	18	-0.295
swing-gradient-tpos-boswaves/family5	5m	4	1	-0.946	-0.9	1	-0.946	0	0.000	19	-0.423
ms-hypersupertrend/family5	5m	2	3	0.073	0.2	2	0.609	1	-1.000	1	-1.000
fast-v-slow-moving-averages-strategy-variable-divonn1994/family5	5m	1	4	0.782	3.1	1	4.517	3	-0.463	3	-0.463
contrarian-scalping-counter-trend-bb-envelope-adx-and-stochastic/family5	5m	2	55	-0.071	-3.9	34	0.132	21	-0.401	516	-0.141
god-of-scalping-btc/family5	5m	1	9	-0.514	-4.6	4	-0.246	5	-0.728	10	-0.489
clean-multi-indicator-alignment-system/family5	5m	2	9	-0.464	-4.2	4	0.163	5	-0.965	8	-0.797
market-direction-strength-mds/family5	5m	4	11	-0.008	-0.1	11	-0.008	0	0.000	13	-0.056
concordance-strategy/family5	5m	1	0	0.000	0.0	0	0.000	0	0.000	0	0.000
consensus/family7	5m	4	7	0.450	3.2	5	0.784	2	-0.385		
consensus/family7	5m	5	7	0.450	3.2	5	0.784	2	-0.385		
consensus/family7	5m	6	3	-0.091	-0.3	3	-0.091	0	0.000		
consensus/family7	5m	7	3	-0.091	-0.3	3	-0.091	0	0.000		
pulse-trend-radar/family7	5m	1	6	0.291	1.7	4	0.914	2	-0.955	3	-0.345
breakout-pattern-setup/family7	5m	1	2	-0.954	-1.9	0	0.000	2	-0.954	2	-0.954
stealthtrail-supertrend/family7	5m	1	8	-0.055	-0.4	4	0.845	4	-0.955	7	-0.779
dynamic-trend-bands-anchored-vwap-signals/family7	5m	1	7	-0.030	-0.2	4	-0.018	3	-0.045	3	-0.045
kinetic-momentum-vectors/family7	5m	2	7	0.279	2.0	3	0.114	4	0.402	4	0.402
elliott-wave/family7	5m	1	6	0.156	0.9	3	0.445	3	-0.133	4	0.018
swing-volume-profile-pro/family7	5m	1	9	0.164	1.5	4	1.537	5	-0.934	6	-0.845
pivot-channel-breaks/family7	5m	2	1	0.176	0.2	1	0.176	0	0.000	1	-0.918
triangular-hull-moving-average-volatility/family7	5m	2	3	-0.368	-1.1	3	-0.368	0	0.000	3	-0.145
smart-money-breakout-signals/family7	5m	1	3	-0.119	-0.4	1	0.352	2	-0.355	2	-0.355
stealthtrail-supertrend-ml-pro/family7	5m	1	9	-0.155	-1.4	4	0.838	5	-0.950	5	-0.950
smart-swing-vwap-zeiierman/family7	5m	1	9	-0.349	-3.1	4	-0.319	5	-0.373	5	-0.373
supertrend-cluster-zeiierman/family7	5m	2	9	0.426	3.8	6	0.453	3	0.371	4	0.051
bollinger-bands-forecast-with-signals-zeiierman/family7	5m	1	2	0.765	1.5	1	0.904	1	0.626	3	-0.043
market-memory-average-zeiierman/family7	5m	4	2	2.467	4.9	2	2.467	0	0.000	3	0.186
anchored-value-distribution-oscillator-zeiierman/family7	5m	4	22	0.040	0.9	18	0.136	4	-0.396	38	-0.198
volume-supertrend-ai-expo/family7	5m	4	3	-0.133	-0.4	2	-0.290	1	0.181	4	0.312
ai-predictive-flow-zeiierman/family7	5m	1	26	-0.134	-3.5	13	0.271	13	-0.540	16	-0.343
momentum-sequence-strategy/family7	5m	1	3	-0.108	-0.3	1	-0.917	2	0.297	3	-0.135
trend-survival-matrix/family7	5m	4	0	0.000	0.0	0	0.000	0	0.000	2	-0.061
smart-flow-imbalance/family7	5m	2	8	-0.066	-0.5	3	0.401	5	-0.346	6	-0.442
ema-trend-pro/family7	5m	1	2	-0.380	-0.8	2	-0.380	0	0.000	0	0.000
ema-trend-signals/family7	5m	4	0	0.000	0.0	0	0.000	0	0.000	2	-0.061
trend-pullback-guard/family7	5m	6	2	0.561	1.1	2	0.561	0	0.000	13	-0.105
adaptive-atr-extension-scanner/family7	5m	6	2	0.686	1.4	2	0.686	0	0.000	5	0.052
rsi-market-regime/family7	5m	4	3	1.332	4.0	3	1.332	0	0.000	7	-0.546
fia-trend-momentum-10-20-50/family7	5m	4	7	-0.045	-0.3	5	-0.228	2	0.413	13	-0.123
machine-learning-rsi-ai-classification-ranking-zeiierman/family7	5m	4	1	0.299	0.3	1	0.299	0	0.000	4	-0.680
swing-multi-moving-averages-crypto-and-stocks-strategy/family7	5m	6	6	0.526	3.2	6	0.526	0	0.000	33	-0.214
weekend-hunter-ultimate-v6-2/family7	5m	1	3	-0.119	-0.4	0	0.000	3	-0.119	3	-0.119
williams-r-zone-scalper-v1-0-bullbyte/family7	5m	1	7	-0.293	-2.1	2	-0.370	5	-0.262	7	-0.179
macd-pullback-sniper-trend-adx-filtered-strategy/family7	5m	1	2	1.032	2.1	2	1.032	0	0.000	5	-0.712
pro-scalper-ai-bullbyte/family7	5m	4	25	0.107	2.7	16	0.278	9	-0.197	36	-0.308
golden-trident-swing-anchored-vwap-trend-system/family7	5m	2	1	0.176	0.2	1	0.176	0	0.000	1	0.301
ema-pullback-trend-continuation-strategy-with-volume-and-momentu/family7	5m	1	4	-0.323	-1.3	3	-0.125	1	-0.914	5	-0.706
execution-aware-trend/family7	5m	1	3	-0.076	-0.2	3	-0.076	0	0.000	0	0.000
coil-breaker-rsi-range-compression/family7	5m	1	1	-0.909	-0.9	0	0.000	1	-0.909	1	-0.909
dnse-vn301-sma-34-89-dual-slope-strategy/family7	5m	4	6	-0.008	-0.0	3	0.008	3	-0.024	7	0.183
stacklight-mtf-mtf-momentum-stack-stochastic-confluence/family7	5m	1	16	-0.029	-0.5	9	0.289	7	-0.437	8	-0.497
bist30-to-sp-500-atr-momentum-rider/family7	5m	2	4	0.170	0.7	3	0.529	1	-0.907	5	-0.469
elite-hybrid-orb/family7	5m	1	13	-0.562	-7.3	4	-0.184	9	-0.730	9	-0.697
tradleware-dca/family7	5m	1	10	0.128	1.3	5	0.290	5	-0.033	7	-0.310
ultimate-prop-firm/family7	5m	1	6	-0.276	-1.7	1	0.507	5	-0.432	7	-0.583
pg-mcx-silver-long-v6-mtf-momentum-profit-trailing/family7	5m	6	6	0.324	1.9	6	0.324	0	0.000	12	0.009
cloud-pro-ichimoku-confluence/family7	5m	1	16	0.056	0.9	11	0.235	5	-0.336	6	-0.432
nnfx-btc-ssl-qqe-signalforge/family7	5m	1	12	-0.060	-0.7	7	0.315	5	-0.584	18	-0.337
ema-25-68-bist30-futures/family7	5m	4	0	0.000	0.0	0	0.000	0	0.000	2	-0.916
hyperliquid-ready-webhook-strategy-template/family7	5m	4	0	0.000	0.0	0	0.000	0	0.000	2	-0.061
trend-efficiency-framework/family7	5m	4	6	-0.198	-1.2	4	0.203	2	-1.000	4	-0.090
webhook-alert-strategy-template/family7	5m	4	0	0.000	0.0	0	0.000	0	0.000	2	-0.060
fractal-memory-strategy/family7	5m	1	3	-0.330	-1.0	2	0.005	1	-1.000	3	-0.546
adaptive-atr-scalper-instant-lock-version/family7	5m	1	8	-0.244	-2.0	4	0.428	4	-0.916	5	-0.916
tp-sl-toolkit/family7	5m	2	14	0.011	0.1	10	0.236	4	-0.553	11	-0.378
btc-trend-momentum-strategy/family7	5m	1	5	-0.383	-1.9	1	-0.925	4	-0.247	7	-0.385
orb-pro-session-breakout-scalper/family7	5m	2	9	-0.323	-2.9	6	-0.198	3	-0.573	10	-0.141
donchian-breakout-with-atr-trailing-stop-trend-following/family7	5m	4	6	-0.423	-2.5	6	-0.423	0	0.000	5	-0.208
super-trend-signal-engine-quantum-edge/family7	5m	1	6	0.301	1.8	4	0.912	2	-0.920	3	-0.919
dual-bollinger-band-cross-strategy-v6/family7	5m	4	4	-0.109	-0.4	4	-0.109	0	0.000	8	-0.558
optimized-doji-breakout-strategy-short-only-v6/family7	5m	1	8	-0.009	-0.1	1	0.299	7	-0.053	13	-0.059
smoothed-heiken-ashi-strategy-v1/family7	5m	1	11	-0.291	-3.2	5	0.470	6	-0.926	8	-0.908
xau-clear-ema-atr-strategy-tp-sl-voice-v6-clean-tp/family7	5m	4	4	0.353	1.4	3	0.404	1	0.200	12	-0.399
xau-clear-ema-atr-strategy-tp-sl-voice-v6/family7	5m	4	4	0.353	1.4	3	0.404	1	0.200	12	-0.399
bps-v17-strong-trend-filter/family7	5m	2	6	-0.472	-2.8	2	-0.185	4	-0.616	6	-0.526
bps-v17-strong-trend-filter-tv-strategies/family7	5m	2	6	-0.472	-2.8	2	-0.185	4	-0.616	6	-0.526
apex-fusion-ai-smart-trend-engine/family7	5m	6	6	0.136	0.8	6	0.136	0	0.000	13	-0.428
btc-8am-pattern-breakout-instant-entry/family7	5m	3	2	0.402	0.8	1	0.523	1	0.281	7	0.031
smc-clean-4h-zones-center-labels-hh-hl-ll-lh/family7	5m	1	33	-0.235	-7.8	18	0.098	15	-0.634	57	-0.270
vwap-points-percent-ticks-strategy/family7	5m	4	1	-0.909	-0.9	1	-0.909	0	0.000	12	-0.017
bollinger-squeeze-breakout-volume/family7	5m	1	6	-0.484	-2.9	3	-0.023	3	-0.945	3	-0.945
blueprint-vol/family7	5m	1	0	0.000	0.0	0	0.000	0	0.000	1	0.243
mcginley-t3-flow-campaign-nick789-v-1/family7	5m	4	5	-0.032	-0.2	4	0.193	1	-0.930	5	-0.021
initial-balance-bo-strategy/family7	5m	4	0	0.000	0.0	0	0.000	0	0.000	2	-0.908
tomukas-daily-scale-in/family7	5m	1	2	-0.958	-1.9	0	0.000	2	-0.958	7	-0.312
trend-persistence-analysis-framework/family7	5m	6	5	0.183	0.9	5	0.183	0	0.000	20	0.029
10-tech-indexes-score-system/family7	5m	6	3	0.280	0.8	3	0.280	0	0.000	5	0.263
hemant-gold-strategy/family7	5m	4	4	0.629	2.5	2	0.610	2	0.648	6	-0.148
high-activity-penny-stock-strategy-v6/family7	5m	4	2	0.346	0.7	2	0.346	0	0.000	4	-0.633
scam-or-slam-day-trading-rauf-strategy/family7	5m	1	2	-0.954	-1.9	1	-0.908	1	-1.000	6	-0.773
kaufman-moving-average-adaptive-strategy-by-mkb/family7	5m	2	10	-0.167	-1.7	9	-0.084	1	-0.917	4	-0.610
ac20-55emagdcrosstest/family7	5m	4	0	0.000	0.0	0	0.000	0	0.000	2	-0.060
clean-trend-system-htf-bias-filtered/family7	5m	4	0	0.000	0.0	0	0.000	0	0.000	1	-1.000
bollinger-bands-simple-strategy/family7	5m	1	1	-0.916	-0.9	0	0.000	1	-0.916	13	-0.140
bb-kc-squeeze-breakout/family7	5m	4	1	0.729	0.7	0	0.000	1	0.729	5	-0.361
adaptive-dual-engine-strategy-momentum-mean-reversion/family7	5m	4	10	0.190	1.9	6	0.570	4	-0.381	28	-0.474
nasrul-fib-sr-m5/family7	5m	4	4	-0.613	-2.5	4	-0.613	0	0.000	7	-0.428
estrategia-dpo-artedejubilarte/family7	5m	1	12	0.155	1.9	4	0.558	8	-0.046	9	-0.009
volatility-surge-strategy/family7	5m	1	3	-0.513	-1.5	0	0.000	3	-0.513	8	-0.119
9-21ema-anji/family7	5m	1	5	-0.545	-2.7	4	-0.454	1	-0.910	2	-0.915
yuri-garcia-narrow-state-strategy-ygils/family7	5m	4	2	-0.096	-0.2	1	-0.920	1	0.729	8	0.008
master-structural-engine/family7	5m	2	4	0.134	0.5	4	0.134	0	0.000	0	0.000
supertrend-bb-strategy/family7	5m	2	6	-0.204	-1.2	4	0.175	2	-0.964	2	-1.000
engulfing-mitigation-strategy/family7	5m	6	4	0.377	1.5	4	0.377	0	0.000	31	-0.166
trend-pivot-scale-in/family7	5m	6	1	0.589	0.6	1	0.589	0	0.000	6	-0.417
vumanchu-wt-zero-cross-strategy-v1-2-3/family7	5m	3	6	0.718	4.3	6	0.718	0	0.000	6	-0.654
vumanchu-wt-zero-cross-strategy-v1-2-2/family7	5m	4	6	0.718	4.3	6	0.718	0	0.000	7	-0.407
bb-macd-v6-1-5-qing-smart-distribution/family7	5m	4	3	-0.509	-1.5	3	-0.509	0	0.000	6	-0.341
vishall-ema-9-20-50-200-dmi-adx-strategy/family7	5m	1	11	-0.009	-0.1	5	0.386	6	-0.339	6	-0.339
nifty-supertrend-ce-strategy-alice-blue/family7	5m	2	4	-0.163	-0.7	3	0.116	1	-1.000	4	-0.680
velocity-breakout-strategy-vbs/family7	5m	2	5	-0.467	-2.3	3	-0.137	2	-0.962	6	-0.774
craty-evaluation-account-level-e8-live-execution-setup/family7	5m	1	8	-0.367	-2.9	4	0.224	4	-0.958	4	-0.958
ultimate-pattern-engine-ema-stochastic-by-rony/family7	5m	6	9	0.294	2.6	9	0.294	0	0.000	44	-0.154
fair-value-gap-continuation-framework/family7	5m	4	15	0.257	3.9	11	0.379	4	-0.079	22	-0.464
surgical-sweep-original-restored/family7	5m	1	0	0.000	0.0	0	0.000	0	0.000	4	0.172
qqe-channel-strategy/family7	5m	1	20	-0.189	-3.8	11	0.153	9	-0.607	10	-0.516
orb-fib-breakout-signals-strategy/family7	5m	2	7	0.459	3.2	6	0.415	1	0.729	5	-0.102
ut-bot-v2-atr-trailing-stop/family7	5m	4	12	0.289	3.5	9	0.391	3	-0.019	41	-0.336
sma-4-sma-30/family7	5m	2	10	0.577	5.8	8	0.660	2	0.247	10	-0.377
egan-s-pure-structure-s-d-strategy-backtest/family7	5m	6	3	0.094	0.3	3	0.094	0	0.000	17	-0.450
institutional-ob-entry-exit-sl-strategy/family7	5m	4	2	0.515	1.0	1	0.302	1	0.729	5	-0.104
supertrend-strategy/family7	5m	1	9	0.192	1.7	7	0.533	2	-1.000	5	-0.728
alphamojo-supertrend-strategy-ha-with-buffer/family7	5m	1	7	0.594	4.2	3	1.837	4	-0.338	4	-0.338
macd-crossover-strategy/family7	5m	1	19	0.246	4.7	13	0.485	6	-0.270	23	-0.311
smart-trend-strategy-julzalgo/family7	5m	2	4	0.132	0.5	3	0.116	1	0.181	5	-0.650
expma-analysis/family7	5m	1	2	0.316	0.6	1	0.358	1	0.274	1	0.274
scalping-london-new-york-strategy/family7	5m	2	30	-0.096	-2.9	16	0.082	14	-0.299	27	-0.107
serhan1-wma-rsi-trailing-scalp-date-filter/family7	5m	2	7	0.671	4.7	6	0.671	1	0.668	7	-0.423
market-breadth-trend-strategy/family7	5m	6	7	-0.037	-0.3	7	-0.037	0	0.000	21	-0.086
serhan-1-wma-adx-trailing-date-filter/family7	5m	1	3	0.949	2.8	1	4.666	2	-0.909	4	-0.910
twe-2-bar-break-strategy/family7	5m	4	24	0.047	1.1	16	0.173	8	-0.205	40	-0.231
15m-nifty-multi-day-swing-target-engine-v1-0/family7	5m	1	12	-0.181	-2.2	5	0.321	7	-0.540	16	-0.426
double-tap/family7	5m	4	6	0.327	2.0	4	0.502	2	-0.024	7	-0.314
tjr-v4-strategy/family7	5m	4	4	-0.228	-0.9	3	0.002	1	-0.918	8	-0.320
manoj-betrayed-me/family7	5m	6	9	0.132	1.2	9	0.132	0	0.000	20	-0.285
btcusd-4h-ema-swing-strategy/family7	5m	2	3	-0.347	-1.0	2	-0.337	1	-0.367	5	-0.613
ahlenaz/family7	5m	6	6	0.096	0.6	6	0.096	0	0.000	7	-0.187
simple-breakout-strategy-santana/family7	5m	1	11	0.457	5.0	6	0.580	5	0.309	6	0.302
ema-40-pullback-pyramid-strategy/family7	5m	4	6	0.363	2.2	5	0.398	1	0.184	29	-0.438
nse-elite-strategy-v6-full-system/family7	5m	1	0	0.000	0.0	0	0.000	0	0.000	0	0.000
fair-value-gap-strategy/family7	5m	4	15	0.252	3.8	11	0.364	4	-0.056	36	-0.319
ll-momentum-and-curl-master/family7	5m	4	9	-0.009	-0.1	6	0.284	3	-0.593	10	-0.378
the-greatest-bot-ever-made-pmt-apex-edition/family7	5m	1	22	-0.169	-3.7	13	0.011	9	-0.429	15	-0.569
the-greatest-bot-ever-made-pmt-apex-edition-tv-strategies/family7	5m	1	22	-0.169	-3.7	13	0.011	9	-0.429	15	-0.569
katana-v5-pro-fvg-50-model/family7	5m	4	5	0.247	1.2	4	0.126	1	0.729	10	-0.463
quanloki-qqe-system-opposite-signal-only-points/family7	5m	1	13	-0.461	-6.0	6	-0.135	7	-0.740	20	-0.537
silver-surfer/family7	5m	4	15	0.328	4.9	11	0.468	4	-0.056	35	-0.312
adaptive-multi-factor-v1-update-9-years/family7	5m	1	28	-0.231	-6.5	15	0.220	13	-0.751	28	-0.505
ema-9-vwap-strategy-with-atr-trailing-stop-win-the-trade/family7	5m	4	1	0.187	0.2	0	0.000	1	0.187	8	-0.125
atm-adaptive-zone-momentum-scalper-1h/family7	5m	4	22	0.143	3.1	18	0.136	4	0.171	83	-0.162
adaptive-multi-facto-9-years/family7	5m	1	24	-0.201	-4.8	13	0.240	11	-0.722	20	-0.666
fast-scalper-with-stops-tv-strategies/family7	5m	1	21	-0.053	-1.1	14	0.081	7	-0.322	20	-0.280
fast-scalper-with-stops/family7	5m	1	21	-0.053	-1.1	14	0.081	7	-0.322	20	-0.280
fast-scalper-with-stops-tv-strategies-cg3o8g9a/family7	5m	1	2	-0.919	-1.8	0	0.000	2	-0.919	9	-0.563
fast-scalper-with-stops-tv-strategies-mcwal9oa/family7	5m	1	21	-0.053	-1.1	14	0.081	7	-0.322	20	-0.280
sttrend-tp-lock-added/family7	5m	1	6	0.301	1.8	4	0.912	2	-0.920	3	-0.919
atm/family7	5m	4	22	0.143	3.1	18	0.136	4	0.171	83	-0.162
9-ema-20-ema-retest-strategy/family7	5m	1	1	0.230	0.2	0	0.000	1	0.230	1	0.230
clean-vwap-zl-scalper-single-trigger-by-david/family7	5m	4	1	-0.915	-0.9	1	-0.915	0	0.000	7	-0.242
clean-vwap-zl-scalper-single-trigger-by-sandip/family7	5m	4	1	-0.915	-0.9	1	-0.915	0	0.000	7	-0.242
spike-ea-trade-strategy/family7	5m	4	26	0.092	2.4	20	0.241	6	-0.405	77	-0.225
good-luck/family7	5m	4	4	0.051	0.2	3	-0.006	1	0.220	4	0.121
nasdaq-oro-bruto-24h-mejorada/family7	5m	6	6	-0.169	-1.0	6	-0.169	0	0.000	10	-0.684
nasdaq-nq-24h-mejorada/family7	5m	6	6	-0.169	-1.0	6	-0.169	0	0.000	10	-0.684
zr-grizzly/family7	5m	4	3	-0.510	-1.5	3	-0.510	0	0.000	12	-0.123
concordance-execution-model/family7	5m	6	2	0.570	1.1	2	0.570	0	0.000	8	-0.479
frosty-alerts/family7	5m	1	68	-0.113	-7.7	34	0.136	34	-0.362	330	-0.148
caldera-meridian-strategy/family7	5m	1	5	0.120	0.6	5	0.120	0	0.000	3	0.418
enso-usdt-12h-trend-pullback-sniper/family7	5m	1	13	0.218	2.8	5	0.515	8	0.032	8	0.032
sebbiottino-trailing-stop-so-good-ger40-1m/family7	5m	6	4	0.240	1.0	4	0.240	0	0.000	14	-0.332
ut-bot-shah-200-50-ema/family7	5m	6	3	0.424	1.3	3	0.424	0	0.000	3	-0.414
my-strategy-9/family7	5m	1	11	0.457	5.0	6	0.580	5	0.309	6	0.302
regime-execution-strategy/family7	5m	1	16	-0.283	-4.5	8	0.034	8	-0.601	9	-0.493
gold-ai-strategy-v2-0/family7	5m	1	13	-0.212	-2.8	7	0.008	6	-0.469	9	-0.494
zeta9-v6/family7	5m	4	10	0.680	6.8	9	0.632	1	1.116	26	-0.242
btc-averages-strategy-long-short/family7	5m	4	2	-0.927	-1.9	2	-0.927	0	0.000	4	-0.228
20-200-sma-strategy/family7	5m	6	7	0.123	0.9	7	0.123	0	0.000	24	-0.330
ultimate-smc-emas-day-trading-strategy/family7	5m	1	3	0.592	1.8	1	0.904	2	0.437	2	0.437
liquidity-entry-zones-strategy-2-0/family7	5m	4	0	0.000	0.0	0	0.000	0	0.000	18	-0.335
concordance-allocation-strategy/family7	5m	3	5	0.441	2.2	4	0.802	1	-1.000	11	-0.384
amit-eth-strategy/family7	5m	1	16	0.017	0.3	10	0.189	6	-0.270	11	-0.330
amit-eth-strategy-tv-strategies/family7	5m	1	16	0.017	0.3	10	0.189	6	-0.270	11	-0.330
moja-strategia-harami-bb/family7	5m	1	0	0.000	0.0	0	0.000	0	0.000	7	0.045
moja-strategia-harami-bb-tv-strategies/family7	5m	1	0	0.000	0.0	0	0.000	0	0.000	7	0.045
silverstream-v2/family7	5m	6	7	0.148	1.0	7	0.148	0	0.000	23	-0.322
mgc-wyckoff-second-breakout-v3-candle-rr/family7	5m	4	4	0.280	1.1	3	0.130	1	0.729	11	-0.646
5m-sol-scalper-ha-lorentzian/family7	5m	4	4	0.684	2.7	3	1.245	1	-1.000	4	-0.764
super-rsi-strategy/family7	5m	4	31	0.027	0.8	22	0.119	9	-0.197	38	-0.265
concord-execution-mandate/family7	5m	1	21	-0.154	-3.2	11	0.185	10	-0.526	31	-0.383
super-rsi-strategy-tv-strategies/family7	5m	4	31	0.027	0.8	22	0.119	9	-0.197	38	-0.265
super-rsi-strategy-tv-strategies-nng1sppd/family7	5m	4	31	0.027	0.8	22	0.119	9	-0.197	38	-0.265
sma-strategy/family7	5m	6	5	0.464	2.3	5	0.464	0	0.000	38	-0.291
box-breakout-strategy-dt4b-trader/family7	5m	6	7	-0.060	-0.4	7	-0.060	0	0.000	12	-0.472
bollinger-bands-rsi-live-radar-strategy/family7	5m	1	1	0.626	0.6	0	0.000	1	0.626	4	0.440
parallax-covenant-strategy/family7	5m	6	4	-0.315	-1.3	4	-0.315	0	0.000	21	-0.429
ttm-momentum-histo-9-ema-21-ema-debit-spread-script/family7	5m	1	15	0.284	4.3	8	0.417	7	0.133	8	0.126
beginner-trend-risk-model-ema-rsi/family7	5m	2	10	0.167	1.7	8	0.256	2	-0.188	18	-0.387
rr-master-lc/family7	5m	6	3	-0.143	-0.4	3	-0.143	0	0.000	3	0.243
option-selling/family7	5m	1	2	-0.915	-1.8	0	0.000	2	-0.915	3	-0.915
index-option-selling/family7	5m	1	2	-0.915	-1.8	0	0.000	2	-0.915	3	-0.915
decoded-volatility-expansion/family7	5m	4	1	0.339	0.3	1	0.339	0	0.000	3	-0.541
ai-triple-confirmation-strategy/family7	5m	1	17	-0.263	-4.5	9	0.028	8	-0.592	8	-0.592
option-point/family7	5m	1	2	-0.915	-1.8	0	0.000	2	-0.915	3	-0.915
simple-smart-buy-sell-strategy/family7	5m	6	5	-0.031	-0.2	5	-0.031	0	0.000	22	-0.133
albtrader-nq-beast-supertrend-macd-rsi/family7	5m	1	11	-0.161	-1.8	7	-0.124	4	-0.225	7	-0.177
options-momentum-bias-strategy-v2/family7	5m	1	12	-0.199	-2.4	4	0.436	8	-0.517	8	-0.517
ema-dmi-macd-rsi-strategy/family7	5m	4	5	-0.627	-3.1	3	-0.955	2	-0.136	8	-0.031
take-liquidity-multi-time-frame-tradesystem/family7	5m	1	0	0.000	0.0	0	0.000	0	0.000	2	-0.350
strategy-461-ts-m15/family7	5m	6	5	0.794	4.0	5	0.794	0	0.000	11	0.198
autotrade-bot-v12/family7	5m	1	4	-0.301	-1.2	3	-0.068	1	-1.000	6	-0.568
lvn-rejection-acceptance-strategy/family7	5m	4	15	0.135	2.0	10	0.340	5	-0.275	18	-0.192
adaptive-s-r-reversal-rsi-divergence-dca-be-stop-5m/family7	5m	1	2	-0.928	-1.9	1	-0.936	1	-0.920	6	-0.488
nq-scalp-fix-signals/family7	5m	6	3	0.628	1.9	3	0.628	0	0.000	13	-0.188
albtrader-nq-btc-gold-multi-tf-signal-bot-v2/family7	5m	1	8	0.507	4.1	4	1.369	4	-0.355	6	-0.304
ema-crossx/family7	5m	2	4	0.559	2.2	4	0.559	0	0.000	2	-0.348
scalping-reversal-strategy/family7	5m	1	1	-0.921	-0.9	0	0.000	1	-0.921	7	0.266
strategy-432-btc-donchian-breakout-continuation/family7	5m	2	8	0.276	2.2	4	0.279	4	0.273	6	0.310
scalping-ichimoku/family7	5m	4	0	0.000	0.0	0	0.000	0	0.000	1	0.563
strategy-250-xauusd-composite-quality-score/family7	5m	1	5	0.660	3.3	3	0.522	2	0.866	3	0.680
scalping-entry-exit-indicator-by-diget/family7	5m	4	15	0.087	1.3	10	0.134	5	-0.009	50	-0.229
scalper-s-moving-average-dyna/family7	5m	2	19	-0.228	-4.3	11	0.188	8	-0.799	13	-0.843
9-15-ema-scalper/family7	5m	1	13	-0.349	-4.5	7	-0.267	6	-0.445	8	-0.237
parabolic-sar-heikin-ashi-mtf-candle-scalper/family7	5m	1	3	0.210	0.6	0	0.000	3	0.210	30	-0.205
scalpers-macd-vwap-filter/family7	5m	1	12	-0.336	-4.0	6	0.022	6	-0.694	7	-0.485
swing-failure-pattern-sfp-engine-agpro-series/family7	5m	1	5	0.173	0.9	3	0.034	2	0.381	6	0.361
swing-reversal-auto-targets-jpt-module-1/family7	5m	6	8	0.045	0.4	8	0.045	0	0.000	18	-0.295
swing-gradient-tpos-boswaves/family7	5m	1	15	-0.365	-5.5	6	-0.213	9	-0.467	19	-0.423
ms-hypersupertrend/family7	5m	1	4	-0.195	-0.8	3	0.073	1	-1.000	1	-1.000
fast-v-slow-moving-averages-strategy-variable-divonn1994/family7	5m	2	3	1.347	4.0	1	4.517	2	-0.238	3	-0.463
contrarian-scalping-counter-trend-bb-envelope-adx-and-stochastic/family7	5m	4	32	0.051	1.6	22	0.200	10	-0.277	516	-0.141
god-of-scalping-btc/family7	5m	6	1	-0.923	-0.9	1	-0.923	0	0.000	10	-0.489
clean-multi-indicator-alignment-system/family7	5m	2	6	-0.262	-1.6	3	-0.010	3	-0.515	8	-0.797
market-direction-strength-mds/family7	5m	6	10	0.091	0.9	10	0.091	0	0.000	13	-0.056
concordance-strategy/family7	5m	1	0	0.000	0.0	0	0.000	0	0.000	0	0.000
consensus/family3	15m	2	48	-0.032	-1.5	23	0.106	25	-0.160		
consensus/family3	15m	3	48	-0.032	-1.5	23	0.106	25	-0.160		
abcd-harmonic-projection/family3	15m	1	13	0.104	1.4	5	0.399	8	-0.080	11	-0.093
pulse-trend-radar/family3	15m	1	13	-0.486	-6.3	6	-0.352	7	-0.600	20	-0.370
kinetic-momentum-vectors/family3	15m	1	12	0.270	3.2	7	0.248	5	0.302	14	0.315
stealthtrail-supertrend/family3	15m	2	7	-0.318	-2.2	6	-0.204	1	-1.000	26	-0.050
dynamic-trend-bands-anchored-vwap-signals/family3	15m	1	31	0.119	3.7	15	0.248	16	-0.003	17	0.044
swing-volume-profile-pro/family3	15m	2	13	0.045	0.6	8	0.030	5	0.070	30	-0.223
pivot-channel-breaks/family3	15m	2	11	0.596	6.6	7	1.094	4	-0.275	21	-0.355
triangular-hull-moving-average-volatility/family3	15m	2	12	-0.102	-1.2	9	0.014	3	-0.449	15	-0.206
elliott-wave/family3	15m	1	12	0.058	0.7	8	0.224	4	-0.275	13	-0.474
smart-money-breakout-signals/family3	15m	1	12	0.074	0.9	6	0.168	6	-0.021	17	-0.325
high-volume-breakout-targets/family3	15m	1	10	-0.018	-0.2	6	0.323	4	-0.529	8	-0.430
stealthtrail-supertrend-ml-pro/family3	15m	1	23	-0.238	-5.5	12	-0.012	11	-0.484	26	-0.179
session-killzones-breakouts/family3	15m	1	24	0.569	13.7	13	1.120	11	-0.083	27	-0.061
smart-swing-vwap-zeiierman/family3	15m	1	21	-0.060	-1.3	9	0.224	12	-0.273	22	-0.317
supertrend-cluster-zeiierman/family3	15m	1	12	-0.278	-3.3	3	-0.045	9	-0.355	20	-0.177
bollinger-bands-forecast-with-signals-zeiierman/family3	15m	2	10	0.275	2.7	7	0.363	3	0.070	17	-0.222
market-memory-average-zeiierman/family3	15m	1	17	-0.346	-5.9	9	-0.211	8	-0.498	21	-0.206
ai-predictive-flow-zeiierman/family3	15m	2	44	-0.052	-2.3	28	-0.106	16	0.042	84	-0.068
volume-supertrend-ai-expo/family3	15m	1	9	-0.127	-1.1	3	0.345	6	-0.363	19	-0.305
momentum-sequence-strategy/family3	15m	1	8	0.078	0.6	5	0.139	3	-0.023	4	0.055
trend-survival-matrix/family3	15m	1	14	-0.037	-0.5	6	-0.514	8	0.321	21	-0.051
smart-flow-imbalance/family3	15m	1	23	0.131	3.0	13	0.409	10	-0.230	33	-0.198
anchored-value-distribution-oscillator-zeiierman/family3	15m	2	60	-0.010	-0.6	34	0.218	26	-0.307	207	-0.188
ema-trend-pro/family3	15m	1	14	-0.037	-0.5	6	-0.514	8	0.321	11	0.142
macd-matrix/family3	15m	1	19	0.057	1.1	12	0.115	7	-0.041	10	-0.123
ema-trend-signals/family3	15m	1	14	-0.037	-0.5	6	-0.514	8	0.321	21	-0.051
trend-pullback-guard/family3	15m	1	48	-0.020	-1.0	22	0.032	26	-0.065	49	-0.113
rsi-market-regime/family3	15m	2	11	-0.122	-1.3	7	-0.068	4	-0.217	42	-0.198
adaptive-atr-extension-scanner/family3	15m	1	36	0.196	7.0	17	0.583	19	-0.151	34	-0.003
sams-early-morning-range-lines/family3	15m	1	11	0.202	2.2	5	0.124	6	0.268	16	0.191
btc-ema-5-9-flip-strategy-autobot/family3	15m	1	8	-0.070	-0.6	4	-0.013	4	-0.128	6	0.127
swing-multi-moving-averages-crypto-and-stocks-strategy/family3	15m	2	127	0.002	0.3	66	0.198	61	-0.210	127	-0.128
machine-learning-rsi-ai-classification-ranking-zeiierman/family3	15m	1	16	0.158	2.5	9	0.509	7	-0.294	30	-0.311
weekend-hunter-ultimate-v6-2/family3	15m	1	21	0.015	0.3	13	-0.042	8	0.107	8	0.107
williams-r-zone-scalper-v1-0-bullbyte/family3	15m	2	7	-0.106	-0.7	5	-0.007	2	-0.354	19	-0.175
smart-grid-scalping-pullback-strategy-bullbyte/family3	15m	1	16	-0.082	-1.3	6	-0.245	10	0.016	15	-0.021
macd-pullback-sniper-trend-adx-filtered-strategy/family3	15m	1	9	-0.516	-4.6	6	-0.573	3	-0.400	5	0.130
ema-pullback-trend-continuation-strategy-with-volume-and-momentu/family3	15m	1	20	0.012	0.2	8	0.130	12	-0.066	17	-0.327
golden-trident-swing-anchored-vwap-trend-system/family3	15m	1	12	-0.319	-3.8	5	-0.985	7	0.157	10	0.594
pro-scalper-ai-bullbyte/family3	15m	1	103	0.042	4.4	53	0.161	50	-0.084	131	-0.162
execution-aware-trend/family3	15m	1	20	-0.046	-0.9	10	0.152	10	-0.243	29	0.017
coil-breaker-rsi-range-compression/family3	15m	1	16	0.287	4.6	10	0.472	6	-0.022	13	-0.061
channel-reversion-system/family3	15m	2	14	-0.140	-2.0	8	0.122	6	-0.489	7	-0.292
slope-ma-cross-acc-range-filter/family3	15m	1	25	-0.217	-5.4	14	-0.061	11	-0.416	22	-0.397
trendshift-supertrend-adx-regime-adaptive-strategy/family3	15m	1	15	0.103	1.5	8	0.025	7	0.192	16	0.328
dnse-vn301-sma-34-89-dual-slope-strategy/family3	15m	2	12	0.351	4.2	10	0.297	2	0.622	36	-0.064
stacklight-mtf-mtf-momentum-stack-stochastic-confluence/family3	15m	2	21	0.076	1.6	14	-0.016	7	0.259	21	-0.021
fair-value-gap-strategy-with-break-of-structure-confirmation/family3	15m	2	22	-0.062	-1.4	16	-0.054	6	-0.084	59	-0.136
bist30-to-sp-500-atr-momentum-rider/family3	15m	2	25	-0.046	-1.1	14	0.051	11	-0.169	28	-0.043
elite-hybrid-orb/family3	15m	1	23	0.366	8.4	14	0.347	9	0.396	22	-0.141
tradleware-dca/family3	15m	1	52	0.071	3.7	37	0.133	15	-0.081	16	-0.138
ultimate-prop-firm/family3	15m	1	15	0.058	0.9	5	0.273	10	-0.049	22	0.040
cloud-pro-ichimoku-confluence/family3	15m	2	18	0.075	1.4	16	0.034	2	0.407	34	0.098
pg-mcx-silver-long-v6-mtf-momentum-profit-trailing/family3	15m	1	101	0.054	5.4	50	0.197	51	-0.087	71	-0.095
nnfx-btc-ssl-qqe-signalforge/family3	15m	2	24	-0.112	-2.7	14	0.048	10	-0.337	69	-0.232
hyperliquid-ready-webhook-strategy-template/family3	15m	1	17	0.018	0.3	8	-0.168	9	0.184	23	-0.097
ema-25-68-bist30-futures/family3	15m	1	11	0.162	1.8	3	0.361	8	0.087	16	-0.181
trend-efficiency-framework/family3	15m	1	11	0.744	8.2	7	1.199	4	-0.051	15	-0.364
webhook-alert-strategy-template/family3	15m	1	14	-0.167	-2.3	7	-0.296	7	-0.039	24	-0.192
vwap-mean-reversion-strategy-with-session-and-volume-filter/family3	15m	1	20	-0.252	-5.0	9	-0.220	11	-0.278	17	-0.386
fractal-memory-strategy/family3	15m	1	5	-0.192	-1.0	3	-0.238	2	-0.124	12	0.196
adaptive-atr-scalper-instant-lock-version/family3	15m	1	15	-0.132	-2.0	7	-0.044	8	-0.209	24	-0.325
btc-trend-momentum-strategy/family3	15m	1	24	-0.004	-0.1	14	-0.093	10	0.120	17	-0.140
tp-sl-toolkit/family3	15m	2	18	-0.078	-1.4	12	-0.024	6	-0.187	56	-0.218
orb-pro-session-breakout-scalper/family3	15m	2	24	0.041	1.0	11	0.388	13	-0.252	39	-0.126
donchian-breakout-with-atr-trailing-stop-trend-following/family3	15m	1	38	0.193	7.4	21	0.539	17	-0.234	31	-0.097
ineficient-market/family3	15m	1	6	0.088	0.5	5	0.306	1	-1.000	2	-1.000
super-trend-signal-engine-quantum-edge/family3	15m	1	16	-0.063	-1.0	7	-0.161	9	0.013	28	-0.143
dual-bollinger-band-cross-strategy-v6/family3	15m	2	42	0.124	5.2	27	0.225	15	-0.056	45	-0.143
optimized-doji-breakout-strategy-short-only-v6/family3	15m	1	12	-0.239	-2.9	4	-0.235	8	-0.240	39	-0.231
smoothed-heiken-ashi-strategy-v1/family3	15m	1	12	0.002	0.0	6	0.187	6	-0.182	26	-0.081
xau-clear-ema-atr-strategy-tp-sl-voice-v6-clean-tp/family3	15m	2	20	0.215	4.3	13	0.209	7	0.227	41	-0.315
xau-clear-ema-atr-strategy-tp-sl-voice-v6/family3	15m	2	20	0.215	4.3	13	0.209	7	0.227	41	-0.315
smc-clean-4h-zones-center-labels-hh-hl-ll-lh/family3	15m	1	167	-0.107	-17.9	86	-0.089	81	-0.127	425	-0.147
bps-v17-strong-trend-filter/family3	15m	2	12	0.139	1.7	10	0.058	2	0.545	14	0.282
apex-fusion-ai-smart-trend-engine/family3	15m	1	52	0.042	2.2	29	0.295	23	-0.277	68	-0.222
bps-v17-strong-trend-filter-tv-strategies/family3	15m	2	12	0.139	1.7	10	0.058	2	0.545	14	0.282
vwap-points-percent-ticks-strategy/family3	15m	2	36	-0.078	-2.8	21	-0.060	15	-0.102	112	-0.168
btc-8am-pattern-breakout-instant-entry/family3	15m	2	6	-0.485	-2.9	6	-0.485	0	0.000	40	-0.321
vwap-stdev-bands-reversal-strategy/family3	15m	2	25	-0.033	-0.8	10	0.120	15	-0.135	51	-0.087
bollinger-squeeze-breakout-volume/family3	15m	2	11	0.059	0.7	8	0.041	3	0.107	21	0.042
reverse-bb-kc/family3	15m	2	11	-0.182	-2.0	8	-0.093	3	-0.421	17	-0.005
blueprint-vol/family3	15m	1	8	-0.190	-1.5	4	-0.275	4	-0.106	15	-0.120
mcginley-t3-flow-campaign-nick789-v-1/family3	15m	2	8	-0.018	-0.1	6	-0.229	2	0.617	11	-0.002
arbf-strategy-v1-8/family3	15m	1	8	0.095	0.8	5	0.268	3	-0.192	11	-0.400
initial-balance-bo-strategy/family3	15m	2	11	-0.212	-2.3	8	-0.396	3	0.278	22	0.135
tomukas-daily-scale-in/family3	15m	2	8	-0.281	-2.2	5	-0.110	3	-0.567	15	-0.318
trend-persistence-analysis-framework/family3	15m	1	80	0.127	10.2	41	0.327	39	-0.083	80	-0.168
10-tech-indexes-score-system/family3	15m	1	17	0.364	6.2	10	0.412	7	0.296	17	0.283
ewo-rsi-advanced-signals-strategy-exhaustion-filter/family3	15m	2	22	-0.085	-1.9	7	0.350	15	-0.289	48	-0.272
hemant-gold-strategy/family3	15m	2	13	0.053	0.7	9	-0.005	4	0.182	28	-0.256
scam-or-slam-day-trading-rauf-strategy/family3	15m	1	10	0.111	1.1	6	0.173	4	0.017	10	-0.227
bb-kc-squeeze-breakout/family3	15m	2	7	0.163	1.1	6	0.021	1	1.012	18	-0.172
high-activity-penny-stock-strategy-v6/family3	15m	2	9	-0.316	-2.8	4	0.213	5	-0.739	32	-0.164
kaufman-moving-average-adaptive-strategy-by-mkb/family3	15m	2	27	0.049	1.3	18	-0.048	9	0.243	26	0.109
ac20-55emagdcrosstest/family3	15m	1	10	-0.091	-0.9	3	-0.209	7	-0.040	22	-0.177
bollinger-bands-simple-strategy/family3	15m	2	40	-0.175	-7.0	22	-0.147	18	-0.210	72	0.093
ai-slop-holy-grail-trap-btc-1h-non-repainting-overfit/family3	15m	2	9	0.238	2.1	6	0.121	3	0.471	14	0.284
adaptive-dual-engine-strategy-momentum-mean-reversion/family3	15m	2	58	-0.002	-0.1	33	0.044	25	-0.062	117	-0.115
estrategia-dpo-artedejubilarte/family3	15m	1	12	-0.334	-4.0	6	-0.413	6	-0.255	35	-0.329
nasrul-fib-sr-m5/family3	15m	1	57	0.135	7.7	31	0.277	26	-0.035	56	-0.188
multi-timeframe-trend-alignment-framework/family3	15m	1	14	-0.167	-2.3	7	-0.296	7	-0.039	11	-0.259
9-21ema-anji/family3	15m	1	8	-0.153	-1.2	6	-0.359	2	0.466	7	0.149
volatility-surge-strategy/family3	15m	2	20	0.000	0.0	12	0.143	8	-0.213	21	0.145
master-structural-engine/family3	15m	1	10	-0.001	-0.0	4	-0.316	6	0.209	13	0.047
yuri-garcia-narrow-state-strategy-ygils/family3	15m	1	21	0.178	3.7	9	0.666	12	-0.187	30	0.037
supertrend-bb-strategy/family3	15m	1	18	-0.404	-7.3	9	-0.479	9	-0.329	27	-0.348
trend-pivot-scale-in/family3	15m	1	12	0.235	2.8	7	0.235	5	0.235	10	0.087
engulfing-mitigation-strategy/family3	15m	1	122	-0.059	-7.2	64	0.036	58	-0.165	123	-0.231
vumanchu-wt-zero-cross-strategy-v1-2-2/family3	15m	2	15	-0.030	-0.4	12	-0.044	3	0.027	50	-0.139
vumanchu-wt-zero-cross-strategy-v1-2-3/family3	15m	2	10	-0.067	-0.7	7	-0.107	3	0.027	41	-0.101
bb-macd-v6-1-5-qing-smart-distribution/family3	15m	2	21	0.125	2.6	14	0.272	7	-0.170	32	-0.098
vishall-ema-9-20-50-200-dmi-adx-strategy/family3	15m	2	32	0.166	5.3	24	0.249	8	-0.085	23	-0.053
vumanchu-wt-zero-cross-v1-1b/family3	15m	2	15	-0.030	-0.4	12	-0.044	3	0.027	50	-0.139
velocity-breakout-strategy-vbs/family3	15m	2	9	-0.452	-4.1	8	-0.383	1	-1.000	23	0.064
nifty-supertrend-ce-strategy-alice-blue/family3	15m	2	4	-0.158	-0.6	3	-0.288	1	0.229	28	-0.068
obs-volume-spike-reaction-fade/family3	15m	1	22	0.109	2.4	10	0.687	12	-0.372	22	-0.047
ultimate-pattern-engine-ema-stochastic-by-rony/family3	15m	2	68	0.151	10.3	46	0.278	22	-0.115	142	-0.180
fair-value-gap-continuation-framework/family3	15m	2	29	0.127	3.7	22	0.258	7	-0.283	85	-0.267
surgical-sweep-original-restored/family3	15m	2	5	-0.251	-1.3	2	0.873	3	-1.000	25	-0.233
qqe-channel-strategy/family3	15m	2	18	0.062	1.1	14	0.224	4	-0.508	48	-0.206
orb-fib-breakout-signals-strategy/family3	15m	1	18	0.468	8.4	13	0.376	5	0.707	20	-0.096
ut-bot-v2-atr-trailing-stop/family3	15m	2	56	-0.088	-4.9	33	0.067	23	-0.310	160	-0.252
sma-4-sma-30/family3	15m	2	19	-0.102	-1.9	13	-0.040	6	-0.235	53	-0.129
egan-s-pure-structure-s-d-strategy-backtest/family3	15m	2	50	0.236	11.8	36	0.380	14	-0.133	111	-0.193
dca-grid-15-orders-1-1-step-1-8-tp/family3	15m	1	53	0.154	8.1	29	0.322	24	-0.050	31	-0.181
institutional-ob-entry-exit-sl-strategy/family3	15m	1	32	0.052	1.7	17	0.208	15	-0.126	24	-0.086
supertrend-strategy/family3	15m	2	4	-0.158	-0.6	3	-0.288	1	0.229	31	-0.156
smart-trend-strategy-julzalgo/family3	15m	1	20	0.584	11.7	9	1.142	11	0.127	31	-0.107
alphamojo-supertrend-strategy-ha-with-buffer/family3	15m	1	7	-0.427	-3.0	3	-0.549	4	-0.335	11	-0.127
macd-crossover-strategy/family3	15m	2	34	0.014	0.5	22	0.154	12	-0.243	98	-0.147
expma-analysis/family3	15m	1	23	0.136	3.1	12	0.272	11	-0.012	17	-0.250
tjr-v4-strategy/family3	15m	2	18	0.075	1.4	14	0.277	4	-0.633	53	-0.120
scalping-london-new-york-strategy/family3	15m	2	48	0.104	5.0	26	0.447	22	-0.301	93	-0.113
serhan1-wma-rsi-trailing-scalp-date-filter/family3	15m	1	18	0.114	2.1	11	-0.005	7	0.301	25	-0.020
market-breadth-trend-strategy/family3	15m	1	100	0.040	4.0	52	0.177	48	-0.108	83	-0.170
serhan-1-wma-adx-trailing-date-filter/family3	15m	1	13	0.186	2.4	7	-0.057	6	0.470	17	-0.028
15m-nifty-multi-day-swing-target-engine-v1-0/family3	15m	1	23	-0.246	-5.6	12	-0.444	11	-0.029	24	-0.050
twe-2-bar-break-strategy/family3	15m	2	72	0.024	1.7	47	0.127	25	-0.171	162	-0.200
manoj-betrayed-me/family3	15m	1	43	0.058	2.5	27	0.122	16	-0.051	55	-0.067
double-tap/family3	15m	1	23	-0.132	-3.0	13	0.058	10	-0.378	21	-0.291
btcusd-4h-ema-swing-strategy/family3	15m	2	6	0.606	3.6	4	0.994	2	-0.172	23	-0.041
session-king-alma-with-session-filter/family3	15m	1	21	0.295	6.2	14	0.350	7	0.186	28	0.033
simple-breakout-strategy-santana/family3	15m	2	18	-0.133	-2.4	12	-0.048	6	-0.302	45	-0.220
ahlenaz/family3	15m	1	28	0.122	3.4	13	0.514	15	-0.218	38	-0.077
ema-40-pullback-pyramid-strategy/family3	15m	2	38	-0.028	-1.1	21	-0.040	17	-0.013	119	-0.143
ll-momentum-and-curl-master/family3	15m	1	31	0.411	12.7	19	0.653	12	0.028	31	-0.326
fair-value-gap-strategy/family3	15m	1	129	-0.040	-5.2	60	0.136	69	-0.193	145	-0.218
new-era-strategy-1-0/family3	15m	1	14	0.007	0.1	6	-0.273	8	0.217	13	-0.143
nse-elite-strategy-v6-full-system/family3	15m	1	10	-0.116	-1.2	6	-0.077	4	-0.174	10	-0.185
the-greatest-bot-ever-made-pmt-apex-edition/family3	15m	2	23	0.137	3.2	18	0.057	5	0.427	54	-0.022
the-greatest-bot-ever-made-pmt-apex-edition-tv-strategies/family3	15m	2	23	0.137	3.2	18	0.057	5	0.427	54	-0.022
katana-v5-pro-fvg-50-model/family3	15m	1	19	0.342	6.5	12	0.772	7	-0.395	24	-0.303
quanloki-qqe-system-opposite-signal-only-points/family3	15m	2	22	0.484	10.6	13	0.525	9	0.424	60	-0.073
adaptive-multi-factor-v1-update-9-years/family3	15m	2	49	0.193	9.4	32	0.354	17	-0.112	106	-0.289
silver-surfer/family3	15m	1	125	-0.048	-6.0	59	0.120	66	-0.198	144	-0.224
atm-adaptive-zone-momentum-scalper-1h/family3	15m	2	88	0.047	4.1	52	0.182	36	-0.149	353	-0.156
ema-9-vwap-strategy-with-atr-trailing-stop-win-the-trade/family3	15m	2	14	-0.006	-0.1	9	0.086	5	-0.173	41	-0.153
atm/family3	15m	2	88	0.047	4.1	52	0.182	36	-0.149	353	-0.156
fast-scalper-with-stops/family3	15m	2	31	-0.009	-0.3	20	-0.044	11	0.056	86	-0.137
fast-scalper-with-stops-tv-strategies/family3	15m	2	31	-0.009	-0.3	20	-0.044	11	0.056	86	-0.137
fast-scalper-with-stops-tv-strategies-cg3o8g9a/family3	15m	2	26	-0.116	-3.0	15	0.088	11	-0.395	49	-0.201
adaptive-multi-facto-9-years/family3	15m	2	35	0.297	10.4	23	0.403	12	0.094	71	-0.242
fast-scalper-with-stops-tv-strategies-mcwal9oa/family3	15m	2	31	-0.009	-0.3	20	-0.044	11	0.056	86	-0.137
sttrend-tp-lock-added/family3	15m	1	16	-0.063	-1.0	7	-0.161	9	0.013	28	-0.143
9-ema-20-ema-retest-strategy/family3	15m	2	14	-0.128	-1.8	12	-0.148	2	-0.012	25	-0.126
clean-vwap-zl-scalper-single-trigger-by-david/family3	15m	2	29	-0.118	-3.4	19	-0.139	10	-0.077	76	-0.184
clean-vwap-zl-scalper-single-trigger-by-sandip/family3	15m	2	29	-0.118	-3.4	19	-0.139	10	-0.077	76	-0.184
spike-ea-trade-strategy/family3	15m	2	104	-0.045	-4.7	62	0.085	42	-0.238	365	-0.195
good-luck/family3	15m	2	10	-0.190	-1.9	5	0.603	5	-0.984	26	-0.386
nasdaq-oro-bruto-24h-mejorada/family3	15m	2	17	0.390	6.6	15	0.570	2	-0.960	56	-0.152
nasdaq-nq-24h-mejorada/family3	15m	2	17	0.390	6.6	15	0.570	2	-0.960	56	-0.152
concordance-execution-model/family3	15m	1	35	0.329	11.5	19	0.653	16	-0.055	33	-0.160
zr-grizzly/family3	15m	2	51	-0.035	-1.8	29	-0.051	22	-0.014	54	-0.236
caldera-meridian-strategy/family3	15m	1	42	0.002	0.1	20	0.254	22	-0.227	37	-0.199
frosty-alerts/family3	15m	2	119	-0.036	-4.3	63	0.127	56	-0.220	335	-0.146
enso-usdt-12h-trend-pullback-sniper/family3	15m	2	11	-0.261	-2.9	8	-0.299	3	-0.162	19	-0.311
sebbiottino-trailing-stop-so-good-ger40-1m/family3	15m	2	34	0.040	1.4	21	0.156	13	-0.147	86	-0.098
tradingview-bot-trailing-15-min/family3	15m	1	15	0.030	0.5	7	-0.061	8	0.110	21	-0.070
ut-bot-shah-200-50-ema/family3	15m	1	18	0.185	3.3	8	0.725	10	-0.247	20	-0.416
tradingview-bot-goat/family3	15m	1	15	0.030	0.5	7	-0.061	8	0.110	21	-0.070
my-strategy-9/family3	15m	2	18	-0.133	-2.4	12	-0.048	6	-0.302	45	-0.220
regime-execution-strategy/family3	15m	2	17	-0.049	-0.8	13	-0.147	4	0.267	33	-0.126
gold-ai-strategy-v2-0/family3	15m	1	21	0.155	3.2	15	-0.027	6	0.609	17	0.295
nas100-sp500-turtle-soup-ny-v4-fixed/family3	15m	1	18	0.007	0.1	9	0.189	9	-0.176	12	-0.103
zeta9-v6/family3	15m	2	45	-0.185	-8.3	28	-0.077	17	-0.362	104	-0.306
btc-averages-strategy-long-short/family3	15m	1	21	-0.106	-2.2	9	-0.054	12	-0.145	26	-0.218
20-200-sma-strategy/family3	15m	2	34	-0.140	-4.8	13	-0.050	21	-0.195	117	-0.143
liquidity-entry-zones-strategy-2-0/family3	15m	2	30	-0.223	-6.7	15	-0.053	15	-0.393	75	-0.227
ultimate-smc-emas-day-trading-strategy/family3	15m	1	18	0.043	0.8	11	0.323	7	-0.398	9	-0.523
concordance-allocation-strategy/family3	15m	2	13	0.345	4.5	10	0.407	3	0.136	40	0.097
amit-eth-strategy/family3	15m	2	15	0.025	0.4	14	-0.021	1	0.656	41	-0.069
amit-eth-strategy-tv-strategies/family3	15m	2	15	0.025	0.4	14	-0.021	1	0.656	41	-0.069
moja-strategia-harami-bb/family3	15m	2	29	-0.143	-4.1	15	0.011	14	-0.308	54	-0.162
moja-strategia-harami-bb-tv-strategies/family3	15m	2	29	-0.143	-4.1	15	0.011	14	-0.308	54	-0.162
silverstream-v2/family3	15m	2	44	0.118	5.2	30	0.322	14	-0.318	89	-0.268
mgc-wyckoff-second-breakout-v3-candle-rr/family3	15m	1	49	0.184	9.0	29	0.362	20	-0.075	62	-0.065
5m-sol-scalper-ha-lorentzian/family3	15m	2	12	-0.470	-5.6	9	-0.735	3	0.326	30	-0.299
asian-box-breakout-strategy/family3	15m	1	11	-0.122	-1.3	6	-0.332	5	0.130	10	0.089
bollinger-bands-rsi-live-radar-strategy/family3	15m	1	25	-0.129	-3.2	15	-0.050	10	-0.247	14	-0.129
concord-execution-mandate/family3	15m	2	29	-0.015	-0.4	18	0.048	11	-0.119	97	-0.236
super-rsi-strategy/family3	15m	2	54	0.115	6.2	37	0.199	17	-0.068	143	-0.171
super-rsi-strategy-tv-strategies-nng1sppd/family3	15m	2	54	0.115	6.2	37	0.199	17	-0.068	143	-0.171
super-rsi-strategy-tv-strategies/family3	15m	2	54	0.115	6.2	37	0.199	17	-0.068	143	-0.171
box-breakout-strategy-dt4b-trader/family3	15m	1	46	0.036	1.6	25	0.384	21	-0.380	71	-0.308
sma-strategy/family3	15m	2	58	0.020	1.2	33	0.169	25	-0.175	168	-0.200
3commas-pullback-sniper-strategy/family3	15m	2	12	-0.101	-1.2	8	-0.132	4	-0.038	14	0.271
big-daddy-max-orb-strategy/family3	15m	1	21	0.327	6.9	12	0.529	9	0.058	18	-0.185
ttm-momentum-histo-9-ema-21-ema-debit-spread-script/family3	15m	2	20	-0.219	-4.4	14	-0.184	6	-0.302	52	-0.218
beginner-trend-risk-model-ema-rsi/family3	15m	1	55	-0.030	-1.7	24	0.076	31	-0.112	78	-0.168
rr-master-lc/family3	15m	2	9	0.450	4.0	6	0.897	3	-0.446	18	-0.211
ai-triple-confirmation-strategy/family3	15m	1	35	0.184	6.4	19	0.324	16	0.018	35	-0.038
parallax-covenant-strategy/family3	15m	2	36	-0.059	-2.1	23	-0.040	13	-0.092	77	-0.186
ema-dmi-macd-rsi-strategy/family3	15m	1	25	0.173	4.3	13	0.659	12	-0.354	35	-0.295
albtrader-nq-beast-supertrend-macd-rsi/family3	15m	2	14	0.049	0.7	12	0.218	2	-0.960	24	-0.027
simple-smart-buy-sell-strategy/family3	15m	2	38	-0.179	-6.8	26	-0.146	12	-0.251	93	-0.194
options-momentum-bias-strategy-v2/family3	15m	1	17	-0.077	-1.3	12	0.029	5	-0.331	20	-0.294
strategy-461-ts-m15/family3	15m	2	34	-0.195	-6.6	22	-0.104	12	-0.363	49	-0.047
take-liquidity-multi-time-frame-tradesystem/family3	15m	1	8	0.035	0.3	3	0.122	5	-0.017	9	0.556
lvn-rejection-acceptance-strategy/family3	15m	1	65	0.106	6.9	36	0.199	29	-0.010	71	-0.197
autotrade-bot-v12/family3	15m	2	16	-0.078	-1.2	11	0.116	5	-0.504	20	-0.165
adaptive-s-r-reversal-rsi-divergence-dca-be-stop-5m/family3	15m	1	12	-0.246	-3.0	6	-0.135	6	-0.358	20	-0.412
albtrader-nq-btc-gold-multi-tf-signal-bot-v2/family3	15m	1	17	0.164	2.8	7	0.279	10	0.083	32	-0.295
nq-scalp-fix-signals/family3	15m	1	36	0.055	2.0	21	0.336	15	-0.339	35	-0.253
ema-crossx/family3	15m	2	13	-0.192	-2.5	9	0.027	4	-0.685	19	-0.083
scalping-reversal-strategy/family3	15m	1	37	0.117	4.3	19	0.196	18	0.034	23	0.028
strategy-432-btc-donchian-breakout-continuation/family3	15m	1	35	-0.003	-0.1	17	0.343	18	-0.330	24	-0.333
strategy-250-xauusd-composite-quality-score/family3	15m	2	9	-0.138	-1.2	5	-0.047	4	-0.252	22	-0.318
scalping-entry-exit-indicator-by-diget/family3	15m	2	74	0.134	9.9	42	0.325	32	-0.116	220	-0.189
scalping-ichimoku/family3	15m	1	20	-0.150	-3.0	12	-0.187	8	-0.093	23	-0.197
scalper-s-moving-average-dyna/family3	15m	2	14	0.890	12.5	10	1.150	4	0.240	44	0.045
thrax-quickstrike-5-mins-scalping/family3	15m	1	21	-0.192	-4.0	11	-0.297	10	-0.076	25	0.208
9-15-ema-scalper/family3	15m	1	29	-0.067	-2.0	16	-0.005	13	-0.144	29	-0.319
parabolic-sar-heikin-ashi-mtf-candle-scalper/family3	15m	1	31	-0.125	-3.9	17	-0.124	14	-0.127	68	-0.180
scalpers-macd-vwap-filter/family3	15m	1	31	0.183	5.7	19	0.140	12	0.251	33	0.030
oink-test/family3	15m	1	10	-0.113	-1.1	4	-0.136	6	-0.098	13	-0.584
swing-reversal-auto-targets-jpt-module-1/family3	15m	1	55	0.133	7.3	27	0.308	28	-0.035	62	-0.128
swing-failure-pattern-sfp-engine-agpro-series/family3	15m	1	14	-0.511	-7.1	7	-0.251	7	-0.771	15	-0.440
swing-gradient-tpos-boswaves/family3	15m	2	17	0.400	6.8	11	0.733	6	-0.209	42	-0.282
contrarian-scalping-counter-trend-bb-envelope-adx-and-stochastic/family3	15m	2	138	-0.022	-3.1	70	0.148	68	-0.197	0	0.000
ms-hypersupertrend/family3	15m	2	12	0.285	3.4	8	0.612	4	-0.370	16	-0.245
fast-v-slow-moving-averages-strategy-variable-divonn1994/family3	15m	1	10	-0.254	-2.5	3	-0.412	7	-0.186	28	-0.207
god-of-scalping-btc/family3	15m	2	18	0.053	1.0	16	0.179	2	-0.955	49	-0.170
clean-multi-indicator-alignment-system/family3	15m	2	14	-0.036	-0.5	11	0.212	3	-0.944	45	-0.113
market-direction-strength-mds/family3	15m	1	55	0.174	9.6	33	0.371	22	-0.120	68	-0.128
concordance-strategy/family3	15m	2	8	-0.419	-3.4	5	-0.071	3	-1.000	12	-0.352
consensus/family5	15m	3	69	-0.115	-7.9	41	-0.013	28	-0.265		
consensus/family5	15m	4	47	-0.136	-6.4	24	0.068	23	-0.349		
consensus/family5	15m	5	45	-0.121	-5.4	23	0.120	22	-0.373		
abcd-harmonic-projection/family5	15m	1	12	0.048	0.6	4	0.306	8	-0.080	11	-0.093
pulse-trend-radar/family5	15m	1	14	-0.528	-7.4	7	-0.455	7	-0.600	20	-0.370
kinetic-momentum-vectors/family5	15m	1	13	0.383	5.0	6	0.456	7	0.320	14	0.315
stealthtrail-supertrend/family5	15m	3	14	-0.412	-5.8	8	-0.507	6	-0.286	26	-0.050
dynamic-trend-bands-anchored-vwap-signals/family5	15m	1	30	0.116	3.5	14	0.211	16	0.033	17	0.044
swing-volume-profile-pro/family5	15m	2	20	-0.001	-0.0	13	-0.090	7	0.163	30	-0.223
pivot-channel-breaks/family5	15m	2	14	0.378	5.3	7	0.972	7	-0.215	21	-0.355
triangular-hull-moving-average-volatility/family5	15m	2	19	-0.122	-2.3	10	-0.083	9	-0.165	15	-0.206
elliott-wave/family5	15m	1	12	0.058	0.7	8	0.224	4	-0.275	13	-0.474
smart-money-breakout-signals/family5	15m	1	11	0.171	1.9	5	0.402	6	-0.021	17	-0.325
high-volume-breakout-targets/family5	15m	1	10	0.122	1.2	5	0.587	5	-0.343	8	-0.430
stealthtrail-supertrend-ml-pro/family5	15m	3	15	-0.010	-0.1	8	0.316	7	-0.382	26	-0.179
session-killzones-breakouts/family5	15m	1	21	0.790	16.6	12	1.297	9	0.114	27	-0.061
smart-swing-vwap-zeiierman/family5	15m	1	17	0.082	1.4	7	0.573	10	-0.262	22	-0.317
supertrend-cluster-zeiierman/family5	15m	1	10	-0.299	-3.0	2	-0.398	8	-0.274	20	-0.177
bollinger-bands-forecast-with-signals-zeiierman/family5	15m	2	12	-0.019	-0.2	5	0.700	7	-0.533	17	-0.222
market-memory-average-zeiierman/family5	15m	1	16	-0.342	-5.5	8	-0.335	8	-0.348	21	-0.206
ai-predictive-flow-zeiierman/family5	15m	4	21	-0.098	-2.1	12	-0.127	9	-0.059	84	-0.068
volume-supertrend-ai-expo/family5	15m	1	8	-0.044	-0.3	2	-0.373	6	0.066	19	-0.305
momentum-sequence-strategy/family5	15m	2	3	1.242	3.7	1	2.793	2	0.466	4	0.055
trend-survival-matrix/family5	15m	1	15	-0.020	-0.3	6	-0.513	9	0.308	21	-0.051
smart-flow-imbalance/family5	15m	1	21	0.233	4.9	11	0.659	10	-0.236	33	-0.198
anchored-value-distribution-oscillator-zeiierman/family5	15m	4	27	-0.264	-7.1	14	-0.027	13	-0.519	207	-0.188
ema-trend-pro/family5	15m	1	15	-0.020	-0.3	6	-0.513	9	0.308	11	0.142
macd-matrix/family5	15m	2	9	0.199	1.8	5	0.631	4	-0.342	10	-0.123
ema-trend-signals/family5	15m	1	15	-0.020	-0.3	6	-0.513	9	0.308	21	-0.051
trend-pullback-guard/family5	15m	4	9	0.109	1.0	5	0.351	4	-0.194	49	-0.113
rsi-market-regime/family5	15m	2	13	0.078	1.0	6	0.068	7	0.087	42	-0.198
adaptive-atr-extension-scanner/family5	15m	1	38	0.403	15.3	15	0.789	23	0.152	34	-0.003
sams-early-morning-range-lines/family5	15m	1	10	0.142	1.4	5	0.124	5	0.160	16	0.191
btc-ema-5-9-flip-strategy-autobot/family5	15m	1	7	-0.127	-0.9	3	-0.126	4	-0.128	6	0.127
swing-multi-moving-averages-crypto-and-stocks-strategy/family5	15m	3	149	-0.027	-4.0	77	0.075	72	-0.135	127	-0.128
machine-learning-rsi-ai-classification-ranking-zeiierman/family5	15m	1	26	0.035	0.9	15	0.237	11	-0.241	30	-0.311
weekend-hunter-ultimate-v6-2/family5	15m	3	5	0.147	0.7	1	0.268	4	0.116	8	0.107
williams-r-zone-scalper-v1-0-bullbyte/family5	15m	2	13	-0.092	-1.2	8	-0.203	5	0.085	19	-0.175
smart-grid-scalping-pullback-strategy-bullbyte/family5	15m	2	11	0.036	0.4	4	0.114	7	-0.008	15	-0.021
macd-pullback-sniper-trend-adx-filtered-strategy/family5	15m	2	6	-0.273	-1.6	5	-0.488	1	0.800	5	0.130
ema-pullback-trend-continuation-strategy-with-volume-and-momentu/family5	15m	2	12	-0.143	-1.7	4	0.287	8	-0.358	17	-0.327
golden-trident-swing-anchored-vwap-trend-system/family5	15m	1	12	0.165	2.0	4	-1.000	8	0.748	10	0.594
pro-scalper-ai-bullbyte/family5	15m	2	35	0.108	3.8	28	0.206	7	-0.284	131	-0.162
execution-aware-trend/family5	15m	2	10	-0.158	-1.6	5	0.229	5	-0.545	29	0.017
coil-breaker-rsi-range-compression/family5	15m	1	14	0.469	6.6	9	0.636	5	0.169	13	-0.061
channel-reversion-system/family5	15m	1	18	-0.084	-1.5	11	0.048	7	-0.292	7	-0.292
slope-ma-cross-acc-range-filter/family5	15m	1	20	-0.207	-4.1	11	0.020	9	-0.484	22	-0.397
trendshift-supertrend-adx-regime-adaptive-strategy/family5	15m	1	17	-0.027	-0.5	9	-0.089	8	0.043	16	0.328
dnse-vn301-sma-34-89-dual-slope-strategy/family5	15m	2	14	0.214	3.0	10	0.252	4	0.120	36	-0.064
stacklight-mtf-mtf-momentum-stack-stochastic-confluence/family5	15m	2	13	0.302	3.9	10	0.250	3	0.477	21	-0.021
fair-value-gap-strategy-with-break-of-structure-confirmation/family5	15m	2	20	0.120	2.4	12	0.248	8	-0.073	59	-0.136
bist30-to-sp-500-atr-momentum-rider/family5	15m	4	15	-0.165	-2.5	7	0.018	8	-0.324	28	-0.043
elite-hybrid-orb/family5	15m	1	25	0.256	6.4	16	0.178	9	0.396	22	-0.141
tradleware-dca/family5	15m	3	39	0.190	7.4	27	0.301	12	-0.058	16	-0.138
ultimate-prop-firm/family5	15m	2	7	-0.125	-0.9	2	0.573	5	-0.404	22	0.040
cloud-pro-ichimoku-confluence/family5	15m	2	22	0.134	2.9	15	0.174	7	0.046	34	0.098
pg-mcx-silver-long-v6-mtf-momentum-profit-trailing/family5	15m	1	100	0.082	8.2	44	0.264	56	-0.062	71	-0.095
dnse-vn301-bollinger-bands-break-out-strategy/family5	15m	1	9	-0.320	-2.9	3	-0.441	6	-0.260	17	-0.136
nnfx-btc-ssl-qqe-signalforge/family5	15m	4	14	-0.270	-3.8	6	-0.183	8	-0.335	69	-0.232
hyperliquid-ready-webhook-strategy-template/family5	15m	2	6	0.087	0.5	1	1.295	5	-0.154	23	-0.097
ema-25-68-bist30-futures/family5	15m	1	9	0.247	2.2	2	-0.374	7	0.425	16	-0.181
trend-efficiency-framework/family5	15m	1	11	0.738	8.1	6	1.554	5	-0.241	15	-0.364
webhook-alert-strategy-template/family5	15m	1	16	-0.190	-3.0	7	-0.307	9	-0.100	24	-0.192
vwap-mean-reversion-strategy-with-session-and-volume-filter/family5	15m	1	24	-0.202	-4.9	11	-0.093	13	-0.295	17	-0.386
fractal-memory-strategy/family5	15m	1	6	-0.314	-1.9	3	-0.238	3	-0.389	12	0.196
adaptive-atr-scalper-instant-lock-version/family5	15m	1	15	-0.137	-2.1	6	0.103	9	-0.297	24	-0.325
btc-trend-momentum-strategy/family5	15m	1	22	-0.053	-1.2	11	-0.124	11	0.018	17	-0.140
tp-sl-toolkit/family5	15m	2	30	-0.077	-2.3	14	0.008	16	-0.152	56	-0.218
orb-pro-session-breakout-scalper/family5	15m	3	30	-0.031	-0.9	17	0.161	13	-0.283	39	-0.126
donchian-breakout-with-atr-trailing-stop-trend-following/family5	15m	1	38	0.402	15.3	18	0.723	20	0.113	31	-0.097
ineficient-market/family5	15m	1	6	0.088	0.5	5	0.306	1	-1.000	2	-1.000
super-trend-signal-engine-quantum-edge/family5	15m	2	6	-0.039	-0.2	1	-1.000	5	0.154	28	-0.143
dual-bollinger-band-cross-strategy-v6/family5	15m	2	52	0.135	7.0	30	0.169	22	0.089	45	-0.143
optimized-doji-breakout-strategy-short-only-v6/family5	15m	1	14	-0.264	-3.7	6	-0.477	8	-0.105	39	-0.231
atr-trailing-stop-strategy-with-ema-trend-filter/family5	15m	1	7	-0.149	-1.0	4	-0.367	3	0.142	5	0.317
xau-clear-ema-atr-strategy-tp-sl-voice-v6-clean-tp/family5	15m	2	27	0.002	0.1	15	0.251	12	-0.309	41	-0.315
xau-clear-ema-atr-strategy-tp-sl-voice-v6/family5	15m	2	27	0.002	0.1	15	0.251	12	-0.309	41	-0.315
smc-clean-4h-zones-center-labels-hh-hl-ll-lh/family5	15m	4	44	-0.200	-8.8	24	-0.152	20	-0.257	425	-0.147
bps-v17-strong-trend-filter/family5	15m	1	23	0.246	5.6	11	0.145	12	0.338	14	0.282
apex-fusion-ai-smart-trend-engine/family5	15m	1	53	0.210	11.1	26	0.444	27	-0.016	68	-0.222
bps-v17-strong-trend-filter-tv-strategies/family5	15m	1	23	0.246	5.6	11	0.145	12	0.338	14	0.282
vwap-points-percent-ticks-strategy/family5	15m	4	20	-0.139	-2.8	10	-0.136	10	-0.142	112	-0.168
btc-8am-pattern-breakout-instant-entry/family5	15m	2	17	-0.190	-3.2	12	-0.223	5	-0.110	40	-0.321
vwap-stdev-bands-reversal-strategy/family5	15m	4	20	-0.108	-2.2	7	0.260	13	-0.306	51	-0.087
bollinger-squeeze-breakout-volume/family5	15m	2	11	0.337	3.7	7	0.351	4	0.312	21	0.042
reverse-bb-kc/family5	15m	4	8	0.120	1.0	6	0.203	2	-0.132	17	-0.005
blueprint-vol/family5	15m	1	11	-0.177	-2.0	4	-0.275	7	-0.122	15	-0.120
l-l-htf-trend-cloud-strategy-joe-freedom/family5	15m	1	2	-0.956	-1.9	0	0.000	2	-0.956	4	-0.937
mcginley-t3-flow-campaign-nick789-v-1/family5	15m	2	13	-0.192	-2.5	9	-0.331	4	0.121	11	-0.002
arbf-strategy-v1-8/family5	15m	1	7	0.252	1.8	4	0.585	3	-0.192	11	-0.400
initial-balance-bo-strategy/family5	15m	2	11	-0.245	-2.7	7	-0.537	4	0.266	22	0.135
tomukas-daily-scale-in/family5	15m	4	6	-0.278	-1.7	3	0.011	3	-0.567	15	-0.318
trend-persistence-analysis-framework/family5	15m	1	76	0.251	19.1	37	0.419	39	0.091	80	-0.168
10-tech-indexes-score-system/family5	15m	1	17	0.602	10.2	9	0.561	8	0.648	17	0.283
ewo-rsi-advanced-signals-strategy-exhaustion-filter/family5	15m	4	22	-0.085	-1.9	7	0.350	15	-0.289	48	-0.272
hemant-gold-strategy/family5	15m	1	26	-0.131	-3.4	12	-0.143	14	-0.120	28	-0.256
scam-or-slam-day-trading-rauf-strategy/family5	15m	2	7	0.579	4.1	4	0.746	3	0.356	10	-0.227
bb-kc-squeeze-breakout/family5	15m	2	8	0.121	1.0	5	-0.031	3	0.375	18	-0.172
high-activity-penny-stock-strategy-v6/family5	15m	1	25	-0.266	-6.7	7	-0.128	18	-0.320	32	-0.164
kaufman-moving-average-adaptive-strategy-by-mkb/family5	15m	2	36	0.082	3.0	21	0.082	15	0.082	26	0.109
ac20-55emagdcrosstest/family5	15m	1	11	-0.050	-0.6	3	-0.206	8	0.008	22	-0.177
bollinger-bands-simple-strategy/family5	15m	4	32	-0.103	-3.3	15	-0.035	17	-0.163	72	0.093
ai-slop-holy-grail-trap-btc-1h-non-repainting-overfit/family5	15m	1	17	0.108	1.8	10	-0.189	7	0.532	14	0.284
adaptive-dual-engine-strategy-momentum-mean-reversion/family5	15m	3	44	0.067	2.9	24	0.162	20	-0.047	117	-0.115
estrategia-dpo-artedejubilarte/family5	15m	4	4	0.101	0.4	2	0.148	2	0.054	35	-0.329
nasrul-fib-sr-m5/family5	15m	1	53	0.193	10.2	28	0.256	25	0.122	56	-0.188
multi-timeframe-trend-alignment-framework/family5	15m	1	16	-0.190	-3.0	7	-0.307	9	-0.100	11	-0.259
9-21ema-anji/family5	15m	2	7	-0.032	-0.2	5	-0.231	2	0.466	7	0.149
volatility-surge-strategy/family5	15m	4	15	-0.007	-0.1	9	0.174	6	-0.279	21	0.145
master-structural-engine/family5	15m	2	4	-0.362	-1.4	1	-1.000	3	-0.149	13	0.047
yuri-garcia-narrow-state-strategy-ygils/family5	15m	1	21	0.406	8.5	9	0.666	12	0.212	30	0.037
supertrend-bb-strategy/family5	15m	2	6	-0.242	-1.5	2	-0.965	4	0.119	27	-0.348
trend-pivot-scale-in/family5	15m	2	7	0.400	2.8	5	0.381	2	0.450	10	0.087
engulfing-mitigation-strategy/family5	15m	1	122	0.003	0.4	66	0.033	56	-0.032	123	-0.231
vumanchu-wt-zero-cross-strategy-v1-2-2/family5	15m	2	24	-0.053	-1.3	14	-0.093	10	0.003	50	-0.139
vumanchu-wt-zero-cross-strategy-v1-2-3/family5	15m	2	20	-0.103	-2.1	9	-0.169	11	-0.050	41	-0.101
bb-macd-v6-1-5-qing-smart-distribution/family5	15m	1	53	0.027	1.4	27	0.105	26	-0.054	32	-0.098
vishall-ema-9-20-50-200-dmi-adx-strategy/family5	15m	2	21	0.296	6.2	16	0.489	5	-0.322	23	-0.053
vumanchu-wt-zero-cross-v1-1b/family5	15m	2	24	-0.053	-1.3	14	-0.093	10	0.003	50	-0.139
velocity-breakout-strategy-vbs/family5	15m	3	6	-0.186	-1.1	5	-0.024	1	-1.000	23	0.064
nifty-supertrend-ce-strategy-alice-blue/family5	15m	2	7	-0.175	-1.2	2	-0.965	5	0.141	28	-0.068
obs-volume-spike-reaction-fade/family5	15m	1	22	0.189	4.2	11	0.584	11	-0.205	22	-0.047
ultimate-pattern-engine-ema-stochastic-by-rony/family5	15m	2	74	0.104	7.7	45	0.291	29	-0.184	142	-0.180
fair-value-gap-continuation-framework/family5	15m	2	37	0.111	4.1	22	0.297	15	-0.161	85	-0.267
surgical-sweep-original-restored/family5	15m	4	4	-0.533	-2.1	1	0.868	3	-1.000	25	-0.233
qqe-channel-strategy/family5	15m	1	46	-0.047	-2.1	21	0.055	25	-0.132	48	-0.206
orb-fib-breakout-signals-strategy/family5	15m	1	23	0.218	5.0	14	0.281	9	0.119	20	-0.096
ut-bot-v2-atr-trailing-stop/family5	15m	4	31	-0.246	-7.6	15	-0.019	16	-0.458	160	-0.252
sma-4-sma-30/family5	15m	4	9	-0.023	-0.2	6	-0.286	3	0.503	53	-0.129
egan-s-pure-structure-s-d-strategy-backtest/family5	15m	3	48	0.232	11.1	34	0.326	14	0.004	111	-0.193
dca-grid-15-orders-1-1-step-1-8-tp/family5	15m	1	51	0.163	8.3	25	0.460	26	-0.123	31	-0.181
institutional-ob-entry-exit-sl-strategy/family5	15m	1	29	0.093	2.7	15	0.244	14	-0.069	24	-0.086
supertrend-strategy/family5	15m	2	7	-0.175	-1.2	2	-0.965	5	0.141	31	-0.156
smart-trend-strategy-julzalgo/family5	15m	2	7	1.062	7.4	4	2.261	3	-0.536	31	-0.107
alphamojo-supertrend-strategy-ha-with-buffer/family5	15m	1	7	-0.256	-1.8	2	-0.363	5	-0.213	11	-0.127
macd-crossover-strategy/family5	15m	5	15	0.180	2.7	6	0.726	9	-0.184	98	-0.147
expma-analysis/family5	15m	1	26	-0.056	-1.5	13	0.046	13	-0.158	17	-0.250
tjr-v4-strategy/family5	15m	2	17	-0.012	-0.2	11	0.201	6	-0.404	53	-0.120
scalping-london-new-york-strategy/family5	15m	1	100	0.095	9.5	50	0.154	50	0.036	93	-0.113
serhan1-wma-rsi-trailing-scalp-date-filter/family5	15m	2	12	0.385	4.6	8	0.368	4	0.420	25	-0.020
market-breadth-trend-strategy/family5	15m	1	95	0.054	5.1	47	0.205	48	-0.093	83	-0.170
serhan-1-wma-adx-trailing-date-filter/family5	15m	1	13	0.186	2.4	7	-0.057	6	0.470	17	-0.028
15m-nifty-multi-day-swing-target-engine-v1-0/family5	15m	2	13	-0.335	-4.4	7	-0.372	6	-0.292	24	-0.050
twe-2-bar-break-strategy/family5	15m	2	73	-0.019	-1.4	45	0.140	28	-0.275	162	-0.200
manoj-betrayed-me/family5	15m	1	43	0.148	6.4	23	0.111	20	0.190	55	-0.067
double-tap/family5	15m	3	14	-0.052	-0.7	8	0.272	6	-0.485	21	-0.291
btcusd-4h-ema-swing-strategy/family5	15m	2	16	0.102	1.6	11	0.066	5	0.181	23	-0.041
session-king-alma-with-session-filter/family5	15m	1	24	0.187	4.5	14	0.350	10	-0.041	28	0.033
simple-breakout-strategy-santana/family5	15m	2	23	-0.125	-2.9	13	-0.023	10	-0.256	45	-0.220
ahlenaz/family5	15m	1	26	0.505	13.1	11	0.789	15	0.297	38	-0.077
ema-40-pullback-pyramid-strategy/family5	15m	4	18	-0.169	-3.0	10	-0.090	8	-0.267	119	-0.143
ll-momentum-and-curl-master/family5	15m	1	28	0.425	11.9	16	0.843	12	-0.133	31	-0.326
fair-value-gap-strategy/family5	15m	3	72	0.066	4.8	40	0.141	32	-0.027	145	-0.218
new-era-strategy-1-0/family5	15m	1	16	-0.150	-2.4	7	-0.377	9	0.027	13	-0.143
nse-elite-strategy-v6-full-system/family5	15m	1	10	-0.116	-1.2	6	-0.077	4	-0.174	10	-0.185
the-greatest-bot-ever-made-pmt-apex-edition/family5	15m	2	29	0.177	5.1	18	0.196	11	0.146	54	-0.022
the-greatest-bot-ever-made-pmt-apex-edition-tv-strategies/family5	15m	2	29	0.177	5.1	18	0.196	11	0.146	54	-0.022
katana-v5-pro-fvg-50-model/family5	15m	1	20	0.298	6.0	10	0.853	10	-0.258	24	-0.303
quanloki-qqe-system-opposite-signal-only-points/family5	15m	3	36	0.300	10.8	21	0.182	15	0.465	60	-0.073
adaptive-multi-factor-v1-update-9-years/family5	15m	3	69	0.013	0.9	45	0.081	24	-0.114	106	-0.289
silver-surfer/family5	15m	3	71	0.046	3.3	39	0.119	32	-0.042	144	-0.224
atm-adaptive-zone-momentum-scalper-1h/family5	15m	4	50	-0.035	-1.7	23	0.146	27	-0.189	353	-0.156
ema-9-vwap-strategy-with-atr-trailing-stop-win-the-trade/family5	15m	2	25	0.052	1.3	14	0.050	11	0.055	41	-0.153
atm/family5	15m	4	50	-0.035	-1.7	23	0.146	27	-0.189	353	-0.156
fast-scalper-with-stops/family5	15m	4	15	-0.042	-0.6	9	-0.063	6	-0.010	86	-0.137
fast-scalper-with-stops-tv-strategies/family5	15m	4	15	-0.042	-0.6	9	-0.063	6	-0.010	86	-0.137
fast-scalper-with-stops-tv-strategies-cg3o8g9a/family5	15m	4	25	-0.134	-3.4	14	0.071	11	-0.395	49	-0.201
adaptive-multi-facto-9-years/family5	15m	3	49	0.067	3.3	34	0.052	15	0.099	71	-0.242
fast-scalper-with-stops-tv-strategies-mcwal9oa/family5	15m	4	15	-0.042	-0.6	9	-0.063	6	-0.010	86	-0.137
sttrend-tp-lock-added/family5	15m	2	6	-0.039	-0.2	1	-1.000	5	0.154	28	-0.143
9-ema-20-ema-retest-strategy/family5	15m	4	2	0.595	1.2	2	0.595	0	0.000	25	-0.126
clean-vwap-zl-scalper-single-trigger-by-david/family5	15m	2	53	-0.121	-6.4	30	-0.073	23	-0.183	76	-0.184
clean-vwap-zl-scalper-single-trigger-by-sandip/family5	15m	2	53	-0.121	-6.4	30	-0.073	23	-0.183	76	-0.184
spike-ea-trade-strategy/family5	15m	4	61	-0.129	-7.9	30	0.023	31	-0.276	365	-0.195
good-luck/family5	15m	2	13	-0.108	-1.4	5	0.603	8	-0.552	26	-0.386
nasdaq-oro-bruto-24h-mejorada/family5	15m	1	41	0.273	11.2	20	0.497	21	0.060	56	-0.152
nasdaq-nq-24h-mejorada/family5	15m	1	41	0.273	11.2	20	0.497	21	0.060	56	-0.152
concordance-execution-model/family5	15m	1	32	0.312	10.0	16	0.709	16	-0.085	33	-0.160
zr-grizzly/family5	15m	4	33	-0.055	-1.8	15	-0.144	18	0.018	54	-0.236
caldera-meridian-strategy/family5	15m	1	41	0.170	7.0	20	0.250	21	0.093	37	-0.199
frosty-alerts/family5	15m	2	165	-0.027	-4.5	89	0.058	76	-0.127	335	-0.146
enso-usdt-12h-trend-pullback-sniper/family5	15m	2	7	-0.035	-0.2	6	-0.080	1	0.233	19	-0.311
sebbiottino-trailing-stop-so-good-ger40-1m/family5	15m	4	10	0.235	2.4	6	0.328	4	0.096	86	-0.098
tradingview-bot-trailing-15-min/family5	15m	2	6	0.087	0.5	1	1.295	5	-0.154	21	-0.070
ut-bot-shah-200-50-ema/family5	15m	1	18	0.185	3.3	8	0.725	10	-0.247	20	-0.416
tradingview-bot-goat/family5	15m	2	6	0.087	0.5	1	1.295	5	-0.154	21	-0.070
my-strategy-9/family5	15m	2	23	-0.125	-2.9	13	-0.023	10	-0.256	45	-0.220
regime-execution-strategy/family5	15m	1	28	-0.104	-2.9	15	-0.097	13	-0.113	33	-0.126
gold-ai-strategy-v2-0/family5	15m	1	20	0.180	3.6	14	0.037	6	0.515	17	0.295
nas100-sp500-turtle-soup-ny-v4-fixed/family5	15m	1	18	-0.099	-1.8	10	0.075	8	-0.316	12	-0.103
zeta9-v6/family5	15m	4	26	-0.100	-2.6	13	0.158	13	-0.357	104	-0.306
btc-averages-strategy-long-short/family5	15m	2	13	0.111	1.4	6	0.204	7	0.031	26	-0.218
20-200-sma-strategy/family5	15m	3	33	-0.139	-4.6	9	0.221	24	-0.274	117	-0.143
liquidity-entry-zones-strategy-2-0/family5	15m	4	23	-0.198	-4.6	12	-0.081	11	-0.325	75	-0.227
ultimate-smc-emas-day-trading-strategy/family5	15m	2	12	0.172	2.1	8	0.439	4	-0.363	9	-0.523
concordance-allocation-strategy/family5	15m	1	25	0.486	12.2	13	0.273	12	0.717	40	0.097
amit-eth-strategy/family5	15m	1	39	-0.059	-2.3	21	-0.064	18	-0.053	41	-0.069
amit-eth-strategy-tv-strategies/family5	15m	1	39	-0.059	-2.3	21	-0.064	18	-0.053	41	-0.069
moja-strategia-harami-bb/family5	15m	4	25	-0.221	-5.5	13	-0.059	12	-0.397	54	-0.162
moja-strategia-harami-bb-tv-strategies/family5	15m	4	25	-0.221	-5.5	13	-0.059	12	-0.397	54	-0.162
silverstream-v2/family5	15m	2	45	0.161	7.3	29	0.401	16	-0.272	89	-0.268
mgc-wyckoff-second-breakout-v3-candle-rr/family5	15m	1	52	0.289	15.0	28	0.364	24	0.200	62	-0.065
5m-sol-scalper-ha-lorentzian/family5	15m	2	14	-0.266	-3.7	9	-0.227	5	-0.338	30	-0.299
asian-box-breakout-strategy/family5	15m	1	9	-0.077	-0.7	5	-0.213	4	0.094	10	0.089
bollinger-bands-rsi-live-radar-strategy/family5	15m	1	25	-0.129	-3.2	15	-0.050	10	-0.247	14	-0.129
concord-execution-mandate/family5	15m	4	16	0.043	0.7	7	0.223	9	-0.097	97	-0.236
super-rsi-strategy/family5	15m	2	53	0.045	2.4	34	0.150	19	-0.143	143	-0.171
super-rsi-strategy-tv-strategies-nng1sppd/family5	15m	2	53	0.045	2.4	34	0.150	19	-0.143	143	-0.171
super-rsi-strategy-tv-strategies/family5	15m	2	53	0.045	2.4	34	0.150	19	-0.143	143	-0.171
box-breakout-strategy-dt4b-trader/family5	15m	1	45	0.233	10.5	22	0.513	23	-0.035	71	-0.308
sma-strategy/family5	15m	1	127	-0.042	-5.3	61	0.122	66	-0.193	168	-0.200
3commas-pullback-sniper-strategy/family5	15m	2	21	-0.008	-0.2	12	-0.159	9	0.192	14	0.271
big-daddy-max-orb-strategy/family5	15m	1	21	0.324	6.8	11	0.662	10	-0.048	18	-0.185
ttm-momentum-histo-9-ema-21-ema-debit-spread-script/family5	15m	4	6	-0.071	-0.4	3	-0.112	3	-0.030	52	-0.218
beginner-trend-risk-model-ema-rsi/family5	15m	1	61	0.027	1.6	29	0.089	32	-0.030	78	-0.168
rr-master-lc/family5	15m	2	5	1.357	6.8	3	2.374	2	-0.169	18	-0.211
ai-triple-confirmation-strategy/family5	15m	1	34	0.104	3.5	15	0.407	19	-0.135	35	-0.038
parallax-covenant-strategy/family5	15m	4	10	-0.002	-0.0	5	0.052	5	-0.056	77	-0.186
ema-dmi-macd-rsi-strategy/family5	15m	1	24	0.098	2.4	11	0.691	13	-0.404	35	-0.295
albtrader-nq-beast-supertrend-macd-rsi/family5	15m	1	29	0.000	0.0	17	0.139	12	-0.197	24	-0.027
simple-smart-buy-sell-strategy/family5	15m	4	8	0.011	0.1	7	-0.019	1	0.221	93	-0.194
options-momentum-bias-strategy-v2/family5	15m	1	16	-0.147	-2.4	11	0.115	5	-0.724	20	-0.294
strategy-461-ts-m15/family5	15m	4	13	-0.480	-6.2	6	-0.289	7	-0.644	49	-0.047
take-liquidity-multi-time-frame-tradesystem/family5	15m	1	12	0.448	5.4	3	0.122	9	0.556	9	0.556
lvn-rejection-acceptance-strategy/family5	15m	1	62	0.209	13.0	30	0.254	32	0.167	71	-0.197
autotrade-bot-v12/family5	15m	2	28	-0.057	-1.6	18	0.011	10	-0.179	20	-0.165
adaptive-s-r-reversal-rsi-divergence-dca-be-stop-5m/family5	15m	3	9	-0.277	-2.5	4	0.001	5	-0.499	20	-0.412
albtrader-nq-btc-gold-multi-tf-signal-bot-v2/family5	15m	2	12	0.221	2.6	5	0.466	7	0.045	32	-0.295
nq-scalp-fix-signals/family5	15m	1	30	0.038	1.1	18	0.294	12	-0.345	35	-0.253
ema-crossx/family5	15m	3	23	-0.121	-2.8	9	0.123	14	-0.278	19	-0.083
scalping-reversal-strategy/family5	15m	2	26	0.047	1.2	15	0.168	11	-0.118	23	0.028
strategy-432-btc-donchian-breakout-continuation/family5	15m	1	32	0.073	2.3	15	0.401	17	-0.215	24	-0.333
strategy-250-xauusd-composite-quality-score/family5	15m	2	10	-0.094	-0.9	4	0.192	6	-0.284	22	-0.318
scalping-entry-exit-indicator-by-diget/family5	15m	2	99	0.005	0.5	56	0.165	43	-0.204	220	-0.189
scalping-ichimoku/family5	15m	1	16	-0.147	-2.3	8	-0.137	8	-0.156	23	-0.197
scalper-s-moving-average-dyna/family5	15m	2	11	1.015	11.2	8	1.402	3	-0.018	44	0.045
thrax-quickstrike-5-mins-scalping/family5	15m	1	22	0.023	0.5	11	-0.293	11	0.339	25	0.208
9-15-ema-scalper/family5	15m	1	28	-0.132	-3.7	15	-0.121	13	-0.144	29	-0.319
parabolic-sar-heikin-ashi-mtf-candle-scalper/family5	15m	2	16	-0.078	-1.2	11	0.050	5	-0.360	68	-0.180
scalpers-macd-vwap-filter/family5	15m	2	20	0.172	3.4	12	0.197	8	0.135	33	0.030
oink-test/family5	15m	1	9	-0.157	-1.4	4	-0.136	5	-0.174	13	-0.584
swing-reversal-auto-targets-jpt-module-1/family5	15m	1	53	0.214	11.3	21	0.489	32	0.033	62	-0.128
swing-failure-pattern-sfp-engine-agpro-series/family5	15m	1	15	-0.543	-8.1	7	-0.251	8	-0.799	15	-0.440
swing-gradient-tpos-boswaves/family5	15m	1	46	-0.019	-0.9	25	0.244	21	-0.332	42	-0.282
contrarian-scalping-counter-trend-bb-envelope-adx-and-stochastic/family5	15m	3	189	-0.049	-9.3	103	0.040	86	-0.156	0	0.000
ms-hypersupertrend/family5	15m	1	21	0.125	2.6	9	0.433	12	-0.106	16	-0.245
fast-v-slow-moving-averages-strategy-variable-divonn1994/family5	15m	1	6	-0.085	-0.5	2	-0.118	4	-0.069	28	-0.207
god-of-scalping-btc/family5	15m	2	22	0.084	1.9	16	0.199	6	-0.222	49	-0.170
clean-multi-indicator-alignment-system/family5	15m	2	22	-0.209	-4.6	15	0.055	7	-0.777	45	-0.113
market-direction-strength-mds/family5	15m	1	51	0.257	13.1	29	0.404	22	0.064	68	-0.128
concordance-strategy/family5	15m	2	10	-0.403	-4.0	6	-0.210	4	-0.693	12	-0.352
consensus/family7	15m	4	54	-0.024	-1.3	31	0.147	23	-0.254		
consensus/family7	15m	5	53	0.026	1.4	30	0.241	23	-0.254		
consensus/family7	15m	6	22	-0.176	-3.9	11	0.199	11	-0.552		
consensus/family7	15m	7	22	-0.192	-4.2	11	0.167	11	-0.552		
abcd-harmonic-projection/family7	15m	1	12	0.196	2.4	5	0.399	7	0.051	11	-0.093
pulse-trend-radar/family7	15m	2	9	-0.411	-3.7	3	-0.143	6	-0.545	20	-0.370
kinetic-momentum-vectors/family7	15m	2	11	0.420	4.6	6	0.456	5	0.377	14	0.315
stealthtrail-supertrend/family7	15m	4	8	-0.288	-2.3	6	-0.343	2	-0.124	26	-0.050
dynamic-trend-bands-anchored-vwap-signals/family7	15m	2	25	0.081	2.0	12	0.406	13	-0.219	17	0.044
swing-volume-profile-pro/family7	15m	1	29	-0.009	-0.3	15	0.006	14	-0.024	30	-0.223
pivot-channel-breaks/family7	15m	1	27	-0.029	-0.8	10	0.589	17	-0.393	21	-0.355
triangular-hull-moving-average-volatility/family7	15m	2	20	-0.104	-2.1	12	-0.031	8	-0.214	15	-0.206
elliott-wave/family7	15m	2	9	0.277	2.5	5	0.718	4	-0.275	13	-0.474
smart-money-breakout-signals/family7	15m	1	14	-0.076	-1.1	6	0.178	8	-0.266	17	-0.325
high-volume-breakout-targets/family7	15m	1	11	0.026	0.3	6	0.333	5	-0.343	8	-0.430
stealthtrail-supertrend-ml-pro/family7	15m	2	18	-0.024	-0.4	8	0.316	10	-0.297	26	-0.179
session-killzones-breakouts/family7	15m	2	16	0.842	13.5	9	1.556	7	-0.075	27	-0.061
smart-swing-vwap-zeiierman/family7	15m	1	20	-0.010	-0.2	9	0.233	11	-0.208	22	-0.317
supertrend-cluster-zeiierman/family7	15m	1	11	-0.217	-2.4	2	-0.398	9	-0.177	20	-0.177
bollinger-bands-forecast-with-signals-zeiierman/family7	15m	4	9	-0.076	-0.7	4	0.651	5	-0.657	17	-0.222
market-memory-average-zeiierman/family7	15m	2	9	-0.429	-3.9	5	-0.208	4	-0.704	21	-0.206
ai-predictive-flow-zeiierman/family7	15m	6	6	-0.064	-0.4	3	0.285	3	-0.412	84	-0.068
volume-supertrend-ai-expo/family7	15m	1	8	-0.204	-1.6	2	-0.373	6	-0.147	19	-0.305
momentum-sequence-strategy/family7	15m	2	5	0.345	1.7	2	0.897	3	-0.023	4	0.055
trend-survival-matrix/family7	15m	2	8	0.094	0.8	3	-0.055	5	0.183	21	-0.051
smart-flow-imbalance/family7	15m	2	13	0.386	5.0	8	0.684	5	-0.091	33	-0.198
anchored-value-distribution-oscillator-zeiierman/family7	15m	4	51	-0.086	-4.4	28	0.181	23	-0.411	207	-0.188
ema-trend-pro/family7	15m	2	8	0.094	0.8	3	-0.055	5	0.183	11	0.142
macd-matrix/family7	15m	1	22	-0.027	-0.6	13	0.130	9	-0.254	10	-0.123
ema-trend-signals/family7	15m	2	8	0.094	0.8	3	-0.055	5	0.183	21	-0.051
trend-pullback-guard/family7	15m	2	34	0.028	1.0	15	0.082	19	-0.014	49	-0.113
rsi-market-regime/family7	15m	4	8	0.110	0.9	6	0.068	2	0.239	42	-0.198
adaptive-atr-extension-scanner/family7	15m	2	29	0.512	14.8	12	0.945	17	0.206	34	-0.003
sams-early-morning-range-lines/family7	15m	1	12	0.209	2.5	5	0.124	7	0.271	16	0.191
btc-ema-5-9-flip-strategy-autobot/family7	15m	1	9	-0.026	-0.2	4	-0.013	5	-0.037	6	0.127
swing-multi-moving-averages-crypto-and-stocks-strategy/family7	15m	5	101	0.052	5.2	53	0.307	48	-0.229	127	-0.128
machine-learning-rsi-ai-classification-ranking-zeiierman/family7	15m	3	13	0.452	5.9	7	0.691	6	0.173	30	-0.311
weekend-hunter-ultimate-v6-2/family7	15m	5	4	0.116	0.5	0	0.000	4	0.116	8	0.107
williams-r-zone-scalper-v1-0-bullbyte/family7	15m	3	8	-0.059	-0.5	5	-0.007	3	-0.145	19	-0.175
smart-grid-scalping-pullback-strategy-bullbyte/family7	15m	1	11	0.036	0.4	4	0.114	7	-0.008	15	-0.021
macd-pullback-sniper-trend-adx-filtered-strategy/family7	15m	2	6	-0.273	-1.6	4	-0.360	2	-0.100	5	0.130
ema-pullback-trend-continuation-strategy-with-volume-and-momentu/family7	15m	2	13	-0.127	-1.6	6	0.294	7	-0.488	17	-0.327
golden-trident-swing-anchored-vwap-trend-system/family7	15m	1	11	0.263	2.9	4	-1.000	7	0.985	10	0.594
pro-scalper-ai-bullbyte/family7	15m	2	53	0.226	12.0	32	0.322	21	0.080	131	-0.162
execution-aware-trend/family7	15m	4	5	0.144	0.7	4	0.408	1	-0.915	29	0.017
coil-breaker-rsi-range-compression/family7	15m	1	17	0.320	5.4	10	0.479	7	0.094	13	-0.061
channel-reversion-system/family7	15m	4	12	-0.126	-1.5	6	0.132	6	-0.383	7	-0.292
slope-ma-cross-acc-range-filter/family7	15m	2	18	-0.118	-2.1	9	0.247	9	-0.484	22	-0.397
trendshift-supertrend-adx-regime-adaptive-strategy/family7	15m	1	15	0.105	1.6	7	-0.007	8	0.203	16	0.328
dnse-vn301-sma-34-89-dual-slope-strategy/family7	15m	4	11	0.325	3.6	9	0.391	2	0.026	36	-0.064
stacklight-mtf-mtf-momentum-stack-stochastic-confluence/family7	15m	4	9	0.156	1.4	7	0.123	2	0.272	21	-0.021
fair-value-gap-strategy-with-break-of-structure-confirmation/family7	15m	4	17	0.244	4.1	12	0.248	5	0.232	59	-0.136
bist30-to-sp-500-atr-momentum-rider/family7	15m	4	25	-0.041	-1.0	13	0.054	12	-0.145	28	-0.043
elite-hybrid-orb/family7	15m	3	16	0.487	7.8	13	0.452	3	0.642	22	-0.141
tradleware-dca/family7	15m	3	42	0.136	5.7	28	0.301	14	-0.193	16	-0.138
ultimate-prop-firm/family7	15m	1	17	0.155	2.6	4	0.578	13	0.025	22	0.040
cloud-pro-ichimoku-confluence/family7	15m	4	13	0.458	6.0	10	0.492	3	0.348	34	0.098
pg-mcx-silver-long-v6-mtf-momentum-profit-trailing/family7	15m	2	74	0.208	15.4	35	0.374	39	0.060	71	-0.095
dnse-vn301-bollinger-bands-break-out-strategy/family7	15m	1	14	-0.387	-5.4	7	-0.567	7	-0.206	17	-0.136
nnfx-btc-ssl-qqe-signalforge/family7	15m	4	23	-0.087	-2.0	14	0.007	9	-0.232	69	-0.232
hyperliquid-ready-webhook-strategy-template/family7	15m	2	10	0.114	1.1	4	0.283	6	0.001	23	-0.097
ema-25-68-bist30-futures/family7	15m	1	8	0.199	1.6	2	-0.374	6	0.390	16	-0.181
trend-efficiency-framework/family7	15m	1	13	0.576	7.5	7	1.201	6	-0.153	15	-0.364
webhook-alert-strategy-template/family7	15m	2	9	0.010	0.1	4	-0.108	5	0.104	24	-0.192
vwap-mean-reversion-strategy-with-session-and-volume-filter/family7	15m	1	16	-0.106	-1.7	8	0.082	8	-0.295	17	-0.386
fractal-memory-strategy/family7	15m	1	6	-0.328	-2.0	4	-0.412	2	-0.160	12	0.196
adaptive-atr-scalper-instant-lock-version/family7	15m	1	18	-0.115	-2.1	7	0.187	11	-0.307	24	-0.325
btc-trend-momentum-strategy/family7	15m	4	6	-0.327	-2.0	4	-0.006	2	-0.970	17	-0.140
tp-sl-toolkit/family7	15m	4	15	0.140	2.1	11	0.065	4	0.348	56	-0.218
orb-pro-session-breakout-scalper/family7	15m	3	32	0.052	1.7	16	0.408	16	-0.303	39	-0.126
donchian-breakout-with-atr-trailing-stop-trend-following/family7	15m	2	26	0.640	16.6	14	0.938	12	0.291	31	-0.097
ineficient-market/family7	15m	1	5	0.306	1.5	4	0.632	1	-1.000	2	-1.000
super-trend-signal-engine-quantum-edge/family7	15m	2	7	-0.337	-2.4	1	-1.000	6	-0.227	28	-0.143
dual-bollinger-band-cross-strategy-v6/family7	15m	4	33	0.256	8.4	19	0.435	14	0.013	45	-0.143
optimized-doji-breakout-strategy-short-only-v6/family7	15m	1	10	-0.310	-3.1	5	-0.372	5	-0.247	39	-0.231
atr-trailing-stop-strategy-with-ema-trend-filter/family7	15m	1	7	0.109	0.8	4	-0.367	3	0.744	5	0.317
smoothed-heiken-ashi-strategy-v1/family7	15m	1	10	0.153	1.5	4	0.357	6	0.016	26	-0.081
xau-clear-ema-atr-strategy-tp-sl-voice-v6-clean-tp/family7	15m	2	38	-0.026	-1.0	20	0.152	18	-0.224	41	-0.315
xau-clear-ema-atr-strategy-tp-sl-voice-v6/family7	15m	2	38	-0.026	-1.0	20	0.152	18	-0.224	41	-0.315
smc-clean-4h-zones-center-labels-hh-hl-ll-lh/family7	15m	3	116	-0.024	-2.8	61	0.014	55	-0.066	425	-0.147
bps-v17-strong-trend-filter/family7	15m	2	18	0.230	4.1	10	0.260	8	0.192	14	0.282
apex-fusion-ai-smart-trend-engine/family7	15m	2	37	0.423	15.7	19	0.733	18	0.096	68	-0.222
bps-v17-strong-trend-filter-tv-strategies/family7	15m	2	18	0.230	4.1	10	0.260	8	0.192	14	0.282
vwap-points-percent-ticks-strategy/family7	15m	6	7	-0.081	-0.6	3	0.058	4	-0.185	112	-0.168
btc-8am-pattern-breakout-instant-entry/family7	15m	4	6	-0.291	-1.7	6	-0.291	0	0.000	40	-0.321
vwap-stdev-bands-reversal-strategy/family7	15m	5	17	-0.058	-1.0	6	0.470	11	-0.346	51	-0.087
bollinger-squeeze-breakout-volume/family7	15m	4	8	0.521	4.2	6	0.491	2	0.610	21	0.042
reverse-bb-kc/family7	15m	4	9	0.283	2.5	5	0.444	4	0.082	17	-0.005
blueprint-vol/family7	15m	1	11	-0.013	-0.1	4	-0.275	7	0.137	15	-0.120
l-l-htf-trend-cloud-strategy-joe-freedom/family7	15m	1	3	-0.970	-2.9	2	-0.956	1	-1.000	4	-0.937
mcginley-t3-flow-campaign-nick789-v-1/family7	15m	4	6	-0.026	-0.2	4	0.156	2	-0.391	11	-0.002
arbf-strategy-v1-8/family7	15m	1	9	0.117	1.1	4	0.585	5	-0.257	11	-0.400
initial-balance-bo-strategy/family7	15m	4	8	-0.362	-2.9	6	-0.460	2	-0.071	22	0.135
tomukas-daily-scale-in/family7	15m	6	4	0.083	0.3	2	0.517	2	-0.350	15	-0.318
trend-persistence-analysis-framework/family7	15m	2	63	0.309	19.5	30	0.594	33	0.050	80	-0.168
10-tech-indexes-score-system/family7	15m	2	16	0.702	11.2	8	0.756	8	0.648	17	0.283
ewo-rsi-advanced-signals-strategy-exhaustion-filter/family7	15m	4	22	-0.085	-1.9	6	0.575	16	-0.333	48	-0.272
hemant-gold-strategy/family7	15m	4	14	-0.270	-3.8	9	-0.142	5	-0.500	28	-0.256
scam-or-slam-day-trading-rauf-strategy/family7	15m	1	9	0.220	2.0	4	0.746	5	-0.200	10	-0.227
bb-kc-squeeze-breakout/family7	15m	4	7	0.219	1.5	4	0.083	3	0.399	18	-0.172
high-activity-penny-stock-strategy-v6/family7	15m	4	6	-0.256	-1.5	3	0.052	3	-0.563	32	-0.164
kaufman-moving-average-adaptive-strategy-by-mkb/family7	15m	4	21	0.229	4.8	15	0.108	6	0.533	26	0.109
ac20-55emagdcrosstest/family7	15m	2	7	0.117	0.8	2	0.148	5	0.104	22	-0.177
bollinger-bands-simple-strategy/family7	15m	4	28	0.028	0.8	14	0.044	14	0.012	72	0.093
ai-slop-holy-grail-trap-btc-1h-non-repainting-overfit/family7	15m	2	12	-0.007	-0.1	8	-0.263	4	0.504	14	0.284
adaptive-dual-engine-strategy-momentum-mean-reversion/family7	15m	5	28	0.082	2.3	18	0.271	10	-0.260	117	-0.115
estrategia-dpo-artedejubilarte/family7	15m	4	8	-0.290	-2.3	4	-0.426	4	-0.154	35	-0.329
nasrul-fib-sr-m5/family7	15m	1	62	0.156	9.7	35	0.174	27	0.133	56	-0.188
multi-timeframe-trend-alignment-framework/family7	15m	2	9	0.010	0.1	4	-0.108	5	0.104	11	-0.259
9-21ema-anji/family7	15m	2	8	0.014	0.1	5	-0.231	3	0.422	7	0.149
volatility-surge-strategy/family7	15m	4	13	0.088	1.1	8	0.299	5	-0.251	21	0.145
master-structural-engine/family7	15m	2	6	-0.341	-2.0	1	-1.000	5	-0.210	13	0.047
yuri-garcia-narrow-state-strategy-ygils/family7	15m	2	17	0.321	5.5	8	0.874	9	-0.170	30	0.037
supertrend-bb-strategy/family7	15m	2	7	-0.148	-1.0	2	-0.965	5	0.180	27	-0.348
trend-pivot-scale-in/family7	15m	2	10	0.309	3.1	5	0.381	5	0.237	10	0.087
engulfing-mitigation-strategy/family7	15m	2	87	0.038	3.3	46	0.082	41	-0.011	123	-0.231
vumanchu-wt-zero-cross-strategy-v1-2-2/family7	15m	4	13	0.059	0.8	10	0.023	3	0.178	50	-0.139
vumanchu-wt-zero-cross-strategy-v1-2-3/family7	15m	4	10	-0.018	-0.2	7	-0.101	3	0.178	41	-0.101
bb-macd-v6-1-5-qing-smart-distribution/family7	15m	2	42	0.097	4.1	22	0.260	20	-0.081	32	-0.098
vishall-ema-9-20-50-200-dmi-adx-strategy/family7	15m	4	17	0.339	5.8	15	0.435	2	-0.376	23	-0.053
vumanchu-wt-zero-cross-v1-1b/family7	15m	4	13	0.059	0.8	10	0.023	3	0.178	50	-0.139
velocity-breakout-strategy-vbs/family7	15m	2	14	-0.395	-5.5	9	-0.458	5	-0.281	23	0.064
nifty-supertrend-ce-strategy-alice-blue/family7	15m	2	8	-0.100	-0.8	2	-0.965	6	0.188	28	-0.068
obs-volume-spike-reaction-fade/family7	15m	1	20	0.268	5.4	9	0.846	11	-0.205	22	-0.047
ultimate-pattern-engine-ema-stochastic-by-rony/family7	15m	2	106	0.162	17.1	50	0.362	56	-0.017	142	-0.180
fair-value-gap-continuation-framework/family7	15m	4	22	0.359	7.9	19	0.333	3	0.522	85	-0.267
surgical-sweep-original-restored/family7	15m	4	4	-0.510	-2.0	1	0.868	3	-0.969	25	-0.233
qqe-channel-strategy/family7	15m	4	10	-0.003	-0.0	9	0.098	1	-0.915	48	-0.206
orb-fib-breakout-signals-strategy/family7	15m	2	15	0.625	9.4	10	0.789	5	0.297	20	-0.096
ut-bot-v2-atr-trailing-stop/family7	15m	4	49	-0.084	-4.1	28	0.152	21	-0.399	160	-0.252
sma-4-sma-30/family7	15m	4	15	0.074	1.1	13	-0.011	2	0.629	53	-0.129
egan-s-pure-structure-s-d-strategy-backtest/family7	15m	5	40	0.257	10.3	29	0.485	11	-0.346	111	-0.193
dca-grid-15-orders-1-1-step-1-8-tp/family7	15m	1	60	0.083	5.0	31	0.278	29	-0.125	31	-0.181
institutional-ob-entry-exit-sl-strategy/family7	15m	2	25	0.015	0.4	15	0.244	10	-0.328	24	-0.086
supertrend-strategy/family7	15m	2	8	-0.100	-0.8	2	-0.965	6	0.188	31	-0.156
smart-trend-strategy-julzalgo/family7	15m	2	13	0.674	8.8	5	1.609	8	0.091	31	-0.107
alphamojo-supertrend-strategy-ha-with-buffer/family7	15m	1	6	-0.143	-0.9	2	-0.363	4	-0.034	11	-0.127
macd-crossover-strategy/family7	15m	5	29	0.121	3.5	18	0.293	11	-0.161	98	-0.147
expma-analysis/family7	15m	2	15	0.284	4.3	6	0.838	9	-0.085	17	-0.250
tjr-v4-strategy/family7	15m	4	9	0.468	4.2	8	0.641	1	-0.915	53	-0.120
scalping-london-new-york-strategy/family7	15m	3	79	0.095	7.5	41	0.266	38	-0.089	93	-0.113
serhan1-wma-rsi-trailing-scalp-date-filter/family7	15m	2	15	0.193	2.9	8	0.368	7	-0.007	25	-0.020
market-breadth-trend-strategy/family7	15m	2	73	0.121	8.8	38	0.300	35	-0.074	83	-0.170
serhan-1-wma-adx-trailing-date-filter/family7	15m	2	11	0.275	3.0	5	0.310	6	0.246	17	-0.028
15m-nifty-multi-day-swing-target-engine-v1-0/family7	15m	2	16	0.041	0.7	7	-0.372	9	0.363	24	-0.050
twe-2-bar-break-strategy/family7	15m	2	106	0.070	7.4	53	0.208	53	-0.069	162	-0.200
manoj-betrayed-me/family7	15m	2	35	0.292	10.2	19	0.195	16	0.408	55	-0.067
double-tap/family7	15m	2	16	0.016	0.2	8	0.272	8	-0.241	21	-0.291
btcusd-4h-ema-swing-strategy/family7	15m	4	5	0.948	4.7	2	2.354	3	0.010	23	-0.041
session-king-alma-with-session-filter/family7	15m	1	24	0.215	5.2	13	0.501	11	-0.123	28	0.033
simple-breakout-strategy-santana/family7	15m	4	9	0.072	0.7	7	0.193	2	-0.352	45	-0.220
ahlenaz/family7	15m	2	21	0.431	9.1	9	0.903	12	0.078	38	-0.077
ema-40-pullback-pyramid-strategy/family7	15m	6	7	0.102	0.7	4	0.529	3	-0.467	119	-0.143
ll-momentum-and-curl-master/family7	15m	2	25	0.593	14.8	15	0.966	10	0.033	31	-0.326
fair-value-gap-strategy/family7	15m	3	95	0.051	4.8	46	0.212	49	-0.100	145	-0.218
new-era-strategy-1-0/family7	15m	1	10	0.165	1.7	3	-0.264	7	0.349	13	-0.143
nse-elite-strategy-v6-full-system/family7	15m	1	11	-0.043	-0.5	7	0.033	4	-0.174	10	-0.185
the-greatest-bot-ever-made-pmt-apex-edition/family7	15m	4	17	0.334	5.7	13	0.184	4	0.822	54	-0.022
the-greatest-bot-ever-made-pmt-apex-edition-tv-strategies/family7	15m	4	17	0.334	5.7	13	0.184	4	0.822	54	-0.022
katana-v5-pro-fvg-50-model/family7	15m	2	13	0.563	7.3	6	1.449	7	-0.195	24	-0.303
quanloki-qqe-system-opposite-signal-only-points/family7	15m	4	18	0.438	7.9	11	0.411	7	0.480	60	-0.073
adaptive-multi-factor-v1-update-9-years/family7	15m	4	38	0.299	11.4	27	0.384	11	0.091	106	-0.289
silver-surfer/family7	15m	3	93	0.032	3.0	45	0.192	48	-0.118	144	-0.224
atm-adaptive-zone-momentum-scalper-1h/family7	15m	4	74	0.018	1.3	40	0.227	34	-0.227	353	-0.156
ema-9-vwap-strategy-with-atr-trailing-stop-win-the-trade/family7	15m	6	2	0.745	1.5	1	0.826	1	0.663	41	-0.153
atm/family7	15m	4	74	0.018	1.3	40	0.227	34	-0.227	353	-0.156
fast-scalper-with-stops/family7	15m	4	30	0.081	2.4	21	0.026	9	0.210	86	-0.137
fast-scalper-with-stops-tv-strategies/family7	15m	4	30	0.081	2.4	21	0.026	9	0.210	86	-0.137
fast-scalper-with-stops-tv-strategies-cg3o8g9a/family7	15m	4	27	-0.157	-4.3	13	0.135	14	-0.429	49	-0.201
adaptive-multi-facto-9-years/family7	15m	5	27	0.546	14.8	19	0.555	8	0.525	71	-0.242
fast-scalper-with-stops-tv-strategies-mcwal9oa/family7	15m	4	30	0.081	2.4	21	0.026	9	0.210	86	-0.137
sttrend-tp-lock-added/family7	15m	2	7	-0.337	-2.4	1	-1.000	6	-0.227	28	-0.143
9-ema-20-ema-retest-strategy/family7	15m	2	23	-0.015	-0.3	14	0.069	9	-0.146	25	-0.126
clean-vwap-zl-scalper-single-trigger-by-david/family7	15m	6	3	0.521	1.6	1	0.303	2	0.630	76	-0.184
clean-vwap-zl-scalper-single-trigger-by-sandip/family7	15m	6	3	0.521	1.6	1	0.303	2	0.630	76	-0.184
spike-ea-trade-strategy/family7	15m	4	88	-0.042	-3.7	52	0.158	36	-0.332	365	-0.195
good-luck/family7	15m	4	9	-0.101	-0.9	5	0.603	4	-0.980	26	-0.386
nasdaq-oro-bruto-24h-mejorada/family7	15m	2	28	0.364	10.2	14	0.621	14	0.107	56	-0.152
nasdaq-nq-24h-mejorada/family7	15m	2	28	0.364	10.2	14	0.621	14	0.107	56	-0.152
concordance-execution-model/family7	15m	2	26	0.437	11.4	13	1.002	13	-0.127	33	-0.160
zr-grizzly/family7	15m	6	9	-0.051	-0.5	6	0.086	3	-0.324	54	-0.236
caldera-meridian-strategy/family7	15m	2	34	0.261	8.9	18	0.322	16	0.193	37	-0.199
frosty-alerts/family7	15m	4	97	0.058	5.6	52	0.323	45	-0.249	335	-0.146
enso-usdt-12h-trend-pullback-sniper/family7	15m	4	6	-0.296	-1.8	5	-0.402	1	0.233	19	-0.311
sebbiottino-trailing-stop-so-good-ger40-1m/family7	15m	3	53	0.087	4.6	25	0.268	28	-0.074	86	-0.098
tradingview-bot-trailing-15-min/family7	15m	2	9	0.040	0.4	4	0.283	5	-0.154	21	-0.070
ut-bot-shah-200-50-ema/family7	15m	2	16	0.330	5.3	7	0.963	9	-0.163	20	-0.416
tradingview-bot-goat/family7	15m	2	9	0.040	0.4	4	0.283	5	-0.154	21	-0.070
my-strategy-9/family7	15m	4	9	0.072	0.7	7	0.193	2	-0.352	45	-0.220
regime-execution-strategy/family7	15m	4	8	0.007	0.1	8	0.007	0	0.000	33	-0.126
gold-ai-strategy-v2-0/family7	15m	1	25	0.191	4.8	14	0.037	11	0.388	17	0.295
nas100-sp500-turtle-soup-ny-v4-fixed/family7	15m	1	15	0.048	0.7	8	0.173	7	-0.094	12	-0.103
zeta9-v6/family7	15m	4	36	-0.099	-3.6	18	0.266	18	-0.464	104	-0.306
btc-averages-strategy-long-short/family7	15m	1	25	-0.043	-1.1	11	0.071	14	-0.133	26	-0.218
20-200-sma-strategy/family7	15m	5	28	-0.178	-5.0	8	0.208	20	-0.333	117	-0.143
liquidity-entry-zones-strategy-2-0/family7	15m	6	8	-0.377	-3.0	3	0.011	5	-0.609	75	-0.227
ultimate-smc-emas-day-trading-strategy/family7	15m	1	18	0.080	1.4	11	0.385	7	-0.398	9	-0.523
concordance-allocation-strategy/family7	15m	1	32	0.321	10.3	16	0.254	16	0.387	40	0.097
amit-eth-strategy/family7	15m	4	12	0.110	1.3	11	0.203	1	-0.915	41	-0.069
amit-eth-strategy-tv-strategies/family7	15m	4	12	0.110	1.3	11	0.203	1	-0.915	41	-0.069
moja-strategia-harami-bb/family7	15m	4	24	-0.118	-2.8	10	0.198	14	-0.344	54	-0.162
moja-strategia-harami-bb-tv-strategies/family7	15m	4	24	-0.118	-2.8	10	0.198	14	-0.344	54	-0.162
silverstream-v2/family7	15m	4	36	0.242	8.7	23	0.581	13	-0.359	89	-0.268
mgc-wyckoff-second-breakout-v3-candle-rr/family7	15m	2	41	0.467	19.2	22	0.659	19	0.245	62	-0.065
5m-sol-scalper-ha-lorentzian/family7	15m	2	17	-0.279	-4.7	9	-0.455	8	-0.081	30	-0.299
asian-box-breakout-strategy/family7	15m	1	11	-0.123	-1.4	6	-0.334	5	0.130	10	0.089
bollinger-bands-rsi-live-radar-strategy/family7	15m	6	11	-0.362	-4.0	6	-0.048	5	-0.740	14	-0.129
concord-execution-mandate/family7	15m	4	32	-0.035	-1.1	17	0.148	15	-0.242	97	-0.236
super-rsi-strategy/family7	15m	5	41	0.220	9.0	28	0.354	13	-0.068	143	-0.171
super-rsi-strategy-tv-strategies-nng1sppd/family7	15m	5	41	0.220	9.0	28	0.354	13	-0.068	143	-0.171
super-rsi-strategy-tv-strategies/family7	15m	5	41	0.220	9.0	28	0.354	13	-0.068	143	-0.171
box-breakout-strategy-dt4b-trader/family7	15m	2	34	0.256	8.7	17	0.600	17	-0.089	71	-0.308
sma-strategy/family7	15m	3	94	0.079	7.5	47	0.262	47	-0.103	168	-0.200
3commas-pullback-sniper-strategy/family7	15m	1	25	0.065	1.6	14	-0.201	11	0.404	14	0.271
big-daddy-max-orb-strategy/family7	15m	3	16	0.440	7.0	8	1.126	8	-0.247	18	-0.185
ttm-momentum-histo-9-ema-21-ema-debit-spread-script/family7	15m	4	10	-0.035	-0.3	8	0.044	2	-0.352	52	-0.218
beginner-trend-risk-model-ema-rsi/family7	15m	4	12	0.221	2.6	10	0.171	2	0.469	78	-0.168
rr-master-lc/family7	15m	4	5	1.357	6.8	3	2.374	2	-0.169	18	-0.211
ai-triple-confirmation-strategy/family7	15m	2	24	0.226	5.4	12	0.541	12	-0.089	35	-0.038
parallax-covenant-strategy/family7	15m	2	53	-0.074	-3.9	27	0.049	26	-0.203	77	-0.186
decoded-volatility-expansion/family7	15m	1	13	0.705	9.2	5	2.122	8	-0.181	26	-0.149
ema-dmi-macd-rsi-strategy/family7	15m	2	18	0.287	5.2	8	1.325	10	-0.544	35	-0.295
albtrader-nq-beast-supertrend-macd-rsi/family7	15m	5	9	0.440	4.0	9	0.440	0	0.000	24	-0.027
simple-smart-buy-sell-strategy/family7	15m	4	27	0.025	0.7	19	0.096	8	-0.142	93	-0.194
options-momentum-bias-strategy-v2/family7	15m	2	12	0.131	1.6	9	0.363	3	-0.563	20	-0.294
strategy-461-ts-m15/family7	15m	6	8	-0.458	-3.7	3	0.015	5	-0.741	49	-0.047
take-liquidity-multi-time-frame-tradesystem/family7	15m	1	10	0.617	6.2	3	0.122	7	0.829	9	0.556
lvn-rejection-acceptance-strategy/family7	15m	2	43	0.389	16.7	21	0.512	22	0.271	71	-0.197
autotrade-bot-v12/family7	15m	4	17	-0.133	-2.3	11	0.106	6	-0.572	20	-0.165
adaptive-s-r-reversal-rsi-divergence-dca-be-stop-5m/family7	15m	3	11	-0.173	-1.9	5	0.038	6	-0.350	20	-0.412
albtrader-nq-btc-gold-multi-tf-signal-bot-v2/family7	15m	1	21	0.025	0.5	9	0.179	12	-0.090	32	-0.295
nq-scalp-fix-signals/family7	15m	2	23	0.206	4.7	13	0.632	10	-0.348	35	-0.253
ema-crossx/family7	15m	4	11	0.126	1.4	6	0.083	5	0.176	19	-0.083
scalping-reversal-strategy/family7	15m	1	33	0.089	3.0	16	0.177	17	0.007	23	0.028
strategy-432-btc-donchian-breakout-continuation/family7	15m	1	40	0.015	0.6	18	0.371	22	-0.276	24	-0.333
strategy-250-xauusd-composite-quality-score/family7	15m	2	15	-0.148	-2.2	4	0.192	11	-0.271	22	-0.318
scalping-entry-exit-indicator-by-diget/family7	15m	4	57	0.218	12.4	31	0.683	26	-0.337	220	-0.189
scalping-ichimoku/family7	15m	2	10	-0.010	-0.1	6	-0.121	4	0.156	23	-0.197
scalper-s-moving-average-dyna/family7	15m	4	8	1.402	11.2	8	1.402	0	0.000	44	0.045
thrax-quickstrike-5-mins-scalping/family7	15m	2	15	0.271	4.1	8	-0.040	7	0.627	25	0.208
9-15-ema-scalper/family7	15m	2	19	-0.000	-0.0	11	0.080	8	-0.111	29	-0.319
parabolic-sar-heikin-ashi-mtf-candle-scalper/family7	15m	4	7	0.439	3.1	5	1.014	2	-1.000	68	-0.180
scalpers-macd-vwap-filter/family7	15m	4	7	0.158	1.1	5	0.342	2	-0.303	33	0.030
oink-test/family7	15m	1	11	-0.194	-2.1	5	-0.308	6	-0.098	13	-0.584
swing-reversal-auto-targets-jpt-module-1/family7	15m	2	37	0.319	11.8	15	0.606	22	0.123	62	-0.128
swing-failure-pattern-sfp-engine-agpro-series/family7	15m	1	15	-0.543	-8.1	7	-0.251	8	-0.799	15	-0.440
swing-gradient-tpos-boswaves/family7	15m	4	18	0.216	3.9	10	0.587	8	-0.247	42	-0.282
contrarian-scalping-counter-trend-bb-envelope-adx-and-stochastic/family7	15m	5	119	0.016	1.9	59	0.257	60	-0.221	0	0.000
ms-hypersupertrend/family7	15m	2	15	0.018	0.3	6	0.574	9	-0.352	16	-0.245
fast-v-slow-moving-averages-strategy-variable-divonn1994/family7	15m	1	9	-0.020	-0.2	2	0.686	7	-0.222	28	-0.207
god-of-scalping-btc/family7	15m	4	10	0.322	3.2	8	0.641	2	-0.955	49	-0.170
clean-multi-indicator-alignment-system/family7	15m	2	27	-0.131	-3.5	16	0.069	11	-0.422	45	-0.113
market-direction-strength-mds/family7	15m	2	40	0.453	18.1	22	0.640	18	0.226	68	-0.128
concordance-strategy/family7	15m	4	7	-0.401	-2.8	3	-0.011	4	-0.693	12	-0.352
consensus/family3	1h	2	57	0.085	4.8	32	0.183	25	-0.042		
consensus/family3	1h	3	47	0.042	2.0	21	0.144	26	-0.041		
abcd-harmonic-projection/family3	1h	1	21	-0.157	-3.3	8	-0.245	13	-0.103	23	-0.057
stealthtrail-supertrend/family3	1h	2	14	0.216	3.0	9	0.113	5	0.400	41	-0.078
swing-volume-profile-pro/family3	1h	1	38	0.254	9.7	16	0.174	22	0.312	40	0.081
pulse-trend-radar/family3	1h	1	23	0.167	3.8	11	0.594	12	-0.223	28	-0.167
dynamic-trend-bands-anchored-vwap-signals/family3	1h	1	19	0.106	2.0	4	0.246	15	0.068	32	-0.178
pivot-channel-breaks/family3	1h	1	16	0.262	4.2	8	0.689	8	-0.166	22	0.025
triangular-hull-moving-average-volatility/family3	1h	1	28	0.061	1.7	13	0.544	15	-0.357	27	-0.156
stealthtrail-supertrend-ml-pro/family3	1h	1	40	-0.038	-1.5	18	-0.143	22	0.048	37	-0.017
smart-swing-vwap-zeiierman/family3	1h	1	21	-0.061	-1.3	8	-0.356	13	0.120	27	-0.153
supertrend-cluster-zeiierman/family3	1h	1	26	-0.106	-2.8	11	-0.132	15	-0.087	30	-0.218
market-memory-average-zeiierman/family3	1h	1	30	0.027	0.8	13	0.139	17	-0.058	39	-0.169
session-killzones-breakouts/family3	1h	1	71	-0.007	-0.5	34	0.048	37	-0.057	82	-0.049
volume-supertrend-ai-expo/family3	1h	1	18	0.036	0.6	8	0.575	10	-0.396	27	-0.320
ai-predictive-flow-zeiierman/family3	1h	2	25	0.109	2.7	14	0.288	11	-0.119	117	-0.285
momentum-sequence-strategy/family3	1h	1	10	0.204	2.0	4	-0.542	6	0.701	9	1.261
anchored-value-distribution-oscillator-zeiierman/family3	1h	1	151	0.070	10.6	59	0.262	92	-0.053	255	-0.147
trend-survival-matrix/family3	1h	1	27	-0.113	-3.0	12	0.093	15	-0.277	31	-0.305
smart-flow-imbalance/family3	1h	1	28	-0.510	-14.3	14	-0.567	14	-0.453	34	-0.373
ema-trend-pro/family3	1h	1	13	-0.310	-4.0	7	-0.263	6	-0.365	15	-0.411
ema-trend-signals/family3	1h	1	27	-0.113	-3.0	12	0.093	15	-0.277	31	-0.305
trend-pullback-guard/family3	1h	1	36	-0.035	-1.3	20	-0.147	16	0.104	58	-0.079
adaptive-atr-extension-scanner/family3	1h	1	23	0.035	0.8	11	0.039	12	0.031	36	0.313
rsi-market-regime/family3	1h	1	64	0.040	2.5	30	0.141	34	-0.050	59	-0.079
sams-early-morning-range-lines/family3	1h	1	28	-0.007	-0.2	15	0.198	13	-0.243	31	-0.032
machine-learning-rsi-ai-classification-ranking-zeiierman/family3	1h	1	38	-0.021	-0.8	18	0.074	20	-0.107	34	-0.055
btc-ema-5-9-flip-strategy-autobot/family3	1h	1	7	-0.015	-0.1	4	0.218	3	-0.327	14	-0.637
swing-multi-moving-averages-crypto-and-stocks-strategy/family3	1h	1	112	0.140	15.7	56	0.193	56	0.088	124	-0.009
trendsync-pro-smc/family3	1h	1	18	-0.029	-0.5	10	0.048	8	-0.125	18	-0.138
williams-r-zone-scalper-v1-0-bullbyte/family3	1h	1	25	0.024	0.6	11	0.217	14	-0.127	35	-0.179
weekend-hunter-ultimate-v6-2/family3	1h	2	5	-0.107	-0.5	5	-0.107	0	0.000	25	-0.049
smart-grid-scalping-pullback-strategy-bullbyte/family3	1h	1	28	0.051	1.4	13	0.222	15	-0.098	19	-0.197
macd-pullback-sniper-trend-adx-filtered-strategy/family3	1h	1	17	0.131	2.2	7	0.136	10	0.127	14	0.127
pro-scalper-ai-bullbyte/family3	1h	2	59	-0.011	-0.7	25	0.045	34	-0.052	149	-0.161
ema-pullback-trend-continuation-strategy-with-volume-and-momentu/family3	1h	1	22	0.355	7.8	11	0.414	11	0.295	26	-0.285
execution-aware-trend/family3	1h	1	18	0.224	4.0	11	0.528	7	-0.254	17	0.085
channel-reversion-system/family3	1h	1	8	-0.127	-1.0	6	-0.259	2	0.269	13	-0.067
slope-ma-cross-acc-range-filter/family3	1h	1	22	-0.030	-0.7	18	-0.027	4	-0.044	29	-0.041
trendshift-supertrend-adx-regime-adaptive-strategy/family3	1h	1	37	-0.113	-4.2	20	-0.074	17	-0.158	26	-0.215
vwap-trend-momentum/family3	1h	1	15	0.137	2.1	9	0.361	6	-0.199	17	-0.093
dnse-vn301-sma-34-89-dual-slope-strategy/family3	1h	1	32	0.061	1.9	14	0.303	18	-0.128	69	-0.104
fair-value-gap-strategy-with-break-of-structure-confirmation/family3	1h	1	39	-0.001	-0.0	26	0.209	13	-0.419	44	-0.076
bist30-to-sp-500-atr-momentum-rider/family3	1h	1	35	0.174	6.1	16	0.352	19	0.023	39	-0.139
elite-hybrid-orb/family3	1h	1	22	-0.195	-4.3	12	-0.083	10	-0.330	30	0.131
tradleware-dca/family3	1h	1	36	0.081	2.9	21	0.293	15	-0.216	44	0.202
ultimate-prop-firm/family3	1h	1	17	0.157	2.7	7	0.388	10	-0.005	18	0.160
cloud-pro-ichimoku-confluence/family3	1h	2	12	0.036	0.4	8	-0.145	4	0.397	56	-0.003
pg-mcx-silver-long-v6-mtf-momentum-profit-trailing/family3	1h	2	7	1.133	7.9	4	1.125	3	1.144	89	0.004
nnfx-btc-ssl-qqe-signalforge/family3	1h	1	98	-0.117	-11.5	42	0.070	56	-0.258	117	-0.285
z-edge-confluence-z-score-strategy/family3	1h	1	60	0.004	0.3	31	0.096	29	-0.094	52	-0.084
hyperliquid-ready-webhook-strategy-template/family3	1h	1	29	-0.110	-3.2	13	0.152	16	-0.322	31	-0.305
daybreak-strategy/family3	1h	1	56	0.043	2.4	25	0.173	31	-0.062	59	-0.120
tp-sl-toolkit/family3	1h	1	82	0.036	2.9	35	0.227	47	-0.107	81	-0.148
vwap-suite-trend-mean-reversion-with-adaptive-filters/family3	1h	3	8	0.461	3.7	5	-0.019	3	1.261	21	0.067
webhook-alert-strategy-template/family3	1h	1	26	0.044	1.1	12	0.068	14	0.023	37	-0.022
fractal-memory-strategy/family3	1h	1	9	-0.230	-2.1	6	-0.078	3	-0.534	9	-0.565
adaptive-atr-scalper-instant-lock-version/family3	1h	1	17	-0.336	-5.7	9	-0.448	8	-0.211	19	-0.358
btc-trend-momentum-strategy/family3	1h	1	20	0.250	5.0	8	0.376	12	0.166	23	-0.009
super-trend-signal-engine-quantum-edge/family3	1h	1	41	-0.170	-7.0	21	-0.190	20	-0.149	32	-0.210
donchian-breakout-with-atr-trailing-stop-trend-following/family3	1h	1	23	0.337	7.7	10	0.534	13	0.185	33	0.422
dual-bollinger-band-cross-strategy-v6/family3	1h	1	58	0.002	0.1	29	0.045	29	-0.042	57	-0.042
optimized-doji-breakout-strategy-short-only-v6/family3	1h	1	51	0.009	0.5	25	0.243	26	-0.216	41	-0.257
smoothed-heiken-ashi-strategy-v1/family3	1h	1	34	0.067	2.3	17	0.223	17	-0.089	33	-0.107
xau-clear-ema-atr-strategy-tp-sl-voice-v6-clean-tp/family3	1h	1	29	0.110	3.2	11	0.018	18	0.166	52	-0.200
xau-clear-ema-atr-strategy-tp-sl-voice-v6/family3	1h	1	29	0.110	3.2	11	0.018	18	0.166	52	-0.200
smc-clean-4h-zones-center-labels-hh-hl-ll-lh/family3	1h	2	58	0.167	9.7	32	0.237	26	0.081	636	-0.090
apex-fusion-ai-smart-trend-engine/family3	1h	2	8	0.273	2.2	6	-0.083	2	1.339	64	0.029
bps-v17-strong-trend-filter/family3	1h	1	24	0.270	6.5	11	0.288	13	0.256	29	-0.081
bps-v17-strong-trend-filter-tv-strategies/family3	1h	1	24	0.270	6.5	11	0.288	13	0.256	29	-0.081
btc-8am-pattern-breakout-instant-entry/family3	1h	3	29	-0.001	-0.0	13	0.101	16	-0.083	111	-0.167
vwap-points-percent-ticks-strategy/family3	1h	2	64	-0.002	-0.1	32	0.061	32	-0.065	311	-0.111
pm-range-breakout-retest-fade/family3	1h	1	17	-0.353	-6.0	7	-0.802	10	-0.039	19	0.162
vwap-stdev-bands-reversal-strategy/family3	1h	3	24	-0.161	-3.9	10	0.067	14	-0.325	63	-0.188
bollinger-squeeze-breakout-volume/family3	1h	1	28	0.040	1.1	13	-0.037	15	0.106	32	-0.045
hard-entry-exit-rules/family3	1h	1	15	-0.151	-2.3	9	-0.216	6	-0.055	15	0.418
arbf-strategy-v1-8/family3	1h	1	35	0.136	4.8	15	0.269	20	0.037	48	-0.083
xauusd-hull-pullback-tester-2-0/family3	1h	1	34	0.028	0.9	18	0.226	16	-0.195	35	0.138
reverse-bb-kc/family3	1h	2	13	0.179	2.3	6	0.681	7	-0.251	30	-0.101
mcginley-t3-flow-campaign-nick789-v-1/family3	1h	1	15	0.168	2.5	8	0.289	7	0.030	27	-0.105
tomukas-daily-scale-in/family3	1h	1	19	0.047	0.9	4	0.375	15	-0.040	26	-0.066
trend-persistence-analysis-framework/family3	1h	1	47	0.045	2.1	24	0.004	23	0.087	93	0.037
ewo-rsi-advanced-signals-strategy-exhaustion-filter/family3	1h	2	34	-0.172	-5.8	14	0.113	20	-0.370	42	-0.129
hemant-gold-strategy/family3	1h	1	23	-0.189	-4.3	14	-0.242	9	-0.107	33	-0.151
high-activity-penny-stock-strategy-v6/family3	1h	1	23	0.172	4.0	11	0.595	12	-0.216	20	-0.303
bb-kc-squeeze-breakout/family3	1h	2	8	0.413	3.3	5	0.300	3	0.602	24	0.400
kaufman-moving-average-adaptive-strategy-by-mkb/family3	1h	1	44	-0.047	-2.1	21	0.127	23	-0.206	47	-0.249
ac20-55emagdcrosstest/family3	1h	1	25	-0.022	-0.5	10	0.006	15	-0.040	39	-0.210
ai-slop-holy-grail-trap-btc-1h-non-repainting-overfit/family3	1h	1	14	-0.142	-2.0	3	0.281	11	-0.257	18	-0.277
bollinger-bands-simple-strategy/family3	1h	2	28	0.309	8.7	15	0.301	13	0.319	79	-0.052
adaptive-dual-engine-strategy-momentum-mean-reversion/family3	1h	3	36	-0.250	-9.0	16	-0.115	20	-0.358	145	-0.151
estrategia-dpo-artedejubilarte/family3	1h	1	44	-0.199	-8.8	18	0.182	26	-0.463	51	-0.418
nasrul-fib-sr-m5/family3	1h	1	37	0.130	4.8	14	0.215	23	0.079	78	-0.107
volatility-surge-strategy/family3	1h	1	20	-0.247	-4.9	9	-0.129	11	-0.344	28	-0.222
master-structural-engine/family3	1h	1	14	0.363	5.1	3	1.500	11	0.053	22	-0.050
yuri-garcia-narrow-state-strategy-ygils/family3	1h	1	8	-0.026	-0.2	3	0.286	5	-0.212	26	-0.344
9-21ema-anji/family3	1h	1	14	-0.266	-3.7	6	-0.193	8	-0.320	13	-0.380
supertrend-bb-strategy/family3	1h	3	12	0.173	2.1	8	-0.053	4	0.624	28	-0.002
engulfing-mitigation-strategy/family3	1h	2	48	-0.060	-2.9	28	0.125	20	-0.320	172	-0.125
vumanchu-wt-zero-cross-strategy-v1-2-2/family3	1h	1	86	0.005	0.5	37	0.248	49	-0.178	91	-0.174
vumanchu-wt-zero-cross-strategy-v1-2-3/family3	1h	1	72	0.010	0.7	31	0.317	41	-0.222	57	-0.234
bb-macd-v6-1-5-qing-smart-distribution/family3	1h	2	12	0.326	3.9	8	-0.055	4	1.087	45	0.024
vumanchu-wt-zero-cross-v1-1b/family3	1h	1	86	0.005	0.5	37	0.248	49	-0.178	91	-0.174
vishall-ema-9-20-50-200-dmi-adx-strategy/family3	1h	1	14	0.114	1.6	7	0.194	7	0.034	29	-0.141
obs-volume-spike-reaction-fade/family3	1h	1	16	-0.013	-0.2	6	-0.340	10	0.182	19	-0.211
nifty-supertrend-ce-strategy-alice-blue/family3	1h	3	13	0.082	1.1	8	-0.053	5	0.299	33	-0.072
velocity-breakout-strategy-vbs/family3	1h	2	12	-0.200	-2.4	8	0.200	4	-1.000	40	-0.185
ultimate-pattern-engine-ema-stochastic-by-rony/family3	1h	2	18	0.110	2.0	11	0.586	7	-0.638	171	-0.155
fair-value-gap-continuation-framework/family3	1h	1	91	-0.032	-2.9	45	0.124	46	-0.184	128	-0.250
pm-range-breakout-retest-fade-tv-strategies/family3	1h	1	17	-0.353	-6.0	7	-0.802	10	-0.039	19	0.162
tjr-v4-strategy/family3	1h	1	130	-0.020	-2.6	60	0.176	70	-0.188	157	-0.178
surgical-sweep-original-restored/family3	1h	1	23	-0.255	-5.9	10	-0.227	13	-0.277	23	-0.034
qqe-channel-strategy/family3	1h	1	67	0.016	1.1	30	0.123	37	-0.071	66	-0.259
ut-bot-v2-atr-trailing-stop/family3	1h	1	131	0.112	14.6	62	0.128	69	0.097	149	-0.126
egan-s-pure-structure-s-d-strategy-backtest/family3	1h	1	73	-0.105	-7.7	34	-0.174	39	-0.045	102	-0.113
sma-4-sma-30/family3	1h	1	80	-0.002	-0.2	33	0.170	47	-0.123	83	-0.136
europon-reversal-fx-rush-ver2-strategy/family3	1h	3	38	-0.178	-6.8	17	0.191	21	-0.477	150	-0.036
dca-grid-15-orders-1-1-step-1-8-tp/family3	1h	1	28	-0.106	-3.0	4	0.174	24	-0.153	61	0.050
institutional-ob-entry-exit-sl-strategy/family3	1h	1	16	0.157	2.5	9	0.415	7	-0.175	16	-0.039
smart-trend-strategy-julzalgo/family3	1h	1	33	-0.136	-4.5	16	-0.238	17	-0.039	36	-0.120
supertrend-strategy/family3	1h	3	13	0.082	1.1	8	-0.053	5	0.299	35	-0.117
macd-crossover-strategy/family3	1h	3	35	-0.127	-4.5	15	-0.119	20	-0.133	122	-0.175
scalping-london-new-york-strategy/family3	1h	2	29	0.026	0.7	15	0.279	14	-0.245	122	-0.186
strategy-validation-framework-standardised-atr-exits-1-ris/family3	1h	1	29	0.186	5.4	13	0.340	16	0.061	24	0.068
serhan1-wma-rsi-trailing-scalp-date-filter/family3	1h	1	42	-0.192	-8.1	16	0.249	26	-0.463	51	-0.342
market-breadth-trend-strategy/family3	1h	1	77	-0.049	-3.8	37	0.149	40	-0.233	96	-0.022
session-king-alma-with-session-filter/family3	1h	1	25	-0.231	-5.8	12	-0.331	13	-0.139	35	-0.035
twe-2-bar-break-strategy/family3	1h	1	154	-0.023	-3.6	75	0.149	79	-0.187	214	-0.185
15m-nifty-multi-day-swing-target-engine-v1-0/family3	1h	1	17	0.287	4.9	8	0.759	9	-0.132	18	0.002
manoj-betrayed-me/family3	1h	1	65	0.146	9.5	32	0.307	33	-0.010	79	-0.011
double-tap/family3	1h	1	40	0.030	1.2	23	0.195	17	-0.194	51	-0.222
btcusd-4h-ema-swing-strategy/family3	1h	1	33	-0.041	-1.4	14	0.428	19	-0.387	29	-0.213
simple-breakout-strategy-santana/family3	1h	2	14	0.539	7.5	8	0.704	6	0.318	62	0.039
ahlenaz/family3	1h	1	21	0.162	3.4	11	0.462	10	-0.167	23	0.174
ema-40-pullback-pyramid-strategy/family3	1h	1	122	0.070	8.6	57	0.179	65	-0.025	185	-0.172
fair-value-gap-strategy/family3	1h	2	42	-0.149	-6.2	24	-0.150	18	-0.147	139	-0.108
katana-v5-pro-fvg-50-model/family3	1h	1	20	0.124	2.5	11	0.157	9	0.082	30	0.151
the-greatest-bot-ever-made-pmt-apex-edition/family3	1h	2	13	-0.050	-0.7	10	0.060	3	-0.416	59	-0.063
the-greatest-bot-ever-made-pmt-apex-edition-tv-strategies/family3	1h	2	13	-0.050	-0.7	10	0.060	3	-0.416	59	-0.063
quanloki-qqe-system-opposite-signal-only-points/family3	1h	1	73	-0.101	-7.4	30	0.006	43	-0.176	77	-0.247
adaptive-multi-factor-v1-update-9-years/family3	1h	1	126	-0.063	-7.9	54	0.010	72	-0.117	160	-0.205
silver-surfer/family3	1h	2	40	-0.148	-5.9	24	-0.150	16	-0.145	136	-0.097
atm-adaptive-zone-momentum-scalper-1h/family3	1h	1	221	-0.007	-1.5	107	0.018	114	-0.029	434	-0.094
ema-9-vwap-strategy-with-atr-trailing-stop-win-the-trade/family3	1h	2	43	0.192	8.2	20	0.451	23	-0.033	181	-0.094
atm/family3	1h	1	221	-0.007	-1.5	107	0.018	114	-0.029	434	-0.094
adaptive-multi-facto-9-years/family3	1h	1	87	-0.022	-1.9	40	0.142	47	-0.161	84	-0.178
fast-scalper-with-stops/family3	1h	3	29	-0.084	-2.4	12	-0.009	17	-0.137	148	-0.245
fast-scalper-with-stops-tv-strategies/family3	1h	3	29	-0.084	-2.4	12	-0.009	17	-0.137	148	-0.245
fast-scalper-with-stops-tv-strategies-cg3o8g9a/family3	1h	2	25	0.077	1.9	13	0.079	12	0.074	57	-0.093
sttrend-tp-lock-added/family3	1h	1	40	-0.150	-6.0	20	-0.150	20	-0.149	32	-0.210
fast-scalper-with-stops-tv-strategies-mcwal9oa/family3	1h	3	29	-0.084	-2.4	12	-0.009	17	-0.137	148	-0.245
es-1m-3m-momentum-signal-flip-exits/family3	1h	1	17	-0.185	-3.2	5	0.301	12	-0.388	19	-0.389
9-ema-20-ema-retest-strategy/family3	1h	1	47	-0.055	-2.6	27	0.076	20	-0.232	60	-0.268
clean-vwap-zl-scalper-single-trigger-by-sandip/family3	1h	1	138	-0.055	-7.6	60	0.009	78	-0.104	185	-0.147
clean-vwap-zl-scalper-single-trigger-by-david/family3	1h	1	138	-0.055	-7.6	60	0.009	78	-0.104	185	-0.147
good-luck/family3	1h	1	20	-0.111	-2.2	11	-0.081	9	-0.146	38	-0.260
spike-ea-trade-strategy/family3	1h	2	85	0.023	1.9	41	0.227	44	-0.168	404	-0.092
nasdaq-oro-bruto-24h-mejorada/family3	1h	1	37	0.125	4.6	17	0.154	20	0.100	47	0.357
nasdaq-nq-24h-mejorada/family3	1h	1	37	0.125	4.6	17	0.154	20	0.100	47	0.357
zr-grizzly/family3	1h	1	61	-0.027	-1.6	29	0.002	32	-0.054	57	-0.096
concordance-execution-model/family3	1h	1	11	-0.343	-3.8	2	-0.987	9	-0.200	32	0.339
frosty-alerts/family3	1h	2	110	-0.040	-4.4	59	0.035	51	-0.126	642	-0.131
caldera-meridian-strategy/family3	1h	1	22	0.076	1.7	11	-0.155	11	0.307	43	-0.252
enso-usdt-12h-trend-pullback-sniper/family3	1h	1	11	0.741	8.2	3	0.072	8	0.992	21	0.198
sebbiottino-trailing-stop-so-good-ger40-1m/family3	1h	1	78	0.066	5.2	41	0.097	37	0.032	100	-0.214
my-strategy-9/family3	1h	2	14	0.539	7.5	8	0.704	6	0.318	62	0.039
helios-institutional-synthesis-strategy/family3	1h	2	27	0.103	2.8	16	-0.000	11	0.253	43	0.161
nas100-sp500-turtle-soup-ny-v4-fixed/family3	1h	2	19	0.017	0.3	9	0.608	10	-0.514	41	-0.128
regime-execution-strategy/family3	1h	1	26	0.016	0.4	19	-0.176	7	0.536	31	-0.367
gold-ai-strategy-v2-0/family3	1h	1	18	-0.398	-7.2	7	-0.501	11	-0.333	39	-0.231
zeta9-v6/family3	1h	2	34	-0.295	-10.0	14	-0.052	20	-0.465	127	-0.108
20-200-sma-strategy/family3	1h	1	52	0.033	1.7	16	0.242	36	-0.060	94	-0.326
liquidity-entry-zones-strategy-2-0/family3	1h	1	104	0.065	6.7	56	0.118	48	0.003	101	-0.161
btc-averages-strategy-long-short/family3	1h	1	42	0.163	6.8	17	0.595	25	-0.131	51	-0.146
concordance-allocation-strategy/family3	1h	1	37	-0.129	-4.8	14	-0.063	23	-0.169	46	-0.163
sr-chart-pattern-scalper-v1/family3	1h	1	17	-0.186	-3.2	11	-0.181	6	-0.196	24	-0.217
amit-eth-strategy/family3	1h	2	8	-0.451	-3.6	2	-1.000	6	-0.267	55	-0.342
amit-eth-strategy-tv-strategies/family3	1h	2	8	-0.451	-3.6	2	-1.000	6	-0.267	55	-0.342
moja-strategia-harami-bb/family3	1h	3	25	0.050	1.2	10	0.057	15	0.045	55	0.025
inside-day-breakout-strategy/family3	1h	1	21	0.435	9.1	12	0.073	9	0.918	20	0.128
moja-strategia-harami-bb-tv-strategies/family3	1h	3	25	0.050	1.2	10	0.057	15	0.045	55	0.025
silverstream-v2/family3	1h	1	49	-0.015	-0.8	24	0.114	25	-0.140	100	-0.090
mgc-wyckoff-second-breakout-v3-candle-rr/family3	1h	1	61	0.048	2.9	29	0.169	32	-0.062	71	-0.112
concord-execution-mandate/family3	1h	1	124	0.048	6.0	58	0.084	66	0.017	150	-0.166
5m-sol-scalper-ha-lorentzian/family3	1h	2	16	0.196	3.1	10	0.446	6	-0.222	49	-0.377
asian-box-breakout-strategy/family3	1h	1	50	0.081	4.0	25	0.054	25	0.108	55	-0.019
3commas-trail-hunter-reversal-long/family3	1h	1	15	0.021	0.3	6	0.342	9	-0.193	15	-0.419
super-rsi-strategy/family3	1h	2	30	0.296	8.9	20	0.270	10	0.349	151	-0.135
super-rsi-strategy-tv-strategies/family3	1h	2	30	0.296	8.9	20	0.270	10	0.349	151	-0.135
super-rsi-strategy-tv-strategies-nng1sppd/family3	1h	2	30	0.296	8.9	20	0.270	10	0.349	151	-0.135
bollinger-bands-rsi-live-radar-strategy/family3	1h	1	33	0.140	4.6	17	0.089	16	0.193	35	0.136
box-breakout-strategy-dt4b-trader/family3	1h	1	58	0.006	0.3	31	0.066	27	-0.064	64	0.093
sma-strategy/family3	1h	2	57	0.051	2.9	31	0.160	26	-0.079	213	-0.170
3commas-pullback-sniper-strategy/family3	1h	1	25	-0.092	-2.3	14	-0.296	11	0.167	15	0.046
parallax-covenant-strategy/family3	1h	1	78	0.052	4.1	33	0.252	45	-0.094	102	-0.181
ttm-momentum-histo-9-ema-21-ema-debit-spread-script/family3	1h	2	14	0.539	7.5	8	0.704	6	0.318	68	0.149
beginner-trend-risk-model-ema-rsi/family3	1h	1	122	-0.016	-1.9	49	0.103	73	-0.096	111	-0.131
ai-triple-confirmation-strategy/family3	1h	1	20	0.224	4.5	11	0.569	9	-0.198	26	-0.160
decoded-volatility-expansion/family3	1h	1	22	-0.429	-9.4	9	-0.334	13	-0.495	29	-0.175
option-selling/family3	1h	1	11	0.102	1.1	4	0.194	7	0.049	11	-0.216
index-option-selling/family3	1h	1	10	0.077	0.8	3	0.143	7	0.049	11	-0.216
option-point/family3	1h	1	10	0.077	0.8	3	0.143	7	0.049	11	-0.216
ema-dmi-macd-rsi-strategy/family3	1h	1	24	-0.004	-0.1	11	0.093	13	-0.086	41	-0.192
simple-smart-buy-sell-strategy/family3	1h	1	83	0.040	3.4	41	0.210	42	-0.125	93	0.003
albtrader-nq-beast-supertrend-macd-rsi/family3	1h	1	13	-0.535	-7.0	5	-0.995	8	-0.248	31	-0.144
take-liquidity-multi-time-frame-tradesystem/family3	1h	1	33	-0.194	-6.4	15	-0.172	18	-0.213	35	-0.052
options-momentum-bias-strategy-v2/family3	1h	1	33	0.150	5.0	18	0.213	15	0.075	38	-0.215
strategy-461-ts-m15/family3	1h	1	39	-0.009	-0.4	18	0.282	21	-0.259	61	-0.276
autotrade-bot-v12/family3	1h	1	27	-0.054	-1.5	10	0.304	17	-0.265	30	-0.306
lvn-rejection-acceptance-strategy/family3	1h	3	16	0.019	0.3	9	-0.035	7	0.089	98	-0.250
adaptive-s-r-reversal-rsi-divergence-dca-be-stop-5m/family3	1h	1	29	0.063	1.8	13	0.101	16	0.032	21	-0.132
nq-scalp-fix-signals/family3	1h	1	21	-0.286	-6.0	12	-0.102	9	-0.531	37	-0.205
albtrader-nq-btc-gold-multi-tf-signal-bot-v2/family3	1h	1	72	0.055	4.0	31	0.290	41	-0.122	74	-0.151
ema-crossx/family3	1h	1	37	0.075	2.8	16	0.315	21	-0.108	30	0.015
strategy-250-xauusd-composite-quality-score/family3	1h	1	11	-0.282	-3.1	6	-0.261	5	-0.307	16	0.124
scalping-reversal-strategy/family3	1h	1	29	-0.367	-10.6	14	-0.591	15	-0.158	25	-0.092
scalping-ichimoku/family3	1h	1	26	0.053	1.4	10	-0.363	16	0.312	35	0.075
scalping-entry-exit-indicator-by-diget/family3	1h	2	65	-0.102	-6.7	31	0.077	34	-0.266	266	-0.118
thrax-quickstrike-5-mins-scalping/family3	1h	2	14	-0.037	-0.5	6	-0.352	8	0.198	56	-0.031
scalper-s-moving-average-dyna/family3	1h	1	45	-0.047	-2.1	23	0.077	22	-0.176	58	-0.126
9-15-ema-scalper/family3	1h	1	28	-0.085	-2.4	17	0.135	11	-0.424	35	-0.255
parabolic-sar-heikin-ashi-mtf-candle-scalper/family3	1h	2	35	0.024	0.8	17	-0.075	18	0.117	118	-0.122
scalpers-macd-vwap-filter/family3	1h	2	24	-0.115	-2.8	9	-0.403	15	0.058	83	-0.264
swing-failure-pattern-sfp-engine-agpro-series/family3	1h	1	28	-0.104	-2.9	11	-0.128	17	-0.088	27	-0.139
swing-reversal-auto-targets-jpt-module-1/family3	1h	2	6	0.614	3.7	6	0.614	0	0.000	51	0.014
swing-gradient-tpos-boswaves/family3	1h	1	30	-0.033	-1.0	13	0.156	17	-0.178	41	-0.073
fast-v-slow-moving-averages-strategy-variable-divonn1994/family3	1h	2	14	0.101	1.4	4	0.116	10	0.095	38	-0.140
contrarian-scalping-counter-trend-bb-envelope-adx-and-stochastic/family3	1h	2	126	0.091	11.5	63	0.177	63	0.005	0	0.000
god-of-scalping-btc/family3	1h	2	27	-0.346	-9.3	15	-0.126	12	-0.621	83	-0.168
clean-multi-indicator-alignment-system/family3	1h	1	64	0.084	5.4	31	0.169	33	0.004	60	-0.159
market-direction-strength-mds/family3	1h	1	94	0.037	3.5	50	0.142	44	-0.082	95	-0.108
concordance-strategy/family3	1h	1	11	-0.338	-3.7	7	-0.348	4	-0.320	21	-0.014
consensus/family5	1h	3	62	0.015	0.9	27	0.140	35	-0.082		
consensus/family5	1h	4	20	-0.087	-1.7	9	-0.140	11	-0.044		
consensus/family5	1h	5	18	-0.251	-4.5	8	-0.368	10	-0.157		
abcd-harmonic-projection/family5	1h	1	23	-0.230	-5.3	9	-0.329	14	-0.167	23	-0.057
stealthtrail-supertrend/family5	1h	1	42	-0.034	-1.4	20	0.005	22	-0.069	41	-0.078
swing-volume-profile-pro/family5	1h	2	19	0.198	3.8	9	0.337	10	0.072	40	0.081
pulse-trend-radar/family5	1h	1	29	0.070	2.0	17	0.146	12	-0.039	28	-0.167
dynamic-trend-bands-anchored-vwap-signals/family5	1h	1	23	0.051	1.2	6	0.150	17	0.016	32	-0.178
pivot-channel-breaks/family5	1h	1	21	0.396	8.3	12	0.407	9	0.381	22	0.025
triangular-hull-moving-average-volatility/family5	1h	1	36	0.020	0.7	17	0.454	19	-0.368	27	-0.156
stealthtrail-supertrend-ml-pro/family5	1h	1	36	0.013	0.5	18	-0.078	18	0.105	37	-0.017
smart-swing-vwap-zeiierman/family5	1h	1	20	-0.020	-0.4	8	-0.356	12	0.204	27	-0.153
supertrend-cluster-zeiierman/family5	1h	2	12	-0.020	-0.2	10	0.036	2	-0.296	30	-0.218
bollinger-bands-forecast-with-signals-zeiierman/family5	1h	1	13	-0.181	-2.3	7	-0.377	6	0.048	23	-0.094
market-memory-average-zeiierman/family5	1h	2	14	-0.036	-0.5	9	0.153	5	-0.378	39	-0.169
session-killzones-breakouts/family5	1h	2	36	0.056	2.0	24	0.096	12	-0.023	82	-0.049
volume-supertrend-ai-expo/family5	1h	1	22	-0.037	-0.8	10	0.514	12	-0.497	27	-0.320
ai-predictive-flow-zeiierman/family5	1h	3	37	0.041	1.5	21	0.369	16	-0.388	117	-0.285
momentum-sequence-strategy/family5	1h	1	12	0.003	0.0	7	-0.738	5	1.041	9	1.261
anchored-value-distribution-oscillator-zeiierman/family5	1h	2	65	0.074	4.8	31	0.350	34	-0.178	255	-0.147
trend-survival-matrix/family5	1h	1	31	-0.191	-5.9	14	-0.103	17	-0.263	31	-0.305
smart-flow-imbalance/family5	1h	1	28	-0.473	-13.3	15	-0.396	13	-0.562	34	-0.373
ema-trend-pro/family5	1h	1	19	-0.332	-6.3	11	-0.297	8	-0.381	15	-0.411
ema-trend-signals/family5	1h	1	31	-0.191	-5.9	14	-0.103	17	-0.263	31	-0.305
trend-pullback-guard/family5	1h	2	20	-0.001	-0.0	15	0.128	5	-0.390	58	-0.079
adaptive-atr-extension-scanner/family5	1h	1	40	0.159	6.4	21	0.026	19	0.305	36	0.313
rsi-market-regime/family5	1h	1	64	0.056	3.6	31	0.083	33	0.031	59	-0.079
sams-early-morning-range-lines/family5	1h	1	35	-0.159	-5.6	20	-0.021	15	-0.344	31	-0.032
machine-learning-rsi-ai-classification-ranking-zeiierman/family5	1h	2	16	0.198	3.2	12	0.206	4	0.175	34	-0.055
btc-ema-5-9-flip-strategy-autobot/family5	1h	1	8	0.269	2.2	4	0.707	4	-0.168	14	-0.637
swing-multi-moving-averages-crypto-and-stocks-strategy/family5	1h	3	70	0.128	8.9	40	0.211	30	0.017	124	-0.009
trendsync-pro-smc/family5	1h	1	19	-0.080	-1.5	9	0.019	10	-0.169	18	-0.138
williams-r-zone-scalper-v1-0-bullbyte/family5	1h	1	22	0.027	0.6	10	0.203	12	-0.120	35	-0.179
weekend-hunter-ultimate-v6-2/family5	1h	4	4	-0.226	-0.9	4	-0.226	0	0.000	25	-0.049
smart-grid-scalping-pullback-strategy-bullbyte/family5	1h	1	23	0.050	1.1	10	0.203	13	-0.068	19	-0.197
macd-pullback-sniper-trend-adx-filtered-strategy/family5	1h	1	16	0.147	2.3	5	0.153	11	0.144	14	0.127
pro-scalper-ai-bullbyte/family5	1h	2	65	0.016	1.1	22	0.154	43	-0.054	149	-0.161
ema-pullback-trend-continuation-strategy-with-volume-and-momentu/family5	1h	1	21	0.274	5.8	12	0.345	9	0.181	26	-0.285
execution-aware-trend/family5	1h	1	19	0.636	12.1	12	0.781	7	0.388	17	0.085
coil-breaker-rsi-range-compression/family5	1h	1	18	0.010	0.2	12	-0.175	6	0.381	15	-0.259
channel-reversion-system/family5	1h	1	13	0.057	0.7	7	-0.063	6	0.197	13	-0.067
slope-ma-cross-acc-range-filter/family5	1h	3	10	0.067	0.7	9	-0.015	1	0.807	29	-0.041
momentum-bands-breakout/family5	1h	1	17	-0.131	-2.2	11	0.000	6	-0.370	20	0.133
trendshift-supertrend-adx-regime-adaptive-strategy/family5	1h	1	32	0.008	0.3	17	0.056	15	-0.046	26	-0.215
vwap-trend-momentum/family5	1h	1	18	0.153	2.7	12	0.284	6	-0.110	17	-0.093
dnse-vn301-sma-34-89-dual-slope-strategy/family5	1h	2	16	0.122	1.9	11	0.233	5	-0.124	69	-0.104
fair-value-gap-strategy-with-break-of-structure-confirmation/family5	1h	1	50	0.063	3.1	32	0.159	18	-0.108	44	-0.076
bist30-to-sp-500-atr-momentum-rider/family5	1h	2	16	0.198	3.2	11	0.462	5	-0.382	39	-0.139
elite-hybrid-orb/family5	1h	3	5	0.370	1.9	4	0.399	1	0.255	30	0.131
tradleware-dca/family5	1h	2	23	0.251	5.8	18	0.458	5	-0.496	44	0.202
ultimate-prop-firm/family5	1h	1	13	0.209	2.7	5	0.665	8	-0.076	18	0.160
cloud-pro-ichimoku-confluence/family5	1h	3	23	-0.066	-1.5	12	-0.316	11	0.207	56	-0.003
pg-mcx-silver-long-v6-mtf-momentum-profit-trailing/family5	1h	2	28	0.277	7.8	9	0.829	19	0.015	89	0.004
dnse-vn301-bollinger-bands-break-out-strategy/family5	1h	1	15	0.643	9.6	7	0.752	8	0.548	19	0.219
nnfx-btc-ssl-qqe-signalforge/family5	1h	3	43	-0.027	-1.2	19	0.417	24	-0.379	117	-0.285
z-edge-confluence-z-score-strategy/family5	1h	3	27	0.068	1.8	12	0.248	15	-0.075	52	-0.084
hyperliquid-ready-webhook-strategy-template/family5	1h	1	33	-0.142	-4.7	16	-0.013	17	-0.263	31	-0.305
ema-25-68-bist30-futures/family5	1h	2	16	-0.268	-4.3	7	-0.079	9	-0.414	29	-0.364
daybreak-strategy/family5	1h	2	22	0.120	2.6	12	0.626	10	-0.487	59	-0.120
tp-sl-toolkit/family5	1h	1	75	0.078	5.9	31	0.226	44	-0.026	81	-0.148
vwap-suite-trend-mean-reversion-with-adaptive-filters/family5	1h	1	23	0.294	6.8	15	-0.120	8	1.071	21	0.067
dnse-vn301-donchian-break-out-strategy/family5	1h	1	16	0.543	8.7	8	0.533	8	0.553	18	0.676
webhook-alert-strategy-template/family5	1h	1	31	-0.125	-3.9	14	-0.180	17	-0.080	37	-0.022
fractal-memory-strategy/family5	1h	1	10	-0.029	-0.3	6	0.385	4	-0.650	9	-0.565
adaptive-atr-scalper-instant-lock-version/family5	1h	1	21	-0.260	-5.5	11	-0.378	10	-0.131	19	-0.358
btc-trend-momentum-strategy/family5	1h	2	12	0.343	4.1	5	0.654	7	0.122	23	-0.009
super-trend-signal-engine-quantum-edge/family5	1h	3	14	-0.152	-2.1	9	-0.132	5	-0.188	32	-0.210
donchian-breakout-with-atr-trailing-stop-trend-following/family5	1h	2	15	0.256	3.8	11	0.471	4	-0.336	33	0.422
dual-bollinger-band-cross-strategy-v6/family5	1h	3	33	0.051	1.7	22	0.171	11	-0.189	57	-0.042
optimized-doji-breakout-strategy-short-only-v6/family5	1h	1	40	-0.027	-1.1	17	0.318	23	-0.282	41	-0.257
smoothed-heiken-ashi-strategy-v1/family5	1h	1	32	-0.016	-0.5	13	0.209	19	-0.170	33	-0.107
xau-clear-ema-atr-strategy-tp-sl-voice-v6-clean-tp/family5	1h	1	30	0.202	6.0	15	0.082	15	0.321	52	-0.200
xau-clear-ema-atr-strategy-tp-sl-voice-v6/family5	1h	1	30	0.202	6.0	15	0.082	15	0.321	52	-0.200
smc-clean-4h-zones-center-labels-hh-hl-ll-lh/family5	1h	2	96	0.093	9.0	48	0.080	48	0.106	636	-0.090
apex-fusion-ai-smart-trend-engine/family5	1h	3	14	-0.149	-2.1	9	-0.174	5	-0.102	64	0.029
bps-v17-strong-trend-filter/family5	1h	1	30	0.199	6.0	17	0.158	13	0.252	29	-0.081
bps-v17-strong-trend-filter-tv-strategies/family5	1h	1	30	0.199	6.0	17	0.158	13	0.252	29	-0.081
btc-8am-pattern-breakout-instant-entry/family5	1h	3	43	-0.196	-8.4	19	-0.147	24	-0.235	111	-0.167
vwap-points-percent-ticks-strategy/family5	1h	2	90	0.029	2.6	43	0.171	47	-0.102	311	-0.111
pm-range-breakout-retest-fade/family5	1h	1	19	-0.241	-4.6	11	-0.438	8	0.031	19	0.162
vwap-stdev-bands-reversal-strategy/family5	1h	3	13	0.077	1.0	4	0.218	9	0.015	63	-0.188
bollinger-squeeze-breakout-volume/family5	1h	1	36	0.164	5.9	21	0.015	15	0.371	32	-0.045
hard-entry-exit-rules/family5	1h	1	16	-0.025	-0.4	12	-0.176	4	0.431	15	0.418
arbf-strategy-v1-8/family5	1h	2	14	0.462	6.5	8	1.005	6	-0.262	48	-0.083
xauusd-hull-pullback-tester-2-0/family5	1h	1	34	-0.017	-0.6	17	0.132	17	-0.165	35	0.138
reverse-bb-kc/family5	1h	2	15	0.040	0.6	7	0.108	8	-0.019	30	-0.101
mcginley-t3-flow-campaign-nick789-v-1/family5	1h	1	17	0.264	4.5	10	0.470	7	-0.031	27	-0.105
tomukas-daily-scale-in/family5	1h	2	10	0.171	1.7	1	0.902	9	0.089	26	-0.066
10-tech-indexes-score-system/family5	1h	1	6	0.562	3.4	5	0.874	1	-1.000	10	0.224
trend-persistence-analysis-framework/family5	1h	1	69	0.043	3.0	38	-0.030	31	0.133	93	0.037
ewo-rsi-advanced-signals-strategy-exhaustion-filter/family5	1h	2	25	0.089	2.2	10	0.370	15	-0.098	42	-0.129
hemant-gold-strategy/family5	1h	1	25	-0.209	-5.2	14	-0.242	11	-0.167	33	-0.151
high-activity-penny-stock-strategy-v6/family5	1h	1	21	0.399	8.4	12	0.776	9	-0.104	20	-0.303
bb-kc-squeeze-breakout/family5	1h	1	29	0.250	7.3	17	0.016	12	0.583	24	0.400
kaufman-moving-average-adaptive-strategy-by-mkb/family5	1h	2	25	0.082	2.0	17	0.276	8	-0.330	47	-0.249
ac20-55emagdcrosstest/family5	1h	1	29	-0.108	-3.1	13	-0.035	16	-0.167	39	-0.210
ai-slop-holy-grail-trap-btc-1h-non-repainting-overfit/family5	1h	1	17	-0.056	-0.9	6	0.106	11	-0.144	18	-0.277
bollinger-bands-simple-strategy/family5	1h	2	33	0.159	5.2	15	0.188	18	0.134	79	-0.052
adaptive-dual-engine-strategy-momentum-mean-reversion/family5	1h	4	13	0.059	0.8	11	0.251	2	-1.000	145	-0.151
estrategia-dpo-artedejubilarte/family5	1h	1	43	-0.203	-8.7	19	0.027	24	-0.385	51	-0.418
nasrul-fib-sr-m5/family5	1h	2	18	0.418	7.5	9	0.713	9	0.123	78	-0.107
volatility-surge-strategy/family5	1h	3	11	-0.327	-3.6	5	-0.210	6	-0.426	28	-0.222
master-structural-engine/family5	1h	1	14	0.430	6.0	4	1.436	10	0.027	22	-0.050
yuri-garcia-narrow-state-strategy-ygils/family5	1h	1	13	0.026	0.3	6	-0.131	7	0.160	26	-0.344
9-21ema-anji/family5	1h	1	15	-0.098	-1.5	7	-0.031	8	-0.156	13	-0.380
supertrend-bb-strategy/family5	1h	2	21	0.002	0.0	13	-0.312	8	0.512	28	-0.002
engulfing-mitigation-strategy/family5	1h	3	60	-0.082	-4.9	31	0.082	29	-0.257	172	-0.125
vumanchu-wt-zero-cross-strategy-v1-2-2/family5	1h	3	35	0.163	5.7	15	0.569	20	-0.141	91	-0.174
vumanchu-wt-zero-cross-strategy-v1-2-3/family5	1h	3	29	0.186	5.4	13	0.658	16	-0.197	57	-0.234
bb-macd-v6-1-5-qing-smart-distribution/family5	1h	1	56	0.095	5.3	28	-0.008	28	0.198	45	0.024
vumanchu-wt-zero-cross-v1-1b/family5	1h	3	35	0.163	5.7	15	0.569	20	-0.141	91	-0.174
vishall-ema-9-20-50-200-dmi-adx-strategy/family5	1h	1	23	0.332	7.6	14	0.312	9	0.365	29	-0.141
obs-volume-spike-reaction-fade/family5	1h	1	19	-0.004	-0.1	8	-0.156	11	0.106	19	-0.211
nifty-supertrend-ce-strategy-alice-blue/family5	1h	2	21	0.002	0.0	13	-0.312	8	0.512	33	-0.072
velocity-breakout-strategy-vbs/family5	1h	3	13	-0.297	-3.9	9	-0.135	4	-0.663	40	-0.185
ultimate-pattern-engine-ema-stochastic-by-rony/family5	1h	2	42	0.094	4.0	23	0.274	19	-0.124	171	-0.155
fair-value-gap-continuation-framework/family5	1h	1	103	-0.033	-3.4	52	0.052	51	-0.121	128	-0.250
pm-range-breakout-retest-fade-tv-strategies/family5	1h	1	19	-0.241	-4.6	11	-0.438	8	0.031	19	0.162
tjr-v4-strategy/family5	1h	2	57	0.027	1.6	32	0.366	25	-0.407	157	-0.178
surgical-sweep-original-restored/family5	1h	1	20	-0.112	-2.2	9	-0.099	11	-0.123	23	-0.034
qqe-channel-strategy/family5	1h	3	24	-0.044	-1.0	12	0.295	12	-0.382	66	-0.259
ut-bot-v2-atr-trailing-stop/family5	1h	2	64	0.074	4.7	33	0.300	31	-0.167	149	-0.126
egan-s-pure-structure-s-d-strategy-backtest/family5	1h	2	37	-0.074	-2.7	23	-0.077	14	-0.069	102	-0.113
sma-4-sma-30/family5	1h	2	39	0.042	1.6	18	0.227	21	-0.117	83	-0.136
europon-reversal-fx-rush-ver2-strategy/family5	1h	2	50	0.028	1.4	22	0.322	28	-0.203	150	-0.036
dca-grid-15-orders-1-1-step-1-8-tp/family5	1h	1	31	0.102	3.2	4	0.686	27	0.015	61	0.050
institutional-ob-entry-exit-sl-strategy/family5	1h	1	15	0.592	8.9	10	0.371	5	1.033	16	-0.039
smart-trend-strategy-julzalgo/family5	1h	1	32	0.102	3.3	16	-0.273	16	0.477	36	-0.120
supertrend-strategy/family5	1h	2	22	-0.043	-1.0	13	-0.312	9	0.344	35	-0.117
macd-crossover-strategy/family5	1h	2	49	0.050	2.5	23	0.201	26	-0.083	122	-0.175
expma-analysis/family5	1h	1	18	-0.037	-0.7	10	-0.173	8	0.132	15	0.171
scalping-london-new-york-strategy/family5	1h	3	44	0.124	5.4	20	0.571	24	-0.249	122	-0.186
strategy-validation-framework-standardised-atr-exits-1-ris/family5	1h	1	23	0.056	1.3	9	0.192	14	-0.031	24	0.068
serhan1-wma-rsi-trailing-scalp-date-filter/family5	1h	1	46	-0.080	-3.7	19	0.258	27	-0.319	51	-0.342
market-breadth-trend-strategy/family5	1h	2	38	0.022	0.8	23	0.186	15	-0.230	96	-0.022
session-king-alma-with-session-filter/family5	1h	1	32	-0.351	-11.2	18	-0.364	14	-0.336	35	-0.035
twe-2-bar-break-strategy/family5	1h	2	82	-0.075	-6.2	47	0.138	35	-0.362	214	-0.185
15m-nifty-multi-day-swing-target-engine-v1-0/family5	1h	1	17	0.325	5.5	8	1.008	9	-0.282	18	0.002
manoj-betrayed-me/family5	1h	2	32	0.052	1.7	20	0.237	12	-0.255	79	-0.011
double-tap/family5	1h	2	24	0.011	0.3	17	0.162	7	-0.354	51	-0.222
btcusd-4h-ema-swing-strategy/family5	1h	2	9	0.448	4.0	7	0.632	2	-0.194	29	-0.213
simple-breakout-strategy-santana/family5	1h	1	59	0.096	5.7	28	0.207	31	-0.003	62	0.039
ahlenaz/family5	1h	1	25	0.444	11.1	15	0.553	10	0.282	23	0.174
ema-40-pullback-pyramid-strategy/family5	1h	1	123	0.051	6.3	58	0.157	65	-0.044	185	-0.172
fair-value-gap-strategy/family5	1h	5	13	-0.390	-5.1	8	-0.337	5	-0.473	139	-0.108
ll-momentum-and-curl-master/family5	1h	1	26	0.276	7.2	15	0.111	11	0.501	32	0.259
katana-v5-pro-fvg-50-model/family5	1h	1	20	0.389	7.8	10	0.426	10	0.353	30	0.151
the-greatest-bot-ever-made-pmt-apex-edition/family5	1h	1	65	-0.025	-1.6	37	-0.045	28	0.001	59	-0.063
the-greatest-bot-ever-made-pmt-apex-edition-tv-strategies/family5	1h	1	65	-0.025	-1.6	37	-0.045	28	0.001	59	-0.063
quanloki-qqe-system-opposite-signal-only-points/family5	1h	3	32	-0.015	-0.5	14	0.224	18	-0.202	77	-0.247
adaptive-multi-factor-v1-update-9-years/family5	1h	3	56	-0.082	-4.6	25	0.115	31	-0.241	160	-0.205
silver-surfer/family5	1h	5	13	-0.346	-4.5	8	-0.267	5	-0.473	136	-0.097
atm-adaptive-zone-momentum-scalper-1h/family5	1h	2	111	-0.041	-4.5	52	0.129	59	-0.190	434	-0.094
ema-9-vwap-strategy-with-atr-trailing-stop-win-the-trade/family5	1h	2	60	0.197	11.8	27	0.594	33	-0.128	181	-0.094
atm/family5	1h	2	111	-0.041	-4.5	52	0.129	59	-0.190	434	-0.094
adaptive-multi-facto-9-years/family5	1h	2	53	-0.037	-2.0	29	0.157	24	-0.273	84	-0.178
fast-scalper-with-stops/family5	1h	3	45	-0.074	-3.3	17	0.385	28	-0.353	148	-0.245
fast-scalper-with-stops-tv-strategies/family5	1h	3	45	-0.074	-3.3	17	0.385	28	-0.353	148	-0.245
fast-scalper-with-stops-tv-strategies-cg3o8g9a/family5	1h	2	34	-0.001	-0.0	13	0.080	21	-0.052	57	-0.093
sttrend-tp-lock-added/family5	1h	2	16	-0.026	-0.4	10	-0.086	6	0.074	32	-0.210
fast-scalper-with-stops-tv-strategies-mcwal9oa/family5	1h	3	45	-0.074	-3.3	17	0.385	28	-0.353	148	-0.245
es-1m-3m-momentum-signal-flip-exits/family5	1h	1	16	-0.299	-4.8	5	0.301	11	-0.572	19	-0.389
9-ema-20-ema-retest-strategy/family5	1h	1	49	0.041	2.0	27	0.004	22	0.087	60	-0.268
clean-vwap-zl-scalper-single-trigger-by-sandip/family5	1h	3	59	0.087	5.1	25	0.316	34	-0.081	185	-0.147
clean-vwap-zl-scalper-single-trigger-by-david/family5	1h	3	59	0.087	5.1	25	0.316	34	-0.081	185	-0.147
good-luck/family5	1h	1	26	-0.186	-4.8	16	-0.078	10	-0.358	38	-0.260
spike-ea-trade-strategy/family5	1h	2	126	0.060	7.6	61	0.205	65	-0.076	404	-0.092
nasdaq-oro-bruto-24h-mejorada/family5	1h	1	42	0.342	14.3	20	0.257	22	0.419	47	0.357
nasdaq-nq-24h-mejorada/family5	1h	1	42	0.342	14.3	20	0.257	22	0.419	47	0.357
zr-grizzly/family5	1h	2	28	0.119	3.3	13	0.108	15	0.128	57	-0.096
concordance-execution-model/family5	1h	1	11	0.009	0.1	3	0.298	8	-0.100	32	0.339
frosty-alerts/family5	1h	2	159	-0.002	-0.3	81	0.081	78	-0.088	642	-0.131
caldera-meridian-strategy/family5	1h	2	15	-0.167	-2.5	10	-0.128	5	-0.245	43	-0.252
enso-usdt-12h-trend-pullback-sniper/family5	1h	1	13	0.504	6.5	4	-0.196	9	0.814	21	0.198
sebbiottino-trailing-stop-so-good-ger40-1m/family5	1h	2	40	0.050	2.0	25	0.183	15	-0.171	100	-0.214
ut-bot-shah-200-50-ema/family5	1h	1	11	0.286	3.1	7	0.613	4	-0.286	13	-0.223
my-strategy-9/family5	1h	1	59	0.096	5.7	28	0.207	31	-0.003	62	0.039
psol-01-donchian-channels/family5	1h	1	16	0.543	8.7	8	0.533	8	0.553	18	0.676
helios-institutional-synthesis-strategy/family5	1h	2	34	0.200	6.8	18	0.381	16	-0.004	43	0.161
nas100-sp500-turtle-soup-ny-v4-fixed/family5	1h	1	38	0.012	0.5	17	0.365	21	-0.274	41	-0.128
regime-execution-strategy/family5	1h	2	13	-0.186	-2.4	10	-0.262	3	0.065	31	-0.367
quant-synthesis-strategy/family5	1h	1	15	0.217	3.3	10	0.547	5	-0.442	22	0.139
gold-ai-strategy-v2-0/family5	1h	2	8	-0.401	-3.2	7	-0.316	1	-1.000	39	-0.231
zeta9-v6/family5	1h	2	43	-0.037	-1.6	21	0.375	22	-0.429	127	-0.108
20-200-sma-strategy/family5	1h	2	19	0.543	10.3	7	0.844	12	0.368	94	-0.326
liquidity-entry-zones-strategy-2-0/family5	1h	3	52	0.273	14.2	31	0.352	21	0.155	101	-0.161
btc-averages-strategy-long-short/family5	1h	2	16	0.409	6.5	10	0.712	6	-0.095	51	-0.146
concordance-allocation-strategy/family5	1h	1	43	-0.085	-3.7	19	-0.210	24	0.014	46	-0.163
sr-chart-pattern-scalper-v1/family5	1h	1	17	-0.052	-0.9	13	0.030	4	-0.318	24	-0.217
amit-eth-strategy/family5	1h	1	43	-0.182	-7.8	18	-0.204	25	-0.166	55	-0.342
amit-eth-strategy-tv-strategies/family5	1h	1	43	-0.182	-7.8	18	-0.204	25	-0.166	55	-0.342
moja-strategia-harami-bb/family5	1h	2	28	0.061	1.7	10	0.115	18	0.030	55	0.025
inside-day-breakout-strategy/family5	1h	1	23	0.104	2.4	15	-0.229	8	0.730	20	0.128
moja-strategia-harami-bb-tv-strategies/family5	1h	2	28	0.061	1.7	10	0.115	18	0.030	55	0.025
silverstream-v2/family5	1h	2	20	0.037	0.7	14	0.138	6	-0.198	100	-0.090
mgc-wyckoff-second-breakout-v3-candle-rr/family5	1h	3	22	0.254	5.6	13	0.461	9	-0.044	71	-0.112
concord-execution-mandate/family5	1h	3	59	-0.075	-4.4	27	0.177	32	-0.288	150	-0.166
5m-sol-scalper-ha-lorentzian/family5	1h	2	26	-0.134	-3.5	14	0.236	12	-0.565	49	-0.377
asian-box-breakout-strategy/family5	1h	3	23	0.008	0.2	14	0.142	9	-0.202	55	-0.019
3commas-trail-hunter-reversal-long/family5	1h	1	20	0.005	0.1	11	0.167	9	-0.193	15	-0.419
super-rsi-strategy/family5	1h	4	13	0.154	2.0	11	0.073	2	0.596	151	-0.135
super-rsi-strategy-tv-strategies/family5	1h	4	13	0.154	2.0	11	0.073	2	0.596	151	-0.135
super-rsi-strategy-tv-strategies-nng1sppd/family5	1h	4	13	0.154	2.0	11	0.073	2	0.596	151	-0.135
bollinger-bands-rsi-live-radar-strategy/family5	1h	1	38	0.137	5.2	17	0.069	21	0.192	35	0.136
box-breakout-strategy-dt4b-trader/family5	1h	1	63	0.178	11.2	34	0.233	29	0.113	64	0.093
sma-strategy/family5	1h	2	73	0.008	0.6	38	0.253	35	-0.258	213	-0.170
3commas-pullback-sniper-strategy/family5	1h	1	19	0.212	4.0	8	0.275	11	0.167	15	0.046
parallax-covenant-strategy/family5	1h	2	39	0.090	3.5	20	0.318	19	-0.150	102	-0.181
ttm-momentum-histo-9-ema-21-ema-debit-spread-script/family5	1h	1	70	0.148	10.4	34	0.239	36	0.062	68	0.149
beginner-trend-risk-model-ema-rsi/family5	1h	3	42	0.221	9.3	19	0.287	23	0.166	111	-0.131
ai-triple-confirmation-strategy/family5	1h	1	24	0.175	4.2	15	0.487	9	-0.346	26	-0.160
decoded-volatility-expansion/family5	1h	1	16	-0.138	-2.2	7	0.227	9	-0.422	29	-0.175
ema-dmi-macd-rsi-strategy/family5	1h	1	29	-0.013	-0.4	14	0.004	15	-0.029	41	-0.192
simple-smart-buy-sell-strategy/family5	1h	1	86	0.063	5.4	49	0.128	37	-0.022	93	0.003
albtrader-nq-beast-supertrend-macd-rsi/family5	1h	2	9	-0.476	-4.3	5	-0.736	4	-0.151	31	-0.144
take-liquidity-multi-time-frame-tradesystem/family5	1h	2	15	-0.444	-6.7	8	-0.184	7	-0.742	35	-0.052
options-momentum-bias-strategy-v2/family5	1h	3	16	0.098	1.6	11	0.319	5	-0.386	38	-0.215
strategy-461-ts-m15/family5	1h	2	19	0.211	4.0	12	0.472	7	-0.235	61	-0.276
autotrade-bot-v12/family5	1h	3	12	0.141	1.7	7	0.563	5	-0.451	30	-0.306
lvn-rejection-acceptance-strategy/family5	1h	3	25	-0.060	-1.5	17	-0.034	8	-0.114	98	-0.250
adaptive-s-r-reversal-rsi-divergence-dca-be-stop-5m/family5	1h	2	16	0.019	0.3	8	0.499	8	-0.461	21	-0.132
nq-scalp-fix-signals/family5	1h	1	29	-0.147	-4.3	18	-0.012	11	-0.369	37	-0.205
albtrader-nq-btc-gold-multi-tf-signal-bot-v2/family5	1h	1	67	0.037	2.5	29	0.242	38	-0.120	74	-0.151
ema-crossx/family5	1h	1	45	0.099	4.5	24	0.160	21	0.029	30	0.015
strategy-250-xauusd-composite-quality-score/family5	1h	1	17	0.059	1.0	8	-0.276	9	0.357	16	0.124
strategy-432-btc-donchian-breakout-continuation/family5	1h	1	9	0.550	5.0	4	0.221	5	0.813	21	-0.114
scalping-reversal-strategy/family5	1h	1	26	-0.294	-7.6	11	-0.479	15	-0.158	25	-0.092
scalping-ichimoku/family5	1h	1	29	0.089	2.6	13	-0.271	16	0.382	35	0.075
scalping-entry-exit-indicator-by-diget/family5	1h	3	85	-0.078	-6.7	40	0.002	45	-0.150	266	-0.118
thrax-quickstrike-5-mins-scalping/family5	1h	3	16	-0.393	-6.3	9	-0.405	7	-0.377	56	-0.031
scalper-s-moving-average-dyna/family5	1h	1	52	-0.043	-2.2	26	-0.037	26	-0.048	58	-0.126
9-15-ema-scalper/family5	1h	1	31	-0.014	-0.4	19	0.151	12	-0.275	35	-0.255
parabolic-sar-heikin-ashi-mtf-candle-scalper/family5	1h	2	55	0.231	12.7	29	0.253	26	0.205	118	-0.122
scalpers-macd-vwap-filter/family5	1h	3	32	-0.160	-5.1	13	-0.293	19	-0.070	83	-0.264
swing-failure-pattern-sfp-engine-agpro-series/family5	1h	2	14	0.178	2.5	5	0.385	9	0.063	27	-0.139
swing-reversal-auto-targets-jpt-module-1/family5	1h	2	22	0.425	9.4	18	0.500	4	0.092	51	0.014
swing-gradient-tpos-boswaves/family5	1h	2	16	-0.195	-3.1	6	0.104	10	-0.374	41	-0.073
fast-v-slow-moving-averages-strategy-variable-divonn1994/family5	1h	2	14	-0.108	-1.5	4	0.116	10	-0.198	38	-0.140
contrarian-scalping-counter-trend-bb-envelope-adx-and-stochastic/family5	1h	2	179	0.095	17.1	94	0.166	85	0.018	0	0.000
god-of-scalping-btc/family5	1h	3	30	-0.236	-7.1	15	0.036	15	-0.508	83	-0.168
clean-multi-indicator-alignment-system/family5	1h	1	61	0.030	1.8	29	0.099	32	-0.033	60	-0.159
market-direction-strength-mds/family5	1h	2	54	0.103	5.5	36	0.295	18	-0.283	95	-0.108
concordance-strategy/family5	1h	1	12	-0.271	-3.3	6	-0.211	6	-0.330	21	-0.014
consensus/family7	1h	4	46	0.227	10.4	28	0.390	18	-0.027		
consensus/family7	1h	5	37	0.197	7.3	19	0.560	18	-0.187		
consensus/family7	1h	6	7	-0.611	-4.3	6	-0.546	1	-1.000		
consensus/family7	1h	7	6	-0.994	-6.0	5	-0.992	1	-1.000		
abcd-harmonic-projection/family7	1h	2	16	0.080	1.3	8	0.145	8	0.016	23	-0.057
stealthtrail-supertrend/family7	1h	1	44	-0.022	-1.0	23	-0.118	21	0.082	41	-0.078
swing-volume-profile-pro/family7	1h	1	39	0.127	4.9	16	0.121	23	0.130	40	0.081
pulse-trend-radar/family7	1h	1	37	0.229	8.5	19	0.301	18	0.153	28	-0.167
dynamic-trend-bands-anchored-vwap-signals/family7	1h	1	21	0.319	6.7	8	0.753	13	0.052	32	-0.178
pivot-channel-breaks/family7	1h	1	28	0.369	10.3	16	0.401	12	0.325	22	0.025
triangular-hull-moving-average-volatility/family7	1h	1	36	0.007	0.3	17	0.445	19	-0.385	27	-0.156
stealthtrail-supertrend-ml-pro/family7	1h	1	39	0.042	1.6	22	-0.158	17	0.300	37	-0.017
smart-swing-vwap-zeiierman/family7	1h	2	14	0.019	0.3	6	-0.045	8	0.066	27	-0.153
supertrend-cluster-zeiierman/family7	1h	2	23	-0.097	-2.2	12	0.066	11	-0.275	30	-0.218
bollinger-bands-forecast-with-signals-zeiierman/family7	1h	1	14	-0.115	-1.6	7	-0.129	7	-0.100	23	-0.094
market-memory-average-zeiierman/family7	1h	1	41	0.008	0.3	16	0.195	25	-0.112	39	-0.169
session-killzones-breakouts/family7	1h	2	52	0.090	4.7	37	0.049	15	0.192	82	-0.049
volume-supertrend-ai-expo/family7	1h	2	16	0.244	3.9	10	0.514	6	-0.205	27	-0.320
ai-predictive-flow-zeiierman/family7	1h	1	116	-0.011	-1.3	61	0.283	55	-0.337	117	-0.285
momentum-sequence-strategy/family7	1h	1	14	0.125	1.8	9	-0.382	5	1.038	9	1.261
anchored-value-distribution-oscillator-zeiierman/family7	1h	2	96	0.135	12.9	47	0.197	49	0.075	255	-0.147
trend-survival-matrix/family7	1h	1	37	-0.212	-7.8	17	-0.021	20	-0.374	31	-0.305
smart-flow-imbalance/family7	1h	3	18	-0.528	-9.5	11	-0.574	7	-0.455	34	-0.373
ema-trend-pro/family7	1h	1	23	-0.329	-7.6	13	-0.194	10	-0.505	15	-0.411
ema-trend-signals/family7	1h	1	37	-0.212	-7.8	17	-0.021	20	-0.374	31	-0.305
trend-pullback-guard/family7	1h	2	31	0.325	10.1	21	0.197	10	0.595	58	-0.079
adaptive-atr-extension-scanner/family7	1h	1	45	0.335	15.1	25	0.099	20	0.631	36	0.313
rsi-market-regime/family7	1h	2	47	0.080	3.8	26	0.130	21	0.019	59	-0.079
sams-early-morning-range-lines/family7	1h	2	24	-0.049	-1.2	17	-0.009	7	-0.148	31	-0.032
machine-learning-rsi-ai-classification-ranking-zeiierman/family7	1h	1	39	0.109	4.3	19	0.152	20	0.068	34	-0.055
btc-ema-5-9-flip-strategy-autobot/family7	1h	1	10	-0.181	-1.8	4	0.707	6	-0.773	14	-0.637
swing-multi-moving-averages-crypto-and-stocks-strategy/family7	1h	5	37	0.169	6.3	24	0.385	13	-0.228	124	-0.009
trendsync-pro-smc/family7	1h	1	21	-0.123	-2.6	10	-0.083	11	-0.158	18	-0.138
williams-r-zone-scalper-v1-0-bullbyte/family7	1h	1	27	0.197	5.3	14	0.445	13	-0.070	35	-0.179
weekend-hunter-ultimate-v6-2/family7	1h	1	39	-0.085	-3.3	19	-0.129	20	-0.042	25	-0.049
smart-grid-scalping-pullback-strategy-bullbyte/family7	1h	1	15	0.118	1.8	3	0.735	12	-0.036	19	-0.197
macd-pullback-sniper-trend-adx-filtered-strategy/family7	1h	1	10	0.215	2.1	2	0.599	8	0.119	14	0.127
pro-scalper-ai-bullbyte/family7	1h	2	96	0.041	4.0	54	0.128	42	-0.070	149	-0.161
ema-pullback-trend-continuation-strategy-with-volume-and-momentu/family7	1h	1	21	0.243	5.1	13	0.348	8	0.073	26	-0.285
execution-aware-trend/family7	1h	1	25	0.554	13.9	15	0.694	10	0.344	17	0.085
coil-breaker-rsi-range-compression/family7	1h	2	11	0.053	0.6	8	0.007	3	0.177	15	-0.259
channel-reversion-system/family7	1h	1	7	-0.038	-0.3	4	-0.136	3	0.093	13	-0.067
slope-ma-cross-acc-range-filter/family7	1h	1	55	0.040	2.2	42	0.125	13	-0.233	29	-0.041
momentum-bands-breakout/family7	1h	1	25	0.101	2.5	15	0.182	10	-0.020	20	0.133
trendshift-supertrend-adx-regime-adaptive-strategy/family7	1h	1	35	0.083	2.9	21	0.215	14	-0.115	26	-0.215
vwap-trend-momentum/family7	1h	1	22	0.104	2.3	15	0.264	7	-0.237	17	-0.093
dnse-vn301-sma-34-89-dual-slope-strategy/family7	1h	1	64	0.182	11.6	32	0.360	32	0.003	69	-0.104
fair-value-gap-strategy-with-break-of-structure-confirmation/family7	1h	1	66	0.170	11.2	44	0.263	22	-0.016	44	-0.076
bist30-to-sp-500-atr-momentum-rider/family7	1h	3	15	0.057	0.9	8	0.424	7	-0.362	39	-0.139
elite-hybrid-orb/family7	1h	1	32	-0.035	-1.1	19	0.110	13	-0.247	30	0.131
tradleware-dca/family7	1h	2	29	0.148	4.3	21	0.392	8	-0.492	44	0.202
ultimate-prop-firm/family7	1h	2	9	0.604	5.4	5	1.253	4	-0.207	18	0.160
cloud-pro-ichimoku-confluence/family7	1h	5	17	-0.103	-1.7	9	-0.284	8	0.102	56	-0.003
pg-mcx-silver-long-v6-mtf-momentum-profit-trailing/family7	1h	4	13	0.419	5.5	6	1.216	7	-0.263	89	0.004
dnse-vn301-bollinger-bands-break-out-strategy/family7	1h	1	26	0.396	10.3	12	0.371	14	0.417	19	0.219
nnfx-btc-ssl-qqe-signalforge/family7	1h	1	89	-0.029	-2.6	38	0.179	51	-0.184	117	-0.285
z-edge-confluence-z-score-strategy/family7	1h	2	38	0.177	6.7	24	0.267	14	0.024	52	-0.084
hyperliquid-ready-webhook-strategy-template/family7	1h	1	39	-0.160	-6.2	18	0.028	21	-0.322	31	-0.305
ema-25-68-bist30-futures/family7	1h	2	27	-0.052	-1.4	13	0.082	14	-0.178	29	-0.364
daybreak-strategy/family7	1h	1	68	0.042	2.9	37	0.167	31	-0.106	59	-0.120
dnse-vn301-keltner-break-out-strategy/family7	1h	1	19	0.302	5.7	9	0.142	10	0.446	15	0.730
trend-efficiency-framework/family7	1h	1	15	0.237	3.6	8	0.215	7	0.261	17	0.244
tp-sl-toolkit/family7	1h	1	80	-0.003	-0.2	36	0.191	44	-0.162	81	-0.148
vwap-suite-trend-mean-reversion-with-adaptive-filters/family7	1h	1	28	0.269	7.5	18	0.024	10	0.711	21	0.067
dnse-vn301-donchian-break-out-strategy/family7	1h	1	26	0.344	9.0	12	0.371	14	0.321	18	0.676
webhook-alert-strategy-template/family7	1h	1	37	-0.043	-1.6	18	0.003	19	-0.086	37	-0.022
fractal-memory-strategy/family7	1h	1	13	-0.228	-3.0	8	0.038	5	-0.655	9	-0.565
adaptive-atr-scalper-instant-lock-version/family7	1h	2	16	-0.472	-7.6	7	-0.502	9	-0.449	19	-0.358
btc-trend-momentum-strategy/family7	1h	1	25	0.294	7.3	13	0.510	12	0.060	23	-0.009
super-trend-signal-engine-quantum-edge/family7	1h	1	43	-0.061	-2.6	24	-0.120	19	0.013	32	-0.210
donchian-breakout-with-atr-trailing-stop-trend-following/family7	1h	1	41	0.456	18.7	20	0.332	21	0.574	33	0.422
dual-bollinger-band-cross-strategy-v6/family7	1h	1	68	0.126	8.6	40	0.125	28	0.128	57	-0.042
optimized-doji-breakout-strategy-short-only-v6/family7	1h	1	47	0.057	2.7	22	0.270	25	-0.130	41	-0.257
smoothed-heiken-ashi-strategy-v1/family7	1h	3	20	0.050	1.0	8	0.487	12	-0.241	33	-0.107
xau-clear-ema-atr-strategy-tp-sl-voice-v6-clean-tp/family7	1h	1	32	0.267	8.6	15	0.269	17	0.266	52	-0.200
xau-clear-ema-atr-strategy-tp-sl-voice-v6/family7	1h	1	32	0.267	8.6	15	0.269	17	0.266	52	-0.200
smc-clean-4h-zones-center-labels-hh-hl-ll-lh/family7	1h	1	197	0.078	15.4	104	0.092	93	0.063	636	-0.090
apex-fusion-ai-smart-trend-engine/family7	1h	5	10	-0.280	-2.8	5	-0.182	5	-0.377	64	0.029
bps-v17-strong-trend-filter/family7	1h	2	20	0.360	7.2	12	0.453	8	0.220	29	-0.081
bps-v17-strong-trend-filter-tv-strategies/family7	1h	2	20	0.360	7.2	12	0.453	8	0.220	29	-0.081
btc-8am-pattern-breakout-instant-entry/family7	1h	1	99	0.010	1.0	48	0.074	51	-0.051	111	-0.167
vwap-points-percent-ticks-strategy/family7	1h	1	174	0.081	14.1	84	0.152	90	0.014	311	-0.111
pm-range-breakout-retest-fade/family7	1h	1	21	-0.084	-1.8	11	-0.178	10	0.019	19	0.162
vwap-stdev-bands-reversal-strategy/family7	1h	1	48	0.048	2.3	22	0.062	26	0.036	63	-0.188
bollinger-squeeze-breakout-volume/family7	1h	4	12	-0.018	-0.2	9	0.008	3	-0.094	32	-0.045
hard-entry-exit-rules/family7	1h	1	23	-0.085	-1.9	17	-0.134	6	0.056	15	0.418
arbf-strategy-v1-8/family7	1h	1	42	0.216	9.1	19	0.514	23	-0.030	48	-0.083
xauusd-hull-pullback-tester-2-0/family7	1h	1	36	0.129	4.6	21	0.256	15	-0.050	35	0.138
reverse-bb-kc/family7	1h	1	20	-0.092	-1.8	10	-0.038	10	-0.146	30	-0.101
mcginley-t3-flow-campaign-nick789-v-1/family7	1h	1	18	0.269	4.8	11	0.459	7	-0.031	27	-0.105
tomukas-daily-scale-in/family7	1h	2	10	-0.009	-0.1	2	0.802	8	-0.212	26	-0.066
10-tech-indexes-score-system/family7	1h	2	5	0.874	4.4	5	0.874	0	0.000	10	0.224
trend-persistence-analysis-framework/family7	1h	1	91	0.113	10.3	57	0.124	34	0.096	93	0.037
ewo-rsi-advanced-signals-strategy-exhaustion-filter/family7	1h	1	42	0.001	0.1	13	0.083	29	-0.035	42	-0.129
hemant-gold-strategy/family7	1h	1	25	-0.302	-7.5	12	-0.230	13	-0.368	33	-0.151
high-activity-penny-stock-strategy-v6/family7	1h	1	22	0.387	8.5	14	0.607	8	0.003	20	-0.303
bb-kc-squeeze-breakout/family7	1h	1	34	0.305	10.4	18	0.238	16	0.380	24	0.400
kaufman-moving-average-adaptive-strategy-by-mkb/family7	1h	4	18	0.179	3.2	14	0.318	4	-0.307	47	-0.249
ac20-55emagdcrosstest/family7	1h	1	35	-0.014	-0.5	16	0.109	19	-0.117	39	-0.210
ai-slop-holy-grail-trap-btc-1h-non-repainting-overfit/family7	1h	1	14	-0.181	-2.5	5	0.039	9	-0.304	18	-0.277
bollinger-bands-simple-strategy/family7	1h	1	62	0.119	7.4	25	0.038	37	0.174	79	-0.052
adaptive-dual-engine-strategy-momentum-mean-reversion/family7	1h	2	74	-0.051	-3.8	46	0.195	28	-0.455	145	-0.151
estrategia-dpo-artedejubilarte/family7	1h	1	55	-0.102	-5.6	24	0.271	31	-0.391	51	-0.418
nasrul-fib-sr-m5/family7	1h	1	48	0.119	5.7	16	0.334	32	0.012	78	-0.107
volatility-surge-strategy/family7	1h	3	15	-0.310	-4.6	8	-0.335	7	-0.281	28	-0.222
master-structural-engine/family7	1h	1	16	0.563	9.0	5	1.601	11	0.091	22	-0.050
yuri-garcia-narrow-state-strategy-ygils/family7	1h	1	19	0.216	4.1	7	0.654	12	-0.039	26	-0.344
9-21ema-anji/family7	1h	1	13	-0.209	-2.7	6	-0.193	7	-0.223	13	-0.380
supertrend-bb-strategy/family7	1h	4	15	-0.015	-0.2	11	-0.187	4	0.455	28	-0.002
trend-pivot-scale-in/family7	1h	1	12	0.190	2.3	6	0.075	6	0.304	12	0.268
engulfing-mitigation-strategy/family7	1h	1	148	0.003	0.5	81	0.077	67	-0.086	172	-0.125
vumanchu-wt-zero-cross-strategy-v1-2-2/family7	1h	3	55	0.046	2.5	25	0.302	30	-0.167	91	-0.174
vumanchu-wt-zero-cross-strategy-v1-2-3/family7	1h	2	48	0.076	3.7	21	0.395	27	-0.171	57	-0.234
bb-macd-v6-1-5-qing-smart-distribution/family7	1h	3	30	0.156	4.7	19	-0.105	11	0.608	45	0.024
vumanchu-wt-zero-cross-v1-1b/family7	1h	3	55	0.046	2.5	25	0.302	30	-0.167	91	-0.174
vishall-ema-9-20-50-200-dmi-adx-strategy/family7	1h	1	27	0.221	6.0	15	0.379	12	0.023	29	-0.141
obs-volume-spike-reaction-fade/family7	1h	1	17	-0.083	-1.4	8	-0.084	9	-0.083	19	-0.211
nifty-supertrend-ce-strategy-alice-blue/family7	1h	4	15	-0.015	-0.2	11	-0.187	4	0.455	33	-0.072
velocity-breakout-strategy-vbs/family7	1h	4	12	-0.187	-2.2	8	-0.079	4	-0.404	40	-0.185
ultimate-pattern-engine-ema-stochastic-by-rony/family7	1h	2	78	0.128	10.0	50	0.202	28	-0.004	171	-0.155
fair-value-gap-continuation-framework/family7	1h	1	123	0.028	3.4	63	0.189	60	-0.141	128	-0.250
pm-range-breakout-retest-fade-tv-strategies/family7	1h	1	21	-0.084	-1.8	11	-0.178	10	0.019	19	0.162
tjr-v4-strategy/family7	1h	2	80	0.146	11.7	50	0.169	30	0.108	157	-0.178
surgical-sweep-original-restored/family7	1h	1	14	0.029	0.4	6	0.124	8	-0.042	23	-0.034
qqe-channel-strategy/family7	1h	5	14	0.168	2.4	8	0.712	6	-0.557	66	-0.259
ut-bot-v2-atr-trailing-stop/family7	1h	1	132	0.134	17.7	63	0.324	69	-0.039	149	-0.126
egan-s-pure-structure-s-d-strategy-backtest/family7	1h	2	67	0.123	8.2	43	0.039	24	0.273	102	-0.113
sma-4-sma-30/family7	1h	1	74	-0.007	-0.5	33	0.090	41	-0.085	83	-0.136
europon-reversal-fx-rush-ver2-strategy/family7	1h	1	117	0.065	7.6	54	0.197	63	-0.049	150	-0.036
dca-grid-15-orders-1-1-step-1-8-tp/family7	1h	2	14	-0.066	-0.9	1	1.995	13	-0.225	61	0.050
institutional-ob-entry-exit-sl-strategy/family7	1h	2	11	0.416	4.6	9	0.588	2	-0.357	16	-0.039
smart-trend-strategy-julzalgo/family7	1h	2	22	0.108	2.4	16	-0.050	6	0.531	36	-0.120
supertrend-strategy/family7	1h	4	15	-0.015	-0.2	11	-0.187	4	0.455	35	-0.117
macd-crossover-strategy/family7	1h	1	102	-0.058	-5.9	45	0.082	57	-0.169	122	-0.175
expma-analysis/family7	1h	1	19	-0.131	-2.5	10	-0.254	9	0.006	15	0.171
scalping-london-new-york-strategy/family7	1h	1	100	-0.007	-0.7	45	0.185	55	-0.165	122	-0.186
strategy-validation-framework-standardised-atr-exits-1-ris/family7	1h	3	16	0.162	2.6	8	0.341	8	-0.017	24	0.068
serhan1-wma-rsi-trailing-scalp-date-filter/family7	1h	1	47	0.077	3.6	20	0.474	27	-0.217	51	-0.342
market-breadth-trend-strategy/family7	1h	2	49	0.181	8.9	32	0.257	17	0.037	96	-0.022
session-king-alma-with-session-filter/family7	1h	2	22	-0.086	-1.9	15	0.047	7	-0.370	35	-0.035
twe-2-bar-break-strategy/family7	1h	2	132	0.015	2.0	80	0.156	52	-0.203	214	-0.185
15m-nifty-multi-day-swing-target-engine-v1-0/family7	1h	1	21	0.143	3.0	11	0.623	10	-0.385	18	0.002
manoj-betrayed-me/family7	1h	1	97	0.198	19.2	56	0.217	41	0.173	79	-0.011
double-tap/family7	1h	4	16	0.354	5.7	11	0.566	5	-0.113	51	-0.222
btcusd-4h-ema-swing-strategy/family7	1h	1	31	0.003	0.1	13	0.254	18	-0.179	29	-0.213
simple-breakout-strategy-santana/family7	1h	1	70	0.145	10.2	34	0.224	36	0.071	62	0.039
ahlenaz/family7	1h	1	36	0.305	11.0	24	0.325	12	0.265	23	0.174
nse-elite-strategy-v6-full-system/family7	1h	1	21	0.010	0.2	11	0.313	10	-0.324	20	-0.118
ema-40-pullback-pyramid-strategy/family7	1h	1	125	0.091	11.3	62	0.196	63	-0.013	185	-0.172
fair-value-gap-strategy/family7	1h	1	146	0.068	9.9	81	0.098	65	0.031	139	-0.108
ll-momentum-and-curl-master/family7	1h	2	20	0.136	2.7	14	0.148	6	0.110	32	0.259
psol-02-keltner-breakout/family7	1h	1	19	0.302	5.7	9	0.142	10	0.446	15	0.730
katana-v5-pro-fvg-50-model/family7	1h	1	33	0.421	13.9	18	0.441	15	0.396	30	0.151
the-greatest-bot-ever-made-pmt-apex-edition/family7	1h	1	80	0.019	1.5	48	0.117	32	-0.128	59	-0.063
the-greatest-bot-ever-made-pmt-apex-edition-tv-strategies/family7	1h	1	80	0.019	1.5	48	0.117	32	-0.128	59	-0.063
quanloki-qqe-system-opposite-signal-only-points/family7	1h	1	72	-0.049	-3.5	35	0.127	37	-0.216	77	-0.247
adaptive-multi-factor-v1-update-9-years/family7	1h	3	70	-0.054	-3.8	36	0.053	34	-0.168	160	-0.205
silver-surfer/family7	1h	1	143	0.081	11.5	80	0.128	63	0.020	136	-0.097
atm-adaptive-zone-momentum-scalper-1h/family7	1h	3	120	-0.022	-2.7	62	0.108	58	-0.162	434	-0.094
ema-9-vwap-strategy-with-atr-trailing-stop-win-the-trade/family7	1h	1	125	0.149	18.6	56	0.326	69	0.005	181	-0.094
atm/family7	1h	3	120	-0.022	-2.7	62	0.108	58	-0.162	434	-0.094
adaptive-multi-facto-9-years/family7	1h	3	54	-0.079	-4.3	27	0.093	27	-0.251	84	-0.178
fast-scalper-with-stops/family7	1h	3	45	-0.191	-8.6	18	0.033	27	-0.340	148	-0.245
fast-scalper-with-stops-tv-strategies/family7	1h	3	45	-0.191	-8.6	18	0.033	27	-0.340	148	-0.245
fast-scalper-with-stops-tv-strategies-cg3o8g9a/family7	1h	3	25	-0.078	-2.0	9	-0.165	16	-0.029	57	-0.093
sttrend-tp-lock-added/family7	1h	1	42	-0.039	-1.6	23	-0.082	19	0.013	32	-0.210
fast-scalper-with-stops-tv-strategies-mcwal9oa/family7	1h	3	45	-0.191	-8.6	18	0.033	27	-0.340	148	-0.245
es-1m-3m-momentum-signal-flip-exits/family7	1h	3	11	-0.061	-0.7	5	0.301	6	-0.363	19	-0.389
9-ema-20-ema-retest-strategy/family7	1h	1	74	0.054	4.0	45	0.173	29	-0.130	60	-0.268
clean-vwap-zl-scalper-single-trigger-by-sandip/family7	1h	1	135	0.041	5.5	65	0.151	70	-0.061	185	-0.147
clean-vwap-zl-scalper-single-trigger-by-david/family7	1h	1	135	0.041	5.5	65	0.151	70	-0.061	185	-0.147
good-luck/family7	1h	1	33	0.129	4.2	19	0.507	14	-0.385	38	-0.260
spike-ea-trade-strategy/family7	1h	2	162	0.076	12.3	86	0.226	76	-0.095	404	-0.092
nasdaq-oro-bruto-24h-mejorada/family7	1h	4	12	0.398	4.8	9	0.483	3	0.146	47	0.357
nasdaq-nq-24h-mejorada/family7	1h	4	12	0.398	4.8	9	0.483	3	0.146	47	0.357
zr-grizzly/family7	1h	2	33	0.217	7.2	17	0.201	16	0.234	57	-0.096
concordance-execution-model/family7	1h	2	18	0.381	6.9	10	0.103	8	0.730	32	0.339
frosty-alerts/family7	1h	2	181	0.066	12.0	97	0.127	84	-0.004	642	-0.131
caldera-meridian-strategy/family7	1h	1	43	-0.016	-0.7	23	0.044	20	-0.086	43	-0.252
enso-usdt-12h-trend-pullback-sniper/family7	1h	2	8	1.093	8.7	3	1.052	5	1.117	21	0.198
sebbiottino-trailing-stop-so-good-ger40-1m/family7	1h	1	103	-0.001	-0.1	53	0.089	50	-0.096	100	-0.214
ut-bot-shah-200-50-ema/family7	1h	1	19	0.187	3.5	13	0.515	6	-0.524	13	-0.223
my-strategy-9/family7	1h	1	70	0.145	10.2	34	0.224	36	0.071	62	0.039
psol-01-donchian-channels/family7	1h	1	26	0.344	9.0	12	0.371	14	0.321	18	0.676
helios-institutional-synthesis-strategy/family7	1h	1	50	0.171	8.5	28	0.174	22	0.167	43	0.161
nas100-sp500-turtle-soup-ny-v4-fixed/family7	1h	1	33	-0.003	-0.1	14	0.359	19	-0.270	41	-0.128
regime-execution-strategy/family7	1h	2	26	0.070	1.8	20	0.044	6	0.155	31	-0.367
quant-synthesis-strategy/family7	1h	1	29	0.190	5.5	20	0.468	9	-0.429	22	0.139
gold-ai-strategy-v2-0/family7	1h	1	28	-0.148	-4.2	17	-0.065	11	-0.277	39	-0.231
zeta9-v6/family7	1h	1	104	-0.017	-1.7	44	0.251	60	-0.213	127	-0.108
20-200-sma-strategy/family7	1h	1	69	0.031	2.1	25	0.460	44	-0.213	94	-0.326
liquidity-entry-zones-strategy-2-0/family7	1h	1	99	-0.007	-0.6	51	0.123	48	-0.144	101	-0.161
btc-averages-strategy-long-short/family7	1h	1	48	0.085	4.1	18	0.350	30	-0.074	51	-0.146
concordance-allocation-strategy/family7	1h	2	30	-0.271	-8.1	15	-0.073	15	-0.468	46	-0.163
sr-chart-pattern-scalper-v1/family7	1h	1	26	0.079	2.1	18	0.186	8	-0.160	24	-0.217
amit-eth-strategy/family7	1h	5	11	-0.428	-4.7	4	-0.675	7	-0.286	55	-0.342
amit-eth-strategy-tv-strategies/family7	1h	5	11	-0.428	-4.7	4	-0.675	7	-0.286	55	-0.342
moja-strategia-harami-bb/family7	1h	1	44	0.013	0.6	18	0.066	26	-0.023	55	0.025
inside-day-breakout-strategy/family7	1h	2	15	0.291	4.4	12	-0.042	3	1.624	20	0.128
moja-strategia-harami-bb-tv-strategies/family7	1h	1	44	0.013	0.6	18	0.066	26	-0.023	55	0.025
silverstream-v2/family7	1h	2	45	0.115	5.2	33	0.275	12	-0.323	100	-0.090
mgc-wyckoff-second-breakout-v3-candle-rr/family7	1h	3	35	0.214	7.5	20	0.379	15	-0.006	71	-0.112
concord-execution-mandate/family7	1h	1	122	0.119	14.6	56	0.203	66	0.049	150	-0.166
5m-sol-scalper-ha-lorentzian/family7	1h	2	30	-0.051	-1.5	16	0.245	14	-0.389	49	-0.377
asian-box-breakout-strategy/family7	1h	2	31	0.223	6.9	21	0.299	10	0.065	55	-0.019
3commas-trail-hunter-reversal-long/family7	1h	1	15	0.206	3.1	8	0.355	7	0.037	15	-0.419
super-rsi-strategy/family7	1h	4	44	-0.059	-2.6	29	-0.079	15	-0.021	151	-0.135
super-rsi-strategy-tv-strategies/family7	1h	4	44	-0.059	-2.6	29	-0.079	15	-0.021	151	-0.135
super-rsi-strategy-tv-strategies-nng1sppd/family7	1h	4	44	-0.059	-2.6	29	-0.079	15	-0.021	151	-0.135
bollinger-bands-rsi-live-radar-strategy/family7	1h	1	30	0.287	8.6	12	0.256	18	0.308	35	0.136
box-breakout-strategy-dt4b-trader/family7	1h	4	20	0.311	6.2	16	0.424	4	-0.141	64	0.093
sma-strategy/family7	1h	1	148	0.000	0.1	74	0.146	74	-0.145	213	-0.170
parallax-covenant-strategy/family7	1h	3	51	0.079	4.0	28	0.242	23	-0.120	102	-0.181
ttm-momentum-histo-9-ema-21-ema-debit-spread-script/family7	1h	1	81	0.199	16.1	41	0.249	40	0.148	68	0.149
beginner-trend-risk-model-ema-rsi/family7	1h	3	55	0.129	7.1	25	0.223	30	0.051	111	-0.131
rr-master-lc/family7	1h	1	10	0.108	1.1	7	0.202	3	-0.110	8	-0.322
ai-triple-confirmation-strategy/family7	1h	2	23	0.377	8.7	16	0.663	7	-0.277	26	-0.160
decoded-volatility-expansion/family7	1h	1	31	0.012	0.4	16	0.154	15	-0.139	29	-0.175
option-selling/family7	1h	1	10	0.257	2.6	4	0.306	6	0.224	11	-0.216
index-option-selling/family7	1h	1	10	0.257	2.6	4	0.306	6	0.224	11	-0.216
option-point/family7	1h	1	10	0.257	2.6	4	0.306	6	0.224	11	-0.216
real-strength-scalper/family7	1h	1	25	0.275	6.9	15	0.069	10	0.583	15	0.056
ema-dmi-macd-rsi-strategy/family7	1h	3	17	-0.043	-0.7	11	0.091	6	-0.290	41	-0.192
simple-smart-buy-sell-strategy/family7	1h	1	118	0.053	6.2	67	0.159	51	-0.086	93	0.003
albtrader-nq-beast-supertrend-macd-rsi/family7	1h	3	11	-0.255	-2.8	5	-0.616	6	0.047	31	-0.144
take-liquidity-multi-time-frame-tradesystem/family7	1h	2	22	0.033	0.7	9	-0.049	13	0.091	35	-0.052
options-momentum-bias-strategy-v2/family7	1h	4	15	0.097	1.5	10	0.506	5	-0.721	38	-0.215
strategy-461-ts-m15/family7	1h	1	58	-0.044	-2.6	29	0.124	29	-0.212	61	-0.276
autotrade-bot-v12/family7	1h	1	29	0.013	0.4	11	0.356	18	-0.197	30	-0.306
lvn-rejection-acceptance-strategy/family7	1h	1	119	-0.121	-14.4	67	0.025	52	-0.310	98	-0.250
adaptive-s-r-reversal-rsi-divergence-dca-be-stop-5m/family7	1h	1	24	-0.128	-3.1	9	0.581	15	-0.553	21	-0.132
nq-scalp-fix-signals/family7	1h	1	45	0.076	3.4	27	0.395	18	-0.402	37	-0.205
albtrader-nq-btc-gold-multi-tf-signal-bot-v2/family7	1h	1	70	0.007	0.5	32	0.237	38	-0.186	74	-0.151
ema-crossx/family7	1h	2	30	0.200	6.0	19	0.181	11	0.233	30	0.015
strategy-250-xauusd-composite-quality-score/family7	1h	2	14	-0.194	-2.7	8	-0.205	6	-0.180	16	0.124
strategy-432-btc-donchian-breakout-continuation/family7	1h	1	17	0.257	4.4	8	0.077	9	0.417	21	-0.114
scalping-reversal-strategy/family7	1h	1	18	-0.353	-6.4	8	-0.613	10	-0.146	25	-0.092
scalping-ichimoku/family7	1h	1	31	0.087	2.7	14	-0.227	17	0.346	35	0.075
scalping-entry-exit-indicator-by-diget/family7	1h	1	202	-0.013	-2.5	103	0.044	99	-0.072	266	-0.118
thrax-quickstrike-5-mins-scalping/family7	1h	1	63	0.033	2.1	36	-0.096	27	0.205	56	-0.031
scalper-s-moving-average-dyna/family7	1h	1	77	0.043	3.3	42	0.103	35	-0.030	58	-0.126
9-15-ema-scalper/family7	1h	1	42	0.035	1.5	24	0.321	18	-0.345	35	-0.255
parabolic-sar-heikin-ashi-mtf-candle-scalper/family7	1h	1	114	0.175	19.9	57	0.225	57	0.124	118	-0.122
scalpers-macd-vwap-filter/family7	1h	2	32	0.024	0.8	17	-0.051	15	0.109	83	-0.264
swing-failure-pattern-sfp-engine-agpro-series/family7	1h	1	23	-0.031	-0.7	9	0.142	14	-0.142	27	-0.139
swing-reversal-auto-targets-jpt-module-1/family7	1h	2	43	0.291	12.5	34	0.357	9	0.045	51	0.014
swing-gradient-tpos-boswaves/family7	1h	1	36	0.061	2.2	15	0.010	21	0.098	41	-0.073
fast-v-slow-moving-averages-strategy-variable-divonn1994/family7	1h	2	20	-0.085	-1.7	10	0.028	10	-0.198	38	-0.140
contrarian-scalping-counter-trend-bb-envelope-adx-and-stochastic/family7	1h	2	227	0.057	12.9	131	0.105	96	-0.010	0	0.000
god-of-scalping-btc/family7	1h	2	40	-0.058	-2.3	21	0.033	19	-0.158	83	-0.168
clean-multi-indicator-alignment-system/family7	1h	1	72	0.076	5.5	36	0.090	36	0.062	60	-0.159
market-direction-strength-mds/family7	1h	4	39	0.188	7.3	26	0.409	13	-0.253	95	-0.108
concordance-strategy/family7	1h	1	15	-0.116	-1.7	8	-0.060	7	-0.179	21	-0.014
consensus/family3	4h	2	35	0.296	10.4	19	0.687	16	-0.168		
consensus/family3	4h	3	34	0.139	4.7	18	0.412	16	-0.168		
stealthtrail-supertrend/family3	4h	1	44	-0.108	-4.7	25	0.246	19	-0.573	29	-0.379
swing-volume-profile-pro/family3	4h	1	22	-0.133	-2.9	11	-0.293	11	0.028	25	-0.222
pulse-trend-radar/family3	4h	1	14	-0.168	-2.4	7	0.102	7	-0.438	14	-0.589
triangular-hull-moving-average-volatility/family3	4h	1	16	-0.265	-4.2	8	-0.123	8	-0.407	19	-0.378
session-killzones-breakouts/family3	4h	1	161	-0.056	-9.0	77	0.070	84	-0.171	165	-0.131
market-memory-average-zeiierman/family3	4h	1	18	0.034	0.6	8	0.110	10	-0.026	24	-0.352
curved-price-channels-zeiierman/family3	4h	2	12	-0.107	-1.3	4	0.289	8	-0.305	49	-0.175
ai-predictive-flow-zeiierman/family3	4h	1	60	-0.000	-0.0	25	0.046	35	-0.034	78	-0.085
trend-survival-matrix/family3	4h	1	16	-0.415	-6.6	8	-0.246	8	-0.584	16	-0.531
smart-flow-imbalance/family3	4h	1	18	0.092	1.7	7	0.895	11	-0.419	27	-0.271
macd-matrix/family3	4h	1	17	-0.137	-2.3	10	-0.093	7	-0.199	24	0.126
ema-trend-pro/family3	4h	1	16	-0.415	-6.6	8	-0.246	8	-0.584	16	-0.531
ema-trend-signals/family3	4h	1	16	-0.415	-6.6	8	-0.246	8	-0.584	16	-0.531
trend-pullback-guard/family3	4h	1	21	-0.090	-1.9	8	-0.050	13	-0.114	46	-0.040
anchored-value-distribution-oscillator-zeiierman/family3	4h	1	109	0.026	2.8	45	0.139	64	-0.054	173	-0.097
rsi-market-regime/family3	4h	1	35	-0.009	-0.3	16	0.058	19	-0.065	39	-0.007
adaptive-atr-extension-scanner/family3	4h	1	22	-0.170	-3.7	6	0.203	16	-0.309	27	-0.104
machine-learning-rsi-ai-classification-ranking-zeiierman/family3	4h	1	30	0.057	1.7	16	0.448	14	-0.390	26	-0.318
swing-multi-moving-averages-crypto-and-stocks-strategy/family3	4h	1	110	0.151	16.6	54	0.067	56	0.233	94	-0.038
williams-r-zone-scalper-v1-0-bullbyte/family3	4h	1	22	-0.215	-4.7	9	-0.381	13	-0.100	29	-0.216
smart-grid-scalping-pullback-strategy-bullbyte/family3	4h	1	27	-0.193	-5.2	12	0.053	15	-0.390	17	-0.294
pro-scalper-ai-bullbyte/family3	4h	2	32	0.474	15.2	16	1.052	16	-0.104	118	-0.023
ema-pullback-trend-continuation-strategy-with-volume-and-momentu/family3	4h	1	16	-0.203	-3.3	9	-0.248	7	-0.145	18	0.156
execution-aware-trend/family3	4h	1	13	-0.748	-9.7	4	-0.514	9	-0.852	19	-0.389
gradient-ribbon-ema-ribbon-slope-acceleration-system/family3	4h	1	20	-0.167	-3.3	10	-0.524	10	0.191	31	-0.073
coil-breaker-rsi-range-compression/family3	4h	1	12	0.153	1.8	5	-0.138	7	0.360	15	0.144
slope-ma-cross-acc-range-filter/family3	4h	1	26	0.296	7.7	15	0.357	11	0.213	47	-0.076
trendshift-supertrend-adx-regime-adaptive-strategy/family3	4h	1	22	-0.046	-1.0	14	0.170	8	-0.425	19	-0.309
dnse-vn301-sma-34-89-dual-slope-strategy/family3	4h	1	50	0.268	13.4	24	0.271	26	0.265	70	0.040
fair-value-gap-strategy-with-break-of-structure-confirmation/family3	4h	1	36	0.455	16.4	20	0.626	16	0.240	49	-0.018
bist30-to-sp-500-atr-momentum-rider/family3	4h	1	23	0.114	2.6	14	0.024	9	0.254	18	0.264
tradleware-dca/family3	4h	1	24	0.128	3.1	10	0.033	14	0.196	33	-0.071
cloud-pro-ichimoku-confluence/family3	4h	1	32	0.055	1.8	13	-0.070	19	0.141	36	-0.204
nnfx-btc-ssl-qqe-signalforge/family3	4h	1	75	0.138	10.4	38	0.231	37	0.043	79	-0.015
hyperliquid-ready-webhook-strategy-template/family3	4h	1	16	-0.415	-6.6	8	-0.246	8	-0.584	17	-0.558
z-edge-confluence-z-score-strategy/family3	4h	1	45	-0.173	-7.8	21	-0.026	24	-0.301	53	-0.329
tp-sl-toolkit/family3	4h	2	10	-0.025	-0.2	5	-0.247	5	0.198	62	-0.163
vwap-suite-trend-mean-reversion-with-adaptive-filters/family3	4h	1	24	0.463	11.1	11	0.883	13	0.108	37	-0.047
webhook-alert-strategy-template/family3	4h	1	18	-0.270	-4.9	9	-0.637	9	0.097	22	-0.278
donchian-breakout-with-atr-trailing-stop-trend-following/family3	4h	1	14	-0.407	-5.7	4	-0.318	10	-0.443	22	-0.405
super-trend-signal-engine-quantum-edge/family3	4h	1	23	-0.340	-7.8	14	-0.069	9	-0.761	24	-0.710
dual-bollinger-band-cross-strategy-v6/family3	4h	1	39	0.037	1.5	17	0.020	22	0.050	42	0.017
optimized-doji-breakout-strategy-short-only-v6/family3	4h	1	45	-0.059	-2.7	22	0.221	23	-0.327	43	-0.261
smoothed-heiken-ashi-strategy-v1/family3	4h	1	26	-0.127	-3.3	10	0.424	16	-0.472	24	-0.314
xau-clear-ema-atr-strategy-tp-sl-voice-v6-clean-tp/family3	4h	1	36	0.073	2.6	18	0.117	18	0.029	35	-0.159
xau-clear-ema-atr-strategy-tp-sl-voice-v6/family3	4h	1	36	0.073	2.6	18	0.117	18	0.029	35	-0.159
smc-clean-4h-zones-center-labels-hh-hl-ll-lh/family3	4h	1	167	0.101	16.9	81	0.217	86	-0.007	486	-0.057
apex-fusion-ai-smart-trend-engine/family3	4h	1	22	-0.047	-1.0	10	0.200	12	-0.253	40	-0.141
bps-v17-strong-trend-filter/family3	4h	1	17	0.032	0.6	7	0.005	10	0.052	26	-0.171
bps-v17-strong-trend-filter-tv-strategies/family3	4h	1	17	0.032	0.6	7	0.005	10	0.052	26	-0.171
btc-8am-pattern-breakout-instant-entry/family3	4h	1	85	0.133	11.3	43	0.196	42	0.069	98	-0.156
vwap-points-percent-ticks-strategy/family3	4h	1	213	0.022	4.7	99	0.158	114	-0.096	397	-0.111
pm-range-breakout-retest-fade/family3	4h	1	54	0.047	2.5	28	-0.084	26	0.189	43	0.146
bollinger-squeeze-breakout-volume/family3	4h	1	31	-0.115	-3.6	16	0.142	15	-0.389	31	-0.120
arbf-strategy-v1-8/family3	4h	1	57	0.087	5.0	14	-0.349	43	0.229	98	-0.088
reverse-bb-kc/family3	4h	2	9	0.183	1.6	4	0.543	5	-0.105	22	0.075
tomukas-daily-scale-in/family3	4h	1	17	0.107	1.8	6	0.340	11	-0.021	19	-0.060
trend-persistence-analysis-framework/family3	4h	1	56	0.136	7.6	29	0.227	27	0.039	73	0.053
ewo-rsi-advanced-signals-strategy-exhaustion-filter/family3	4h	2	26	0.125	3.2	16	0.204	10	-0.003	33	0.113
hemant-gold-strategy/family3	4h	1	20	0.257	5.1	10	-0.241	10	0.755	24	0.317
high-activity-penny-stock-strategy-v6/family3	4h	1	29	-0.102	-3.0	14	0.248	15	-0.430	24	-0.311
kaufman-moving-average-adaptive-strategy-by-mkb/family3	4h	1	28	0.049	1.4	13	0.062	15	0.037	31	-0.107
bb-kc-squeeze-breakout/family3	4h	1	12	0.072	0.9	5	0.859	7	-0.490	20	-0.140
ai-slop-holy-grail-trap-btc-1h-non-repainting-overfit/family3	4h	1	19	0.143	2.7	4	0.592	15	0.023	19	-0.018
bollinger-bands-simple-strategy/family3	4h	1	69	0.057	3.9	32	0.211	37	-0.076	57	0.108
adaptive-dual-engine-strategy-momentum-mean-reversion/family3	4h	1	67	0.066	4.4	30	0.171	37	-0.019	98	-0.143
estrategia-dpo-artedejubilarte/family3	4h	1	32	-0.099	-3.2	15	0.179	17	-0.344	36	-0.095
volatility-surge-strategy/family3	4h	1	14	-0.039	-0.5	11	-0.074	3	0.091	7	0.074
master-structural-engine/family3	4h	1	12	0.370	4.4	4	0.646	8	0.233	15	0.104
supertrend-bb-strategy/family3	4h	1	32	-0.060	-1.9	16	0.335	16	-0.455	25	-0.425
engulfing-mitigation-strategy/family3	4h	2	30	0.680	20.4	18	0.829	12	0.457	125	-0.124
vumanchu-wt-zero-cross-strategy-v1-2-2/family3	4h	2	8	-0.221	-1.8	3	-0.519	5	-0.042	69	-0.162
bb-macd-v6-1-5-qing-smart-distribution/family3	4h	1	29	0.116	3.4	16	0.304	13	-0.114	26	-0.026
vumanchu-wt-zero-cross-strategy-v1-2-3/family3	4h	1	49	-0.213	-10.4	20	-0.195	29	-0.226	44	-0.203
velocity-breakout-strategy-vbs/family3	4h	1	33	-0.079	-2.6	19	0.251	14	-0.526	23	-0.385
nifty-supertrend-ce-strategy-alice-blue/family3	4h	1	36	-0.085	-3.0	20	0.211	16	-0.455	27	-0.468
ultimate-pattern-engine-ema-stochastic-by-rony/family3	4h	1	89	0.151	13.5	47	0.140	42	0.164	122	-0.083
fair-value-gap-continuation-framework/family3	4h	1	56	-0.023	-1.3	25	-0.013	31	-0.031	75	-0.018
pm-range-breakout-retest-fade-tv-strategies/family3	4h	1	54	0.047	2.5	28	-0.084	26	0.189	43	0.146
qqe-channel-strategy/family3	4h	1	49	0.102	5.0	23	0.382	26	-0.146	46	0.015
ut-bot-v2-atr-trailing-stop/family3	4h	1	130	-0.055	-7.1	62	0.079	68	-0.177	124	-0.169
egan-s-pure-structure-s-d-strategy-backtest/family3	4h	1	50	0.110	5.5	21	0.483	29	-0.160	72	-0.048
sma-4-sma-30/family3	4h	1	60	-0.240	-14.4	28	-0.073	32	-0.385	62	-0.270
institutional-ob-entry-exit-sl-strategy/family3	4h	1	15	0.180	2.7	6	0.420	9	0.020	31	0.069
smart-trend-strategy-julzalgo/family3	4h	1	17	-0.133	-2.3	5	0.423	12	-0.364	25	-0.185
supertrend-strategy/family3	4h	1	39	-0.155	-6.0	21	0.154	18	-0.515	28	-0.487
macd-crossover-strategy/family3	4h	2	31	0.010	0.3	15	0.222	16	-0.190	86	-0.066
scalping-london-new-york-strategy/family3	4h	2	13	0.361	4.7	7	0.468	6	0.236	86	0.115
strategy-validation-framework-standardised-atr-exits-1-ris/family3	4h	1	16	-0.214	-3.4	9	0.083	7	-0.595	17	-0.182
serhan1-wma-rsi-trailing-scalp-date-filter/family3	4h	1	29	-0.129	-3.7	14	-0.346	15	0.074	31	0.183
market-breadth-trend-strategy/family3	4h	1	57	0.057	3.2	31	0.069	26	0.042	65	0.197
twe-2-bar-break-strategy/family3	4h	1	105	0.055	5.8	51	0.063	54	0.048	118	-0.068
15m-nifty-multi-day-swing-target-engine-v1-0/family3	4h	1	14	0.300	4.2	8	0.366	6	0.211	16	-0.250
btcusd-4h-ema-swing-strategy/family3	4h	1	15	0.171	2.6	8	-0.104	7	0.487	12	0.352
simple-breakout-strategy-santana/family3	4h	1	36	0.146	5.3	17	0.518	19	-0.187	45	-0.177
ahlenaz/family3	4h	1	14	0.210	2.9	7	0.624	7	-0.205	27	-0.131
ema-40-pullback-pyramid-strategy/family3	4h	1	82	-0.020	-1.6	42	0.114	40	-0.160	108	-0.149
tjr-v4-strategy/family3	4h	2	49	0.347	17.0	29	0.447	20	0.203	341	-0.017
fair-value-gap-strategy/family3	4h	1	112	0.086	9.6	59	0.141	53	0.025	102	0.102
the-greatest-bot-ever-made-pmt-apex-edition/family3	4h	1	45	0.093	4.2	27	0.510	18	-0.532	42	-0.235
the-greatest-bot-ever-made-pmt-apex-edition-tv-strategies/family3	4h	1	45	0.093	4.2	27	0.510	18	-0.532	42	-0.235
katana-v5-pro-fvg-50-model/family3	4h	1	14	0.392	5.5	7	0.510	7	0.273	21	-0.049
quanloki-qqe-system-opposite-signal-only-points/family3	4h	2	16	0.074	1.2	10	0.200	6	-0.137	56	-0.033
adaptive-multi-factor-v1-update-9-years/family3	4h	1	90	0.178	16.0	41	0.286	49	0.088	97	0.002
atm-adaptive-zone-momentum-scalper-1h/family3	4h	1	202	0.018	3.7	98	0.105	104	-0.064	333	-0.063
ema-9-vwap-strategy-with-atr-trailing-stop-win-the-trade/family3	4h	1	86	0.023	2.0	38	0.252	48	-0.158	137	-0.117
atm/family3	4h	1	202	0.018	3.7	98	0.105	104	-0.064	333	-0.063
adaptive-multi-facto-9-years/family3	4h	1	59	-0.011	-0.6	27	0.241	32	-0.223	64	-0.207
fast-scalper-with-stops/family3	4h	1	82	-0.003	-0.2	39	0.148	43	-0.140	97	-0.117
fast-scalper-with-stops-tv-strategies/family3	4h	1	82	-0.003	-0.2	39	0.148	43	-0.140	97	-0.117
fast-scalper-with-stops-tv-strategies-cg3o8g9a/family3	4h	1	44	0.186	8.2	18	0.219	26	0.164	42	0.165
sttrend-tp-lock-added/family3	4h	1	22	-0.375	-8.3	13	-0.108	9	-0.761	24	-0.710
fast-scalper-with-stops-tv-strategies-mcwal9oa/family3	4h	1	82	-0.003	-0.2	39	0.148	43	-0.140	97	-0.117
silver-surfer/family3	4h	1	111	0.067	7.4	59	0.117	52	0.011	102	0.077
9-ema-20-ema-retest-strategy/family3	4h	1	50	0.127	6.3	19	0.282	31	0.031	76	-0.164
good-luck/family3	4h	1	23	0.281	6.5	14	0.276	9	0.289	25	-0.346
spike-ea-trade-strategy/family3	4h	1	172	0.247	42.5	80	0.387	92	0.125	289	-0.038
clean-vwap-zl-scalper-single-trigger-by-sandip/family3	4h	1	132	0.022	2.9	65	0.089	67	-0.043	149	-0.106
clean-vwap-zl-scalper-single-trigger-by-david/family3	4h	1	132	0.022	2.9	65	0.089	67	-0.043	149	-0.106
nasdaq-oro-bruto-24h-mejorada/family3	4h	1	25	-0.268	-6.7	11	0.032	14	-0.503	42	-0.247
nasdaq-nq-24h-mejorada/family3	4h	1	25	-0.268	-6.7	11	0.032	14	-0.503	42	-0.247
zr-grizzly/family3	4h	2	10	0.405	4.0	3	1.017	7	0.143	37	0.127
frosty-alerts/family3	4h	2	58	0.349	20.3	35	0.641	23	-0.094	777	-0.065
caldera-meridian-strategy/family3	4h	1	22	0.203	4.5	10	0.494	12	-0.039	33	-0.052
enso-usdt-12h-trend-pullback-sniper/family3	4h	1	12	-0.070	-0.8	6	-0.039	6	-0.101	18	-0.231
sebbiottino-trailing-stop-so-good-ger40-1m/family3	4h	1	55	0.350	19.3	25	0.280	30	0.409	69	-0.095
my-strategy-9/family3	4h	1	36	0.146	5.3	17	0.518	19	-0.187	45	-0.177
ut-bot-shah-200-50-ema/family3	4h	1	9	-0.577	-5.2	3	-0.507	6	-0.612	15	-0.298
regime-execution-strategy/family3	4h	1	20	-0.056	-1.1	10	-0.098	10	-0.015	28	-0.110
quant-synthesis-strategy/family3	4h	1	15	0.203	3.0	7	0.546	8	-0.098	31	-0.220
nas100-sp500-turtle-soup-ny-v4-fixed/family3	4h	2	17	0.127	2.2	11	0.011	6	0.342	50	-0.043
gold-ai-strategy-v2-0/family3	4h	1	19	-0.363	-6.9	8	-0.498	11	-0.265	29	-0.344
zeta9-v6/family3	4h	2	17	-0.148	-2.5	7	-0.300	10	-0.042	80	-0.089
btc-averages-strategy-long-short/family3	4h	1	21	-0.209	-4.4	10	0.055	11	-0.449	27	-0.270
liquidity-entry-zones-strategy-2-0/family3	4h	2	16	0.454	7.3	9	0.544	7	0.338	65	0.124
20-200-sma-strategy/family3	4h	2	11	0.140	1.5	6	-0.127	5	0.460	75	0.150
bb-short-dca-strategy/family3	4h	1	28	-0.166	-4.6	14	-0.051	14	-0.281	18	-0.089
concordance-allocation-strategy/family3	4h	1	17	0.203	3.4	7	-0.121	10	0.429	37	-0.282
helios-institutional-synthesis-strategy/family3	4h	1	115	0.098	11.3	54	0.111	61	0.087	100	0.036
amit-eth-strategy/family3	4h	2	12	0.117	1.4	7	0.245	5	-0.064	42	-0.261
amit-eth-strategy-tv-strategies/family3	4h	2	12	0.117	1.4	7	0.245	5	-0.064	42	-0.261
moja-strategia-harami-bb/family3	4h	2	15	-0.113	-1.7	8	0.013	7	-0.257	39	0.105
moja-strategia-harami-bb-tv-strategies/family3	4h	2	15	-0.113	-1.7	8	0.013	7	-0.257	39	0.105
silverstream-v2/family3	4h	1	58	0.274	15.9	33	0.123	25	0.472	73	0.108
asian-box-breakout-strategy/family3	4h	1	82	0.128	10.5	44	0.042	38	0.227	80	-0.120
mgc-wyckoff-second-breakout-v3-candle-rr/family3	4h	2	17	-0.090	-1.5	9	0.211	8	-0.428	48	-0.194
5m-sol-scalper-ha-lorentzian/family3	4h	1	27	-0.047	-1.3	13	-0.110	14	0.012	32	-0.160
inside-day-breakout-strategy/family3	4h	1	19	-0.035	-0.7	6	-0.360	13	0.115	33	0.110
bollinger-bands-rsi-live-radar-strategy/family3	4h	2	6	0.964	5.8	3	0.722	3	1.206	34	0.137
super-rsi-strategy/family3	4h	1	88	0.143	12.6	47	0.273	41	-0.005	101	-0.050
concord-execution-mandate/family3	4h	1	104	0.209	21.7	54	0.435	50	-0.035	126	-0.083
super-rsi-strategy-tv-strategies/family3	4h	1	88	0.143	12.6	47	0.273	41	-0.005	101	-0.050
super-rsi-strategy-tv-strategies-nng1sppd/family3	4h	1	88	0.143	12.6	47	0.273	41	-0.005	101	-0.050
box-breakout-strategy-dt4b-trader/family3	4h	1	42	-0.093	-3.9	21	0.225	21	-0.411	52	-0.288
sma-strategy/family3	4h	2	40	0.148	5.9	23	0.315	17	-0.078	142	-0.050
parallax-covenant-strategy/family3	4h	2	14	-0.256	-3.6	5	0.249	9	-0.537	68	-0.263
3commas-pullback-sniper-strategy/family3	4h	1	25	0.013	0.3	14	0.254	11	-0.294	15	-0.091
ttm-momentum-histo-9-ema-21-ema-debit-spread-script/family3	4h	1	37	0.115	4.3	17	0.518	20	-0.227	49	-0.164
beginner-trend-risk-model-ema-rsi/family3	4h	2	22	0.200	4.4	11	0.403	11	-0.004	76	-0.151
ai-triple-confirmation-strategy/family3	4h	1	13	0.072	0.9	6	0.414	7	-0.221	25	-0.040
albtrader-nq-beast-supertrend-macd-rsi/family3	4h	1	13	-0.231	-3.0	6	-0.033	7	-0.401	25	-0.102
simple-smart-buy-sell-strategy/family3	4h	1	56	0.032	1.8	24	-0.013	32	0.067	75	-0.259
options-momentum-bias-strategy-v2/family3	4h	1	25	0.297	7.4	11	0.259	14	0.327	44	-0.176
strategy-461-ts-m15/family3	4h	1	29	0.231	6.7	11	0.157	18	0.276	38	0.224
lvn-rejection-acceptance-strategy/family3	4h	1	43	-0.077	-3.3	18	0.088	25	-0.196	73	-0.028
albtrader-nq-btc-gold-multi-tf-signal-bot-v2/family3	4h	1	37	-0.050	-1.8	10	0.018	27	-0.075	53	-0.168
ema-crossx/family3	4h	1	21	0.100	2.1	8	-0.103	13	0.226	24	-0.001
scalping-reversal-strategy/family3	4h	1	24	-0.180	-4.3	13	-0.215	11	-0.137	15	-0.108
scalping-ichimoku/family3	4h	1	17	-0.043	-0.7	6	0.084	11	-0.113	20	-0.262
scalping-entry-exit-indicator-by-diget/family3	4h	1	163	0.038	6.1	78	0.112	85	-0.031	205	-0.091
scalper-s-moving-average-dyna/family3	4h	1	17	-0.151	-2.6	9	0.010	8	-0.332	42	-0.152
thrax-quickstrike-5-mins-scalping/family3	4h	1	88	0.212	18.7	52	0.386	36	-0.038	85	-0.134
9-15-ema-scalper/family3	4h	1	18	0.293	5.3	8	0.669	10	-0.008	32	-0.265
scalpers-macd-vwap-filter/family3	4h	2	18	0.061	1.1	12	0.033	6	0.119	53	-0.067
swing-reversal-auto-targets-jpt-module-1/family3	4h	1	23	0.227	5.2	12	0.432	11	0.004	43	0.053
swing-gradient-tpos-boswaves/family3	4h	1	26	0.142	3.7	9	0.166	17	0.129	33	0.110
fast-v-slow-moving-averages-strategy-variable-divonn1994/family3	4h	1	25	0.186	4.6	13	0.691	12	-0.362	23	-0.381
contrarian-scalping-counter-trend-bb-envelope-adx-and-stochastic/family3	4h	2	71	0.290	20.6	40	0.650	31	-0.175	1999	-0.038
god-of-scalping-btc/family3	4h	1	62	0.154	9.5	27	0.165	35	0.146	65	0.056
clean-multi-indicator-alignment-system/family3	4h	1	56	0.040	2.3	28	0.254	28	-0.174	53	-0.096
market-direction-strength-mds/family3	4h	1	62	0.014	0.8	31	0.134	31	-0.107	71	-0.169
consensus/family5	4h	3	77	0.021	1.6	20	0.412	57	-0.116		
consensus/family5	4h	4	28	0.116	3.3	14	0.354	14	-0.121		
consensus/family5	4h	5	19	-0.047	-0.9	5	0.160	14	-0.121		
stealthtrail-supertrend/family5	4h	3	17	0.011	0.2	8	0.621	9	-0.531	29	-0.379
swing-volume-profile-pro/family5	4h	1	21	-0.021	-0.4	9	-0.195	12	0.110	25	-0.222
session-killzones-breakouts/family5	4h	1	165	-0.086	-14.1	58	0.140	107	-0.208	165	-0.131
market-memory-average-zeiierman/family5	4h	1	18	0.013	0.2	7	0.286	11	-0.161	24	-0.352
curved-price-channels-zeiierman/family5	4h	2	25	0.073	1.8	14	0.143	11	-0.015	49	-0.175
ai-predictive-flow-zeiierman/family5	4h	1	51	0.103	5.3	18	0.478	33	-0.101	78	-0.085
smart-flow-imbalance/family5	4h	1	19	0.016	0.3	6	0.817	13	-0.353	27	-0.271
macd-matrix/family5	4h	1	16	-0.209	-3.3	7	0.031	9	-0.395	24	0.126
trend-pullback-guard/family5	4h	1	14	-0.337	-4.7	5	0.041	9	-0.548	46	-0.040
anchored-value-distribution-oscillator-zeiierman/family5	4h	1	107	-0.024	-2.6	33	0.234	74	-0.140	173	-0.097
rsi-market-regime/family5	4h	1	28	0.206	5.8	12	0.515	16	-0.026	39	-0.007
adaptive-atr-extension-scanner/family5	4h	1	19	-0.275	-5.2	2	0.365	17	-0.350	27	-0.104
machine-learning-rsi-ai-classification-ranking-zeiierman/family5	4h	1	24	0.015	0.4	10	0.723	14	-0.491	26	-0.318
swing-multi-moving-averages-crypto-and-stocks-strategy/family5	4h	1	93	0.154	14.3	30	0.195	63	0.135	94	-0.038
williams-r-zone-scalper-v1-0-bullbyte/family5	4h	1	22	-0.309	-6.8	6	-0.071	16	-0.399	29	-0.216
smart-grid-scalping-pullback-strategy-bullbyte/family5	4h	1	28	-0.154	-4.3	11	0.149	17	-0.350	17	-0.294
pro-scalper-ai-bullbyte/family5	4h	4	20	0.669	13.4	13	1.021	7	0.015	118	-0.023
ema-pullback-trend-continuation-strategy-with-volume-and-momentu/family5	4h	1	16	-0.208	-3.3	6	-0.109	10	-0.267	18	0.156
execution-aware-trend/family5	4h	1	15	-0.631	-9.5	3	-0.352	12	-0.701	19	-0.389
gradient-ribbon-ema-ribbon-slope-acceleration-system/family5	4h	1	20	0.095	1.9	9	0.203	11	0.007	31	-0.073
coil-breaker-rsi-range-compression/family5	4h	1	12	0.157	1.9	4	0.091	8	0.190	15	0.144
slope-ma-cross-acc-range-filter/family5	4h	1	30	0.262	7.9	14	0.515	16	0.042	47	-0.076
trendshift-supertrend-adx-regime-adaptive-strategy/family5	4h	1	19	-0.304	-5.8	9	-0.041	10	-0.540	19	-0.309
dnse-vn301-sma-34-89-dual-slope-strategy/family5	4h	1	45	0.305	13.7	15	0.654	30	0.130	70	0.040
fair-value-gap-strategy-with-break-of-structure-confirmation/family5	4h	1	30	0.358	10.8	14	0.582	16	0.163	49	-0.018
bist30-to-sp-500-atr-momentum-rider/family5	4h	1	22	0.340	7.5	10	0.136	12	0.510	18	0.264
tradleware-dca/family5	4h	1	23	0.268	6.2	10	0.033	13	0.449	33	-0.071
cloud-pro-ichimoku-confluence/family5	4h	1	26	0.121	3.1	8	0.443	18	-0.022	36	-0.204
nnfx-btc-ssl-qqe-signalforge/family5	4h	1	74	0.135	10.0	27	0.341	47	0.017	79	-0.015
hyperliquid-ready-webhook-strategy-template/family5	4h	1	14	-0.329	-4.6	5	0.215	9	-0.630	17	-0.558
z-edge-confluence-z-score-strategy/family5	4h	1	43	-0.093	-4.0	16	0.325	27	-0.341	53	-0.329
tp-sl-toolkit/family5	4h	1	60	-0.074	-4.5	20	0.224	40	-0.224	62	-0.163
vwap-suite-trend-mean-reversion-with-adaptive-filters/family5	4h	1	25	0.440	11.0	11	0.883	14	0.093	37	-0.047
webhook-alert-strategy-template/family5	4h	1	16	-0.240	-3.8	6	-0.147	10	-0.296	22	-0.278
donchian-breakout-with-atr-trailing-stop-trend-following/family5	4h	1	14	-0.407	-5.7	2	0.365	12	-0.536	22	-0.405
super-trend-signal-engine-quantum-edge/family5	4h	1	22	-0.310	-6.8	10	0.304	12	-0.821	24	-0.710
dual-bollinger-band-cross-strategy-v6/family5	4h	1	32	-0.010	-0.3	9	-0.204	23	0.066	42	0.017
optimized-doji-breakout-strategy-short-only-v6/family5	4h	1	50	-0.018	-0.9	22	0.408	28	-0.353	43	-0.261
smoothed-heiken-ashi-strategy-v1/family5	4h	1	23	0.101	2.3	10	0.828	13	-0.458	24	-0.314
xau-clear-ema-atr-strategy-tp-sl-voice-v6-clean-tp/family5	4h	1	36	0.073	2.6	14	0.335	22	-0.093	35	-0.159
xau-clear-ema-atr-strategy-tp-sl-voice-v6/family5	4h	1	36	0.073	2.6	14	0.335	22	-0.093	35	-0.159
smc-clean-4h-zones-center-labels-hh-hl-ll-lh/family5	4h	1	169	0.115	19.4	64	0.376	105	-0.045	486	-0.057
apex-fusion-ai-smart-trend-engine/family5	4h	1	21	0.060	1.3	7	0.541	14	-0.181	40	-0.141
bps-v17-strong-trend-filter/family5	4h	1	18	-0.236	-4.2	4	0.400	14	-0.418	26	-0.171
bps-v17-strong-trend-filter-tv-strategies/family5	4h	1	18	-0.236	-4.2	4	0.400	14	-0.418	26	-0.171
btc-8am-pattern-breakout-instant-entry/family5	4h	1	74	0.232	17.1	31	0.530	43	0.016	98	-0.156
vwap-points-percent-ticks-strategy/family5	4h	1	235	-0.034	-8.1	75	0.253	160	-0.169	397	-0.111
pm-range-breakout-retest-fade/family5	4h	2	35	0.025	0.9	12	0.061	23	0.006	43	0.146
bollinger-squeeze-breakout-volume/family5	4h	1	29	-0.132	-3.8	10	0.345	19	-0.383	31	-0.120
arbf-strategy-v1-8/family5	4h	3	27	-0.104	-2.8	6	-0.518	21	0.014	98	-0.088
reverse-bb-kc/family5	4h	3	12	0.120	1.4	5	0.535	7	-0.177	22	0.075
tomukas-daily-scale-in/family5	4h	1	21	0.070	1.5	5	0.324	16	-0.009	19	-0.060
trend-persistence-analysis-framework/family5	4h	2	22	0.397	8.7	16	0.585	6	-0.105	73	0.053
ewo-rsi-advanced-signals-strategy-exhaustion-filter/family5	4h	4	16	0.264	4.2	12	0.244	4	0.324	33	0.113
hemant-gold-strategy/family5	4h	1	18	0.069	1.2	6	0.028	12	0.089	24	0.317
high-activity-penny-stock-strategy-v6/family5	4h	1	26	-0.239	-6.2	10	0.367	16	-0.617	24	-0.311
kaufman-moving-average-adaptive-strategy-by-mkb/family5	4h	1	22	0.097	2.1	6	0.108	16	0.093	31	-0.107
bb-kc-squeeze-breakout/family5	4h	1	13	-0.197	-2.6	3	1.290	10	-0.643	20	-0.140
ai-slop-holy-grail-trap-btc-1h-non-repainting-overfit/family5	4h	1	17	0.156	2.6	3	0.432	14	0.096	19	-0.018
bollinger-bands-simple-strategy/family5	4h	2	31	0.306	9.5	20	0.594	11	-0.217	57	0.108
adaptive-dual-engine-strategy-momentum-mean-reversion/family5	4h	2	40	0.088	3.5	20	0.468	20	-0.291	98	-0.143
estrategia-dpo-artedejubilarte/family5	4h	1	30	-0.034	-1.0	12	0.447	18	-0.355	36	-0.095
master-structural-engine/family5	4h	1	13	0.414	5.4	5	0.703	8	0.233	15	0.104
supertrend-bb-strategy/family5	4h	1	24	-0.035	-0.8	7	1.064	17	-0.487	25	-0.425
engulfing-mitigation-strategy/family5	4h	1	115	0.128	14.7	42	0.459	73	-0.063	125	-0.124
vumanchu-wt-zero-cross-strategy-v1-2-2/family5	4h	1	62	-0.113	-7.0	20	0.085	42	-0.207	69	-0.162
bb-macd-v6-1-5-qing-smart-distribution/family5	4h	1	22	-0.045	-1.0	9	0.325	13	-0.301	26	-0.026
vumanchu-wt-zero-cross-strategy-v1-2-3/family5	4h	1	48	-0.084	-4.0	17	0.183	31	-0.231	44	-0.203
velocity-breakout-strategy-vbs/family5	4h	1	31	-0.017	-0.5	14	0.565	17	-0.496	23	-0.385
nifty-supertrend-ce-strategy-alice-blue/family5	4h	1	29	-0.102	-3.0	12	0.443	17	-0.487	27	-0.468
ultimate-pattern-engine-ema-stochastic-by-rony/family5	4h	2	44	0.244	10.7	27	0.348	17	0.080	122	-0.083
fair-value-gap-continuation-framework/family5	4h	1	52	0.016	0.8	19	0.123	33	-0.046	75	-0.018
pm-range-breakout-retest-fade-tv-strategies/family5	4h	1	35	0.025	0.9	12	0.061	23	0.006	43	0.146
qqe-channel-strategy/family5	4h	2	27	0.149	4.0	13	0.739	14	-0.400	46	0.015
ut-bot-v2-atr-trailing-stop/family5	4h	3	64	0.019	1.2	24	0.282	40	-0.139	124	-0.169
egan-s-pure-structure-s-d-strategy-backtest/family5	4h	1	50	0.165	8.3	15	0.830	35	-0.120	72	-0.048
sma-4-sma-30/family5	4h	2	31	0.065	2.0	15	0.295	16	-0.150	62	-0.270
institutional-ob-entry-exit-sl-strategy/family5	4h	1	16	0.080	1.3	5	0.704	11	-0.204	31	0.069
smart-trend-strategy-julzalgo/family5	4h	1	17	-0.027	-0.5	3	1.137	14	-0.276	25	-0.185
supertrend-strategy/family5	4h	1	31	-0.160	-5.0	12	0.443	19	-0.541	28	-0.487
macd-crossover-strategy/family5	4h	3	47	0.077	3.6	15	0.486	32	-0.115	86	-0.066
scalping-london-new-york-strategy/family5	4h	1	66	0.273	18.0	25	0.341	41	0.232	86	0.115
serhan1-wma-rsi-trailing-scalp-date-filter/family5	4h	2	16	-0.104	-1.7	8	-0.122	8	-0.086	31	0.183
market-breadth-trend-strategy/family5	4h	2	22	0.439	9.7	18	0.461	4	0.340	65	0.197
twe-2-bar-break-strategy/family5	4h	1	104	0.014	1.4	38	0.186	66	-0.086	118	-0.068
15m-nifty-multi-day-swing-target-engine-v1-0/family5	4h	1	15	0.121	1.8	7	0.364	8	-0.092	16	-0.250
btcusd-4h-ema-swing-strategy/family5	4h	1	16	0.355	5.7	8	0.409	8	0.301	12	0.352
simple-breakout-strategy-santana/family5	4h	1	30	0.168	5.0	13	0.692	17	-0.233	45	-0.177
ahlenaz/family5	4h	1	13	0.190	2.5	5	0.981	8	-0.304	27	-0.131
ema-40-pullback-pyramid-strategy/family5	4h	3	32	0.040	1.3	11	0.616	21	-0.261	108	-0.149
tjr-v4-strategy/family5	4h	2	118	0.166	19.6	62	0.318	56	-0.002	341	-0.017
fair-value-gap-strategy/family5	4h	1	111	0.067	7.4	45	0.208	66	-0.029	102	0.102
the-greatest-bot-ever-made-pmt-apex-edition/family5	4h	1	41	0.090	3.7	21	0.561	20	-0.404	42	-0.235
the-greatest-bot-ever-made-pmt-apex-edition-tv-strategies/family5	4h	1	41	0.090	3.7	21	0.561	20	-0.404	42	-0.235
katana-v5-pro-fvg-50-model/family5	4h	1	13	0.277	3.6	5	0.621	8	0.062	21	-0.049
quanloki-qqe-system-opposite-signal-only-points/family5	4h	3	26	0.165	4.3	10	0.545	16	-0.073	56	-0.033
adaptive-multi-factor-v1-update-9-years/family5	4h	1	93	0.170	15.8	33	0.403	60	0.041	97	0.002
atm-adaptive-zone-momentum-scalper-1h/family5	4h	2	112	0.113	12.6	59	0.289	53	-0.083	333	-0.063
ema-9-vwap-strategy-with-atr-trailing-stop-win-the-trade/family5	4h	1	63	0.079	5.0	28	0.424	35	-0.198	137	-0.117
atm/family5	4h	2	112	0.113	12.6	59	0.289	53	-0.083	333	-0.063
adaptive-multi-facto-9-years/family5	4h	1	61	0.059	3.6	20	0.509	41	-0.161	64	-0.207
fast-scalper-with-stops/family5	4h	3	37	0.034	1.3	13	0.537	24	-0.239	97	-0.117
fast-scalper-with-stops-tv-strategies/family5	4h	3	37	0.034	1.3	13	0.537	24	-0.239	97	-0.117
fast-scalper-with-stops-tv-strategies-cg3o8g9a/family5	4h	2	24	0.489	11.7	13	0.809	11	0.112	42	0.165
sttrend-tp-lock-added/family5	4h	1	21	-0.345	-7.2	9	0.289	12	-0.821	24	-0.710
fast-scalper-with-stops-tv-strategies-mcwal9oa/family5	4h	3	37	0.034	1.3	13	0.537	24	-0.239	97	-0.117
silver-surfer/family5	4h	1	109	0.039	4.3	44	0.168	65	-0.049	102	0.077
9-ema-20-ema-retest-strategy/family5	4h	1	46	0.069	3.2	15	0.416	31	-0.099	76	-0.164
good-luck/family5	4h	1	25	0.119	3.0	12	0.440	13	-0.178	25	-0.346
spike-ea-trade-strategy/family5	4h	1	178	0.179	31.9	65	0.519	113	-0.016	289	-0.038
clean-vwap-zl-scalper-single-trigger-by-sandip/family5	4h	3	62	0.018	1.1	23	0.254	39	-0.122	149	-0.106
clean-vwap-zl-scalper-single-trigger-by-david/family5	4h	3	62	0.018	1.1	23	0.254	39	-0.122	149	-0.106
nasdaq-oro-bruto-24h-mejorada/family5	4h	1	28	-0.110	-3.1	11	0.407	17	-0.443	42	-0.247
nasdaq-nq-24h-mejorada/family5	4h	1	28	-0.110	-3.1	11	0.407	17	-0.443	42	-0.247
zr-grizzly/family5	4h	3	15	0.073	1.1	5	0.496	10	-0.139	37	0.127
frosty-alerts/family5	4h	1	239	0.099	23.7	89	0.277	150	-0.006	777	-0.065
caldera-meridian-strategy/family5	4h	1	20	0.324	6.5	7	1.134	13	-0.112	33	-0.052
enso-usdt-12h-trend-pullback-sniper/family5	4h	1	16	0.045	0.7	5	0.154	11	-0.004	18	-0.231
sebbiottino-trailing-stop-so-good-ger40-1m/family5	4h	1	61	0.137	8.4	18	0.285	43	0.075	69	-0.095
my-strategy-9/family5	4h	1	30	0.168	5.0	13	0.692	17	-0.233	45	-0.177
ut-bot-shah-200-50-ema/family5	4h	1	7	-0.667	-4.7	0	0.000	7	-0.667	15	-0.298
regime-execution-strategy/family5	4h	2	12	0.335	4.0	6	0.504	6	0.167	28	-0.110
quant-synthesis-strategy/family5	4h	1	14	0.098	1.4	5	0.486	9	-0.117	31	-0.220
nas100-sp500-turtle-soup-ny-v4-fixed/family5	4h	3	30	-0.137	-4.1	18	-0.133	12	-0.142	50	-0.043
gold-ai-strategy-v2-0/family5	4h	1	18	-0.331	-6.0	5	-0.094	13	-0.422	29	-0.344
zeta9-v6/family5	4h	3	30	-0.104	-3.1	14	-0.145	16	-0.067	80	-0.089
btc-averages-strategy-long-short/family5	4h	1	19	-0.132	-2.5	6	0.418	13	-0.385	27	-0.270
liquidity-entry-zones-strategy-2-0/family5	4h	1	59	0.407	24.0	26	0.494	33	0.339	65	0.124
20-200-sma-strategy/family5	4h	3	18	0.278	5.0	2	0.439	16	0.257	75	0.150
bb-short-dca-strategy/family5	4h	2	15	-0.104	-1.6	12	0.120	3	-1.000	18	-0.089
concordance-allocation-strategy/family5	4h	1	21	0.263	5.5	8	0.445	13	0.151	37	-0.282
helios-institutional-synthesis-strategy/family5	4h	3	59	0.011	0.7	21	0.136	38	-0.058	100	0.036
amit-eth-strategy/family5	4h	3	18	-0.075	-1.3	6	0.764	12	-0.494	42	-0.261
amit-eth-strategy-tv-strategies/family5	4h	3	18	-0.075	-1.3	6	0.764	12	-0.494	42	-0.261
moja-strategia-harami-bb/family5	4h	1	50	0.268	13.4	21	0.359	29	0.201	39	0.105
moja-strategia-harami-bb-tv-strategies/family5	4h	1	50	0.268	13.4	21	0.359	29	0.201	39	0.105
silverstream-v2/family5	4h	1	58	0.269	15.6	25	0.321	33	0.229	73	0.108
asian-box-breakout-strategy/family5	4h	1	85	0.108	9.2	36	0.157	49	0.072	80	-0.120
mgc-wyckoff-second-breakout-v3-candle-rr/family5	4h	3	23	0.007	0.2	8	0.561	15	-0.288	48	-0.194
5m-sol-scalper-ha-lorentzian/family5	4h	1	26	-0.085	-2.2	9	0.054	17	-0.159	32	-0.160
inside-day-breakout-strategy/family5	4h	1	34	0.006	0.2	14	-0.139	20	0.108	33	0.110
bollinger-bands-rsi-live-radar-strategy/family5	4h	1	34	0.189	6.4	13	0.259	21	0.146	34	0.137
super-rsi-strategy/family5	4h	2	42	0.238	10.0	24	0.739	18	-0.429	101	-0.050
concord-execution-mandate/family5	4h	1	112	0.030	3.4	41	0.477	71	-0.227	126	-0.083
super-rsi-strategy-tv-strategies/family5	4h	2	42	0.238	10.0	24	0.739	18	-0.429	101	-0.050
super-rsi-strategy-tv-strategies-nng1sppd/family5	4h	2	42	0.238	10.0	24	0.739	18	-0.429	101	-0.050
box-breakout-strategy-dt4b-trader/family5	4h	1	40	-0.111	-4.5	14	0.477	26	-0.428	52	-0.288
sma-strategy/family5	4h	1	128	0.048	6.2	48	0.214	80	-0.051	142	-0.050
parallax-covenant-strategy/family5	4h	1	69	-0.179	-12.3	27	0.083	42	-0.347	68	-0.263
3commas-pullback-sniper-strategy/family5	4h	2	17	0.005	0.1	12	0.261	5	-0.608	15	-0.091
ttm-momentum-histo-9-ema-21-ema-debit-spread-script/family5	4h	1	30	0.168	5.0	13	0.692	17	-0.233	49	-0.164
beginner-trend-risk-model-ema-rsi/family5	4h	1	89	-0.017	-1.5	33	0.316	56	-0.213	76	-0.151
ai-triple-confirmation-strategy/family5	4h	1	14	-0.004	-0.1	5	0.697	9	-0.394	25	-0.040
real-strength-scalper/family5	4h	1	13	0.170	2.2	5	0.542	8	-0.062	23	-0.170
albtrader-nq-beast-supertrend-macd-rsi/family5	4h	1	11	0.136	1.5	3	0.934	8	-0.163	25	-0.102
simple-smart-buy-sell-strategy/family5	4h	1	59	-0.065	-3.8	15	0.301	44	-0.190	75	-0.259
options-momentum-bias-strategy-v2/family5	4h	1	30	0.073	2.2	9	0.228	21	0.006	44	-0.176
strategy-461-ts-m15/family5	4h	1	27	0.180	4.9	9	0.181	18	0.179	38	0.224
lvn-rejection-acceptance-strategy/family5	4h	1	46	-0.055	-2.5	17	0.197	29	-0.202	73	-0.028
albtrader-nq-btc-gold-multi-tf-signal-bot-v2/family5	4h	1	39	-0.103	-4.0	9	0.179	30	-0.188	53	-0.168
ema-crossx/family5	4h	1	16	0.219	3.5	5	0.435	11	0.120	24	-0.001
scalping-reversal-strategy/family5	4h	1	22	-0.106	-2.3	11	-0.074	11	-0.137	15	-0.108
scalping-ichimoku/family5	4h	1	19	-0.190	-3.6	5	0.011	14	-0.262	20	-0.262
scalping-entry-exit-indicator-by-diget/family5	4h	2	93	0.141	13.1	47	0.257	46	0.022	205	-0.091
scalper-s-moving-average-dyna/family5	4h	2	21	-0.023	-0.5	9	0.461	12	-0.386	42	-0.152
thrax-quickstrike-5-mins-scalping/family5	4h	1	90	0.103	9.3	41	0.467	49	-0.201	85	-0.134
9-15-ema-scalper/family5	4h	1	18	0.090	1.6	5	0.654	13	-0.127	32	-0.265
scalpers-macd-vwap-filter/family5	4h	2	40	0.104	4.1	21	0.219	19	-0.024	53	-0.067
swing-reversal-auto-targets-jpt-module-1/family5	4h	1	23	0.334	7.7	9	0.691	14	0.105	43	0.053
swing-gradient-tpos-boswaves/family5	4h	1	27	0.165	4.4	4	0.425	23	0.119	33	0.110
fast-v-slow-moving-averages-strategy-variable-divonn1994/family5	4h	1	19	0.338	6.4	11	0.874	8	-0.399	23	-0.381
contrarian-scalping-counter-trend-bb-envelope-adx-and-stochastic/family5	4h	2	157	0.040	6.3	79	0.302	78	-0.225	1999	-0.038
god-of-scalping-btc/family5	4h	1	61	0.087	5.3	19	0.106	42	0.078	65	0.056
clean-multi-indicator-alignment-system/family5	4h	3	24	0.090	2.2	9	0.762	15	-0.313	53	-0.096
market-direction-strength-mds/family5	4h	1	62	0.095	5.9	27	0.344	35	-0.097	71	-0.169
consensus/family7	4h	4	63	-0.048	-3.0	30	0.201	33	-0.274		
consensus/family7	4h	5	50	-0.126	-6.3	17	0.162	33	-0.274		
consensus/family7	4h	6	14	0.034	0.5	11	0.022	3	0.079		
consensus/family7	4h	7	7	-0.049	-0.3	4	-0.145	3	0.079		
stealthtrail-supertrend/family7	4h	3	21	-0.114	-2.4	10	0.297	11	-0.487	29	-0.379
swing-volume-profile-pro/family7	4h	1	21	-0.009	-0.2	8	-0.068	13	0.027	25	-0.222
session-killzones-breakouts/family7	4h	2	101	0.007	0.7	46	0.259	55	-0.203	165	-0.131
curved-price-channels-zeiierman/family7	4h	2	26	0.084	2.2	13	0.333	13	-0.166	49	-0.175
ai-predictive-flow-zeiierman/family7	4h	1	58	-0.034	-2.0	23	0.413	35	-0.327	78	-0.085
trend-pullback-guard/family7	4h	1	16	-0.027	-0.4	8	0.352	8	-0.406	46	-0.040
anchored-value-distribution-oscillator-zeiierman/family7	4h	2	62	-0.027	-1.7	28	0.303	34	-0.299	173	-0.097
rsi-market-regime/family7	4h	1	24	0.371	8.9	12	0.723	12	0.019	39	-0.007
machine-learning-rsi-ai-classification-ranking-zeiierman/family7	4h	1	16	0.113	1.8	8	0.396	8	-0.169	26	-0.318
swing-multi-moving-averages-crypto-and-stocks-strategy/family7	4h	2	67	0.185	12.4	36	0.243	31	0.117	94	-0.038
williams-r-zone-scalper-v1-0-bullbyte/family7	4h	2	15	-0.297	-4.5	7	-0.234	8	-0.352	29	-0.216
smart-grid-scalping-pullback-strategy-bullbyte/family7	4h	1	29	-0.151	-4.4	12	0.053	17	-0.294	17	-0.294
pro-scalper-ai-bullbyte/family7	4h	1	139	-0.003	-0.4	51	0.282	88	-0.168	118	-0.023
slope-ma-cross-acc-range-filter/family7	4h	1	27	0.095	2.6	15	0.549	12	-0.473	47	-0.076
trendshift-supertrend-adx-regime-adaptive-strategy/family7	4h	1	18	-0.243	-4.4	6	0.200	12	-0.465	19	-0.309
dnse-vn301-sma-34-89-dual-slope-strategy/family7	4h	2	18	0.490	8.8	11	0.826	7	-0.038	70	0.040
fair-value-gap-strategy-with-break-of-structure-confirmation/family7	4h	1	22	0.490	10.8	12	0.791	10	0.128	49	-0.018
bist30-to-sp-500-atr-momentum-rider/family7	4h	1	22	0.282	6.2	11	0.391	11	0.172	18	0.264
tradleware-dca/family7	4h	1	23	0.280	6.4	12	0.168	11	0.402	33	-0.071
cloud-pro-ichimoku-confluence/family7	4h	1	22	0.208	4.6	8	0.312	14	0.148	36	-0.204
nnfx-btc-ssl-qqe-signalforge/family7	4h	2	48	0.311	14.9	24	0.441	24	0.182	79	-0.015
hyperliquid-ready-webhook-strategy-template/family7	4h	1	13	-0.426	-5.5	6	-0.310	7	-0.525	17	-0.558
z-edge-confluence-z-score-strategy/family7	4h	1	41	0.018	0.7	18	0.505	23	-0.363	53	-0.329
tp-sl-toolkit/family7	4h	3	28	-0.100	-2.8	9	0.284	19	-0.282	62	-0.163
vwap-suite-trend-mean-reversion-with-adaptive-filters/family7	4h	2	13	0.440	5.7	6	1.147	7	-0.166	37	-0.047
super-trend-signal-engine-quantum-edge/family7	4h	1	17	-0.403	-6.9	8	0.269	9	-1.000	24	-0.710
dual-bollinger-band-cross-strategy-v6/family7	4h	1	31	0.163	5.0	13	0.024	18	0.263	42	0.017
optimized-doji-breakout-strategy-short-only-v6/family7	4h	1	46	0.050	2.3	20	0.570	26	-0.350	43	-0.261
smoothed-heiken-ashi-strategy-v1/family7	4h	1	25	0.126	3.2	10	0.828	15	-0.342	24	-0.314
xau-clear-ema-atr-strategy-tp-sl-voice-v6-clean-tp/family7	4h	2	18	0.340	6.1	12	0.676	6	-0.332	35	-0.159
xau-clear-ema-atr-strategy-tp-sl-voice-v6/family7	4h	2	18	0.340	6.1	12	0.676	6	-0.332	35	-0.159
smc-clean-4h-zones-center-labels-hh-hl-ll-lh/family7	4h	1	164	0.120	19.6	68	0.260	96	0.020	486	-0.057
apex-fusion-ai-smart-trend-engine/family7	4h	1	14	0.259	3.6	6	1.230	8	-0.470	40	-0.141
btc-8am-pattern-breakout-instant-entry/family7	4h	1	74	0.184	13.6	34	0.489	40	-0.075	98	-0.156
vwap-points-percent-ticks-strategy/family7	4h	1	220	-0.039	-8.6	86	0.251	134	-0.226	397	-0.111
pm-range-breakout-retest-fade/family7	4h	1	40	0.159	6.4	21	-0.014	19	0.351	43	0.146
bollinger-squeeze-breakout-volume/family7	4h	1	21	-0.206	-4.3	8	0.158	13	-0.431	31	-0.120
arbf-strategy-v1-8/family7	4h	1	59	-0.042	-2.5	12	-0.094	47	-0.029	98	-0.088
reverse-bb-kc/family7	4h	4	10	0.345	3.4	7	0.298	3	0.453	22	0.075
tomukas-daily-scale-in/family7	4h	1	18	0.137	2.5	5	0.324	13	0.065	19	-0.060
trend-persistence-analysis-framework/family7	4h	2	25	0.490	12.3	19	0.647	6	-0.006	73	0.053
ewo-rsi-advanced-signals-strategy-exhaustion-filter/family7	4h	3	47	0.074	3.5	23	0.084	24	0.064	33	0.113
high-activity-penny-stock-strategy-v6/family7	4h	1	19	-0.339	-6.4	6	0.393	13	-0.677	24	-0.311
kaufman-moving-average-adaptive-strategy-by-mkb/family7	4h	1	19	0.176	3.3	9	0.110	10	0.235	31	-0.107
ai-slop-holy-grail-trap-btc-1h-non-repainting-overfit/family7	4h	2	13	0.377	4.9	4	0.592	9	0.282	19	-0.018
bollinger-bands-simple-strategy/family7	4h	2	51	0.134	6.8	26	0.374	25	-0.115	57	0.108
adaptive-dual-engine-strategy-momentum-mean-reversion/family7	4h	1	58	0.053	3.1	21	0.343	37	-0.111	98	-0.143
estrategia-dpo-artedejubilarte/family7	4h	1	29	0.070	2.0	11	0.551	18	-0.225	36	-0.095
volatility-surge-strategy/family7	4h	1	12	0.294	3.5	8	0.338	4	0.205	7	0.074
supertrend-bb-strategy/family7	4h	1	22	-0.221	-4.9	8	0.560	14	-0.668	25	-0.425
engulfing-mitigation-strategy/family7	4h	3	68	0.178	12.1	25	0.594	43	-0.064	125	-0.124
vumanchu-wt-zero-cross-strategy-v1-2-2/family7	4h	1	58	-0.112	-6.5	21	0.216	37	-0.298	69	-0.162
bb-macd-v6-1-5-qing-smart-distribution/family7	4h	1	20	0.054	1.1	9	0.174	11	-0.045	26	-0.026
vumanchu-wt-zero-cross-strategy-v1-2-3/family7	4h	1	49	-0.121	-5.9	17	0.218	32	-0.301	44	-0.203
velocity-breakout-strategy-vbs/family7	4h	1	28	0.006	0.2	14	0.425	14	-0.412	23	-0.385
nifty-supertrend-ce-strategy-alice-blue/family7	4h	1	28	-0.286	-8.0	12	0.279	16	-0.709	27	-0.468
ultimate-pattern-engine-ema-stochastic-by-rony/family7	4h	2	46	0.265	12.2	26	0.449	20	0.026	122	-0.083
fair-value-gap-continuation-framework/family7	4h	2	24	0.135	3.2	15	0.320	9	-0.173	75	-0.018
pm-range-breakout-retest-fade-tv-strategies/family7	4h	1	32	0.153	4.9	13	-0.137	19	0.351	43	0.146
qqe-channel-strategy/family7	4h	1	37	0.024	0.9	15	0.598	22	-0.367	46	0.015
ut-bot-v2-atr-trailing-stop/family7	4h	3	73	-0.155	-11.3	30	0.129	43	-0.353	124	-0.169
egan-s-pure-structure-s-d-strategy-backtest/family7	4h	1	34	0.128	4.4	11	1.333	23	-0.448	72	-0.048
sma-4-sma-30/family7	4h	3	24	-0.035	-0.8	10	0.373	14	-0.326	62	-0.270
supertrend-strategy/family7	4h	1	29	-0.311	-9.0	12	0.279	17	-0.726	28	-0.487
macd-crossover-strategy/family7	4h	1	82	-0.080	-6.6	33	0.151	49	-0.236	86	-0.066
scalping-london-new-york-strategy/family7	4h	1	58	0.275	15.9	21	0.303	37	0.259	86	0.115
strategy-validation-framework-standardised-atr-exits-1-ris/family7	4h	1	18	-0.201	-3.6	9	0.128	9	-0.530	17	-0.182
serhan1-wma-rsi-trailing-scalp-date-filter/family7	4h	1	26	0.128	3.3	10	0.083	16	0.155	31	0.183
market-breadth-trend-strategy/family7	4h	2	25	0.297	7.4	19	0.319	6	0.227	65	0.197
twe-2-bar-break-strategy/family7	4h	2	51	0.050	2.5	32	0.271	19	-0.323	118	-0.068
btcusd-4h-ema-swing-strategy/family7	4h	1	16	0.356	5.7	7	0.612	9	0.156	12	0.352
simple-breakout-strategy-santana/family7	4h	1	32	0.105	3.3	13	0.496	19	-0.164	45	-0.177
ema-40-pullback-pyramid-strategy/family7	4h	3	36	0.049	1.8	16	0.402	20	-0.234	108	-0.149
tjr-v4-strategy/family7	4h	2	138	0.117	16.2	64	0.297	74	-0.039	341	-0.017
fair-value-gap-strategy/family7	4h	2	68	0.128	8.7	36	0.263	32	-0.024	102	0.102
the-greatest-bot-ever-made-pmt-apex-edition/family7	4h	1	32	0.282	9.0	18	0.652	14	-0.195	42	-0.235
the-greatest-bot-ever-made-pmt-apex-edition-tv-strategies/family7	4h	1	32	0.282	9.0	18	0.652	14	-0.195	42	-0.235
quanloki-qqe-system-opposite-signal-only-points/family7	4h	3	35	-0.055	-1.9	14	0.104	21	-0.161	56	-0.033
adaptive-multi-factor-v1-update-9-years/family7	4h	1	80	0.128	10.3	32	0.549	48	-0.152	97	0.002
atm-adaptive-zone-momentum-scalper-1h/family7	4h	2	145	0.040	5.8	71	0.198	74	-0.111	333	-0.063
ema-9-vwap-strategy-with-atr-trailing-stop-win-the-trade/family7	4h	1	83	0.050	4.1	38	0.393	45	-0.241	137	-0.117
atm/family7	4h	2	145	0.040	5.8	71	0.198	74	-0.111	333	-0.063
adaptive-multi-facto-9-years/family7	4h	3	28	0.167	4.7	9	1.020	19	-0.237	64	-0.207
fast-scalper-with-stops/family7	4h	2	53	0.014	0.7	28	0.329	25	-0.339	97	-0.117
fast-scalper-with-stops-tv-strategies/family7	4h	2	53	0.014	0.7	28	0.329	25	-0.339	97	-0.117
fast-scalper-with-stops-tv-strategies-cg3o8g9a/family7	4h	2	34	0.357	12.1	16	0.689	18	0.063	42	0.165
sttrend-tp-lock-added/family7	4h	1	17	-0.403	-6.9	8	0.269	9	-1.000	24	-0.710
fast-scalper-with-stops-tv-strategies-mcwal9oa/family7	4h	2	53	0.014	0.7	28	0.329	25	-0.339	97	-0.117
silver-surfer/family7	4h	2	67	0.111	7.4	35	0.234	32	-0.024	102	0.077
9-ema-20-ema-retest-strategy/family7	4h	2	23	0.226	5.2	12	0.515	11	-0.088	76	-0.164
good-luck/family7	4h	1	17	0.256	4.3	9	0.487	8	-0.004	25	-0.346
spike-ea-trade-strategy/family7	4h	2	114	0.347	39.6	57	0.630	57	0.064	289	-0.038
clean-vwap-zl-scalper-single-trigger-by-sandip/family7	4h	2	90	-0.106	-9.6	40	0.158	50	-0.318	149	-0.106
clean-vwap-zl-scalper-single-trigger-by-david/family7	4h	2	90	-0.106	-9.6	40	0.158	50	-0.318	149	-0.106
nasdaq-oro-bruto-24h-mejorada/family7	4h	1	14	0.102	1.4	7	0.815	7	-0.611	42	-0.247
nasdaq-nq-24h-mejorada/family7	4h	1	14	0.102	1.4	7	0.815	7	-0.611	42	-0.247
zr-grizzly/family7	4h	3	12	0.222	2.7	6	0.247	6	0.197	37	0.127
frosty-alerts/family7	4h	3	143	0.209	29.9	61	0.462	82	0.021	777	-0.065
caldera-meridian-strategy/family7	4h	1	12	0.445	5.3	7	0.744	5	0.026	33	-0.052
enso-usdt-12h-trend-pullback-sniper/family7	4h	1	13	0.062	0.8	5	0.558	8	-0.248	18	-0.231
sebbiottino-trailing-stop-so-good-ger40-1m/family7	4h	2	34	0.257	8.7	17	0.469	17	0.045	69	-0.095
my-strategy-9/family7	4h	1	32	0.105	3.3	13	0.496	19	-0.164	45	-0.177
regime-execution-strategy/family7	4h	2	9	0.377	3.4	5	0.636	4	0.052	28	-0.110
nas100-sp500-turtle-soup-ny-v4-fixed/family7	4h	2	51	-0.011	-0.5	30	-0.101	21	0.118	50	-0.043
gold-ai-strategy-v2-0/family7	4h	1	10	-0.536	-5.4	3	-0.378	7	-0.604	29	-0.344
zeta9-v6/family7	4h	5	19	-0.236	-4.5	8	-0.403	11	-0.115	80	-0.089
btc-averages-strategy-long-short/family7	4h	1	16	0.064	1.0	6	0.115	10	0.032	27	-0.270
liquidity-entry-zones-strategy-2-0/family7	4h	2	41	0.443	18.2	22	0.536	19	0.336	65	0.124
20-200-sma-strategy/family7	4h	1	40	0.234	9.4	14	0.291	26	0.203	75	0.150
bb-short-dca-strategy/family7	4h	3	20	0.018	0.4	9	0.297	11	-0.211	18	-0.089
concordance-allocation-strategy/family7	4h	1	16	0.316	5.1	10	0.579	6	-0.121	37	-0.282
helios-institutional-synthesis-strategy/family7	4h	1	111	0.020	2.3	45	0.076	66	-0.017	100	0.036
amit-eth-strategy/family7	4h	1	33	-0.189	-6.2	14	0.270	19	-0.528	42	-0.261
amit-eth-strategy-tv-strategies/family7	4h	1	33	-0.189	-6.2	14	0.270	19	-0.528	42	-0.261
moja-strategia-harami-bb/family7	4h	2	42	0.269	11.3	22	0.500	20	0.015	39	0.105
moja-strategia-harami-bb-tv-strategies/family7	4h	2	42	0.269	11.3	22	0.500	20	0.015	39	0.105
silverstream-v2/family7	4h	2	25	0.589	14.7	18	0.637	7	0.465	73	0.108
asian-box-breakout-strategy/family7	4h	2	60	0.116	7.0	28	0.091	32	0.137	80	-0.120
mgc-wyckoff-second-breakout-v3-candle-rr/family7	4h	1	44	-0.032	-1.4	19	0.233	25	-0.234	48	-0.194
5m-sol-scalper-ha-lorentzian/family7	4h	1	24	-0.047	-1.1	9	-0.033	15	-0.055	32	-0.160
inside-day-breakout-strategy/family7	4h	2	25	0.043	1.1	7	-0.046	18	0.077	33	0.110
bollinger-bands-rsi-live-radar-strategy/family7	4h	1	31	0.310	9.6	12	0.173	19	0.396	34	0.137
super-rsi-strategy/family7	4h	1	64	0.035	2.2	28	0.599	36	-0.403	101	-0.050
concord-execution-mandate/family7	4h	1	108	0.006	0.7	43	0.415	65	-0.264	126	-0.083
super-rsi-strategy-tv-strategies/family7	4h	1	64	0.035	2.2	28	0.599	36	-0.403	101	-0.050
super-rsi-strategy-tv-strategies-nng1sppd/family7	4h	1	64	0.035	2.2	28	0.599	36	-0.403	101	-0.050
box-breakout-strategy-dt4b-trader/family7	4h	1	22	-0.093	-2.0	8	0.748	14	-0.573	52	-0.288
sma-strategy/family7	4h	2	88	0.139	12.3	44	0.418	44	-0.139	142	-0.050
parallax-covenant-strategy/family7	4h	3	27	-0.034	-0.9	11	0.274	16	-0.247	68	-0.263
3commas-pullback-sniper-strategy/family7	4h	3	18	0.065	1.2	8	0.421	10	-0.219	15	-0.091
ttm-momentum-histo-9-ema-21-ema-debit-spread-script/family7	4h	1	32	0.105	3.3	13	0.496	19	-0.164	49	-0.164
beginner-trend-risk-model-ema-rsi/family7	4h	3	56	0.108	6.0	21	0.489	35	-0.121	76	-0.151
simple-smart-buy-sell-strategy/family7	4h	2	26	-0.121	-3.2	12	0.274	14	-0.461	75	-0.259
options-momentum-bias-strategy-v2/family7	4h	1	18	-0.293	-5.3	6	-0.139	12	-0.371	44	-0.176
strategy-461-ts-m15/family7	4h	1	21	0.134	2.8	7	-0.072	14	0.237	38	0.224
lvn-rejection-acceptance-strategy/family7	4h	2	21	0.103	2.2	11	0.066	10	0.145	73	-0.028
albtrader-nq-btc-gold-multi-tf-signal-bot-v2/family7	4h	1	34	-0.087	-3.0	8	0.326	26	-0.214	53	-0.168
ema-crossx/family7	4h	1	16	0.309	4.9	8	-0.103	8	0.721	24	-0.001
scalping-reversal-strategy/family7	4h	3	16	-0.104	-1.7	7	-0.027	9	-0.165	15	-0.108
scalping-ichimoku/family7	4h	1	18	-0.319	-5.7	5	-0.245	13	-0.347	20	-0.262
scalping-entry-exit-indicator-by-diget/family7	4h	4	53	0.090	4.8	27	0.318	26	-0.147	205	-0.091
scalper-s-moving-average-dyna/family7	4h	2	15	0.095	1.4	9	0.510	6	-0.528	42	-0.152
thrax-quickstrike-5-mins-scalping/family7	4h	2	51	0.109	5.5	31	0.351	20	-0.266	85	-0.134
9-15-ema-scalper/family7	4h	1	16	-0.091	-1.4	5	0.058	11	-0.158	32	-0.265
scalpers-macd-vwap-filter/family7	4h	2	41	-0.004	-0.2	22	0.163	19	-0.198	53	-0.067
swing-reversal-auto-targets-jpt-module-1/family7	4h	1	10	0.191	1.9	5	0.708	5	-0.327	43	0.053
swing-gradient-tpos-boswaves/family7	4h	1	22	0.273	6.0	5	0.140	17	0.312	33	0.110
fast-v-slow-moving-averages-strategy-variable-divonn1994/family7	4h	2	15	0.565	8.5	11	0.824	4	-0.147	23	-0.381
contrarian-scalping-counter-trend-bb-envelope-adx-and-stochastic/family7	4h	1	303	0.018	5.5	127	0.215	176	-0.124	1999	-0.038
god-of-scalping-btc/family7	4h	1	49	0.151	7.4	25	0.345	24	-0.051	65	0.056
clean-multi-indicator-alignment-system/family7	4h	3	24	0.150	3.6	12	0.562	12	-0.262	53	-0.096
market-direction-strength-mds/family7	4h	2	25	0.234	5.9	14	0.568	11	-0.190	71	-0.169
