scanner	tf	symbol	trades	wins	net	pf	avgR	netStress	windowsUp	days
15m-nifty-multi-day-swing-target-engine-v1-0	4h	AKEUSD	0	0	0.00	0.000	0.000	0.00	0	63
15m-nifty-multi-day-swing-target-engine-v1-0	1h	AKEUSD	23	9	-49.12	0.671	-0.123	-46.90	2	63
15m-nifty-multi-day-swing-target-engine-v1-0	15m	AKEUSD	73	19	-118.91	0.765	-0.095	-192.41	2	42
15m-nifty-multi-day-swing-target-engine-v1-0	4h	AVAXUSD	29	14	-70.03	0.689	-0.118	-67.14	4	333
15m-nifty-multi-day-swing-target-engine-v1-0	1h	AVAXUSD	67	26	-190.59	0.675	-0.150	-330.06	3	125
15m-nifty-multi-day-swing-target-engine-v1-0	4h	MUBARAKUSD	51	19	4.45	1.011	0.013	-51.64	5	333
15m-nifty-multi-day-swing-target-engine-v1-0	15m	AVAXUSD	115	47	-84.99	0.886	-0.030	-409.36	3	42
15m-nifty-multi-day-swing-target-engine-v1-0	4h	SAGAUSD	39	12	-88.97	0.747	-0.109	-112.37	4	333
15m-nifty-multi-day-swing-target-engine-v1-0	1h	MUBARAKUSD	101	41	106.09	1.115	0.066	-40.68	5	125
15m-nifty-multi-day-swing-target-engine-v1-0	4h	AINUSD	34	11	-172.23	0.410	-0.278	-192.46	3	333
3commas-trail-hunter-reversal-long	1h	AKEUSD	24	15	65.97	1.594	0.148	62.06	5	63
15m-nifty-multi-day-swing-target-engine-v1-0	15m	MUBARAKUSD	182	62	-515.66	0.503	-0.194	-627.55	0	42
15m-nifty-multi-day-swing-target-engine-v1-0	1h	SAGAUSD	100	32	-332.76	0.582	-0.195	-401.70	1	125
15m-nifty-multi-day-swing-target-engine-v1-0	4h	COOKIEUSD	52	24	122.42	1.291	0.125	51.83	5	333
15m-nifty-multi-day-swing-target-engine-v1-0	4h	1000PEPEUSD	25	6	-156.25	0.414	-0.334	-88.96	3	268
15m-nifty-multi-day-swing-target-engine-v1-0	1h	AINUSD	82	30	-32.43	0.957	-0.006	-161.29	4	125
15m-nifty-multi-day-swing-target-engine-v1-0	4h	ETCUSD	46	14	-183.20	0.581	-0.211	-217.26	2	333
15m-nifty-multi-day-swing-target-engine-v1-0	15m	SAGAUSD	61	19	-123.53	0.753	-0.097	-215.64	2	42
15m-nifty-multi-day-swing-target-engine-v1-0	1h	COOKIEUSD	104	46	7.79	1.010	0.015	-194.17	4	125
15m-nifty-multi-day-swing-target-engine-v1-0	4h	WIFUSD	52	26	118.78	1.328	0.117	53.19	5	333
15m-nifty-multi-day-swing-target-engine-v1-0	15m	AINUSD	53	17	-229.50	0.501	-0.238	-279.22	1	42
15m-nifty-multi-day-swing-target-engine-v1-0	1h	1000PEPEUSD	124	53	81.47	1.080	0.045	-206.12	4	125
15m-nifty-multi-day-swing-target-engine-v1-0	4h	DOGEUSD	27	5	-146.98	0.489	-0.284	-158.20	2	333
15m-nifty-multi-day-swing-target-engine-v1-0	1h	ETCUSD	118	42	-369.57	0.600	-0.188	-484.93	2	125
15m-nifty-multi-day-swing-target-engine-v1-0	15m	COOKIEUSD	65	30	-99.23	0.771	-0.075	-211.65	2	42
15m-nifty-multi-day-swing-target-engine-v1-0	4h	ETHUSD	35	13	-98.60	0.630	-0.147	-117.38	3	333
15m-nifty-multi-day-swing-target-engine-v1-0	1h	WIFUSD	132	57	-70.56	0.938	-0.017	-286.68	4	125
15m-nifty-multi-day-swing-target-engine-v1-0	15m	1000PEPEUSD	115	44	202.47	1.226	0.094	-113.81	5	42
15m-nifty-multi-day-swing-target-engine-v1-0	1h	DOGEUSD	45	13	-226.77	0.469	-0.278	-280.59	2	125
15m-nifty-multi-day-swing-target-engine-v1-0	4h	SOLUSD	31	17	126.60	1.611	0.239	111.45	5	333
3commas-trail-hunter-reversal-long	1h	AVAXUSD	33	19	106.69	1.351	0.166	29.57	7	125
15m-nifty-multi-day-swing-target-engine-v1-0	15m	ETCUSD	88	38	-109.50	0.837	-0.058	-306.35	3	42
15m-nifty-multi-day-swing-target-engine-v1-0	1h	ETHUSD	40	16	-2.42	0.993	0.012	-95.81	4	125
15m-nifty-multi-day-swing-target-engine-v1-0	4h	ZECUSD	37	20	220.72	1.944	0.294	159.42	5	333
15m-nifty-multi-day-swing-target-engine-v1-0	4h	AAVEUSD	34	7	-201.29	0.363	-0.387	-208.18	0	333
15m-nifty-multi-day-swing-target-engine-v1-0	1h	SOLUSD	47	20	-124.07	0.685	-0.136	-221.07	2	125
15m-nifty-multi-day-swing-target-engine-v1-0	15m	WIFUSD	83	38	58.55	1.073	0.044	-177.34	3	42
15m-nifty-multi-day-swing-target-engine-v1-0	4h	NEARUSD	35	9	-262.95	0.268	-0.430	-270.26	1	333
15m-nifty-multi-day-swing-target-engine-v1-0	1h	ZECUSD	61	24	-22.04	0.954	0.001	-86.70	4	125
15m-nifty-multi-day-swing-target-engine-v1-0	4h	FILUSD	45	16	-2.80	0.993	0.013	-39.33	3	333
15m-nifty-multi-day-swing-target-engine-v1-0	1h	AAVEUSD	81	32	-237.38	0.633	-0.173	-319.18	2	125
15m-nifty-multi-day-swing-target-engine-v1-0	15m	DOGEUSD	83	33	-232.39	0.625	-0.151	-432.42	2	42
15m-nifty-multi-day-swing-target-engine-v1-0	4h	SUIUSD	28	12	119.87	1.553	0.220	99.79	5	333
15m-nifty-multi-day-swing-target-engine-v1-0	1h	NEARUSD	90	27	-274.01	0.618	-0.168	-351.83	4	125
15m-nifty-multi-day-swing-target-engine-v1-0	15m	ETHUSD	42	15	-100.54	0.733	-0.116	-199.70	3	42
15m-nifty-multi-day-swing-target-engine-v1-0	1h	FILUSD	95	39	-75.76	0.903	-0.033	-199.51	3	125
3commas-trail-hunter-reversal-long	4h	AKEUSD	5	3	4.34	1.385	0.034	3.25	2	63
15m-nifty-multi-day-swing-target-engine-v1-0	4h	UNIUSD	31	11	-63.89	0.757	-0.100	-87.43	3	333
15m-nifty-multi-day-swing-target-engine-v1-0	15m	SOLUSD	74	26	-296.41	0.492	-0.239	-381.22	1	42
15m-nifty-multi-day-swing-target-engine-v1-0	4h	HYPEUSD	32	16	162.42	1.715	0.250	96.09	4	333
15m-nifty-multi-day-swing-target-engine-v1-0	1h	SUIUSD	74	31	-56.34	0.915	-0.030	-246.43	2	125
3commas-trail-hunter-reversal-long	1h	MUBARAKUSD	43	24	77.60	1.194	0.099	19.32	5	125
15m-nifty-multi-day-swing-target-engine-v1-0	15m	ZECUSD	106	34	-312.21	0.548	-0.175	-394.74	4	42
15m-nifty-multi-day-swing-target-engine-v1-0	4h	VVVUSD	41	11	-233.51	0.330	-0.328	-244.48	1	333
15m-nifty-multi-day-swing-target-engine-v1-0	1h	UNIUSD	60	20	-163.64	0.688	-0.141	-237.09	3	125
15m-nifty-multi-day-swing-target-engine-v1-0	4h	XRPUSD	41	20	2.21	1.007	0.011	-47.32	5	333
15m-nifty-multi-day-swing-target-engine-v1-0	15m	AAVEUSD	117	52	-83.49	0.886	-0.034	-319.31	4	42
15m-nifty-multi-day-swing-target-engine-v1-0	1h	HYPEUSD	70	29	-152.01	0.716	-0.111	-218.14	1	125
15m-nifty-multi-day-swing-target-engine-v1-0	4h	BTCUSD	33	12	-24.61	0.910	-0.024	-47.07	3	333
15m-nifty-multi-day-swing-target-engine-v1-0	15m	NEARUSD	126	43	-424.75	0.467	-0.214	-553.57	1	42
15m-nifty-multi-day-swing-target-engine-v1-0	1h	VVVUSD	77	27	-300.13	0.497	-0.226	-376.53	1	125
15m-nifty-multi-day-swing-target-engine-v1-0	4h	TAOUSD	37	14	-6.28	0.979	0.000	-29.42	4	333
15m-nifty-multi-day-swing-target-engine-v1-0	15m	FILUSD	90	29	-200.78	0.704	-0.114	-388.25	2	42
15m-nifty-multi-day-swing-target-engine-v1-0	1h	XRPUSD	52	26	185.43	1.467	0.177	58.07	4	125
15m-nifty-multi-day-swing-target-engine-v1-0	4h	EVAAUSD	38	13	-56.59	0.790	-0.070	-76.40	2	333
15m-nifty-multi-day-swing-target-engine-v1-0	4h	PIEVERSEUSD	30	14	126.00	1.588	0.215	70.31	4	154
15m-nifty-multi-day-swing-target-engine-v1-0	15m	SUIUSD	131	49	-358.60	0.590	-0.163	-505.28	1	42
15m-nifty-multi-day-swing-target-engine-v1-0	1h	BTCUSD	51	23	-5.70	0.986	0.010	-138.08	5	125
15m-nifty-multi-day-swing-target-engine-v1-0	4h	LINKUSD	30	13	123.52	1.461	0.216	19.82	3	333
3commas-trail-hunter-reversal-long	15m	AKEUSD	8	4	43.41	1.637	0.299	28.92	2	42
3commas-trail-hunter-reversal-long	1h	SAGAUSD	48	24	-47.61	0.895	-0.038	-108.28	4	125
15m-nifty-multi-day-swing-target-engine-v1-0	1h	TAOUSD	99	32	-428.20	0.410	-0.277	-500.17	1	125
15m-nifty-multi-day-swing-target-engine-v1-0	4h	BNBUSD	28	11	-18.22	0.907	-0.033	-60.97	4	333
15m-nifty-multi-day-swing-target-engine-v1-0	15m	UNIUSD	124	37	-370.66	0.588	-0.179	-528.04	2	42
15m-nifty-multi-day-swing-target-engine-v1-0	4h	BCHUSD	34	15	-67.61	0.758	-0.096	-88.55	5	333
15m-nifty-multi-day-swing-target-engine-v1-0	1h	EVAAUSD	71	31	47.23	1.088	0.042	-92.13	3	125
15m-nifty-multi-day-swing-target-engine-v1-0	15m	HYPEUSD	157	50	-482.58	0.520	-0.204	-641.16	0	42
15m-nifty-multi-day-swing-target-engine-v1-0	1h	PIEVERSEUSD	104	41	43.02	1.044	0.036	-74.73	4	125
15m-nifty-multi-day-swing-target-engine-v1-0	1h	LINKUSD	63	21	-342.37	0.404	-0.327	-393.46	0	125
15m-nifty-multi-day-swing-target-engine-v1-0	15m	VVVUSD	155	57	-280.69	0.713	-0.099	-485.10	1	42
15m-nifty-multi-day-swing-target-engine-v1-0	1h	BNBUSD	55	20	-215.70	0.539	-0.215	-307.75	1	125
15m-nifty-multi-day-swing-target-engine-v1-0	15m	XRPUSD	77	31	-164.34	0.685	-0.111	-377.48	1	42
15m-nifty-multi-day-swing-target-engine-v1-0	1h	BCHUSD	82	33	-61.78	0.897	-0.031	-191.15	4	125
15m-nifty-multi-day-swing-target-engine-v1-0	15m	BTCUSD	32	6	-237.92	0.205	-0.428	-281.06	1	42
adaptive-atr-extension-scanner	15m	AKEUSD	105	46	-312.34	0.616	-0.159	-276.51	2	42
15m-nifty-multi-day-swing-target-engine-v1-0	15m	TAOUSD	142	48	-354.61	0.586	-0.149	-517.06	1	42
3commas-trail-hunter-reversal-long	1h	AINUSD	33	21	309.34	2.230	0.429	215.37	6	125
15m-nifty-multi-day-swing-target-engine-v1-0	15m	EVAAUSD	167	71	20.85	1.023	0.015	-354.47	4	42
adaptive-atr-extension-scanner	4h	AKEUSD	12	9	109.29	2.775	0.685	92.40	4	63
15m-nifty-multi-day-swing-target-engine-v1-0	15m	PIEVERSEUSD	139	65	313.77	1.239	0.110	-62.92	6	42
15m-nifty-multi-day-swing-target-engine-v1-0	15m	LINKUSD	132	45	-422.55	0.487	-0.203	-536.46	1	42
15m-nifty-multi-day-swing-target-engine-v1-0	15m	BNBUSD	39	12	-170.82	0.346	-0.239	-282.12	1	42
adaptive-atr-extension-scanner	1h	AKEUSD	50	35	730.11	3.156	0.716	736.45	5	63
15m-nifty-multi-day-swing-target-engine-v1-0	15m	BCHUSD	131	39	-445.30	0.479	-0.219	-566.45	1	42
3commas-trail-hunter-reversal-long	1h	COOKIEUSD	41	21	-6.72	0.984	0.003	-63.28	2	125
3commas-trail-hunter-reversal-long	1h	1000PEPEUSD	43	22	87.07	1.199	0.113	13.52	4	125
adaptive-atr-extension-scanner	4h	AVAXUSD	60	30	19.12	1.034	0.033	-69.51	3	333
3commas-trail-hunter-reversal-long	4h	AVAXUSD	7	4	-15.36	0.742	-0.105	-21.61	2	333
3commas-trail-hunter-reversal-long	1h	ETCUSD	32	19	112.76	1.414	0.179	2.70	6	125
3commas-trail-hunter-reversal-long	15m	AVAXUSD	6	2	-55.51	0.271	-0.469	-62.74	2	42
3commas-trail-hunter-reversal-long	1h	WIFUSD	42	19	-65.38	0.859	-0.069	-169.60	4	125
adaptive-atr-extension-scanner	1h	AVAXUSD	76	38	-34.26	0.948	-0.012	-185.85	3	125
3commas-trail-hunter-reversal-long	1h	DOGEUSD	37	16	-111.63	0.718	-0.149	-167.22	3	125
adaptive-atr-extension-scanner	15m	AVAXUSD	70	28	-274.28	0.622	-0.216	-259.20	1	42
adaptive-atr-extension-scanner	4h	MUBARAKUSD	79	39	-39.03	0.944	-0.013	-62.36	2	333
asian-box-breakout-eda-tuned	15m	AKEUSD	4	1	-26.63	0.485	-0.386	-25.99	1	42
3commas-trail-hunter-reversal-long	1h	ETHUSD	28	10	-139.78	0.590	-0.259	-167.18	3	125
3commas-trail-hunter-reversal-long	1h	SOLUSD	29	14	-104.57	0.631	-0.185	-174.16	3	125
adaptive-atr-extension-scanner	4h	SAGAUSD	49	27	220.68	1.458	0.222	192.92	5	333
3commas-trail-hunter-reversal-long	15m	MUBARAKUSD	14	5	-94.36	0.442	-0.345	-102.86	2	42
3commas-trail-hunter-reversal-long	1h	ZECUSD	45	25	-8.27	0.979	-0.000	-42.07	4	125
adaptive-atr-extension-scanner	1h	MUBARAKUSD	99	40	-105.65	0.898	-0.037	-258.82	4	125
3commas-trail-hunter-reversal-long	1h	AAVEUSD	38	17	-93.94	0.750	-0.128	-138.93	2	125
3commas-trail-hunter-reversal-long	4h	MUBARAKUSD	22	11	-79.01	0.568	-0.182	-89.29	0	333
adaptive-atr-extension-scanner	4h	AINUSD	64	37	599.99	1.737	0.392	526.61	5	333
3commas-trail-hunter-reversal-long	1h	NEARUSD	39	21	-36.22	0.897	-0.038	-80.33	4	125
adaptive-atr-extension-scanner	15m	MUBARAKUSD	113	54	293.91	1.228	0.137	5.42	5	42
asian-box-breakout-eda-tuned	15m	AVAXUSD	15	7	-63.28	0.580	-0.210	-107.02	1	42
3commas-trail-hunter-reversal-long	1h	FILUSD	40	20	115.78	1.253	0.153	10.17	4	125
adaptive-atr-extension-scanner	1h	SAGAUSD	89	39	-155.03	0.822	-0.080	-244.51	3	125
adaptive-atr-extension-scanner	4h	COOKIEUSD	44	23	43.17	1.108	0.061	14.95	4	333
3commas-trail-hunter-reversal-long	15m	SAGAUSD	2	1	-6.14	0.693	-0.146	-5.87	1	42
3commas-trail-hunter-reversal-long	1h	SUIUSD	45	26	137.95	1.319	0.154	43.83	5	125
3commas-trail-hunter-reversal-long	1h	UNIUSD	41	30	344.72	2.487	0.372	278.47	6	125
adaptive-atr-extension-scanner	4h	1000PEPEUSD	48	21	141.20	1.251	0.164	34.98	5	268
3commas-trail-hunter-reversal-long	1h	HYPEUSD	41	25	102.11	1.292	0.128	35.20	6	125
3commas-trail-hunter-reversal-long	4h	SAGAUSD	13	8	-25.89	0.743	-0.095	-32.74	1	333
adaptive-atr-extension-scanner	15m	SAGAUSD	61	37	225.05	1.413	0.182	14.31	4	42
adaptive-atr-extension-scanner	1h	AINUSD	87	37	83.86	1.085	0.068	-125.03	4	125
3commas-trail-hunter-reversal-long	1h	VVVUSD	39	27	101.07	1.398	0.133	104.01	6	125
asian-box-breakout-eda-tuned	15m	MUBARAKUSD	24	13	274.43	2.140	0.539	196.99	8	42
3commas-trail-hunter-reversal-long	15m	AINUSD	1	1	23.07	99.000	1.154	17.47	1	42
adaptive-atr-extension-scanner	4h	ETCUSD	55	25	11.76	1.020	0.032	16.00	3	333
3commas-trail-hunter-reversal-long	1h	XRPUSD	26	12	-88.52	0.680	-0.169	-143.00	3	125
3commas-trail-hunter-reversal-long	1h	BTCUSD	28	13	-101.28	0.641	-0.183	-134.47	2	125
adaptive-atr-extension-scanner	4h	WIFUSD	47	27	466.23	1.965	0.433	399.21	6	333
3commas-trail-hunter-reversal-long	1h	TAOUSD	49	18	-287.69	0.465	-0.337	-322.46	2	125
adaptive-atr-extension-scanner	1h	COOKIEUSD	97	48	175.39	1.164	0.103	7.40	4	125
adaptive-atr-extension-scanner	15m	AINUSD	34	15	107.35	1.253	0.176	87.95	3	42
3commas-trail-hunter-reversal-long	4h	AINUSD	10	7	54.37	2.467	0.274	49.14	3	333
3commas-trail-hunter-reversal-long	1h	EVAAUSD	44	22	40.49	1.102	0.059	-44.98	4	125
3commas-trail-hunter-reversal-long	15m	COOKIEUSD	2	0	-39.60	0.000	-1.000	-39.60	0	42
3commas-trail-hunter-reversal-long	1h	PIEVERSEUSD	32	19	301.22	2.046	0.434	213.47	6	125
adaptive-atr-extension-scanner	4h	DOGEUSD	47	27	283.22	1.629	0.288	68.95	5	333
asian-box-breakout-eda-tuned	15m	SAGAUSD	16	12	247.09	3.560	0.710	129.60	6	42
3commas-trail-hunter-reversal-long	1h	LINKUSD	38	12	-274.85	0.396	-0.416	-319.74	3	125
adaptive-atr-extension-scanner	1h	1000PEPEUSD	98	42	-19.83	0.980	0.011	-270.18	4	125
3commas-trail-hunter-reversal-long	1h	BNBUSD	25	12	9.07	1.036	0.033	-47.42	3	125
adaptive-atr-extension-scanner	4h	ETHUSD	46	22	-74.23	0.835	-0.075	-27.23	3	333
3commas-trail-hunter-reversal-long	15m	1000PEPEUSD	3	2	31.58	2.581	0.535	19.20	2	42
adaptive-atr-extension-scanner	15m	COOKIEUSD	55	22	-121.36	0.796	-0.101	-210.28	1	42
3commas-trail-hunter-reversal-long	1h	BCHUSD	37	17	-88.82	0.762	-0.116	-110.89	2	125
adaptive-atr-extension-scanner	4h	SOLUSD	38	20	120.34	1.360	0.167	98.53	3	333
adaptive-atr-extension-scanner	1h	ETCUSD	73	28	-157.37	0.800	-0.097	-223.55	3	125
3commas-trail-hunter-reversal-long	4h	COOKIEUSD	13	5	-53.48	0.571	-0.204	-60.06	0	333
asian-box-breakout-eda-tuned	1h	AKEUSD	2	1	-3.61	0.780	-0.008	-4.35	0	63
asian-box-breakout-eda-tuned	15m	AINUSD	3	2	-3.93	0.801	-0.061	-4.58	1	42
3commas-trail-hunter-reversal-long	15m	ETCUSD	2	1	65.19	4.260	1.673	-16.37	1	42
adaptive-atr-extension-scanner	4h	ZECUSD	55	32	433.19	1.827	0.361	298.01	6	333
adaptive-atr-extension-scanner	15m	1000PEPEUSD	50	24	295.14	1.510	0.286	86.87	6	42
adaptive-atr-extension-scanner	1h	WIFUSD	76	37	21.94	1.032	0.031	-109.06	4	125
adaptive-atr-extension-scanner	4h	AAVEUSD	52	26	30.37	1.068	0.058	15.54	4	333
3commas-trail-hunter-reversal-long	15m	WIFUSD	4	3	179.15	9.958	2.144	133.37	3	42
3commas-trail-hunter-reversal-long	4h	1000PEPEUSD	9	5	-4.64	0.924	-0.022	-11.94	2	268
adaptive-atr-extension-scanner	4h	NEARUSD	70	43	523.60	1.791	0.320	510.78	5	333
adaptive-atr-extension-scanner	1h	DOGEUSD	89	39	-204.51	0.743	-0.116	-285.17	2	125
adaptive-atr-extension-scanner	15m	ETCUSD	35	16	-90.05	0.763	-0.124	-163.01	2	42
asian-box-breakout-eda-tuned	1h	AVAXUSD	20	13	24.30	1.200	0.066	11.86	2	125
asian-box-breakout-eda-tuned	15m	COOKIEUSD	14	7	-45.42	0.666	-0.158	-72.15	3	42
adaptive-atr-extension-scanner	4h	FILUSD	57	29	19.53	1.037	0.030	23.77	3	333
3commas-trail-hunter-reversal-long	15m	DOGEUSD	8	2	-70.09	0.371	-0.443	-81.08	2	42
adaptive-atr-extension-scanner	1h	ETHUSD	60	36	411.66	1.781	0.310	40.46	5	125
adaptive-atr-extension-scanner	4h	SUIUSD	59	32	292.67	1.497	0.242	178.34	5	333
adaptive-atr-extension-scanner	15m	WIFUSD	53	28	201.48	1.380	0.195	-0.42	3	42
3commas-trail-hunter-reversal-long	4h	ETCUSD	9	3	-61.71	0.483	-0.344	-68.87	2	333
adaptive-atr-extension-scanner	4h	UNIUSD	54	31	144.93	1.322	0.137	146.25	4	333
asian-box-breakout-eda-tuned	1h	MUBARAKUSD	44	29	546.17	2.392	0.519	508.35	6	125
adaptive-atr-extension-scanner	1h	SOLUSD	74	43	224.89	1.368	0.158	110.96	4	125
3commas-trail-hunter-reversal-long	15m	ETHUSD	2	2	9.09	99.000	0.228	5.75	2	42
asian-box-breakout-eda-tuned	15m	1000PEPEUSD	11	8	222.59	4.505	0.961	129.82	4	42
adaptive-atr-extension-scanner	4h	HYPEUSD	65	35	196.21	1.327	0.160	123.87	5	333
adaptive-atr-extension-scanner	15m	DOGEUSD	91	46	57.67	1.060	0.047	-179.66	3	42
adaptive-atr-extension-scanner	4h	VVVUSD	61	32	173.76	1.242	0.146	113.32	4	333
3commas-trail-hunter-reversal-long	4h	WIFUSD	9	6	57.51	1.886	0.322	47.46	3	333
adaptive-atr-extension-scanner	1h	ZECUSD	68	36	292.87	1.387	0.219	-1.85	4	125
asian-box-breakout-eda-tuned	1h	SAGAUSD	24	19	267.73	4.904	0.502	218.60	5	125
3commas-trail-hunter-reversal-long	15m	SOLUSD	2	2	24.36	99.000	0.635	19.86	2	42
adaptive-atr-extension-scanner	4h	XRPUSD	49	26	219.44	1.450	0.222	118.30	5	333
asian-box-breakout-eda-tuned	15m	ETCUSD	10	7	70.68	2.134	0.353	-10.96	4	42
adaptive-atr-extension-scanner	1h	AAVEUSD	95	40	-189.69	0.783	-0.092	-266.66	2	125
adaptive-atr-extension-scanner	15m	ETHUSD	56	30	185.27	1.313	0.176	-2.79	4	42
adaptive-atr-extension-scanner	4h	BTCUSD	49	26	-87.49	0.783	-0.085	-176.88	4	333
3commas-trail-hunter-reversal-long	4h	DOGEUSD	11	7	-1.79	0.978	-0.001	-13.60	1	333
adaptive-atr-extension-scanner	4h	TAOUSD	74	39	144.46	1.203	0.105	53.71	4	333
asian-box-breakout-eda-tuned	1h	AINUSD	20	17	578.42	11.577	1.188	495.65	6	125
adaptive-atr-extension-scanner	1h	NEARUSD	87	39	-191.46	0.767	-0.109	-269.32	2	125
adaptive-atr-extension-scanner	15m	SOLUSD	91	43	-23.94	0.977	0.004	-235.56	3	42
3commas-trail-hunter-reversal-long	15m	ZECUSD	14	7	29.52	1.220	0.112	-25.67	3	42
adaptive-atr-extension-scanner	4h	EVAAUSD	66	35	446.98	1.611	0.307	412.23	4	333
asian-box-breakout-eda-tuned	15m	WIFUSD	14	8	52.74	1.426	0.197	-42.19	3	42
3commas-trail-hunter-reversal-long	4h	ETHUSD	7	6	94.96	5.481	0.663	80.32	3	333
adaptive-atr-extension-scanner	4h	PIEVERSEUSD	30	16	167.00	1.539	0.280	140.84	4	154
adaptive-atr-extension-scanner	1h	FILUSD	70	24	-307.36	0.548	-0.248	-393.67	1	125
asian-box-breakout-eda-tuned	1h	COOKIEUSD	21	12	27.12	1.142	0.074	-8.00	2	125
adaptive-atr-extension-scanner	4h	LINKUSD	53	33	229.37	1.521	0.208	135.75	7	333
adaptive-atr-extension-scanner	15m	ZECUSD	107	59	492.10	1.457	0.205	273.27	7	42
adaptive-atr-extension-scanner	1h	SUIUSD	68	28	-288.58	0.544	-0.240	-307.42	2	125
3commas-trail-hunter-reversal-long	15m	AAVEUSD	5	1	-56.12	0.223	-0.593	-69.65	0	42
adaptive-atr-extension-scanner	4h	BNBUSD	52	29	38.07	1.091	0.048	-34.56	3	333
3commas-trail-hunter-reversal-long	4h	SOLUSD	12	8	43.98	1.548	0.202	10.92	2	333
asian-box-breakout-eda-tuned	15m	DOGEUSD	15	7	-40.89	0.734	-0.129	-70.62	3	42
asian-box-breakout-eda-tuned	1h	1000PEPEUSD	25	12	382.13	2.759	0.689	256.60	3	125
adaptive-atr-extension-scanner	4h	BCHUSD	48	22	131.16	1.263	0.153	73.56	3	333
adaptive-atr-extension-scanner	1h	UNIUSD	91	57	475.29	1.621	0.228	392.50	7	125
adaptive-atr-extension-scanner	15m	AAVEUSD	108	48	-217.35	0.798	-0.108	-307.72	3	42
asian-box-breakout-eda-tuned	4h	AKEUSD	0	0	0.00	0.000	0.000	0.00	0	63
3commas-trail-hunter-reversal-long	15m	NEARUSD	10	4	-60.49	0.462	-0.304	-65.73	2	42
adaptive-atr-extension-scanner	1h	HYPEUSD	96	46	-190.84	0.784	-0.098	-278.60	2	125
3commas-trail-hunter-reversal-long	4h	ZECUSD	15	9	-8.05	0.909	0.013	-15.76	1	333
adaptive-atr-extension-scanner	15m	NEARUSD	101	43	-87.84	0.927	-0.025	-276.77	3	42
3commas-trail-hunter-reversal-long	15m	FILUSD	2	1	2.75	1.138	0.080	-2.14	1	42
asian-box-breakout-eda-tuned	1h	ETCUSD	23	12	47.18	1.270	0.110	73.82	3	125
asian-box-breakout-eda-tuned	15m	ETHUSD	15	7	-62.03	0.597	-0.205	-105.46	1	42
adaptive-atr-extension-scanner	1h	VVVUSD	89	42	-119.79	0.859	-0.061	-149.56	3	125
asian-box-breakout-eda-tuned	4h	AVAXUSD	28	17	192.98	2.383	0.325	143.54	4	333
3commas-trail-hunter-reversal-long	4h	AAVEUSD	10	6	4.12	1.063	0.017	-3.82	2	333
3commas-trail-hunter-reversal-long	15m	SUIUSD	6	1	-88.53	0.063	-0.764	-89.94	1	42
adaptive-atr-extension-scanner	15m	FILUSD	60	26	-125.83	0.780	-0.098	-156.93	2	42
adaptive-atr-extension-scanner	1h	XRPUSD	77	40	324.04	1.383	0.204	126.86	4	125
asian-box-breakout-eda-tuned	1h	WIFUSD	26	14	103.95	1.406	0.213	51.70	3	125
asian-box-breakout-eda-tuned	4h	MUBARAKUSD	55	35	464.09	2.992	0.355	426.96	6	333
asian-box-breakout-eda-tuned	15m	SOLUSD	16	8	-42.39	0.711	-0.131	-95.52	2	42
3commas-trail-hunter-reversal-long	4h	NEARUSD	16	11	51.41	1.559	0.164	38.09	3	333
3commas-trail-hunter-reversal-long	15m	UNIUSD	7	4	23.06	1.375	0.175	6.60	3	42
adaptive-atr-extension-scanner	15m	SUIUSD	64	34	137.93	1.209	0.118	-108.27	4	42
adaptive-atr-extension-scanner	1h	BTCUSD	56	35	217.93	1.496	0.192	-26.72	4	125
asian-box-breakout-eda-tuned	1h	DOGEUSD	16	9	73.21	1.667	0.234	46.11	3	125
adaptive-atr-extension-scanner	1h	TAOUSD	82	39	-85.20	0.893	-0.040	-200.79	4	125
adaptive-atr-extension-scanner	15m	UNIUSD	129	71	224.83	1.170	0.094	-78.25	3	42
3commas-trail-hunter-reversal-long	4h	FILUSD	14	8	-25.82	0.779	-0.087	-35.93	1	333
asian-box-breakout-eda-tuned	15m	ZECUSD	25	12	-3.58	0.987	-0.003	2.81	3	42
3commas-trail-hunter-reversal-long	15m	HYPEUSD	4	4	58.61	99.000	0.720	33.02	3	42
asian-box-breakout-eda-tuned	4h	SAGAUSD	20	13	282.36	8.081	0.633	262.29	4	333
adaptive-atr-extension-scanner	1h	EVAAUSD	102	44	-31.38	0.977	0.004	-158.11	3	125
asian-box-breakout-eda-tuned	1h	ETHUSD	40	16	-125.35	0.677	-0.157	-128.76	2	125
adaptive-atr-extension-scanner	15m	HYPEUSD	83	40	-134.55	0.827	-0.074	-308.57	3	42
3commas-trail-hunter-reversal-long	4h	SUIUSD	13	3	-142.08	0.229	-0.581	-147.10	0	333
3commas-trail-hunter-reversal-long	15m	VVVUSD	8	5	22.95	1.382	0.148	24.05	3	42
adaptive-atr-extension-scanner	1h	PIEVERSEUSD	84	42	1060.83	2.073	0.470	655.54	6	125
asian-box-breakout-eda-tuned	4h	AINUSD	39	25	313.05	3.167	0.367	268.04	5	333
asian-box-breakout-eda-tuned	1h	SOLUSD	39	22	183.58	1.621	0.247	5.58	3	125
3commas-trail-hunter-reversal-long	15m	XRPUSD	7	3	-53.96	0.318	-0.390	-74.81	1	42
asian-box-breakout-eda-tuned	15m	AAVEUSD	18	9	57.69	1.309	0.177	49.33	3	42
adaptive-atr-extension-scanner	1h	LINKUSD	75	36	-12.69	0.982	0.006	-141.36	3	125
adaptive-atr-extension-scanner	15m	VVVUSD	104	46	-316.10	0.641	-0.172	-381.58	4	42
asian-box-breakout-eda-tuned	4h	COOKIEUSD	19	13	201.63	4.154	0.495	172.97	3	333
adaptive-atr-extension-scanner	1h	BNBUSD	71	37	108.52	1.164	0.091	-104.39	5	125
3commas-trail-hunter-reversal-long	15m	BTCUSD	3	2	17.61	1.967	0.306	3.22	2	42
adaptive-atr-extension-scanner	15m	XRPUSD	87	43	122.52	1.121	0.084	-123.51	5	42
asian-box-breakout-eda-tuned	1h	ZECUSD	57	33	625.41	2.096	0.455	450.37	5	125
asian-box-breakout-eda-tuned	15m	NEARUSD	19	9	26.38	1.126	0.090	-45.72	2	42
adaptive-atr-extension-scanner	1h	BCHUSD	88	37	-150.42	0.825	-0.074	-267.01	4	125
atr-trailing-stop-strategy-with-ema-trend-filter	15m	AKEUSD	34	14	91.92	1.253	0.171	45.76	3	42
3commas-trail-hunter-reversal-long	4h	UNIUSD	16	13	113.75	3.393	0.343	106.82	3	333
asian-box-breakout-eda-tuned	4h	1000PEPEUSD	33	16	243.44	2.378	0.349	201.96	3	268
atr-trailing-stop-strategy-with-ema-trend-filter	15m	AVAXUSD	23	12	32.42	1.150	0.087	-25.23	4	42
atr-trailing-stop-strategy-with-ema-trend-filter	15m	MUBARAKUSD	44	17	-142.35	0.708	-0.160	-144.88	2	42
atr-trailing-stop-strategy-with-ema-trend-filter	15m	SAGAUSD	25	13	83.23	1.362	0.179	-34.48	4	42
atr-trailing-stop-strategy-with-ema-trend-filter	15m	AINUSD	25	10	-0.88	0.997	0.023	-89.55	2	42
atr-trailing-stop-strategy-with-ema-trend-filter	15m	COOKIEUSD	21	10	55.48	1.248	0.149	-23.85	1	42
atr-trailing-stop-strategy-with-ema-trend-filter	15m	1000PEPEUSD	27	10	-147.97	0.519	-0.286	-213.51	3	42
3commas-trail-hunter-reversal-long	15m	TAOUSD	11	5	-65.47	0.443	-0.300	-76.96	2	42
adaptive-atr-extension-scanner	15m	BTCUSD	35	17	17.74	1.047	0.042	-27.78	3	42
atr-trailing-stop-strategy-with-ema-trend-filter	15m	ETCUSD	14	5	-123.42	0.253	-0.463	-128.55	1	42
atr-trailing-stop-strategy-with-ema-trend-filter	15m	WIFUSD	33	10	-194.36	0.471	-0.317	-236.99	3	42
atr-trailing-stop-strategy-with-ema-trend-filter	15m	DOGEUSD	16	10	-50.63	0.552	-0.159	-115.36	2	42
atr-trailing-stop-strategy-with-ema-trend-filter	15m	ETHUSD	14	6	-69.57	0.536	-0.250	-71.79	2	42
atr-trailing-stop-strategy-with-ema-trend-filter	15m	SOLUSD	24	13	4.52	1.021	0.028	-45.91	2	42
atr-trailing-stop-strategy-with-ema-trend-filter	15m	ZECUSD	22	12	33.57	1.173	0.091	-27.04	3	42
asian-box-breakout-eda-tuned	1h	AAVEUSD	47	30	332.81	1.934	0.329	189.40	6	125
atr-trailing-stop-strategy-with-ema-trend-filter	15m	AAVEUSD	34	11	-297.66	0.179	-0.536	-341.89	1	42
atr-trailing-stop-strategy-with-ema-trend-filter	15m	NEARUSD	35	16	-30.00	0.919	-0.029	-98.48	3	42
atr-trailing-stop-strategy-with-ema-trend-filter	15m	FILUSD	29	14	-87.37	0.693	-0.149	-149.53	2	42
atr-trailing-stop-strategy-with-ema-trend-filter	15m	SUIUSD	33	14	-82.81	0.777	-0.116	-151.72	2	42
atr-trailing-stop-strategy-with-ema-trend-filter	15m	UNIUSD	44	16	-225.47	0.541	-0.278	-239.13	1	42
asian-box-breakout-eda-tuned	4h	ETCUSD	28	20	279.51	3.060	0.451	229.87	5	333
atr-trailing-stop-strategy-with-ema-trend-filter	15m	HYPEUSD	38	17	-121.54	0.676	-0.161	-255.58	3	42
3commas-trail-hunter-reversal-long	4h	HYPEUSD	7	5	41.25	2.999	0.295	33.70	3	333
asian-box-breakout-eda-tuned	15m	FILUSD	14	4	-110.37	0.383	-0.408	-105.87	1	42
atr-trailing-stop-strategy-with-ema-trend-filter	15m	VVVUSD	27	14	-5.03	0.980	-0.001	-54.87	3	42
3commas-trail-hunter-reversal-long	15m	EVAAUSD	9	4	22.66	1.221	0.141	-5.55	2	42
atr-trailing-stop-strategy-with-ema-trend-filter	15m	XRPUSD	23	15	71.09	1.457	0.158	83.67	4	42
atr-trailing-stop-strategy-with-ema-trend-filter	15m	BTCUSD	8	4	-32.76	0.566	-0.208	-41.50	2	42
atr-trailing-stop-strategy-with-ema-trend-filter	15m	TAOUSD	32	18	124.75	1.497	0.199	2.59	6	42
atr-trailing-stop-strategy-with-ema-trend-filter	15m	EVAAUSD	28	16	182.67	1.680	0.320	41.87	4	42
adaptive-atr-extension-scanner	15m	TAOUSD	82	41	12.86	1.016	0.022	-176.48	4	42
atr-trailing-stop-strategy-with-ema-trend-filter	15m	PIEVERSEUSD	36	21	149.55	1.481	0.211	39.27	6	42
atr-trailing-stop-strategy-with-ema-trend-filter	15m	LINKUSD	30	7	-286.13	0.218	-0.554	-277.93	0	42
atr-trailing-stop-strategy-with-ema-trend-filter	15m	BNBUSD	7	5	58.62	2.467	0.432	25.86	4	42
atr-trailing-stop-strategy-with-ema-trend-filter	15m	BCHUSD	22	13	76.88	1.431	0.179	-38.79	3	42
atr-trailing-stop-strategy-with-ema-trend-filter	1h	AKEUSD	13	5	38.01	1.275	0.212	38.15	2	63
atr-trailing-stop-strategy-with-ema-trend-filter	1h	AVAXUSD	28	14	22.19	1.080	0.054	-78.57	4	125
atr-trailing-stop-strategy-with-ema-trend-filter	1h	MUBARAKUSD	32	10	-214.37	0.424	-0.367	-241.25	1	125
atr-trailing-stop-strategy-with-ema-trend-filter	1h	SAGAUSD	24	10	-84.58	0.686	-0.172	-153.40	4	125
atr-trailing-stop-strategy-with-ema-trend-filter	1h	AINUSD	36	18	86.20	1.281	0.129	15.01	5	125
atr-trailing-stop-strategy-with-ema-trend-filter	1h	COOKIEUSD	24	11	109.07	1.438	0.246	89.09	4	125
atr-trailing-stop-strategy-with-ema-trend-filter	1h	1000PEPEUSD	34	16	139.04	1.370	0.218	84.42	5	125
3commas-trail-hunter-reversal-long	15m	PIEVERSEUSD	4	2	45.63	2.083	0.587	30.68	2	42
atr-trailing-stop-strategy-with-ema-trend-filter	1h	ETCUSD	34	12	-239.61	0.314	-0.396	-269.26	2	125
asian-box-breakout-eda-tuned	1h	NEARUSD	52	33	342.99	1.864	0.297	196.02	6	125
atr-trailing-stop-strategy-with-ema-trend-filter	1h	WIFUSD	34	21	148.58	1.584	0.221	22.68	6	125
atr-trailing-stop-strategy-with-ema-trend-filter	1h	DOGEUSD	28	17	165.98	1.703	0.293	6.00	6	125
atr-trailing-stop-strategy-with-ema-trend-filter	1h	ETHUSD	17	7	-113.54	0.410	-0.349	-106.43	3	125
3commas-trail-hunter-reversal-long	4h	VVVUSD	13	7	-27.89	0.674	-0.107	-33.81	1	333
atr-trailing-stop-strategy-with-ema-trend-filter	1h	SOLUSD	15	8	-1.24	0.991	0.008	-16.52	4	125
atr-trailing-stop-strategy-with-ema-trend-filter	1h	ZECUSD	6	4	25.49	1.648	0.231	16.18	3	125
atr-trailing-stop-strategy-with-ema-trend-filter	1h	AAVEUSD	20	8	-45.25	0.807	-0.100	-84.08	1	125
adaptive-atr-extension-scanner	15m	EVAAUSD	88	41	-40.80	0.953	-0.005	-260.88	4	42
asian-box-breakout-eda-tuned	4h	WIFUSD	31	19	472.94	4.401	0.645	422.50	5	333
atr-trailing-stop-strategy-with-ema-trend-filter	1h	NEARUSD	23	10	-137.10	0.393	-0.315	-70.95	0	125
atr-trailing-stop-strategy-with-ema-trend-filter	1h	FILUSD	32	17	200.74	1.621	0.312	81.27	3	125
atr-trailing-stop-strategy-with-ema-trend-filter	1h	SUIUSD	28	14	-69.74	0.747	-0.119	-110.42	5	125
atr-trailing-stop-strategy-with-ema-trend-filter	1h	UNIUSD	22	9	-147.08	0.380	-0.355	-123.83	2	125
atr-trailing-stop-strategy-with-ema-trend-filter	1h	HYPEUSD	17	7	-106.08	0.422	-0.324	-141.11	3	125
atr-trailing-stop-strategy-with-ema-trend-filter	1h	VVVUSD	23	13	111.92	1.540	0.254	57.76	3	125
asian-box-breakout-eda-tuned	15m	SUIUSD	16	11	122.62	2.185	0.375	62.03	5	42
atr-trailing-stop-strategy-with-ema-trend-filter	1h	XRPUSD	16	9	46.12	1.326	0.154	2.40	5	125
atr-trailing-stop-strategy-with-ema-trend-filter	1h	BTCUSD	13	8	79.63	1.785	0.319	15.05	3	125
atr-trailing-stop-strategy-with-ema-trend-filter	1h	TAOUSD	30	16	-49.22	0.800	-0.077	-106.68	2	125
atr-trailing-stop-strategy-with-ema-trend-filter	1h	EVAAUSD	19	6	-146.55	0.379	-0.407	-153.93	1	125
atr-trailing-stop-strategy-with-ema-trend-filter	1h	PIEVERSEUSD	30	12	0.21	1.001	0.023	-33.13	4	125
atr-trailing-stop-strategy-with-ema-trend-filter	1h	LINKUSD	18	11	25.58	1.201	0.078	-4.28	4	125
3commas-trail-hunter-reversal-long	15m	LINKUSD	6	2	-58.27	0.232	-0.495	-45.32	2	42
atr-trailing-stop-strategy-with-ema-trend-filter	1h	BNBUSD	29	9	-235.64	0.292	-0.465	-259.17	3	125
atr-trailing-stop-strategy-with-ema-trend-filter	1h	BCHUSD	18	10	81.97	1.521	0.242	-48.93	4	125
atr-trailing-stop-strategy-with-ema-trend-filter	4h	AKEUSD	1	1	7.64	99.000	0.487	7.60	1	63
atr-trailing-stop-strategy-with-ema-trend-filter	4h	AVAXUSD	16	9	19.37	1.137	0.068	15.11	5	333
atr-trailing-stop-strategy-with-ema-trend-filter	4h	MUBARAKUSD	12	8	88.17	2.041	0.366	71.76	4	333
atr-trailing-stop-strategy-with-ema-trend-filter	4h	SAGAUSD	8	5	62.05	1.961	0.390	55.41	4	333
atr-trailing-stop-strategy-with-ema-trend-filter	4h	AINUSD	20	10	-58.15	0.697	-0.144	-62.70	1	333
atr-trailing-stop-strategy-with-ema-trend-filter	4h	COOKIEUSD	12	5	-29.17	0.783	-0.111	-36.31	2	333
atr-trailing-stop-strategy-with-ema-trend-filter	4h	1000PEPEUSD	10	4	-48.38	0.583	-0.240	-60.94	3	268
atr-trailing-stop-strategy-with-ema-trend-filter	4h	ETCUSD	16	5	-134.34	0.337	-0.442	-129.96	2	333
atr-trailing-stop-strategy-with-ema-trend-filter	4h	WIFUSD	10	6	72.53	1.835	0.364	62.32	6	333
asian-box-breakout-eda-tuned	1h	FILUSD	20	13	241.13	2.654	0.565	154.96	3	125
atr-trailing-stop-strategy-with-ema-trend-filter	4h	DOGEUSD	12	7	38.09	1.365	0.170	24.35	4	333
atr-trailing-stop-strategy-with-ema-trend-filter	4h	ETHUSD	10	6	25.87	1.322	0.140	-38.26	4	333
atr-trailing-stop-strategy-with-ema-trend-filter	4h	SOLUSD	24	12	-37.88	0.838	-0.066	-69.04	4	333
3commas-trail-hunter-reversal-long	4h	XRPUSD	10	6	-6.81	0.916	-0.028	-18.43	1	333
atr-trailing-stop-strategy-with-ema-trend-filter	4h	ZECUSD	8	4	15.58	1.211	0.121	14.66	1	333
atr-trailing-stop-strategy-with-ema-trend-filter	4h	AAVEUSD	12	8	31.45	1.447	0.202	18.71	5	333
atr-trailing-stop-strategy-with-ema-trend-filter	4h	NEARUSD	12	7	8.14	1.080	0.042	12.91	4	333
asian-box-breakout-eda-tuned	4h	DOGEUSD	33	20	201.22	2.199	0.291	155.29	3	333
atr-trailing-stop-strategy-with-ema-trend-filter	4h	FILUSD	16	4	-131.38	0.389	-0.430	-144.34	3	333
atr-trailing-stop-strategy-with-ema-trend-filter	4h	SUIUSD	20	11	1.16	1.006	0.012	-46.52	4	333
adaptive-atr-extension-scanner	15m	PIEVERSEUSD	106	51	581.78	1.536	0.245	162.86	4	42
atr-trailing-stop-strategy-with-ema-trend-filter	4h	UNIUSD	16	7	-47.11	0.738	-0.141	-62.33	3	333
atr-trailing-stop-strategy-with-ema-trend-filter	4h	HYPEUSD	8	6	87.34	2.993	0.539	79.89	4	333
atr-trailing-stop-strategy-with-ema-trend-filter	4h	VVVUSD	12	6	-3.07	0.973	0.001	-7.45	3	333
atr-trailing-stop-strategy-with-ema-trend-filter	4h	XRPUSD	8	7	109.25	6.417	0.659	64.48	6	333
atr-trailing-stop-strategy-with-ema-trend-filter	4h	BTCUSD	14	8	14.08	1.113	0.064	-42.87	5	333
atr-trailing-stop-strategy-with-ema-trend-filter	4h	TAOUSD	10	5	-6.59	0.932	-0.024	-13.25	3	333
atr-trailing-stop-strategy-with-ema-trend-filter	4h	EVAAUSD	9	4	-10.45	0.896	-0.046	-13.17	2	333
atr-trailing-stop-strategy-with-ema-trend-filter	4h	PIEVERSEUSD	6	4	-4.95	0.876	-0.039	-7.60	1	154
atr-trailing-stop-strategy-with-ema-trend-filter	4h	LINKUSD	14	5	-98.98	0.423	-0.368	-105.42	2	333
atr-trailing-stop-strategy-with-ema-trend-filter	4h	BNBUSD	10	5	-5.26	0.943	-0.023	-16.19	3	333
atr-trailing-stop-strategy-with-ema-trend-filter	4h	BCHUSD	13	4	-80.67	0.528	-0.311	-87.82	3	333
3commas-trail-hunter-reversal-long	15m	BNBUSD	1	0	-19.62	0.000	-1.000	-19.66	0	42
btc-trend-momentum-strategy	15m	AKEUSD	63	27	-70.53	0.880	-0.044	-119.99	4	42
btc-trend-momentum-strategy	15m	AVAXUSD	39	23	36.54	1.117	0.056	3.11	5	42
asian-box-breakout-eda-tuned	15m	UNIUSD	23	13	60.74	1.326	0.139	56.07	5	42
btc-trend-momentum-strategy	15m	MUBARAKUSD	67	34	44.13	1.073	0.048	-71.38	4	42
3commas-trail-hunter-reversal-long	4h	BTCUSD	8	4	1.13	1.014	0.012	-14.59	2	333
btc-trend-momentum-strategy	15m	SAGAUSD	49	20	-211.52	0.585	-0.233	-297.54	2	42
asian-box-breakout-eda-tuned	1h	SUIUSD	20	10	-20.28	0.884	-0.043	-34.27	2	125
adaptive-atr-extension-scanner	15m	LINKUSD	106	51	53.80	1.045	0.044	-122.01	4	42
asian-box-breakout-eda-tuned	4h	ETHUSD	51	29	361.55	2.216	0.323	260.59	4	333
btc-trend-momentum-strategy	15m	AINUSD	43	15	-168.65	0.641	-0.189	-187.11	1	42
3commas-trail-hunter-reversal-long	15m	BCHUSD	7	5	68.34	2.695	0.487	37.28	4	42
btc-trend-momentum-strategy	1h	AKEUSD	18	5	-68.16	0.512	-0.272	-72.26	3	63
btc-trend-momentum-strategy	15m	COOKIEUSD	44	21	-52.14	0.887	-0.047	-213.84	3	42
btc-trend-momentum-strategy	1h	AVAXUSD	46	23	-87.66	0.794	-0.091	-156.03	4	125
btc-trend-momentum-strategy	15m	1000PEPEUSD	41	14	-224.80	0.505	-0.300	-306.21	2	42
btc-trend-momentum-strategy	1h	MUBARAKUSD	59	29	156.01	1.258	0.144	39.88	6	125
btc-trend-momentum-strategy	15m	ETCUSD	40	17	-210.81	0.444	-0.287	-158.07	4	42
btc-trend-momentum-strategy	1h	SAGAUSD	43	16	-176.41	0.642	-0.213	-252.86	2	125
btc-trend-momentum-strategy	1h	AINUSD	46	23	109.74	1.245	0.133	50.89	5	125
btc-trend-momentum-strategy	15m	WIFUSD	57	26	359.02	1.550	0.299	107.51	5	42
btc-trend-momentum-strategy	1h	COOKIEUSD	32	16	21.35	1.071	0.049	10.90	3	125
btc-trend-momentum-strategy	15m	DOGEUSD	45	22	-28.83	0.938	-0.015	-116.24	3	42
btc-trend-momentum-strategy	1h	1000PEPEUSD	38	13	-230.78	0.476	-0.334	-267.17	1	125
3commas-trail-hunter-reversal-long	4h	TAOUSD	13	5	-89.93	0.329	-0.358	-95.27	1	333
adaptive-atr-extension-scanner	15m	BNBUSD	36	16	-191.36	0.476	-0.292	-217.35	1	42
asian-box-breakout-eda-tuned	15m	HYPEUSD	22	10	-133.78	0.391	-0.320	-160.73	3	42
btc-trend-momentum-strategy	15m	ETHUSD	35	17	-117.70	0.611	-0.173	-192.11	3	42
btc-trend-momentum-strategy	1h	ETCUSD	43	22	8.72	1.020	0.022	-46.85	6	125
btc-trend-momentum-strategy	1h	WIFUSD	47	20	10.29	1.020	0.033	-81.61	5	125
asian-box-breakout-eda-tuned	1h	UNIUSD	50	29	456.85	1.967	0.401	326.11	5	125
btc-trend-momentum-strategy	15m	SOLUSD	43	24	57.90	1.156	0.083	-21.15	5	42
asian-box-breakout-eda-tuned	4h	SOLUSD	42	29	346.53	2.993	0.387	268.58	5	333
btc-trend-momentum-strategy	1h	DOGEUSD	31	15	1.59	1.005	0.017	-79.34	2	125
btc-trend-momentum-strategy	15m	ZECUSD	56	30	-91.41	0.805	-0.078	-111.71	3	42
btc-trend-momentum-strategy	1h	ETHUSD	40	24	32.09	1.100	0.049	-46.48	4	125
btc-trend-momentum-strategy	15m	AAVEUSD	59	26	-197.45	0.652	-0.184	-282.22	3	42
btc-trend-momentum-strategy	1h	SOLUSD	28	14	27.05	1.108	0.068	-69.73	4	125
btc-trend-momentum-strategy	15m	NEARUSD	70	30	-191.20	0.726	-0.138	-304.60	1	42
btc-trend-momentum-strategy	1h	ZECUSD	55	24	-107.15	0.783	-0.088	-161.96	4	125
btc-trend-momentum-strategy	15m	FILUSD	47	21	12.63	1.023	0.032	-118.00	3	42
btc-trend-momentum-strategy	1h	AAVEUSD	45	25	31.65	1.079	0.049	-22.70	4	125
btc-trend-momentum-strategy	1h	NEARUSD	51	24	-48.73	0.903	-0.037	-109.17	4	125
btc-trend-momentum-strategy	15m	SUIUSD	46	19	-205.00	0.578	-0.240	-287.50	1	42
adaptive-atr-extension-scanner	15m	BCHUSD	82	35	-181.87	0.778	-0.106	-342.99	3	42
btc-trend-momentum-strategy	1h	FILUSD	57	27	67.13	1.107	0.076	-36.40	5	125
btc-trend-momentum-strategy	4h	AKEUSD	1	0	-17.05	0.000	-1.000	-17.40	0	63
btc-trend-momentum-strategy	15m	UNIUSD	75	34	-188.92	0.753	-0.128	-257.08	3	42
btc-trend-momentum-strategy	4h	AVAXUSD	24	10	-20.38	0.930	-0.018	-43.04	2	333
3commas-trail-hunter-reversal-long	4h	EVAAUSD	24	10	38.22	1.290	0.086	28.13	2	333
btc-trend-momentum-strategy	1h	SUIUSD	33	19	143.11	1.433	0.222	55.72	4	125
btc-trend-momentum-strategy	4h	MUBARAKUSD	42	18	-183.85	0.511	-0.234	-194.28	2	333
btc-trend-momentum-strategy	15m	HYPEUSD	64	32	-110.49	0.818	-0.082	-210.34	4	42
asian-box-breakout-eda-tuned	15m	VVVUSD	27	15	46.90	1.189	0.101	-85.91	4	42
btc-trend-momentum-strategy	1h	UNIUSD	60	27	-166.29	0.754	-0.140	-229.30	4	125
btc-trend-momentum-strategy	4h	SAGAUSD	29	10	-87.77	0.761	-0.135	-96.15	4	333
asian-box-breakout-eda-tuned	4h	ZECUSD	77	52	696.19	3.145	0.368	542.68	5	333
asian-box-breakout-eda-tuned	1h	HYPEUSD	63	34	-101.33	0.821	-0.077	-185.67	3	125
btc-trend-momentum-strategy	4h	AINUSD	22	13	86.28	1.439	0.196	73.59	5	333
btc-trend-momentum-strategy	15m	VVVUSD	57	26	-4.17	0.993	0.015	-191.18	3	42
btc-trend-momentum-strategy	1h	HYPEUSD	39	17	-124.80	0.699	-0.161	-155.08	1	125
btc-trend-momentum-strategy	4h	COOKIEUSD	27	17	287.09	2.177	0.494	251.28	7	333
btc-trend-momentum-strategy	1h	VVVUSD	44	22	-76.35	0.821	-0.084	-108.75	4	125
btc-trend-momentum-strategy	4h	1000PEPEUSD	16	13	218.58	4.345	0.634	199.45	7	268
btc-trend-momentum-strategy	15m	XRPUSD	47	28	-11.53	0.969	-0.005	-135.59	3	42
btc-trend-momentum-strategy	4h	ETCUSD	19	10	-28.29	0.842	-0.067	-10.95	3	333
btc-trend-momentum-strategy	1h	XRPUSD	32	18	-38.89	0.857	-0.055	-14.89	5	125
btc-trend-momentum-strategy	4h	WIFUSD	23	8	-110.58	0.607	-0.241	-99.39	4	333
btc-trend-momentum-strategy	15m	BTCUSD	17	9	29.42	1.192	0.112	-17.74	1	42
btc-trend-momentum-strategy	1h	BTCUSD	36	17	-82.35	0.762	-0.107	-133.38	4	125
btc-trend-momentum-strategy	4h	DOGEUSD	22	10	-48.62	0.790	-0.105	-71.74	3	333
btc-trend-momentum-strategy	15m	TAOUSD	80	30	-316.85	0.600	-0.224	-351.16	1	42
btc-trend-momentum-strategy	4h	ETHUSD	26	11	-37.09	0.866	-0.062	-59.42	3	333
btc-trend-momentum-strategy	1h	TAOUSD	38	17	-56.13	0.860	-0.060	-150.57	3	125
btc-trend-momentum-strategy	4h	SOLUSD	25	12	22.82	1.098	0.077	-39.40	4	333
btc-trend-momentum-strategy	1h	EVAAUSD	58	22	-217.60	0.518	-0.205	-257.44	1	125
btc-trend-momentum-strategy	15m	EVAAUSD	48	27	63.92	1.153	0.078	-26.28	5	42
btc-trend-momentum-strategy	4h	ZECUSD	29	13	24.60	1.082	0.067	38.77	2	333
3commas-trail-hunter-reversal-long	4h	PIEVERSEUSD	14	8	33.98	1.430	0.129	26.60	5	154
btc-trend-momentum-strategy	1h	PIEVERSEUSD	57	27	18.35	1.029	0.031	-105.22	2	125
btc-trend-momentum-strategy	4h	AAVEUSD	25	10	-29.45	0.893	-0.051	-29.44	2	333
btc-trend-momentum-strategy	15m	PIEVERSEUSD	57	28	113.65	1.168	0.113	-93.57	3	42
btc-trend-momentum-strategy	4h	NEARUSD	28	12	-53.67	0.825	-0.085	-74.97	2	333
btc-trend-momentum-strategy	1h	LINKUSD	48	21	-164.91	0.664	-0.179	-242.94	2	125
btc-trend-momentum-strategy	4h	FILUSD	44	20	-113.70	0.602	-0.133	-112.47	2	333
btc-trend-momentum-strategy	15m	LINKUSD	70	28	-227.08	0.679	-0.171	-374.50	3	42
btc-trend-momentum-strategy	1h	BNBUSD	42	18	-135.94	0.680	-0.161	-212.33	3	125
asian-box-breakout-eda-tuned	4h	AAVEUSD	38	28	395.41	4.053	0.507	369.53	5	333
btc-trend-momentum-strategy	4h	SUIUSD	19	9	-27.08	0.862	-0.062	-21.08	4	333
btc-trend-momentum-strategy	1h	BCHUSD	34	20	74.86	1.255	0.121	-21.03	6	125
btc-trend-momentum-strategy	4h	UNIUSD	22	9	-49.31	0.800	-0.102	-23.39	4	333
btc-trend-momentum-strategy	15m	BNBUSD	24	12	-7.91	0.967	-0.004	-78.74	2	42
asian-box-breakout-eda-tuned	15m	XRPUSD	14	8	-47.41	0.592	-0.168	-34.44	2	42
btc-trend-momentum-strategy	4h	HYPEUSD	23	10	181.36	1.742	0.403	145.17	5	333
btc-turtle-paper-strategy-v1-bitstamp	15m	AKEUSD	33	18	4.49	1.017	0.038	-11.77	5	42
asian-box-breakout-eda-tuned	1h	VVVUSD	49	32	315.52	1.952	0.296	185.15	6	125
btc-trend-momentum-strategy	15m	BCHUSD	51	11	-489.62	0.152	-0.651	-518.59	0	42
btc-trend-momentum-strategy	4h	VVVUSD	56	17	69.40	1.223	0.077	-25.49	3	333
btc-turtle-paper-strategy-v1-bitstamp	15m	AVAXUSD	32	14	-148.75	0.555	-0.243	-180.29	2	42
btc-turtle-paper-strategy-v1-bitstamp	1h	AKEUSD	12	9	269.67	5.989	1.175	238.34	6	63
btc-trend-momentum-strategy	4h	XRPUSD	19	7	15.90	1.066	0.071	2.74	2	333
btc-turtle-paper-strategy-v1-bitstamp	1h	AVAXUSD	25	12	-113.67	0.532	-0.236	-173.94	1	125
btc-trend-momentum-strategy	4h	BTCUSD	26	16	275.36	2.382	0.508	303.12	6	333
btc-turtle-paper-strategy-v1-bitstamp	15m	MUBARAKUSD	50	25	164.05	1.329	0.175	2.91	5	42
btc-turtle-paper-strategy-v1-bitstamp	1h	MUBARAKUSD	30	18	40.08	1.168	0.075	6.88	5	125
btc-trend-momentum-strategy	4h	TAOUSD	28	15	-34.57	0.849	-0.055	-59.94	4	333
btc-turtle-paper-strategy-v1-bitstamp	15m	SAGAUSD	24	9	-49.35	0.826	-0.086	-89.43	2	42
btc-turtle-paper-strategy-v1-bitstamp	1h	SAGAUSD	25	13	210.00	1.841	0.410	71.63	6	125
btc-trend-momentum-strategy	4h	EVAAUSD	53	16	-197.50	0.489	-0.202	-211.29	3	333
btc-turtle-paper-strategy-v1-bitstamp	1h	AINUSD	33	16	185.33	1.522	0.290	135.44	5	125
btc-trend-momentum-strategy	4h	PIEVERSEUSD	20	7	-159.78	0.325	-0.433	-162.99	2	154
btc-turtle-paper-strategy-v1-bitstamp	15m	AINUSD	19	10	85.81	1.463	0.245	22.48	6	42
3commas-trail-hunter-reversal-long	4h	LINKUSD	6	6	77.81	99.000	0.632	65.21	3	333
btc-turtle-paper-strategy-v1-bitstamp	1h	COOKIEUSD	39	23	243.91	1.737	0.299	135.48	6	125
btc-trend-momentum-strategy	4h	LINKUSD	22	14	273.17	2.404	0.579	194.61	5	333
btc-turtle-paper-strategy-v1-bitstamp	15m	COOKIEUSD	28	15	204.26	1.842	0.357	98.27	3	42
btc-turtle-paper-strategy-v1-bitstamp	1h	1000PEPEUSD	34	13	-103.71	0.727	-0.144	-79.29	2	125
btc-trend-momentum-strategy	4h	BNBUSD	20	11	160.09	1.853	0.421	129.76	4	333
btc-turtle-paper-strategy-v1-bitstamp	15m	1000PEPEUSD	27	16	245.37	2.117	0.432	115.52	5	42
btc-turtle-paper-strategy-v1-bitstamp	1h	ETCUSD	34	10	-149.68	0.653	-0.216	-205.92	2	125
btc-trend-momentum-strategy	4h	BCHUSD	24	11	20.44	1.079	0.059	0.39	3	333
btc-turtle-paper-strategy-v1-bitstamp	4h	AKEUSD	2	0	-28.85	0.000	-0.997	-29.13	0	63
asian-box-breakout-eda-tuned	4h	NEARUSD	68	34	290.93	1.655	0.197	219.55	6	333
btc-turtle-paper-strategy-v1-bitstamp	1h	WIFUSD	32	15	98.44	1.286	0.173	9.65	5	125
btc-turtle-paper-strategy-v1-bitstamp	15m	ETCUSD	28	15	13.09	1.053	0.035	-78.48	3	42
btc-turtle-paper-strategy-v1-bitstamp	4h	AVAXUSD	16	7	-68.77	0.599	-0.215	-76.68	3	333
btc-turtle-paper-strategy-v1-bitstamp	1h	DOGEUSD	21	9	147.74	1.624	0.370	78.39	4	125
btc-turtle-paper-strategy-v1-bitstamp	4h	MUBARAKUSD	17	8	-39.83	0.769	-0.109	-46.89	2	333
btc-turtle-paper-strategy-v1-bitstamp	15m	WIFUSD	30	9	-195.24	0.446	-0.352	-235.23	2	42
btc-turtle-paper-strategy-v1-bitstamp	4h	SAGAUSD	20	6	-142.65	0.422	-0.372	-128.95	2	333
btc-turtle-paper-strategy-v1-bitstamp	1h	ETHUSD	8	4	63.34	1.790	0.421	42.55	3	125
btc-turtle-paper-strategy-v1-bitstamp	4h	AINUSD	13	6	-58.71	0.566	-0.229	-32.90	2	333
btc-turtle-paper-strategy-v1-bitstamp	15m	DOGEUSD	27	12	-37.91	0.868	-0.055	-83.32	4	42
btc-turtle-paper-strategy-v1-bitstamp	1h	SOLUSD	19	13	270.53	3.678	0.669	111.50	4	125
btc-turtle-paper-strategy-v1-bitstamp	4h	COOKIEUSD	19	8	-55.82	0.731	-0.139	-57.34	3	333
btc-turtle-paper-strategy-v1-bitstamp	1h	ZECUSD	30	12	-3.10	0.990	0.023	-53.66	3	125
btc-turtle-paper-strategy-v1-bitstamp	4h	1000PEPEUSD	13	6	77.98	1.585	0.324	55.69	3	268
btc-turtle-paper-strategy-v1-bitstamp	15m	ETHUSD	10	6	36.17	1.453	0.191	-11.95	3	42
btc-turtle-paper-strategy-v1-bitstamp	4h	ETCUSD	13	4	-22.21	0.871	-0.055	-32.99	2	333
asian-box-breakout-eda-tuned	1h	XRPUSD	18	9	123.80	1.740	0.344	77.35	2	125
asian-box-breakout-eda-tuned	15m	BTCUSD	4	1	-23.40	0.429	-0.291	-31.40	0	42
btc-turtle-paper-strategy-v1-bitstamp	1h	AAVEUSD	30	16	52.99	1.213	0.108	-43.05	3	125
btc-turtle-paper-strategy-v1-bitstamp	4h	WIFUSD	14	5	-31.23	0.827	-0.097	-38.21	1	333
btc-turtle-paper-strategy-v1-bitstamp	15m	SOLUSD	25	9	-138.27	0.515	-0.293	-158.93	1	42
btc-turtle-paper-strategy-v1-bitstamp	1h	NEARUSD	39	23	186.61	1.615	0.237	106.91	5	125
btc-turtle-paper-strategy-v1-bitstamp	4h	DOGEUSD	12	6	14.11	1.120	0.071	2.99	4	333
btc-turtle-paper-strategy-v1-bitstamp	4h	ETHUSD	6	0	-111.54	0.000	-1.000	-110.42	0	333
btc-turtle-paper-strategy-v1-bitstamp	1h	FILUSD	31	18	254.83	1.817	0.389	140.38	6	125
btc-turtle-paper-strategy-v1-bitstamp	15m	ZECUSD	40	25	194.93	1.624	0.243	52.13	5	42
btc-turtle-paper-strategy-v1-bitstamp	4h	SOLUSD	16	7	-79.13	0.497	-0.279	-49.26	2	333
btc-turtle-paper-strategy-v1-bitstamp	1h	SUIUSD	30	15	-48.80	0.822	-0.074	-131.45	3	125
btc-turtle-paper-strategy-v1-bitstamp	4h	ZECUSD	19	14	311.40	3.845	0.810	303.22	5	333
btc-turtle-paper-strategy-v1-bitstamp	15m	AAVEUSD	36	11	-167.47	0.608	-0.245	-210.16	3	42
btc-turtle-paper-strategy-v1-bitstamp	4h	AAVEUSD	18	12	88.57	1.814	0.272	69.79	5	333
3commas-trail-hunter-reversal-long	4h	BNBUSD	15	5	-128.32	0.304	-0.464	-178.52	0	333
btc-turtle-paper-strategy-v1-bitstamp	1h	UNIUSD	29	15	-81.20	0.690	-0.139	-89.08	3	125
btc-turtle-paper-strategy-v1-bitstamp	4h	NEARUSD	20	13	128.01	1.913	0.316	122.12	4	333
btc-turtle-paper-strategy-v1-bitstamp	15m	NEARUSD	48	24	5.93	1.013	0.024	-134.76	4	42
btc-turtle-paper-strategy-v1-bitstamp	4h	FILUSD	18	7	-60.62	0.710	-0.160	-67.93	3	333
btc-turtle-paper-strategy-v1-bitstamp	1h	HYPEUSD	35	21	179.34	1.575	0.259	115.03	4	125
asian-box-breakout-eda-tuned	4h	FILUSD	34	24	524.80	4.378	0.641	473.99	5	333
btc-turtle-paper-strategy-v1-bitstamp	4h	SUIUSD	16	7	37.13	1.195	0.142	44.41	4	333
btc-turtle-paper-strategy-v1-bitstamp	15m	FILUSD	26	15	193.45	1.902	0.361	95.82	5	42
btc-turtle-paper-strategy-v1-bitstamp	1h	VVVUSD	39	17	-83.97	0.793	-0.102	-132.90	4	125
btc-turtle-paper-strategy-v1-bitstamp	4h	UNIUSD	17	6	-125.26	0.389	-0.387	-130.83	2	333
btc-turtle-paper-strategy-v1-bitstamp	4h	HYPEUSD	22	11	193.34	1.797	0.443	169.35	5	333
btc-turtle-paper-strategy-v1-bitstamp	15m	SUIUSD	32	13	-82.92	0.770	-0.123	-134.49	3	42
btc-turtle-paper-strategy-v1-bitstamp	1h	XRPUSD	11	7	163.93	3.019	0.729	116.50	4	125
btc-turtle-paper-strategy-v1-bitstamp	4h	VVVUSD	19	8	0.97	1.004	0.024	-34.69	3	333
btc-turtle-paper-strategy-v1-bitstamp	1h	BTCUSD	15	7	-50.56	0.655	-0.165	-74.91	3	125
btc-turtle-paper-strategy-v1-bitstamp	4h	XRPUSD	7	1	-105.45	0.069	-0.788	-106.04	0	333
btc-turtle-paper-strategy-v1-bitstamp	15m	UNIUSD	47	20	-74.93	0.858	-0.067	-166.96	3	42
btc-turtle-paper-strategy-v1-bitstamp	4h	BTCUSD	13	7	25.83	1.233	0.101	3.34	4	333
btc-turtle-paper-strategy-v1-bitstamp	1h	TAOUSD	30	18	255.07	1.931	0.404	173.86	7	125
btc-turtle-paper-strategy-v1-bitstamp	4h	TAOUSD	17	8	5.18	1.031	0.028	-41.29	3	333
btc-turtle-paper-strategy-v1-bitstamp	15m	HYPEUSD	46	23	-74.25	0.819	-0.071	-155.01	3	42
btc-turtle-paper-strategy-v1-bitstamp	4h	EVAAUSD	14	7	87.53	1.611	0.332	80.07	4	333
btc-turtle-paper-strategy-v1-bitstamp	1h	EVAAUSD	24	11	55.34	1.212	0.134	59.67	4	125
btc-turtle-paper-strategy-v1-bitstamp	4h	PIEVERSEUSD	9	7	101.84	3.296	0.555	85.62	3	154
asian-box-breakout-eda-tuned	1h	BTCUSD	23	14	224.55	2.312	0.479	121.26	4	125
btc-turtle-paper-strategy-v1-bitstamp	15m	VVVUSD	54	22	-226.96	0.588	-0.232	-235.13	2	42
btc-turtle-paper-strategy-v1-bitstamp	4h	LINKUSD	15	4	-141.67	0.300	-0.505	-147.15	1	333
btc-turtle-paper-strategy-v1-bitstamp	1h	PIEVERSEUSD	33	19	414.24	2.376	0.559	309.28	5	125
btc-turtle-paper-strategy-v1-bitstamp	4h	BNBUSD	18	11	49.97	1.380	0.147	21.49	4	333
btc-turtle-paper-strategy-v1-bitstamp	15m	XRPUSD	21	13	176.19	1.988	0.408	44.57	4	42
btc-turtle-paper-strategy-v1-bitstamp	4h	BCHUSD	18	5	-137.56	0.424	-0.401	-144.08	2	333
btc-turtle-paper-strategy-v1-bitstamp	1h	LINKUSD	23	14	44.13	1.267	0.103	-25.23	5	125
btc-turtle-paper-strategy-v1-bitstamp	15m	BTCUSD	6	1	-74.68	0.206	-0.648	-79.60	0	42
btc-turtle-paper-strategy-v1-bitstamp	1h	BNBUSD	26	13	136.88	1.505	0.279	23.54	5	125
asian-box-breakout-eda-tuned	15m	TAOUSD	19	13	156.89	2.195	0.398	53.03	6	42
compression-breakout-system	15m	AKEUSD	10	4	-34.07	0.696	-0.086	-29.87	2	42
btc-turtle-paper-strategy-v1-bitstamp	15m	TAOUSD	47	19	-193.83	0.584	-0.219	-227.16	2	42
btc-turtle-paper-strategy-v1-bitstamp	1h	BCHUSD	30	15	35.33	1.115	0.073	-15.80	4	125
compression-breakout-system	1h	AKEUSD	6	5	167.68	9.053	1.538	182.12	4	63
compression-breakout-system	15m	AVAXUSD	9	4	-5.84	0.939	-0.018	-19.39	1	42
btc-turtle-paper-strategy-v1-bitstamp	15m	EVAAUSD	39	16	48.99	1.115	0.087	-63.13	5	42
compression-breakout-system	1h	AVAXUSD	7	2	-71.95	0.263	-0.525	-76.60	2	125
3commas-trail-hunter-reversal-long	4h	BCHUSD	22	12	-10.00	0.947	-0.014	-18.06	2	333
btc-turtle-paper-strategy-v1-bitstamp	15m	PIEVERSEUSD	63	27	305.24	1.442	0.243	185.70	5	42
asian-box-breakout-eda-tuned	4h	SUIUSD	29	16	399.66	3.856	0.602	351.36	3	333
compression-breakout-system	4h	AKEUSD	0	0	0.00	0.000	0.000	0.00	0	63
compression-breakout-system	15m	MUBARAKUSD	22	10	-18.25	0.917	-0.022	-72.70	3	42
compression-breakout-system	1h	MUBARAKUSD	10	6	11.34	1.139	0.065	2.38	2	125
compression-breakout-system	4h	AVAXUSD	6	2	-50.97	0.347	-0.430	-53.24	0	333
btc-turtle-paper-strategy-v1-bitstamp	15m	LINKUSD	39	20	66.62	1.170	0.102	-97.77	4	42
compression-breakout-system	4h	MUBARAKUSD	10	6	51.05	1.642	0.262	13.29	3	333
compression-breakout-system	15m	SAGAUSD	12	6	56.34	1.464	0.255	44.70	3	42
compression-breakout-system	1h	SAGAUSD	5	4	32.45	2.610	0.325	28.69	2	125
btc-turtle-paper-strategy-v1-bitstamp	15m	BNBUSD	12	5	-46.39	0.627	-0.191	-74.51	2	42
compression-breakout-system	4h	SAGAUSD	5	0	-95.94	0.000	-0.999	-95.94	0	333
compression-breakout-system	4h	AINUSD	10	5	26.89	1.262	0.161	24.51	2	333
compression-breakout-system	15m	AINUSD	7	4	-18.68	0.677	-0.127	-13.41	1	42
compression-breakout-system	1h	AINUSD	10	5	16.18	1.160	0.095	-1.67	3	125
btc-turtle-paper-strategy-v1-bitstamp	15m	BCHUSD	37	16	-136.18	0.608	-0.188	-176.27	1	42
compression-breakout-system	4h	COOKIEUSD	7	3	-33.89	0.575	-0.237	-36.81	2	333
compression-breakout-system	4h	1000PEPEUSD	9	3	-59.34	0.483	-0.332	-70.82	2	268
compression-breakout-system	1h	COOKIEUSD	7	6	80.08	4.904	0.559	59.61	5	125
compression-breakout-system	15m	COOKIEUSD	4	3	112.85	6.845	1.393	77.29	3	42
asian-box-breakout-eda-tuned	1h	TAOUSD	29	18	227.52	1.918	0.374	143.03	5	125
compression-breakout-system	4h	ETCUSD	3	0	-58.77	0.000	-1.000	-58.75	0	333
compression-breakout-system	1h	1000PEPEUSD	11	9	494.26	12.209	1.912	385.82	5	125
compression-breakout-system	4h	WIFUSD	4	2	-14.58	0.636	-0.176	-23.09	1	333
compression-breakout-system	15m	1000PEPEUSD	14	7	116.50	1.867	0.422	65.21	3	42
compression-breakout-system	4h	DOGEUSD	8	2	-73.74	0.349	-0.473	-78.36	2	333
compression-breakout-system	1h	ETCUSD	4	3	15.74	1.839	0.201	-15.99	2	125
compression-breakout-system	4h	ETHUSD	11	3	-104.93	0.306	-0.502	-128.26	2	333
compression-breakout-system	15m	ETCUSD	5	2	-48.79	0.156	-0.494	-69.48	1	42
compression-breakout-system	1h	WIFUSD	11	4	-44.55	0.669	-0.194	-56.26	2	125
compression-breakout-system	4h	SOLUSD	6	1	-78.37	0.091	-0.746	-57.44	1	333
compression-breakout-system	4h	ZECUSD	9	5	74.61	1.922	0.501	66.14	4	333
crypto-directional-score-oscillator	15m	AKEUSD	15	8	-0.72	0.993	0.041	-6.79	4	42
asian-box-breakout-eda-tuned	15m	EVAAUSD	3	3	34.76	99.000	0.574	31.59	1	42
compression-breakout-system	1h	DOGEUSD	5	1	-62.47	0.193	-0.637	-71.17	1	125
compression-breakout-system	15m	WIFUSD	14	6	-8.38	0.933	-0.020	-86.32	2	42
compression-breakout-system	4h	AAVEUSD	7	2	-64.71	0.246	-0.522	-69.50	1	333
compression-breakout-system	4h	NEARUSD	9	6	38.78	1.627	0.221	32.81	2	333
compression-breakout-system	1h	ETHUSD	8	5	11.75	1.196	0.083	-26.79	3	125
compression-breakout-system	15m	DOGEUSD	14	5	-57.43	0.674	-0.191	-76.15	1	42
compression-breakout-system	4h	FILUSD	9	3	-88.67	0.222	-0.509	-90.08	1	333
asian-box-breakout-eda-tuned	4h	UNIUSD	46	28	593.40	3.389	0.527	518.71	7	333
compression-breakout-system	1h	SOLUSD	5	3	75.84	2.851	0.814	59.14	3	125
compression-breakout-system	4h	SUIUSD	4	1	46.67	1.714	0.651	40.07	1	333
compression-breakout-system	15m	ETHUSD	3	1	-31.05	0.154	-0.521	-33.44	1	42
compression-breakout-system	4h	UNIUSD	7	2	-37.79	0.603	-0.253	-40.22	2	333
compression-breakout-system	1h	ZECUSD	15	8	267.07	2.763	0.866	250.56	5	125
compression-breakout-system	4h	HYPEUSD	11	6	28.64	1.288	0.144	21.26	3	333
compression-breakout-system	1h	AAVEUSD	8	4	1.43	1.019	0.038	-8.79	2	125
compression-breakout-system	4h	VVVUSD	16	11	56.36	1.557	0.184	48.61	5	333
compression-breakout-system	15m	SOLUSD	8	2	-89.13	0.178	-0.591	-93.92	2	42
crypto-directional-score-oscillator	15m	AVAXUSD	34	17	-7.14	0.979	0.005	-126.19	4	42
compression-breakout-system	4h	XRPUSD	6	1	6.01	1.060	0.107	-0.42	1	333
compression-breakout-system	1h	NEARUSD	12	7	97.91	1.940	0.411	62.25	4	125
compression-breakout-system	15m	ZECUSD	15	10	131.62	2.329	0.447	81.80	4	42
compression-breakout-system	4h	BTCUSD	8	2	-70.54	0.346	-0.477	-79.10	0	333
compression-breakout-system	1h	FILUSD	8	4	78.19	1.971	0.514	60.01	3	125
compression-breakout-system	4h	TAOUSD	5	3	9.15	1.227	0.102	7.30	2	333
compression-breakout-system	15m	AAVEUSD	17	7	-26.85	0.856	-0.076	-57.05	3	42
compression-breakout-system	4h	EVAAUSD	6	3	133.00	3.269	1.121	128.93	2	333
compression-breakout-system	1h	SUIUSD	6	2	-33.95	0.565	-0.277	-40.67	2	125
asian-box-breakout-eda-tuned	1h	EVAAUSD	20	12	226.75	2.418	0.539	223.65	2	125
compression-breakout-system	4h	PIEVERSEUSD	7	4	-7.84	0.870	-0.050	-17.78	2	154
compression-breakout-system	4h	LINKUSD	7	2	-44.47	0.540	-0.314	-49.40	1	333
compression-breakout-system	1h	UNIUSD	12	6	-39.59	0.655	-0.160	-67.08	3	125
compression-breakout-system	15m	NEARUSD	17	7	-101.01	0.409	-0.307	-114.41	1	42
compression-breakout-system	4h	BNBUSD	3	2	34.60	2.973	0.576	26.84	2	333
compression-breakout-system	1h	HYPEUSD	14	8	69.91	1.546	0.267	98.64	3	125
crypto-directional-score-oscillator	15m	MUBARAKUSD	104	53	-15.64	0.986	0.005	-190.63	4	42
compression-breakout-system	4h	BCHUSD	9	2	-94.16	0.294	-0.541	-97.54	2	333
compression-breakout-system	15m	FILUSD	11	10	169.67	8.739	0.725	126.94	5	42
compression-breakout-system	1h	VVVUSD	11	3	-109.67	0.268	-0.529	-111.82	1	125
compression-breakout-system	1h	XRPUSD	2	1	-12.44	0.383	-0.307	-13.46	1	125
asian-box-breakout-eda-tuned	4h	HYPEUSD	86	49	680.78	2.350	0.316	584.21	5	333
compression-breakout-system	15m	SUIUSD	10	5	117.86	2.225	0.596	70.72	3	42
crypto-directional-score-oscillator	1h	AKEUSD	3	1	-33.00	0.135	-0.503	-33.95	1	63
compression-breakout-system	1h	BTCUSD	9	5	33.91	1.453	0.218	-7.88	4	125
asian-box-breakout-eda-tuned	15m	PIEVERSEUSD	22	16	288.82	3.108	0.593	177.36	7	42
compression-breakout-system	15m	UNIUSD	19	9	48.89	1.237	0.150	18.39	3	42
compression-breakout-system	1h	TAOUSD	11	5	16.07	1.126	0.103	-6.57	4	125
compression-breakout-system	15m	HYPEUSD	18	11	7.89	1.055	0.030	-35.79	4	42
compression-breakout-system	1h	EVAAUSD	11	5	20.16	1.161	0.123	43.32	2	125
crypto-directional-score-oscillator	15m	SAGAUSD	55	27	-23.26	0.960	-0.009	-198.34	4	42
asian-box-breakout-eda-tuned	1h	PIEVERSEUSD	35	23	855.43	4.022	0.931	618.21	5	125
compression-breakout-system	1h	PIEVERSEUSD	11	8	103.88	2.767	0.465	76.59	3	125
crypto-directional-score-oscillator	1h	AVAXUSD	23	13	88.24	1.416	0.199	48.43	3	125
compression-breakout-system	15m	VVVUSD	25	10	-133.49	0.516	-0.280	-107.83	1	42
compression-breakout-system	1h	LINKUSD	8	3	-56.67	0.363	-0.358	-87.81	2	125
compression-breakout-system	15m	XRPUSD	11	6	-24.62	0.749	-0.106	-44.99	2	42
compression-breakout-system	1h	BNBUSD	10	6	52.41	1.642	0.265	-11.88	4	125
compression-breakout-system	15m	BTCUSD	3	2	-0.36	0.982	0.000	-13.97	1	42
compression-breakout-system	1h	BCHUSD	7	1	-78.29	0.314	-0.570	-81.99	1	125
crypto-directional-score-oscillator	1h	MUBARAKUSD	74	40	274.58	1.317	0.180	140.74	5	125
crypto-directional-score-oscillator	4h	AKEUSD	0	0	0.00	0.000	0.000	0.00	0	63
compression-breakout-system	15m	TAOUSD	14	6	-52.82	0.661	-0.184	-65.26	3	42
crypto-directional-score-oscillator	15m	AINUSD	25	7	-114.49	0.651	-0.227	-147.45	2	42
asian-box-breakout-eda-tuned	4h	VVVUSD	94	50	295.29	1.459	0.148	231.20	5	333
compression-breakout-system	15m	EVAAUSD	9	5	122.76	2.524	0.684	67.91	3	42
crypto-directional-score-oscillator	4h	AVAXUSD	21	16	247.98	3.326	0.546	234.86	5	333
compression-breakout-system	15m	PIEVERSEUSD	22	12	252.14	2.267	0.551	213.56	4	42
crypto-directional-score-oscillator	1h	SAGAUSD	51	21	-173.54	0.690	-0.175	-224.80	2	125
compression-breakout-system	15m	LINKUSD	14	8	-42.11	0.644	-0.148	-137.80	4	42
asian-box-breakout-eda-tuned	15m	LINKUSD	26	11	43.68	1.145	0.110	-56.73	3	42
crypto-directional-score-oscillator	4h	MUBARAKUSD	15	8	-14.12	0.899	-0.039	-48.85	4	333
compression-breakout-system	15m	BNBUSD	5	2	-3.84	0.931	-0.024	-24.14	1	42
crypto-directional-score-oscillator	15m	COOKIEUSD	65	32	101.16	1.149	0.090	-163.74	4	42
crypto-directional-score-oscillator	1h	AINUSD	57	27	42.47	1.068	0.053	-106.93	4	125
asian-box-breakout-eda-tuned	1h	LINKUSD	40	21	85.38	1.237	0.118	-47.74	3	125
compression-breakout-system	15m	BCHUSD	14	7	-33.29	0.746	-0.113	-74.55	3	42
crypto-directional-score-oscillator	4h	SAGAUSD	20	12	113.55	1.652	0.292	73.24	5	333
crypto-grid-2025-long-only-asym-tp	15m	AKEUSD	63	43	129.20	1.355	0.146	131.18	7	42
asian-box-breakout-eda-tuned	4h	XRPUSD	29	21	476.99	5.375	0.694	421.53	4	333
crypto-directional-score-oscillator	1h	COOKIEUSD	76	36	286.24	1.286	0.189	167.81	4	125
crypto-directional-score-oscillator	4h	AINUSD	12	8	138.50	2.703	0.581	127.67	3	333
crypto-grid-2025-long-only-asym-tp	15m	AVAXUSD	10	6	-29.67	0.629	-0.148	-44.36	2	42
crypto-directional-score-oscillator	15m	1000PEPEUSD	88	49	134.04	1.169	0.083	-113.72	5	42
crypto-grid-2025-long-only-asym-tp	15m	MUBARAKUSD	31	16	-71.64	0.716	-0.113	-95.84	4	42
crypto-directional-score-oscillator	4h	COOKIEUSD	25	13	-32.88	0.865	-0.058	-51.59	4	333
crypto-directional-score-oscillator	1h	1000PEPEUSD	62	28	-261.65	0.550	-0.237	-328.05	3	125
crypto-grid-2025-long-only-asym-tp	15m	SAGAUSD	36	28	262.06	2.619	0.332	214.28	5	42
crypto-directional-score-oscillator	4h	1000PEPEUSD	11	9	78.27	2.855	0.350	84.50	4	268
crypto-directional-score-oscillator	15m	ETCUSD	60	29	27.84	1.049	0.038	-138.87	3	42
crypto-grid-2025-long-only-asym-tp	15m	AINUSD	12	5	-73.34	0.376	-0.323	-101.35	2	42
crypto-directional-score-oscillator	1h	ETCUSD	73	37	70.62	1.092	0.062	-43.83	4	125
crypto-directional-score-oscillator	4h	ETCUSD	19	16	419.62	6.921	0.952	378.53	6	333
asian-box-breakout-eda-tuned	15m	BNBUSD	8	5	7.17	1.117	0.054	-24.25	3	42
crypto-grid-2025-long-only-asym-tp	15m	COOKIEUSD	16	12	96.26	2.235	0.297	70.16	3	42
crypto-directional-score-oscillator	4h	WIFUSD	18	8	70.61	1.353	0.219	56.24	3	333
crypto-grid-2025-long-only-asym-tp	15m	1000PEPEUSD	17	11	59.82	1.468	0.181	29.11	3	42
crypto-directional-score-oscillator	15m	WIFUSD	108	54	422.11	1.347	0.184	-212.06	5	42
asian-box-breakout-eda-tuned	1h	BNBUSD	38	18	113.08	1.315	0.165	-81.75	2	125
crypto-directional-score-oscillator	1h	WIFUSD	102	59	736.85	1.602	0.289	246.42	7	125
asian-box-breakout-eda-tuned	4h	BTCUSD	44	25	187.44	1.847	0.214	99.74	4	333
crypto-grid-2025-long-only-asym-tp	15m	ETCUSD	4	2	-12.86	0.677	-0.154	-18.12	1	42
crypto-directional-score-oscillator	4h	DOGEUSD	8	6	126.43	3.929	0.769	96.11	3	333
crypto-grid-2025-long-only-asym-tp	15m	WIFUSD	13	7	-21.58	0.818	-0.076	-42.54	3	42
crypto-directional-score-oscillator	4h	ETHUSD	6	4	24.93	1.644	0.212	20.37	2	333
crypto-directional-score-oscillator	1h	DOGEUSD	17	12	102.29	1.948	0.298	125.90	3	125
crypto-grid-2025-long-only-asym-tp	15m	DOGEUSD	11	6	-45.07	0.544	-0.206	-59.56	3	42
crypto-directional-score-oscillator	15m	DOGEUSD	17	6	-122.85	0.387	-0.378	-101.75	1	42
crypto-grid-2025-long-only-asym-tp	15m	ETHUSD	3	1	-36.99	0.054	-0.631	-39.22	1	42
crypto-directional-score-oscillator	4h	SOLUSD	17	13	174.62	3.288	0.528	148.48	6	333
crypto-grid-2025-long-only-asym-tp	15m	SOLUSD	7	3	-36.07	0.524	-0.264	-44.53	1	42
crypto-directional-score-oscillator	1h	ETHUSD	11	9	192.21	5.322	0.840	252.09	5	125
crypto-grid-2025-long-only-asym-tp	15m	ZECUSD	25	19	183.96	2.499	0.378	128.34	3	42
crypto-directional-score-oscillator	4h	ZECUSD	15	8	134.88	1.952	0.488	131.29	4	333
crypto-directional-score-oscillator	15m	ETHUSD	6	4	198.44	5.280	1.609	163.79	2	42
crypto-grid-2025-long-only-asym-tp	15m	AAVEUSD	17	13	15.58	1.202	0.050	-11.12	3	42
crypto-directional-score-oscillator	1h	SOLUSD	10	9	139.27	7.904	0.679	114.97	5	125
crypto-directional-score-oscillator	4h	AAVEUSD	9	3	-69.09	0.321	-0.402	-65.74	3	333
crypto-grid-2025-long-only-asym-tp	15m	NEARUSD	27	22	117.62	2.042	0.211	65.47	4	42
asian-box-breakout-eda-tuned	1h	BCHUSD	12	8	138.99	2.666	0.577	137.08	2	125
asian-box-breakout-eda-tuned	4h	TAOUSD	51	30	327.64	2.442	0.286	257.78	6	333
crypto-grid-2025-long-only-asym-tp	15m	FILUSD	16	10	-9.85	0.918	-0.025	-40.22	4	42
asian-box-breakout-eda-tuned	15m	BCHUSD	12	6	69.89	1.540	0.313	31.70	3	42
crypto-directional-score-oscillator	4h	NEARUSD	9	5	-9.66	0.881	-0.046	-27.71	3	333
crypto-grid-2025-long-only-asym-tp	1h	AKEUSD	64	49	794.55	3.900	0.526	720.32	7	63
crypto-directional-score-oscillator	15m	SOLUSD	18	9	-60.88	0.650	-0.171	-2.18	2	42
crypto-directional-score-oscillator	1h	ZECUSD	18	8	-66.77	0.640	-0.175	-118.57	2	125
crypto-grid-2025-long-only-asym-tp	4h	AKEUSD	10	8	55.75	3.544	0.399	54.69	3	63
crypto-grid-2025-long-only-asym-tp	1h	AVAXUSD	11	5	-62.83	0.461	-0.288	-74.47	0	125
crypto-grid-2025-long-only-asym-tp	15m	SUIUSD	7	3	-54.14	0.308	-0.391	-58.56	0	42
crypto-grid-2025-long-only-asym-tp	4h	AVAXUSD	20	11	-58.76	0.624	-0.145	-69.20	1	333
crypto-directional-score-oscillator	4h	FILUSD	14	9	370.13	4.048	1.188	344.68	5	333
crypto-grid-2025-long-only-asym-tp	1h	MUBARAKUSD	33	16	-140.30	0.546	-0.222	-160.12	2	125
crypto-grid-2025-long-only-asym-tp	15m	UNIUSD	37	26	20.54	1.095	0.033	-33.27	4	42
crypto-grid-2025-long-only-asym-tp	4h	MUBARAKUSD	28	21	98.06	1.615	0.173	79.60	3	333
crypto-directional-score-oscillator	1h	AAVEUSD	19	12	0.19	1.001	0.005	-51.66	3	125
crypto-grid-2025-long-only-asym-tp	1h	SAGAUSD	34	19	-84.11	0.681	-0.123	-107.62	3	125
crypto-grid-2025-long-only-asym-tp	4h	SAGAUSD	17	8	-16.16	0.907	-0.037	-22.50	2	333
crypto-grid-2025-long-only-asym-tp	15m	HYPEUSD	10	7	19.78	1.337	0.104	11.97	3	42
crypto-directional-score-oscillator	4h	SUIUSD	14	4	-125.98	0.334	-0.472	-136.21	2	333
crypto-directional-score-oscillator	15m	ZECUSD	21	12	-28.67	0.835	-0.066	-77.42	3	42
crypto-grid-2025-long-only-asym-tp	1h	AINUSD	26	14	43.44	1.187	0.102	11.67	2	125
crypto-grid-2025-long-only-asym-tp	4h	AINUSD	11	2	-139.51	0.122	-0.693	-141.37	1	333
crypto-grid-2025-long-only-asym-tp	4h	COOKIEUSD	22	12	-40.08	0.791	-0.085	-51.76	3	333
crypto-grid-2025-long-only-asym-tp	15m	VVVUSD	30	14	-138.67	0.474	-0.245	-164.32	0	42
crypto-grid-2025-long-only-asym-tp	1h	COOKIEUSD	19	10	-84.24	0.515	-0.225	-94.71	2	125
asian-box-breakout-eda-tuned	4h	EVAAUSD	22	17	425.72	7.909	0.832	389.65	5	333
crypto-grid-2025-long-only-asym-tp	4h	1000PEPEUSD	11	6	-25.85	0.733	-0.113	-32.49	1	268
crypto-directional-score-oscillator	4h	UNIUSD	8	4	-16.08	0.800	-0.092	-47.23	3	333
crypto-directional-score-oscillator	1h	NEARUSD	39	17	-175.85	0.548	-0.239	-209.87	3	125
crypto-grid-2025-long-only-asym-tp	1h	1000PEPEUSD	15	11	59.00	1.736	0.197	2.01	3	125
crypto-grid-2025-long-only-asym-tp	15m	XRPUSD	16	11	14.67	1.146	0.051	-9.56	4	42
crypto-grid-2025-long-only-asym-tp	4h	ETCUSD	8	3	-64.87	0.247	-0.414	-67.68	0	333
crypto-grid-2025-long-only-asym-tp	4h	WIFUSD	15	7	-37.42	0.767	-0.117	-44.21	2	333
crypto-grid-2025-long-only-asym-tp	1h	ETCUSD	7	2	-74.81	0.228	-0.548	-80.73	1	125
crypto-grid-2025-long-only-asym-tp	15m	BTCUSD	1	1	8.66	99.000	0.457	6.08	1	42
crypto-grid-2025-long-only-asym-tp	4h	DOGEUSD	26	12	-138.49	0.467	-0.285	-152.90	1	333
crypto-directional-score-oscillator	15m	AAVEUSD	35	16	-138.81	0.607	-0.213	-173.08	2	42
crypto-directional-score-oscillator	4h	HYPEUSD	10	2	-74.98	0.506	-0.369	-79.11	1	333
crypto-grid-2025-long-only-asym-tp	1h	WIFUSD	25	14	-6.10	0.974	-0.003	-43.51	2	125
crypto-grid-2025-long-only-asym-tp	4h	ETHUSD	45	26	-118.48	0.616	-0.140	-155.15	2	333
asian-box-breakout-eda-tuned	4h	PIEVERSEUSD	22	14	146.21	2.351	0.321	130.10	3	154
crypto-directional-score-oscillator	1h	FILUSD	77	39	-5.35	0.993	0.009	-171.80	4	125
crypto-grid-2025-long-only-asym-tp	15m	TAOUSD	9	7	24.12	1.594	0.137	4.58	3	42
crypto-grid-2025-long-only-asym-tp	4h	SOLUSD	20	13	-20.40	0.815	-0.093	-39.67	2	333
crypto-grid-2025-long-only-asym-tp	1h	DOGEUSD	26	16	-25.42	0.857	-0.043	-71.81	4	125
crypto-grid-2025-long-only-asym-tp	4h	ZECUSD	53	27	-152.50	0.648	-0.162	-149.98	2	333
crypto-directional-score-oscillator	4h	VVVUSD	15	7	-68.98	0.535	-0.230	-72.49	2	333
crypto-grid-2025-long-only-asym-tp	1h	ETHUSD	16	11	40.57	1.398	0.133	7.73	5	125
crypto-grid-2025-long-only-asym-tp	15m	EVAAUSD	19	10	1.13	1.007	0.012	-19.77	4	42
crypto-grid-2025-long-only-asym-tp	4h	AAVEUSD	18	12	-4.10	0.953	-0.036	-16.59	1	333
crypto-grid-2025-long-only-asym-tp	1h	SOLUSD	16	10	7.07	1.070	0.025	-8.25	4	125
crypto-grid-2025-long-only-asym-tp	4h	NEARUSD	19	9	-58.72	0.697	-0.151	-66.28	3	333
crypto-grid-2025-long-only-asym-tp	15m	PIEVERSEUSD	34	20	-6.55	0.973	-0.002	-42.24	3	42
crypto-directional-score-oscillator	1h	SUIUSD	31	17	-46.15	0.833	-0.067	-38.96	3	125
crypto-directional-score-oscillator	15m	NEARUSD	94	50	340.49	1.323	0.172	78.89	4	42
crypto-grid-2025-long-only-asym-tp	4h	FILUSD	19	9	-74.86	0.611	-0.198	-84.17	3	333
crypto-grid-2025-long-only-asym-tp	1h	ZECUSD	26	15	-64.00	0.680	-0.125	-84.22	2	125
crypto-directional-score-oscillator	4h	XRPUSD	7	6	63.34	3.924	0.446	26.68	4	333
crypto-grid-2025-long-only-asym-tp	4h	SUIUSD	16	3	-210.54	0.093	-0.732	-218.60	0	333
crypto-grid-2025-long-only-asym-tp	15m	LINKUSD	10	8	40.21	2.017	0.203	18.84	3	42
crypto-grid-2025-long-only-asym-tp	1h	AAVEUSD	30	18	70.52	1.356	0.142	44.66	5	125
crypto-grid-2025-long-only-asym-tp	4h	UNIUSD	13	6	-54.51	0.588	-0.211	-58.92	2	333
crypto-grid-2025-long-only-asym-tp	15m	BNBUSD	2	1	-13.17	0.337	-0.328	-14.97	0	42
crypto-grid-2025-long-only-asym-tp	4h	HYPEUSD	24	15	1.33	1.008	0.009	-13.09	4	333
asian-box-breakout-eda-tuned	4h	LINKUSD	44	25	271.85	2.242	0.283	193.65	4	333
crypto-directional-score-oscillator	4h	BTCUSD	8	8	169.45	99.000	1.033	163.27	6	333
crypto-grid-2025-long-only-asym-tp	1h	NEARUSD	11	6	0.58	1.007	0.009	-6.12	1	125
crypto-directional-score-oscillator	1h	UNIUSD	9	4	-33.64	0.667	-0.179	-29.87	2	125
crypto-grid-2025-long-only-asym-tp	4h	VVVUSD	45	24	-17.06	0.955	-0.002	-110.44	3	333
crypto-grid-2025-long-only-asym-tp	1h	FILUSD	22	10	-111.72	0.483	-0.263	-130.57	2	125
crypto-grid-2025-long-only-asym-tp	15m	BCHUSD	10	3	-104.66	0.212	-0.546	-109.16	0	42
crypto-grid-2025-long-only-asym-tp	4h	XRPUSD	9	1	-109.72	0.084	-0.640	-112.31	0	333
crypto-directional-score-oscillator	15m	FILUSD	66	31	44.40	1.064	0.048	-163.99	4	42
crypto-grid-2025-long-only-asym-tp	1h	SUIUSD	21	15	79.85	1.656	0.190	7.56	3	125
crypto-grid-2025-long-only-asym-tp	4h	BTCUSD	27	16	-40.64	0.792	-0.085	-100.60	4	333
crypto-directional-score-oscillator	4h	TAOUSD	10	3	-66.87	0.510	-0.336	-77.99	2	333
crypto-grid-2025-long-only-asym-tp	4h	TAOUSD	29	14	0.40	1.002	0.017	1.73	3	333
crypto-grid-2025-long-only-asym-tp	1h	UNIUSD	41	26	-36.26	0.882	-0.040	-81.75	4	125
crypto-directional-score-oscillator	1h	HYPEUSD	10	6	17.22	1.211	0.093	19.01	4	125
crypto-grid-2025-long-only-asym-tp	4h	EVAAUSD	30	16	19.62	1.108	0.035	14.23	3	333
crypto-grid-2025-long-only-asym-tp	1h	HYPEUSD	26	12	-113.01	0.543	-0.224	-137.23	2	125
crypto-grid-2025-long-only-asym-tp	4h	PIEVERSEUSD	24	14	0.81	1.005	0.007	-15.44	4	154
crypto-directional-score-oscillator	4h	EVAAUSD	18	8	-41.29	0.794	-0.106	-44.24	3	333
crypto-grid-2025-long-only-asym-tp	4h	LINKUSD	24	13	-75.14	0.661	-0.155	-89.13	2	333
crypto-grid-2025-long-only-asym-tp	1h	VVVUSD	50	33	59.15	1.195	0.066	3.16	4	125
crypto-grid-2025-long-only-asym-tp	4h	BNBUSD	9	6	16.56	1.373	0.109	6.64	3	333
crypto-directional-score-oscillator	15m	SUIUSD	60	23	-406.54	0.301	-0.428	-367.43	2	42
crypto-directional-score-oscillator	1h	VVVUSD	18	7	-8.90	0.956	-0.003	9.18	3	125
crypto-grid-2025-long-only-asym-tp	1h	XRPUSD	13	7	-70.26	0.406	-0.275	-84.04	1	125
crypto-directional-score-oscillator	4h	PIEVERSEUSD	7	3	-52.36	0.329	-0.380	-53.45	1	154
asian-box-breakout-eda-tuned	4h	BNBUSD	45	26	161.92	1.619	0.181	46.49	5	333
crypto-grid-2025-long-only-asym-tp	4h	BCHUSD	29	16	-36.75	0.838	-0.058	-59.88	2	333
eb-ict-one-trade-setup-for-life-sniper-70-model-v5	15m	AKEUSD	14	7	110.35	1.806	0.439	114.88	3	42
crypto-grid-2025-long-only-asym-tp	1h	BTCUSD	9	7	78.23	4.757	0.436	56.95	3	125
crypto-grid-2025-long-only-asym-tp	1h	TAOUSD	18	9	-88.21	0.479	-0.250	-101.03	3	125
crypto-directional-score-oscillator	4h	LINKUSD	12	5	-26.19	0.807	-0.100	-34.28	2	333
crypto-grid-2025-long-only-asym-tp	1h	EVAAUSD	24	11	-51.61	0.745	-0.103	-58.27	2	125
crypto-directional-score-oscillator	1h	XRPUSD	12	7	22.72	1.218	0.103	2.31	3	125
crypto-directional-score-oscillator	15m	UNIUSD	37	20	-51.94	0.843	-0.063	-196.14	2	42
eb-ict-one-trade-setup-for-life-sniper-70-model-v5	1h	AKEUSD	5	3	89.82	3.312	0.950	88.35	2	63
crypto-grid-2025-long-only-asym-tp	1h	PIEVERSEUSD	32	25	326.40	3.536	0.457	276.19	5	125
crypto-directional-score-oscillator	4h	BNBUSD	11	7	77.72	2.035	0.367	73.68	3	333
crypto-grid-2025-long-only-asym-tp	1h	LINKUSD	17	13	66.51	1.790	0.194	32.28	4	125
eb-ict-one-trade-setup-for-life-sniper-70-model-v5	15m	AVAXUSD	10	3	-107.93	0.169	-0.565	-129.63	2	42
crypto-grid-2025-long-only-asym-tp	1h	BNBUSD	4	2	-18.26	0.532	-0.218	-21.80	2	125
crypto-directional-score-oscillator	1h	BTCUSD	9	7	82.80	3.029	0.471	64.81	3	125
asian-box-breakout-eda-tuned	4h	BCHUSD	40	24	315.86	3.265	0.354	245.27	5	333
crypto-directional-score-oscillator	4h	BCHUSD	13	8	82.43	1.813	0.321	69.30	5	333
eb-ict-one-trade-setup-for-life-sniper-70-model-v5	1h	AVAXUSD	19	4	-183.20	0.342	-0.522	-195.70	0	125
eb-ict-one-trade-setup-for-life-sniper-70-model-v5	4h	AKEUSD	2	0	-30.11	0.000	-1.000	-30.56	0	63
crypto-grid-2025-long-only-asym-tp	1h	BCHUSD	17	10	54.71	1.420	0.168	4.09	4	125
ema-ribbon-smoothed-rsi-trend-strategy	15m	AKEUSD	6	4	21.35	1.698	0.160	4.88	2	42
ema-ribbon-smoothed-rsi-trend-strategy	1h	AKEUSD	3	0	-51.95	0.000	-0.997	-50.87	0	63
crypto-directional-score-oscillator	15m	HYPEUSD	59	31	-77.66	0.870	-0.059	-146.72	3	42
eb-ict-one-trade-setup-for-life-sniper-70-model-v5	4h	AVAXUSD	13	7	46.10	1.393	0.187	3.51	4	333
eb-ict-one-trade-setup-for-life-sniper-70-model-v5	4h	MUBARAKUSD	5	2	-31.62	0.471	-0.313	-32.71	2	333
ema-ribbon-smoothed-rsi-trend-strategy	1h	AVAXUSD	6	2	-63.43	0.189	-0.540	-39.95	1	125
ema-ribbon-smoothed-rsi-trend-strategy	15m	AVAXUSD	1	1	4.46	99.000	0.224	2.79	1	42
crypto-directional-score-oscillator	1h	TAOUSD	32	20	103.90	1.408	0.166	61.46	4	125
eb-ict-one-trade-setup-for-life-sniper-70-model-v5	4h	SAGAUSD	8	3	-56.22	0.425	-0.353	-58.57	3	333
ema-ribbon-smoothed-rsi-trend-strategy	1h	MUBARAKUSD	8	4	103.29	2.323	0.663	90.59	4	125
eb-ict-one-trade-setup-for-life-sniper-70-model-v5	1h	MUBARAKUSD	12	5	-63.34	0.536	-0.264	-95.37	3	125
ema-ribbon-smoothed-rsi-trend-strategy	15m	MUBARAKUSD	8	3	-63.67	0.345	-0.404	-67.71	1	42
eb-ict-one-trade-setup-for-life-sniper-70-model-v5	15m	MUBARAKUSD	21	14	76.73	1.572	0.188	29.44	3	42
ema-ribbon-smoothed-rsi-trend-strategy	1h	SAGAUSD	7	5	76.48	4.005	0.537	67.20	5	125
eb-ict-one-trade-setup-for-life-sniper-70-model-v5	4h	AINUSD	11	7	13.69	1.168	0.069	9.07	3	333
ema-ribbon-smoothed-rsi-trend-strategy	1h	AINUSD	9	6	61.19	2.170	0.352	26.49	3	125
ema-ribbon-smoothed-rsi-trend-strategy	15m	SAGAUSD	5	3	-14.48	0.629	-0.141	-16.82	3	42
eb-ict-one-trade-setup-for-life-sniper-70-model-v5	4h	COOKIEUSD	11	4	-77.79	0.425	-0.359	-80.22	3	333
crypto-directional-score-oscillator	15m	VVVUSD	69	44	525.17	1.865	0.325	153.45	7	42
crypto-directional-score-oscillator	1h	EVAAUSD	36	17	60.28	1.166	0.099	31.48	5	125
ema-ribbon-smoothed-rsi-trend-strategy	1h	COOKIEUSD	6	1	-80.68	0.151	-0.692	-79.18	1	125
eb-ict-one-trade-setup-for-life-sniper-70-model-v5	1h	SAGAUSD	15	7	-44.70	0.708	-0.143	-56.38	3	125
eb-ict-one-trade-setup-for-life-sniper-70-model-v5	4h	1000PEPEUSD	9	5	62.23	1.860	0.351	52.07	4	268
ema-ribbon-smoothed-rsi-trend-strategy	15m	AINUSD	3	1	51.57	2.505	0.905	32.03	1	42
ema-ribbon-smoothed-rsi-trend-strategy	1h	1000PEPEUSD	9	6	232.90	4.680	1.229	179.61	5	125
eb-ict-one-trade-setup-for-life-sniper-70-model-v5	4h	ETCUSD	13	6	-45.22	0.653	-0.170	-72.24	3	333
ema-ribbon-smoothed-rsi-trend-strategy	15m	COOKIEUSD	8	5	125.86	4.092	0.771	78.01	4	42
ema-ribbon-smoothed-rsi-trend-strategy	1h	ETCUSD	10	4	-71.37	0.372	-0.363	-78.95	2	125
eb-ict-one-trade-setup-for-life-sniper-70-model-v5	4h	WIFUSD	11	7	71.98	1.873	0.328	60.38	6	333
eb-ict-one-trade-setup-for-life-sniper-70-model-v5	15m	SAGAUSD	11	6	-7.74	0.923	-0.027	-29.86	3	42
ema-ribbon-smoothed-rsi-trend-strategy	15m	1000PEPEUSD	5	3	6.78	1.167	0.076	-30.30	3	42
crypto-directional-score-oscillator	1h	PIEVERSEUSD	99	51	658.53	1.491	0.281	210.45	5	125
eb-ict-one-trade-setup-for-life-sniper-70-model-v5	1h	AINUSD	16	7	24.84	1.141	0.094	6.26	6	125
eb-ict-one-trade-setup-for-life-sniper-70-model-v5	4h	DOGEUSD	10	4	-45.38	0.621	-0.222	-51.91	4	333
ema-ribbon-smoothed-rsi-trend-strategy	1h	WIFUSD	9	4	87.26	2.140	0.505	39.60	4	125
crypto-directional-score-oscillator	15m	XRPUSD	13	7	-19.15	0.840	-0.066	-32.11	2	42
ema-ribbon-smoothed-rsi-trend-strategy	1h	DOGEUSD	10	4	-62.27	0.436	-0.315	-73.88	3	125
eb-ict-one-trade-setup-for-life-sniper-70-model-v5	4h	ETHUSD	11	3	-117.68	0.219	-0.567	-117.56	2	333
ema-ribbon-smoothed-rsi-trend-strategy	15m	ETCUSD	3	1	-20.90	0.482	-0.342	-26.08	1	42
ema-ribbon-smoothed-rsi-trend-strategy	1h	ETHUSD	13	6	-19.47	0.862	-0.064	-43.94	2	125
eb-ict-one-trade-setup-for-life-sniper-70-model-v5	4h	SOLUSD	11	6	-11.66	0.877	-0.052	-21.45	4	333
ema-ribbon-smoothed-rsi-trend-strategy	15m	WIFUSD	7	1	-99.76	0.102	-0.742	-107.67	1	42
ema-ribbon-smoothed-rsi-trend-strategy	1h	SOLUSD	8	3	-2.29	0.976	0.031	-40.17	2	125
eb-ict-one-trade-setup-for-life-sniper-70-model-v5	1h	COOKIEUSD	15	6	-73.70	0.576	-0.246	-84.23	1	125
eb-ict-one-trade-setup-for-life-sniper-70-model-v5	4h	ZECUSD	7	4	28.50	1.510	0.202	24.45	3	333
crypto-directional-score-oscillator	1h	LINKUSD	19	11	4.53	1.028	0.020	-49.33	3	125
ema-ribbon-smoothed-rsi-trend-strategy	15m	DOGEUSD	7	3	-61.36	0.182	-0.448	-66.35	2	42
ema-ribbon-smoothed-rsi-trend-strategy	1h	ZECUSD	9	8	188.54	10.610	1.013	134.68	7	125
eb-ict-one-trade-setup-for-life-sniper-70-model-v5	15m	AINUSD	7	3	-40.38	0.424	-0.293	-78.12	1	42
eb-ict-one-trade-setup-for-life-sniper-70-model-v5	4h	AAVEUSD	13	5	-75.53	0.447	-0.336	-81.65	1	333
ema-ribbon-smoothed-rsi-trend-strategy	1h	AAVEUSD	7	4	-16.32	0.713	-0.105	-8.75	2	125
ema-ribbon-smoothed-rsi-trend-strategy	15m	ETHUSD	3	2	-9.37	0.534	-0.154	-14.11	2	42
eb-ict-one-trade-setup-for-life-sniper-70-model-v5	4h	NEARUSD	13	10	111.59	2.738	0.418	105.83	5	333
crypto-directional-score-oscillator	15m	BTCUSD	9	4	-54.79	0.418	-0.314	-71.53	2	42
ema-ribbon-smoothed-rsi-trend-strategy	1h	NEARUSD	10	3	-94.82	0.261	-0.491	-97.97	2	125
eb-ict-one-trade-setup-for-life-sniper-70-model-v5	1h	1000PEPEUSD	18	12	61.01	1.500	0.174	-15.85	6	125
eb-ict-one-trade-setup-for-life-sniper-70-model-v5	4h	FILUSD	13	6	-52.23	0.620	-0.198	-65.49	2	333
ema-ribbon-smoothed-rsi-trend-strategy	15m	SOLUSD	9	4	-18.01	0.791	-0.100	-36.94	3	42
ema-ribbon-smoothed-rsi-trend-strategy	1h	FILUSD	14	7	76.03	1.580	0.281	24.50	5	125
eb-ict-one-trade-setup-for-life-sniper-70-model-v5	4h	SUIUSD	7	3	-10.85	0.863	-0.067	-29.21	2	333
ema-ribbon-smoothed-rsi-trend-strategy	15m	ZECUSD	7	2	-58.54	0.361	-0.447	-66.63	2	42
crypto-directional-score-oscillator	1h	BNBUSD	21	10	-60.68	0.704	-0.140	-103.25	1	125
ema-ribbon-smoothed-rsi-trend-strategy	1h	SUIUSD	7	4	98.97	2.684	0.719	81.01	3	125
eb-ict-one-trade-setup-for-life-sniper-70-model-v5	4h	UNIUSD	15	9	43.47	1.375	0.153	25.44	3	333
ema-ribbon-smoothed-rsi-trend-strategy	1h	UNIUSD	9	3	-37.22	0.680	-0.198	-33.89	3	125
ema-ribbon-smoothed-rsi-trend-strategy	15m	AAVEUSD	10	5	1.03	1.011	0.004	-41.76	3	42
eb-ict-one-trade-setup-for-life-sniper-70-model-v5	15m	COOKIEUSD	6	4	9.98	1.241	0.089	-9.33	4	42
eb-ict-one-trade-setup-for-life-sniper-70-model-v5	1h	ETCUSD	19	8	23.89	1.104	0.083	-26.91	5	125
eb-ict-one-trade-setup-for-life-sniper-70-model-v5	4h	HYPEUSD	13	8	195.31	2.790	0.715	177.82	6	333
ema-ribbon-smoothed-rsi-trend-strategy	1h	HYPEUSD	6	3	-31.75	0.457	-0.265	-61.21	2	125
ema-ribbon-smoothed-rsi-trend-strategy	15m	NEARUSD	10	5	33.21	1.379	0.179	-1.63	5	42
ema-ribbon-smoothed-rsi-trend-strategy	1h	VVVUSD	8	3	-71.89	0.246	-0.461	-73.82	2	125
eb-ict-one-trade-setup-for-life-sniper-70-model-v5	4h	VVVUSD	11	7	36.29	1.439	0.171	31.13	5	333
crypto-directional-score-oscillator	15m	TAOUSD	82	44	-10.57	0.986	0.006	-262.48	5	42
ema-ribbon-smoothed-rsi-trend-strategy	1h	XRPUSD	13	6	-48.81	0.634	-0.184	-63.47	3	125
eb-ict-one-trade-setup-for-life-sniper-70-model-v5	4h	XRPUSD	10	5	-24.35	0.756	-0.115	-58.98	4	333
ema-ribbon-smoothed-rsi-trend-strategy	15m	FILUSD	3	2	0.58	1.031	0.014	-11.37	1	42
crypto-directional-score-oscillator	1h	BCHUSD	31	18	74.06	1.298	0.127	46.88	4	125
ema-ribbon-smoothed-rsi-trend-strategy	4h	AKEUSD	1	1	5.79	99.000	0.488	5.76	1	63
eb-ict-one-trade-setup-for-life-sniper-70-model-v5	4h	BTCUSD	11	6	-15.34	0.833	-0.068	-51.73	2	333
ema-ribbon-smoothed-rsi-trend-strategy	1h	BTCUSD	10	4	2.83	1.025	0.039	-37.43	2	125
ema-ribbon-smoothed-rsi-trend-strategy	4h	AVAXUSD	1	0	-19.96	0.000	-1.000	-19.87	0	333
eb-ict-one-trade-setup-for-life-sniper-70-model-v5	1h	WIFUSD	19	8	-85.86	0.579	-0.225	-144.48	2	125
ema-ribbon-smoothed-rsi-trend-strategy	15m	SUIUSD	9	5	43.12	1.523	0.249	9.43	3	42
ema-ribbon-smoothed-rsi-trend-strategy	4h	MUBARAKUSD	8	4	-41.83	0.466	-0.261	-70.26	2	333
ema-ribbon-smoothed-rsi-trend-strategy	1h	TAOUSD	7	5	54.00	2.883	0.383	38.71	3	125
eb-ict-one-trade-setup-for-life-sniper-70-model-v5	4h	TAOUSD	12	4	-90.09	0.351	-0.387	-93.28	2	333
eb-ict-one-trade-setup-for-life-sniper-70-model-v5	15m	1000PEPEUSD	11	5	-62.81	0.439	-0.288	-78.89	2	42
ema-ribbon-smoothed-rsi-trend-strategy	4h	SAGAUSD	7	4	48.88	1.795	0.356	30.84	3	333
ema-ribbon-smoothed-rsi-trend-strategy	1h	EVAAUSD	4	3	16.78	1.816	0.214	2.38	3	125
ema-ribbon-smoothed-rsi-trend-strategy	15m	UNIUSD	9	7	39.94	2.194	0.222	10.15	5	42
eb-ict-one-trade-setup-for-life-sniper-70-model-v5	4h	EVAAUSD	12	8	86.89	2.053	0.361	80.13	5	333
ema-ribbon-smoothed-rsi-trend-strategy	4h	AINUSD	4	2	-21.16	0.464	-0.262	-21.45	2	333
eb-ict-one-trade-setup-for-life-sniper-70-model-v5	4h	PIEVERSEUSD	9	3	-69.08	0.399	-0.396	-69.55	2	154
ema-ribbon-smoothed-rsi-trend-strategy	4h	COOKIEUSD	6	4	10.11	1.249	0.091	6.75	3	333
ema-ribbon-smoothed-rsi-trend-strategy	1h	PIEVERSEUSD	10	5	67.21	1.627	0.359	59.73	4	125
ema-ribbon-smoothed-rsi-trend-strategy	4h	1000PEPEUSD	4	1	0.01	1.000	0.019	-3.53	1	268
eb-ict-one-trade-setup-for-life-sniper-70-model-v5	1h	DOGEUSD	18	8	-91.86	0.482	-0.261	-108.80	2	125
ema-ribbon-smoothed-rsi-trend-strategy	15m	HYPEUSD	6	5	147.06	7.427	1.193	115.51	4	42
eb-ict-one-trade-setup-for-life-sniper-70-model-v5	4h	LINKUSD	13	4	-93.70	0.446	-0.372	-100.64	2	333
crypto-directional-score-oscillator	15m	EVAAUSD	86	37	-132.62	0.851	-0.064	-250.57	4	42
ema-ribbon-smoothed-rsi-trend-strategy	1h	LINKUSD	7	5	49.00	2.287	0.354	46.52	5	125
ema-ribbon-smoothed-rsi-trend-strategy	4h	ETCUSD	4	1	-34.84	0.411	-0.433	-37.24	1	333
eb-ict-one-trade-setup-for-life-sniper-70-model-v5	4h	BNBUSD	15	7	-9.24	0.937	-0.018	-23.45	3	333
ema-ribbon-smoothed-rsi-trend-strategy	15m	VVVUSD	5	4	25.51	2.250	0.259	19.34	2	42
ema-ribbon-smoothed-rsi-trend-strategy	1h	BNBUSD	10	6	76.10	1.872	0.412	35.21	3	125
ema-ribbon-smoothed-rsi-trend-strategy	4h	WIFUSD	5	3	8.80	1.222	0.096	6.29	2	333
eb-ict-one-trade-setup-for-life-sniper-70-model-v5	15m	ETCUSD	5	5	135.83	99.000	1.293	130.71	4	42
eb-ict-one-trade-setup-for-life-sniper-70-model-v5	4h	BCHUSD	10	4	-69.00	0.405	-0.350	-72.95	3	333
ema-ribbon-smoothed-rsi-trend-strategy	1h	BCHUSD	6	2	93.54	2.245	0.813	77.00	2	125
ema-ribbon-smoothed-rsi-trend-strategy	15m	XRPUSD	6	3	-22.11	0.622	-0.179	-27.38	1	42
ema-ribbon-smoothed-rsi-trend-strategy	4h	DOGEUSD	3	0	-58.22	0.000	-1.000	-58.46	0	333
ema-ribbon-smoothed-rsi-trend-strategy	4h	ETHUSD	8	4	22.38	1.272	0.156	-6.50	2	333
ema-ribbon-smoothed-rsi-trend-strategy	15m	BTCUSD	3	3	38.29	99.000	0.638	4.50	3	42
ema-ribbon-smoothed-rsi-trend-strategy	4h	SOLUSD	4	2	9.32	1.334	0.170	8.61	1	333
eb-ict-one-trade-setup-for-life-sniper-70-model-v5	1h	ETHUSD	12	5	-33.74	0.764	-0.135	-59.62	3	125
ema-ribbon-smoothed-rsi-trend-strategy	4h	ZECUSD	4	1	-47.10	0.158	-0.634	-46.94	1	333
crypto-directional-score-oscillator	15m	PIEVERSEUSD	119	64	803.14	1.484	0.268	219.56	7	42
ema-ribbon-smoothed-rsi-trend-strategy	15m	TAOUSD	9	3	-4.79	0.961	0.003	-36.73	2	42
ema-ribbon-smoothed-rsi-trend-strategy	4h	AAVEUSD	4	1	-26.00	0.404	-0.348	-28.56	1	333
ema-ribbon-smoothed-rsi-trend-strategy	4h	NEARUSD	4	3	124.72	7.270	1.551	116.62	2	333
ema-ribbon-smoothed-rsi-trend-strategy	15m	EVAAUSD	8	6	27.74	1.935	0.175	5.74	5	42
eb-ict-one-trade-setup-for-life-sniper-70-model-v5	15m	WIFUSD	7	3	-20.61	0.725	-0.136	-32.60	3	42
ema-ribbon-smoothed-rsi-trend-strategy	4h	FILUSD	4	3	74.42	4.735	0.925	39.14	2	333
ema-ribbon-smoothed-rsi-trend-strategy	4h	SUIUSD	5	3	22.34	1.556	0.233	18.84	3	333
ema-ribbon-smoothed-rsi-trend-strategy	15m	PIEVERSEUSD	10	5	31.72	1.327	0.176	7.48	3	42
ema-ribbon-smoothed-rsi-trend-strategy	4h	UNIUSD	7	3	-42.42	0.463	-0.303	-53.72	3	333
eb-ict-one-trade-setup-for-life-sniper-70-model-v5	1h	SOLUSD	18	9	-90.26	0.452	-0.259	-95.07	2	125
fia-trend-momentum-10-20-50	1h	AKEUSD	6	2	-29.12	0.490	-0.277	-31.25	0	63
ema-ribbon-smoothed-rsi-trend-strategy	4h	HYPEUSD	3	1	-20.60	0.480	-0.340	-22.03	0	333
ema-ribbon-smoothed-rsi-trend-strategy	15m	LINKUSD	5	2	-41.55	0.291	-0.419	-73.79	2	42
ema-ribbon-smoothed-rsi-trend-strategy	4h	VVVUSD	6	4	11.93	1.304	0.109	7.94	2	333
fia-trend-momentum-10-20-50	15m	AKEUSD	47	25	2.88	1.008	0.036	-16.69	2	42
crypto-directional-score-oscillator	15m	LINKUSD	26	16	-32.00	0.839	-0.057	-64.02	3	42
ema-ribbon-smoothed-rsi-trend-strategy	4h	XRPUSD	5	2	-27.52	0.493	-0.272	-29.59	2	333
ema-ribbon-smoothed-rsi-trend-strategy	15m	BNBUSD	3	1	-29.09	0.133	-0.497	-24.60	0	42
ema-ribbon-smoothed-rsi-trend-strategy	4h	BTCUSD	8	3	-25.05	0.731	-0.159	-33.16	2	333
ema-ribbon-smoothed-rsi-trend-strategy	4h	TAOUSD	3	3	42.94	99.000	0.709	40.57	3	333
eb-ict-one-trade-setup-for-life-sniper-70-model-v5	1h	ZECUSD	16	6	-106.40	0.412	-0.360	-116.02	2	125
ema-ribbon-smoothed-rsi-trend-strategy	15m	BCHUSD	6	2	-53.58	0.327	-0.451	-70.97	1	42
ema-ribbon-smoothed-rsi-trend-strategy	4h	EVAAUSD	3	2	31.90	2.601	0.538	28.14	1	333
eb-ict-one-trade-setup-for-life-sniper-70-model-v5	15m	DOGEUSD	16	9	2.06	1.015	0.017	-52.35	2	42
ema-ribbon-smoothed-rsi-trend-strategy	4h	PIEVERSEUSD	3	1	-9.29	0.766	-0.150	-11.43	1	154
ema-ribbon-smoothed-rsi-trend-strategy	4h	LINKUSD	5	2	-24.93	0.577	-0.247	-27.79	2	333
ema-ribbon-smoothed-rsi-trend-strategy	4h	BNBUSD	7	2	-68.20	0.281	-0.513	-70.03	2	333
ema-ribbon-smoothed-rsi-trend-strategy	4h	BCHUSD	6	3	-35.94	0.381	-0.302	-64.16	2	333
crypto-directional-score-oscillator	15m	BNBUSD	9	3	-87.08	0.222	-0.507	-114.65	1	42
eb-ict-one-trade-setup-for-life-sniper-70-model-v5	1h	AAVEUSD	17	7	-51.46	0.713	-0.145	-88.46	3	125
gold-ny-orb-v19-close-20-00	15m	AKEUSD	8	2	-74.52	0.206	-0.511	-76.55	1	42
fia-trend-momentum-10-20-50	1h	AVAXUSD	11	9	143.05	4.203	0.622	103.18	1	125
gold-ny-orb-v19-close-20-00	15m	AVAXUSD	4	4	76.77	99.000	0.937	101.43	3	42
gold-ny-orb-v19-close-20-00	15m	MUBARAKUSD	7	5	59.96	2.455	0.430	42.31	4	42
gold-ny-orb-v19-close-20-00	15m	SAGAUSD	5	1	-36.83	0.516	-0.360	-39.08	1	42
eb-ict-one-trade-setup-for-life-sniper-70-model-v5	15m	ETHUSD	12	8	76.60	1.995	0.320	-0.66	5	42
gold-ny-orb-v19-close-20-00	15m	AINUSD	2	0	-39.51	0.000	-1.000	-39.55	0	42
fia-trend-momentum-10-20-50	15m	AVAXUSD	44	26	39.92	1.108	0.054	-15.48	2	42
gold-ny-orb-v19-close-20-00	15m	COOKIEUSD	5	3	-11.88	0.702	-0.114	-8.60	2	42
gold-ny-orb-v19-close-20-00	15m	1000PEPEUSD	4	1	27.23	1.472	0.391	9.73	1	42
gold-ny-orb-v19-close-20-00	15m	ETCUSD	2	1	26.84	2.342	0.695	19.78	1	42
fia-trend-momentum-10-20-50	4h	AKEUSD	1	1	9.06	99.000	0.483	8.98	1	63
eb-ict-one-trade-setup-for-life-sniper-70-model-v5	1h	NEARUSD	23	12	12.11	1.058	0.039	-0.62	4	125
crypto-directional-score-oscillator	15m	BCHUSD	50	27	43.78	1.092	0.057	-149.86	5	42
gold-ny-orb-v19-close-20-00	15m	WIFUSD	2	0	-39.60	0.000	-1.000	-39.60	0	42
gold-ny-orb-v19-close-20-00	1h	AKEUSD	11	7	76.43	2.396	0.453	68.25	6	63
gold-ny-orb-v19-close-20-00	15m	DOGEUSD	7	4	118.99	3.491	0.852	87.64	3	42
gold-ny-orb-v19-close-20-00	1h	AVAXUSD	15	7	-41.89	0.697	-0.135	-82.91	3	125
gold-ny-orb-v19-close-20-00	15m	ETHUSD	4	4	133.85	99.000	1.631	173.38	4	42
gold-ny-orb-v19-close-20-00	1h	MUBARAKUSD	15	3	-40.16	0.795	-0.106	-49.35	1	125
gold-ny-orb-v19-close-20-00	15m	SOLUSD	9	5	82.46	2.722	0.466	58.45	3	42
gold-ny-orb-v19-close-20-00	1h	SAGAUSD	20	8	-66.24	0.653	-0.163	-85.86	4	125
gold-ny-orb-v19-close-20-00	1h	AINUSD	14	4	-43.50	0.718	-0.146	-61.68	3	125
gold-ny-orb-v19-close-20-00	15m	ZECUSD	10	5	113.38	3.043	0.576	80.94	4	42
gold-ny-orb-v19-close-20-00	1h	COOKIEUSD	22	9	-15.32	0.927	-0.023	-55.58	3	125
eb-ict-one-trade-setup-for-life-sniper-70-model-v5	15m	SOLUSD	15	7	5.40	1.035	0.029	-42.75	4	42
gold-ny-orb-v19-close-20-00	15m	AAVEUSD	8	3	18.97	1.234	0.133	-19.05	3	42
fia-trend-momentum-10-20-50	1h	MUBARAKUSD	10	4	-61.58	0.480	-0.309	-65.65	0	125
gold-ny-orb-v19-close-20-00	1h	1000PEPEUSD	24	11	26.85	1.147	0.064	-36.62	5	125
gold-ny-orb-v19-close-20-00	15m	NEARUSD	4	2	7.16	1.177	0.103	-11.50	1	42
gold-ny-orb-v19-close-20-00	1h	ETCUSD	11	5	17.30	1.238	0.087	-11.55	3	125
eb-ict-one-trade-setup-for-life-sniper-70-model-v5	1h	FILUSD	16	6	-137.08	0.261	-0.454	-167.88	2	125
gold-ny-orb-v19-close-20-00	1h	WIFUSD	17	10	37.76	1.355	0.116	-5.89	4	125
gold-ny-orb-v19-close-20-00	1h	DOGEUSD	31	15	-78.00	0.671	-0.126	-71.63	3	125
gold-ny-orb-v19-close-20-00	15m	SUIUSD	5	3	-3.01	0.924	-0.023	-23.92	3	42
gold-ny-orb-v19-close-20-00	1h	ETHUSD	34	15	-55.18	0.807	-0.071	-82.81	3	125
gold-ny-orb-v19-close-20-00	15m	UNIUSD	5	1	-14.36	0.761	-0.128	-24.79	1	42
gold-ny-orb-v19-close-20-00	1h	SOLUSD	35	10	-174.23	0.455	-0.271	-202.84	2	125
gold-ny-orb-v19-close-20-00	15m	HYPEUSD	4	1	-40.80	0.309	-0.512	-44.27	1	42
gold-ny-orb-v19-close-20-00	1h	ZECUSD	35	18	203.00	1.953	0.299	154.73	7	125
gold-ny-orb-v19-close-20-00	15m	VVVUSD	8	3	-27.36	0.720	-0.165	-50.80	2	42
gold-ny-orb-v19-close-20-00	1h	AAVEUSD	29	11	-120.44	0.605	-0.214	-166.78	2	125
fia-trend-momentum-10-20-50	15m	MUBARAKUSD	43	27	128.69	1.419	0.154	89.54	2	42
gold-ny-orb-v19-close-20-00	1h	NEARUSD	15	5	-105.95	0.404	-0.365	-114.59	2	125
gold-ny-orb-v19-close-20-00	15m	XRPUSD	5	3	122.84	3.915	1.222	89.53	2	42
eb-ict-one-trade-setup-for-life-sniper-70-model-v5	1h	SUIUSD	20	10	-79.15	0.592	-0.199	-110.66	3	125
gold-ny-orb-v19-close-20-00	1h	FILUSD	14	8	9.37	1.090	0.041	-5.65	3	125
gold-ny-orb-v19-close-20-00	15m	BTCUSD	6	4	42.62	9.741	0.355	15.63	4	42
fia-trend-momentum-10-20-50	4h	AVAXUSD	3	1	-31.09	0.209	-0.524	-22.24	0	333
gold-ny-orb-v19-close-20-00	1h	SUIUSD	21	6	-69.17	0.706	-0.149	-95.25	1	125
gold-ny-orb-v19-close-20-00	1h	UNIUSD	14	7	-15.98	0.874	-0.042	-50.11	3	125
gold-ny-orb-v19-close-20-00	15m	TAOUSD	4	1	-33.54	0.138	-0.422	-36.83	1	42
gold-ny-orb-v19-close-20-00	1h	HYPEUSD	22	14	240.35	2.889	0.512	119.10	6	125
gold-ny-orb-v19-close-20-00	15m	EVAAUSD	4	2	17.57	1.764	0.226	6.07	2	42
gold-ny-orb-v19-close-20-00	1h	VVVUSD	13	4	-59.06	0.622	-0.229	-67.99	2	125
eb-ict-one-trade-setup-for-life-sniper-70-model-v5	15m	ZECUSD	13	8	78.25	1.759	0.315	63.69	5	42
gold-ny-orb-v19-close-20-00	1h	XRPUSD	36	16	-67.79	0.783	-0.089	-89.48	4	125
gold-ny-orb-v19-close-20-00	15m	PIEVERSEUSD	8	4	150.56	2.889	0.939	122.15	3	42
gold-ny-orb-v19-close-20-00	1h	BTCUSD	47	18	-87.74	0.747	-0.090	-187.83	1	125
fia-trend-momentum-10-20-50	1h	SAGAUSD	14	8	20.98	1.177	0.084	44.61	1	125
gold-ny-orb-v19-close-20-00	15m	LINKUSD	6	5	81.70	5.048	0.671	65.51	4	42
gold-ny-orb-v19-close-20-00	1h	TAOUSD	24	8	-138.07	0.404	-0.303	-155.34	1	125
gold-ny-orb-v19-close-20-00	15m	BNBUSD	1	1	13.51	99.000	0.679	1.97	1	42
gold-ny-orb-v19-close-20-00	1h	EVAAUSD	16	8	11.46	1.082	0.044	9.42	3	125
eb-ict-one-trade-setup-for-life-sniper-70-model-v5	1h	UNIUSD	13	7	26.10	1.223	0.115	11.87	4	125
gold-ny-orb-v19-close-20-00	1h	PIEVERSEUSD	21	9	-2.92	0.986	0.013	-33.41	1	125
gold-ny-orb-v19-close-20-00	15m	BCHUSD	3	3	27.90	99.000	0.462	-29.17	3	42
gold-ny-orb-v19-close-20-00	1h	LINKUSD	22	7	-90.32	0.520	-0.209	-113.73	3	125
gold-ny-orb-v19-close-20-00	1h	BNBUSD	24	10	-86.86	0.467	-0.191	-56.34	2	125
gold-ny-orb-v19-close-20-00	1h	BCHUSD	31	9	-134.77	0.559	-0.218	-168.88	2	125
fia-trend-momentum-10-20-50	4h	MUBARAKUSD	4	2	-2.24	0.945	-0.018	-4.13	0	333
fia-trend-momentum-10-20-50	15m	SAGAUSD	57	25	-140.69	0.767	-0.121	-188.70	1	42
eb-ict-one-trade-setup-for-life-sniper-70-model-v5	15m	AAVEUSD	16	9	16.95	1.132	0.060	-73.31	3	42
eb-ict-one-trade-setup-for-life-sniper-70-model-v5	1h	HYPEUSD	15	9	31.28	1.253	0.113	-19.79	4	125
high-volume-breakout-targets	1h	AKEUSD	20	9	-64.45	0.638	-0.216	-69.38	1	63
fia-trend-momentum-10-20-50	1h	AINUSD	9	4	-11.38	0.885	-0.039	-16.10	0	125
high-volume-breakout-targets	15m	AKEUSD	32	14	-124.26	0.579	-0.223	-122.87	2	42
eb-ict-one-trade-setup-for-life-sniper-70-model-v5	1h	VVVUSD	19	7	-120.73	0.481	-0.332	-117.02	2	125
high-volume-breakout-targets	1h	AVAXUSD	23	12	-35.80	0.839	-0.070	-61.01	2	125
fia-trend-momentum-10-20-50	4h	SAGAUSD	5	5	71.94	99.000	0.700	69.89	1	333
eb-ict-one-trade-setup-for-life-sniper-70-model-v5	15m	NEARUSD	13	4	-108.78	0.354	-0.432	-138.79	2	42
eb-ict-one-trade-setup-for-life-sniper-70-model-v5	1h	XRPUSD	22	12	30.97	1.144	0.084	-39.93	5	125
fia-trend-momentum-10-20-50	15m	AINUSD	54	21	-217.91	0.628	-0.208	-229.58	0	42
high-volume-breakout-targets	1h	MUBARAKUSD	15	6	-70.73	0.596	-0.235	-87.51	1	125
high-volume-breakout-targets	15m	AVAXUSD	15	8	40.42	1.275	0.154	15.10	3	42
fia-trend-momentum-10-20-50	1h	COOKIEUSD	10	6	94.25	2.154	0.481	67.90	1	125
eb-ict-one-trade-setup-for-life-sniper-70-model-v5	1h	BTCUSD	17	13	153.70	2.736	0.440	79.61	5	125
eb-ict-one-trade-setup-for-life-sniper-70-model-v5	15m	FILUSD	10	7	81.35	2.242	0.404	19.92	4	42
high-volume-breakout-targets	1h	SAGAUSD	22	12	-13.70	0.931	-0.021	9.02	4	125
high-volume-breakout-targets	15m	MUBARAKUSD	28	13	-16.98	0.945	-0.012	-81.97	2	42
eb-ict-one-trade-setup-for-life-sniper-70-model-v5	1h	TAOUSD	21	8	-141.72	0.380	-0.357	-170.52	0	125
fia-trend-momentum-10-20-50	4h	AINUSD	4	3	39.71	2.994	0.502	34.83	1	333
fia-trend-momentum-10-20-50	1h	1000PEPEUSD	9	7	78.18	2.972	0.428	95.75	1	125
fia-trend-momentum-10-20-50	15m	COOKIEUSD	17	10	103.02	1.695	0.310	54.07	1	42
high-volume-breakout-targets	1h	AINUSD	14	6	29.51	1.181	0.126	-1.53	4	125
eb-ict-one-trade-setup-for-life-sniper-70-model-v5	15m	SUIUSD	15	7	115.24	1.749	0.397	66.43	2	42
eb-ict-one-trade-setup-for-life-sniper-70-model-v5	1h	EVAAUSD	17	7	-23.39	0.882	-0.053	-33.23	4	125
high-volume-breakout-targets	15m	SAGAUSD	15	7	-66.78	0.568	-0.222	-98.94	1	42
fia-trend-momentum-10-20-50	4h	COOKIEUSD	3	2	-3.34	0.833	-0.051	-4.82	0	333
high-volume-breakout-targets	1h	COOKIEUSD	10	5	72.36	1.731	0.374	50.67	2	125
eb-ict-one-trade-setup-for-life-sniper-70-model-v5	1h	PIEVERSEUSD	19	11	205.46	2.173	0.528	154.11	6	125
eb-ict-one-trade-setup-for-life-sniper-70-model-v5	15m	UNIUSD	19	8	-81.76	0.610	-0.215	-103.13	3	42
fia-trend-momentum-10-20-50	1h	ETCUSD	15	7	14.34	1.085	0.072	-16.88	1	125
high-volume-breakout-targets	15m	AINUSD	4	0	-77.00	0.000	-0.994	-77.09	0	42
fia-trend-momentum-10-20-50	15m	1000PEPEUSD	32	14	70.24	1.195	0.127	-73.30	2	42
eb-ict-one-trade-setup-for-life-sniper-70-model-v5	1h	LINKUSD	12	9	125.89	3.075	0.509	85.94	5	125
fia-trend-momentum-10-20-50	4h	1000PEPEUSD	3	1	70.53	2.783	1.254	66.32	1	268
high-volume-breakout-targets	1h	1000PEPEUSD	17	9	-46.18	0.706	-0.132	-98.59	4	125
eb-ict-one-trade-setup-for-life-sniper-70-model-v5	15m	HYPEUSD	15	10	99.27	1.908	0.339	37.84	4	42
eb-ict-one-trade-setup-for-life-sniper-70-model-v5	1h	BNBUSD	18	6	-47.28	0.796	-0.121	-87.30	3	125
high-volume-breakout-targets	15m	COOKIEUSD	6	2	-27.49	0.650	-0.221	-32.69	1	42
fia-trend-momentum-10-20-50	1h	WIFUSD	10	4	31.29	1.251	0.189	23.88	1	125
high-volume-breakout-targets	1h	ETCUSD	20	10	-50.80	0.747	-0.122	-137.15	2	125
eb-ict-one-trade-setup-for-life-sniper-70-model-v5	1h	BCHUSD	18	7	-122.65	0.412	-0.356	-139.56	1	125
eb-ict-one-trade-setup-for-life-sniper-70-model-v5	15m	VVVUSD	25	10	-165.22	0.393	-0.357	-230.59	3	42
fia-trend-momentum-10-20-50	15m	ETCUSD	37	17	-166.09	0.537	-0.238	-256.78	0	42
fia-trend-momentum-10-20-50	4h	ETCUSD	3	2	24.69	2.182	0.419	21.61	1	333
high-volume-breakout-targets	4h	AVAXUSD	24	13	61.24	1.286	0.146	32.09	4	333
high-volume-breakout-targets	15m	1000PEPEUSD	11	6	43.59	1.430	0.208	9.99	4	42
high-volume-breakout-targets	1h	WIFUSD	23	12	50.43	1.226	0.122	19.98	5	125
fia-trend-momentum-10-20-50	1h	DOGEUSD	11	7	41.35	1.513	0.196	0.41	1	125
high-volume-breakout-targets	4h	MUBARAKUSD	4	2	-5.04	0.873	-0.053	3.81	1	333
eb-ict-one-trade-setup-for-life-sniper-70-model-v5	15m	XRPUSD	9	3	-46.32	0.607	-0.252	-79.11	3	42
high-volume-breakout-targets	4h	SAGAUSD	7	3	-25.55	0.680	-0.176	-28.89	1	333
fia-trend-momentum-10-20-50	4h	WIFUSD	2	1	-0.19	0.990	0.005	-1.37	0	333
fia-trend-momentum-10-20-50	15m	WIFUSD	22	13	178.91	1.949	0.401	95.18	1	42
high-volume-breakout-targets	15m	ETCUSD	16	8	-10.84	0.931	-0.024	-60.87	3	42
high-volume-breakout-targets	1h	DOGEUSD	27	11	-149.50	0.468	-0.291	-182.55	3	125
high-volume-breakout-targets	4h	AINUSD	13	8	233.98	2.883	0.860	216.66	4	333
eb-ict-one-trade-setup-for-life-sniper-70-model-v5	15m	BTCUSD	1	0	-19.39	0.000	-1.000	-19.56	0	42
fia-trend-momentum-10-20-50	1h	ETHUSD	13	7	-0.96	0.992	0.003	-25.89	0	125
high-volume-breakout-targets	4h	COOKIEUSD	9	6	50.90	1.775	0.287	44.90	4	333
fia-trend-momentum-10-20-50	4h	DOGEUSD	2	2	42.94	99.000	1.070	39.58	1	333
high-volume-breakout-targets	4h	1000PEPEUSD	9	7	62.29	2.478	0.344	54.33	5	268
high-volume-breakout-targets	1h	ETHUSD	16	9	76.25	1.484	0.253	40.28	4	125
high-volume-breakout-targets	15m	WIFUSD	4	1	-45.95	0.219	-0.579	-54.53	1	42
fia-trend-momentum-10-20-50	15m	DOGEUSD	43	28	249.34	1.760	0.277	231.93	3	42
eb-ict-one-trade-setup-for-life-sniper-70-model-v5	15m	TAOUSD	15	7	-85.41	0.434	-0.291	-89.49	3	42
high-volume-breakout-targets	4h	ETCUSD	12	5	49.15	1.364	0.235	35.76	2	333
fia-trend-momentum-10-20-50	4h	ETHUSD	3	2	-4.11	0.794	-0.061	3.22	0	333
fia-trend-momentum-10-20-50	1h	SOLUSD	11	7	128.99	2.624	0.605	91.93	1	125
high-volume-breakout-targets	1h	SOLUSD	16	7	27.87	1.166	0.111	22.57	2	125
high-volume-breakout-targets	4h	WIFUSD	13	5	-19.08	0.884	-0.059	-27.10	3	333
eb-ict-one-trade-setup-for-life-sniper-70-model-v5	15m	EVAAUSD	13	8	106.84	2.078	0.408	82.02	5	42
high-volume-breakout-targets	15m	DOGEUSD	19	13	121.88	1.961	0.321	79.38	3	42
fia-trend-momentum-10-20-50	15m	ETHUSD	38	26	190.28	1.708	0.244	74.46	3	42
high-volume-breakout-targets	4h	DOGEUSD	10	3	-76.50	0.442	-0.390	-101.10	2	333
high-volume-breakout-targets	1h	ZECUSD	16	8	15.88	1.103	0.079	0.18	4	125
eb-ict-one-trade-setup-for-life-sniper-70-model-v5	15m	PIEVERSEUSD	15	7	94.72	1.623	0.338	59.73	2	42
fia-trend-momentum-10-20-50	4h	SOLUSD	3	1	-29.00	0.217	-0.525	-29.95	0	333
high-volume-breakout-targets	4h	ETHUSD	21	12	12.27	1.075	0.036	-6.95	4	333
fia-trend-momentum-10-20-50	1h	ZECUSD	14	7	3.64	1.029	0.012	-12.02	1	125
high-volume-breakout-targets	15m	ETHUSD	21	11	-19.71	0.900	-0.031	-106.68	3	42
high-volume-breakout-targets	4h	SOLUSD	16	8	-26.96	0.819	-0.095	-43.68	3	333
eb-ict-one-trade-setup-for-life-sniper-70-model-v5	15m	LINKUSD	13	7	-13.56	0.887	-0.043	-79.50	5	42
fia-trend-momentum-10-20-50	15m	SOLUSD	53	30	-2.98	0.993	0.009	-121.77	2	42
fia-trend-momentum-10-20-50	4h	ZECUSD	3	2	19.58	2.433	0.417	18.76	1	333
high-volume-breakout-targets	1h	AAVEUSD	19	9	-52.88	0.727	-0.134	-123.81	4	125
fia-trend-momentum-10-20-50	1h	AAVEUSD	10	7	95.18	2.655	0.484	70.40	1	125
high-volume-breakout-targets	4h	ZECUSD	6	5	105.60	6.728	0.921	102.48	4	333
eb-ict-one-trade-setup-for-life-sniper-70-model-v5	15m	BNBUSD	7	1	-105.30	0.039	-0.801	-106.87	0	42
fia-trend-momentum-10-20-50	4h	AAVEUSD	3	2	25.03	2.546	0.383	17.11	1	333
high-volume-breakout-targets	4h	AAVEUSD	12	7	15.74	1.179	0.057	10.28	2	333
high-volume-breakout-targets	15m	SOLUSD	20	7	-169.63	0.260	-0.467	-170.96	1	42
fia-trend-momentum-10-20-50	15m	ZECUSD	50	26	-85.34	0.814	-0.088	-135.94	2	42
high-volume-breakout-targets	1h	NEARUSD	25	14	67.90	1.283	0.143	18.76	5	125
eb-ict-one-trade-setup-for-life-sniper-70-model-v5	15m	BCHUSD	14	6	-95.25	0.369	-0.351	-121.99	2	42
fia-trend-momentum-10-20-50	4h	NEARUSD	4	3	16.84	1.843	0.215	6.02	1	333
high-volume-breakout-targets	4h	NEARUSD	6	5	77.76	4.936	0.635	68.18	4	333
fia-trend-momentum-10-20-50	1h	NEARUSD	15	10	72.02	1.690	0.244	59.96	1	125
inside-day-breakout-strategy	15m	AKEUSD	18	11	340.07	3.490	1.072	293.12	5	42
high-volume-breakout-targets	1h	FILUSD	15	7	-39.80	0.731	-0.127	-72.33	2	125
high-volume-breakout-targets	4h	FILUSD	27	12	-19.31	0.933	-0.022	-16.16	2	333
fia-trend-momentum-10-20-50	4h	FILUSD	2	1	91.74	5.125	2.351	86.18	1	333
fia-trend-momentum-10-20-50	15m	AAVEUSD	57	31	-0.59	0.999	0.006	-64.63	2	42
high-volume-breakout-targets	15m	ZECUSD	21	16	605.45	7.050	1.195	447.07	5	42
fia-trend-momentum-10-20-50	1h	FILUSD	15	7	68.55	1.420	0.250	146.42	1	125
inside-day-breakout-strategy	15m	AVAXUSD	9	8	151.81	8.184	0.798	88.63	5	42
high-volume-breakout-targets	4h	SUIUSD	16	9	89.51	1.581	0.295	74.04	5	333
fia-trend-momentum-10-20-50	4h	SUIUSD	2	1	-11.05	0.452	-0.272	-11.48	0	333
high-volume-breakout-targets	1h	SUIUSD	20	11	-28.14	0.844	-0.063	-48.89	4	125
fia-trend-momentum-10-20-50	1h	SUIUSD	11	5	24.69	1.203	0.142	9.99	1	125
fia-trend-momentum-10-20-50	15m	NEARUSD	59	25	-169.84	0.714	-0.141	-230.45	0	42
inside-day-breakout-strategy	15m	MUBARAKUSD	19	13	226.35	2.629	0.561	133.26	5	42
high-volume-breakout-targets	4h	UNIUSD	11	5	-47.42	0.596	-0.213	-51.57	1	333
high-volume-breakout-targets	15m	AAVEUSD	22	13	22.14	1.134	0.060	3.49	4	42
fia-trend-momentum-10-20-50	4h	UNIUSD	4	2	-12.51	0.681	-0.158	-14.31	0	333
high-volume-breakout-targets	4h	HYPEUSD	11	5	-34.18	0.715	-0.149	-23.75	2	333
inside-day-breakout-strategy	15m	SAGAUSD	12	9	459.40	9.088	1.631	393.84	6	42
fia-trend-momentum-10-20-50	1h	UNIUSD	14	7	45.50	1.318	0.179	33.37	1	125
high-volume-breakout-targets	1h	UNIUSD	23	11	-23.44	0.898	-0.037	-16.62	3	125
fia-trend-momentum-10-20-50	15m	FILUSD	44	29	466.21	2.330	0.458	148.60	3	42
fia-trend-momentum-10-20-50	4h	HYPEUSD	3	2	-2.65	0.868	-0.038	-3.72	0	333
high-volume-breakout-targets	15m	NEARUSD	14	5	-117.60	0.310	-0.439	-173.58	3	42
high-volume-breakout-targets	4h	VVVUSD	5	4	41.22	2.989	0.417	39.24	3	333
inside-day-breakout-strategy	15m	AINUSD	7	6	259.85	14.635	1.717	218.90	4	42
fia-trend-momentum-10-20-50	1h	HYPEUSD	9	7	76.42	2.896	0.419	42.82	1	125
fia-trend-momentum-10-20-50	15m	SUIUSD	50	29	103.93	1.224	0.112	-56.17	2	42
fia-trend-momentum-10-20-50	4h	VVVUSD	5	4	37.63	2.993	0.378	34.85	1	333
high-volume-breakout-targets	1h	HYPEUSD	11	6	-11.80	0.883	-0.045	-29.63	5	125
high-volume-breakout-targets	4h	XRPUSD	13	10	138.45	3.051	0.514	118.15	5	333
inside-day-breakout-strategy	15m	COOKIEUSD	3	3	202.86	99.000	3.220	143.07	3	42
high-volume-breakout-targets	15m	FILUSD	24	12	137.68	1.571	0.292	67.95	6	42
fia-trend-momentum-10-20-50	4h	XRPUSD	3	1	0.72	1.018	0.033	-1.85	1	333
fia-trend-momentum-10-20-50	1h	VVVUSD	16	6	-107.04	0.420	-0.357	-111.61	0	125
high-volume-breakout-targets	4h	BTCUSD	11	6	-16.37	0.830	-0.064	-24.36	5	333
high-volume-breakout-targets	1h	VVVUSD	20	6	-148.88	0.411	-0.399	-178.89	2	125
inside-day-breakout-strategy	15m	1000PEPEUSD	11	8	358.95	6.500	1.458	288.44	4	42
fia-trend-momentum-10-20-50	15m	UNIUSD	63	27	-179.88	0.705	-0.143	-287.47	1	42
fia-trend-momentum-10-20-50	4h	BTCUSD	5	2	-35.11	0.389	-0.356	-37.34	0	333
fia-trend-momentum-10-20-50	1h	XRPUSD	10	7	149.87	3.339	0.736	102.04	1	125
high-volume-breakout-targets	4h	TAOUSD	6	2	1.31	1.016	0.035	-4.02	2	333
high-volume-breakout-targets	15m	SUIUSD	17	8	-74.20	0.565	-0.219	-105.88	3	42
inside-day-breakout-strategy	15m	ETCUSD	2	1	-0.32	0.984	0.002	-5.72	0	42
high-volume-breakout-targets	4h	EVAAUSD	13	2	-163.70	0.203	-0.679	-165.58	1	333
high-volume-breakout-targets	1h	XRPUSD	21	12	98.58	1.556	0.243	25.56	4	125
fia-trend-momentum-10-20-50	15m	HYPEUSD	53	30	-10.13	0.978	0.002	-192.14	2	42
fia-trend-momentum-10-20-50	1h	BTCUSD	10	7	121.34	2.927	0.610	76.35	1	125
fia-trend-momentum-10-20-50	4h	TAOUSD	2	2	39.07	99.000	0.969	45.17	1	333
high-volume-breakout-targets	4h	PIEVERSEUSD	4	3	58.15	3.732	0.743	56.13	3	154
inside-day-breakout-strategy	15m	WIFUSD	7	5	143.48	4.550	0.998	71.46	3	42
fia-trend-momentum-10-20-50	1h	TAOUSD	10	5	-11.05	0.891	-0.043	-11.20	0	125
high-volume-breakout-targets	15m	UNIUSD	24	9	-163.82	0.400	-0.365	-176.06	0	42
high-volume-breakout-targets	1h	BTCUSD	11	9	219.86	9.523	0.939	134.98	6	125
high-volume-breakout-targets	4h	LINKUSD	16	9	69.66	1.523	0.225	53.61	5	333
fia-trend-momentum-10-20-50	4h	EVAAUSD	3	2	-1.19	0.940	-0.015	-1.66	0	333
inside-day-breakout-strategy	15m	DOGEUSD	9	6	142.70	3.485	0.781	111.49	3	42
fia-trend-momentum-10-20-50	15m	VVVUSD	65	25	-269.99	0.578	-0.236	-295.53	0	42
fia-trend-momentum-10-20-50	1h	EVAAUSD	10	5	67.63	1.681	0.364	54.72	1	125
high-volume-breakout-targets	4h	BNBUSD	9	4	-43.34	0.541	-0.242	-78.57	1	333
inside-day-breakout-strategy	15m	ETHUSD	9	6	33.13	1.554	0.191	2.14	4	42
high-volume-breakout-targets	1h	TAOUSD	16	10	55.29	1.462	0.180	19.98	4	125
fia-trend-momentum-10-20-50	4h	PIEVERSEUSD	5	3	102.63	3.546	1.039	99.72	1	154
high-volume-breakout-targets	15m	HYPEUSD	17	12	72.79	1.738	0.214	-0.13	4	42
fia-trend-momentum-10-20-50	1h	PIEVERSEUSD	13	6	62.62	1.479	0.272	14.91	1	125
fia-trend-momentum-10-20-50	15m	XRPUSD	53	37	230.49	1.705	0.207	71.35	2	42
high-volume-breakout-targets	4h	BCHUSD	5	3	-15.35	0.614	-0.151	-2.55	1	333
inside-day-breakout-strategy	15m	SOLUSD	13	12	363.06	14.376	1.237	265.06	5	42
fia-trend-momentum-10-20-50	4h	LINKUSD	4	3	14.59	1.705	0.191	12.07	1	333
inside-day-breakout-strategy	1h	AKEUSD	25	13	274.21	2.155	0.629	286.91	7	63
fia-trend-momentum-10-20-50	1h	LINKUSD	12	5	-54.66	0.599	-0.226	-77.97	0	125
high-volume-breakout-targets	1h	EVAAUSD	13	8	35.91	1.353	0.146	6.27	3	125
high-volume-breakout-targets	15m	VVVUSD	21	8	-123.28	0.486	-0.312	-143.72	2	42
fia-trend-momentum-10-20-50	15m	BTCUSD	14	7	-53.47	0.567	-0.190	-30.05	1	42
inside-day-breakout-strategy	15m	ZECUSD	18	16	964.09	19.575	2.005	782.27	6	42
fia-trend-momentum-10-20-50	1h	BNBUSD	9	7	12.24	1.305	0.076	29.35	1	125
fia-trend-momentum-10-20-50	4h	BNBUSD	3	1	-31.00	0.192	-0.530	-56.61	0	333
inside-day-breakout-strategy	1h	AVAXUSD	33	18	58.21	1.244	0.100	-26.24	3	125
high-volume-breakout-targets	1h	PIEVERSEUSD	14	8	194.93	2.475	0.683	153.26	4	125
fia-trend-momentum-10-20-50	15m	TAOUSD	54	24	-175.58	0.663	-0.168	-217.98	0	42
inside-day-breakout-strategy	15m	AAVEUSD	11	3	-63.92	0.542	-0.287	-73.91	1	42
fia-trend-momentum-10-20-50	1h	BCHUSD	14	8	107.80	1.921	0.398	75.58	1	125
fia-trend-momentum-10-20-50	4h	BCHUSD	4	4	160.55	99.000	1.950	153.37	1	333
high-volume-breakout-targets	15m	XRPUSD	28	11	-89.44	0.720	-0.145	-149.40	2	42
inside-day-breakout-strategy	4h	AKEUSD	6	4	130.31	5.387	1.229	129.16	4	63
inside-day-breakout-strategy	1h	MUBARAKUSD	44	23	696.62	2.618	0.638	459.49	7	125
high-volume-breakout-targets	1h	LINKUSD	16	6	-93.36	0.522	-0.297	-132.06	2	125
l-l-htf-trend-cloud-strategy-joe-freedom	15m	AKEUSD	17	7	-11.69	0.933	0.007	-19.23	3	42
fia-trend-momentum-10-20-50	15m	EVAAUSD	49	25	76.89	1.160	0.095	-30.14	2	42
inside-day-breakout-strategy	15m	NEARUSD	7	3	-0.40	0.995	0.012	-18.34	2	42
inside-day-breakout-strategy	4h	AVAXUSD	60	22	-197.85	0.667	-0.176	-216.53	2	333
inside-day-breakout-strategy	1h	SAGAUSD	52	31	503.01	2.129	0.409	428.61	7	125
high-volume-breakout-targets	15m	BTCUSD	8	4	30.87	1.400	0.226	14.78	4	42
inside-day-breakout-strategy	4h	MUBARAKUSD	49	24	28.46	1.068	0.038	40.70	4	333
fia-trend-momentum-10-20-50	15m	PIEVERSEUSD	41	21	195.47	1.436	0.245	57.81	2	42
inside-day-breakout-strategy	15m	FILUSD	8	6	387.77	17.134	2.131	304.66	5	42
l-l-htf-trend-cloud-strategy-joe-freedom	15m	AVAXUSD	15	7	-70.66	0.531	-0.237	-95.67	2	42
high-volume-breakout-targets	1h	BNBUSD	12	7	-49.99	0.483	-0.213	-75.08	3	125
inside-day-breakout-strategy	1h	AINUSD	40	26	818.26	4.275	0.777	606.68	7	125
inside-day-breakout-strategy	4h	SAGAUSD	53	26	134.36	1.301	0.134	126.14	4	333
fia-trend-momentum-10-20-50	15m	LINKUSD	46	21	-154.91	0.685	-0.172	-242.25	1	42
inside-day-breakout-strategy	15m	SUIUSD	8	7	395.15	14.880	2.157	299.96	5	42
l-l-htf-trend-cloud-strategy-joe-freedom	15m	MUBARAKUSD	23	7	-200.09	0.288	-0.476	-213.59	2	42
high-volume-breakout-targets	15m	TAOUSD	14	8	74.23	1.590	0.278	7.76	4	42
inside-day-breakout-strategy	4h	AINUSD	45	23	44.28	1.126	0.057	96.53	4	333
high-volume-breakout-targets	1h	BCHUSD	6	3	-11.95	0.804	-0.091	-18.55	2	125
inside-day-breakout-strategy	1h	COOKIEUSD	41	30	1484.44	6.183	1.158	1103.83	7	125
inside-day-breakout-strategy	15m	UNIUSD	15	13	715.18	13.183	1.889	591.17	6	42
l-l-htf-trend-cloud-strategy-joe-freedom	15m	SAGAUSD	18	8	38.10	1.197	0.127	-38.03	4	42
inside-day-breakout-strategy	4h	COOKIEUSD	51	23	49.75	1.112	0.057	-8.07	4	333
fia-trend-momentum-10-20-50	15m	BNBUSD	17	9	-7.87	0.948	-0.010	-49.46	1	42
l-l-htf-trend-cloud-strategy-joe-freedom	1h	AKEUSD	7	2	-45.39	0.446	-0.386	-48.15	2	63
inside-day-breakout-strategy	1h	1000PEPEUSD	38	21	362.28	2.208	0.433	226.42	5	125
inside-day-breakout-strategy	4h	1000PEPEUSD	44	24	205.56	1.478	0.230	104.34	4	268
high-volume-breakout-targets	15m	EVAAUSD	27	15	231.95	1.867	0.415	95.11	6	42
inside-day-breakout-strategy	15m	HYPEUSD	6	5	145.63	8.184	1.177	100.53	2	42
l-l-htf-trend-cloud-strategy-joe-freedom	15m	AINUSD	14	7	-50.27	0.628	-0.177	-88.52	3	42
fia-trend-momentum-10-20-50	15m	BCHUSD	39	23	256.13	1.772	0.314	51.46	3	42
l-l-htf-trend-cloud-strategy-joe-freedom	4h	AVAXUSD	1	0	-19.93	0.000	-1.000	-19.85	0	333
inside-day-breakout-strategy	4h	ETCUSD	45	15	-138.83	0.656	-0.159	-141.37	2	333
inside-day-breakout-strategy	1h	ETCUSD	31	18	385.82	2.793	0.551	253.27	5	125
l-l-htf-trend-cloud-strategy-joe-freedom	15m	COOKIEUSD	21	4	-261.15	0.092	-0.713	-253.58	0	42
l-l-htf-trend-cloud-strategy-joe-freedom	4h	MUBARAKUSD	1	1	9.33	99.000	0.466	8.97	1	333
inside-day-breakout-strategy	15m	VVVUSD	5	3	21.12	1.532	0.219	8.92	2	42
l-l-htf-trend-cloud-strategy-joe-freedom	4h	SAGAUSD	6	3	2.81	1.045	0.035	0.15	3	333
l-l-htf-trend-cloud-strategy-joe-freedom	1h	AVAXUSD	7	2	-58.06	0.413	-0.419	-66.63	1	125
inside-day-breakout-strategy	4h	WIFUSD	52	22	196.65	1.386	0.191	127.16	5	333
high-volume-breakout-targets	15m	PIEVERSEUSD	15	6	-60.94	0.652	-0.201	-112.86	2	42
l-l-htf-trend-cloud-strategy-joe-freedom	4h	AINUSD	9	4	23.28	1.236	0.157	21.59	2	333
inside-day-breakout-strategy	1h	WIFUSD	26	13	242.08	2.090	0.446	161.21	5	125
inside-day-breakout-strategy	4h	DOGEUSD	56	28	-28.32	0.937	-0.018	-57.18	4	333
inside-day-breakout-strategy	15m	XRPUSD	8	4	93.91	2.131	0.604	65.11	3	42
l-l-htf-trend-cloud-strategy-joe-freedom	4h	COOKIEUSD	5	3	91.62	3.317	0.945	87.48	3	333
l-l-htf-trend-cloud-strategy-joe-freedom	15m	1000PEPEUSD	15	8	15.38	1.113	0.070	-26.49	2	42
l-l-htf-trend-cloud-strategy-joe-freedom	4h	1000PEPEUSD	3	2	33.73	2.675	0.574	30.26	2	268
l-l-htf-trend-cloud-strategy-joe-freedom	4h	ETCUSD	5	2	-30.14	0.487	-0.298	-32.42	2	333
inside-day-breakout-strategy	4h	ETHUSD	62	25	-160.43	0.687	-0.135	-199.39	3	333
l-l-htf-trend-cloud-strategy-joe-freedom	4h	WIFUSD	1	0	-19.99	0.000	-1.000	-19.99	0	333
inside-day-breakout-strategy	1h	DOGEUSD	32	16	132.77	1.563	0.215	105.80	4	125
l-l-htf-trend-cloud-strategy-joe-freedom	15m	ETCUSD	17	5	-167.63	0.204	-0.532	-171.23	1	42
l-l-htf-trend-cloud-strategy-joe-freedom	1h	MUBARAKUSD	12	4	-72.42	0.541	-0.302	-81.04	2	125
l-l-htf-trend-cloud-strategy-joe-freedom	4h	DOGEUSD	3	1	-23.36	0.408	-0.383	-31.29	1	333
inside-day-breakout-strategy	15m	BTCUSD	5	2	-12.27	0.710	-0.118	-29.50	1	42
high-volume-breakout-targets	15m	LINKUSD	21	12	89.01	1.441	0.225	-19.01	3	42
l-l-htf-trend-cloud-strategy-joe-freedom	4h	ETHUSD	2	1	-11.33	0.434	-0.280	-11.86	1	333
inside-day-breakout-strategy	4h	SOLUSD	57	23	-44.02	0.911	-0.004	-76.99	2	333
l-l-htf-trend-cloud-strategy-joe-freedom	4h	SOLUSD	2	2	123.38	99.000	3.100	106.89	2	333
l-l-htf-trend-cloud-strategy-joe-freedom	15m	WIFUSD	10	6	283.83	4.078	1.316	198.03	4	42
inside-day-breakout-strategy	1h	ETHUSD	40	23	266.91	1.918	0.318	125.86	5	125
l-l-htf-trend-cloud-strategy-joe-freedom	4h	ZECUSD	3	3	34.68	99.000	0.586	24.80	3	333
inside-day-breakout-strategy	4h	ZECUSD	51	32	417.03	2.504	0.378	387.54	7	333
inside-day-breakout-strategy	15m	TAOUSD	7	3	102.69	2.460	0.747	71.56	1	42
l-l-htf-trend-cloud-strategy-joe-freedom	4h	AAVEUSD	5	2	-34.24	0.311	-0.423	-36.81	2	333
l-l-htf-trend-cloud-strategy-joe-freedom	4h	NEARUSD	5	4	85.19	5.186	0.841	78.31	4	333
l-l-htf-trend-cloud-strategy-joe-freedom	1h	SAGAUSD	8	3	-7.09	0.932	-0.026	-13.32	3	125
l-l-htf-trend-cloud-strategy-joe-freedom	4h	FILUSD	5	0	-95.57	0.000	-0.995	-95.62	0	333
l-l-htf-trend-cloud-strategy-joe-freedom	15m	DOGEUSD	12	7	-23.65	0.760	-0.094	-60.91	4	42
high-volume-breakout-targets	15m	BNBUSD	11	7	-15.34	0.800	-0.068	-53.89	4	42
l-l-htf-trend-cloud-strategy-joe-freedom	4h	SUIUSD	1	0	-19.99	0.000	-1.000	-19.98	0	333
inside-day-breakout-strategy	4h	AAVEUSD	58	22	-234.70	0.507	-0.250	-250.69	3	333
inside-day-breakout-strategy	1h	SOLUSD	34	23	387.23	3.142	0.521	265.17	6	125
inside-day-breakout-strategy	15m	EVAAUSD	8	6	236.27	6.825	1.386	189.39	4	42
l-l-htf-trend-cloud-strategy-joe-freedom	15m	ETHUSD	12	4	-85.59	0.411	-0.365	-117.37	1	42
inside-day-breakout-strategy	4h	NEARUSD	49	20	-92.28	0.803	-0.090	-154.90	4	333
l-l-htf-trend-cloud-strategy-joe-freedom	4h	HYPEUSD	5	3	122.22	4.094	1.237	137.78	3	333
l-l-htf-trend-cloud-strategy-joe-freedom	1h	AINUSD	13	2	-182.79	0.064	-0.771	-153.82	0	125
l-l-htf-trend-cloud-strategy-joe-freedom	4h	VVVUSD	2	1	1.20	1.059	0.036	0.08	1	333
inside-day-breakout-strategy	1h	ZECUSD	47	35	1686.29	8.581	1.136	1440.95	8	125
l-l-htf-trend-cloud-strategy-joe-freedom	4h	XRPUSD	6	3	-23.90	0.601	-0.194	-52.88	2	333
inside-day-breakout-strategy	15m	PIEVERSEUSD	6	3	120.38	2.906	1.014	92.84	3	42
l-l-htf-trend-cloud-strategy-joe-freedom	15m	SOLUSD	13	5	-119.37	0.189	-0.495	-145.76	0	42
inside-day-breakout-strategy	4h	FILUSD	70	32	228.15	1.362	0.165	167.06	6	333
l-l-htf-trend-cloud-strategy-joe-freedom	4h	BTCUSD	3	2	40.45	3.003	0.738	36.56	2	333
high-volume-breakout-targets	15m	BCHUSD	21	14	175.53	2.156	0.405	115.51	4	42
l-l-htf-trend-cloud-strategy-joe-freedom	4h	TAOUSD	4	1	-49.64	0.149	-0.630	-50.09	1	333
inside-day-breakout-strategy	4h	SUIUSD	45	22	147.91	1.451	0.169	69.79	4	333
l-l-htf-trend-cloud-strategy-joe-freedom	4h	EVAAUSD	2	1	-10.64	0.472	-0.261	-10.85	1	333
inside-day-breakout-strategy	1h	AAVEUSD	34	22	205.29	1.759	0.304	96.83	4	125
l-l-htf-trend-cloud-strategy-joe-freedom	15m	ZECUSD	17	10	164.26	2.255	0.499	70.88	5	42
inside-day-breakout-strategy	15m	LINKUSD	9	3	42.68	1.355	0.277	19.57	2	42
l-l-htf-trend-cloud-strategy-joe-freedom	4h	PIEVERSEUSD	1	0	-19.91	0.000	-1.000	-19.92	0	154
l-l-htf-trend-cloud-strategy-joe-freedom	1h	COOKIEUSD	7	3	-32.31	0.592	-0.225	-62.88	2	125
inside-day-breakout-strategy	4h	UNIUSD	55	26	133.28	1.325	0.125	60.12	5	333
l-l-htf-trend-cloud-strategy-joe-freedom	4h	LINKUSD	1	1	17.89	99.000	0.903	16.38	1	333
l-l-htf-trend-cloud-strategy-joe-freedom	4h	BNBUSD	1	1	14.83	99.000	0.808	7.40	1	333
l-l-htf-trend-cloud-strategy-joe-freedom	15m	AAVEUSD	21	7	-179.63	0.252	-0.487	-217.12	2	42
l-l-htf-trend-cloud-strategy-joe-freedom	4h	BCHUSD	5	2	-25.30	0.564	-0.249	-28.12	2	333
inside-day-breakout-strategy	4h	HYPEUSD	40	19	14.47	1.045	0.027	-17.57	3	333
inside-day-breakout-strategy	15m	BNBUSD	0	0	0.00	0.000	0.000	0.00	0	42
inside-day-breakout-strategy	1h	NEARUSD	28	17	228.51	2.118	0.386	118.75	5	125
mcginley-t3-flow-campaign-nick789-v-1	1h	AKEUSD	26	14	81.04	1.398	0.202	28.45	4	63
l-l-htf-trend-cloud-strategy-joe-freedom	15m	NEARUSD	27	13	-91.54	0.652	-0.170	-172.57	3	42
mcginley-t3-flow-campaign-nick789-v-1	1h	AVAXUSD	27	14	-18.57	0.921	-0.024	-74.24	2	125
inside-day-breakout-strategy	4h	VVVUSD	55	24	-129.69	0.748	-0.122	-160.67	2	333
l-l-htf-trend-cloud-strategy-joe-freedom	1h	1000PEPEUSD	4	2	81.35	2.827	1.048	64.87	2	125
mcginley-t3-flow-campaign-nick789-v-1	1h	MUBARAKUSD	56	25	-151.97	0.741	-0.137	-106.52	3	125
inside-day-breakout-strategy	1h	FILUSD	39	22	292.51	2.025	0.345	124.63	7	125
inside-day-breakout-strategy	15m	BCHUSD	5	3	97.19	3.248	0.981	41.13	2	42
inside-day-breakout-strategy	4h	XRPUSD	51	25	286.08	1.608	0.267	215.20	7	333
l-l-htf-trend-cloud-strategy-joe-freedom	15m	FILUSD	20	10	44.99	1.212	0.129	-31.36	3	42
mcginley-t3-flow-campaign-nick789-v-1	1h	SAGAUSD	54	23	-82.85	0.855	-0.066	-122.61	4	125
mcginley-t3-flow-campaign-nick789-v-1	4h	AVAXUSD	22	12	29.39	1.147	0.078	11.60	3	333
mcginley-t3-flow-campaign-nick789-v-1	1h	AINUSD	37	15	-173.98	0.543	-0.252	-199.79	2	125
mcginley-t3-flow-campaign-nick789-v-1	4h	MUBARAKUSD	30	14	22.07	1.073	0.056	-38.50	4	333
inside-day-breakout-strategy	4h	BTCUSD	56	27	-55.78	0.876	-0.043	-147.02	4	333
inside-day-breakout-strategy	1h	SUIUSD	29	21	439.38	3.816	0.649	350.46	7	125
mcginley-t3-flow-campaign-nick789-v-1	1h	COOKIEUSD	35	21	233.60	1.788	0.322	222.51	6	125
l-l-htf-trend-cloud-strategy-joe-freedom	15m	SUIUSD	21	11	102.37	1.509	0.257	19.68	3	42
mcginley-t3-flow-campaign-nick789-v-1	4h	SAGAUSD	12	5	-71.80	0.474	-0.302	-73.78	2	333
mcginley-t3-flow-campaign-nick789-v-1	15m	AKEUSD	63	31	-19.32	0.967	0.041	-30.37	5	42
mcginley-t3-flow-campaign-nick789-v-1	4h	AINUSD	25	10	-1.06	0.997	0.022	-15.22	3	333
mcginley-t3-flow-campaign-nick789-v-1	1h	1000PEPEUSD	55	28	-14.03	0.976	-0.001	-103.66	4	125
inside-day-breakout-strategy	4h	TAOUSD	52	16	-307.63	0.365	-0.348	-320.10	2	333
mcginley-t3-flow-campaign-nick789-v-1	4h	COOKIEUSD	17	10	105.38	1.723	0.310	92.76	5	333
mcginley-t3-flow-campaign-nick789-v-1	1h	ETCUSD	41	16	-203.48	0.531	-0.267	-249.26	2	125
inside-day-breakout-strategy	1h	UNIUSD	40	24	491.68	2.594	0.521	467.92	5	125
mcginley-t3-flow-campaign-nick789-v-1	4h	1000PEPEUSD	28	13	13.68	1.048	0.044	0.62	4	268
l-l-htf-trend-cloud-strategy-joe-freedom	1h	ETCUSD	9	4	6.05	1.064	0.049	-16.54	3	125
inside-day-breakout-strategy	4h	EVAAUSD	46	26	337.71	2.135	0.332	368.82	5	333
mcginley-t3-flow-campaign-nick789-v-1	4h	ETCUSD	17	6	-127.17	0.388	-0.392	-118.86	1	333
mcginley-t3-flow-campaign-nick789-v-1	1h	WIFUSD	42	19	8.98	1.019	0.029	-53.81	1	125
l-l-htf-trend-cloud-strategy-joe-freedom	15m	UNIUSD	26	11	-131.68	0.528	-0.264	-163.80	3	42
mcginley-t3-flow-campaign-nick789-v-1	4h	WIFUSD	21	8	-42.15	0.844	-0.085	-29.91	2	333
inside-day-breakout-strategy	4h	PIEVERSEUSD	23	8	-77.96	0.615	-0.166	-104.84	2	154
inside-day-breakout-strategy	1h	HYPEUSD	31	18	265.96	2.058	0.408	196.85	5	125
mcginley-t3-flow-campaign-nick789-v-1	1h	DOGEUSD	23	17	171.87	2.469	0.356	92.39	4	125
mcginley-t3-flow-campaign-nick789-v-1	4h	DOGEUSD	21	10	69.91	1.281	0.188	46.07	5	333
mcginley-t3-flow-campaign-nick789-v-1	4h	ETHUSD	29	14	21.93	1.078	0.056	-94.56	4	333
mcginley-t3-flow-campaign-nick789-v-1	1h	ETHUSD	41	21	56.05	1.130	0.084	-29.89	4	125
inside-day-breakout-strategy	4h	LINKUSD	58	23	-193.51	0.599	-0.180	-266.59	3	333
l-l-htf-trend-cloud-strategy-joe-freedom	15m	HYPEUSD	18	8	-41.58	0.787	-0.108	-76.09	2	42
mcginley-t3-flow-campaign-nick789-v-1	4h	SOLUSD	19	12	186.40	2.390	0.504	109.87	5	333
l-l-htf-trend-cloud-strategy-joe-freedom	1h	WIFUSD	13	8	163.75	2.552	0.617	162.65	4	125
mcginley-t3-flow-campaign-nick789-v-1	1h	SOLUSD	39	17	-115.28	0.719	-0.155	-163.49	3	125
inside-day-breakout-strategy	1h	VVVUSD	33	20	70.76	1.309	0.112	30.23	3	125
mcginley-t3-flow-campaign-nick789-v-1	4h	ZECUSD	38	24	108.02	1.417	0.159	84.96	4	333
inside-day-breakout-strategy	4h	BNBUSD	53	26	89.43	1.230	0.095	-36.69	3	333
mcginley-t3-flow-campaign-nick789-v-1	4h	AAVEUSD	14	8	3.57	1.032	0.040	-36.47	5	333
mcginley-t3-flow-campaign-nick789-v-1	1h	ZECUSD	45	27	202.83	1.569	0.232	120.57	4	125
l-l-htf-trend-cloud-strategy-joe-freedom	15m	VVVUSD	33	17	-128.66	0.569	-0.202	-96.04	3	42
mcginley-t3-flow-campaign-nick789-v-1	4h	NEARUSD	30	22	176.21	2.010	0.279	134.89	6	333
inside-day-breakout-strategy	4h	BCHUSD	55	25	211.63	1.396	0.192	28.60	5	333
mcginley-t3-flow-campaign-nick789-v-1	1h	AAVEUSD	40	19	-92.05	0.750	-0.126	-101.45	2	125
mcginley-t3-flow-campaign-nick789-v-1	4h	FILUSD	26	16	140.12	1.651	0.265	107.11	4	333
inside-day-breakout-strategy	1h	XRPUSD	30	23	380.36	3.318	0.555	166.61	6	125
momentum-bands-breakout	15m	AKEUSD	100	70	445.78	1.899	0.239	301.75	5	42
mcginley-t3-flow-campaign-nick789-v-1	4h	SUIUSD	20	11	2.40	1.013	0.015	-11.13	5	333
l-l-htf-trend-cloud-strategy-joe-freedom	15m	XRPUSD	11	3	-57.23	0.650	-0.241	-74.18	1	42
momentum-bands-breakout	15m	AVAXUSD	32	22	119.37	1.712	0.184	47.12	4	42
mcginley-t3-flow-campaign-nick789-v-1	1h	NEARUSD	49	24	-42.59	0.918	-0.027	-61.29	4	125
mcginley-t3-flow-campaign-nick789-v-1	4h	UNIUSD	30	16	-22.78	0.911	-0.028	-36.09	4	333
momentum-bands-breakout	15m	MUBARAKUSD	121	89	1128.65	2.437	0.322	754.81	6	42
mcginley-t3-flow-campaign-nick789-v-1	4h	HYPEUSD	28	16	53.18	1.211	0.106	32.86	4	333
inside-day-breakout-strategy	1h	BTCUSD	30	17	56.53	1.228	0.107	-77.85	2	125
mcginley-t3-flow-campaign-nick789-v-1	1h	FILUSD	45	23	-4.44	0.990	0.007	-122.38	4	125
momentum-bands-breakout	15m	SAGAUSD	69	47	355.23	1.692	0.231	252.40	4	42
mcginley-t3-flow-campaign-nick789-v-1	4h	VVVUSD	20	11	198.57	1.999	0.495	179.21	3	333
momentum-bands-breakout	15m	AINUSD	28	13	-82.78	0.707	-0.141	-101.59	4	42
l-l-htf-trend-cloud-strategy-joe-freedom	1h	DOGEUSD	7	4	17.43	1.302	0.136	-2.20	3	125
mcginley-t3-flow-campaign-nick789-v-1	15m	AVAXUSD	37	14	-174.70	0.594	-0.248	-283.17	2	42
mcginley-t3-flow-campaign-nick789-v-1	1h	SUIUSD	38	21	82.08	1.255	0.115	83.33	5	125
momentum-bands-breakout	15m	COOKIEUSD	19	13	45.78	1.377	0.126	36.26	5	42
l-l-htf-trend-cloud-strategy-joe-freedom	15m	BTCUSD	0	0	0.00	0.000	0.000	0.00	0	42
mcginley-t3-flow-campaign-nick789-v-1	4h	XRPUSD	21	10	-39.69	0.821	-0.086	-33.53	3	333
momentum-bands-breakout	15m	1000PEPEUSD	33	25	283.86	2.649	0.394	209.83	3	42
mcginley-t3-flow-campaign-nick789-v-1	4h	BTCUSD	21	13	193.21	2.159	0.478	131.39	6	333
mcginley-t3-flow-campaign-nick789-v-1	1h	UNIUSD	28	16	19.71	1.090	0.046	-30.88	4	125
momentum-bands-breakout	15m	ETCUSD	15	6	-66.26	0.578	-0.221	-95.20	1	42
inside-day-breakout-strategy	1h	TAOUSD	31	17	123.13	1.542	0.198	24.25	3	125
mcginley-t3-flow-campaign-nick789-v-1	4h	TAOUSD	26	16	99.79	1.456	0.193	65.36	5	333
momentum-bands-breakout	15m	WIFUSD	30	17	28.33	1.129	0.056	-21.30	3	42
mcginley-t3-flow-campaign-nick789-v-1	1h	HYPEUSD	34	17	-42.81	0.872	-0.049	-45.66	1	125
l-l-htf-trend-cloud-strategy-joe-freedom	15m	TAOUSD	22	7	-196.75	0.280	-0.490	-242.29	1	42
mcginley-t3-flow-campaign-nick789-v-1	4h	EVAAUSD	36	15	39.35	1.144	0.070	18.82	4	333
momentum-bands-breakout	15m	DOGEUSD	34	24	0.83	1.005	0.006	-17.15	2	42
mcginley-t3-flow-campaign-nick789-v-1	4h	PIEVERSEUSD	11	8	219.83	4.468	0.954	201.72	4	154
momentum-bands-breakout	15m	ETHUSD	7	4	15.72	1.368	0.120	1.23	2	42
mcginley-t3-flow-campaign-nick789-v-1	1h	VVVUSD	51	26	68.33	1.159	0.085	3.25	3	125
inside-day-breakout-strategy	1h	EVAAUSD	35	20	638.98	2.793	0.750	562.19	5	125
momentum-bands-breakout	15m	SOLUSD	27	22	172.66	3.703	0.312	82.18	5	42
mcginley-t3-flow-campaign-nick789-v-1	4h	LINKUSD	25	13	49.86	1.227	0.113	34.33	3	333
momentum-bands-breakout	15m	ZECUSD	109	78	507.12	1.763	0.203	293.47	5	42
mcginley-t3-flow-campaign-nick789-v-1	4h	BNBUSD	24	10	-132.30	0.478	-0.287	-157.05	1	333
l-l-htf-trend-cloud-strategy-joe-freedom	1h	ETHUSD	7	1	-92.59	0.180	-0.688	-96.24	1	125
momentum-bands-breakout	15m	AAVEUSD	36	31	434.35	4.296	0.534	322.74	7	42
mcginley-t3-flow-campaign-nick789-v-1	1h	XRPUSD	29	16	89.51	1.342	0.168	-63.01	3	125
mcginley-t3-flow-campaign-nick789-v-1	4h	BCHUSD	20	10	38.86	1.190	0.111	13.73	4	333
l-l-htf-trend-cloud-strategy-joe-freedom	15m	EVAAUSD	28	14	341.71	2.222	0.570	127.57	5	42
momentum-bands-breakout	15m	NEARUSD	78	55	386.22	1.849	0.217	180.64	5	42
momentum-bands-breakout	1h	AKEUSD	42	32	550.67	3.587	0.675	466.06	7	63
inside-day-breakout-strategy	1h	PIEVERSEUSD	33	17	359.67	2.198	0.497	222.37	5	125
momentum-bands-breakout	1h	AVAXUSD	73	55	292.60	1.943	0.182	120.15	7	125
momentum-bands-breakout	15m	FILUSD	47	36	374.17	2.555	0.346	254.76	5	42
mcginley-t3-flow-campaign-nick789-v-1	1h	BTCUSD	29	15	-77.89	0.717	-0.131	-132.13	2	125
momentum-bands-breakout	1h	MUBARAKUSD	89	56	1007.07	2.285	0.413	736.60	6	125
momentum-bands-breakout	15m	SUIUSD	39	30	306.10	2.445	0.352	181.61	5	42
momentum-bands-breakout	1h	SAGAUSD	72	43	448.36	1.753	0.274	343.41	4	125
momentum-bands-breakout	1h	AINUSD	66	47	598.90	2.153	0.370	462.01	6	125
momentum-bands-breakout	15m	UNIUSD	103	68	170.32	1.233	0.083	-13.82	4	42
mcginley-t3-flow-campaign-nick789-v-1	1h	TAOUSD	35	19	-57.97	0.804	-0.077	-98.14	4	125
l-l-htf-trend-cloud-strategy-joe-freedom	15m	PIEVERSEUSD	43	17	-42.76	0.919	-0.035	-120.90	4	42
inside-day-breakout-strategy	1h	LINKUSD	31	17	90.82	1.323	0.156	13.89	4	125
momentum-bands-breakout	1h	COOKIEUSD	59	38	559.40	2.062	0.393	426.23	7	125
momentum-bands-breakout	15m	HYPEUSD	28	21	92.04	1.862	0.162	31.39	4	42
momentum-bands-breakout	1h	1000PEPEUSD	63	38	359.15	1.694	0.261	137.54	4	125
momentum-bands-breakout	15m	VVVUSD	112	82	386.85	1.565	0.153	148.32	4	42
mcginley-t3-flow-campaign-nick789-v-1	1h	EVAAUSD	52	26	-13.04	0.977	0.002	-45.80	5	125
momentum-bands-breakout	1h	ETCUSD	33	20	13.87	1.061	0.028	-36.69	3	125
momentum-bands-breakout	1h	WIFUSD	62	40	509.71	2.200	0.345	328.80	5	125
momentum-bands-breakout	15m	XRPUSD	47	35	375.54	2.622	0.347	212.67	4	42
l-l-htf-trend-cloud-strategy-joe-freedom	1h	SOLUSD	7	3	51.14	1.644	0.393	-33.62	2	125
momentum-bands-breakout	1h	DOGEUSD	45	32	244.60	2.034	0.252	154.50	6	125
momentum-bands-breakout	15m	BTCUSD	2	1	-13.72	0.279	-0.347	-16.18	0	42
mcginley-t3-flow-campaign-nick789-v-1	1h	PIEVERSEUSD	63	27	11.16	1.015	0.026	-85.04	6	125
inside-day-breakout-strategy	1h	BNBUSD	34	23	584.24	3.413	0.724	464.46	6	125
momentum-bands-breakout	1h	ETHUSD	54	35	70.75	1.243	0.069	-37.14	5	125
l-l-htf-trend-cloud-strategy-joe-freedom	15m	LINKUSD	22	12	173.79	1.805	0.399	123.24	3	42
momentum-bands-breakout	15m	TAOUSD	41	29	279.00	2.495	0.309	156.50	5	42
momentum-bands-breakout	1h	SOLUSD	60	48	384.84	2.776	0.283	217.84	7	125
mcginley-t3-flow-campaign-nick789-v-1	15m	MUBARAKUSD	76	44	507.95	1.732	0.293	251.48	5	42
mcginley-t3-flow-campaign-nick789-v-1	1h	LINKUSD	38	23	112.77	1.399	0.154	-16.91	4	125
momentum-bands-breakout	15m	EVAAUSD	40	24	35.40	1.132	0.051	-9.38	4	42
momentum-bands-breakout	1h	ZECUSD	96	73	1080.87	3.063	0.401	759.72	8	125
momentum-bands-breakout	15m	PIEVERSEUSD	67	46	629.84	2.413	0.383	415.86	7	42
momentum-bands-breakout	1h	AAVEUSD	84	59	563.60	2.179	0.291	338.41	6	125
inside-day-breakout-strategy	1h	BCHUSD	37	21	207.50	1.659	0.274	112.41	4	125
mcginley-t3-flow-campaign-nick789-v-1	1h	BNBUSD	33	16	-0.15	1.000	0.014	-177.82	2	125
momentum-bands-breakout	1h	NEARUSD	92	67	397.05	1.785	0.189	243.80	4	125
momentum-bands-breakout	15m	LINKUSD	17	12	-2.10	0.980	-0.000	-33.12	4	42
momentum-bands-breakout	4h	AKEUSD	5	2	20.17	1.447	0.390	19.18	1	63
momentum-bands-breakout	1h	FILUSD	50	34	199.55	1.671	0.195	105.85	5	125
l-l-htf-trend-cloud-strategy-joe-freedom	15m	BNBUSD	7	4	-13.15	0.779	-0.086	-19.66	2	42
momentum-bands-breakout	1h	SUIUSD	55	35	57.78	1.194	0.056	-20.13	3	125
mcginley-t3-flow-campaign-nick789-v-1	1h	BCHUSD	25	12	-26.20	0.898	-0.041	-28.79	5	125
momentum-bands-breakout	15m	BCHUSD	31	21	193.94	1.907	0.298	126.30	3	42
momentum-sequence-strategy	15m	AKEUSD	20	11	51.20	1.347	0.160	23.55	6	42
momentum-sequence-strategy	1h	AKEUSD	8	1	-115.69	0.073	-0.813	-116.29	0	63
momentum-bands-breakout	1h	UNIUSD	84	65	639.68	2.449	0.301	442.88	7	125
momentum-sequence-strategy	15m	AVAXUSD	12	6	-29.92	0.743	-0.118	-36.05	2	42
momentum-sequence-strategy	1h	AVAXUSD	9	6	34.95	1.569	0.201	15.73	3	125
momentum-bands-breakout	4h	AVAXUSD	37	31	416.08	5.117	0.481	355.70	7	333
momentum-bands-breakout	1h	HYPEUSD	95	69	299.78	1.627	0.144	110.58	7	125
momentum-sequence-strategy	1h	MUBARAKUSD	5	1	-68.69	0.116	-0.704	-68.96	0	125
momentum-sequence-strategy	15m	MUBARAKUSD	14	11	365.31	5.895	1.156	309.08	6	42
momentum-sequence-strategy	1h	SAGAUSD	5	2	2.33	1.039	0.040	-2.84	1	125
momentum-bands-breakout	1h	VVVUSD	81	59	673.68	2.451	0.332	510.16	7	125
momentum-sequence-strategy	15m	SAGAUSD	6	1	-73.99	0.235	-0.630	-76.51	0	42
momentum-sequence-strategy	1h	AINUSD	4	1	-33.29	0.436	-0.413	-34.28	1	125
l-l-htf-trend-cloud-strategy-joe-freedom	1h	ZECUSD	10	7	51.71	1.840	0.284	8.04	3	125
momentum-sequence-strategy	15m	AINUSD	1	0	-19.97	0.000	-1.000	-20.00	0	42
momentum-sequence-strategy	1h	COOKIEUSD	6	4	32.17	1.907	0.272	21.26	3	125
momentum-bands-breakout	1h	XRPUSD	58	44	332.42	2.066	0.255	159.40	4	125
momentum-sequence-strategy	1h	1000PEPEUSD	3	2	17.90	1.889	0.307	-13.73	2	125
momentum-sequence-strategy	15m	COOKIEUSD	1	0	-20.00	0.000	-1.000	-20.00	0	42
momentum-sequence-strategy	1h	ETCUSD	5	1	-71.23	0.087	-0.731	-72.40	0	125
momentum-bands-breakout	4h	MUBARAKUSD	56	40	587.99	2.797	0.427	536.70	5	333
l-l-htf-trend-cloud-strategy-joe-freedom	15m	BCHUSD	20	6	-167.06	0.318	-0.449	-195.42	1	42
momentum-bands-breakout	1h	BTCUSD	21	15	29.63	1.321	0.075	-6.96	5	125
momentum-sequence-strategy	15m	1000PEPEUSD	6	3	-15.40	0.736	-0.120	-45.42	1	42
momentum-sequence-strategy	4h	AKEUSD	0	0	0.00	0.000	0.000	0.00	0	63
momentum-sequence-strategy	1h	WIFUSD	4	2	-10.83	0.725	-0.128	-13.73	1	125
momentum-sequence-strategy	4h	AVAXUSD	4	3	42.03	3.092	0.529	37.89	2	333
momentum-bands-breakout	1h	TAOUSD	59	40	423.72	2.155	0.312	285.18	5	125
momentum-sequence-strategy	1h	DOGEUSD	7	4	-14.50	0.756	-0.097	-29.69	2	125
momentum-sequence-strategy	15m	ETCUSD	5	0	-94.57	0.000	-0.984	-94.66	0	42
momentum-sequence-strategy	4h	MUBARAKUSD	5	2	-6.63	0.880	-0.055	-8.85	2	333
momentum-sequence-strategy	4h	SAGAUSD	7	3	-26.36	0.676	-0.181	-29.64	2	333
momentum-sequence-strategy	1h	ETHUSD	19	9	70.20	1.392	0.204	19.02	3	125
momentum-sequence-strategy	15m	WIFUSD	1	0	-20.00	0.000	-1.000	-20.00	0	42
momentum-sequence-strategy	4h	AINUSD	6	3	-13.24	0.772	-0.100	-14.46	2	333
momentum-bands-breakout	1h	EVAAUSD	80	55	1023.35	2.696	0.459	864.65	6	125
momentum-sequence-strategy	1h	SOLUSD	17	10	49.62	1.340	0.162	-18.18	4	125
momentum-sequence-strategy	4h	COOKIEUSD	5	3	-4.02	0.899	-0.034	-5.85	1	333
momentum-sequence-strategy	15m	DOGEUSD	14	7	-39.28	0.711	-0.134	-89.61	3	42
momentum-sequence-strategy	4h	1000PEPEUSD	6	3	10.91	1.189	0.104	8.09	2	268
momentum-sequence-strategy	1h	ZECUSD	18	9	117.42	1.667	0.383	106.08	3	125
momentum-sequence-strategy	4h	ETCUSD	10	4	-15.12	0.870	-0.060	-23.20	2	333
momentum-bands-breakout	1h	PIEVERSEUSD	79	52	641.10	2.098	0.329	441.31	6	125
momentum-bands-breakout	4h	SAGAUSD	39	28	620.23	3.112	0.644	570.98	7	333
momentum-sequence-strategy	15m	ETHUSD	11	5	-19.56	0.832	-0.078	-41.53	2	42
momentum-sequence-strategy	1h	AAVEUSD	11	5	-31.83	0.722	-0.118	-41.21	2	125
momentum-sequence-strategy	4h	WIFUSD	7	4	169.91	3.628	1.189	158.66	3	333
momentum-sequence-strategy	4h	DOGEUSD	8	4	4.70	1.057	0.047	-1.12	2	333
momentum-sequence-strategy	1h	NEARUSD	5	4	146.01	8.322	1.402	131.38	2	125
momentum-sequence-strategy	15m	SOLUSD	23	15	88.30	1.527	0.198	-43.02	3	42
momentum-bands-breakout	1h	LINKUSD	64	49	336.89	2.126	0.233	160.79	7	125
momentum-sequence-strategy	4h	ETHUSD	14	9	99.40	1.937	0.353	76.15	5	333
momentum-sequence-strategy	1h	FILUSD	3	1	-22.44	0.421	-0.370	-24.26	1	125
momentum-sequence-strategy	4h	SOLUSD	8	2	-64.85	0.378	-0.429	-64.55	2	333
momentum-sequence-strategy	15m	ZECUSD	13	2	-165.60	0.161	-0.714	-174.54	0	42
momentum-sequence-strategy	1h	SUIUSD	1	0	-19.99	0.000	-1.000	-19.99	0	125
momentum-sequence-strategy	4h	ZECUSD	12	8	102.78	2.434	0.427	80.91	3	333
momentum-bands-breakout	1h	BNBUSD	30	23	177.73	3.026	0.283	92.65	5	125
momentum-sequence-strategy	4h	AAVEUSD	10	3	-55.25	0.554	-0.280	-73.17	1	333
momentum-sequence-strategy	1h	UNIUSD	13	6	-27.61	0.798	-0.095	-38.04	2	125
momentum-sequence-strategy	15m	AAVEUSD	13	2	-138.60	0.286	-0.581	-147.77	0	42
momentum-sequence-strategy	4h	NEARUSD	11	6	58.37	1.550	0.281	21.63	3	333
momentum-sequence-strategy	1h	HYPEUSD	10	5	10.41	1.106	0.070	-2.79	3	125
momentum-bands-breakout	1h	BCHUSD	50	37	430.50	2.961	0.373	312.24	6	125
momentum-sequence-strategy	4h	FILUSD	5	2	-20.45	0.653	-0.196	-22.33	2	333
momentum-sequence-strategy	15m	NEARUSD	6	2	-52.43	0.336	-0.441	-56.18	1	42
momentum-bands-breakout	4h	AINUSD	47	37	576.50	3.361	0.505	530.58	6	333
momentum-sequence-strategy	1h	VVVUSD	15	6	42.31	1.255	0.180	29.59	2	125
momentum-sequence-strategy	4h	SUIUSD	11	4	-91.81	0.299	-0.431	-107.45	2	333
momentum-sequence-strategy	15m	FILUSD	4	2	14.12	1.369	0.193	7.32	2	42
momentum-sequence-strategy	4h	UNIUSD	10	9	286.54	14.763	1.297	233.38	6	333
momentum-sequence-strategy	1h	XRPUSD	16	7	-40.84	0.763	-0.118	-71.10	3	125
ms-hypersupertrend	15m	AKEUSD	32	17	24.54	1.097	0.057	-4.45	4	42
momentum-sequence-strategy	4h	HYPEUSD	12	7	10.10	1.098	0.051	9.95	3	333
momentum-sequence-strategy	15m	SUIUSD	8	5	9.54	1.156	0.067	-23.13	2	42
momentum-sequence-strategy	1h	BTCUSD	9	5	-13.90	0.815	-0.069	-27.43	2	125
momentum-sequence-strategy	4h	VVVUSD	14	7	-29.18	0.788	-0.096	-34.44	3	333
momentum-sequence-strategy	4h	XRPUSD	12	5	-57.49	0.577	-0.238	-65.94	3	333
momentum-sequence-strategy	1h	TAOUSD	5	3	25.04	1.629	0.265	16.56	3	125
momentum-sequence-strategy	15m	UNIUSD	21	14	95.24	1.627	0.229	34.19	4	42
momentum-sequence-strategy	4h	BTCUSD	18	9	26.07	1.152	0.087	-13.10	2	333
ms-hypersupertrend	15m	AVAXUSD	42	19	-138.21	0.688	-0.168	-125.51	1	42
momentum-sequence-strategy	1h	EVAAUSD	10	3	-91.28	0.328	-0.473	-100.17	2	125
momentum-sequence-strategy	4h	TAOUSD	11	7	27.74	1.343	0.134	22.10	4	333
momentum-sequence-strategy	15m	HYPEUSD	13	8	17.52	1.167	0.076	-42.36	3	42
momentum-sequence-strategy	4h	EVAAUSD	10	4	8.26	1.070	0.060	21.96	2	333
momentum-sequence-strategy	1h	PIEVERSEUSD	12	4	-109.49	0.266	-0.484	-114.12	2	125
momentum-sequence-strategy	4h	PIEVERSEUSD	1	1	46.26	99.000	2.353	44.51	1	154
momentum-bands-breakout	4h	COOKIEUSD	33	22	138.50	1.601	0.206	108.68	5	333
momentum-sequence-strategy	4h	LINKUSD	5	5	127.23	99.000	1.222	116.71	4	333
l-l-htf-trend-cloud-strategy-joe-freedom	1h	AAVEUSD	4	3	26.36	2.325	0.356	35.04	3	125
momentum-sequence-strategy	15m	VVVUSD	13	6	-7.86	0.944	-0.015	-49.12	2	42
momentum-sequence-strategy	1h	LINKUSD	12	4	-77.19	0.503	-0.326	-94.19	2	125
ms-hypersupertrend	15m	MUBARAKUSD	70	27	-155.48	0.780	-0.102	-179.40	4	42
momentum-sequence-strategy	4h	BNBUSD	11	7	114.66	2.322	0.549	107.24	4	333
momentum-sequence-strategy	1h	BNBUSD	16	7	-86.99	0.485	-0.279	-147.45	3	125
momentum-sequence-strategy	4h	BCHUSD	9	3	-67.70	0.413	-0.382	-70.55	2	333
momentum-sequence-strategy	15m	XRPUSD	17	10	46.98	1.332	0.147	63.38	5	42
ms-hypersupertrend	1h	AKEUSD	16	10	160.40	2.419	0.634	153.77	5	63
momentum-sequence-strategy	1h	BCHUSD	14	5	-43.38	0.762	-0.134	-58.75	3	125
ms-hypersupertrend	15m	SAGAUSD	67	28	-155.38	0.759	-0.113	-189.89	4	42
momentum-sequence-strategy	15m	BTCUSD	8	5	91.47	2.380	0.584	45.47	2	42
ms-hypersupertrend	4h	AKEUSD	0	0	0.00	0.000	0.000	0.00	0	63
ms-hypersupertrend	4h	AVAXUSD	9	4	-8.38	0.914	-0.035	-14.71	2	333
ms-hypersupertrend	1h	AVAXUSD	24	14	4.64	1.024	0.017	-58.40	1	125
momentum-sequence-strategy	15m	TAOUSD	1	0	-19.96	0.000	-1.000	-19.96	0	42
ms-hypersupertrend	15m	AINUSD	26	12	152.92	1.619	0.310	91.60	3	42
momentum-bands-breakout	4h	1000PEPEUSD	41	21	-69.21	0.819	-0.078	-95.95	5	268
ms-hypersupertrend	4h	MUBARAKUSD	19	15	217.12	3.395	0.528	182.13	4	333
momentum-sequence-strategy	15m	EVAAUSD	5	3	-3.00	0.924	-0.023	-6.27	1	42
ms-hypersupertrend	1h	MUBARAKUSD	52	20	54.79	1.109	0.074	0.59	4	125
ms-hypersupertrend	4h	SAGAUSD	11	7	191.92	2.989	0.843	182.42	2	333
ms-hypersupertrend	15m	COOKIEUSD	42	20	125.16	1.316	0.158	-15.38	2	42
momentum-sequence-strategy	15m	PIEVERSEUSD	8	5	34.36	1.572	0.222	15.07	3	42
ms-hypersupertrend	4h	AINUSD	12	7	27.45	1.258	0.132	25.96	3	333
mcginley-t3-flow-campaign-nick789-v-1	15m	SAGAUSD	65	31	-118.26	0.803	-0.086	-212.04	2	42
ms-hypersupertrend	1h	SAGAUSD	40	22	161.61	1.439	0.206	87.37	3	125
ms-hypersupertrend	4h	COOKIEUSD	10	3	-98.75	0.257	-0.512	-100.59	0	333
momentum-sequence-strategy	15m	LINKUSD	15	6	35.18	1.174	0.151	-0.32	2	42
ms-hypersupertrend	1h	AINUSD	27	15	177.75	1.727	0.328	137.86	5	125
ms-hypersupertrend	4h	1000PEPEUSD	10	5	34.09	1.338	0.184	26.53	2	268
ms-hypersupertrend	15m	1000PEPEUSD	56	29	227.73	1.421	0.202	73.40	3	42
ms-hypersupertrend	4h	ETCUSD	7	6	93.82	5.322	0.651	82.44	2	333
momentum-sequence-strategy	15m	BNBUSD	4	0	-73.78	0.000	-0.958	-73.72	0	42
ms-hypersupertrend	1h	COOKIEUSD	33	15	151.00	1.413	0.236	86.12	4	125
momentum-bands-breakout	4h	ETCUSD	35	23	55.67	1.235	0.085	18.11	3	333
ms-hypersupertrend	4h	WIFUSD	15	7	-19.92	0.864	-0.058	-27.58	1	333
ms-hypersupertrend	15m	ETCUSD	59	29	88.07	1.147	0.088	-120.59	3	42
momentum-sequence-strategy	15m	BCHUSD	9	3	-85.27	0.233	-0.488	-97.14	3	42
ms-hypersupertrend	1h	1000PEPEUSD	39	19	72.78	1.195	0.110	43.95	3	125
ms-hypersupertrend	4h	DOGEUSD	12	5	-38.43	0.718	-0.156	-36.61	0	333
ms-hypersupertrend	4h	ETHUSD	19	8	-14.94	0.930	-0.017	-55.14	2	333
ms-hypersupertrend	15m	WIFUSD	64	23	99.99	1.121	0.100	-115.82	2	42
ms-hypersupertrend	1h	ETCUSD	34	14	-142.73	0.568	-0.218	-187.43	2	125
ms-hypersupertrend	4h	SOLUSD	10	6	64.18	1.869	0.361	65.96	2	333
ms-hypersupertrend	4h	ZECUSD	20	14	258.85	2.862	0.611	214.62	4	333
ms-hypersupertrend	1h	WIFUSD	38	17	38.42	1.098	0.068	-19.27	3	125
ms-hypersupertrend	15m	DOGEUSD	37	22	200.39	1.594	0.267	77.27	3	42
ms-hypersupertrend	4h	AAVEUSD	13	5	-55.24	0.603	-0.236	-55.82	0	333
multi-timeframe-trend-alignment-framework	15m	AKEUSD	24	10	-12.08	0.947	-0.031	-56.52	1	42
momentum-bands-breakout	4h	WIFUSD	38	28	333.38	2.492	0.389	286.35	5	333
ms-hypersupertrend	1h	DOGEUSD	17	12	168.87	2.707	0.478	83.06	4	125
ms-hypersupertrend	4h	NEARUSD	24	17	137.49	1.989	0.278	141.91	3	333
ms-hypersupertrend	15m	ETHUSD	32	15	-36.73	0.887	-0.048	-171.43	3	42
ms-hypersupertrend	1h	ETHUSD	31	17	17.11	1.059	0.036	-52.30	5	125
ms-hypersupertrend	4h	FILUSD	10	4	-53.06	0.543	-0.264	-56.70	1	333
l-l-htf-trend-cloud-strategy-joe-freedom	1h	NEARUSD	8	3	-45.46	0.540	-0.282	-40.95	2	125
ms-hypersupertrend	4h	SUIUSD	9	8	221.60	10.965	1.153	205.54	3	333
ms-hypersupertrend	15m	SOLUSD	36	19	6.95	1.020	0.028	-106.52	2	42
ms-hypersupertrend	4h	UNIUSD	15	9	62.57	1.535	0.215	81.74	2	333
ms-hypersupertrend	1h	SOLUSD	28	14	25.32	1.098	0.061	-109.83	2	125
ms-hypersupertrend	4h	HYPEUSD	26	15	113.22	1.505	0.228	86.47	4	333
multi-timeframe-trend-alignment-framework	15m	AVAXUSD	14	6	-75.85	0.491	-0.275	-122.81	2	42
ms-hypersupertrend	4h	VVVUSD	34	20	137.89	1.477	0.206	112.81	6	333
momentum-bands-breakout	4h	DOGEUSD	29	26	405.85	6.687	0.602	312.71	7	333
ms-hypersupertrend	1h	ZECUSD	37	20	335.14	1.885	0.419	247.36	4	125
ms-hypersupertrend	15m	ZECUSD	63	33	579.00	1.838	0.403	431.18	5	42
ms-hypersupertrend	4h	XRPUSD	12	3	-82.51	0.515	-0.345	-94.97	1	333
ms-hypersupertrend	1h	AAVEUSD	44	21	-15.00	0.965	-0.003	-98.72	4	125
ms-hypersupertrend	4h	BTCUSD	18	8	-84.17	0.539	-0.238	-94.68	1	333
ms-hypersupertrend	15m	AAVEUSD	55	31	353.05	1.632	0.297	177.80	4	42
ms-hypersupertrend	1h	NEARUSD	39	20	203.00	1.502	0.260	132.62	5	125
ms-hypersupertrend	4h	TAOUSD	15	9	60.15	1.500	0.208	49.76	3	333
multi-timeframe-trend-alignment-framework	15m	MUBARAKUSD	48	21	-125.52	0.758	-0.125	-231.18	3	42
ms-hypersupertrend	4h	EVAAUSD	11	6	192.33	2.667	0.852	184.57	4	333
ms-hypersupertrend	1h	FILUSD	31	17	155.29	1.528	0.259	95.22	3	125
ms-hypersupertrend	15m	NEARUSD	87	44	87.00	1.095	0.062	-61.42	3	42
ms-hypersupertrend	4h	PIEVERSEUSD	15	7	-17.90	0.887	-0.048	-58.42	3	154
momentum-bands-breakout	4h	ETHUSD	41	26	121.95	1.417	0.158	60.92	3	333
ms-hypersupertrend	4h	LINKUSD	14	8	42.30	1.357	0.162	-35.83	3	333
ms-hypersupertrend	1h	SUIUSD	30	13	-53.42	0.817	-0.080	-116.84	3	125
ms-hypersupertrend	15m	FILUSD	59	36	516.08	1.932	0.373	159.21	5	42
ms-hypersupertrend	4h	BNBUSD	22	9	-91.54	0.598	-0.218	-164.32	2	333
ms-hypersupertrend	1h	UNIUSD	47	24	154.90	1.333	0.172	53.66	3	125
ms-hypersupertrend	4h	BCHUSD	10	4	-28.52	0.758	-0.132	-61.76	2	333
multi-timeframe-trend-alignment-framework	15m	SAGAUSD	19	9	18.83	1.098	0.062	-10.31	3	42
ms-hypersupertrend	1h	HYPEUSD	33	18	317.00	1.845	0.453	225.33	5	125
ms-hypersupertrend	15m	SUIUSD	60	30	117.98	1.205	0.110	18.37	3	42
ms-hypersupertrend	1h	VVVUSD	39	19	89.27	1.231	0.130	51.41	4	125
ms-hypersupertrend	15m	UNIUSD	61	33	241.73	1.374	0.194	53.94	4	42
multi-timeframe-trend-alignment-framework	1h	AKEUSD	9	5	23.35	1.396	0.159	26.75	3	63
momentum-bands-breakout	4h	SOLUSD	44	29	199.52	2.069	0.218	121.68	5	333
ms-hypersupertrend	1h	XRPUSD	18	8	164.61	1.760	0.475	133.11	3	125
multi-timeframe-trend-alignment-framework	15m	AINUSD	15	10	169.13	2.597	0.554	95.55	5	42
ms-hypersupertrend	15m	HYPEUSD	57	34	122.04	1.274	0.113	-43.77	5	42
ms-hypersupertrend	1h	BTCUSD	22	12	31.37	1.158	0.089	-21.94	4	125
l-l-htf-trend-cloud-strategy-joe-freedom	1h	FILUSD	9	3	-22.04	0.812	-0.108	-37.26	2	125
ms-hypersupertrend	1h	TAOUSD	30	13	-53.44	0.839	-0.075	-108.38	1	125
ms-hypersupertrend	15m	VVVUSD	76	42	186.84	1.265	0.132	-29.81	5	42
multi-timeframe-trend-alignment-framework	1h	AVAXUSD	35	15	-130.86	0.624	-0.192	-166.84	3	125
ms-hypersupertrend	1h	EVAAUSD	23	14	144.19	1.693	0.314	121.12	2	125
momentum-bands-breakout	4h	ZECUSD	57	50	626.17	4.586	0.457	531.10	7	333
ms-hypersupertrend	15m	XRPUSD	40	22	83.40	1.197	0.119	55.79	1	42
multi-timeframe-trend-alignment-framework	15m	COOKIEUSD	18	8	-2.50	0.988	0.007	-51.79	2	42
ms-hypersupertrend	1h	PIEVERSEUSD	65	33	747.40	1.976	0.466	452.90	7	125
multi-timeframe-trend-alignment-framework	1h	MUBARAKUSD	36	14	-149.01	0.627	-0.213	-172.66	3	125
ms-hypersupertrend	15m	BTCUSD	14	8	119.79	1.964	0.436	33.06	2	42
ms-hypersupertrend	1h	LINKUSD	35	21	105.13	1.372	0.154	33.78	5	125
multi-timeframe-trend-alignment-framework	1h	SAGAUSD	27	16	203.67	1.895	0.358	130.68	5	125
ms-hypersupertrend	15m	TAOUSD	76	32	-278.93	0.612	-0.206	-374.32	2	42
ms-hypersupertrend	1h	BNBUSD	31	21	149.39	1.740	0.238	54.46	5	125
momentum-bands-breakout	4h	AAVEUSD	50	41	371.39	2.828	0.349	288.24	8	333
multi-timeframe-trend-alignment-framework	15m	1000PEPEUSD	17	8	-62.35	0.641	-0.181	-114.74	2	42
multi-timeframe-trend-alignment-framework	1h	AINUSD	21	13	90.44	1.659	0.218	65.54	5	125
ms-hypersupertrend	1h	BCHUSD	25	8	-220.87	0.259	-0.492	-141.43	2	125
multi-timeframe-trend-alignment-framework	4h	AKEUSD	2	1	11.43	1.700	0.229	11.01	1	63
ms-hypersupertrend	15m	EVAAUSD	33	15	58.22	1.166	0.108	-2.85	3	42
mcginley-t3-flow-campaign-nick789-v-1	15m	AINUSD	35	18	103.34	1.282	0.162	64.91	5	42
multi-timeframe-trend-alignment-framework	4h	AVAXUSD	33	12	-126.44	0.659	-0.198	-121.43	2	333
multi-timeframe-trend-alignment-framework	4h	MUBARAKUSD	17	9	77.28	1.498	0.234	65.35	4	333
multi-timeframe-trend-alignment-framework	1h	COOKIEUSD	32	15	6.89	1.021	0.024	-46.09	5	125
multi-timeframe-trend-alignment-framework	4h	SAGAUSD	17	8	-33.77	0.808	-0.091	-43.20	3	333
ms-hypersupertrend	15m	PIEVERSEUSD	73	38	829.88	1.857	0.448	407.56	4	42
multi-timeframe-trend-alignment-framework	4h	AINUSD	26	10	-104.84	0.628	-0.208	-87.32	3	333
multi-timeframe-trend-alignment-framework	4h	COOKIEUSD	27	10	-153.79	0.504	-0.299	-162.97	2	333
multi-timeframe-trend-alignment-framework	4h	1000PEPEUSD	16	7	-60.65	0.634	-0.187	-68.15	1	268
multi-timeframe-trend-alignment-framework	15m	ETCUSD	10	3	-47.95	0.644	-0.228	-65.65	1	42
multi-timeframe-trend-alignment-framework	4h	ETCUSD	32	14	-141.95	0.564	-0.231	-173.86	3	333
ms-hypersupertrend	15m	LINKUSD	55	28	344.07	1.523	0.300	61.29	3	42
momentum-bands-breakout	4h	NEARUSD	72	53	440.31	2.136	0.262	338.92	7	333
multi-timeframe-trend-alignment-framework	4h	WIFUSD	19	9	-37.18	0.800	-0.090	-48.61	4	333
multi-timeframe-trend-alignment-framework	1h	1000PEPEUSD	22	11	-5.50	0.975	-0.000	-81.96	4	125
multi-timeframe-trend-alignment-framework	4h	DOGEUSD	22	11	-20.51	0.903	-0.036	-35.21	3	333
multi-timeframe-trend-alignment-framework	4h	ETHUSD	26	7	-210.17	0.381	-0.452	-234.18	3	333
multi-timeframe-trend-alignment-framework	4h	SOLUSD	20	13	154.97	2.147	0.403	221.67	5	333
ms-hypersupertrend	15m	BNBUSD	21	12	45.68	1.256	0.124	-27.98	2	42
multi-timeframe-trend-alignment-framework	4h	ZECUSD	16	9	118.47	1.901	0.371	72.34	4	333
multi-timeframe-trend-alignment-framework	1h	ETCUSD	22	11	-30.62	0.855	-0.061	-54.52	4	125
multi-timeframe-trend-alignment-framework	4h	AAVEUSD	17	8	-31.48	0.769	-0.113	-42.94	3	333
multi-timeframe-trend-alignment-framework	4h	NEARUSD	18	7	-118.68	0.390	-0.344	-145.95	1	333
multi-timeframe-trend-alignment-framework	4h	FILUSD	26	13	-38.34	0.841	-0.066	-42.41	4	333
ms-hypersupertrend	15m	BCHUSD	55	28	26.96	1.049	0.043	-60.43	4	42
multi-timeframe-trend-alignment-framework	4h	SUIUSD	21	7	-106.21	0.591	-0.256	-117.80	2	333
multi-timeframe-trend-alignment-framework	15m	WIFUSD	22	6	-159.23	0.434	-0.383	-204.93	2	42
multi-timeframe-trend-alignment-framework	4h	UNIUSD	27	12	-57.09	0.802	-0.099	-95.10	3	333
multi-timeframe-trend-alignment-framework	1h	WIFUSD	30	18	196.35	1.746	0.313	82.24	5	125
multi-timeframe-trend-alignment-framework	4h	HYPEUSD	21	11	78.66	1.390	0.197	60.06	5	333
l-l-htf-trend-cloud-strategy-joe-freedom	1h	SUIUSD	9	1	-135.84	0.098	-0.802	-144.67	0	125
momentum-bands-breakout	4h	FILUSD	36	29	447.63	4.005	0.535	399.08	6	333
multi-timeframe-trend-alignment-framework	4h	VVVUSD	19	12	133.49	1.891	0.350	123.94	6	333
multi-timeframe-trend-alignment-framework	4h	XRPUSD	24	12	-28.59	0.875	-0.051	-46.49	3	333
multi-timeframe-trend-alignment-framework	4h	BTCUSD	22	14	94.08	1.603	0.228	80.09	5	333
multi-timeframe-trend-alignment-framework	1h	DOGEUSD	26	10	-120.65	0.588	-0.238	-163.91	3	125
multi-timeframe-trend-alignment-framework	4h	TAOUSD	18	12	110.96	1.891	0.305	96.02	6	333
multi-timeframe-trend-alignment-framework	4h	EVAAUSD	12	7	19.33	1.218	0.088	14.16	2	333
multi-timeframe-trend-alignment-framework	4h	PIEVERSEUSD	12	7	151.57	3.057	0.632	140.52	3	154
multi-timeframe-trend-alignment-framework	4h	LINKUSD	23	11	-6.61	0.973	-0.002	-28.23	4	333
multi-timeframe-trend-alignment-framework	4h	BNBUSD	27	14	48.05	1.190	0.106	14.13	6	333
multi-timeframe-trend-alignment-framework	4h	BCHUSD	25	13	-8.39	0.965	-0.006	-4.50	5	333
multi-timeframe-trend-alignment-framework	15m	DOGEUSD	25	11	-162.98	0.368	-0.349	-216.26	3	42
momentum-bands-breakout	4h	SUIUSD	41	28	357.75	2.252	0.390	293.66	5	333
multi-timeframe-trend-alignment-framework	1h	ETHUSD	31	16	-51.16	0.823	-0.076	-144.90	4	125
multi-timeframe-trend-alignment-framework	15m	ETHUSD	21	11	-41.99	0.778	-0.094	-112.86	3	42
nse-elite-strategy-v6-full-system	1h	AKEUSD	0	0	0.00	0.000	0.000	0.00	0	63
momentum-bands-breakout	4h	UNIUSD	54	42	559.05	3.064	0.421	479.81	8	333
multi-timeframe-trend-alignment-framework	1h	SOLUSD	29	16	-45.84	0.809	-0.072	-95.58	5	125
nse-elite-strategy-v6-full-system	15m	AKEUSD	53	22	-136.38	0.663	-0.115	-132.50	2	42
multi-timeframe-trend-alignment-framework	15m	SOLUSD	18	10	-28.40	0.812	-0.081	-114.02	2	42
multi-timeframe-trend-alignment-framework	1h	ZECUSD	35	17	39.44	1.116	0.087	-11.78	4	125
momentum-bands-breakout	4h	HYPEUSD	50	36	532.67	2.804	0.442	456.59	7	333
l-l-htf-trend-cloud-strategy-joe-freedom	1h	UNIUSD	5	3	32.27	1.802	0.333	22.73	3	125
multi-timeframe-trend-alignment-framework	1h	AAVEUSD	24	16	76.48	1.500	0.167	-18.42	6	125
multi-timeframe-trend-alignment-framework	15m	ZECUSD	32	16	-27.10	0.904	-0.026	-113.49	4	42
multi-timeframe-trend-alignment-framework	1h	NEARUSD	33	19	155.82	1.575	0.233	75.66	6	125
momentum-bands-breakout	4h	VVVUSD	83	61	612.55	2.053	0.300	532.05	7	333
multi-timeframe-trend-alignment-framework	1h	FILUSD	37	13	-147.18	0.631	-0.204	-209.93	2	125
nse-elite-strategy-v6-full-system	1h	AVAXUSD	71	26	-243.09	0.584	-0.187	-339.64	1	125
multi-timeframe-trend-alignment-framework	15m	AAVEUSD	28	15	-76.88	0.676	-0.145	-158.67	1	42
multi-timeframe-trend-alignment-framework	1h	SUIUSD	23	11	-17.23	0.922	-0.027	-57.61	3	125
momentum-bands-breakout	4h	XRPUSD	39	23	52.05	1.166	0.075	3.05	5	333
multi-timeframe-trend-alignment-framework	1h	UNIUSD	26	10	-124.70	0.560	-0.246	-142.43	3	125
mcginley-t3-flow-campaign-nick789-v-1	15m	COOKIEUSD	38	14	-18.56	0.960	-0.000	-102.95	2	42
multi-timeframe-trend-alignment-framework	15m	NEARUSD	33	18	17.06	1.059	0.036	-82.94	3	42
multi-timeframe-trend-alignment-framework	1h	HYPEUSD	34	15	-4.12	0.989	0.007	-22.20	3	125
nse-elite-strategy-v6-full-system	15m	AVAXUSD	48	20	-152.12	0.581	-0.167	-233.06	2	42
momentum-bands-breakout	4h	BTCUSD	43	26	-71.05	0.751	-0.085	-122.79	3	333
multi-timeframe-trend-alignment-framework	1h	VVVUSD	33	15	-104.54	0.688	-0.160	-119.85	3	125
l-l-htf-trend-cloud-strategy-joe-freedom	1h	HYPEUSD	11	6	36.28	1.345	0.177	19.85	5	125
multi-timeframe-trend-alignment-framework	15m	FILUSD	17	6	-89.70	0.579	-0.264	-126.30	3	42
nse-elite-strategy-v6-full-system	1h	MUBARAKUSD	65	33	107.87	1.196	0.091	-77.77	3	125
multi-timeframe-trend-alignment-framework	1h	XRPUSD	32	14	-149.15	0.553	-0.243	-197.11	3	125
momentum-bands-breakout	4h	TAOUSD	57	46	622.08	3.228	0.435	535.13	7	333
multi-timeframe-trend-alignment-framework	1h	BTCUSD	26	16	89.20	1.472	0.179	-9.41	5	125
multi-timeframe-trend-alignment-framework	15m	SUIUSD	24	13	-4.08	0.981	0.001	-122.64	4	42
multi-timeframe-trend-alignment-framework	1h	TAOUSD	28	9	-135.81	0.589	-0.249	-170.15	1	125
momentum-bands-breakout	4h	EVAAUSD	40	30	980.07	4.920	0.893	926.43	6	333
multi-timeframe-trend-alignment-framework	1h	EVAAUSD	32	16	-75.56	0.743	-0.115	-132.05	2	125
multi-timeframe-trend-alignment-framework	15m	UNIUSD	32	12	-207.99	0.414	-0.357	-234.39	1	42
momentum-bands-breakout	4h	PIEVERSEUSD	28	22	241.63	2.847	0.401	215.44	5	154
nse-elite-strategy-v6-full-system	15m	MUBARAKUSD	81	30	-92.32	0.864	-0.043	-197.24	4	42
nse-elite-strategy-v6-full-system	1h	SAGAUSD	64	26	-154.76	0.690	-0.124	-239.95	1	125
multi-timeframe-trend-alignment-framework	1h	PIEVERSEUSD	26	11	-26.68	0.902	-0.035	-80.60	4	125
l-l-htf-trend-cloud-strategy-joe-freedom	1h	VVVUSD	5	2	-19.49	0.678	-0.188	-23.55	2	125
multi-timeframe-trend-alignment-framework	15m	HYPEUSD	27	13	-17.98	0.937	-0.022	-79.02	4	42
momentum-bands-breakout	4h	LINKUSD	45	33	290.60	2.394	0.297	214.76	4	333
multi-timeframe-trend-alignment-framework	1h	LINKUSD	34	17	-16.12	0.949	-0.014	-109.07	5	125
multi-timeframe-trend-alignment-framework	1h	BNBUSD	28	14	-8.15	0.969	-0.005	-77.27	4	125
multi-timeframe-trend-alignment-framework	15m	VVVUSD	43	25	11.45	1.032	0.022	-6.65	3	42
momentum-bands-breakout	4h	BNBUSD	52	34	129.28	1.448	0.124	30.03	3	333
multi-timeframe-trend-alignment-framework	1h	BCHUSD	21	13	91.63	1.552	0.220	47.03	5	125
multi-timeframe-trend-alignment-framework	15m	XRPUSD	17	7	-55.55	0.707	-0.158	-75.29	2	42
nse-elite-strategy-v6-full-system	1h	AINUSD	57	27	88.31	1.198	0.086	18.34	3	125
momentum-bands-breakout	4h	BCHUSD	55	36	186.89	1.649	0.166	122.19	6	333
multi-timeframe-trend-alignment-framework	15m	BTCUSD	7	3	-52.89	0.195	-0.394	-68.58	1	42
mcginley-t3-flow-campaign-nick789-v-1	15m	1000PEPEUSD	42	19	-49.41	0.895	-0.046	-150.93	2	42
rr-master-lc	15m	AKEUSD	1	0	-16.96	0.000	-1.000	-17.56	0	42
nse-elite-strategy-v6-full-system	15m	SAGAUSD	44	17	-2.58	0.992	0.011	-75.99	4	42
l-l-htf-trend-cloud-strategy-joe-freedom	1h	XRPUSD	10	3	-74.01	0.461	-0.373	-108.19	3	125
rr-master-lc	15m	AVAXUSD	2	0	-39.43	0.000	-1.000	-39.50	0	42
nse-elite-strategy-v6-full-system	4h	AVAXUSD	52	20	-213.39	0.564	-0.223	-265.91	3	333
rr-master-lc	15m	MUBARAKUSD	1	0	-20.00	0.000	-1.000	-20.00	0	42
rr-master-lc	15m	SAGAUSD	1	0	-20.00	0.000	-1.000	-20.00	0	42
multi-timeframe-trend-alignment-framework	15m	TAOUSD	18	7	-101.62	0.499	-0.289	-115.55	2	42
nse-elite-strategy-v6-full-system	1h	COOKIEUSD	51	21	-148.86	0.691	-0.149	-188.47	3	125
rr-master-lc	15m	AINUSD	0	0	0.00	0.000	0.000	0.00	0	42
nse-elite-strategy-v6-full-system	4h	MUBARAKUSD	22	12	90.37	1.588	0.207	113.60	2	333
rr-master-lc	15m	COOKIEUSD	1	0	-20.00	0.000	-1.000	-20.00	0	42
multi-timeframe-trend-alignment-framework	15m	EVAAUSD	23	9	-81.85	0.686	-0.175	-132.15	3	42
rr-master-lc	15m	1000PEPEUSD	0	0	0.00	0.000	0.000	0.00	0	42
multi-timeframe-trend-alignment-framework	15m	PIEVERSEUSD	32	14	26.76	1.079	0.058	-72.38	3	42
rr-master-lc	15m	ETCUSD	2	2	16.46	99.000	0.410	14.09	1	42
l-l-htf-trend-cloud-strategy-joe-freedom	1h	BTCUSD	7	5	7.41	1.187	0.056	-34.67	4	125
nse-elite-strategy-v6-full-system	15m	AINUSD	48	18	-98.24	0.747	-0.099	-164.14	4	42
rr-master-lc	15m	WIFUSD	1	0	-20.00	0.000	-1.000	-20.00	0	42
nse-elite-strategy-v6-full-system	4h	SAGAUSD	12	7	60.56	1.622	0.262	25.61	3	333
multi-timeframe-trend-alignment-framework	15m	LINKUSD	23	13	-20.13	0.896	-0.036	-145.50	3	42
rr-master-lc	15m	DOGEUSD	0	0	0.00	0.000	0.000	0.00	0	42
nse-elite-strategy-v6-full-system	1h	1000PEPEUSD	64	28	110.94	1.203	0.100	-56.01	4	125
rr-master-lc	15m	ETHUSD	35	15	-43.94	0.861	-0.052	-138.80	3	42
multi-timeframe-trend-alignment-framework	15m	BNBUSD	5	1	-46.08	0.379	-0.464	-55.23	1	42
rr-master-lc	15m	SOLUSD	15	7	-58.18	0.626	-0.195	-63.01	1	42
rr-master-lc	15m	ZECUSD	46	21	-53.35	0.861	-0.056	-123.44	4	42
nse-elite-strategy-v6-full-system	4h	AINUSD	9	3	-66.58	0.361	-0.366	-64.52	0	333
multi-timeframe-trend-alignment-framework	15m	BCHUSD	30	13	-114.54	0.649	-0.193	-217.56	2	42
rr-master-lc	1h	AKEUSD	1	1	45.37	99.000	2.481	45.08	1	63
rr-master-lc	15m	AAVEUSD	20	11	-73.07	0.562	-0.191	-97.58	3	42
rr-master-lc	1h	AVAXUSD	2	2	17.03	99.000	0.431	15.78	2	125
rr-master-lc	1h	MUBARAKUSD	1	1	27.60	99.000	1.380	14.25	1	125
rr-master-lc	1h	SAGAUSD	1	0	-20.00	0.000	-1.000	-20.00	0	125
l-l-htf-trend-cloud-strategy-joe-freedom	1h	TAOUSD	7	4	-17.86	0.693	-0.123	-24.70	3	125
rr-master-lc	15m	NEARUSD	1	1	5.64	99.000	0.282	18.80	1	42
rr-master-lc	1h	AINUSD	1	1	16.84	99.000	0.847	7.84	1	125
rr-master-lc	1h	COOKIEUSD	1	0	-20.00	0.000	-1.000	-20.00	0	125
rr-master-lc	1h	1000PEPEUSD	1	0	-19.98	0.000	-1.000	-19.92	0	125
rr-master-lc	1h	ETCUSD	1	0	-19.99	0.000	-1.000	-19.99	0	125
rr-master-lc	1h	WIFUSD	1	0	-20.00	0.000	-1.000	-20.00	0	125
rr-master-lc	15m	FILUSD	0	0	0.00	0.000	0.000	0.00	0	42
rr-master-lc	1h	DOGEUSD	1	1	8.02	99.000	0.403	7.13	1	125
nse-elite-strategy-v6-full-system	15m	COOKIEUSD	21	8	-99.63	0.469	-0.244	-146.62	1	42
rr-master-lc	1h	ETHUSD	28	12	-97.86	0.611	-0.180	-121.51	3	125
mcginley-t3-flow-campaign-nick789-v-1	15m	ETCUSD	36	21	390.81	2.133	0.490	144.15	5	42
rr-master-lc	1h	SOLUSD	22	13	44.72	1.252	0.104	-39.82	5	125
nse-elite-strategy-v6-full-system	4h	COOKIEUSD	15	11	184.04	3.214	0.577	167.18	3	333
rr-master-lc	1h	ZECUSD	28	16	112.39	1.677	0.197	98.63	6	125
nse-elite-strategy-v6-full-system	1h	ETCUSD	49	23	-54.07	0.865	-0.049	-162.42	4	125
rr-master-lc	15m	SUIUSD	0	0	0.00	0.000	0.000	0.00	0	42
rr-master-lc	1h	AAVEUSD	28	15	124.57	1.499	0.234	55.13	4	125
rr-master-lc	1h	NEARUSD	1	0	-19.95	0.000	-1.000	-19.88	0	125
rr-master-lc	1h	FILUSD	1	1	9.16	99.000	0.458	8.71	1	125
rr-master-lc	1h	SUIUSD	1	1	7.60	99.000	0.380	6.54	1	125
rr-master-lc	15m	UNIUSD	3	3	41.24	99.000	0.682	18.41	3	42
rr-master-lc	1h	UNIUSD	3	3	62.97	99.000	1.039	58.00	3	125
rr-master-lc	1h	HYPEUSD	20	14	141.47	2.158	0.348	106.42	5	125
rr-master-lc	1h	VVVUSD	9	2	-105.79	0.192	-0.616	-107.81	2	125
rr-master-lc	1h	XRPUSD	1	1	6.75	99.000	0.338	5.45	1	125
rr-master-lc	15m	HYPEUSD	15	9	112.47	1.826	0.384	76.07	5	42
rr-master-lc	1h	BTCUSD	24	12	29.33	1.116	0.081	-16.43	3	125
rr-master-lc	1h	TAOUSD	21	12	-18.42	0.894	-0.037	-76.61	3	125
rr-master-lc	1h	EVAAUSD	5	2	-16.84	0.709	-0.159	-28.57	1	125
nse-elite-strategy-v6-full-system	4h	1000PEPEUSD	27	13	-28.85	0.878	-0.044	-41.70	2	268
rr-master-lc	1h	PIEVERSEUSD	2	0	-38.27	0.000	-0.991	-38.61	0	125
rr-master-lc	15m	VVVUSD	7	4	-6.48	0.891	-0.031	-0.31	4	42
rr-master-lc	1h	LINKUSD	2	2	28.10	99.000	0.703	23.62	2	125
rr-master-lc	1h	BNBUSD	26	12	-76.94	0.692	-0.150	-127.23	2	125
rr-master-lc	1h	BCHUSD	30	12	-146.68	0.555	-0.256	-176.05	2	125
rr-master-lc	4h	AKEUSD	0	0	0.00	0.000	0.000	0.00	0	63
rr-master-lc	4h	AVAXUSD	3	2	7.70	1.384	0.139	6.58	2	333
rr-master-lc	4h	MUBARAKUSD	1	1	22.45	99.000	1.123	21.75	1	333
rr-master-lc	15m	XRPUSD	0	0	0.00	0.000	0.000	0.00	0	42
rr-master-lc	4h	SAGAUSD	1	0	-20.00	0.000	-1.000	-20.00	0	333
rr-master-lc	4h	AINUSD	1	1	9.06	99.000	0.455	8.56	1	333
l-l-htf-trend-cloud-strategy-joe-freedom	1h	EVAAUSD	10	5	-25.82	0.743	-0.124	-33.69	3	125
rr-master-lc	4h	COOKIEUSD	1	0	-19.98	0.000	-1.000	-19.99	0	333
rr-master-lc	4h	1000PEPEUSD	1	1	51.64	99.000	2.608	49.97	1	268
rr-master-lc	4h	ETCUSD	4	3	24.19	2.169	0.307	28.49	3	333
rr-master-lc	4h	WIFUSD	1	1	9.30	99.000	0.465	35.25	1	333
rr-master-lc	15m	BTCUSD	15	9	-26.21	0.775	-0.083	-24.85	3	42
rr-master-lc	4h	DOGEUSD	1	1	26.28	99.000	1.322	24.26	1	333
rr-master-lc	4h	ETHUSD	20	9	-55.81	0.677	-0.136	-69.41	2	333
rr-master-lc	4h	SOLUSD	15	9	95.18	1.778	0.368	44.30	2	333
rr-master-lc	4h	ZECUSD	16	8	31.44	1.328	0.131	19.37	4	333
nse-elite-strategy-v6-full-system	1h	WIFUSD	44	24	61.70	1.153	0.079	-11.46	4	125
rr-master-lc	4h	AAVEUSD	18	9	-43.71	0.710	-0.099	-38.65	2	333
rr-master-lc	15m	TAOUSD	29	8	-243.35	0.282	-0.473	-299.16	0	42
rr-master-lc	4h	NEARUSD	1	1	17.97	99.000	0.901	16.31	1	333
rr-master-lc	4h	FILUSD	1	1	24.81	99.000	1.241	23.48	1	333
rr-master-lc	4h	SUIUSD	1	1	30.60	99.000	1.533	24.03	1	333
rr-master-lc	4h	UNIUSD	3	3	106.60	99.000	1.740	102.25	2	333
nse-elite-strategy-v6-full-system	4h	ETCUSD	42	23	92.61	1.273	0.120	4.79	5	333
rr-master-lc	4h	HYPEUSD	9	5	8.77	1.109	0.059	3.67	4	333
rr-master-lc	4h	VVVUSD	7	4	14.97	1.243	0.115	12.25	3	333
rr-master-lc	15m	EVAAUSD	1	0	-20.00	0.000	-1.000	-20.00	0	42
rr-master-lc	4h	XRPUSD	1	1	9.17	99.000	0.460	8.73	1	333
nse-elite-strategy-v6-full-system	15m	1000PEPEUSD	41	15	-117.40	0.652	-0.145	-228.98	4	42
rr-master-lc	4h	BTCUSD	18	7	-67.36	0.685	-0.192	-158.46	1	333
rr-master-lc	4h	TAOUSD	24	11	-0.36	0.998	0.009	-13.73	3	333
rr-master-lc	4h	EVAAUSD	2	0	-39.47	0.000	-1.000	-39.51	0	333
rr-master-lc	4h	PIEVERSEUSD	1	0	-19.98	0.000	-1.000	-19.64	0	154
rr-master-lc	4h	LINKUSD	6	3	15.87	1.254	0.149	10.68	3	333
rr-master-lc	15m	PIEVERSEUSD	1	1	22.49	99.000	1.125	6.55	1	42
rr-master-lc	4h	BNBUSD	12	9	79.40	2.295	0.349	13.45	5	333
rr-master-lc	4h	BCHUSD	20	8	-47.38	0.763	-0.113	-63.66	4	333
scott-barclay-s-three-musksteers	15m	AKEUSD	20	11	5.60	1.035	0.015	-4.95	3	42
scott-barclay-s-three-musksteers	15m	AVAXUSD	17	10	128.72	1.902	0.375	64.53	5	42
rr-master-lc	15m	LINKUSD	5	3	-17.95	0.549	-0.178	-21.89	2	42
scott-barclay-s-three-musksteers	15m	MUBARAKUSD	22	14	158.94	1.987	0.355	119.17	5	42
scott-barclay-s-three-musksteers	15m	SAGAUSD	15	8	107.84	1.707	0.370	65.51	4	42
scott-barclay-s-three-musksteers	15m	AINUSD	10	6	-1.17	0.985	0.005	-13.39	5	42
rr-master-lc	15m	BNBUSD	22	8	-162.32	0.330	-0.402	-229.55	1	42
scott-barclay-s-three-musksteers	15m	COOKIEUSD	12	6	-3.99	0.967	-0.005	-56.23	4	42
nse-elite-strategy-v6-full-system	4h	WIFUSD	32	20	45.10	1.210	0.076	-3.98	2	333
scott-barclay-s-three-musksteers	15m	1000PEPEUSD	16	10	90.28	1.707	0.285	28.37	5	42
rr-master-lc	15m	BCHUSD	32	11	-227.40	0.365	-0.395	-274.75	2	42
scott-barclay-s-three-musksteers	15m	ETCUSD	12	9	111.52	2.815	0.453	127.40	3	42
scott-barclay-s-three-musksteers	1h	AKEUSD	7	2	23.25	1.259	0.247	24.64	2	63
scott-barclay-s-three-musksteers	15m	WIFUSD	12	7	106.59	2.045	0.449	69.73	4	42
nse-elite-strategy-v6-full-system	1h	DOGEUSD	51	22	-92.56	0.772	-0.089	-211.25	2	125
l-l-htf-trend-cloud-strategy-joe-freedom	1h	PIEVERSEUSD	13	4	-86.76	0.482	-0.340	-98.07	2	125
scott-barclay-s-three-musksteers	15m	DOGEUSD	14	5	-104.02	0.398	-0.384	-120.83	3	42
scott-barclay-s-three-musksteers	15m	ETHUSD	13	7	-18.77	0.844	-0.065	-51.30	3	42
scott-barclay-s-three-musksteers	1h	AVAXUSD	19	9	106.67	1.554	0.303	68.10	4	125
scott-barclay-s-three-musksteers	15m	SOLUSD	14	5	-77.61	0.554	-0.286	-95.91	2	42
scott-barclay-s-three-musksteers	15m	ZECUSD	22	14	134.83	1.847	0.318	74.24	4	42
scott-barclay-s-three-musksteers	15m	AAVEUSD	15	7	-53.23	0.648	-0.183	-70.72	2	42
scott-barclay-s-three-musksteers	1h	MUBARAKUSD	17	11	92.50	1.769	0.271	59.84	4	125
scott-barclay-s-three-musksteers	15m	NEARUSD	17	7	-53.85	0.733	-0.144	-90.09	1	42
scott-barclay-s-three-musksteers	15m	FILUSD	11	4	28.06	1.216	0.155	8.85	2	42
mcginley-t3-flow-campaign-nick789-v-1	15m	WIFUSD	41	20	-55.92	0.854	-0.059	-152.44	3	42
nse-elite-strategy-v6-full-system	4h	DOGEUSD	37	19	139.14	1.402	0.196	143.23	4	333
nse-elite-strategy-v6-full-system	15m	ETCUSD	23	11	-66.80	0.638	-0.144	-121.76	1	42
scott-barclay-s-three-musksteers	1h	SAGAUSD	13	2	-128.45	0.366	-0.512	-132.63	2	125
scott-barclay-s-three-musksteers	15m	SUIUSD	17	8	84.55	1.438	0.275	-30.49	4	42
scott-barclay-s-three-musksteers	15m	UNIUSD	20	14	122.05	1.905	0.302	87.98	5	42
scott-barclay-s-three-musksteers	15m	HYPEUSD	16	9	-16.00	0.883	-0.041	-21.17	4	42
scott-barclay-s-three-musksteers	1h	AINUSD	22	11	-73.22	0.662	-0.159	-108.10	2	125
scott-barclay-s-three-musksteers	15m	VVVUSD	19	6	-94.25	0.634	-0.248	-137.59	3	42
scott-barclay-s-three-musksteers	15m	XRPUSD	17	10	-4.42	0.969	-0.004	40.96	2	42
scott-barclay-s-three-musksteers	1h	COOKIEUSD	15	9	61.80	1.494	0.217	70.49	4	125
scott-barclay-s-three-musksteers	15m	BTCUSD	7	1	-107.32	0.049	-0.814	-111.03	1	42
scott-barclay-s-three-musksteers	15m	TAOUSD	15	10	115.88	2.128	0.390	102.81	4	42
nse-elite-strategy-v6-full-system	1h	ETHUSD	39	16	-113.97	0.649	-0.148	-182.11	2	125
scott-barclay-s-three-musksteers	15m	EVAAUSD	19	6	-161.62	0.326	-0.454	-164.48	2	42
scott-barclay-s-three-musksteers	1h	1000PEPEUSD	13	6	-58.97	0.556	-0.226	-90.30	2	125
scott-barclay-s-three-musksteers	15m	PIEVERSEUSD	22	16	393.72	3.969	0.784	294.59	7	42
scott-barclay-s-three-musksteers	15m	LINKUSD	23	10	-79.94	0.673	-0.170	-108.60	3	42
l-l-htf-trend-cloud-strategy-joe-freedom	1h	LINKUSD	10	6	-4.39	0.944	-0.015	-41.90	4	125
scott-barclay-s-three-musksteers	1h	ETCUSD	18	11	43.28	1.310	0.129	-19.87	3	125
scott-barclay-s-three-musksteers	15m	BNBUSD	8	2	-18.36	0.836	-0.090	-89.62	1	42
nse-elite-strategy-v6-full-system	4h	ETHUSD	36	18	-36.12	0.888	-0.045	-69.83	4	333
scott-barclay-s-three-musksteers	15m	BCHUSD	15	9	51.85	1.440	0.180	0.24	3	42
scott-barclay-s-three-musksteers	4h	AKEUSD	1	0	-12.64	0.000	-1.000	-12.76	0	63
scott-barclay-s-three-musksteers	4h	AVAXUSD	12	6	-35.84	0.696	-0.145	-48.34	4	333
scott-barclay-s-three-musksteers	4h	MUBARAKUSD	9	5	16.91	1.215	0.105	13.03	3	333
scott-barclay-s-three-musksteers	1h	WIFUSD	18	9	96.90	1.519	0.279	52.31	4	125
scott-barclay-s-three-musksteers	4h	SAGAUSD	7	4	28.55	1.462	0.214	23.77	3	333
scott-barclay-s-three-musksteers	4h	AINUSD	10	5	-16.47	0.828	-0.072	-20.84	3	333
scott-barclay-s-three-musksteers	4h	COOKIEUSD	9	4	4.79	1.046	0.041	-0.69	4	333
scott-barclay-s-three-musksteers	4h	1000PEPEUSD	6	3	-4.26	0.931	-0.023	-6.78	2	268
scott-barclay-s-three-musksteers	4h	ETCUSD	10	7	66.36	2.058	0.336	-3.13	4	333
scott-barclay-s-three-musksteers	4h	WIFUSD	12	9	93.19	2.418	0.382	53.23	5	333
scott-barclay-s-three-musksteers	1h	DOGEUSD	17	10	58.26	1.401	0.180	26.87	4	125
scott-barclay-s-three-musksteers	4h	DOGEUSD	11	4	-34.30	0.750	-0.148	-48.60	2	333
scott-barclay-s-three-musksteers	4h	ETHUSD	7	2	-45.39	0.514	-0.339	-51.76	2	333
scott-barclay-s-three-musksteers	4h	SOLUSD	11	5	-54.27	0.476	-0.294	-111.22	2	333
scott-barclay-s-three-musksteers	4h	ZECUSD	11	5	-16.35	0.859	-0.053	-20.00	4	333
scott-barclay-s-three-musksteers	4h	AAVEUSD	12	7	5.96	1.062	0.030	2.64	5	333
scott-barclay-s-three-musksteers	1h	ETHUSD	18	10	11.68	1.076	0.041	-35.55	4	125
scott-barclay-s-three-musksteers	4h	NEARUSD	4	2	-13.70	0.657	-0.165	-15.65	2	333
scott-barclay-s-three-musksteers	4h	FILUSD	11	7	213.15	3.366	0.924	195.92	6	333
scott-barclay-s-three-musksteers	4h	SUIUSD	11	4	-29.82	0.788	-0.124	-38.12	1	333
scott-barclay-s-three-musksteers	4h	UNIUSD	11	7	1.57	1.020	0.012	6.15	5	333
scott-barclay-s-three-musksteers	4h	HYPEUSD	10	5	122.46	2.104	0.631	113.67	4	333
scott-barclay-s-three-musksteers	1h	SOLUSD	17	10	180.94	2.170	0.543	129.02	4	125
scott-barclay-s-three-musksteers	4h	VVVUSD	13	8	21.28	1.214	0.095	45.81	5	333
scott-barclay-s-three-musksteers	4h	XRPUSD	12	10	181.93	4.992	0.711	163.59	6	333
scott-barclay-s-three-musksteers	4h	BTCUSD	12	5	-67.14	0.490	-0.297	-81.78	3	333
scott-barclay-s-three-musksteers	4h	TAOUSD	9	7	60.39	2.477	0.335	55.08	5	333
nse-elite-strategy-v6-full-system	15m	WIFUSD	34	14	2.78	1.011	0.013	-57.51	2	42
nse-elite-strategy-v6-full-system	4h	SOLUSD	32	16	-32.30	0.896	-0.028	-85.22	3	333
scott-barclay-s-three-musksteers	4h	EVAAUSD	10	3	-84.59	0.381	-0.433	-86.16	1	333
scott-barclay-s-three-musksteers	4h	PIEVERSEUSD	4	4	47.91	99.000	0.602	46.21	4	154
scott-barclay-s-three-musksteers	1h	ZECUSD	14	6	-56.98	0.620	-0.220	4.16	3	125
scott-barclay-s-three-musksteers	4h	LINKUSD	9	4	-53.89	0.445	-0.304	-82.93	3	333
scott-barclay-s-three-musksteers	4h	BNBUSD	11	7	15.50	1.194	0.077	25.85	5	333
scott-barclay-s-three-musksteers	4h	BCHUSD	11	6	-18.57	0.810	-0.079	-60.37	3	333
nse-elite-strategy-v6-full-system	1h	SOLUSD	37	21	224.81	1.881	0.297	115.73	5	125
scott-barclay-s-three-musksteers	1h	AAVEUSD	17	7	-87.36	0.519	-0.274	-107.25	3	125
serhan-1-wma-adx-trailing-date-filter	15m	AKEUSD	18	13	45.89	1.892	0.135	31.69	5	42
serhan-1-wma-adx-trailing-date-filter	15m	AVAXUSD	22	14	116.11	1.888	0.260	31.54	6	42
l-l-htf-trend-cloud-strategy-joe-freedom	1h	BNBUSD	7	3	-38.55	0.503	-0.278	-71.78	2	125
serhan-1-wma-adx-trailing-date-filter	15m	MUBARAKUSD	26	17	132.61	1.959	0.247	81.08	5	42
scott-barclay-s-three-musksteers	1h	NEARUSD	16	6	-66.89	0.659	-0.206	-78.82	3	125
serhan-1-wma-adx-trailing-date-filter	15m	SAGAUSD	16	8	83.61	1.651	0.268	-4.38	4	42
serhan-1-wma-adx-trailing-date-filter	15m	AINUSD	24	13	-9.75	0.944	-0.011	-67.05	4	42
scott-barclay-s-three-musksteers	1h	FILUSD	18	11	107.44	1.778	0.297	56.74	5	125
serhan-1-wma-adx-trailing-date-filter	15m	COOKIEUSD	17	7	119.29	1.898	0.355	41.90	3	42
serhan-1-wma-adx-trailing-date-filter	15m	1000PEPEUSD	13	5	-92.55	0.283	-0.369	-130.45	1	42
scott-barclay-s-three-musksteers	1h	SUIUSD	15	12	172.15	3.624	0.542	96.90	7	125
nse-elite-strategy-v6-full-system	4h	ZECUSD	22	12	25.03	1.142	0.088	-11.81	2	333
serhan-1-wma-adx-trailing-date-filter	15m	ETCUSD	7	2	-51.15	0.336	-0.369	-59.50	1	42
serhan-1-wma-adx-trailing-date-filter	15m	WIFUSD	17	5	3.34	1.018	0.030	-52.34	2	42
serhan-1-wma-adx-trailing-date-filter	15m	DOGEUSD	13	7	-17.95	0.805	-0.065	-66.58	3	42
scott-barclay-s-three-musksteers	1h	UNIUSD	12	5	-39.63	0.707	-0.157	-48.80	3	125
serhan-1-wma-adx-trailing-date-filter	15m	ETHUSD	29	13	-107.19	0.575	-0.190	-196.48	4	42
serhan-1-wma-adx-trailing-date-filter	15m	SOLUSD	23	13	41.68	1.274	0.101	-9.79	4	42
serhan-1-wma-adx-trailing-date-filter	15m	ZECUSD	23	11	-65.59	0.677	-0.145	-98.50	3	42
scott-barclay-s-three-musksteers	1h	HYPEUSD	13	7	51.95	1.412	0.213	43.15	4	125
serhan-1-wma-adx-trailing-date-filter	15m	AAVEUSD	19	13	80.71	1.797	0.221	71.62	4	42
nse-elite-strategy-v6-full-system	1h	ZECUSD	48	30	618.82	2.656	0.573	509.88	7	125
mcginley-t3-flow-campaign-nick789-v-1	15m	DOGEUSD	39	20	48.15	1.130	0.078	-18.56	2	42
serhan-1-wma-adx-trailing-date-filter	15m	NEARUSD	19	12	50.20	1.366	0.137	-0.04	4	42
scott-barclay-s-three-musksteers	1h	VVVUSD	19	12	34.54	1.258	0.099	33.82	3	125
serhan-1-wma-adx-trailing-date-filter	15m	FILUSD	18	7	-62.65	0.627	-0.172	-92.68	4	42
nse-elite-strategy-v6-full-system	15m	DOGEUSD	31	10	-132.99	0.496	-0.225	-159.94	2	42
serhan-1-wma-adx-trailing-date-filter	15m	SUIUSD	12	5	-22.17	0.810	-0.084	-54.60	1	42
nse-elite-strategy-v6-full-system	4h	AAVEUSD	35	15	5.68	1.020	0.031	-3.01	4	333
scott-barclay-s-three-musksteers	1h	XRPUSD	20	11	-50.58	0.713	-0.123	-127.49	3	125
serhan-1-wma-adx-trailing-date-filter	15m	UNIUSD	24	14	-25.24	0.871	-0.047	-34.70	4	42
serhan-1-wma-adx-trailing-date-filter	15m	HYPEUSD	14	6	-3.23	0.969	-0.005	-43.94	2	42
scott-barclay-s-three-musksteers	1h	BTCUSD	22	15	113.72	1.799	0.263	-10.97	6	125
serhan-1-wma-adx-trailing-date-filter	15m	VVVUSD	16	9	9.16	1.075	0.034	-3.06	3	42
serhan-1-wma-adx-trailing-date-filter	15m	XRPUSD	20	11	-33.02	0.780	-0.079	-57.35	3	42
serhan-1-wma-adx-trailing-date-filter	15m	BTCUSD	11	3	-87.13	0.331	-0.412	-55.49	1	42
l-l-htf-trend-cloud-strategy-joe-freedom	1h	BCHUSD	8	3	-58.53	0.412	-0.369	-66.45	2	125
scott-barclay-s-three-musksteers	1h	TAOUSD	13	7	36.42	1.298	0.151	-14.97	5	125
serhan-1-wma-adx-trailing-date-filter	15m	TAOUSD	15	5	-69.78	0.616	-0.228	-104.89	2	42
serhan-1-wma-adx-trailing-date-filter	15m	EVAAUSD	22	14	174.60	2.173	0.384	65.85	6	42
serhan-1-wma-adx-trailing-date-filter	1h	AKEUSD	8	6	6.27	1.205	0.022	2.77	3	63
scott-barclay-s-three-musksteers	1h	EVAAUSD	13	9	104.81	2.241	0.398	91.60	4	125
serhan-1-wma-adx-trailing-date-filter	15m	PIEVERSEUSD	23	12	28.44	1.196	0.069	-11.02	3	42
serhan-1-wma-adx-trailing-date-filter	15m	LINKUSD	17	7	-56.33	0.621	-0.164	-86.43	2	42
nse-elite-strategy-v6-full-system	4h	NEARUSD	42	20	-52.97	0.839	-0.058	-63.25	4	333
serhan-1-wma-adx-trailing-date-filter	15m	BNBUSD	5	2	-7.73	0.870	-0.061	-33.04	2	42
scott-barclay-s-three-musksteers	1h	PIEVERSEUSD	17	12	517.30	5.307	1.276	414.30	7	125
serhan-1-wma-adx-trailing-date-filter	1h	AVAXUSD	19	11	6.45	1.041	0.026	-18.98	5	125
serhan-1-wma-adx-trailing-date-filter	15m	BCHUSD	21	8	-49.62	0.749	-0.112	-99.84	3	42
serhan-1-wma-adx-trailing-date-filter	4h	AKEUSD	2	2	6.92	99.000	0.197	6.50	2	63
serhan-1-wma-adx-trailing-date-filter	4h	AVAXUSD	12	10	34.42	1.849	0.145	22.57	5	333
nse-elite-strategy-v6-full-system	1h	AAVEUSD	59	25	-90.78	0.808	-0.079	-177.50	4	125
serhan-1-wma-adx-trailing-date-filter	4h	MUBARAKUSD	12	8	-3.43	0.957	-0.009	-10.83	4	333
scott-barclay-s-three-musksteers	1h	LINKUSD	17	11	159.86	2.319	0.459	121.63	6	125
serhan-1-wma-adx-trailing-date-filter	4h	SAGAUSD	9	6	56.39	2.450	0.314	48.85	6	333
serhan-1-wma-adx-trailing-date-filter	4h	AINUSD	12	8	-16.57	0.768	-0.064	-21.90	4	333
serhan-1-wma-adx-trailing-date-filter	1h	MUBARAKUSD	23	15	67.72	1.436	0.151	31.61	5	125
serhan-1-wma-adx-trailing-date-filter	4h	COOKIEUSD	19	13	90.13	1.774	0.236	71.87	4	333
serhan-1-wma-adx-trailing-date-filter	4h	1000PEPEUSD	13	12	164.24	11.985	0.599	145.30	6	268
serhan-1-wma-adx-trailing-date-filter	4h	ETCUSD	11	8	62.54	2.400	0.282	47.75	6	333
scott-barclay-s-three-musksteers	1h	BNBUSD	21	12	58.57	1.335	0.163	-4.93	4	125
serhan-1-wma-adx-trailing-date-filter	4h	WIFUSD	16	10	-28.35	0.723	-0.086	-37.60	4	333
serhan-1-wma-adx-trailing-date-filter	4h	DOGEUSD	15	13	108.56	3.585	0.351	89.55	7	333
serhan-1-wma-adx-trailing-date-filter	4h	ETHUSD	13	9	101.84	2.593	0.386	82.83	6	333
serhan-1-wma-adx-trailing-date-filter	1h	SAGAUSD	20	15	89.22	2.224	0.218	64.62	5	125
serhan-1-wma-adx-trailing-date-filter	4h	SOLUSD	23	16	42.26	1.312	0.129	27.38	5	333
scott-barclay-s-three-musksteers	1h	BCHUSD	16	11	67.74	1.639	0.214	44.44	3	125
serhan-1-wma-adx-trailing-date-filter	4h	ZECUSD	12	9	28.42	1.563	0.106	19.57	6	333
serhan-1-wma-adx-trailing-date-filter	4h	AAVEUSD	19	15	40.65	1.569	0.116	22.22	5	333
serhan-1-wma-adx-trailing-date-filter	4h	NEARUSD	17	13	59.89	1.717	0.177	46.60	5	333
serhan-1-wma-adx-trailing-date-filter	4h	FILUSD	12	9	66.13	2.370	0.272	53.77	5	333
serhan1-wma-rsi-trailing-scalp-date-filter	15m	AKEUSD	105	56	-44.01	0.943	0.000	-110.68	5	42
serhan-1-wma-adx-trailing-date-filter	4h	SUIUSD	7	6	38.78	2.843	0.276	31.81	5	333
serhan-1-wma-adx-trailing-date-filter	1h	AINUSD	24	14	0.03	1.000	0.006	-34.74	6	125
serhan-1-wma-adx-trailing-date-filter	4h	UNIUSD	17	14	48.67	1.817	0.143	34.27	6	333
nse-elite-strategy-v6-full-system	4h	FILUSD	37	14	-19.64	0.945	-0.007	-52.99	1	333
nse-elite-strategy-v6-full-system	15m	ETHUSD	26	13	-92.00	0.543	-0.181	-130.59	3	42
serhan-1-wma-adx-trailing-date-filter	4h	HYPEUSD	13	6	-76.82	0.389	-0.304	-83.22	3	333
serhan-1-wma-adx-trailing-date-filter	4h	VVVUSD	16	11	76.30	1.786	0.241	66.81	4	333
serhan1-wma-rsi-trailing-scalp-date-filter	15m	AVAXUSD	70	28	-197.30	0.676	-0.148	-297.48	3	42
serhan-1-wma-adx-trailing-date-filter	4h	XRPUSD	10	9	51.99	3.471	0.257	39.49	5	333
serhan-1-wma-adx-trailing-date-filter	4h	BTCUSD	9	8	86.65	5.297	0.488	65.40	3	333
serhan-1-wma-adx-trailing-date-filter	4h	TAOUSD	16	13	53.37	1.863	0.167	40.52	5	333
serhan-1-wma-adx-trailing-date-filter	1h	COOKIEUSD	25	17	86.83	1.547	0.174	37.75	4	125
serhan-1-wma-adx-trailing-date-filter	4h	EVAAUSD	12	8	10.68	1.137	0.050	4.00	4	333
serhan-1-wma-adx-trailing-date-filter	4h	PIEVERSEUSD	6	6	42.35	99.000	0.354	39.07	4	154
serhan1-wma-rsi-trailing-scalp-date-filter	15m	MUBARAKUSD	116	53	-214.40	0.799	-0.095	-268.39	2	42
serhan-1-wma-adx-trailing-date-filter	4h	LINKUSD	16	10	-29.21	0.753	-0.088	-42.37	2	333
serhan-1-wma-adx-trailing-date-filter	4h	BNBUSD	12	9	71.65	2.229	0.317	54.97	7	333
serhan-1-wma-adx-trailing-date-filter	4h	BCHUSD	12	11	138.19	13.092	0.547	116.90	6	333
serhan1-wma-rsi-trailing-scalp-date-filter	1h	AKEUSD	38	27	171.80	1.930	0.245	142.98	6	63
serhan1-wma-rsi-trailing-scalp-date-filter	15m	SAGAUSD	76	26	-279.82	0.546	-0.207	-356.56	4	42
serhan1-wma-rsi-trailing-scalp-date-filter	1h	AVAXUSD	69	27	29.16	1.039	0.037	-124.43	4	125
serhan-1-wma-adx-trailing-date-filter	1h	1000PEPEUSD	27	10	-35.33	0.870	-0.053	-80.00	4	125
serhan1-wma-rsi-trailing-scalp-date-filter	1h	MUBARAKUSD	111	54	258.96	1.226	0.117	49.96	6	125
serhan1-wma-rsi-trailing-scalp-date-filter	1h	SAGAUSD	78	35	6.39	1.010	0.013	-47.75	4	125
nse-elite-strategy-v6-full-system	1h	NEARUSD	58	25	-125.30	0.748	-0.107	-150.30	2	125
serhan1-wma-rsi-trailing-scalp-date-filter	1h	AINUSD	99	50	326.98	1.335	0.158	29.38	5	125
serhan1-wma-rsi-trailing-scalp-date-filter	1h	COOKIEUSD	100	33	-355.03	0.656	-0.207	-448.46	2	125
serhan1-wma-rsi-trailing-scalp-date-filter	15m	AINUSD	61	21	-135.68	0.795	-0.106	-228.71	1	42
serhan1-wma-rsi-trailing-scalp-date-filter	1h	1000PEPEUSD	87	25	-337.43	0.548	-0.227	-413.74	1	125
serhan1-wma-rsi-trailing-scalp-date-filter	1h	ETCUSD	78	29	-97.40	0.871	-0.052	-221.00	2	125
nse-elite-strategy-v6-full-system	4h	SUIUSD	25	17	346.26	3.724	0.623	310.20	6	333
serhan-1-wma-adx-trailing-date-filter	1h	ETCUSD	22	7	-116.73	0.413	-0.276	-136.64	3	125
serhan1-wma-rsi-trailing-scalp-date-filter	1h	WIFUSD	105	40	-172.59	0.823	-0.081	-322.03	2	125
serhan1-wma-rsi-trailing-scalp-date-filter	15m	COOKIEUSD	48	23	119.26	1.299	0.130	-40.59	5	42
serhan1-wma-rsi-trailing-scalp-date-filter	1h	DOGEUSD	87	34	-182.13	0.779	-0.105	-290.98	4	125
serhan1-wma-rsi-trailing-scalp-date-filter	1h	ETHUSD	101	41	-96.06	0.904	-0.039	-305.08	2	125
serhan1-wma-rsi-trailing-scalp-date-filter	1h	SOLUSD	67	28	-113.07	0.827	-0.082	-242.15	4	125
serhan1-wma-rsi-trailing-scalp-date-filter	1h	ZECUSD	61	39	611.72	2.289	0.419	390.86	8	125
serhan1-wma-rsi-trailing-scalp-date-filter	15m	1000PEPEUSD	67	15	-375.69	0.449	-0.341	-443.89	1	42
serhan-1-wma-adx-trailing-date-filter	1h	WIFUSD	16	10	73.07	1.797	0.227	41.80	3	125
serhan1-wma-rsi-trailing-scalp-date-filter	1h	AAVEUSD	65	23	-250.40	0.579	-0.219	-296.04	2	125
serhan1-wma-rsi-trailing-scalp-date-filter	1h	NEARUSD	74	34	-69.65	0.887	-0.040	-147.78	3	125
serhan1-wma-rsi-trailing-scalp-date-filter	1h	FILUSD	93	38	-196.07	0.765	-0.108	-305.95	4	125
serhan1-wma-rsi-trailing-scalp-date-filter	1h	SUIUSD	80	27	-181.17	0.815	-0.110	-304.87	4	125
serhan1-wma-rsi-trailing-scalp-date-filter	15m	ETCUSD	52	18	-142.99	0.700	-0.137	-242.48	3	42
serhan1-wma-rsi-trailing-scalp-date-filter	1h	UNIUSD	86	39	-94.09	0.870	-0.049	-184.11	3	125
serhan1-wma-rsi-trailing-scalp-date-filter	1h	HYPEUSD	75	40	138.20	1.193	0.096	-82.67	7	125
serhan-1-wma-adx-trailing-date-filter	1h	DOGEUSD	25	11	-106.32	0.556	-0.219	-136.10	4	125
serhan1-wma-rsi-trailing-scalp-date-filter	1h	VVVUSD	80	38	-15.87	0.977	0.003	-111.29	4	125
serhan1-wma-rsi-trailing-scalp-date-filter	1h	XRPUSD	79	35	-155.00	0.771	-0.098	-287.62	2	125
serhan1-wma-rsi-trailing-scalp-date-filter	15m	WIFUSD	72	24	-166.33	0.789	-0.112	-323.86	1	42
serhan1-wma-rsi-trailing-scalp-date-filter	1h	BTCUSD	90	44	-109.20	0.844	-0.055	-200.08	2	125
serhan1-wma-rsi-trailing-scalp-date-filter	1h	TAOUSD	99	44	-89.53	0.890	-0.039	-250.61	3	125
mcginley-t3-flow-campaign-nick789-v-1	15m	ETHUSD	32	15	-163.39	0.457	-0.275	-251.60	2	42
serhan-1-wma-adx-trailing-date-filter	1h	ETHUSD	29	16	64.13	1.293	0.117	-11.97	4	125
serhan1-wma-rsi-trailing-scalp-date-filter	1h	EVAAUSD	79	49	553.05	1.713	0.291	391.61	6	125
serhan1-wma-rsi-trailing-scalp-date-filter	15m	DOGEUSD	66	28	-108.82	0.820	-0.077	-267.67	2	42
serhan1-wma-rsi-trailing-scalp-date-filter	1h	PIEVERSEUSD	114	35	-260.94	0.755	-0.117	-363.14	1	125
nse-elite-strategy-v6-full-system	4h	UNIUSD	40	20	159.57	1.428	0.200	125.87	5	333
serhan1-wma-rsi-trailing-scalp-date-filter	1h	LINKUSD	64	24	-231.38	0.625	-0.197	-320.90	3	125
serhan1-wma-rsi-trailing-scalp-date-filter	1h	BNBUSD	55	24	50.87	1.088	0.063	-123.50	4	125
serhan-1-wma-adx-trailing-date-filter	1h	SOLUSD	19	11	31.85	1.232	0.091	-6.65	4	125
serhan1-wma-rsi-trailing-scalp-date-filter	1h	BCHUSD	89	33	-205.31	0.745	-0.116	-346.11	4	125
serhan1-wma-rsi-trailing-scalp-date-filter	15m	ETHUSD	58	31	-81.49	0.817	-0.067	-196.47	5	42
serhan1-wma-rsi-trailing-scalp-date-filter	4h	AKEUSD	6	5	45.89	5.937	0.527	44.59	3	63
nse-elite-strategy-v6-full-system	15m	SOLUSD	37	13	-45.77	0.864	-0.053	-111.03	2	42
serhan1-wma-rsi-trailing-scalp-date-filter	4h	AVAXUSD	59	38	312.49	1.717	0.240	224.54	6	333
serhan1-wma-rsi-trailing-scalp-date-filter	4h	MUBARAKUSD	53	34	215.91	1.568	0.193	162.30	6	333
serhan1-wma-rsi-trailing-scalp-date-filter	4h	SAGAUSD	41	23	66.14	1.192	0.088	34.40	4	333
nse-elite-strategy-v6-full-system	1h	FILUSD	44	23	32.56	1.101	0.044	-66.26	4	125
serhan1-wma-rsi-trailing-scalp-date-filter	4h	AINUSD	41	33	472.27	4.368	0.484	424.78	7	333
serhan1-wma-rsi-trailing-scalp-date-filter	4h	COOKIEUSD	45	24	75.64	1.208	0.091	41.78	6	333
serhan1-wma-rsi-trailing-scalp-date-filter	15m	SOLUSD	82	31	-136.32	0.832	-0.077	-312.25	3	42
serhan1-wma-rsi-trailing-scalp-date-filter	4h	1000PEPEUSD	33	19	26.71	1.100	0.049	-4.19	4	268
serhan1-wma-rsi-trailing-scalp-date-filter	4h	ETCUSD	61	38	395.62	1.774	0.284	249.36	6	333
serhan-1-wma-adx-trailing-date-filter	1h	ZECUSD	18	12	42.34	1.453	0.132	21.52	5	125
serhan1-wma-rsi-trailing-scalp-date-filter	4h	WIFUSD	45	28	109.87	1.303	0.124	67.15	4	333
serhan1-wma-rsi-trailing-scalp-date-filter	4h	DOGEUSD	52	35	343.44	2.036	0.296	299.63	6	333
serhan1-wma-rsi-trailing-scalp-date-filter	4h	ETHUSD	52	33	286.46	1.690	0.256	210.54	6	333
serhan1-wma-rsi-trailing-scalp-date-filter	15m	ZECUSD	94	48	-29.79	0.962	-0.005	-130.17	2	42
serhan1-wma-rsi-trailing-scalp-date-filter	4h	SOLUSD	54	37	463.06	2.256	0.389	351.12	7	333
serhan1-wma-rsi-trailing-scalp-date-filter	4h	ZECUSD	38	24	69.09	1.250	0.114	44.50	5	333
serhan1-wma-rsi-trailing-scalp-date-filter	4h	AAVEUSD	45	26	75.94	1.249	0.102	63.15	5	333
serhan1-wma-rsi-trailing-scalp-date-filter	4h	NEARUSD	56	34	201.40	1.487	0.173	143.39	6	333
serhan1-wma-rsi-trailing-scalp-date-filter	4h	FILUSD	49	28	266.79	1.739	0.252	199.79	6	333
serhan1-wma-rsi-trailing-scalp-date-filter	4h	SUIUSD	41	22	142.76	1.474	0.172	91.94	6	333
serhan-1-wma-adx-trailing-date-filter	1h	AAVEUSD	11	8	12.82	1.214	0.069	-2.48	4	125
serhan1-wma-rsi-trailing-scalp-date-filter	15m	AAVEUSD	96	36	-275.56	0.658	-0.165	-422.28	3	42
serhan1-wma-rsi-trailing-scalp-date-filter	4h	UNIUSD	55	32	86.87	1.208	0.085	39.94	3	333
serhan1-wma-rsi-trailing-scalp-date-filter	4h	HYPEUSD	43	26	135.99	1.412	0.160	93.33	4	333
serhan1-wma-rsi-trailing-scalp-date-filter	4h	VVVUSD	42	27	179.45	1.588	0.208	144.95	6	333
serhan1-wma-rsi-trailing-scalp-date-filter	4h	XRPUSD	57	33	119.85	1.249	0.108	44.67	5	333
serhan1-wma-rsi-trailing-scalp-date-filter	4h	BTCUSD	62	35	314.23	1.569	0.238	179.16	6	333
nse-elite-strategy-v6-full-system	4h	HYPEUSD	34	15	-76.32	0.772	-0.108	-99.29	2	333
serhan1-wma-rsi-trailing-scalp-date-filter	4h	TAOUSD	55	34	54.15	1.157	0.053	9.53	4	333
serhan1-wma-rsi-trailing-scalp-date-filter	15m	NEARUSD	106	52	291.67	1.295	0.134	-17.72	4	42
serhan1-wma-rsi-trailing-scalp-date-filter	4h	EVAAUSD	44	27	34.88	1.129	0.044	9.05	3	333
serhan1-wma-rsi-trailing-scalp-date-filter	4h	PIEVERSEUSD	20	13	91.66	1.788	0.227	71.31	4	154
serhan1-wma-rsi-trailing-scalp-date-filter	4h	LINKUSD	55	32	217.57	1.519	0.190	137.39	6	333
serhan-1-wma-adx-trailing-date-filter	1h	NEARUSD	21	15	134.55	2.566	0.307	95.25	6	125
serhan1-wma-rsi-trailing-scalp-date-filter	4h	BNBUSD	47	32	515.86	2.528	0.461	356.65	6	333
serhan1-wma-rsi-trailing-scalp-date-filter	4h	BCHUSD	59	31	90.80	1.164	0.085	17.48	4	333
serhan1-wma-rsi-trailing-scalp-date-filter	15m	FILUSD	63	25	160.71	1.219	0.138	-10.70	3	42
serhan-1-wma-adx-trailing-date-filter	1h	FILUSD	18	8	16.59	1.104	0.057	-15.85	5	125
serhan1-wma-rsi-trailing-scalp-date-filter	15m	SUIUSD	57	25	-60.08	0.885	-0.044	-181.94	4	42
smart-grid-scalping-pullback-strategy-bullbyte	15m	AKEUSD	48	33	214.30	2.267	0.267	170.77	5	42
serhan-1-wma-adx-trailing-date-filter	1h	SUIUSD	23	11	24.16	1.126	0.061	-27.79	2	125
serhan1-wma-rsi-trailing-scalp-date-filter	15m	UNIUSD	98	42	-137.45	0.843	-0.065	-267.80	4	42
nse-elite-strategy-v6-full-system	1h	SUIUSD	53	21	-144.60	0.674	-0.139	-171.52	3	125
serhan1-wma-rsi-trailing-scalp-date-filter	15m	HYPEUSD	71	37	120.30	1.175	0.092	-53.59	3	42
serhan-1-wma-adx-trailing-date-filter	1h	UNIUSD	31	19	36.75	1.179	0.065	-7.97	6	125
smart-grid-scalping-pullback-strategy-bullbyte	15m	AVAXUSD	35	24	133.45	2.036	0.183	31.07	6	42
nse-elite-strategy-v6-full-system	4h	VVVUSD	21	10	64.15	1.311	0.158	74.59	2	333
serhan1-wma-rsi-trailing-scalp-date-filter	15m	VVVUSD	95	34	-279.20	0.689	-0.167	-425.65	1	42
serhan-1-wma-adx-trailing-date-filter	1h	HYPEUSD	13	6	-25.75	0.775	-0.094	-41.43	3	125
nse-elite-strategy-v6-full-system	15m	ZECUSD	47	24	315.62	1.877	0.314	189.53	6	42
smart-grid-scalping-pullback-strategy-bullbyte	15m	MUBARAKUSD	53	29	79.63	1.240	0.080	1.55	4	42
serhan1-wma-rsi-trailing-scalp-date-filter	15m	XRPUSD	70	33	-193.88	0.667	-0.147	-323.14	1	42
serhan-1-wma-adx-trailing-date-filter	1h	VVVUSD	9	8	189.47	9.567	1.019	169.59	4	125
serhan1-wma-rsi-trailing-scalp-date-filter	15m	BTCUSD	31	10	-225.88	0.279	-0.413	-272.46	2	42
smart-grid-scalping-pullback-strategy-bullbyte	15m	SAGAUSD	35	21	134.99	1.577	0.191	58.11	4	42
serhan1-wma-rsi-trailing-scalp-date-filter	15m	TAOUSD	93	37	-15.67	0.983	0.005	-274.75	5	42
serhan-1-wma-adx-trailing-date-filter	1h	XRPUSD	21	13	25.26	1.173	0.066	-16.37	4	125
nse-elite-strategy-v6-full-system	4h	XRPUSD	42	20	-14.54	0.959	-0.008	-66.20	3	333
smart-grid-scalping-pullback-strategy-bullbyte	15m	AINUSD	19	12	37.49	1.529	0.100	13.90	4	42
serhan1-wma-rsi-trailing-scalp-date-filter	15m	EVAAUSD	82	38	286.04	1.372	0.171	-34.77	6	42
serhan-1-wma-adx-trailing-date-filter	1h	BTCUSD	30	13	-8.21	0.971	-0.000	-96.33	3	125
serhan1-wma-rsi-trailing-scalp-date-filter	15m	PIEVERSEUSD	104	33	-293.48	0.699	-0.157	-444.81	3	42
nse-elite-strategy-v6-full-system	1h	UNIUSD	64	34	316.50	1.556	0.237	259.47	4	125
smart-grid-scalping-pullback-strategy-bullbyte	15m	COOKIEUSD	21	10	12.93	1.091	0.038	-33.95	2	42
serhan1-wma-rsi-trailing-scalp-date-filter	15m	LINKUSD	95	38	-279.33	0.644	-0.163	-421.70	2	42
serhan-1-wma-adx-trailing-date-filter	1h	TAOUSD	19	10	-19.61	0.877	-0.044	-44.68	5	125
serhan1-wma-rsi-trailing-scalp-date-filter	15m	BNBUSD	15	6	-34.16	0.767	-0.103	-68.91	2	42
smart-grid-scalping-pullback-strategy-bullbyte	15m	1000PEPEUSD	32	18	-61.30	0.738	-0.093	-104.18	4	42
mcginley-t3-flow-campaign-nick789-v-1	15m	SOLUSD	41	18	-161.11	0.626	-0.211	-217.81	2	42
serhan-1-wma-adx-trailing-date-filter	1h	EVAAUSD	17	14	148.86	4.492	0.414	126.55	7	125
serhan1-wma-rsi-trailing-scalp-date-filter	15m	BCHUSD	75	40	142.97	1.216	0.101	-4.96	6	42
serhan-1-wma-adx-trailing-date-filter	1h	PIEVERSEUSD	21	14	42.04	1.303	0.108	18.74	7	125
nse-elite-strategy-v6-full-system	4h	BTCUSD	34	18	-57.72	0.782	-0.079	-98.73	2	333
smart-grid-scalping-pullback-strategy-bullbyte	15m	ETCUSD	17	13	84.17	2.079	0.245	35.83	6	42
nse-elite-strategy-v6-full-system	15m	AAVEUSD	57	27	-34.28	0.922	-0.016	-128.22	2	42
serhan-1-wma-adx-trailing-date-filter	1h	LINKUSD	23	13	4.01	1.022	0.018	-38.47	3	125
smart-grid-scalping-pullback-strategy-bullbyte	15m	WIFUSD	36	17	-84.19	0.754	-0.113	-141.04	1	42
serhan-1-wma-adx-trailing-date-filter	1h	BNBUSD	18	7	-58.70	0.672	-0.161	-93.80	2	125
nse-elite-strategy-v6-full-system	1h	HYPEUSD	51	26	-31.61	0.914	-0.025	-148.72	3	125
smart-grid-scalping-pullback-strategy-bullbyte	15m	DOGEUSD	39	24	81.64	1.430	0.106	-20.06	5	42
smart-grid-scalping-pullback-strategy-bullbyte	1h	AKEUSD	9	6	-3.97	0.923	-0.040	-9.22	2	63
serhan-1-wma-adx-trailing-date-filter	1h	BCHUSD	30	17	-19.85	0.916	-0.027	-68.19	4	125
nse-elite-strategy-v6-full-system	4h	TAOUSD	18	7	-107.23	0.467	-0.307	-125.29	1	333
smart-grid-scalping-pullback-strategy-bullbyte	15m	ETHUSD	41	28	62.30	1.361	0.078	-50.37	5	42
smart-grid-scalping-pullback-strategy-bullbyte	4h	AKEUSD	0	0	0.00	0.000	0.000	0.00	0	63
smart-grid-scalping-pullback-strategy-bullbyte	15m	SOLUSD	48	33	162.09	2.129	0.162	9.41	5	42
smart-grid-scalping-pullback-strategy-bullbyte	15m	ZECUSD	65	49	394.56	2.636	0.271	222.15	8	42
nse-elite-strategy-v6-full-system	4h	EVAAUSD	5	3	36.01	1.862	0.363	33.13	1	333
smart-grid-scalping-pullback-strategy-bullbyte	15m	AAVEUSD	29	23	293.56	4.336	0.478	194.64	7	42
smart-grid-scalping-pullback-strategy-bullbyte	4h	AVAXUSD	33	22	-23.98	0.859	-0.033	-48.23	3	333
nse-elite-strategy-v6-full-system	15m	NEARUSD	60	16	-434.61	0.241	-0.469	-478.97	1	42
nse-elite-strategy-v6-full-system	1h	VVVUSD	56	30	49.85	1.099	0.055	3.93	4	125
smart-grid-scalping-pullback-strategy-bullbyte	1h	AVAXUSD	53	39	262.24	2.353	0.226	128.91	6	125
smart-grid-scalping-pullback-strategy-bullbyte	15m	NEARUSD	36	23	77.87	1.354	0.111	6.97	5	42
nse-elite-strategy-v6-full-system	4h	PIEVERSEUSD	12	5	-57.41	0.549	-0.244	-85.30	1	154
smart-grid-scalping-pullback-strategy-bullbyte	15m	FILUSD	34	23	115.12	2.124	0.164	38.38	8	42
smart-grid-scalping-pullback-strategy-bullbyte	15m	SUIUSD	31	19	-19.40	0.908	-0.026	-80.39	5	42
smart-grid-scalping-pullback-strategy-bullbyte	4h	MUBARAKUSD	25	16	61.23	1.468	0.125	45.64	3	333
smart-grid-scalping-pullback-strategy-bullbyte	15m	UNIUSD	68	44	206.92	1.724	0.143	65.04	5	42
nse-elite-strategy-v6-full-system	4h	LINKUSD	43	21	-73.31	0.811	-0.081	-158.32	4	333
mcginley-t3-flow-campaign-nick789-v-1	15m	ZECUSD	40	21	111.21	1.265	0.156	28.88	4	42
nse-elite-strategy-v6-full-system	1h	XRPUSD	45	22	-7.60	0.980	0.004	31.37	3	125
smart-grid-scalping-pullback-strategy-bullbyte	1h	MUBARAKUSD	34	22	137.27	1.665	0.199	93.44	5	125
smart-grid-scalping-pullback-strategy-bullbyte	15m	HYPEUSD	22	15	-6.04	0.948	-0.010	-58.29	5	42
smart-grid-scalping-pullback-strategy-bullbyte	4h	SAGAUSD	19	11	21.40	1.202	0.062	12.10	3	333
smart-grid-scalping-pullback-strategy-bullbyte	15m	VVVUSD	33	20	70.73	1.393	0.110	16.72	5	42
nse-elite-strategy-v6-full-system	15m	FILUSD	35	15	53.64	1.163	0.093	-57.25	4	42
nse-elite-strategy-v6-full-system	4h	BNBUSD	33	18	157.59	1.554	0.261	105.06	4	333
smart-grid-scalping-pullback-strategy-bullbyte	15m	XRPUSD	49	33	90.65	1.424	0.093	-14.72	5	42
smart-grid-scalping-pullback-strategy-bullbyte	15m	BTCUSD	24	14	-33.46	0.697	-0.069	-89.92	4	42
smart-grid-scalping-pullback-strategy-bullbyte	4h	AINUSD	54	35	405.91	2.498	0.336	349.46	7	333
smart-grid-scalping-pullback-strategy-bullbyte	15m	TAOUSD	31	21	68.55	1.398	0.113	-17.24	6	42
nse-elite-strategy-v6-full-system	1h	BTCUSD	31	16	133.88	1.711	0.219	55.65	5	125
smart-grid-scalping-pullback-strategy-bullbyte	1h	SAGAUSD	25	15	-8.95	0.946	-0.012	-29.25	3	125
smart-grid-scalping-pullback-strategy-bullbyte	15m	EVAAUSD	39	24	149.71	1.851	0.184	57.26	5	42
nse-elite-strategy-v6-full-system	4h	BCHUSD	35	17	45.80	1.146	0.081	-9.69	4	333
smart-grid-scalping-pullback-strategy-bullbyte	15m	PIEVERSEUSD	53	37	197.84	1.634	0.181	89.88	6	42
nse-elite-strategy-v6-full-system	15m	SUIUSD	46	17	-41.51	0.903	-0.030	-121.15	3	42
smart-grid-scalping-pullback-strategy-bullbyte	4h	COOKIEUSD	29	23	114.92	2.257	0.192	91.96	6	333
smart-grid-scalping-pullback-strategy-bullbyte	15m	LINKUSD	36	28	232.96	2.617	0.297	108.45	7	42
smart-grid-scalping-pullback-strategy-bullbyte	15m	BNBUSD	31	18	-2.20	0.987	0.004	-100.56	3	42
nse-elite-strategy-v6-full-system	1h	TAOUSD	62	26	-30.79	0.941	-0.014	-204.30	4	125
smart-grid-scalping-pullback-strategy-bullbyte	1h	AINUSD	46	29	220.90	1.868	0.225	141.82	4	125
structure-anchored-vwap	15m	AKEUSD	14	9	108.90	2.236	0.415	106.45	4	42
smart-grid-scalping-pullback-strategy-bullbyte	15m	BCHUSD	45	28	98.51	1.363	0.111	-48.34	5	42
smart-grid-scalping-pullback-strategy-bullbyte	4h	1000PEPEUSD	29	21	123.73	2.058	0.207	100.10	5	268
structure-anchored-vwap	1h	AKEUSD	5	3	38.39	2.075	0.399	40.42	2	63
mcginley-t3-flow-campaign-nick789-v-1	15m	AAVEUSD	40	21	-1.31	0.997	0.009	-102.96	2	42
nse-elite-strategy-v6-full-system	15m	UNIUSD	61	27	-21.59	0.954	-0.007	-114.88	2	42
structure-anchored-vwap	15m	AVAXUSD	12	8	70.31	1.878	0.295	-1.40	5	42
nse-elite-strategy-v6-full-system	1h	EVAAUSD	59	23	-83.88	0.831	-0.060	-130.14	4	125
smart-grid-scalping-pullback-strategy-bullbyte	4h	ETCUSD	27	20	119.53	1.884	0.215	90.59	4	333
structure-anchored-vwap	1h	AVAXUSD	12	10	172.26	5.166	0.678	172.79	5	125
smart-grid-scalping-pullback-strategy-bullbyte	1h	COOKIEUSD	43	32	319.83	3.002	0.330	229.28	8	125
structure-anchored-vwap	1h	MUBARAKUSD	15	11	202.06	3.192	0.631	210.43	5	125
structure-anchored-vwap	15m	MUBARAKUSD	18	12	172.57	2.267	0.465	127.43	6	42
smart-grid-scalping-pullback-strategy-bullbyte	4h	WIFUSD	29	18	6.67	1.042	0.016	-10.19	4	333
nse-elite-strategy-v6-full-system	1h	PIEVERSEUSD	72	27	-126.94	0.835	-0.082	-268.99	4	125
nse-elite-strategy-v6-full-system	15m	HYPEUSD	38	16	-78.91	0.749	-0.101	-216.70	2	42
structure-anchored-vwap	1h	SAGAUSD	13	12	372.20	18.492	1.244	268.81	7	125
smart-grid-scalping-pullback-strategy-bullbyte	1h	1000PEPEUSD	38	22	119.60	1.595	0.155	55.09	6	125
smart-grid-scalping-pullback-strategy-bullbyte	4h	DOGEUSD	30	25	161.89	3.076	0.258	128.32	4	333
structure-anchored-vwap	15m	SAGAUSD	13	8	56.82	1.562	0.223	32.72	3	42
structure-anchored-vwap	1h	AINUSD	14	7	159.44	2.055	0.566	131.29	3	125
nse-elite-strategy-v6-full-system	1h	LINKUSD	52	23	-97.67	0.769	-0.092	-181.19	3	125
smart-grid-scalping-pullback-strategy-bullbyte	1h	ETCUSD	27	14	25.93	1.148	0.056	-56.38	4	125
smart-grid-scalping-pullback-strategy-bullbyte	4h	ETHUSD	47	30	160.75	1.930	0.167	100.60	7	333
structure-anchored-vwap	15m	AINUSD	8	5	41.95	1.684	0.269	31.98	3	42
structure-anchored-vwap	1h	COOKIEUSD	11	9	291.75	7.488	1.207	247.08	6	125
mcginley-t3-flow-campaign-nick789-v-1	15m	NEARUSD	59	34	151.75	1.281	0.132	-109.24	4	42
nse-elite-strategy-v6-full-system	15m	VVVUSD	52	28	37.21	1.093	0.042	83.74	5	42
nse-elite-strategy-v6-full-system	1h	BNBUSD	38	22	178.79	1.644	0.233	9.59	4	125
structure-anchored-vwap	1h	1000PEPEUSD	14	9	122.43	2.115	0.441	102.91	4	125
smart-grid-scalping-pullback-strategy-bullbyte	4h	SOLUSD	38	24	15.66	1.099	0.029	-16.39	4	333
structure-anchored-vwap	15m	COOKIEUSD	9	7	173.77	5.386	0.922	98.06	4	42
smart-grid-scalping-pullback-strategy-bullbyte	1h	WIFUSD	34	15	-143.92	0.489	-0.223	-177.13	1	125
structure-anchored-vwap	1h	ETCUSD	11	10	198.41	10.696	0.836	164.50	5	125
smart-grid-scalping-pullback-strategy-bullbyte	4h	ZECUSD	62	41	269.56	2.139	0.209	226.21	7	333
nse-elite-strategy-v6-full-system	15m	XRPUSD	42	18	-55.07	0.853	-0.056	-142.44	3	42
nse-elite-strategy-v6-full-system	1h	BCHUSD	53	29	282.72	1.619	0.257	255.58	5	125
structure-anchored-vwap	15m	1000PEPEUSD	13	11	155.83	4.734	0.567	107.57	6	42
structure-anchored-vwap	1h	WIFUSD	14	9	46.65	1.428	0.172	19.42	3	125
structure-anchored-vwap	4h	AKEUSD	1	1	11.07	99.000	0.928	10.97	1	63
smart-grid-scalping-pullback-strategy-bullbyte	1h	DOGEUSD	51	30	14.47	1.056	0.018	-71.76	5	125
smart-grid-scalping-pullback-strategy-bullbyte	4h	AAVEUSD	36	26	54.81	1.387	0.086	31.01	5	333
structure-anchored-vwap	4h	AVAXUSD	10	8	85.69	2.981	0.421	75.11	5	333
structure-anchored-vwap	1h	DOGEUSD	15	11	50.56	1.609	0.172	-4.96	5	125
structure-anchored-vwap	15m	ETCUSD	9	7	164.49	5.083	0.868	114.53	4	42
nse-elite-strategy-v6-full-system	15m	BTCUSD	11	4	12.67	1.121	0.079	-20.62	2	42
structure-anchored-vwap	4h	MUBARAKUSD	7	3	-9.33	0.886	-0.054	-12.56	3	333
smart-grid-scalping-pullback-strategy-bullbyte	4h	NEARUSD	39	31	268.23	4.476	0.309	229.39	8	333
structure-anchored-vwap	1h	ETHUSD	12	7	59.27	1.563	0.257	111.20	4	125
mcginley-t3-flow-campaign-nick789-v-1	15m	FILUSD	50	29	230.35	1.480	0.223	-2.93	6	42
smart-grid-scalping-pullback-strategy-bullbyte	1h	ETHUSD	62	39	79.30	1.337	0.065	-46.95	4	125
structure-anchored-vwap	4h	SAGAUSD	9	8	164.24	8.071	0.858	180.58	4	333
structure-anchored-vwap	15m	WIFUSD	8	7	412.54	20.475	2.243	305.02	6	42
structure-anchored-vwap	1h	SOLUSD	21	16	191.03	3.249	0.435	108.90	6	125
structure-anchored-vwap	4h	AINUSD	13	12	388.61	20.201	1.311	372.74	5	333
smart-grid-scalping-pullback-strategy-bullbyte	4h	FILUSD	18	12	68.11	1.797	0.189	53.17	3	333
nse-elite-strategy-v6-full-system	15m	TAOUSD	49	21	36.87	1.086	0.054	-100.48	3	42
structure-anchored-vwap	4h	COOKIEUSD	7	6	64.89	4.285	0.456	53.19	4	333
structure-anchored-vwap	1h	ZECUSD	17	14	417.64	6.787	1.084	318.48	7	125
structure-anchored-vwap	15m	DOGEUSD	17	15	287.16	8.210	0.764	203.00	7	42
smart-grid-scalping-pullback-strategy-bullbyte	1h	SOLUSD	59	42	161.98	2.002	0.135	28.63	6	125
structure-anchored-vwap	4h	1000PEPEUSD	7	7	133.36	99.000	0.908	126.96	4	268
smart-grid-scalping-pullback-strategy-bullbyte	4h	SUIUSD	41	28	195.06	2.401	0.221	152.89	7	333
structure-anchored-vwap	1h	AAVEUSD	16	12	115.34	2.430	0.367	91.91	4	125
structure-anchored-vwap	4h	ETCUSD	12	11	194.86	9.809	0.752	191.56	8	333
nse-elite-strategy-v6-full-system	15m	EVAAUSD	75	30	-192.35	0.677	-0.136	-210.51	2	42
structure-anchored-vwap	15m	ETHUSD	10	9	223.32	11.313	1.044	126.90	6	42
smart-grid-scalping-pullback-strategy-bullbyte	4h	UNIUSD	43	32	221.77	2.985	0.238	181.95	8	333
structure-anchored-vwap	4h	WIFUSD	7	6	102.62	6.131	0.710	93.12	3	333
smart-grid-scalping-pullback-strategy-bullbyte	1h	ZECUSD	52	37	242.43	2.647	0.222	153.11	8	125
structure-anchored-vwap	1h	NEARUSD	16	14	249.04	6.864	0.708	226.07	7	125
structure-anchored-vwap	4h	DOGEUSD	9	8	127.44	6.938	0.684	116.24	3	333
structure-anchored-vwap	1h	FILUSD	15	11	137.32	2.577	0.440	97.38	6	125
structure-anchored-vwap	15m	SOLUSD	16	13	188.50	3.785	0.561	134.28	5	42
smart-grid-scalping-pullback-strategy-bullbyte	4h	HYPEUSD	32	24	60.48	1.463	0.096	33.42	7	333
structure-anchored-vwap	4h	ETHUSD	10	10	192.79	99.000	0.905	176.32	6	333
nse-elite-strategy-v6-full-system	15m	PIEVERSEUSD	48	23	50.75	1.143	0.061	-58.07	4	42
mcginley-t3-flow-campaign-nick789-v-1	15m	SUIUSD	46	26	124.41	1.282	0.143	-11.37	5	42
structure-anchored-vwap	4h	SOLUSD	8	8	101.44	99.000	0.658	92.72	5	333
structure-anchored-vwap	1h	SUIUSD	13	9	65.13	1.814	0.254	82.83	4	125
smart-grid-scalping-pullback-strategy-bullbyte	1h	AAVEUSD	56	35	76.22	1.291	0.078	-12.09	5	125
smart-grid-scalping-pullback-strategy-bullbyte	4h	VVVUSD	37	28	130.54	1.694	0.176	90.75	5	333
structure-anchored-vwap	15m	ZECUSD	17	12	44.40	1.420	0.146	16.95	4	42
structure-anchored-vwap	4h	ZECUSD	13	11	250.68	6.406	0.911	228.72	5	333
structure-anchored-vwap	1h	UNIUSD	12	7	25.18	1.238	0.118	10.62	4	125
nse-elite-strategy-v6-full-system	15m	LINKUSD	52	24	12.52	1.033	0.022	-150.31	4	42
structure-anchored-vwap	4h	AAVEUSD	9	8	122.36	6.393	0.726	116.33	5	333
smart-grid-scalping-pullback-strategy-bullbyte	4h	XRPUSD	26	16	63.20	1.413	0.125	37.98	6	333
structure-anchored-vwap	1h	HYPEUSD	14	13	188.50	10.361	0.626	149.42	6	125
smart-grid-scalping-pullback-strategy-bullbyte	1h	NEARUSD	38	25	101.10	1.663	0.131	51.74	5	125
structure-anchored-vwap	4h	NEARUSD	6	5	132.11	6.721	1.091	125.24	3	333
structure-anchored-vwap	15m	AAVEUSD	12	11	178.72	9.904	0.710	127.90	7	42
structure-anchored-vwap	4h	FILUSD	11	9	89.92	3.037	0.399	103.38	5	333
structure-anchored-vwap	1h	VVVUSD	16	11	106.89	2.014	0.334	87.59	5	125
smart-grid-scalping-pullback-strategy-bullbyte	4h	BTCUSD	45	17	-160.52	0.425	-0.199	-195.50	2	333
nse-elite-strategy-v6-full-system	15m	BNBUSD	12	6	-20.46	0.681	-0.085	-46.59	2	42
structure-anchored-vwap	4h	SUIUSD	10	6	19.75	1.249	0.108	13.12	3	333
structure-anchored-vwap	15m	NEARUSD	12	9	92.03	2.468	0.376	67.52	5	42
smart-grid-scalping-pullback-strategy-bullbyte	1h	FILUSD	34	24	195.26	2.391	0.268	119.48	5	125
structure-anchored-vwap	1h	XRPUSD	15	10	82.95	1.779	0.276	36.29	5	125
structure-anchored-vwap	4h	UNIUSD	10	9	149.30	8.258	0.714	167.22	5	333
smart-grid-scalping-pullback-strategy-bullbyte	4h	TAOUSD	35	26	62.00	1.430	0.090	37.43	6	333
mcginley-t3-flow-campaign-nick789-v-1	15m	UNIUSD	51	26	25.27	1.052	0.040	-89.33	3	42
structure-anchored-vwap	4h	HYPEUSD	6	6	99.32	99.000	0.803	134.58	5	333
structure-anchored-vwap	15m	FILUSD	5	2	-17.49	0.694	-0.166	-30.71	1	42
structure-anchored-vwap	1h	BTCUSD	13	8	56.31	1.563	0.229	147.77	4	125
nse-elite-strategy-v6-full-system	15m	BCHUSD	43	17	-85.73	0.760	-0.093	-176.97	3	42
swing-breakout-strategy-quant-core	15m	AKEUSD	15	12	195.53	4.878	0.660	163.64	7	42
structure-anchored-vwap	4h	VVVUSD	7	6	214.20	10.641	1.448	207.44	4	333
swing-breakout-strategy-quant-core	15m	AVAXUSD	17	9	4.53	1.028	0.025	-61.16	3	42
smart-grid-scalping-pullback-strategy-bullbyte	4h	EVAAUSD	36	25	85.04	1.733	0.116	69.27	6	333
swing-breakout-strategy-quant-core	15m	MUBARAKUSD	23	14	444.48	3.190	0.848	378.03	7	42
smart-grid-scalping-pullback-strategy-bullbyte	1h	SUIUSD	39	23	41.01	1.297	0.054	-30.45	5	125
swing-breakout-strategy-quant-core	15m	SAGAUSD	19	10	97.09	1.495	0.272	101.39	3	42
swing-breakout-strategy-quant-core	15m	AINUSD	10	4	-73.33	0.350	-0.381	-104.91	0	42
structure-anchored-vwap	1h	TAOUSD	14	8	1.27	1.011	0.014	-23.94	3	125
structure-anchored-vwap	4h	XRPUSD	12	7	46.50	1.453	0.202	34.37	4	333
swing-breakout-strategy-quant-core	15m	COOKIEUSD	12	9	173.84	3.797	0.685	116.93	5	42
smart-grid-scalping-pullback-strategy-bullbyte	4h	PIEVERSEUSD	13	10	86.22	2.374	0.328	78.61	5	154
swing-breakout-strategy-quant-core	15m	1000PEPEUSD	18	12	246.39	2.837	0.643	191.79	4	42
swing-breakout-strategy-quant-core	15m	ETCUSD	13	5	-90.70	0.403	-0.358	-131.50	2	42
structure-anchored-vwap	15m	SUIUSD	14	10	95.60	2.203	0.337	39.89	4	42
swing-breakout-strategy-quant-core	15m	WIFUSD	15	8	124.44	1.799	0.424	80.87	3	42
structure-anchored-vwap	4h	BTCUSD	8	7	65.16	4.124	0.422	76.13	4	333
swing-breakout-strategy-quant-core	15m	DOGEUSD	14	6	-98.38	0.360	-0.364	-94.66	1	42
swing-breakout-strategy-quant-core	15m	ETHUSD	7	3	-19.96	0.730	-0.136	-42.19	2	42
structure-anchored-vwap	1h	EVAAUSD	13	10	170.94	3.659	0.621	140.09	6	125
swing-breakout-strategy-quant-core	15m	SOLUSD	13	6	-9.39	0.930	-0.024	-22.99	3	42
swing-breakout-strategy-quant-core	15m	ZECUSD	24	12	-39.32	0.827	-0.085	-41.67	5	42
smart-grid-scalping-pullback-strategy-bullbyte	4h	LINKUSD	39	30	160.95	2.405	0.196	113.00	7	333
structure-anchored-vwap	4h	TAOUSD	8	8	114.91	99.000	0.687	96.87	5	333
swing-breakout-strategy-quant-core	15m	AAVEUSD	21	9	-76.63	0.655	-0.182	-106.12	4	42
smart-grid-scalping-pullback-strategy-bullbyte	1h	UNIUSD	61	38	78.49	1.276	0.066	2.43	6	125
swing-breakout-strategy-quant-core	15m	NEARUSD	17	8	36.41	1.202	0.127	-0.83	4	42
swing-breakout-strategy-quant-core	15m	FILUSD	15	5	-63.27	0.660	-0.196	-108.44	2	42
swing-breakout-strategy-quant-core	15m	SUIUSD	20	9	-11.40	0.946	-0.017	-57.36	4	42
structure-anchored-vwap	1h	PIEVERSEUSD	16	6	142.41	1.613	0.461	67.19	4	125
structure-anchored-vwap	15m	UNIUSD	20	12	180.44	2.047	0.449	158.44	5	42
swing-breakout-strategy-quant-core	15m	UNIUSD	17	9	134.29	1.792	0.399	57.33	3	42
structure-anchored-vwap	4h	EVAAUSD	7	4	5.28	1.112	0.044	2.71	3	333
swing-breakout-strategy-quant-core	15m	HYPEUSD	16	9	3.18	1.023	0.018	-75.16	4	42
swing-breakout-strategy-quant-core	15m	VVVUSD	18	10	120.27	1.677	0.343	57.96	6	42
structure-anchored-vwap	4h	PIEVERSEUSD	3	2	102.94	6.206	1.750	98.10	2	154
swing-breakout-strategy-quant-core	15m	XRPUSD	14	7	-4.05	0.971	-0.004	-57.33	2	42
smart-grid-scalping-pullback-strategy-bullbyte	4h	BNBUSD	32	22	69.47	1.551	0.120	30.77	5	333
swing-breakout-strategy-quant-core	15m	BTCUSD	4	1	-51.51	0.088	-0.664	-52.75	1	42
swing-breakout-strategy-quant-core	15m	TAOUSD	24	14	27.70	1.139	0.068	-39.80	4	42
structure-anchored-vwap	1h	LINKUSD	12	10	105.69	3.546	0.428	51.42	5	125
swing-breakout-strategy-quant-core	15m	EVAAUSD	14	10	152.22	2.910	0.530	90.76	5	42
structure-anchored-vwap	4h	LINKUSD	10	9	137.98	7.165	0.665	130.90	5	333
mcginley-t3-flow-campaign-nick789-v-1	15m	HYPEUSD	56	33	236.01	1.448	0.209	56.05	5	42
smart-grid-scalping-pullback-strategy-bullbyte	1h	HYPEUSD	40	22	-73.35	0.683	-0.092	-109.69	2	125
swing-breakout-strategy-quant-core	15m	PIEVERSEUSD	23	13	235.80	2.188	0.498	157.69	5	42
swing-breakout-strategy-quant-core	15m	LINKUSD	22	13	55.89	1.298	0.141	-58.99	3	42
structure-anchored-vwap	15m	HYPEUSD	12	9	184.84	3.958	0.735	133.33	4	42
swing-breakout-strategy-quant-core	15m	BNBUSD	8	2	-9.68	0.916	-0.022	-34.41	1	42
swing-breakout-strategy-quant-core	15m	BCHUSD	17	8	-65.18	0.602	-0.190	-111.07	2	42
swing-breakout-strategy-quant-core	1h	AKEUSD	6	6	186.67	99.000	2.085	185.56	3	63
structure-anchored-vwap	4h	BNBUSD	9	9	206.47	99.000	1.100	158.68	6	333
swing-breakout-strategy-quant-core	1h	AVAXUSD	9	3	-55.65	0.500	-0.309	-71.53	2	125
structure-anchored-vwap	1h	BNBUSD	15	13	276.62	8.046	0.850	288.72	5	125
swing-breakout-strategy-quant-core	1h	MUBARAKUSD	13	5	231.59	2.360	0.878	204.16	5	125
smart-grid-scalping-pullback-strategy-bullbyte	4h	BCHUSD	33	24	151.06	2.262	0.218	112.95	5	333
swing-breakout-strategy-quant-core	4h	AKEUSD	0	0	0.00	0.000	0.000	0.00	0	63
swing-breakout-strategy-quant-core	1h	SAGAUSD	10	5	52.04	1.489	0.271	40.45	3	125
swing-breakout-strategy-quant-core	1h	AINUSD	9	5	20.51	1.255	0.128	13.43	5	125
swing-breakout-strategy-quant-core	1h	COOKIEUSD	12	8	96.90	2.223	0.401	79.15	2	125
swing-breakout-strategy-quant-core	1h	1000PEPEUSD	7	4	1.95	1.032	0.024	72.00	3	125
swing-breakout-strategy-quant-core	4h	AVAXUSD	4	3	44.22	3.121	0.560	39.46	2	333
structure-anchored-vwap	4h	BCHUSD	9	8	195.23	10.443	1.013	178.28	5	333
swing-breakout-strategy-quant-core	1h	ETCUSD	7	5	80.48	2.950	0.571	61.89	3	125
swing-breakout-strategy-quant-core	1h	WIFUSD	8	6	28.77	1.717	0.182	0.62	3	125
swing-breakout-strategy-quant-core	1h	DOGEUSD	6	4	29.68	1.771	0.254	20.22	3	125
structure-anchored-vwap	15m	VVVUSD	19	14	111.55	2.015	0.291	95.80	5	42
swing-breakout-strategy-quant-core	1h	ETHUSD	8	3	133.87	2.214	0.864	21.95	2	125
swing-breakout-strategy-quant-core	4h	MUBARAKUSD	8	6	36.71	1.866	0.231	2.51	2	333
structure-anchored-vwap	1h	BCHUSD	10	9	92.49	5.153	0.448	70.31	5	125
swing-breakout-strategy-quant-core	1h	SOLUSD	9	7	185.93	5.569	1.015	138.63	4	125
smart-grid-scalping-pullback-strategy-bullbyte	1h	VVVUSD	29	25	285.98	5.718	0.447	247.20	6	125
swing-breakout-strategy-quant-core	1h	ZECUSD	17	10	40.51	1.280	0.142	37.14	4	125
swing-breakout-strategy-quant-core	1h	AAVEUSD	11	8	58.55	2.019	0.318	47.12	5	125
take-liquidity-multi-time-frame-tradesystem	1h	AKEUSD	32	10	-99.77	0.678	-0.186	-132.61	2	63
swing-breakout-strategy-quant-core	4h	SAGAUSD	5	2	15.12	1.258	0.175	28.73	2	333
swing-breakout-strategy-quant-core	1h	NEARUSD	9	5	33.16	1.401	0.197	22.05	2	125
swing-breakout-strategy-quant-core	1h	FILUSD	9	4	-36.28	0.634	-0.197	-52.94	2	125
swing-breakout-strategy-quant-core	1h	SUIUSD	9	5	-11.49	0.857	-0.057	-29.02	3	125
swing-breakout-strategy-quant-core	4h	AINUSD	4	3	26.09	2.310	0.329	23.67	2	333
swing-breakout-strategy-quant-core	1h	UNIUSD	16	11	68.35	1.652	0.215	99.00	5	125
swing-breakout-strategy-quant-core	1h	HYPEUSD	8	5	95.42	2.533	0.610	114.51	4	125
take-liquidity-multi-time-frame-tradesystem	1h	AVAXUSD	75	29	-187.68	0.744	-0.127	-318.98	4	125
swing-breakout-strategy-quant-core	1h	VVVUSD	12	6	52.48	1.433	0.242	46.26	3	125
swing-breakout-strategy-quant-core	1h	XRPUSD	8	5	46.90	1.755	0.298	18.07	4	125
swing-breakout-strategy-quant-core	4h	COOKIEUSD	1	0	-20.00	0.000	-1.000	-20.00	0	333
swing-breakout-strategy-quant-core	1h	BTCUSD	7	6	52.03	3.637	0.374	32.10	5	125
structure-anchored-vwap	15m	XRPUSD	14	10	81.63	1.966	0.289	27.98	5	42
swing-breakout-strategy-quant-core	1h	TAOUSD	8	6	231.51	6.283	1.370	197.24	4	125
swing-breakout-strategy-quant-core	4h	1000PEPEUSD	6	1	-87.07	0.086	-0.754	-87.55	1	268
swing-breakout-strategy-quant-core	1h	EVAAUSD	11	6	126.69	2.145	0.584	117.78	2	125
take-liquidity-multi-time-frame-tradesystem	1h	MUBARAKUSD	76	32	195.81	1.233	0.143	38.76	5	125
swing-breakout-strategy-quant-core	1h	PIEVERSEUSD	17	7	48.39	1.229	0.165	39.31	3	125
swing-breakout-strategy-quant-core	1h	LINKUSD	11	7	87.51	2.087	0.413	36.73	2	125
swing-breakout-strategy-quant-core	4h	ETCUSD	2	1	14.57	1.704	0.382	12.16	1	333
swing-breakout-strategy-quant-core	1h	BNBUSD	14	7	-46.47	0.659	-0.160	-105.95	2	125
swing-breakout-strategy-quant-core	1h	BCHUSD	10	3	-25.79	0.811	-0.111	-35.85	3	125
take-liquidity-multi-time-frame-tradesystem	15m	AKEUSD	27	9	-89.36	0.629	-0.193	-106.21	3	42
take-liquidity-multi-time-frame-tradesystem	1h	SAGAUSD	80	33	-315.60	0.579	-0.227	-427.25	2	125
smart-grid-scalping-pullback-strategy-bullbyte	1h	XRPUSD	54	35	40.48	1.158	0.041	-61.00	6	125
swing-breakout-strategy-quant-core	4h	WIFUSD	4	2	-1.82	0.956	-0.012	-3.55	1	333
take-liquidity-multi-time-frame-tradesystem	1h	AINUSD	86	36	-0.45	0.999	0.016	-110.44	4	125
swing-breakout-strategy-quant-core	4h	DOGEUSD	3	1	-30.63	0.214	-0.514	-31.15	0	333
take-liquidity-multi-time-frame-tradesystem	1h	COOKIEUSD	77	31	-217.77	0.694	-0.149	-327.25	3	125
structure-anchored-vwap	15m	BTCUSD	9	8	132.24	7.541	0.722	159.25	4	42
swing-breakout-strategy-quant-core	4h	ETHUSD	4	2	-14.99	0.619	-0.179	-16.92	1	333
swing-breakout-strategy-quant-core	4h	SOLUSD	6	3	-1.64	0.969	-0.018	-6.09	2	333
mcginley-t3-flow-campaign-nick789-v-1	15m	VVVUSD	74	42	313.28	1.477	0.202	59.98	5	42
take-liquidity-multi-time-frame-tradesystem	1h	1000PEPEUSD	117	48	-251.14	0.775	-0.114	-438.21	3	125
swing-breakout-strategy-quant-core	4h	ZECUSD	10	8	308.11	8.356	1.517	298.71	4	333
take-liquidity-multi-time-frame-tradesystem	4h	AKEUSD	1	1	19.24	99.000	1.891	19.16	1	63
take-liquidity-multi-time-frame-tradesystem	1h	ETCUSD	100	41	-208.43	0.780	-0.106	-380.26	4	125
smart-grid-scalping-pullback-strategy-bullbyte	1h	BTCUSD	47	18	-218.07	0.249	-0.267	-280.40	3	125
swing-breakout-strategy-quant-core	4h	AAVEUSD	7	3	-35.21	0.507	-0.272	-29.94	2	333
structure-anchored-vwap	15m	TAOUSD	12	8	197.53	3.133	0.787	146.99	4	42
swing-breakout-strategy-quant-core	4h	NEARUSD	5	2	42.47	1.719	0.452	39.05	2	333
take-liquidity-multi-time-frame-tradesystem	1h	WIFUSD	96	46	-43.55	0.950	-0.011	-259.20	4	125
take-liquidity-multi-time-frame-tradesystem	15m	AVAXUSD	17	11	56.63	1.568	0.170	13.49	6	42
swing-breakout-strategy-quant-core	4h	FILUSD	3	0	-58.14	0.000	-0.990	-58.16	0	333
take-liquidity-multi-time-frame-tradesystem	1h	DOGEUSD	72	32	-205.36	0.673	-0.153	-260.57	4	125
swing-breakout-strategy-quant-core	4h	SUIUSD	6	3	-33.03	0.445	-0.274	-61.84	1	333
swing-breakout-strategy-quant-core	4h	UNIUSD	5	3	-0.67	0.983	0.001	-2.89	1	333
take-liquidity-multi-time-frame-tradesystem	1h	ETHUSD	72	29	-322.39	0.479	-0.265	-393.42	3	125
structure-anchored-vwap	15m	EVAAUSD	10	9	228.77	12.095	1.068	188.11	5	42
swing-breakout-strategy-quant-core	4h	HYPEUSD	8	7	277.39	13.474	1.594	261.11	4	333
smart-grid-scalping-pullback-strategy-bullbyte	1h	TAOUSD	33	18	12.02	1.063	0.024	-25.83	4	125
swing-breakout-strategy-quant-core	4h	VVVUSD	13	7	0.77	1.007	0.004	-5.14	3	333
take-liquidity-multi-time-frame-tradesystem	1h	SOLUSD	79	29	-261.94	0.613	-0.188	-375.54	4	125
swing-breakout-strategy-quant-core	4h	XRPUSD	6	0	-113.18	0.000	-0.992	-113.25	0	333
take-liquidity-multi-time-frame-tradesystem	1h	ZECUSD	77	31	-136.61	0.800	-0.091	-229.34	4	125
take-liquidity-multi-time-frame-tradesystem	15m	MUBARAKUSD	14	5	-80.41	0.526	-0.290	-86.96	3	42
swing-breakout-strategy-quant-core	4h	BTCUSD	3	1	-30.14	0.200	-0.524	-20.87	1	333
structure-anchored-vwap	15m	PIEVERSEUSD	15	11	249.69	4.241	0.771	225.54	5	42
swing-breakout-strategy-quant-core	4h	TAOUSD	7	4	3.69	1.061	0.035	0.16	1	333
take-liquidity-multi-time-frame-tradesystem	1h	AAVEUSD	93	28	-435.44	0.458	-0.323	-488.64	2	125
swing-breakout-strategy-quant-core	4h	EVAAUSD	7	4	144.59	3.268	1.029	140.87	3	333
smart-grid-scalping-pullback-strategy-bullbyte	1h	EVAAUSD	52	29	39.56	1.115	0.045	0.70	5	125
swing-breakout-strategy-quant-core	4h	PIEVERSEUSD	3	1	-22.25	0.434	-0.374	-22.97	1	154
take-liquidity-multi-time-frame-tradesystem	1h	NEARUSD	101	32	-389.71	0.589	-0.235	-480.79	2	125
take-liquidity-multi-time-frame-tradesystem	4h	AVAXUSD	10	4	-11.72	0.881	-0.048	-12.37	2	333
swing-breakout-strategy-quant-core	4h	LINKUSD	4	3	40.15	2.930	0.505	46.96	2	333
take-liquidity-multi-time-frame-tradesystem	1h	FILUSD	94	29	-417.81	0.530	-0.275	-453.92	1	125
swing-breakout-strategy-quant-core	4h	BNBUSD	8	5	76.63	2.232	0.493	141.64	3	333
structure-anchored-vwap	15m	LINKUSD	9	7	52.57	2.287	0.291	40.98	5	42
mcginley-t3-flow-campaign-nick789-v-1	15m	XRPUSD	27	17	74.84	1.373	0.148	31.21	4	42
take-liquidity-multi-time-frame-tradesystem	1h	SUIUSD	80	29	-423.14	0.460	-0.335	-503.90	0	125
swing-breakout-strategy-quant-core	4h	BCHUSD	6	1	-76.27	0.217	-0.652	-77.45	1	333
take-liquidity-multi-time-frame-tradesystem	15m	SAGAUSD	16	10	31.79	1.266	0.106	-5.33	3	42
take-liquidity-multi-time-frame-tradesystem	1h	UNIUSD	65	24	-209.39	0.651	-0.173	-287.30	3	125
smart-grid-scalping-pullback-strategy-bullbyte	1h	PIEVERSEUSD	31	19	130.54	1.685	0.210	95.59	7	125
take-liquidity-multi-time-frame-tradesystem	1h	HYPEUSD	83	36	-245.92	0.657	-0.163	-358.22	3	125
structure-anchored-vwap	15m	BNBUSD	7	6	62.62	3.929	0.446	38.93	4	42
take-liquidity-multi-time-frame-tradesystem	1h	VVVUSD	90	39	-175.68	0.776	-0.098	-248.29	3	125
take-liquidity-multi-time-frame-tradesystem	1h	XRPUSD	63	26	-253.01	0.589	-0.223	-323.81	3	125
trend-trigger-ema-trend-filter-mtf-stochastic-entry-with-atr	15m	AKEUSD	30	20	420.80	3.083	0.696	325.26	3	42
take-liquidity-multi-time-frame-tradesystem	15m	AINUSD	9	5	7.29	1.104	0.048	-10.39	4	42
structure-anchored-vwap	15m	BCHUSD	13	9	33.03	1.406	0.132	55.09	3	42
smart-grid-scalping-pullback-strategy-bullbyte	1h	LINKUSD	39	33	261.46	5.281	0.302	150.00	7	125
take-liquidity-multi-time-frame-tradesystem	1h	BTCUSD	86	34	-374.38	0.445	-0.271	-475.77	1	125
trend-trigger-ema-trend-filter-mtf-stochastic-entry-with-atr	1h	AKEUSD	1	1	21.94	99.000	1.426	21.52	1	63
take-liquidity-multi-time-frame-tradesystem	4h	MUBARAKUSD	2	1	-2.66	0.869	-0.058	-4.18	1	333
take-liquidity-multi-time-frame-tradesystem	1h	TAOUSD	103	35	-473.85	0.466	-0.304	-528.26	1	125
trend-trigger-ema-trend-filter-mtf-stochastic-entry-with-atr	1h	AVAXUSD	11	4	-97.05	0.274	-0.458	-127.45	2	125
trend-trigger-ema-trend-filter-mtf-stochastic-entry-with-atr	1h	MUBARAKUSD	11	8	62.68	2.052	0.285	51.72	4	125
take-liquidity-multi-time-frame-tradesystem	1h	EVAAUSD	85	29	-371.60	0.522	-0.264	-406.92	2	125
trend-trigger-ema-trend-filter-mtf-stochastic-entry-with-atr	1h	SAGAUSD	7	0	-130.48	0.000	-0.989	-130.62	0	125
trend-trigger-ema-trend-filter-mtf-stochastic-entry-with-atr	1h	AINUSD	6	3	-20.80	0.642	-0.168	-25.25	3	125
take-liquidity-multi-time-frame-tradesystem	15m	COOKIEUSD	9	5	-2.63	0.962	-0.008	-13.75	3	42
take-liquidity-multi-time-frame-tradesystem	1h	PIEVERSEUSD	59	25	-61.87	0.897	-0.039	-142.62	3	125
trend-trigger-ema-trend-filter-mtf-stochastic-entry-with-atr	1h	COOKIEUSD	7	2	-72.60	0.251	-0.530	-81.83	1	125
smart-grid-scalping-pullback-strategy-bullbyte	1h	BNBUSD	53	35	-4.15	0.987	0.003	-117.75	6	125
trend-trigger-ema-trend-filter-mtf-stochastic-entry-with-atr	15m	AVAXUSD	13	5	-79.72	0.465	-0.310	-147.15	3	42
trend-trigger-ema-trend-filter-mtf-stochastic-entry-with-atr	1h	1000PEPEUSD	6	3	-37.20	0.368	-0.310	-53.29	2	125
take-liquidity-multi-time-frame-tradesystem	1h	LINKUSD	79	28	-416.43	0.420	-0.334	-492.20	0	125
mcginley-t3-flow-campaign-nick789-v-1	15m	BTCUSD	19	9	-130.62	0.280	-0.367	-132.71	3	42
trend-trigger-ema-trend-filter-mtf-stochastic-entry-with-atr	1h	ETCUSD	7	3	-6.01	0.924	-0.026	-25.45	3	125
trend-trigger-ema-trend-filter-mtf-stochastic-entry-with-atr	1h	WIFUSD	6	4	14.09	1.340	0.124	21.00	3	125
take-liquidity-multi-time-frame-tradesystem	1h	BNBUSD	81	30	-323.24	0.593	-0.235	-405.19	3	125
trend-trigger-ema-trend-filter-mtf-stochastic-entry-with-atr	1h	DOGEUSD	7	4	-29.55	0.502	-0.210	-33.47	3	125
trend-trigger-ema-trend-filter-mtf-stochastic-entry-with-atr	1h	ETHUSD	7	4	26.52	1.439	0.198	21.51	2	125
take-liquidity-multi-time-frame-tradesystem	1h	BCHUSD	89	34	-461.36	0.376	-0.340	-501.27	0	125
trend-trigger-ema-trend-filter-mtf-stochastic-entry-with-atr	1h	SOLUSD	7	4	-18.89	0.680	-0.117	-21.62	2	125
trend-trigger-ema-trend-filter-mtf-stochastic-entry-with-atr	1h	ZECUSD	11	6	-19.86	0.794	-0.095	-35.82	3	125
trend-trigger-ema-trend-filter-mtf-stochastic-entry-with-atr	4h	AVAXUSD	7	1	-96.17	0.151	-0.726	-98.62	0	333
smart-grid-scalping-pullback-strategy-bullbyte	1h	BCHUSD	62	40	184.03	1.774	0.141	70.51	6	125
take-liquidity-multi-time-frame-tradesystem	15m	1000PEPEUSD	18	9	90.81	1.578	0.265	25.27	3	42
trend-trigger-ema-trend-filter-mtf-stochastic-entry-with-atr	1h	AAVEUSD	11	6	36.00	1.378	0.189	9.02	3	125
trend-trigger-ema-trend-filter-mtf-stochastic-entry-with-atr	1h	NEARUSD	11	7	26.60	1.399	0.125	-3.55	5	125
take-liquidity-multi-time-frame-tradesystem	4h	SAGAUSD	4	2	-22.74	0.431	-0.282	-23.97	1	333
trend-trigger-ema-trend-filter-mtf-stochastic-entry-with-atr	4h	MUBARAKUSD	7	4	22.33	1.365	0.169	17.32	4	333
trend-trigger-ema-trend-filter-mtf-stochastic-entry-with-atr	1h	FILUSD	7	1	-55.08	0.463	-0.389	-61.72	1	125
trend-trigger-ema-trend-filter-mtf-stochastic-entry-with-atr	4h	SAGAUSD	5	2	-19.28	0.674	-0.184	-22.74	1	333
trend-trigger-ema-trend-filter-mtf-stochastic-entry-with-atr	15m	MUBARAKUSD	27	12	-135.86	0.468	-0.264	-149.01	2	42
trend-trigger-ema-trend-filter-mtf-stochastic-entry-with-atr	1h	SUIUSD	2	1	-3.22	0.839	-0.071	-11.84	1	125
ut-bot-shah-200-50-ema	15m	AKEUSD	22	13	32.34	1.198	0.098	7.12	4	42
trend-trigger-ema-trend-filter-mtf-stochastic-entry-with-atr	1h	UNIUSD	5	3	43.12	2.011	0.439	34.26	3	125
trend-trigger-ema-trend-filter-mtf-stochastic-entry-with-atr	4h	AINUSD	2	1	2.73	1.139	0.078	1.50	1	333
trend-trigger-ema-trend-filter-mtf-stochastic-entry-with-atr	1h	HYPEUSD	11	8	79.31	2.254	0.360	43.43	5	125
trend-trigger-ema-trend-filter-mtf-stochastic-entry-with-atr	1h	VVVUSD	13	5	-64.54	0.584	-0.253	-72.24	2	125
trend-trigger-ema-trend-filter-mtf-stochastic-entry-with-atr	4h	COOKIEUSD	6	1	-77.98	0.183	-0.667	-78.96	0	333
take-liquidity-multi-time-frame-tradesystem	15m	ETCUSD	10	5	-8.02	0.921	-0.028	-33.44	2	42
trend-trigger-ema-trend-filter-mtf-stochastic-entry-with-atr	1h	XRPUSD	3	1	-5.46	0.813	-0.083	-12.40	1	125
trend-trigger-ema-trend-filter-mtf-stochastic-entry-with-atr	4h	1000PEPEUSD	3	1	3.35	1.083	0.080	0.46	1	268
trend-trigger-ema-trend-filter-mtf-stochastic-entry-with-atr	1h	BTCUSD	9	7	42.73	2.077	0.243	39.61	4	125
ut-bot-shah-200-50-ema	15m	AVAXUSD	38	17	-152.60	0.612	-0.209	-211.53	2	42
trend-trigger-ema-trend-filter-mtf-stochastic-entry-with-atr	4h	ETCUSD	8	6	42.17	2.070	0.265	34.17	3	333
trend-trigger-ema-trend-filter-mtf-stochastic-entry-with-atr	1h	TAOUSD	6	3	-4.33	0.926	-0.023	5.71	2	125
trend-trigger-ema-trend-filter-mtf-stochastic-entry-with-atr	4h	WIFUSD	6	4	15.31	1.380	0.135	11.78	3	333
trend-trigger-ema-trend-filter-mtf-stochastic-entry-with-atr	1h	EVAAUSD	17	9	90.50	1.529	0.284	76.77	4	125
trend-trigger-ema-trend-filter-mtf-stochastic-entry-with-atr	4h	DOGEUSD	10	4	-50.85	0.555	-0.254	-61.88	2	333
trend-trigger-ema-trend-filter-mtf-stochastic-entry-with-atr	4h	ETHUSD	6	5	76.33	4.633	0.630	49.58	3	333
trend-trigger-ema-trend-filter-mtf-stochastic-entry-with-atr	4h	SOLUSD	5	2	-40.28	0.289	-0.422	-30.84	1	333
trend-trigger-ema-trend-filter-mtf-stochastic-entry-with-atr	15m	SAGAUSD	13	4	-82.32	0.519	-0.318	-94.00	2	42
mcginley-t3-flow-campaign-nick789-v-1	15m	TAOUSD	39	21	11.48	1.032	0.027	-96.99	4	42
ut-bot-shah-200-50-ema	15m	MUBARAKUSD	45	20	3.12	1.007	0.024	-56.80	4	42
trend-trigger-ema-trend-filter-mtf-stochastic-entry-with-atr	1h	PIEVERSEUSD	4	4	141.08	99.000	1.720	122.00	4	125
trend-trigger-ema-trend-filter-mtf-stochastic-entry-with-atr	4h	ZECUSD	5	1	-66.60	0.117	-0.708	-67.01	1	333
trend-trigger-ema-trend-filter-mtf-stochastic-entry-with-atr	1h	LINKUSD	8	7	69.06	4.257	0.423	25.67	7	125
take-liquidity-multi-time-frame-tradesystem	15m	WIFUSD	6	3	-12.99	0.782	-0.100	-17.52	0	42
trend-trigger-ema-trend-filter-mtf-stochastic-entry-with-atr	4h	AAVEUSD	3	1	-29.10	0.206	-0.515	-31.01	1	333
trend-trigger-ema-trend-filter-mtf-stochastic-entry-with-atr	4h	NEARUSD	6	4	-4.58	0.882	-0.035	-7.09	2	333
trend-trigger-ema-trend-filter-mtf-stochastic-entry-with-atr	1h	BNBUSD	3	2	0.86	1.043	0.021	-10.68	1	125
take-liquidity-multi-time-frame-tradesystem	4h	AINUSD	3	2	-1.74	0.913	-0.025	-2.82	1	333
trend-trigger-ema-trend-filter-mtf-stochastic-entry-with-atr	4h	FILUSD	4	1	47.17	1.722	0.658	41.01	1	333
trend-trigger-ema-trend-filter-mtf-stochastic-entry-with-atr	1h	BCHUSD	6	3	30.74	1.478	0.275	19.62	2	125
trend-trigger-ema-trend-filter-mtf-stochastic-entry-with-atr	4h	SUIUSD	6	2	-32.95	0.573	-0.266	-34.85	1	333
ut-bot-shah-200-50-ema	1h	AKEUSD	5	3	16.81	1.536	0.289	5.64	2	63
trend-trigger-ema-trend-filter-mtf-stochastic-entry-with-atr	4h	UNIUSD	7	3	-31.50	0.607	-0.217	-33.66	1	333
ut-bot-shah-200-50-ema	15m	SAGAUSD	43	17	-161.91	0.657	-0.195	-234.17	1	42
ut-bot-shah-200-50-ema	1h	AVAXUSD	40	19	-156.13	0.618	-0.205	-204.60	2	125
ut-bot-shah-200-50-ema	1h	MUBARAKUSD	46	20	88.99	1.190	0.121	46.31	3	125
ut-bot-shah-200-50-ema	1h	SAGAUSD	51	31	393.05	1.924	0.347	293.50	4	125
trend-trigger-ema-trend-filter-mtf-stochastic-entry-with-atr	4h	HYPEUSD	3	2	102.88	5.629	1.746	97.76	2	333
ut-bot-shah-200-50-ema	1h	AINUSD	34	9	-167.77	0.631	-0.250	-203.71	2	125
ut-bot-shah-200-50-ema	1h	COOKIEUSD	37	22	206.68	1.611	0.268	139.71	6	125
ut-bot-shah-200-50-ema	1h	1000PEPEUSD	50	23	117.50	1.193	0.136	37.41	4	125
take-liquidity-multi-time-frame-tradesystem	15m	DOGEUSD	17	8	11.30	1.072	0.046	-36.02	2	42
trend-trigger-ema-trend-filter-mtf-stochastic-entry-with-atr	4h	VVVUSD	4	2	30.22	1.731	0.395	28.94	2	333
ut-bot-shah-200-50-ema	15m	AINUSD	21	11	-9.72	0.953	-0.009	-82.80	2	42
ut-bot-shah-200-50-ema	1h	ETCUSD	53	29	12.12	1.025	0.021	-92.84	3	125
trend-trigger-ema-trend-filter-mtf-stochastic-entry-with-atr	4h	XRPUSD	4	4	106.51	99.000	1.286	98.41	4	333
ut-bot-shah-200-50-ema	1h	WIFUSD	38	11	-213.32	0.575	-0.298	-211.86	2	125
trend-trigger-ema-trend-filter-mtf-stochastic-entry-with-atr	15m	AINUSD	9	5	45.64	1.569	0.263	27.65	2	42
trend-trigger-ema-trend-filter-mtf-stochastic-entry-with-atr	4h	BTCUSD	6	5	128.74	7.322	1.059	108.38	3	333
ut-bot-shah-200-50-ema	1h	DOGEUSD	33	15	-74.78	0.787	-0.106	-113.55	3	125
trend-trigger-ema-trend-filter-mtf-stochastic-entry-with-atr	4h	TAOUSD	5	2	-31.47	0.477	-0.312	-32.97	2	333
ut-bot-shah-200-50-ema	1h	ETHUSD	31	11	-111.80	0.357	-0.189	-154.96	3	125
ut-bot-shah-200-50-ema	1h	SOLUSD	33	20	151.91	1.531	0.237	65.31	4	125
ut-bot-shah-200-50-ema	1h	ZECUSD	37	18	-83.16	0.536	-0.123	-124.41	3	125
trend-trigger-ema-trend-filter-mtf-stochastic-entry-with-atr	4h	EVAAUSD	6	3	-10.30	0.830	-0.077	-13.46	2	333
ut-bot-shah-200-50-ema	15m	COOKIEUSD	31	13	-53.49	0.841	-0.072	-155.41	1	42
ut-bot-shah-200-50-ema	1h	AAVEUSD	39	22	-4.63	0.986	-0.008	-22.77	3	125
ut-bot-shah-200-50-ema	1h	NEARUSD	36	16	-84.14	0.778	-0.110	-123.03	3	125
trend-trigger-ema-trend-filter-mtf-stochastic-entry-with-atr	4h	PIEVERSEUSD	2	1	-2.49	0.875	-0.057	-3.84	1	154
ut-bot-shah-200-50-ema	1h	FILUSD	39	23	169.21	1.491	0.216	81.16	4	125
trend-trigger-ema-trend-filter-mtf-stochastic-entry-with-atr	4h	LINKUSD	4	3	14.54	1.713	0.186	22.39	2	333
trend-trigger-ema-trend-filter-mtf-stochastic-entry-with-atr	4h	BNBUSD	3	2	11.30	1.575	0.210	7.76	2	333
ut-bot-shah-200-50-ema	1h	SUIUSD	49	24	-86.87	0.815	-0.082	-180.57	4	125
take-liquidity-multi-time-frame-tradesystem	15m	ETHUSD	14	7	56.40	1.474	0.213	12.15	2	42
trend-trigger-ema-trend-filter-mtf-stochastic-entry-with-atr	4h	BCHUSD	8	6	83.68	3.091	0.517	75.98	5	333
ut-bot-shah-200-50-ema	1h	UNIUSD	45	23	46.74	1.105	0.065	-43.43	4	125
ut-bot-shah-200-50-ema	4h	AKEUSD	2	0	-30.75	0.000	-0.996	-31.32	0	63
ut-bot-shah-200-50-ema	4h	AVAXUSD	21	9	-28.28	0.888	-0.053	-42.81	4	333
ut-bot-shah-200-50-ema	1h	HYPEUSD	33	16	-93.15	0.726	-0.140	-143.08	2	125
ut-bot-shah-200-50-ema	4h	MUBARAKUSD	31	16	-22.98	0.925	-0.027	32.56	3	333
ut-bot-shah-200-50-ema	15m	1000PEPEUSD	44	22	159.85	1.343	0.193	94.41	3	42
take-liquidity-multi-time-frame-tradesystem	4h	COOKIEUSD	2	0	-39.59	0.000	-1.000	-39.60	0	333
ut-bot-shah-200-50-ema	1h	VVVUSD	33	11	-205.18	0.470	-0.344	-230.28	2	125
ut-bot-shah-200-50-ema	4h	SAGAUSD	28	17	155.87	1.661	0.272	128.06	3	333
ut-bot-shah-200-50-ema	1h	XRPUSD	35	24	248.62	2.023	0.334	232.27	5	125
ut-bot-shah-200-50-ema	4h	AINUSD	18	11	161.40	2.061	0.446	146.74	5	333
trend-trigger-ema-trend-filter-mtf-stochastic-entry-with-atr	15m	COOKIEUSD	6	4	40.81	1.979	0.346	23.65	3	42
ut-bot-shah-200-50-ema	4h	COOKIEUSD	30	15	-45.54	0.851	-0.066	-102.51	2	333
ut-bot-shah-200-50-ema	1h	BTCUSD	32	5	-172.29	0.130	-0.298	-214.75	0	125
mcginley-t3-flow-campaign-nick789-v-1	15m	EVAAUSD	53	27	143.80	1.279	0.144	28.30	5	42
ut-bot-shah-200-50-ema	4h	1000PEPEUSD	20	9	8.43	1.039	0.037	-20.10	4	268
ut-bot-shah-200-50-ema	4h	ETCUSD	23	13	37.27	1.172	0.094	20.09	3	333
ut-bot-shah-200-50-ema	1h	TAOUSD	48	31	-44.89	0.860	-0.042	-111.70	3	125
ut-bot-shah-200-50-ema	4h	WIFUSD	25	9	-153.51	0.497	-0.323	-166.27	2	333
ut-bot-shah-200-50-ema	1h	EVAAUSD	28	13	41.12	1.128	0.093	19.61	2	125
ut-bot-shah-200-50-ema	4h	DOGEUSD	20	11	92.90	1.504	0.236	73.01	3	333
ut-bot-shah-200-50-ema	1h	PIEVERSEUSD	32	11	-212.21	0.426	-0.364	-233.24	2	125
ut-bot-shah-200-50-ema	4h	ETHUSD	28	7	-125.75	0.306	-0.245	-144.55	1	333
ut-bot-shah-200-50-ema	4h	SOLUSD	27	12	-118.13	0.560	-0.239	-129.11	3	333
ut-bot-shah-200-50-ema	1h	LINKUSD	41	26	302.35	1.896	0.337	135.98	6	125
ut-bot-shah-200-50-ema	15m	ETCUSD	46	21	-168.60	0.630	-0.188	-256.51	2	42
ut-bot-shah-200-50-ema	4h	ZECUSD	23	10	-35.39	0.693	-0.086	-45.92	3	333
ut-bot-shah-200-50-ema	4h	AAVEUSD	24	14	-46.90	0.726	-0.114	-66.68	3	333
ut-bot-shah-200-50-ema	1h	BNBUSD	32	16	-202.12	0.268	-0.355	-239.74	1	125
ut-bot-shah-200-50-ema	4h	NEARUSD	34	17	-76.83	0.761	-0.109	-91.37	3	333
ut-bot-shah-200-50-ema	1h	BCHUSD	36	18	-167.97	0.460	-0.250	-201.39	3	125
take-liquidity-multi-time-frame-tradesystem	15m	SOLUSD	21	11	32.92	1.199	0.093	-12.53	4	42
ut-bot-shah-200-50-ema	4h	FILUSD	31	13	-82.15	0.761	-0.126	-80.31	2	333
ut-bot-shah-200-50-ema	4h	SUIUSD	23	11	20.81	1.081	0.060	5.59	2	333
ut-bot-shah-200-50-ema	4h	UNIUSD	28	20	221.38	2.249	0.369	216.01	5	333
ut-bot-shah-200-50-ema	4h	HYPEUSD	25	11	-97.06	0.638	-0.198	-134.57	3	333
ut-bot-stc-conjunction-strategy-tester-v4-8	15m	AKEUSD	4	1	-36.57	0.168	-0.624	-38.15	1	42
ut-bot-shah-200-50-ema	4h	VVVUSD	31	18	118.36	1.420	0.196	102.69	5	333
ut-bot-shah-200-50-ema	4h	XRPUSD	22	10	-37.40	0.838	-0.075	-55.19	4	333
ut-bot-shah-200-50-ema	15m	WIFUSD	53	26	193.41	1.296	0.189	28.33	3	42
ut-bot-shah-200-50-ema	4h	BTCUSD	27	7	-118.90	0.225	-0.247	-140.93	0	333
ut-bot-shah-200-50-ema	4h	TAOUSD	24	16	6.96	1.084	0.017	-7.56	3	333
ut-bot-shah-200-50-ema	4h	EVAAUSD	21	11	50.54	1.238	0.130	38.07	3	333
ut-bot-stc-conjunction-strategy-tester-v4-8	15m	AVAXUSD	2	1	-15.04	0.196	-0.375	-38.53	1	42
ut-bot-shah-200-50-ema	4h	PIEVERSEUSD	8	3	-26.82	0.722	-0.163	-29.56	1	154
trend-trigger-ema-trend-filter-mtf-stochastic-entry-with-atr	15m	1000PEPEUSD	20	7	-109.03	0.559	-0.278	-131.98	2	42
ut-bot-shah-200-50-ema	4h	LINKUSD	24	11	-36.47	0.855	-0.067	-54.79	2	333
ut-bot-shah-200-50-ema	4h	BNBUSD	25	14	-36.39	0.701	-0.071	-67.82	2	333
ut-bot-shah-200-50-ema	4h	BCHUSD	25	16	-15.58	0.864	-0.029	-38.00	3	333
ut-bot-stc-conjunction-strategy-tester-v4-8	15m	MUBARAKUSD	8	3	-67.59	0.308	-0.430	-93.87	1	42
ut-bot-stc-conjunction-strategy-tester-v4-8	1h	AKEUSD	2	1	-2.35	0.877	-0.044	-2.82	1	63
take-liquidity-multi-time-frame-tradesystem	4h	1000PEPEUSD	7	0	-97.63	0.000	-0.729	-99.15	0	268
ut-bot-shah-200-50-ema	15m	DOGEUSD	40	18	-126.55	0.681	-0.160	-186.35	3	42
take-liquidity-multi-time-frame-tradesystem	15m	ZECUSD	18	8	-71.71	0.543	-0.214	-98.30	2	42
ut-bot-stc-conjunction-strategy-tester-v4-8	1h	AVAXUSD	3	1	-32.86	0.173	-0.551	-34.10	1	125
ut-bot-stc-conjunction-strategy-tester-v4-8	15m	SAGAUSD	4	1	-38.71	0.352	-0.483	-39.90	0	42
ut-bot-stc-conjunction-strategy-tester-v4-8	1h	MUBARAKUSD	4	2	-5.11	0.873	-0.055	-8.97	2	125
ut-bot-stc-conjunction-strategy-tester-v4-8	15m	AINUSD	4	3	30.60	2.484	0.389	33.02	2	42
ut-bot-stc-conjunction-strategy-tester-v4-8	1h	SAGAUSD	3	0	-58.41	0.000	-0.993	-58.43	0	125
ut-bot-shah-200-50-ema	15m	ETHUSD	38	14	-6.52	0.968	-0.001	-110.69	2	42
ut-bot-stc-conjunction-strategy-tester-v4-8	15m	COOKIEUSD	3	2	-2.10	0.895	-0.030	-11.75	1	42
ut-bot-stc-conjunction-strategy-tester-v4-8	1h	AINUSD	7	4	220.73	4.463	1.509	175.21	4	125
trend-trigger-ema-trend-filter-mtf-stochastic-entry-with-atr	15m	ETCUSD	14	6	-35.21	0.773	-0.116	-79.63	1	42
ut-bot-stc-conjunction-strategy-tester-v4-8	1h	COOKIEUSD	1	0	-20.00	0.000	-1.000	-20.00	0	125
mcginley-t3-flow-campaign-nick789-v-1	15m	PIEVERSEUSD	70	32	310.03	1.343	0.218	51.80	5	42
take-liquidity-multi-time-frame-tradesystem	15m	AAVEUSD	16	7	-32.56	0.782	-0.100	-69.41	3	42
ut-bot-shah-200-50-ema	15m	SOLUSD	41	12	-307.61	0.350	-0.450	-312.59	1	42
ut-bot-stc-conjunction-strategy-tester-v4-8	15m	ETCUSD	2	0	-36.32	0.000	-0.917	-36.93	0	42
ut-bot-stc-conjunction-strategy-tester-v4-8	1h	ETCUSD	3	1	-27.99	0.227	-0.467	-28.89	1	125
ut-bot-stc-conjunction-strategy-tester-v4-8	15m	WIFUSD	8	4	-30.55	0.601	-0.187	-56.14	3	42
ut-bot-stc-conjunction-strategy-tester-v4-8	1h	WIFUSD	10	3	-7.58	0.942	-0.002	-18.96	2	125
take-liquidity-multi-time-frame-tradesystem	4h	ETCUSD	6	3	-5.86	0.895	-0.041	-12.84	1	333
ut-bot-stc-conjunction-strategy-tester-v4-8	1h	DOGEUSD	11	3	-118.31	0.221	-0.566	-145.54	1	125
ut-bot-shah-200-50-ema	15m	ZECUSD	52	24	-111.41	0.541	-0.116	-185.73	2	42
ut-bot-stc-conjunction-strategy-tester-v4-8	15m	DOGEUSD	15	9	32.03	1.259	0.123	-49.06	3	42
ut-bot-stc-conjunction-strategy-tester-v4-8	1h	ETHUSD	8	6	7.73	1.197	0.052	11.92	3	125
take-liquidity-multi-time-frame-tradesystem	15m	NEARUSD	14	2	-178.67	0.150	-0.695	-184.85	0	42
trend-trigger-ema-trend-filter-mtf-stochastic-entry-with-atr	15m	WIFUSD	7	4	88.47	2.513	0.645	55.86	2	42
ut-bot-stc-conjunction-strategy-tester-v4-8	15m	ETHUSD	6	5	35.83	2.888	0.301	13.03	5	42
ut-bot-stc-conjunction-strategy-tester-v4-8	1h	SOLUSD	8	6	70.09	2.821	0.448	52.04	4	125
ut-bot-stc-conjunction-strategy-tester-v4-8	15m	SOLUSD	5	0	-92.84	0.000	-0.987	-93.03	0	42
ut-bot-stc-conjunction-strategy-tester-v4-8	1h	ZECUSD	5	3	26.96	1.679	0.288	21.84	3	125
ut-bot-shah-200-50-ema	15m	AAVEUSD	50	28	-18.69	0.955	-0.008	-142.27	2	42
ut-bot-stc-conjunction-strategy-tester-v4-8	1h	AAVEUSD	4	1	-39.15	0.296	-0.535	-41.84	1	125
ut-bot-stc-conjunction-strategy-tester-v4-8	15m	ZECUSD	6	4	19.93	1.511	0.174	10.90	2	42
ut-bot-stc-conjunction-strategy-tester-v4-8	1h	NEARUSD	6	3	5.10	1.082	0.054	-2.64	2	125
ut-bot-stc-conjunction-strategy-tester-v4-8	15m	AAVEUSD	7	5	10.40	1.271	0.087	9.84	4	42
ut-bot-shah-200-50-ema	15m	NEARUSD	63	37	160.69	1.311	0.132	-9.14	4	42
ut-bot-stc-conjunction-strategy-tester-v4-8	1h	FILUSD	6	2	-51.44	0.348	-0.432	-79.81	2	125
take-liquidity-multi-time-frame-tradesystem	15m	FILUSD	20	11	37.13	1.220	0.108	-9.45	2	42
ut-bot-stc-conjunction-strategy-tester-v4-8	1h	SUIUSD	6	1	-77.23	0.199	-0.660	-79.41	1	125
ut-bot-stc-conjunction-strategy-tester-v4-8	15m	NEARUSD	8	7	72.40	6.935	0.442	55.85	5	42
trend-trigger-ema-trend-filter-mtf-stochastic-entry-with-atr	15m	DOGEUSD	18	7	-64.62	0.656	-0.167	-115.72	3	42
take-liquidity-multi-time-frame-tradesystem	4h	WIFUSD	3	1	-5.95	0.855	-0.083	-7.35	0	333
ut-bot-stc-conjunction-strategy-tester-v4-8	1h	UNIUSD	7	3	-54.73	0.303	-0.396	-57.02	2	125
ut-bot-stc-conjunction-strategy-tester-v4-8	15m	FILUSD	7	3	52.69	1.636	0.408	7.86	2	42
ut-bot-shah-200-50-ema	15m	FILUSD	58	26	-20.54	0.968	0.001	-171.13	2	42
ut-bot-stc-conjunction-strategy-tester-v4-8	1h	HYPEUSD	9	2	-116.11	0.119	-0.681	-117.80	2	125
mcginley-t3-flow-campaign-nick789-v-1	15m	LINKUSD	56	25	-300.17	0.439	-0.313	-379.46	1	42
ut-bot-stc-conjunction-strategy-tester-v4-8	15m	SUIUSD	5	3	106.77	3.696	1.073	82.08	3	42
ut-bot-stc-conjunction-strategy-tester-v4-8	1h	VVVUSD	10	5	-42.23	0.564	-0.214	-72.55	2	125
ut-bot-stc-conjunction-strategy-tester-v4-8	15m	UNIUSD	16	8	59.65	1.373	0.197	-32.22	5	42
ut-bot-stc-conjunction-strategy-tester-v4-8	1h	XRPUSD	13	6	-81.51	0.391	-0.320	-84.97	2	125
ut-bot-shah-200-50-ema	15m	SUIUSD	61	30	-159.20	0.724	-0.133	-226.31	2	42
ut-bot-stc-conjunction-strategy-tester-v4-8	1h	BTCUSD	6	4	83.88	3.211	0.716	48.21	4	125
take-liquidity-multi-time-frame-tradesystem	15m	SUIUSD	17	9	-11.01	0.932	-0.022	-68.42	2	42
ut-bot-stc-conjunction-strategy-tester-v4-8	15m	HYPEUSD	5	1	-55.54	0.284	-0.562	-61.13	1	42
ut-bot-stc-conjunction-strategy-tester-v4-8	1h	TAOUSD	4	3	35.03	2.722	0.440	27.04	3	125
trend-trigger-ema-trend-filter-mtf-stochastic-entry-with-atr	15m	ETHUSD	12	8	9.13	1.115	0.045	40.75	3	42
ut-bot-stc-conjunction-strategy-tester-v4-8	1h	EVAAUSD	5	4	74.16	4.637	0.731	67.56	4	125
ut-bot-shah-200-50-ema	15m	UNIUSD	46	24	-48.96	0.882	-0.045	-118.37	2	42
ut-bot-stc-conjunction-strategy-tester-v4-8	1h	PIEVERSEUSD	3	1	-20.98	0.473	-0.346	-23.90	0	125
ut-bot-stc-conjunction-strategy-tester-v4-8	15m	XRPUSD	7	2	-74.19	0.233	-0.543	-85.35	1	42
ut-bot-stc-conjunction-strategy-tester-v4-8	1h	LINKUSD	8	5	4.88	1.081	0.037	-35.17	4	125
ut-bot-stc-conjunction-strategy-tester-v4-8	15m	BTCUSD	2	0	-37.77	0.000	-0.962	-37.18	0	42
ut-bot-stc-conjunction-strategy-tester-v4-8	1h	BNBUSD	8	6	71.92	2.686	0.454	19.53	5	125
take-liquidity-multi-time-frame-tradesystem	15m	UNIUSD	28	12	-26.04	0.899	-0.035	-120.72	4	42
ut-bot-shah-200-50-ema	15m	HYPEUSD	47	23	-126.84	0.706	-0.135	-248.86	3	42
ut-bot-stc-conjunction-strategy-tester-v4-8	15m	TAOUSD	9	4	-58.14	0.411	-0.326	-83.04	3	42
take-liquidity-multi-time-frame-tradesystem	4h	DOGEUSD	2	2	24.93	99.000	0.625	-5.75	2	333
ut-bot-stc-conjunction-strategy-tester-v4-8	1h	BCHUSD	5	4	38.26	2.935	0.382	13.66	3	125
ut-bot-stc-conjunction-strategy-tester-v4-8	4h	AVAXUSD	7	4	14.37	1.234	0.113	7.80	3	333
ut-bot-stc-conjunction-strategy-tester-v4-8	15m	EVAAUSD	6	4	10.76	1.268	0.096	-20.32	1	42
trend-trigger-ema-trend-filter-mtf-stochastic-entry-with-atr	15m	SOLUSD	18	6	-156.37	0.244	-0.476	-204.88	1	42
ut-bot-stc-conjunction-strategy-tester-v4-8	4h	MUBARAKUSD	5	3	14.75	1.369	0.158	-16.46	2	333
ut-bot-shah-200-50-ema	15m	VVVUSD	60	28	-81.92	0.872	-0.058	-143.60	3	42
ut-bot-stc-conjunction-strategy-tester-v4-8	4h	SAGAUSD	6	2	-43.13	0.456	-0.357	-45.30	1	333
ut-bot-stc-conjunction-strategy-tester-v4-8	15m	PIEVERSEUSD	6	4	110.51	3.574	0.925	105.80	3	42
ut-bot-stc-conjunction-strategy-tester-v4-8	4h	AINUSD	4	1	-37.52	0.367	-0.472	-37.83	1	333
ut-bot-stc-conjunction-strategy-tester-v4-8	4h	COOKIEUSD	5	0	-95.76	0.000	-0.997	-95.76	0	333
ut-bot-stc-conjunction-strategy-tester-v4-8	15m	LINKUSD	7	3	-55.25	0.296	-0.401	-77.57	2	42
mcginley-t3-flow-campaign-nick789-v-1	15m	BNBUSD	18	11	100.77	1.678	0.286	53.22	5	42
take-liquidity-multi-time-frame-tradesystem	15m	HYPEUSD	26	13	4.40	1.018	0.019	-85.89	3	42
ut-bot-shah-200-50-ema	15m	XRPUSD	34	19	56.60	1.176	0.099	-93.69	2	42
ut-bot-stc-conjunction-strategy-tester-v4-8	4h	ETCUSD	3	0	-58.25	0.000	-0.991	-58.27	0	333
ut-bot-stc-conjunction-strategy-tester-v4-8	15m	BNBUSD	1	0	-19.57	0.000	-1.000	-19.64	0	42
ut-bot-stc-conjunction-strategy-tester-v4-8	4h	WIFUSD	6	5	66.68	4.240	0.547	60.02	4	333
ut-bot-stc-conjunction-strategy-tester-v4-8	4h	DOGEUSD	12	7	10.16	1.102	0.050	-32.87	3	333
ut-bot-stc-conjunction-strategy-tester-v4-8	15m	BCHUSD	4	4	28.27	99.000	0.350	-1.95	4	42
trend-trigger-ema-trend-filter-mtf-stochastic-entry-with-atr	15m	ZECUSD	15	7	-10.18	0.933	-0.005	-34.87	2	42
vol-target-trend-engine	15m	AKEUSD	42	9	-238.82	0.222	-0.353	-245.62	1	42
ut-bot-stc-conjunction-strategy-tester-v4-8	4h	ETHUSD	5	3	-14.61	0.634	-0.140	-15.95	3	333
vol-target-trend-engine	15m	AVAXUSD	32	9	-144.89	0.421	-0.240	-236.73	3	42
vol-target-trend-engine	15m	MUBARAKUSD	54	18	-46.36	0.875	-0.035	-149.40	3	42
ut-bot-shah-200-50-ema	15m	BTCUSD	24	8	17.79	1.189	0.043	-66.36	3	42
vol-target-trend-engine	15m	SAGAUSD	17	10	48.67	1.491	0.148	39.91	5	42
ut-bot-stc-conjunction-strategy-tester-v4-8	4h	SOLUSD	5	2	-37.46	0.321	-0.419	-43.36	2	333
take-liquidity-multi-time-frame-tradesystem	4h	ETHUSD	6	3	0.23	1.004	0.014	-6.19	1	333
vol-target-trend-engine	15m	AINUSD	18	9	85.14	1.736	0.255	23.86	2	42
vol-target-trend-engine	15m	COOKIEUSD	7	2	-58.41	0.352	-0.422	-67.25	1	42
ut-bot-stc-conjunction-strategy-tester-v4-8	4h	ZECUSD	1	0	-18.70	0.000	-1.000	-19.18	0	333
vol-target-trend-engine	15m	1000PEPEUSD	13	5	-28.99	0.733	-0.107	-24.57	2	42
take-liquidity-multi-time-frame-tradesystem	15m	VVVUSD	25	10	-83.42	0.680	-0.167	-131.15	4	42
vol-target-trend-engine	15m	ETCUSD	12	5	32.22	1.289	0.155	72.94	2	42
ut-bot-stc-conjunction-strategy-tester-v4-8	4h	AAVEUSD	4	2	10.01	1.267	0.313	7.05	2	333
vol-target-trend-engine	15m	WIFUSD	16	9	125.66	2.383	0.381	63.20	4	42
vol-target-trend-engine	15m	DOGEUSD	25	6	-161.18	0.322	-0.347	-200.01	2	42
vol-target-trend-engine	15m	ETHUSD	13	3	0.45	1.004	0.021	-47.20	1	42
vol-target-trend-engine	15m	SOLUSD	15	5	-29.32	0.696	-0.098	-79.59	1	42
ut-bot-shah-200-50-ema	15m	TAOUSD	49	26	-160.10	0.605	-0.171	-297.50	1	42
ut-bot-stc-conjunction-strategy-tester-v4-8	4h	FILUSD	6	2	-50.12	0.365	-0.420	-61.80	1	333
vol-target-trend-engine	15m	ZECUSD	32	8	-200.98	0.258	-0.350	-222.63	2	42
vol-target-trend-engine	15m	AAVEUSD	51	23	78.10	1.269	0.081	-138.26	3	42
ut-bot-stc-conjunction-strategy-tester-v4-8	4h	SUIUSD	6	1	-87.67	0.095	-0.756	-114.03	1	333
vol-target-trend-engine	15m	NEARUSD	26	10	28.57	1.138	0.071	-30.31	5	42
vol-target-trend-engine	15m	FILUSD	13	6	-7.69	0.931	-0.018	-42.56	2	42
ut-bot-stc-conjunction-strategy-tester-v4-8	4h	UNIUSD	5	5	91.02	99.000	0.885	83.78	5	333
vol-target-trend-engine	15m	SUIUSD	29	6	-146.95	0.431	-0.261	-185.89	2	42
vol-target-trend-engine	15m	UNIUSD	32	10	-22.39	0.914	-0.023	-110.54	4	42
vol-target-trend-engine	15m	HYPEUSD	41	17	-79.65	0.698	-0.097	-185.85	2	42
ut-bot-stc-conjunction-strategy-tester-v4-8	4h	HYPEUSD	7	2	-78.59	0.169	-0.579	-79.98	2	333
trend-trigger-ema-trend-filter-mtf-stochastic-entry-with-atr	15m	AAVEUSD	19	10	0.99	1.006	0.010	-24.22	2	42
vol-target-trend-engine	15m	VVVUSD	37	14	23.25	1.100	0.038	-35.51	3	42
vol-target-trend-engine	15m	XRPUSD	28	9	-134.74	0.437	-0.253	-163.29	2	42
ut-bot-shah-200-50-ema	15m	EVAAUSD	51	29	78.85	1.177	0.086	-40.19	5	42
ut-bot-stc-conjunction-strategy-tester-v4-8	4h	VVVUSD	4	2	-2.91	0.927	-0.024	-4.78	2	333
vol-target-trend-engine	15m	BTCUSD	8	0	-83.50	0.000	-0.546	-94.46	0	42
vol-target-trend-engine	15m	TAOUSD	29	9	-96.19	0.610	-0.166	-148.84	1	42
ut-bot-stc-conjunction-strategy-tester-v4-8	4h	XRPUSD	4	2	-13.93	0.654	-0.168	-15.83	1	333
vol-target-trend-engine	15m	EVAAUSD	19	7	-59.72	0.469	-0.159	-113.70	1	42
vol-target-trend-engine	15m	PIEVERSEUSD	25	9	27.80	1.142	0.072	0.05	3	42
vol-target-trend-engine	15m	LINKUSD	18	4	-49.59	0.568	-0.138	-13.99	2	42
ut-bot-stc-conjunction-strategy-tester-v4-8	4h	BTCUSD	3	2	4.57	1.243	0.076	-5.69	2	333
take-liquidity-multi-time-frame-tradesystem	15m	XRPUSD	14	6	-22.64	0.853	-0.069	-52.99	2	42
vol-target-trend-engine	15m	BNBUSD	5	1	-40.26	0.245	-0.410	-42.92	1	42
vol-target-trend-engine	15m	BCHUSD	29	6	-159.03	0.239	-0.295	-217.98	0	42
ut-bot-stc-conjunction-strategy-tester-v4-8	4h	TAOUSD	1	0	-19.96	0.000	-1.000	-19.94	0	333
vol-target-trend-engine	1h	AKEUSD	21	7	120.66	1.739	0.329	117.32	3	63
vol-target-trend-engine	1h	AVAXUSD	37	10	-126.38	0.492	-0.177	-184.46	2	125
vol-target-trend-engine	1h	MUBARAKUSD	34	8	-208.40	0.392	-0.336	-206.53	3	125
ut-bot-shah-200-50-ema	15m	PIEVERSEUSD	38	11	-94.93	0.833	-0.106	-147.66	2	42
ut-bot-stc-conjunction-strategy-tester-v4-8	4h	EVAAUSD	4	2	-9.58	0.758	-0.112	-10.63	1	333
vol-target-trend-engine	1h	SAGAUSD	17	8	196.65	2.715	0.560	178.97	4	125
vol-target-trend-engine	1h	AINUSD	25	6	-142.95	0.337	-0.304	-154.09	1	125
ut-bot-stc-conjunction-strategy-tester-v4-8	4h	PIEVERSEUSD	2	1	-1.12	0.944	-0.027	-2.22	1	154
mcginley-t3-flow-campaign-nick789-v-1	15m	BCHUSD	35	20	75.23	1.257	0.118	121.62	4	42
vol-target-trend-engine	1h	COOKIEUSD	21	9	132.20	1.763	0.326	80.09	4	125
vol-target-trend-engine	1h	1000PEPEUSD	26	19	478.23	5.619	0.781	350.41	6	125
vol-target-trend-engine	4h	AKEUSD	2	2	27.44	99.000	1.033	27.25	2	63
take-liquidity-multi-time-frame-tradesystem	4h	SOLUSD	3	1	-9.41	0.602	-0.144	-11.93	1	333
ut-bot-stc-conjunction-strategy-tester-v4-8	4h	LINKUSD	6	4	24.67	1.623	0.214	-22.07	4	333
vol-target-trend-engine	1h	ETCUSD	22	10	-15.59	0.887	-0.031	-98.90	4	125
vol-target-trend-engine	1h	WIFUSD	23	11	21.34	1.140	0.054	-32.00	5	125
vol-target-trend-engine	1h	DOGEUSD	26	6	9.58	1.042	0.042	-47.49	5	125
vol-target-trend-engine	1h	ETHUSD	15	4	-52.57	0.560	-0.176	-83.44	2	125
ut-bot-stc-conjunction-strategy-tester-v4-8	4h	BNBUSD	2	1	-11.74	0.401	-0.292	-12.00	1	333
vol-target-trend-engine	4h	AVAXUSD	22	5	-183.98	0.154	-0.461	-191.82	1	333
vol-target-trend-engine	1h	SOLUSD	19	6	-34.88	0.785	-0.076	-68.09	1	125
vol-target-trend-engine	1h	ZECUSD	24	5	-82.82	0.610	-0.171	-115.62	1	125
vol-target-trend-engine	1h	AAVEUSD	25	12	73.96	1.387	0.158	28.27	4	125
ut-bot-stc-conjunction-strategy-tester-v4-8	4h	BCHUSD	5	2	-31.52	0.472	-0.312	-34.34	2	333
trend-trigger-ema-trend-filter-mtf-stochastic-entry-with-atr	15m	NEARUSD	18	10	-43.42	0.718	-0.116	-99.31	4	42
vol-target-trend-engine	1h	NEARUSD	17	8	24.46	1.181	0.082	-17.54	3	125
vol-target-trend-engine	4h	MUBARAKUSD	20	9	19.42	1.118	0.058	2.26	4	333
ut-bot-shah-200-50-ema	15m	LINKUSD	59	24	-134.24	0.806	-0.104	-248.46	2	42
vol-target-trend-engine	1h	FILUSD	37	15	-63.67	0.712	-0.085	-125.28	2	125
vol-target-trend-engine	1h	SUIUSD	28	9	40.80	1.165	0.089	-57.65	4	125
take-liquidity-multi-time-frame-tradesystem	15m	BTCUSD	7	7	114.08	99.000	0.794	91.82	3	42
vol-target-trend-engine	1h	UNIUSD	16	6	6.44	1.060	0.027	11.41	3	125
vol-target-trend-engine	1h	HYPEUSD	30	9	-59.52	0.722	-0.097	-72.70	2	125
vol-target-trend-engine	4h	SAGAUSD	28	10	-27.05	0.866	-0.041	-40.29	3	333
vol-target-trend-engine	1h	VVVUSD	37	12	-165.67	0.443	-0.243	-193.37	3	125
vol-target-trend-engine	1h	XRPUSD	23	4	-66.64	0.679	-0.132	-107.16	2	125
vol-target-trend-engine	1h	BTCUSD	12	7	31.67	1.380	0.132	-16.62	4	125
vol-target-trend-engine	1h	TAOUSD	26	10	2.96	1.021	0.010	-59.25	3	125
vol-target-trend-engine	4h	AINUSD	32	9	-72.96	0.714	-0.115	-83.59	2	333
vol-target-trend-engine	1h	EVAAUSD	43	13	-19.40	0.927	-0.016	-69.18	4	125
vol-target-trend-engine	1h	PIEVERSEUSD	27	15	554.67	3.987	0.867	455.93	6	125
vol-target-trend-engine	1h	LINKUSD	13	6	120.35	2.853	0.465	23.50	4	125
vol-target-trend-engine	1h	BNBUSD	17	5	-54.76	0.690	-0.144	-115.08	2	125
vol-target-trend-engine	4h	COOKIEUSD	29	11	34.97	1.188	0.067	25.71	3	333
vol-target-trend-engine	1h	BCHUSD	21	7	10.14	1.055	0.042	-113.70	3	125
ut-bot-shah-200-50-ema	15m	BNBUSD	21	13	-54.50	0.645	-0.129	-124.27	2	42
weekend-hunter-ultimate-v6-2	15m	AKEUSD	185	128	396.14	1.531	0.112	218.01	3	42
vol-target-trend-engine	4h	1000PEPEUSD	11	4	-42.95	0.536	-0.194	-47.70	1	268
weekend-hunter-ultimate-v6-2	1h	AKEUSD	47	33	234.72	2.456	0.261	198.60	4	63
vol-target-trend-engine	4h	ETCUSD	25	7	-69.66	0.646	-0.136	-87.86	2	333
vol-target-trend-engine	4h	WIFUSD	16	9	126.60	2.640	0.387	122.47	3	333
take-liquidity-multi-time-frame-tradesystem	15m	TAOUSD	23	10	-24.52	0.894	-0.038	-71.72	4	42
trend-trigger-ema-trend-filter-mtf-stochastic-entry-with-atr	15m	FILUSD	15	11	291.67	4.189	0.891	184.90	4	42
ut-bot-shah-200-50-ema	15m	BCHUSD	52	18	-370.64	0.300	-0.438	-408.92	1	42
weekend-hunter-ultimate-v6-2	1h	AVAXUSD	176	115	1090.11	2.266	0.218	441.28	5	125
weekend-hunter-ultimate-v6-2	15m	AVAXUSD	195	137	1855.48	3.024	0.277	694.06	5	42
vol-target-trend-engine	4h	DOGEUSD	9	4	-3.12	0.959	-0.007	-10.84	2	333
take-liquidity-multi-time-frame-tradesystem	4h	ZECUSD	3	1	-22.97	0.282	-0.409	-45.15	0	333
weekend-hunter-ultimate-v6-2	1h	MUBARAKUSD	132	83	495.63	1.474	0.161	282.32	4	125
vol-target-trend-engine	4h	ETHUSD	12	5	3.60	1.042	0.018	-30.67	2	333
vol-target-trend-engine	4h	SOLUSD	14	3	-104.98	0.221	-0.419	-97.93	1	333
weekend-hunter-ultimate-v6-2	1h	SAGAUSD	136	84	1014.57	1.920	0.270	651.43	4	125
vol-target-trend-engine	4h	ZECUSD	15	5	-26.65	0.826	-0.076	-30.65	2	333
weekend-hunter-ultimate-v6-2	15m	MUBARAKUSD	161	86	-124.81	0.879	-0.035	-344.29	4	42
weekend-hunter-ultimate-v6-2	1h	AINUSD	99	49	70.71	1.075	0.047	-83.51	4	125
weekend-hunter-ultimate-v6-2	4h	AKEUSD	8	4	21.32	1.465	0.247	22.75	1	63
take-liquidity-multi-time-frame-tradesystem	15m	EVAAUSD	29	11	-116.35	0.609	-0.203	-193.66	4	42
vol-target-trend-engine	4h	AAVEUSD	21	4	-172.07	0.175	-0.498	-170.77	2	333
weekend-hunter-ultimate-v6-2	1h	COOKIEUSD	98	56	343.72	1.480	0.163	227.65	4	125
vol-target-trend-engine	4h	NEARUSD	14	7	53.84	1.806	0.194	44.31	3	333
trend-trigger-ema-trend-filter-mtf-stochastic-entry-with-atr	15m	SUIUSD	15	11	90.45	2.075	0.297	34.35	5	42
weekend-hunter-ultimate-v6-2	1h	1000PEPEUSD	113	71	338.23	1.557	0.136	56.71	5	125
vol-target-trend-engine	4h	FILUSD	20	10	75.01	1.578	0.193	57.85	3	333
weekend-hunter-ultimate-v6-2	15m	SAGAUSD	176	114	765.30	1.710	0.169	377.00	5	42
vol-target-trend-engine	4h	SUIUSD	22	7	-17.51	0.909	-0.022	-34.16	2	333
weekend-hunter-ultimate-v6-2	1h	ETCUSD	69	38	-48.10	0.885	-0.030	-164.93	4	125
vol-target-trend-engine	4h	UNIUSD	20	8	-19.11	0.871	-0.039	-29.77	5	333
weekend-hunter-ultimate-v6-2	1h	WIFUSD	94	44	-283.09	0.619	-0.170	-359.12	1	125
take-liquidity-multi-time-frame-tradesystem	15m	PIEVERSEUSD	26	15	72.04	1.336	0.146	-26.75	4	42
vol-target-trend-engine	4h	HYPEUSD	21	9	80.97	1.457	0.209	55.66	4	333
weekend-hunter-ultimate-v6-2	15m	AINUSD	41	19	-160.86	0.455	-0.210	-244.41	1	42
take-liquidity-multi-time-frame-tradesystem	4h	AAVEUSD	5	2	-12.18	0.704	-0.096	-27.07	0	333
vol-target-trend-engine	4h	VVVUSD	25	7	-159.33	0.396	-0.353	-165.64	3	333
weekend-hunter-ultimate-v6-2	1h	DOGEUSD	159	96	363.15	1.444	0.104	-134.19	6	125
vol-target-trend-engine	4h	XRPUSD	10	4	-23.87	0.644	-0.117	-31.04	1	333
weekend-hunter-ultimate-v6-2	1h	ETHUSD	126	78	206.96	1.340	0.080	-191.29	4	125
vol-target-trend-engine	4h	BTCUSD	13	6	53.96	1.545	0.225	16.50	2	333
trend-trigger-ema-trend-filter-mtf-stochastic-entry-with-atr	15m	UNIUSD	23	11	-21.12	0.908	-0.026	-48.41	4	42
vol-target-trend-engine	4h	TAOUSD	17	6	-57.26	0.631	-0.166	-71.91	3	333
weekend-hunter-ultimate-v6-2	1h	SOLUSD	178	118	464.06	1.503	0.116	-18.04	4	125
weekend-hunter-ultimate-v6-2	15m	COOKIEUSD	82	43	4.24	1.007	0.012	-197.79	3	42
weekend-hunter-ultimate-v6-2	4h	AVAXUSD	73	48	143.70	1.314	0.104	56.02	2	333
vol-target-trend-engine	4h	EVAAUSD	24	12	395.37	3.887	0.724	378.78	6	333
weekend-hunter-ultimate-v6-2	1h	ZECUSD	196	131	1301.38	2.177	0.229	672.53	7	125
vol-target-trend-engine	4h	PIEVERSEUSD	20	6	-21.17	0.869	-0.046	-33.39	3	154
take-liquidity-multi-time-frame-tradesystem	15m	LINKUSD	21	11	64.03	1.327	0.169	35.08	5	42
vol-target-trend-engine	4h	LINKUSD	19	8	1.38	1.012	0.009	-29.38	4	333
weekend-hunter-ultimate-v6-2	1h	AAVEUSD	163	106	443.18	1.480	0.119	26.11	7	125
weekend-hunter-ultimate-v6-2	15m	1000PEPEUSD	55	31	103.50	1.258	0.099	-1.96	2	42
vol-target-trend-engine	4h	BNBUSD	16	4	-45.77	0.631	-0.143	-64.87	2	333
weekend-hunter-ultimate-v6-2	1h	NEARUSD	129	88	498.90	1.787	0.163	273.24	5	125
vol-target-trend-engine	4h	BCHUSD	23	8	-66.47	0.679	-0.141	-106.47	3	333
weekend-hunter-ultimate-v6-2	1h	FILUSD	103	63	377.30	1.589	0.168	136.38	5	125
weekend-hunter-ultimate-v6-2	15m	ETCUSD	54	24	-153.11	0.675	-0.145	-245.51	1	42
trend-trigger-ema-trend-filter-mtf-stochastic-entry-with-atr	15m	HYPEUSD	24	13	-58.42	0.728	-0.119	-94.99	3	42
weekend-hunter-ultimate-v6-2	1h	SUIUSD	127	78	174.58	1.314	0.068	-80.37	5	125
take-liquidity-multi-time-frame-tradesystem	15m	BNBUSD	9	4	-39.78	0.525	-0.225	-89.86	3	42
take-liquidity-multi-time-frame-tradesystem	4h	NEARUSD	3	1	-9.11	0.724	-0.143	-11.25	1	333
weekend-hunter-ultimate-v6-2	1h	UNIUSD	187	124	844.18	1.917	0.170	391.47	5	125
weekend-hunter-ultimate-v6-2	15m	WIFUSD	58	29	-121.67	0.773	-0.104	-203.65	1	42
weekend-hunter-ultimate-v6-2	1h	HYPEUSD	201	138	645.44	1.642	0.128	100.22	6	125
weekend-hunter-ultimate-v6-2	4h	MUBARAKUSD	64	46	514.21	2.597	0.337	438.81	4	333
weekend-hunter-ultimate-v6-2	1h	VVVUSD	177	125	1299.15	2.126	0.243	692.69	7	125
weekend-hunter-ultimate-v6-2	15m	DOGEUSD	105	71	406.91	1.660	0.171	95.89	3	42
weekend-hunter-ultimate-v6-2	1h	XRPUSD	125	74	70.82	1.115	0.033	-189.47	4	125
take-liquidity-multi-time-frame-tradesystem	15m	BCHUSD	20	6	-33.60	0.867	-0.064	-64.22	2	42
trend-trigger-ema-trend-filter-mtf-stochastic-entry-with-atr	15m	VVVUSD	21	7	-92.69	0.631	-0.218	-122.71	3	42
weekend-hunter-ultimate-v6-2	1h	BTCUSD	19	8	-107.11	0.439	-0.294	-146.91	1	125
trend-trigger-ema-trend-filter-mtf-stochastic-entry-with-atr	15m	XRPUSD	23	12	-15.38	0.934	-0.018	-94.39	3	42
trend-trigger-ema-trend-filter-mtf-stochastic-entry-with-atr	15m	BTCUSD	8	1	-124.21	0.038	-0.831	-125.94	0	42
weekend-hunter-ultimate-v6-2	15m	ETHUSD	65	47	151.10	1.782	0.112	-54.72	4	42
trend-trigger-ema-trend-filter-mtf-stochastic-entry-with-atr	15m	TAOUSD	21	11	12.57	1.062	0.040	-44.25	2	42
trend-trigger-ema-trend-filter-mtf-stochastic-entry-with-atr	15m	EVAAUSD	16	7	24.51	1.127	0.099	-31.96	3	42
trend-trigger-ema-trend-filter-mtf-stochastic-entry-with-atr	15m	PIEVERSEUSD	20	6	-78.04	0.704	-0.185	-86.85	2	42
weekend-hunter-ultimate-v6-2	15m	SOLUSD	181	117	576.74	1.639	0.132	-137.88	5	42
take-liquidity-multi-time-frame-tradesystem	4h	FILUSD	3	1	6.04	1.172	0.120	2.11	1	333
weekend-hunter-ultimate-v6-2	4h	SAGAUSD	57	38	355.86	2.302	0.276	296.64	4	333
weekend-hunter-ultimate-v6-2	1h	TAOUSD	172	109	1021.59	1.925	0.213	428.98	6	125
trend-trigger-ema-trend-filter-mtf-stochastic-entry-with-atr	15m	LINKUSD	17	14	177.49	3.528	0.500	192.22	5	42
trend-trigger-ema-trend-filter-mtf-stochastic-entry-with-atr	15m	BNBUSD	7	2	-61.40	0.349	-0.460	-73.67	0	42
trend-trigger-ema-trend-filter-mtf-stochastic-entry-with-atr	15m	BCHUSD	15	8	-33.70	0.757	-0.107	-50.90	3	42
weekend-hunter-ultimate-v6-2	15m	ZECUSD	267	176	1828.69	2.212	0.206	514.48	6	42
weekend-hunter-ultimate-v6-2	1h	EVAAUSD	125	78	322.57	1.354	0.119	169.29	5	125
weekend-hunter-ultimate-v6-2	15m	AAVEUSD	209	135	502.06	1.463	0.107	-97.20	5	42
take-liquidity-multi-time-frame-tradesystem	4h	SUIUSD	3	0	-58.79	0.000	-1.000	-58.78	0	333
weekend-hunter-ultimate-v6-2	1h	PIEVERSEUSD	123	71	625.79	1.571	0.210	421.05	4	125
weekend-hunter-ultimate-v6-2	4h	AINUSD	56	36	389.56	1.948	0.313	331.73	4	333
weekend-hunter-ultimate-v6-2	1h	LINKUSD	176	109	495.37	1.519	0.120	-37.45	7	125
weekend-hunter-ultimate-v6-2	15m	NEARUSD	209	138	1149.07	1.843	0.190	307.60	4	42
weekend-hunter-ultimate-v6-2	1h	BNBUSD	206	136	1021.14	1.952	0.178	39.12	8	125
weekend-hunter-ultimate-v6-2	15m	FILUSD	110	71	949.55	2.063	0.316	440.03	5	42
weekend-hunter-ultimate-v6-2	1h	BCHUSD	106	63	33.62	1.063	0.020	-178.06	3	125
weekend-hunter-ultimate-v6-2	15m	SUIUSD	122	79	411.67	1.583	0.147	16.97	4	42
weekend-hunter-ultimate-v6-2	4h	COOKIEUSD	58	30	84.35	1.226	0.079	50.21	4	333
take-liquidity-multi-time-frame-tradesystem	4h	UNIUSD	4	1	56.62	2.086	0.772	51.89	1	333
weekend-hunter-ultimate-v6-2	15m	UNIUSD	262	179	1971.01	2.131	0.214	643.46	6	42
weekend-hunter-ultimate-v6-2	15m	HYPEUSD	146	95	187.57	1.277	0.063	-209.70	4	42
weekend-hunter-ultimate-v6-2	4h	1000PEPEUSD	63	39	13.81	1.038	0.017	-54.52	2	268
take-liquidity-multi-time-frame-tradesystem	4h	HYPEUSD	6	1	-71.06	0.190	-0.610	-73.44	0	333
weekend-hunter-ultimate-v6-2	15m	VVVUSD	187	109	224.32	1.238	0.060	-143.25	5	42
weekend-hunter-ultimate-v6-2	15m	XRPUSD	151	92	318.65	1.413	0.095	-123.30	3	42
take-liquidity-multi-time-frame-tradesystem	4h	VVVUSD	2	2	39.90	99.000	0.992	42.80	2	333
weekend-hunter-ultimate-v6-2	15m	BTCUSD	2	2	19.46	99.000	0.494	21.40	2	42
weekend-hunter-ultimate-v6-2	4h	ETCUSD	58	35	-82.54	0.742	-0.070	-137.57	3	333
weekend-hunter-ultimate-v6-2	15m	TAOUSD	127	83	588.03	1.737	0.188	108.18	4	42
weekend-hunter-ultimate-v6-2	15m	EVAAUSD	74	47	165.18	1.467	0.108	51.40	1	42
take-liquidity-multi-time-frame-tradesystem	4h	XRPUSD	2	0	-33.32	0.000	-0.840	-33.62	0	333
weekend-hunter-ultimate-v6-2	4h	WIFUSD	56	33	-95.23	0.737	-0.084	-146.94	3	333
weekend-hunter-ultimate-v6-2	15m	PIEVERSEUSD	143	83	434.69	1.445	0.136	19.59	4	42
weekend-hunter-ultimate-v6-2	15m	LINKUSD	155	91	327.01	1.395	0.097	-138.57	5	42
take-liquidity-multi-time-frame-tradesystem	4h	BTCUSD	8	2	-68.71	0.263	-0.459	-72.15	1	333
weekend-hunter-ultimate-v6-2	15m	BNBUSD	78	51	193.10	1.594	0.119	-76.70	2	42
weekend-hunter-ultimate-v6-2	4h	DOGEUSD	72	46	42.98	1.098	0.036	-40.28	2	333
weekend-hunter-ultimate-v6-2	15m	BCHUSD	88	52	46.77	1.095	0.031	-209.96	2	42
take-liquidity-multi-time-frame-tradesystem	4h	TAOUSD	2	2	17.72	99.000	0.442	16.49	2	333
weekend-hunter-ultimate-v6-2	4h	ETHUSD	77	58	364.05	2.045	0.210	203.00	5	333
take-liquidity-multi-time-frame-tradesystem	4h	EVAAUSD	11	3	-75.14	0.450	-0.346	-78.00	0	333
weekend-hunter-ultimate-v6-2	4h	SOLUSD	79	59	219.97	1.656	0.139	123.18	4	333
take-liquidity-multi-time-frame-tradesystem	4h	PIEVERSEUSD	2	1	5.21	1.440	0.137	3.68	1	154
take-liquidity-multi-time-frame-tradesystem	4h	LINKUSD	4	2	-21.63	0.439	-0.266	-49.72	1	333
weekend-hunter-ultimate-v6-2	4h	ZECUSD	91	65	429.26	2.046	0.220	301.91	5	333
take-liquidity-multi-time-frame-tradesystem	4h	BNBUSD	2	2	15.20	99.000	0.394	13.53	2	333
weekend-hunter-ultimate-v6-2	4h	AAVEUSD	78	57	229.23	1.718	0.142	134.67	4	333
take-liquidity-multi-time-frame-tradesystem	4h	BCHUSD	1	0	-13.72	0.000	-0.687	-13.87	0	333
weekend-hunter-ultimate-v6-2	4h	NEARUSD	54	40	124.40	1.448	0.115	81.99	5	333
weekend-hunter-ultimate-v6-2	4h	FILUSD	64	40	144.34	1.435	0.116	77.71	2	333
weekend-hunter-ultimate-v6-2	4h	SUIUSD	64	42	149.14	1.505	0.114	73.29	3	333
weekend-hunter-ultimate-v6-2	4h	UNIUSD	83	57	308.78	1.785	0.170	213.53	4	333
weekend-hunter-ultimate-v6-2	4h	HYPEUSD	89	70	821.43	3.756	0.347	592.62	6	333
weekend-hunter-ultimate-v6-2	4h	VVVUSD	82	62	629.62	2.780	0.309	540.57	6	333
weekend-hunter-ultimate-v6-2	4h	XRPUSD	63	38	25.55	1.073	0.027	-44.59	4	333
weekend-hunter-ultimate-v6-2	4h	BTCUSD	24	10	-109.35	0.420	-0.245	-136.04	1	333
weekend-hunter-ultimate-v6-2	4h	TAOUSD	62	43	437.34	2.244	0.306	310.62	3	333
weekend-hunter-ultimate-v6-2	4h	EVAAUSD	50	32	294.11	1.816	0.277	171.24	3	333
weekend-hunter-ultimate-v6-2	4h	PIEVERSEUSD	54	35	239.00	1.689	0.210	231.02	6	154
weekend-hunter-ultimate-v6-2	4h	LINKUSD	75	53	233.00	1.682	0.146	135.92	4	333
weekend-hunter-ultimate-v6-2	4h	BNBUSD	90	63	282.76	1.550	0.152	108.58	5	333
weekend-hunter-ultimate-v6-2	4h	BCHUSD	58	43	226.11	2.012	0.180	140.75	6	333
