scanner	tf	symbol	trades	wins	net	pf	avgR	netStress	windowsUp	days
mirage-liquidity-sweep-pro	4h	BTCUSD	8	5	11.18	1.191	0.084	11.38	2	333
structure-anchored-vwap	4h	BTCUSD	8	7	65.16	4.124	0.422	76.13	4	333
abcd-harmonic-projection	15m	BTCUSD	21	13	16.63	1.114	0.045	-94.24	4	42
structure-anchored-vwap	1h	BTCUSD	13	8	56.31	1.563	0.229	147.77	4	125
mirage-liquidity-sweep-pro	4h	SOLUSD	8	6	74.79	2.892	0.519	60.24	5	333
structure-anchored-vwap	15m	BTCUSD	9	8	132.24	7.541	0.722	159.25	4	42
structure-anchored-vwap	4h	SOLUSD	8	8	101.44	99.000	0.658	92.72	5	333
abcd-harmonic-projection	15m	SOLUSD	36	18	-85.54	0.734	-0.123	-119.06	3	42
mirage-liquidity-sweep-pro	1h	BTCUSD	14	6	-56.56	0.622	-0.199	-79.42	3	125
mirage-liquidity-sweep-pro	4h	LINKUSD	11	4	-70.24	0.427	-0.323	-42.83	2	333
structure-anchored-vwap	4h	LINKUSD	10	9	137.98	7.165	0.665	130.90	5	333
structure-anchored-vwap	1h	SOLUSD	21	16	191.03	3.249	0.435	108.90	6	125
mirage-liquidity-sweep-pro	15m	BTCUSD	5	3	8.76	1.387	0.098	-11.83	3	42
abcd-harmonic-projection	15m	LINKUSD	42	21	-55.21	0.860	-0.060	-155.64	4	42
abcd-harmonic-projection	1h	BTCUSD	29	11	-182.26	0.390	-0.351	-217.05	1	125
abcd-harmonic-projection	4h	BTCUSD	20	7	-48.59	0.631	-0.127	-67.57	2	333
structure-anchored-vwap	15m	SOLUSD	16	13	188.50	3.785	0.561	134.28	5	42
abcd-harmonic-projection	4h	SOLUSD	25	6	-85.98	0.539	-0.194	-94.29	0	333
abcd-harmonic-projection	1h	SOLUSD	38	16	-160.36	0.467	-0.232	-152.74	0	125
structure-anchored-vwap	1h	LINKUSD	12	10	105.69	3.546	0.428	51.42	5	125
abcd-harmonic-projection	4h	LINKUSD	35	9	-167.20	0.294	-0.261	-192.85	3	333
pulse-trend-radar	15m	BTCUSD	37	22	57.45	1.230	0.086	-21.47	4	42
mirage-liquidity-sweep-pro	1h	SOLUSD	14	7	-25.56	0.802	-0.085	-57.04	5	125
abcd-harmonic-projection	1h	LINKUSD	38	14	-154.19	0.572	-0.212	-181.26	2	125
pulse-trend-radar	1h	BTCUSD	48	21	-174.68	0.627	-0.197	-199.03	1	125
pulse-trend-radar	4h	BTCUSD	36	14	-130.18	0.639	-0.212	-169.94	3	333
structure-anchored-vwap	15m	LINKUSD	9	7	52.57	2.287	0.291	40.98	5	42
mirage-liquidity-sweep-pro	15m	SOLUSD	20	13	1.28	1.009	0.014	-41.53	3	42
pulse-trend-radar	4h	SOLUSD	34	15	-109.22	0.606	-0.209	-129.96	4	333
pulse-trend-radar	15m	SOLUSD	42	23	-106.23	0.686	-0.131	-109.47	4	42
pulse-trend-radar	1h	SOLUSD	51	25	-62.02	0.861	-0.053	-143.84	3	125
breakout-pattern-setup	15m	BTCUSD	21	9	-15.64	0.896	-0.030	-56.30	3	42
breakout-pattern-setup	1h	BTCUSD	19	12	55.41	1.409	0.164	48.25	3	125
pulse-trend-radar	4h	LINKUSD	39	18	-114.29	0.695	-0.149	-131.99	2	333
pulse-trend-radar	1h	LINKUSD	59	27	-116.62	0.789	-0.094	-255.81	3	125
mirage-liquidity-sweep-pro	1h	LINKUSD	14	8	3.93	1.032	0.022	-26.01	4	125
pulse-trend-radar	15m	LINKUSD	55	27	-36.15	0.926	-0.021	-149.68	4	42
breakout-pattern-setup	1h	SOLUSD	22	8	-84.05	0.551	-0.210	-106.97	1	125
breakout-pattern-setup	4h	BTCUSD	17	8	-21.56	0.843	-0.042	-38.75	3	333
breakout-pattern-setup	15m	SOLUSD	25	14	130.31	1.888	0.259	50.08	5	42
breakout-pattern-setup	4h	SOLUSD	15	7	-34.01	0.720	-0.117	-36.67	3	333
mirage-liquidity-sweep-pro	15m	LINKUSD	18	9	-42.58	0.741	-0.114	-76.33	2	42
breakout-pattern-setup	1h	LINKUSD	21	11	15.70	1.112	0.044	1.26	3	125
breakout-pattern-setup	15m	LINKUSD	26	8	-60.33	0.758	-0.110	-90.16	4	42
breakout-pattern-setup	4h	LINKUSD	20	9	19.18	1.130	0.058	12.11	4	333
swing-volume-profile-pro	1h	BTCUSD	59	30	-36.41	0.919	-0.022	-187.88	3	125
swing-volume-profile-pro	4h	BTCUSD	51	28	68.22	1.172	0.082	-98.36	4	333
stealthtrail-supertrend	15m	BTCUSD	77	29	-180.23	0.645	-0.124	-306.45	3	42
swing-volume-profile-pro	15m	BTCUSD	22	7	-119.29	0.340	-0.290	-173.67	1	42
stealthtrail-supertrend-ml-pro	4h	BTCUSD	36	13	-28.79	0.869	-0.032	-57.61	4	333
swing-volume-profile-pro	4h	SOLUSD	55	28	-50.54	0.894	-0.042	-111.83	3	333
stealthtrail-supertrend	15m	SOLUSD	102	37	-288.07	0.623	-0.163	-388.91	3	42
stealthtrail-supertrend-ml-pro	1h	BTCUSD	74	36	61.37	1.122	0.050	-67.05	4	125
swing-volume-profile-pro	1h	SOLUSD	74	42	139.02	1.246	0.101	-43.36	5	125
swing-volume-profile-pro	4h	LINKUSD	48	20	-182.77	0.635	-0.202	-212.71	2	333
stealthtrail-supertrend	15m	LINKUSD	164	55	-459.67	0.612	-0.180	-604.33	2	42
swing-volume-profile-pro	15m	SOLUSD	76	30	-394.07	0.391	-0.332	-397.09	1	42
swing-volume-profile-pro	1h	LINKUSD	71	37	37.93	1.062	0.043	12.28	3	125
stealthtrail-supertrend	1h	BTCUSD	83	35	-257.79	0.568	-0.174	-316.39	2	125
stealthtrail-supertrend	4h	BTCUSD	60	21	-98.51	0.776	-0.086	-116.25	2	333
stealthtrail-supertrend-ml-pro	15m	BTCUSD	68	25	-209.11	0.584	-0.168	-274.70	2	42
stealthtrail-supertrend	4h	SOLUSD	63	19	-46.90	0.858	-0.061	-77.04	3	333
stealthtrail-supertrend	1h	SOLUSD	82	33	-36.22	0.930	-0.022	-76.24	4	125
stealthtrail-supertrend	4h	LINKUSD	59	19	-74.58	0.773	-0.063	-125.29	3	333
stealthtrail-supertrend-ml-pro	4h	SOLUSD	23	6	18.00	1.182	0.072	14.37	4	333
swing-volume-profile-pro	15m	LINKUSD	87	39	-185.40	0.793	-0.102	-328.68	3	42
elliott-wave	15m	BTCUSD	17	7	-56.86	0.715	-0.151	-99.43	3	42
stealthtrail-supertrend	1h	LINKUSD	88	36	-138.19	0.767	-0.077	-202.29	3	125
stealthtrail-supertrend-ml-pro	1h	SOLUSD	68	26	-169.18	0.641	-0.130	-175.69	2	125
elliott-wave	4h	BTCUSD	16	11	152.60	2.387	0.492	99.29	5	333
dynamic-trend-bands-anchored-vwap-signals	15m	BTCUSD	21	12	7.35	1.041	0.036	20.22	2	42
elliott-wave	1h	BTCUSD	31	15	4.46	1.016	0.021	-111.66	4	125
elliott-wave	4h	SOLUSD	13	3	-114.38	0.319	-0.462	-109.14	1	333
dynamic-trend-bands-anchored-vwap-signals	15m	SOLUSD	50	24	-56.67	0.894	-0.050	-208.04	3	42
elliott-wave	15m	SOLUSD	41	20	-149.04	0.572	-0.192	-223.08	2	42
elliott-wave	4h	LINKUSD	14	6	-52.61	0.615	-0.189	-60.43	2	333
elliott-wave	1h	SOLUSD	38	28	261.13	2.220	0.323	62.82	5	125
dynamic-trend-bands-anchored-vwap-signals	15m	LINKUSD	56	29	110.49	1.168	0.116	36.15	4	42
dynamic-trend-bands-anchored-vwap-signals	1h	BTCUSD	28	10	-213.24	0.322	-0.428	-236.69	0	125
dynamic-trend-bands-anchored-vwap-signals	4h	BTCUSD	30	13	-99.65	0.692	-0.171	-118.35	2	333
dynamic-trend-bands-anchored-vwap-signals	4h	SOLUSD	33	19	31.16	1.118	0.070	6.36	3	333
dynamic-trend-bands-anchored-vwap-signals	1h	SOLUSD	39	20	-130.81	0.623	-0.182	-184.37	2	125
elliott-wave	1h	LINKUSD	43	18	-95.35	0.788	-0.102	-141.63	4	125
dynamic-trend-bands-anchored-vwap-signals	4h	LINKUSD	27	13	-63.63	0.770	-0.113	-102.09	3	333
elliott-wave	15m	LINKUSD	51	25	-93.22	0.805	-0.086	-221.09	3	42
stealthtrail-supertrend-ml-pro	4h	LINKUSD	23	4	-48.20	0.630	-0.108	-51.37	3	333
kinetic-momentum-vectors	1h	BTCUSD	21	10	-15.78	0.925	-0.020	-80.61	3	125
kinetic-momentum-vectors	15m	BTCUSD	17	9	32.11	1.204	0.109	-14.03	4	42
dynamic-trend-bands-anchored-vwap-signals	1h	LINKUSD	40	16	-190.53	0.579	-0.256	-193.10	2	125
kinetic-momentum-vectors	4h	BTCUSD	15	8	38.56	1.283	0.161	-3.63	4	333
kinetic-momentum-vectors	1h	SOLUSD	22	13	72.46	1.410	0.180	23.18	3	125
kinetic-momentum-vectors	4h	SOLUSD	14	6	-36.10	0.754	-0.124	-40.53	3	333
kinetic-momentum-vectors	15m	SOLUSD	29	16	-75.70	0.682	-0.134	-126.82	3	42
kinetic-momentum-vectors	1h	LINKUSD	25	12	-92.96	0.621	-0.188	-85.78	3	125
kinetic-momentum-vectors	4h	LINKUSD	11	4	-90.31	0.325	-0.425	-94.05	2	333
kinetic-momentum-vectors	15m	LINKUSD	30	12	-158.71	0.509	-0.281	-225.74	2	42
stealthtrail-supertrend-ml-pro	15m	SOLUSD	96	37	-238.24	0.670	-0.141	-377.74	3	42
stealthtrail-supertrend-ml-pro	1h	LINKUSD	77	29	-148.93	0.743	-0.097	-212.05	4	125
triangular-hull-moving-average-volatility	1h	BTCUSD	41	25	107.48	1.336	0.140	-56.74	4	125
triangular-hull-moving-average-volatility	15m	BTCUSD	15	6	-116.47	0.299	-0.411	-150.47	1	42
triangular-hull-moving-average-volatility	4h	BTCUSD	33	12	-162.63	0.562	-0.285	-161.57	2	333
triangular-hull-moving-average-volatility	1h	SOLUSD	44	23	-141.17	0.639	-0.172	-158.49	2	125
triangular-hull-moving-average-volatility	4h	SOLUSD	36	12	-174.17	0.545	-0.276	-288.76	2	333
session-killzones-breakouts	4h	BTCUSD	306	118	-353.63	0.816	-0.066	-578.83	3	333
triangular-hull-moving-average-volatility	4h	LINKUSD	35	14	-200.19	0.483	-0.314	-241.91	2	333
session-killzones-breakouts	1h	BTCUSD	162	82	-193.14	0.849	-0.055	-550.97	3	125
triangular-hull-moving-average-volatility	15m	SOLUSD	51	22	-122.96	0.774	-0.114	-216.55	3	42
triangular-hull-moving-average-volatility	1h	LINKUSD	47	24	2.21	1.005	0.014	-84.60	4	125
pivot-channel-breaks	15m	BTCUSD	20	11	-26.70	0.843	-0.064	-51.49	3	42
pivot-channel-breaks	1h	BTCUSD	39	19	-31.59	0.911	-0.019	-178.54	3	125
pivot-channel-breaks	1h	SOLUSD	41	22	-14.67	0.959	-0.001	-28.24	2	125
triangular-hull-moving-average-volatility	15m	LINKUSD	63	27	-298.69	0.516	-0.271	-347.75	2	42
pivot-channel-breaks	15m	SOLUSD	42	18	-74.88	0.836	-0.076	-152.06	3	42
session-killzones-breakouts	4h	SOLUSD	315	131	-71.06	0.963	-0.011	-368.01	4	333
pivot-channel-breaks	4h	BTCUSD	25	11	-106.91	0.579	-0.232	-149.48	3	333
pivot-channel-breaks	1h	LINKUSD	42	21	50.35	1.130	0.076	-69.96	4	125
pivot-channel-breaks	4h	SOLUSD	23	7	-88.26	0.675	-0.197	-105.13	1	333
pivot-channel-breaks	15m	LINKUSD	57	23	-290.25	0.505	-0.292	-396.67	1	42
pivot-channel-breaks	4h	LINKUSD	25	11	-95.07	0.632	-0.192	-103.42	2	333
high-volume-breakout-targets	4h	BTCUSD	11	6	-16.37	0.830	-0.064	-24.36	5	333
session-killzones-breakouts	1h	SOLUSD	180	84	-297.66	0.772	-0.088	-428.64	3	125
high-volume-breakout-targets	1h	BTCUSD	11	9	219.86	9.523	0.939	134.98	6	125
session-killzones-breakouts	15m	BTCUSD	26	14	14.52	1.056	0.043	-35.59	3	42
session-killzones-breakouts	4h	LINKUSD	331	124	-255.29	0.865	-0.037	-523.22	2	333
high-volume-breakout-targets	15m	BTCUSD	8	4	30.87	1.400	0.226	14.78	4	42
high-volume-breakout-targets	4h	SOLUSD	16	8	-26.96	0.819	-0.095	-43.68	3	333
reversal-signals-trailing-stop	15m	BTCUSD	15	7	-88.11	0.401	-0.309	-124.92	3	42
high-volume-breakout-targets	1h	SOLUSD	16	7	27.87	1.166	0.111	22.57	2	125
high-volume-breakout-targets	4h	LINKUSD	16	9	69.66	1.523	0.225	53.61	5	333
reversal-signals-trailing-stop	15m	SOLUSD	16	7	-81.73	0.518	-0.260	-98.90	2	42
high-volume-breakout-targets	15m	SOLUSD	20	7	-169.63	0.260	-0.467	-170.96	1	42
reversal-signals-trailing-stop	1h	BTCUSD	9	7	85.00	3.122	0.472	55.74	6	125
high-volume-breakout-targets	1h	LINKUSD	16	6	-93.36	0.522	-0.297	-132.06	2	125
reversal-signals-trailing-stop	15m	LINKUSD	14	4	-121.23	0.347	-0.455	-135.76	3	42
reversal-signals-trailing-stop	1h	SOLUSD	14	8	-36.12	0.684	-0.134	-87.99	5	125
reversal-signals-trailing-stop	4h	BTCUSD	5	1	-66.44	0.102	-0.712	-67.05	0	333
session-killzones-breakouts	1h	LINKUSD	185	85	-291.90	0.809	-0.082	-519.70	3	125
stealthtrail-supertrend-ml-pro	15m	LINKUSD	145	52	-416.93	0.605	-0.178	-553.53	2	42
reversal-signals-trailing-stop	4h	SOLUSD	6	5	46.90	3.317	0.436	10.27	4	333
reversal-signals-trailing-stop	1h	LINKUSD	10	6	-18.98	0.762	-0.089	-19.42	3	125
breakout-targets	15m	BTCUSD	4	2	-25.99	0.270	-0.329	-25.31	2	42
breakout-targets	4h	BTCUSD	7	3	-31.55	0.583	-0.239	-38.04	2	333
high-volume-breakout-targets	15m	LINKUSD	21	12	89.01	1.441	0.225	-19.01	3	42
breakout-targets	1h	BTCUSD	13	6	19.94	1.147	0.098	-20.01	3	125
reversal-signals-trailing-stop	4h	LINKUSD	5	3	12.36	1.314	0.131	7.97	2	333
breakout-targets	4h	SOLUSD	7	3	-25.55	0.647	-0.205	-34.82	3	333
smart-money-breakout-signals	4h	BTCUSD	22	8	-65.79	0.745	-0.136	-147.97	3	333
breakout-targets	4h	LINKUSD	7	2	-59.19	0.389	-0.430	-64.03	1	333
breakout-targets	1h	SOLUSD	12	5	-38.30	0.712	-0.158	-48.62	3	125
smart-money-breakout-signals	1h	BTCUSD	29	15	-10.20	0.963	0.001	-93.30	3	125
smart-money-breakout-signals	15m	BTCUSD	11	3	-94.06	0.341	-0.447	-114.68	1	42
breakout-targets	15m	SOLUSD	12	5	2.06	1.015	0.027	-36.92	3	42
smart-money-breakout-signals	4h	SOLUSD	21	6	-171.25	0.338	-0.459	-185.36	2	333
smart-money-breakout-signals	4h	LINKUSD	20	13	81.36	1.532	0.208	48.07	5	333
breakout-targets	1h	LINKUSD	12	8	79.30	1.959	0.333	24.64	5	125
smart-money-breakout-signals	1h	SOLUSD	30	15	-12.22	0.956	-0.009	-59.28	3	125
smart-money-breakout-signals	15m	SOLUSD	31	16	-45.04	0.845	-0.063	-94.44	2	42
breakout-targets	15m	LINKUSD	11	5	-76.39	0.332	-0.356	-81.05	1	42
smart-money-breakout-signals	1h	LINKUSD	35	17	24.37	1.064	0.053	-20.02	5	125
smart-money-breakout-signals	15m	LINKUSD	36	21	136.59	1.405	0.196	27.69	5	42
smart-swing-vwap-zeiierman	4h	BTCUSD	36	22	117.75	1.410	0.168	68.47	5	333
session-killzones-breakouts	15m	SOLUSD	65	34	-19.85	0.968	-0.003	-152.35	4	42
smart-swing-vwap-zeiierman	15m	BTCUSD	19	9	-103.63	0.435	-0.286	-159.80	2	42
smart-swing-vwap-zeiierman	4h	SOLUSD	32	15	-79.61	0.748	-0.102	-101.27	2	333
smart-swing-vwap-zeiierman	1h	BTCUSD	44	20	-126.61	0.690	-0.143	-248.36	3	125
smart-swing-vwap-zeiierman	4h	LINKUSD	34	20	76.24	1.274	0.119	45.19	3	333
smart-swing-vwap-zeiierman	15m	SOLUSD	51	28	-16.01	0.961	-0.008	-148.23	3	42
smart-swing-vwap-zeiierman	1h	SOLUSD	53	26	-68.95	0.869	-0.055	-45.91	5	125
session-killzones-breakouts	15m	LINKUSD	74	38	-16.85	0.977	0.003	-180.20	4	42
smart-swing-vwap-zeiierman	15m	LINKUSD	61	29	-26.09	0.959	-0.005	-199.90	4	42
smart-swing-vwap-zeiierman	1h	LINKUSD	56	25	-188.37	0.675	-0.174	-220.72	2	125
market-memory-average-zeiierman	4h	BTCUSD	34	17	173.60	1.609	0.260	108.40	5	333
market-memory-average-zeiierman	15m	BTCUSD	14	8	-17.24	0.791	-0.058	-77.13	5	42
market-memory-average-zeiierman	1h	BTCUSD	49	24	-91.70	0.810	-0.086	-201.25	2	125
market-memory-average-zeiierman	4h	SOLUSD	36	19	159.73	1.544	0.222	68.66	4	333
machine-learning-rsi-ai-classification-ranking-zeiierman	4h	BTCUSD	53	28	-73.29	0.849	-0.068	-172.89	4	333
market-memory-average-zeiierman	1h	SOLUSD	66	39	137.45	1.285	0.107	-90.16	6	125
market-memory-average-zeiierman	4h	LINKUSD	50	20	-212.31	0.567	-0.233	-271.87	1	333
market-memory-average-zeiierman	15m	SOLUSD	52	25	-177.57	0.611	-0.184	-231.97	2	42
ai-predictive-flow-zeiierman	15m	BTCUSD	88	38	-333.42	0.450	-0.228	-434.52	2	42
machine-learning-rsi-ai-classification-ranking-zeiierman	1h	BTCUSD	65	34	-88.79	0.841	-0.061	-326.80	3	125
market-memory-average-zeiierman	1h	LINKUSD	62	35	-52.88	0.892	-0.036	-133.59	3	125
market-memory-average-zeiierman	15m	LINKUSD	63	33	-46.04	0.903	-0.029	-269.38	3	42
ai-predictive-flow-zeiierman	1h	BTCUSD	192	86	-354.09	0.723	-0.107	-568.94	2	125
ai-predictive-flow-zeiierman	4h	BTCUSD	149	66	-302.19	0.749	-0.114	-368.74	1	333
machine-learning-rsi-ai-classification-ranking-zeiierman	4h	SOLUSD	59	22	-315.16	0.418	-0.332	-233.84	2	333
machine-learning-rsi-ai-classification-ranking-zeiierman	15m	BTCUSD	21	10	-22.08	0.896	-0.038	-50.46	3	42
ai-predictive-flow-zeiierman	4h	SOLUSD	152	68	-240.80	0.795	-0.093	-290.49	3	333
ai-predictive-flow-zeiierman	1h	SOLUSD	211	95	-401.63	0.744	-0.115	-568.23	1	125
ai-predictive-flow-zeiierman	15m	SOLUSD	229	115	-295.80	0.788	-0.071	-616.67	1	42
anchored-value-distribution-oscillator-zeiierman	15m	BTCUSD	240	85	-430.22	0.709	-0.113	-677.89	2	42
ai-predictive-flow-zeiierman	4h	LINKUSD	163	64	-540.36	0.538	-0.233	-556.57	1	333
machine-learning-rsi-ai-classification-ranking-zeiierman	1h	SOLUSD	70	39	55.71	1.101	0.055	-192.90	3	125
ai-predictive-flow-zeiierman	1h	LINKUSD	237	110	-306.37	0.809	-0.068	-566.60	3	125
anchored-value-distribution-oscillator-zeiierman	15m	SOLUSD	509	172	-776.36	0.631	-0.148	-900.85	0	42
anchored-value-distribution-oscillator-zeiierman	1h	BTCUSD	388	133	-658.32	0.653	-0.135	-836.22	0	125
machine-learning-rsi-ai-classification-ranking-zeiierman	4h	LINKUSD	61	29	-90.26	0.850	-0.067	-160.62	5	333
ai-predictive-flow-zeiierman	15m	LINKUSD	274	119	-655.65	0.628	-0.187	-798.44	0	42
anchored-value-distribution-oscillator-zeiierman	4h	BTCUSD	296	105	-145.89	0.903	-0.024	-441.45	2	333
supertrend-cluster-zeiierman	1h	BTCUSD	47	24	-123.73	0.705	-0.135	-224.19	3	125
supertrend-cluster-zeiierman	15m	BTCUSD	16	13	68.28	2.165	0.214	-67.22	5	42
supertrend-cluster-zeiierman	1h	SOLUSD	58	29	-107.34	0.801	-0.092	-194.60	3	125
supertrend-cluster-zeiierman	15m	SOLUSD	35	22	-15.62	0.935	-0.015	-120.39	4	42
supertrend-cluster-zeiierman	1h	LINKUSD	59	24	-246.51	0.601	-0.230	-341.50	2	125
anchored-value-distribution-oscillator-zeiierman	4h	SOLUSD	324	110	-285.13	0.837	-0.047	-448.98	2	333
supertrend-cluster-zeiierman	15m	LINKUSD	50	22	-198.51	0.600	-0.209	-327.09	2	42
supertrend-cluster-zeiierman	4h	BTCUSD	35	17	-72.81	0.777	-0.113	-102.53	5	333
anchored-value-distribution-oscillator-zeiierman	1h	SOLUSD	430	167	-507.26	0.776	-0.080	-736.28	1	125
supertrend-cluster-zeiierman	4h	SOLUSD	41	14	-171.33	0.625	-0.234	-199.05	1	333
supertrend-cluster-zeiierman	4h	LINKUSD	37	15	-178.13	0.548	-0.259	-191.36	2	333
anchored-value-distribution-oscillator-zeiierman	15m	LINKUSD	583	213	-783.55	0.627	-0.124	-941.42	2	42
bollinger-bands-forecast-with-signals-zeiierman	15m	BTCUSD	13	7	-38.32	0.677	-0.144	-62.07	2	42
bollinger-bands-forecast-with-signals-zeiierman	4h	BTCUSD	28	17	152.56	1.704	0.275	160.96	5	333
bollinger-bands-forecast-with-signals-zeiierman	1h	BTCUSD	36	14	-127.11	0.708	-0.178	-220.78	3	125
anchored-value-distribution-oscillator-zeiierman	4h	LINKUSD	338	100	-656.15	0.544	-0.154	-739.28	1	333
bollinger-bands-forecast-with-signals-zeiierman	4h	SOLUSD	22	9	-125.19	0.470	-0.306	-134.80	1	333
bollinger-bands-forecast-with-signals-zeiierman	1h	SOLUSD	41	17	-156.76	0.648	-0.201	-186.60	2	125
bollinger-bands-forecast-with-signals-zeiierman	4h	LINKUSD	25	11	-89.30	0.668	-0.178	-157.13	2	333
bollinger-bands-forecast-with-signals-zeiierman	15m	SOLUSD	40	29	198.46	1.859	0.239	-58.28	5	42
bollinger-bands-forecast-with-signals-zeiierman	1h	LINKUSD	44	21	-200.02	0.509	-0.247	-264.89	1	125
bollinger-bands-forecast-with-signals-zeiierman	15m	LINKUSD	42	24	-44.81	0.868	-0.046	-220.57	3	42
anchored-value-distribution-oscillator-zeiierman	1h	LINKUSD	499	178	-694.66	0.679	-0.114	-860.14	2	125
machine-learning-rsi-ai-classification-ranking-zeiierman	1h	LINKUSD	84	40	-109.26	0.860	-0.057	-281.45	3	125
dynamic-rsi-regression-bands-zeiierman	15m	BTCUSD	0	0	0.00	0.000	0.000	0.00	0	42
dynamic-rsi-regression-bands-zeiierman	4h	BTCUSD	1	1	18.68	99.000	0.963	15.98	1	333
dynamic-rsi-regression-bands-zeiierman	1h	BTCUSD	4	3	25.85	60.071	0.325	10.93	2	125
dynamic-rsi-regression-bands-zeiierman	4h	SOLUSD	3	0	-51.92	0.000	-1.000	-54.14	0	333
dynamic-rsi-regression-bands-zeiierman	1h	SOLUSD	4	1	-42.78	0.261	-0.544	-46.07	0	125
dynamic-rsi-regression-bands-zeiierman	4h	LINKUSD	10	3	-76.18	0.434	-0.388	-86.16	1	333
dynamic-rsi-regression-bands-zeiierman	15m	SOLUSD	4	3	28.13	2.615	0.343	30.40	2	42
dynamic-rsi-regression-bands-zeiierman	1h	LINKUSD	7	4	57.56	1.955	0.422	12.01	1	125
machine-learning-rsi-ai-classification-ranking-zeiierman	15m	SOLUSD	59	26	-162.23	0.747	-0.137	-301.90	2	42
dynamic-rsi-regression-bands-zeiierman	15m	LINKUSD	11	5	-66.82	0.425	-0.308	-102.95	0	42
adaptive-moving-average-ama-signals-zeiierman	1h	BTCUSD	9	2	-103.11	0.206	-0.609	-111.61	1	125
adaptive-moving-average-ama-signals-zeiierman	15m	BTCUSD	7	4	-20.48	0.650	-0.148	-56.18	1	42
adaptive-moving-average-ama-signals-zeiierman	4h	BTCUSD	5	2	-23.28	0.600	-0.236	-34.56	2	333
adaptive-moving-average-ama-signals-zeiierman	1h	SOLUSD	8	4	-36.48	0.534	-0.222	-44.51	3	125
adaptive-moving-average-ama-signals-zeiierman	15m	SOLUSD	3	2	2.75	1.150	0.054	-2.67	2	42
adaptive-moving-average-ama-signals-zeiierman	4h	SOLUSD	7	4	-16.65	0.713	-0.119	-20.69	3	333
adaptive-moving-average-ama-signals-zeiierman	1h	LINKUSD	11	5	-38.10	0.684	-0.168	-45.51	2	125
adaptive-moving-average-ama-signals-zeiierman	4h	LINKUSD	5	2	-18.70	0.681	-0.183	-22.48	1	333
adaptive-moving-average-ama-signals-zeiierman	15m	LINKUSD	13	8	-3.07	0.970	-0.006	-5.74	4	42
volume-supertrend-ai-expo	1h	BTCUSD	42	22	-57.27	0.844	-0.061	-140.25	3	125
volume-supertrend-ai-expo	15m	BTCUSD	13	9	29.79	1.381	0.122	-10.53	6	42
volume-supertrend-ai-expo	4h	BTCUSD	32	13	-49.34	0.856	-0.071	-103.66	3	333
volume-supertrend-ai-expo	1h	SOLUSD	47	23	-66.10	0.851	-0.064	-188.27	3	125
volume-supertrend-ai-expo	4h	SOLUSD	33	12	-204.82	0.416	-0.377	-247.80	1	333
volume-supertrend-ai-expo	15m	SOLUSD	32	17	-99.73	0.644	-0.159	-160.55	2	42
volume-supertrend-ai-expo	1h	LINKUSD	49	26	17.25	1.039	0.032	-107.90	2	125
volume-supertrend-ai-expo	4h	LINKUSD	31	15	-112.83	0.610	-0.189	-122.48	3	333
volume-supertrend-ai-expo	15m	LINKUSD	55	30	-96.09	0.782	-0.083	-190.19	3	42
momentum-sequence-strategy	1h	BTCUSD	9	5	-13.90	0.815	-0.069	-27.43	2	125
momentum-sequence-strategy	15m	BTCUSD	8	5	91.47	2.380	0.584	45.47	2	42
momentum-sequence-strategy	1h	SOLUSD	17	10	49.62	1.340	0.162	-18.18	4	125
momentum-sequence-strategy	4h	BTCUSD	18	9	26.07	1.152	0.087	-13.10	2	333
momentum-sequence-strategy	15m	SOLUSD	23	15	88.30	1.527	0.198	-43.02	3	42
momentum-sequence-strategy	1h	LINKUSD	12	4	-77.19	0.503	-0.326	-94.19	2	125
momentum-sequence-strategy	4h	SOLUSD	8	2	-64.85	0.378	-0.429	-64.55	2	333
momentum-sequence-strategy	4h	LINKUSD	5	5	127.23	99.000	1.222	116.71	4	333
momentum-sequence-strategy	15m	LINKUSD	15	6	35.18	1.174	0.151	-0.32	2	42
trend-survival-matrix	15m	BTCUSD	14	7	-68.93	0.413	-0.252	-117.23	3	42
trend-survival-matrix	1h	BTCUSD	40	23	67.55	1.214	0.098	-23.14	4	125
trend-survival-matrix	4h	BTCUSD	33	14	-181.97	0.424	-0.303	-201.73	3	333
trend-survival-matrix	1h	SOLUSD	57	34	-61.22	0.857	-0.049	-57.44	4	125
trend-survival-matrix	15m	SOLUSD	40	18	-184.87	0.524	-0.254	-259.46	2	42
trend-survival-matrix	4h	SOLUSD	31	19	91.94	1.458	0.137	-16.82	5	333
trend-survival-matrix	1h	LINKUSD	53	26	-33.03	0.932	-0.017	-154.00	3	125
trend-survival-matrix	4h	LINKUSD	35	15	-145.80	0.600	-0.218	-194.01	2	333
trend-survival-matrix	15m	LINKUSD	44	18	-287.43	0.327	-0.379	-343.96	1	42
smart-flow-imbalance	4h	BTCUSD	53	24	-100.60	0.809	-0.084	-229.49	2	333
smart-flow-imbalance	15m	BTCUSD	21	13	34.50	1.220	0.090	5.58	4	42
smart-flow-imbalance	4h	SOLUSD	52	23	-49.98	0.902	-0.040	-133.80	4	333
smart-flow-imbalance	1h	BTCUSD	73	35	-22.69	0.967	0.001	-289.79	4	125
smart-flow-imbalance	4h	LINKUSD	49	26	-24.02	0.947	-0.015	-94.98	2	333
smart-flow-imbalance	15m	SOLUSD	70	35	-223.15	0.644	-0.176	-314.07	2	42
smart-flow-imbalance	1h	SOLUSD	73	33	-214.78	0.690	-0.162	-394.86	3	125
smart-flow-imbalance	15m	LINKUSD	89	39	-296.30	0.660	-0.185	-364.18	2	42
smart-flow-imbalance	1h	LINKUSD	80	29	-394.67	0.478	-0.303	-475.87	1	125
macd-matrix	15m	BTCUSD	17	8	-74.30	0.572	-0.223	-98.41	2	42
macd-matrix	1h	BTCUSD	37	20	2.18	1.007	0.011	-85.32	4	125
macd-matrix	4h	BTCUSD	43	24	126.07	1.336	0.157	38.57	4	333
macd-matrix	1h	SOLUSD	46	30	177.68	1.531	0.194	-66.61	4	125
macd-matrix	15m	SOLUSD	31	17	61.63	1.219	0.118	-59.70	3	42
machine-learning-rsi-ai-classification-ranking-zeiierman	15m	LINKUSD	109	44	-330.65	0.669	-0.171	-490.67	1	42
macd-matrix	1h	LINKUSD	49	26	-101.86	0.760	-0.103	-158.23	3	125
macd-matrix	15m	LINKUSD	43	21	-184.81	0.545	-0.231	-250.63	1	42
macd-matrix	4h	SOLUSD	42	23	144.72	1.408	0.180	47.86	2	333
macd-matrix	4h	LINKUSD	39	16	-93.82	0.783	-0.117	-111.45	3	333
ema-trend-pro	15m	BTCUSD	6	2	-51.21	0.156	-0.437	-56.41	1	42
ema-trend-pro	15m	SOLUSD	22	12	-48.21	0.748	-0.106	-109.48	2	42
ema-trend-pro	15m	LINKUSD	26	10	-204.17	0.256	-0.434	-259.88	1	42
ema-trend-pro	1h	BTCUSD	29	16	69.46	1.291	0.138	-19.09	4	125
ema-trend-pro	1h	SOLUSD	40	25	-52.01	0.816	-0.061	-42.79	4	125
ema-trend-pro	1h	LINKUSD	39	18	-43.22	0.884	-0.040	-95.09	4	125
ema-trend-pro	4h	BTCUSD	33	14	-181.97	0.424	-0.303	-201.73	3	333
ema-trend-pro	4h	SOLUSD	31	19	91.94	1.458	0.137	-16.82	5	333
ema-trend-pro	4h	LINKUSD	35	15	-145.80	0.600	-0.218	-194.01	2	333
ema-trend-signals	15m	BTCUSD	14	7	-68.93	0.413	-0.252	-117.23	3	42
ema-trend-signals	15m	SOLUSD	40	18	-184.87	0.524	-0.254	-259.46	2	42
ema-trend-signals	15m	LINKUSD	43	18	-273.11	0.343	-0.365	-330.88	1	42
ema-trend-signals	1h	BTCUSD	40	23	67.55	1.214	0.098	-23.14	4	125
ema-trend-signals	1h	SOLUSD	57	34	-61.22	0.857	-0.049	-57.44	4	125
ema-trend-signals	1h	LINKUSD	53	26	-33.03	0.932	-0.017	-154.00	3	125
ema-trend-signals	4h	BTCUSD	33	14	-181.97	0.424	-0.303	-201.73	3	333
ema-trend-signals	4h	SOLUSD	31	19	91.94	1.458	0.137	-16.82	5	333
ema-trend-signals	4h	LINKUSD	35	15	-145.80	0.600	-0.218	-194.01	2	333
trend-pullback-guard	15m	BTCUSD	52	30	-106.94	0.725	-0.104	-155.96	2	42
trend-pullback-guard	1h	BTCUSD	100	54	-101.43	0.883	-0.043	-347.00	3	125
trend-pullback-guard	15m	SOLUSD	130	73	81.88	1.076	0.044	-287.78	4	42
trend-pullback-guard	1h	SOLUSD	126	58	-276.94	0.754	-0.120	-376.00	3	125
trend-pullback-guard	1h	LINKUSD	127	65	-142.81	0.879	-0.049	-259.86	2	125
trend-pullback-guard	15m	LINKUSD	152	88	188.62	1.143	0.069	-351.64	5	42
trend-pullback-guard	4h	BTCUSD	80	36	-146.59	0.820	-0.090	-177.30	3	333
trend-pullback-guard	4h	SOLUSD	84	46	43.45	1.058	0.042	-28.37	6	333
trend-pullback-guard	4h	LINKUSD	82	36	-226.32	0.734	-0.145	-255.16	3	333
adaptive-atr-extension-scanner	15m	BTCUSD	35	17	17.74	1.047	0.042	-27.78	3	42
adaptive-atr-extension-scanner	1h	BTCUSD	56	35	217.93	1.496	0.192	-26.72	4	125
adaptive-atr-extension-scanner	4h	BTCUSD	49	26	-87.49	0.783	-0.085	-176.88	4	333
adaptive-atr-extension-scanner	1h	SOLUSD	74	43	224.89	1.368	0.158	110.96	4	125
rsi-market-regime	15m	BTCUSD	38	20	-142.37	0.541	-0.199	-176.29	1	42
rsi-market-regime	15m	SOLUSD	111	61	-37.13	0.959	-0.005	-299.43	3	42
adaptive-atr-extension-scanner	4h	SOLUSD	38	20	120.34	1.360	0.167	98.53	3	333
adaptive-atr-extension-scanner	15m	SOLUSD	91	43	-23.94	0.977	0.004	-235.56	3	42
rsi-market-regime	15m	LINKUSD	140	66	-270.39	0.765	-0.098	-456.11	4	42
rsi-market-regime	1h	BTCUSD	99	50	-177.49	0.790	-0.090	-357.65	3	125
rsi-market-regime	1h	SOLUSD	115	58	-337.44	0.628	-0.178	-401.09	1	125
rsi-market-regime	1h	LINKUSD	121	52	-323.00	0.712	-0.150	-453.24	3	125
rsi-market-regime	4h	BTCUSD	86	41	-228.26	0.700	-0.147	-286.18	4	333
rsi-market-regime	4h	SOLUSD	88	42	-116.29	0.845	-0.051	-182.38	3	333
rsi-market-regime	4h	LINKUSD	81	37	-123.21	0.858	-0.067	-225.88	2	333
adaptive-atr-extension-scanner	1h	LINKUSD	75	36	-12.69	0.982	0.006	-141.36	3	125
adaptive-atr-extension-scanner	4h	LINKUSD	53	33	229.37	1.521	0.208	135.75	7	333
crypto-directional-score-oscillator	15m	BTCUSD	9	4	-54.79	0.418	-0.314	-71.53	2	42
crypto-directional-score-oscillator	1h	BTCUSD	9	7	82.80	3.029	0.471	64.81	3	125
adaptive-atr-extension-scanner	15m	LINKUSD	106	51	53.80	1.045	0.044	-122.01	4	42
crypto-directional-score-oscillator	4h	BTCUSD	8	8	169.45	99.000	1.033	163.27	6	333
crypto-directional-score-oscillator	1h	SOLUSD	10	9	139.27	7.904	0.679	114.97	5	125
crypto-directional-score-oscillator	15m	SOLUSD	18	9	-60.88	0.650	-0.171	-2.18	2	42
crypto-directional-score-oscillator	4h	SOLUSD	17	13	174.62	3.288	0.528	148.48	6	333
crypto-directional-score-oscillator	1h	LINKUSD	19	11	4.53	1.028	0.020	-49.33	3	125
fia-trend-momentum-10-20-50	15m	BTCUSD	14	7	-53.47	0.567	-0.190	-30.05	1	42
crypto-directional-score-oscillator	4h	LINKUSD	12	5	-26.19	0.807	-0.100	-34.28	2	333
crypto-directional-score-oscillator	15m	LINKUSD	26	16	-32.00	0.839	-0.057	-64.02	3	42
sams-early-morning-range-lines	1h	BTCUSD	66	35	-21.12	0.961	-0.008	-190.66	3	125
sams-early-morning-range-lines	15m	BTCUSD	17	8	-90.14	0.415	-0.274	-73.51	3	42
fia-trend-momentum-10-20-50	15m	SOLUSD	53	30	-2.98	0.993	0.009	-121.77	2	42
fia-trend-momentum-10-20-50	4h	BTCUSD	5	2	-35.11	0.389	-0.356	-37.34	0	333
fia-trend-momentum-10-20-50	1h	BTCUSD	10	7	121.34	2.927	0.610	76.35	1	125
sams-early-morning-range-lines	1h	SOLUSD	80	41	67.89	1.096	0.054	-83.64	5	125
sams-early-morning-range-lines	15m	SOLUSD	46	20	-196.47	0.556	-0.230	-198.92	2	42
sams-early-morning-range-lines	1h	LINKUSD	83	44	284.17	1.381	0.169	89.71	5	125
fia-trend-momentum-10-20-50	15m	LINKUSD	46	21	-154.91	0.685	-0.172	-242.25	1	42
fia-trend-momentum-10-20-50	1h	SOLUSD	11	7	128.99	2.624	0.605	91.93	1	125
fia-trend-momentum-10-20-50	4h	SOLUSD	3	1	-29.00	0.217	-0.525	-29.95	0	333
sams-early-morning-range-lines	4h	BTCUSD	27	14	-18.19	0.918	-0.026	-76.82	3	333
sams-early-morning-range-lines	15m	LINKUSD	48	25	8.36	1.023	0.019	-90.72	4	42
sams-early-morning-range-lines	4h	SOLUSD	39	16	-108.83	0.728	-0.153	-110.20	2	333
fia-trend-momentum-10-20-50	1h	LINKUSD	12	5	-54.66	0.599	-0.226	-77.97	0	125
fia-trend-momentum-10-20-50	4h	LINKUSD	4	3	14.59	1.705	0.191	12.07	1	333
sams-early-morning-range-lines	4h	LINKUSD	37	17	-73.60	0.795	-0.095	-94.26	4	333
btc-ema-5-9-flip-strategy-autobot	1h	BTCUSD	21	7	-188.11	0.233	-0.495	-161.18	1	125
swing-multi-moving-averages-crypto-and-stocks-strategy	15m	BTCUSD	570	204	-760.94	0.453	-0.129	-937.53	1	42
btc-ema-5-9-flip-strategy-autobot	1h	SOLUSD	24	6	-167.84	0.355	-0.386	-196.65	1	125
btc-ema-5-9-flip-strategy-autobot	1h	LINKUSD	35	8	-251.45	0.323	-0.407	-263.44	2	125
swing-multi-moving-averages-crypto-and-stocks-strategy	15m	SOLUSD	1085	388	-908.99	0.526	-0.119	-959.25	1	42
btc-ema-5-9-flip-strategy-autobot	15m	BTCUSD	5	1	-62.25	0.181	-0.642	-66.79	0	42
swing-multi-moving-averages-crypto-and-stocks-strategy	1h	BTCUSD	1247	457	-958.45	0.300	-0.142	-973.77	0	125
swing-multi-moving-averages-crypto-and-stocks-strategy	1h	SOLUSD	1053	407	-877.68	0.439	-0.109	-944.55	0	125
swing-multi-moving-averages-crypto-and-stocks-strategy	15m	LINKUSD	1117	443	-905.88	0.579	-0.105	-980.22	0	42
swing-multi-moving-averages-crypto-and-stocks-strategy	4h	BTCUSD	985	412	-856.65	0.456	-0.108	-931.68	0	333
btc-ema-5-9-flip-strategy-autobot	4h	BTCUSD	1	1	21.51	99.000	1.124	18.63	1	333
swing-multi-moving-averages-crypto-and-stocks-strategy	1h	LINKUSD	1014	429	-873.16	0.507	-0.101	-975.88	0	125
swing-multi-moving-averages-crypto-and-stocks-strategy	4h	SOLUSD	695	315	-638.60	0.555	-0.086	-791.55	1	333
swing-multi-moving-averages-crypto-and-stocks-strategy	4h	LINKUSD	667	302	-538.02	0.677	-0.057	-751.31	1	333
btc-ema-5-9-flip-strategy-autobot	15m	SOLUSD	22	10	-67.63	0.598	-0.155	-153.56	3	42
btc-ema-5-9-flip-strategy-autobot	4h	SOLUSD	5	1	-34.62	0.170	-0.359	-60.96	1	333
anomaly-rejection-channel-arc-pro	4h	BTCUSD	18	11	46.07	1.332	0.141	49.32	3	333
btc-ema-5-9-flip-strategy-autobot	15m	LINKUSD	47	22	105.47	1.258	0.125	-92.96	6	42
anomaly-rejection-channel-arc-pro	4h	SOLUSD	5	3	9.60	1.281	0.093	7.35	2	333
anomaly-rejection-channel-arc-pro	1h	BTCUSD	17	10	2.06	1.015	0.015	47.42	4	125
anomaly-rejection-channel-arc-pro	4h	LINKUSD	11	4	-81.31	0.390	-0.383	-102.90	1	333
anomaly-rejection-channel-arc-pro	15m	BTCUSD	7	4	15.48	1.256	0.126	27.25	2	42
btc-ema-5-9-flip-strategy-autobot	4h	LINKUSD	1	1	7.61	99.000	0.381	6.50	1	333
anomaly-rejection-channel-arc-pro	1h	SOLUSD	8	2	-80.15	0.280	-0.535	-87.06	0	125
weekend-hunter-ultimate-v6-2	1h	BTCUSD	19	8	-107.11	0.439	-0.294	-146.91	1	125
anomaly-rejection-channel-arc-pro	15m	SOLUSD	13	7	-18.57	0.839	-0.066	-41.46	1	42
weekend-hunter-ultimate-v6-2	15m	BTCUSD	2	2	19.46	99.000	0.494	21.40	2	42
anomaly-rejection-channel-arc-pro	1h	LINKUSD	17	9	-42.23	0.740	-0.120	-97.89	4	125
weekend-hunter-ultimate-v6-2	4h	BTCUSD	24	10	-109.35	0.420	-0.245	-136.04	1	333
weekend-hunter-ultimate-v6-2	1h	SOLUSD	178	118	464.06	1.503	0.116	-18.04	4	125
anomaly-rejection-channel-arc-pro	15m	LINKUSD	15	5	-135.52	0.283	-0.481	-145.72	3	42
weekend-hunter-ultimate-v6-2	4h	SOLUSD	79	59	219.97	1.656	0.139	123.18	4	333
weekend-hunter-ultimate-v6-2	15m	SOLUSD	181	117	576.74	1.639	0.132	-137.88	5	42
weekend-hunter-ultimate-v6-2	1h	LINKUSD	176	109	495.37	1.519	0.120	-37.45	7	125
weekend-hunter-ultimate-v6-2	4h	LINKUSD	75	53	233.00	1.682	0.146	135.92	4	333
williams-r-zone-scalper-v1-0-bullbyte	15m	BTCUSD	22	10	-33.55	0.802	-0.068	-92.85	3	42
williams-r-zone-scalper-v1-0-bullbyte	1h	BTCUSD	60	20	-455.84	0.234	-0.511	-528.26	0	125
williams-r-zone-scalper-v1-0-bullbyte	15m	SOLUSD	72	38	-160.88	0.685	-0.120	-264.04	1	42
weekend-hunter-ultimate-v6-2	15m	LINKUSD	155	91	327.01	1.395	0.097	-138.57	5	42
williams-r-zone-scalper-v1-0-bullbyte	1h	SOLUSD	64	32	-105.78	0.793	-0.082	-194.78	3	125
williams-r-zone-scalper-v1-0-bullbyte	4h	BTCUSD	51	17	-284.07	0.464	-0.335	-304.93	1	333
williams-r-zone-scalper-v1-0-bullbyte	15m	LINKUSD	64	31	-158.51	0.678	-0.129	-290.41	3	42
williams-r-zone-scalper-v1-0-bullbyte	4h	SOLUSD	59	27	-179.14	0.654	-0.170	-202.12	2	333
williams-r-zone-scalper-v1-0-bullbyte	1h	LINKUSD	72	32	-155.51	0.763	-0.106	-278.56	2	125
trendsync-pro-smc	1h	BTCUSD	33	15	-138.81	0.427	-0.227	-186.52	1	125
williams-r-zone-scalper-v1-0-bullbyte	4h	LINKUSD	49	26	-31.47	0.928	-0.023	-69.64	3	333
trendsync-pro-smc	15m	BTCUSD	2	1	0.61	1.133	0.018	5.79	1	42
trendsync-pro-smc	1h	SOLUSD	45	21	-40.48	0.864	-0.044	-115.29	4	125
trendsync-pro-smc	1h	LINKUSD	56	20	-211.56	0.579	-0.204	-324.86	3	125
smart-grid-scalping-pullback-strategy-bullbyte	15m	BTCUSD	24	14	-33.46	0.697	-0.069	-89.92	4	42
smart-grid-scalping-pullback-strategy-bullbyte	1h	BTCUSD	47	18	-218.07	0.249	-0.267	-280.40	3	125
trendsync-pro-smc	4h	BTCUSD	18	8	128.94	2.061	0.374	82.84	2	333
trendsync-pro-smc	15m	SOLUSD	11	1	-101.79	0.056	-0.494	-113.50	0	42
smart-grid-scalping-pullback-strategy-bullbyte	15m	SOLUSD	48	33	162.09	2.129	0.162	9.41	5	42
smart-grid-scalping-pullback-strategy-bullbyte	1h	SOLUSD	59	42	161.98	2.002	0.135	28.63	6	125
smart-grid-scalping-pullback-strategy-bullbyte	1h	LINKUSD	39	33	261.46	5.281	0.302	150.00	7	125
smart-grid-scalping-pullback-strategy-bullbyte	15m	LINKUSD	36	28	232.96	2.617	0.297	108.45	7	42
trendsync-pro-smc	15m	LINKUSD	16	6	-6.12	0.965	0.002	-51.99	3	42
smart-grid-scalping-pullback-strategy-bullbyte	4h	BTCUSD	45	17	-160.52	0.425	-0.199	-195.50	2	333
smart-grid-scalping-pullback-strategy-bullbyte	4h	SOLUSD	38	24	15.66	1.099	0.029	-16.39	4	333
trendsync-pro-smc	4h	SOLUSD	21	7	-45.78	0.716	-0.107	-67.26	2	333
smart-grid-scalping-pullback-strategy-bullbyte	4h	LINKUSD	39	30	160.95	2.405	0.196	113.00	7	333
pro-scalper-ai-bullbyte	1h	BTCUSD	275	142	-377.73	0.844	-0.078	-662.50	3	125
pro-scalper-ai-bullbyte	15m	BTCUSD	155	71	-458.44	0.620	-0.193	-591.78	0	42
pro-scalper-ai-bullbyte	4h	BTCUSD	198	96	-216.72	0.891	-0.054	-358.96	3	333
pro-scalper-ai-bullbyte	1h	SOLUSD	317	161	-497.62	0.800	-0.107	-712.62	2	125
pro-scalper-ai-bullbyte	4h	SOLUSD	225	114	-119.47	0.947	-0.020	-303.02	3	333
pro-scalper-ai-bullbyte	15m	SOLUSD	339	162	-638.92	0.705	-0.150	-784.03	0	42
trendsync-pro-smc	4h	LINKUSD	16	6	-43.63	0.676	-0.133	-56.03	1	333
pro-scalper-ai-bullbyte	4h	LINKUSD	227	118	-154.91	0.939	-0.026	-262.59	4	333
pro-scalper-ai-bullbyte	1h	LINKUSD	339	162	-626.51	0.771	-0.137	-762.30	1	125
macd-pullback-sniper-trend-adx-filtered-strategy	1h	BTCUSD	22	11	-117.26	0.419	-0.284	-175.22	0	125
macd-pullback-sniper-trend-adx-filtered-strategy	15m	BTCUSD	6	3	-44.33	0.247	-0.374	-69.84	2	42
macd-pullback-sniper-trend-adx-filtered-strategy	1h	SOLUSD	33	13	-159.93	0.464	-0.262	-193.71	2	125
pro-scalper-ai-bullbyte	15m	LINKUSD	395	191	-572.75	0.776	-0.096	-834.74	1	42
macd-pullback-sniper-trend-adx-filtered-strategy	15m	SOLUSD	21	8	-91.89	0.500	-0.227	-121.40	2	42
macd-pullback-sniper-trend-adx-filtered-strategy	1h	LINKUSD	22	10	-92.62	0.527	-0.217	-113.49	2	125
macd-pullback-sniper-trend-adx-filtered-strategy	4h	BTCUSD	16	11	194.56	2.882	0.628	133.05	6	333
macd-pullback-sniper-trend-adx-filtered-strategy	4h	SOLUSD	20	7	-130.40	0.429	-0.348	-68.52	2	333
macd-pullback-sniper-trend-adx-filtered-strategy	15m	LINKUSD	23	6	-178.86	0.366	-0.418	-225.07	1	42
macd-pullback-sniper-trend-adx-filtered-strategy	4h	LINKUSD	13	3	-129.34	0.269	-0.530	-133.27	2	333
golden-trident-swing-anchored-vwap-trend-system	1h	BTCUSD	23	8	-165.22	0.375	-0.399	-217.81	1	125
golden-trident-swing-anchored-vwap-trend-system	4h	BTCUSD	12	7	57.66	1.572	0.253	38.35	3	333
golden-trident-swing-anchored-vwap-trend-system	15m	BTCUSD	5	1	-67.73	0.054	-0.708	-70.51	1	42
golden-trident-swing-anchored-vwap-trend-system	4h	SOLUSD	15	7	28.34	1.190	0.128	11.10	2	333
golden-trident-swing-anchored-vwap-trend-system	1h	SOLUSD	25	9	-84.62	0.693	-0.166	-137.59	3	125
golden-trident-swing-anchored-vwap-trend-system	4h	LINKUSD	17	7	-120.27	0.359	-0.373	-120.02	2	333
golden-trident-swing-anchored-vwap-trend-system	15m	SOLUSD	24	6	-220.76	0.295	-0.520	-238.79	1	42
golden-trident-swing-anchored-vwap-trend-system	1h	LINKUSD	27	12	-96.34	0.649	-0.178	-136.77	2	125
execution-aware-trend	4h	BTCUSD	30	11	-141.52	0.556	-0.251	-160.58	4	333
execution-aware-trend	1h	BTCUSD	37	16	-90.60	0.769	-0.120	-171.83	4	125
ema-pullback-trend-continuation-strategy-with-volume-and-momentu	15m	BTCUSD	12	5	-76.60	0.413	-0.333	-76.60	1	42
golden-trident-swing-anchored-vwap-trend-system	15m	LINKUSD	28	13	-73.53	0.760	-0.122	-136.95	1	42
execution-aware-trend	15m	BTCUSD	14	5	-103.45	0.287	-0.388	-130.20	1	42
ema-pullback-trend-continuation-strategy-with-volume-and-momentu	1h	BTCUSD	45	18	-223.06	0.522	-0.275	-271.83	2	125
ema-pullback-trend-continuation-strategy-with-volume-and-momentu	15m	SOLUSD	46	23	-170.24	0.575	-0.205	-200.71	2	42
execution-aware-trend	4h	SOLUSD	27	8	-136.94	0.559	-0.277	-217.02	1	333
ema-pullback-trend-continuation-strategy-with-volume-and-momentu	1h	SOLUSD	54	30	26.42	1.049	0.037	-36.94	3	125
ema-pullback-trend-continuation-strategy-with-volume-and-momentu	15m	LINKUSD	55	20	-309.52	0.475	-0.328	-410.19	3	42
ema-pullback-trend-continuation-strategy-with-volume-and-momentu	1h	LINKUSD	47	22	-174.62	0.623	-0.196	-243.96	2	125
execution-aware-trend	1h	SOLUSD	42	26	93.26	1.292	0.125	-44.26	6	125
execution-aware-trend	4h	LINKUSD	28	15	-39.75	0.840	-0.064	-116.70	4	333
ema-pullback-trend-continuation-strategy-with-volume-and-momentu	4h	BTCUSD	35	17	-59.90	0.830	-0.076	-76.09	4	333
ema-pullback-trend-continuation-strategy-with-volume-and-momentu	4h	SOLUSD	41	20	31.10	1.079	0.036	-22.29	4	333
ema-pullback-trend-continuation-strategy-with-volume-and-momentu	4h	LINKUSD	32	15	-43.25	0.874	-0.061	-68.64	3	333
execution-aware-trend	15m	SOLUSD	48	18	-292.58	0.408	-0.360	-344.33	2	42
execution-aware-trend	1h	LINKUSD	51	20	-208.12	0.611	-0.216	-282.55	2	125
trend-trigger-ema-trend-filter-mtf-stochastic-entry-with-atr	15m	BTCUSD	8	1	-124.21	0.038	-0.831	-125.94	0	42
trend-trigger-ema-trend-filter-mtf-stochastic-entry-with-atr	4h	BTCUSD	6	5	128.74	7.322	1.059	108.38	3	333
execution-aware-trend	15m	LINKUSD	74	30	-281.67	0.623	-0.211	-405.99	2	42
trend-trigger-ema-trend-filter-mtf-stochastic-entry-with-atr	1h	BTCUSD	9	7	42.73	2.077	0.243	39.61	4	125
trend-trigger-ema-trend-filter-mtf-stochastic-entry-with-atr	4h	SOLUSD	5	2	-40.28	0.289	-0.422	-30.84	1	333
trend-trigger-ema-trend-filter-mtf-stochastic-entry-with-atr	1h	SOLUSD	7	4	-18.89	0.680	-0.117	-21.62	2	125
trend-trigger-ema-trend-filter-mtf-stochastic-entry-with-atr	15m	SOLUSD	18	6	-156.37	0.244	-0.476	-204.88	1	42
dnse-vn301-sma-adx-di-trend-following-strategy	15m	BTCUSD	9	2	-37.02	0.189	-0.212	-57.89	1	42
trend-trigger-ema-trend-filter-mtf-stochastic-entry-with-atr	1h	LINKUSD	8	7	69.06	4.257	0.423	25.67	7	125
trend-trigger-ema-trend-filter-mtf-stochastic-entry-with-atr	4h	LINKUSD	4	3	14.54	1.713	0.186	22.39	2	333
dnse-vn301-sma-adx-di-trend-following-strategy	15m	SOLUSD	13	7	74.49	1.771	0.296	25.29	5	42
dnse-vn301-sma-adx-di-trend-following-strategy	4h	BTCUSD	16	8	-15.27	0.722	-0.048	-37.25	4	333
dnse-vn301-sma-adx-di-trend-following-strategy	1h	BTCUSD	29	8	-100.51	0.438	-0.183	-158.03	3	125
dnse-vn301-sma-adx-di-trend-following-strategy	4h	SOLUSD	18	6	-51.13	0.522	-0.157	-64.50	2	333
dnse-vn301-sma-adx-di-trend-following-strategy	1h	SOLUSD	24	7	-114.78	0.343	-0.256	-140.54	3	125
dnse-vn301-sma-adx-di-trend-following-strategy	15m	LINKUSD	23	12	-59.05	0.701	-0.125	-91.98	2	42
dnse-vn301-sma-adx-di-trend-following-strategy	4h	LINKUSD	16	6	-57.98	0.329	-0.186	-69.59	4	333
dnse-vn301-sma-adx-di-trend-following-strategy	1h	LINKUSD	15	8	36.90	1.673	0.125	0.77	5	125
trend-trigger-ema-trend-filter-mtf-stochastic-entry-with-atr	15m	LINKUSD	17	14	177.49	3.528	0.500	192.22	5	42
power-surge-bb-momentum-squeeze-release	4h	BTCUSD	1	1	20.14	99.000	1.043	16.70	1	333
power-surge-bb-momentum-squeeze-release	1h	BTCUSD	1	1	8.06	99.000	0.416	7.16	1	125
gradient-ribbon-ema-ribbon-slope-acceleration-system	15m	BTCUSD	4	1	-8.25	0.065	-0.106	-16.69	0	42
power-surge-bb-momentum-squeeze-release	4h	SOLUSD	1	1	13.98	99.000	0.942	13.54	1	333
power-surge-bb-momentum-squeeze-release	1h	SOLUSD	1	1	21.20	99.000	1.080	17.14	1	125
power-surge-bb-momentum-squeeze-release	15m	SOLUSD	1	1	7.63	99.000	0.391	6.11	1	42
power-surge-bb-momentum-squeeze-release	4h	LINKUSD	1	0	-19.32	0.000	-1.000	-19.98	0	333
gradient-ribbon-ema-ribbon-slope-acceleration-system	15m	SOLUSD	13	4	-43.93	0.582	-0.175	-64.28	2	42
gradient-ribbon-ema-ribbon-slope-acceleration-system	1h	BTCUSD	17	5	-91.21	0.359	-0.289	-128.30	2	125
power-surge-bb-momentum-squeeze-release	1h	LINKUSD	1	1	34.64	99.000	1.735	29.94	1	125
gradient-ribbon-ema-ribbon-slope-acceleration-system	15m	LINKUSD	16	3	-44.34	0.511	-0.139	-75.69	2	42
power-surge-bb-momentum-squeeze-release	15m	LINKUSD	1	0	-19.78	0.000	-1.000	-19.79	0	42
gradient-ribbon-ema-ribbon-slope-acceleration-system	4h	BTCUSD	57	22	-151.60	0.591	-0.148	-220.71	3	333
gradient-ribbon-ema-ribbon-slope-acceleration-system	1h	SOLUSD	44	12	-217.96	0.262	-0.284	-250.74	2	125
gradient-ribbon-ema-ribbon-slope-acceleration-system	4h	SOLUSD	80	25	-238.05	0.576	-0.176	-282.15	2	333
coil-breaker-rsi-range-compression	15m	BTCUSD	14	7	-44.29	0.678	-0.158	-70.02	2	42
coil-breaker-rsi-range-compression	1h	BTCUSD	31	20	20.69	1.091	0.043	-60.96	6	125
gradient-ribbon-ema-ribbon-slope-acceleration-system	1h	LINKUSD	54	16	-242.78	0.417	-0.253	-301.91	1	125
gradient-ribbon-ema-ribbon-slope-acceleration-system	4h	LINKUSD	86	30	-229.97	0.611	-0.147	-276.39	4	333
coil-breaker-rsi-range-compression	4h	BTCUSD	32	15	-44.59	0.859	-0.062	-71.66	2	333
coil-breaker-rsi-range-compression	1h	SOLUSD	41	18	-64.10	0.839	-0.061	-120.49	2	125
coil-breaker-rsi-range-compression	15m	SOLUSD	37	23	137.00	1.471	0.194	-83.20	4	42
coil-breaker-rsi-range-compression	4h	SOLUSD	26	14	120.83	1.492	0.272	22.69	4	333
coil-breaker-rsi-range-compression	1h	LINKUSD	39	18	17.06	1.043	0.039	-100.82	4	125
coil-breaker-rsi-range-compression	4h	LINKUSD	31	13	-108.53	0.671	-0.177	-157.49	3	333
coil-breaker-rsi-range-compression	15m	LINKUSD	45	19	-238.29	0.481	-0.294	-334.93	0	42
ema-ribbon-smoothed-rsi-trend-strategy	1h	BTCUSD	10	4	2.83	1.025	0.039	-37.43	2	125
ema-ribbon-smoothed-rsi-trend-strategy	15m	BTCUSD	3	3	38.29	99.000	0.638	4.50	3	42
ema-ribbon-smoothed-rsi-trend-strategy	4h	BTCUSD	8	3	-25.05	0.731	-0.159	-33.16	2	333
ema-ribbon-smoothed-rsi-trend-strategy	1h	SOLUSD	8	3	-2.29	0.976	0.031	-40.17	2	125
ema-ribbon-smoothed-rsi-trend-strategy	15m	SOLUSD	9	4	-18.01	0.791	-0.100	-36.94	3	42
ema-ribbon-smoothed-rsi-trend-strategy	4h	SOLUSD	4	2	9.32	1.334	0.170	8.61	1	333
ema-ribbon-smoothed-rsi-trend-strategy	1h	LINKUSD	7	5	49.00	2.287	0.354	46.52	5	125
ema-ribbon-smoothed-rsi-trend-strategy	4h	LINKUSD	5	2	-24.93	0.577	-0.247	-27.79	2	333
ema-ribbon-smoothed-rsi-trend-strategy	15m	LINKUSD	5	2	-41.55	0.291	-0.419	-73.79	2	42
channel-reversion-system	15m	BTCUSD	11	1	-114.07	0.040	-0.552	-127.38	0	42
channel-reversion-system	4h	BTCUSD	32	10	-109.22	0.538	-0.181	-142.11	2	333
channel-reversion-system	1h	BTCUSD	40	10	-99.71	0.674	-0.125	-160.37	1	125
channel-reversion-system	4h	SOLUSD	19	4	-77.17	0.514	-0.202	-112.22	1	333
channel-reversion-system	15m	SOLUSD	30	8	-191.42	0.218	-0.359	-236.16	1	42
channel-reversion-system	1h	SOLUSD	34	7	-121.16	0.462	-0.186	-182.06	2	125
vol-target-trend-engine	15m	BTCUSD	8	0	-83.50	0.000	-0.546	-94.46	0	42
channel-reversion-system	4h	LINKUSD	15	8	-17.45	0.783	-0.055	-2.20	2	333
channel-reversion-system	15m	LINKUSD	23	7	-133.21	0.299	-0.307	-172.76	1	42
vol-target-trend-engine	1h	BTCUSD	12	7	31.67	1.380	0.132	-16.62	4	125
channel-reversion-system	1h	LINKUSD	35	16	39.11	1.178	0.062	-64.92	3	125
vol-target-trend-engine	15m	SOLUSD	15	5	-29.32	0.696	-0.098	-79.59	1	42
vol-target-trend-engine	4h	BTCUSD	13	6	53.96	1.545	0.225	16.50	2	333
vol-target-trend-engine	1h	SOLUSD	19	6	-34.88	0.785	-0.076	-68.09	1	125
vol-target-trend-engine	4h	SOLUSD	14	3	-104.98	0.221	-0.419	-97.93	1	333
vol-target-trend-engine	15m	LINKUSD	18	4	-49.59	0.568	-0.138	-13.99	2	42
vol-target-trend-engine	4h	LINKUSD	19	8	1.38	1.012	0.009	-29.38	4	333
vol-target-trend-engine	1h	LINKUSD	13	6	120.35	2.853	0.465	23.50	4	125
compression-breakout-system	15m	BTCUSD	3	2	-0.36	0.982	0.000	-13.97	1	42
compression-breakout-system	4h	BTCUSD	8	2	-70.54	0.346	-0.477	-79.10	0	333
compression-breakout-system	1h	BTCUSD	9	5	33.91	1.453	0.218	-7.88	4	125
compression-breakout-system	4h	SOLUSD	6	1	-78.37	0.091	-0.746	-57.44	1	333
slope-ma-cross-acc-range-filter	15m	BTCUSD	35	14	19.49	1.094	0.036	-81.78	3	42
slope-ma-cross-acc-range-filter	1h	BTCUSD	132	38	-347.06	0.523	-0.158	-460.68	1	125
compression-breakout-system	15m	SOLUSD	8	2	-89.13	0.178	-0.591	-93.92	2	42
compression-breakout-system	4h	LINKUSD	7	2	-44.47	0.540	-0.314	-49.40	1	333
compression-breakout-system	1h	SOLUSD	5	3	75.84	2.851	0.814	59.14	3	125
slope-ma-cross-acc-range-filter	1h	SOLUSD	187	55	-319.31	0.703	-0.098	-493.88	3	125
compression-breakout-system	15m	LINKUSD	14	8	-42.11	0.644	-0.148	-137.80	4	42
slope-ma-cross-acc-range-filter	15m	SOLUSD	103	46	128.01	1.192	0.069	-169.82	3	42
slope-ma-cross-acc-range-filter	4h	BTCUSD	153	55	-188.45	0.778	-0.065	-328.63	2	333
compression-breakout-system	1h	LINKUSD	8	3	-56.67	0.363	-0.358	-87.81	2	125
slope-ma-cross-acc-range-filter	4h	SOLUSD	173	59	-179.45	0.781	-0.060	-295.12	3	333
slope-ma-cross-acc-range-filter	1h	LINKUSD	197	76	-182.15	0.849	-0.044	-425.85	2	125
slope-ma-cross-acc-range-filter	15m	LINKUSD	131	47	-208.20	0.756	-0.082	-414.27	1	42
trendshift-supertrend-adx-regime-adaptive-strategy	15m	BTCUSD	14	7	4.97	1.042	0.023	-52.89	3	42
slope-ma-cross-acc-range-filter	4h	LINKUSD	202	74	-222.82	0.776	-0.059	-343.76	3	333
trendshift-supertrend-adx-regime-adaptive-strategy	4h	BTCUSD	48	25	-29.53	0.929	-0.021	-70.47	4	333
trendshift-supertrend-adx-regime-adaptive-strategy	1h	BTCUSD	57	29	-64.24	0.864	-0.048	-75.59	3	125
trendshift-supertrend-adx-regime-adaptive-strategy	4h	SOLUSD	49	29	68.47	1.184	0.085	87.21	5	333
trendshift-supertrend-adx-regime-adaptive-strategy	15m	SOLUSD	42	18	-199.02	0.519	-0.262	-271.67	1	42
trendshift-supertrend-adx-regime-adaptive-strategy	4h	LINKUSD	29	13	-69.09	0.785	-0.114	-77.97	4	333
trendshift-supertrend-adx-regime-adaptive-strategy	1h	SOLUSD	64	30	-80.83	0.871	-0.052	-161.79	3	125
trendshift-supertrend-adx-regime-adaptive-strategy	15m	LINKUSD	67	29	-221.09	0.644	-0.178	-385.27	3	42
trendshift-supertrend-adx-regime-adaptive-strategy	1h	LINKUSD	81	42	-32.71	0.954	-0.010	-205.76	5	125
momentum-bands-breakout	1h	BTCUSD	21	15	29.63	1.321	0.075	-6.96	5	125
momentum-bands-breakout	15m	BTCUSD	2	1	-13.72	0.279	-0.347	-16.18	0	42
momentum-bands-breakout	1h	SOLUSD	60	48	384.84	2.776	0.283	217.84	7	125
momentum-bands-breakout	1h	LINKUSD	64	49	336.89	2.126	0.233	160.79	7	125
momentum-bands-breakout	15m	SOLUSD	27	22	172.66	3.703	0.312	82.18	5	42
momentum-bands-breakout	4h	BTCUSD	43	26	-71.05	0.751	-0.085	-122.79	3	333
momentum-bands-breakout	4h	SOLUSD	44	29	199.52	2.069	0.218	121.68	5	333
momentum-bands-breakout	15m	LINKUSD	17	12	-2.10	0.980	-0.000	-33.12	4	42
momentum-bands-breakout	4h	LINKUSD	45	33	290.60	2.394	0.297	214.76	4	333
daybreak-strategy	1h	BTCUSD	108	48	-304.22	0.669	-0.163	-444.23	1	125
vwap-trend-momentum	1h	BTCUSD	30	12	-62.91	0.579	-0.105	-136.33	2	125
vwap-trend-momentum	15m	BTCUSD	11	3	-30.32	0.665	-0.134	-74.36	2	42
vwap-trend-momentum	1h	SOLUSD	37	14	-148.00	0.443	-0.219	-205.84	2	125
tp-sl-toolkit	4h	BTCUSD	94	48	-147.01	0.797	-0.080	-252.87	3	333
vwap-trend-momentum	15m	SOLUSD	16	4	-173.76	0.127	-0.604	-189.27	1	42
vwap-trend-momentum	1h	LINKUSD	31	14	-86.56	0.587	-0.141	-136.25	5	125
vwap-trend-momentum	4h	BTCUSD	49	16	-161.11	0.441	-0.182	-205.81	1	333
vwap-trend-momentum	15m	LINKUSD	29	13	-106.44	0.516	-0.190	-121.36	2	42
vwap-trend-momentum	4h	SOLUSD	39	14	-66.72	0.673	-0.097	-98.38	3	333
vwap-trend-momentum	4h	LINKUSD	31	12	-81.55	0.553	-0.135	-101.19	2	333
stacklight-mtf-mtf-momentum-stack-stochastic-confluence	15m	BTCUSD	23	11	-29.38	0.879	-0.047	-71.36	3	42
tp-sl-toolkit	4h	SOLUSD	94	41	-100.97	0.854	-0.052	-188.65	4	333
stacklight-mtf-mtf-momentum-stack-stochastic-confluence	15m	SOLUSD	55	27	29.75	1.053	0.043	-151.85	2	42
tp-sl-toolkit	1h	BTCUSD	101	46	-308.39	0.610	-0.177	-403.34	0	125
stacklight-mtf-mtf-momentum-stack-stochastic-confluence	1h	BTCUSD	14	9	24.14	1.236	0.100	-18.73	2	125
stacklight-mtf-mtf-momentum-stack-stochastic-confluence	15m	LINKUSD	50	28	75.13	1.160	0.089	-85.36	4	42
tp-sl-toolkit	4h	LINKUSD	102	35	-404.72	0.523	-0.249	-444.55	1	333
stacklight-mtf-mtf-momentum-stack-stochastic-confluence	1h	SOLUSD	17	8	69.75	1.419	0.230	-31.05	2	125
daybreak-strategy	1h	SOLUSD	125	54	-399.22	0.617	-0.200	-447.35	0	125
dnse-vn301-sma-34-89-dual-slope-strategy	15m	BTCUSD	103	35	-255.18	0.460	-0.144	-436.44	2	42
stacklight-mtf-mtf-momentum-stack-stochastic-confluence	4h	BTCUSD	2	1	-12.45	0.349	-0.332	-13.81	0	333
dnse-vn301-sma-34-89-dual-slope-strategy	15m	SOLUSD	40	11	-315.47	0.241	-0.477	-348.48	0	42
dnse-vn301-sma-34-89-dual-slope-strategy	15m	LINKUSD	48	19	-207.67	0.553	-0.231	-313.72	1	42
dnse-vn301-sma-34-89-dual-slope-strategy	1h	BTCUSD	242	93	-410.85	0.527	-0.110	-652.36	1	125
dnse-vn301-sma-34-89-dual-slope-strategy	1h	SOLUSD	110	50	-86.02	0.901	-0.032	-250.04	3	125
dnse-vn301-sma-34-89-dual-slope-strategy	1h	LINKUSD	117	51	-286.17	0.677	-0.137	-431.12	2	125
stacklight-mtf-mtf-momentum-stack-stochastic-confluence	1h	LINKUSD	24	12	-77.15	0.645	-0.161	-132.38	1	125
stacklight-mtf-mtf-momentum-stack-stochastic-confluence	4h	SOLUSD	5	4	43.13	3.177	0.522	34.47	1	333
dnse-vn301-sma-34-89-dual-slope-strategy	4h	BTCUSD	226	106	-178.47	0.757	-0.044	-387.80	4	333
dnse-vn301-sma-34-89-dual-slope-strategy	4h	SOLUSD	222	105	-23.86	0.971	-0.004	-202.98	5	333
hybrid-breakout-vcp-inspired-trend	15m	BTCUSD	0	0	0.00	0.000	0.000	0.00	0	42
dnse-vn301-sma-34-89-dual-slope-strategy	4h	LINKUSD	226	97	-140.39	0.826	-0.032	-306.27	3	333
hybrid-breakout-vcp-inspired-trend	4h	BTCUSD	3	3	52.40	99.000	0.902	45.25	3	333
hybrid-breakout-vcp-inspired-trend	15m	SOLUSD	1	1	28.65	99.000	1.445	23.36	1	42
hybrid-breakout-vcp-inspired-trend	1h	BTCUSD	3	2	0.79	1.039	0.021	3.81	2	125
hybrid-breakout-vcp-inspired-trend	4h	SOLUSD	5	3	0.95	1.026	0.026	-10.73	3	333
hybrid-breakout-vcp-inspired-trend	1h	SOLUSD	3	2	7.70	1.389	0.161	4.12	2	125
hybrid-breakout-vcp-inspired-trend	15m	LINKUSD	4	4	118.51	99.000	1.453	83.33	4	42
hybrid-breakout-vcp-inspired-trend	4h	LINKUSD	3	1	-30.78	0.205	-0.520	-31.55	1	333
hybrid-breakout-vcp-inspired-trend	1h	LINKUSD	5	4	247.54	10.976	2.317	194.83	4	125
stacklight-mtf-mtf-momentum-stack-stochastic-confluence	4h	LINKUSD	2	1	23.55	2.966	0.601	19.56	1	333
tp-sl-toolkit	15m	BTCUSD	41	18	-183.76	0.370	-0.248	-219.16	2	42
fair-value-gap-strategy-with-break-of-structure-confirmation	15m	BTCUSD	72	36	37.73	1.064	0.035	-170.51	3	42
fair-value-gap-strategy-with-break-of-structure-confirmation	15m	SOLUSD	183	90	-186.96	0.849	-0.051	-525.71	2	42
fair-value-gap-strategy-with-break-of-structure-confirmation	15m	LINKUSD	236	102	-457.44	0.767	-0.121	-709.91	1	42
fair-value-gap-strategy-with-break-of-structure-confirmation	1h	BTCUSD	138	57	-417.76	0.616	-0.193	-553.17	2	125
fair-value-gap-strategy-with-break-of-structure-confirmation	1h	SOLUSD	106	40	-308.11	0.670	-0.172	-416.91	1	125
fair-value-gap-strategy-with-break-of-structure-confirmation	1h	LINKUSD	50	27	2.82	1.008	0.011	-47.87	1	125
fair-value-gap-strategy-with-break-of-structure-confirmation	4h	BTCUSD	116	60	48.87	1.045	0.031	-100.80	3	333
fair-value-gap-strategy-with-break-of-structure-confirmation	4h	SOLUSD	43	19	5.02	1.017	0.033	-28.38	3	333
fair-value-gap-strategy-with-break-of-structure-confirmation	4h	LINKUSD	119	51	-73.90	0.926	-0.024	-173.34	4	333
tp-sl-toolkit	1h	SOLUSD	127	58	-106.63	0.894	-0.034	-321.89	4	125
elite-hybrid-orb	15m	BTCUSD	36	13	-88.58	0.758	-0.116	-178.48	1	42
elite-hybrid-orb	15m	SOLUSD	14	10	124.15	3.331	0.432	55.29	3	42
daybreak-strategy	1h	LINKUSD	134	51	-545.79	0.493	-0.289	-650.95	1	125
elite-hybrid-orb	15m	LINKUSD	81	38	-121.13	0.798	-0.073	-283.50	4	42
elite-hybrid-orb	1h	BTCUSD	71	42	-91.59	0.810	-0.064	-236.06	3	125
tp-sl-toolkit	1h	LINKUSD	147	53	-518.98	0.559	-0.242	-618.06	2	125
bist30-to-sp-500-atr-momentum-rider	15m	BTCUSD	35	14	-166.95	0.445	-0.260	-236.93	1	42
elite-hybrid-orb	1h	SOLUSD	12	11	82.61	4.890	0.340	57.97	5	125
bist30-to-sp-500-atr-momentum-rider	15m	SOLUSD	99	49	-256.82	0.658	-0.149	-401.44	2	42
bist30-to-sp-500-atr-momentum-rider	15m	LINKUSD	112	44	-293.39	0.719	-0.141	-440.52	2	42
bist30-to-sp-500-atr-momentum-rider	1h	BTCUSD	79	36	-317.65	0.485	-0.240	-392.38	1	125
bist30-to-sp-500-atr-momentum-rider	4h	BTCUSD	45	25	8.51	1.026	0.020	-40.51	4	333
bist30-to-sp-500-atr-momentum-rider	1h	SOLUSD	94	39	-282.17	0.608	-0.173	-369.35	3	125
bist30-to-sp-500-atr-momentum-rider	1h	LINKUSD	94	44	-161.92	0.804	-0.080	-352.60	4	125
bist30-to-sp-500-atr-momentum-rider	4h	SOLUSD	62	30	-120.49	0.753	-0.121	-101.19	3	333
bist30-to-sp-500-atr-momentum-rider	4h	LINKUSD	59	33	-16.93	0.965	-0.006	-74.75	4	333
tp-sl-toolkit	15m	SOLUSD	118	45	-380.82	0.567	-0.204	-554.03	0	42
elite-hybrid-orb	1h	LINKUSD	92	46	-290.47	0.587	-0.181	-357.91	2	125
ultimate-prop-firm	1h	BTCUSD	40	17	-87.71	0.573	-0.114	-167.45	1	125
ultimate-prop-firm	4h	BTCUSD	11	1	-109.89	0.032	-0.552	-116.22	1	333
ultimate-prop-firm	15m	BTCUSD	15	9	21.19	1.236	0.079	-76.04	4	42
ultimate-prop-firm	4h	SOLUSD	16	8	-12.74	0.846	-0.035	-28.92	3	333
ultimate-prop-firm	1h	SOLUSD	54	28	-1.24	0.995	0.001	-117.93	4	125
orb-laboratory-v1-0-12	15m	BTCUSD	0	0	0.00	0.000	0.000	0.00	0	42
ultimate-prop-firm	4h	LINKUSD	17	6	-56.80	0.465	-0.169	-67.57	2	333
ultimate-prop-firm	15m	SOLUSD	24	14	-58.49	0.667	-0.126	-102.24	4	42
tradleware-dca	15m	BTCUSD	28	10	-189.54	0.394	-0.375	-104.62	0	42
tradleware-dca	15m	SOLUSD	69	24	-315.97	0.609	-0.268	-378.79	1	42
tradleware-dca	15m	LINKUSD	80	35	-249.40	0.704	-0.167	-349.73	2	42
ultimate-prop-firm	1h	LINKUSD	34	12	-141.55	0.403	-0.222	-183.75	3	125
tradleware-dca	1h	BTCUSD	87	46	-211.23	0.681	-0.129	-343.65	3	125
tradleware-dca	4h	BTCUSD	65	37	52.79	1.099	0.055	-55.43	5	333
tradleware-dca	1h	SOLUSD	95	49	-79.98	0.896	-0.034	-238.71	4	125
tradleware-dca	4h	SOLUSD	66	37	19.76	1.042	0.010	68.74	4	333
tradleware-dca	4h	LINKUSD	63	33	-33.54	0.941	-0.017	-93.97	5	333
tradleware-dca	1h	LINKUSD	95	45	-212.78	0.744	-0.113	-396.00	2	125
tradleware-ichimoku-tk-cross-mfi-sol	4h	BTCUSD	7	5	69.52	2.978	0.511	58.19	4	333
tradleware-ichimoku-tk-cross-mfi-sol	15m	BTCUSD	2	1	-14.34	0.274	-0.361	-38.85	1	42
tradleware-ichimoku-tk-cross-mfi-sol	1h	BTCUSD	7	3	-51.36	0.325	-0.378	-61.67	2	125
tradleware-ichimoku-tk-cross-mfi-sol	4h	SOLUSD	6	2	-11.68	0.783	-0.133	-18.16	1	333
tradleware-ichimoku-tk-cross-mfi-sol	1h	SOLUSD	10	4	-21.04	0.809	-0.094	-27.91	2	125
tradleware-ichimoku-tk-cross-mfi-sol	15m	SOLUSD	7	1	-86.41	0.062	-0.655	-80.39	0	42
tradleware-ichimoku-tk-cross-mfi-sol	4h	LINKUSD	4	3	4.81	1.239	0.066	38.16	2	333
tradleware-ichimoku-tk-cross-mfi-sol	1h	LINKUSD	8	4	-43.86	0.433	-0.273	-51.07	2	125
ultimate-prop-firm	15m	LINKUSD	28	11	-113.57	0.622	-0.201	-163.91	1	42
tradleware-ichimoku-tk-cross-mfi-sol	15m	LINKUSD	4	2	-11.77	0.699	-0.141	58.79	2	42
cloud-pro-ichimoku-confluence	15m	BTCUSD	35	18	-44.81	0.785	-0.062	-153.51	3	42
pg-mcx-silver-long-v6-mtf-momentum-profit-trailing	4h	BTCUSD	96	49	-16.15	0.970	-0.002	-143.51	1	333
cloud-pro-ichimoku-confluence	15m	SOLUSD	95	52	82.32	1.119	0.054	-330.52	4	42
pg-mcx-silver-long-v6-mtf-momentum-profit-trailing	15m	BTCUSD	86	43	-213.74	0.662	-0.136	-376.34	2	42
pg-mcx-silver-long-v6-mtf-momentum-profit-trailing	1h	BTCUSD	161	72	-306.28	0.687	-0.108	-515.55	1	125
pg-mcx-silver-long-v6-mtf-momentum-profit-trailing	15m	SOLUSD	212	94	-537.12	0.595	-0.184	-689.54	1	42
cloud-pro-ichimoku-confluence	15m	LINKUSD	162	78	-326.59	0.683	-0.114	-476.10	3	42
pg-mcx-silver-long-v6-mtf-momentum-profit-trailing	4h	SOLUSD	118	57	-121.56	0.788	-0.051	-226.94	1	333
pg-mcx-silver-long-v6-mtf-momentum-profit-trailing	1h	SOLUSD	251	124	-316.33	0.740	-0.072	-563.38	1	125
cloud-pro-ichimoku-confluence	1h	BTCUSD	88	41	-173.94	0.742	-0.102	-379.36	2	125
pg-mcx-silver-long-v6-mtf-momentum-profit-trailing	15m	LINKUSD	292	137	-392.63	0.830	-0.075	-722.25	2	42
cloud-pro-ichimoku-confluence	1h	SOLUSD	105	46	-247.57	0.689	-0.131	-379.00	2	125
pg-mcx-silver-long-v6-mtf-momentum-profit-trailing	1h	LINKUSD	294	127	-520.89	0.620	-0.119	-716.45	2	125
pg-mcx-silver-long-v6-mtf-momentum-profit-trailing	4h	LINKUSD	127	62	-141.35	0.766	-0.056	-268.54	1	333
cloud-pro-ichimoku-confluence	4h	BTCUSD	76	36	-148.28	0.766	-0.097	-234.35	4	333
cloud-pro-ichimoku-confluence	1h	LINKUSD	96	41	-244.99	0.692	-0.136	-401.56	3	125
cloud-pro-ichimoku-confluence	4h	SOLUSD	64	29	-137.72	0.750	-0.102	-101.73	2	333
tp-sl-toolkit	15m	LINKUSD	153	56	-544.94	0.481	-0.251	-678.09	0	42
dnse-vn301-bollinger-bands-break-out-strategy	15m	BTCUSD	7	3	49.83	2.674	0.365	3.30	1	42
dnse-vn301-bollinger-bands-break-out-strategy	1h	BTCUSD	46	14	18.40	1.082	0.025	-108.16	4	125
dnse-vn301-bollinger-bands-break-out-strategy	4h	BTCUSD	38	17	-77.50	0.489	-0.110	-119.34	3	333
dnse-vn301-bollinger-bands-break-out-strategy	1h	SOLUSD	33	18	116.92	1.636	0.185	28.88	5	125
dnse-vn301-bollinger-bands-break-out-strategy	15m	SOLUSD	23	7	-177.69	0.258	-0.427	-209.68	1	42
cloud-pro-ichimoku-confluence	4h	LINKUSD	77	40	-33.86	0.944	-0.014	-155.78	5	333
dnse-vn301-bollinger-bands-break-out-strategy	4h	SOLUSD	24	14	47.54	1.636	0.106	23.00	4	333
dnse-vn301-bollinger-bands-break-out-strategy	1h	LINKUSD	36	13	-120.16	0.607	-0.172	-173.62	1	125
dnse-vn301-bollinger-bands-break-out-strategy	4h	LINKUSD	36	14	-27.81	0.796	-0.037	-60.59	4	333
nnfx-btc-ssl-qqe-signalforge	15m	BTCUSD	97	18	-433.75	0.234	-0.298	-547.86	1	42
dnse-vn301-bollinger-bands-break-out-strategy	15m	LINKUSD	23	8	-92.36	0.618	-0.196	-154.78	3	42
nnfx-btc-ssl-qqe-signalforge	1h	BTCUSD	212	58	-549.98	0.477	-0.190	-726.65	0	125
z-edge-confluence-z-score-strategy	4h	BTCUSD	99	49	-113.19	0.846	-0.063	-227.25	3	333
nnfx-btc-ssl-qqe-signalforge	4h	BTCUSD	167	57	-201.10	0.785	-0.068	-389.83	3	333
nnfx-btc-ssl-qqe-signalforge	1h	SOLUSD	236	73	-489.85	0.615	-0.145	-686.68	1	125
nnfx-btc-ssl-qqe-signalforge	15m	SOLUSD	290	75	-759.50	0.399	-0.253	-856.69	1	42
z-edge-confluence-z-score-strategy	15m	BTCUSD	13	4	-65.99	0.271	-0.266	-91.99	2	42
nnfx-btc-ssl-qqe-signalforge	4h	SOLUSD	182	58	-347.68	0.627	-0.125	-450.41	2	333
nnfx-btc-ssl-qqe-signalforge	1h	LINKUSD	295	73	-795.38	0.420	-0.266	-875.55	2	125
z-edge-confluence-z-score-strategy	1h	BTCUSD	77	29	-234.81	0.652	-0.172	-338.95	1	125
nnfx-btc-ssl-qqe-signalforge	15m	LINKUSD	321	95	-788.07	0.430	-0.238	-897.26	0	42
z-edge-confluence-z-score-strategy	4h	SOLUSD	106	42	-281.89	0.654	-0.163	-326.29	2	333
nnfx-btc-ssl-qqe-signalforge	4h	LINKUSD	197	54	-587.93	0.426	-0.222	-637.02	2	333
z-edge-confluence-z-score-strategy	4h	LINKUSD	104	44	-207.67	0.766	-0.104	-334.07	2	333
hyperliquid-ready-webhook-strategy-template	15m	BTCUSD	16	6	-113.64	0.276	-0.376	-160.23	2	42
z-edge-confluence-z-score-strategy	15m	SOLUSD	51	21	-190.65	0.544	-0.215	-253.61	1	42
hyperliquid-ready-webhook-strategy-template	1h	BTCUSD	44	23	-48.72	0.871	-0.049	-143.22	4	125
z-edge-confluence-z-score-strategy	1h	SOLUSD	135	52	-357.81	0.657	-0.165	-483.42	3	125
hyperliquid-ready-webhook-strategy-template	15m	SOLUSD	42	18	-201.78	0.482	-0.270	-304.63	2	42
hyperliquid-ready-webhook-strategy-template	1h	SOLUSD	59	34	-34.67	0.921	-0.023	-165.29	5	125
hyperliquid-ready-webhook-strategy-template	4h	BTCUSD	36	15	-192.37	0.406	-0.302	-220.40	3	333
hyperliquid-ready-webhook-strategy-template	15m	LINKUSD	46	17	-294.33	0.302	-0.374	-371.09	1	42
hyperliquid-ready-webhook-strategy-template	1h	LINKUSD	56	26	-97.40	0.810	-0.082	-216.19	3	125
hyperliquid-ready-webhook-strategy-template	4h	SOLUSD	33	21	192.94	1.919	0.298	93.78	6	333
ema-25-68-bist30-futures	15m	BTCUSD	16	7	-105.93	0.295	-0.348	-160.01	1	42
hyperliquid-ready-webhook-strategy-template	4h	LINKUSD	35	15	-132.63	0.637	-0.194	-181.72	2	333
ema-25-68-bist30-futures	4h	BTCUSD	23	13	49.31	1.264	0.126	-17.09	5	333
ema-25-68-bist30-futures	1h	BTCUSD	31	16	-101.67	0.638	-0.168	-186.32	2	125
z-edge-confluence-z-score-strategy	15m	LINKUSD	81	27	-329.73	0.548	-0.238	-400.50	2	42
z-edge-confluence-z-score-strategy	1h	LINKUSD	146	63	-125.80	0.892	-0.033	-361.49	3	125
ema-25-68-bist30-futures	4h	SOLUSD	33	17	-21.82	0.920	-0.029	-105.28	4	333
ema-25-68-bist30-futures	1h	SOLUSD	46	25	-44.31	0.883	-0.037	-137.65	3	125
ema-25-68-bist30-futures	15m	SOLUSD	35	14	-190.37	0.464	-0.302	-269.56	2	42
ema-25-68-bist30-futures	4h	LINKUSD	29	12	-92.16	0.709	-0.157	-107.73	4	333
ema-25-68-bist30-futures	1h	LINKUSD	45	24	-1.53	0.996	0.012	-59.31	3	125
ema-25-68-bist30-futures	15m	LINKUSD	36	16	-193.79	0.428	-0.293	-300.74	1	42
technical-summay-crowd-consensus-lite-triggon	4h	BTCUSD	5	3	30.89	1.842	0.314	24.15	3	333
technical-summay-crowd-consensus-lite-triggon	15m	BTCUSD	9	5	14.65	1.331	0.087	13.64	3	42
technical-summay-crowd-consensus-lite-triggon	1h	BTCUSD	10	5	-41.11	0.489	-0.208	-50.31	4	125
dnse-vn301-macd-cross-strategy	1h	BTCUSD	20	5	-77.45	0.254	-0.205	-116.10	3	125
dnse-vn301-macd-cross-strategy	15m	BTCUSD	11	5	1.48	1.029	0.010	-30.27	2	42
dnse-vn301-macd-cross-strategy	4h	BTCUSD	10	3	-64.22	0.126	-0.338	-70.93	1	333
dnse-vn301-macd-cross-strategy	4h	SOLUSD	12	7	3.22	1.083	0.026	-8.37	2	333
dnse-vn301-macd-cross-strategy	1h	SOLUSD	26	8	-160.70	0.300	-0.338	-189.65	0	125
dnse-vn301-macd-cross-strategy	15m	SOLUSD	23	12	-56.02	0.675	-0.120	-101.53	2	42
dnse-vn301-macd-cross-strategy	4h	LINKUSD	11	5	-19.60	0.638	-0.088	-29.87	3	333
dnse-vn301-macd-cross-strategy	1h	LINKUSD	29	5	-270.49	0.113	-0.540	-294.83	0	125
dnse-vn301-macd-cross-strategy	15m	LINKUSD	16	5	-163.10	0.165	-0.551	-215.19	0	42
technical-summay-crowd-consensus-lite-triggon	4h	SOLUSD	7	2	-51.52	0.243	-0.397	-57.32	1	333
technical-summay-crowd-consensus-lite-triggon	1h	SOLUSD	14	3	-140.03	0.200	-0.542	-145.67	2	125
technical-summay-crowd-consensus-lite-triggon	15m	SOLUSD	11	7	67.82	2.312	0.321	23.26	4	42
technical-summay-crowd-consensus-lite-triggon	4h	LINKUSD	6	1	-83.31	0.092	-0.721	-83.73	0	333
technical-summay-crowd-consensus-lite-triggon	1h	LINKUSD	15	7	-53.33	0.624	-0.175	-61.86	2	125
technical-summay-crowd-consensus-lite-triggon	15m	LINKUSD	24	11	-79.76	0.582	-0.169	-94.15	3	42
liquidity-hunter-smc-system-full-suite	4h	BTCUSD	13	5	-55.69	0.627	-0.223	-90.30	2	333
liquidity-hunter-smc-system-full-suite	4h	SOLUSD	11	6	44.37	1.489	0.213	30.71	4	333
liquidity-hunter-smc-system-full-suite	4h	LINKUSD	18	6	-115.99	0.474	-0.338	-144.43	2	333
liquidity-hunter-smc-system-full-suite	1h	BTCUSD	22	16	58.70	1.491	0.136	-72.99	5	125
liquidity-hunter-smc-system-full-suite	15m	BTCUSD	10	7	24.10	1.422	0.127	-0.39	4	42
dnse-vn301-keltner-break-out-strategy	15m	BTCUSD	25	8	-39.88	0.706	-0.080	-104.16	2	42
dnse-vn301-keltner-break-out-strategy	15m	SOLUSD	17	6	-142.63	0.259	-0.462	-166.63	1	42
dnse-vn301-keltner-break-out-strategy	15m	LINKUSD	16	6	-51.86	0.667	-0.156	-102.27	4	42
dnse-vn301-keltner-break-out-strategy	1h	BTCUSD	53	22	-56.49	0.774	-0.055	-171.03	4	125
dnse-vn301-keltner-break-out-strategy	1h	SOLUSD	28	13	46.50	1.200	0.097	-20.70	3	125
dnse-vn301-keltner-break-out-strategy	1h	LINKUSD	33	17	-37.78	0.848	-0.052	-92.77	5	125
dnse-vn301-keltner-break-out-strategy	4h	BTCUSD	34	17	-28.84	0.771	-0.042	-68.65	3	333
liquidity-hunter-smc-system-full-suite	1h	SOLUSD	13	7	-9.03	0.920	-0.039	-26.29	4	125
liquidity-hunter-smc-system-full-suite	15m	SOLUSD	18	12	70.60	1.567	0.204	-2.71	5	42
dnse-vn301-keltner-break-out-strategy	4h	SOLUSD	23	17	135.02	6.575	0.291	102.23	6	333
dnse-vn301-keltner-break-out-strategy	4h	LINKUSD	30	13	24.80	1.285	0.044	-3.45	4	333
trend-efficiency-framework	15m	BTCUSD	20	13	130.82	1.883	0.327	61.71	5	42
trend-efficiency-framework	15m	SOLUSD	29	17	-21.04	0.907	-0.028	-77.69	4	42
trend-efficiency-framework	15m	LINKUSD	38	15	-156.89	0.633	-0.215	-226.78	3	42
trend-efficiency-framework	1h	BTCUSD	34	16	-48.77	0.838	-0.060	-148.45	3	125
trend-efficiency-framework	1h	SOLUSD	38	18	-67.87	0.816	-0.084	-112.40	4	125
trend-efficiency-framework	1h	LINKUSD	31	18	-33.91	0.861	-0.048	-82.32	3	125
trend-efficiency-framework	4h	BTCUSD	30	20	108.65	1.570	0.190	49.98	4	333
liquidity-hunter-smc-system-full-suite	1h	LINKUSD	27	15	36.37	1.150	0.079	-16.18	4	125
trend-efficiency-framework	4h	SOLUSD	29	16	80.36	1.329	0.155	61.28	5	333
trend-efficiency-framework	4h	LINKUSD	26	10	-90.13	0.701	-0.173	-134.63	3	333
vwap-suite-trend-mean-reversion-with-adaptive-filters	15m	BTCUSD	9	4	-51.74	0.297	-0.296	-70.14	2	42
vwap-suite-trend-mean-reversion-with-adaptive-filters	1h	BTCUSD	48	25	-52.64	0.797	-0.053	-184.31	5	125
liquidity-hunter-smc-system-full-suite	15m	LINKUSD	16	9	-45.57	0.662	-0.139	-65.01	3	42
vwap-suite-trend-mean-reversion-with-adaptive-filters	1h	SOLUSD	45	24	-113.80	0.614	-0.133	-168.28	2	125
vwap-suite-trend-mean-reversion-with-adaptive-filters	15m	SOLUSD	24	13	-30.62	0.777	-0.059	-94.11	3	42
vwap-suite-trend-mean-reversion-with-adaptive-filters	4h	BTCUSD	71	38	-151.74	0.561	-0.122	-222.64	2	333
vwap-suite-trend-mean-reversion-with-adaptive-filters	4h	SOLUSD	74	44	-64.45	0.823	-0.044	-116.84	3	333
vwap-suite-trend-mean-reversion-with-adaptive-filters	1h	LINKUSD	66	33	-194.05	0.539	-0.159	-275.56	3	125
vwap-suite-trend-mean-reversion-with-adaptive-filters	15m	LINKUSD	27	19	48.31	1.325	0.093	-23.19	5	42
vwap-suite-trend-mean-reversion-with-adaptive-filters	4h	LINKUSD	74	42	-183.79	0.538	-0.135	-232.09	1	333
orb-pro-session-breakout-scalper	15m	BTCUSD	45	22	-203.95	0.409	-0.255	-304.85	1	42
dnse-vn301-donchian-break-out-strategy	15m	BTCUSD	12	6	14.75	1.242	0.063	-23.62	2	42
vwap-mean-reversion-strategy-with-session-and-volume-filter	4h	BTCUSD	5	1	-62.80	0.106	-0.710	-66.98	0	333
dnse-vn301-donchian-break-out-strategy	15m	SOLUSD	21	5	-222.70	0.145	-0.610	-246.45	1	42
vwap-mean-reversion-strategy-with-session-and-volume-filter	1h	BTCUSD	30	12	-143.59	0.555	-0.254	-199.70	3	125
dnse-vn301-donchian-break-out-strategy	15m	LINKUSD	24	9	-102.70	0.598	-0.212	-164.67	3	42
vwap-mean-reversion-strategy-with-session-and-volume-filter	15m	BTCUSD	31	11	-222.02	0.369	-0.403	-272.04	1	42
dnse-vn301-donchian-break-out-strategy	1h	BTCUSD	40	21	61.94	1.319	0.085	-38.68	6	125
dnse-vn301-donchian-break-out-strategy	1h	SOLUSD	30	17	225.95	2.277	0.361	122.29	7	125
vwap-mean-reversion-strategy-with-session-and-volume-filter	4h	SOLUSD	3	1	-28.88	0.228	-0.510	-27.40	1	333
dnse-vn301-donchian-break-out-strategy	1h	LINKUSD	32	12	-128.34	0.508	-0.209	-174.51	3	125
dnse-vn301-donchian-break-out-strategy	4h	BTCUSD	29	12	-54.73	0.533	-0.098	-87.37	3	333
dnse-vn301-donchian-break-out-strategy	4h	SOLUSD	20	12	78.99	2.909	0.213	56.30	4	333
dnse-vn301-donchian-break-out-strategy	4h	LINKUSD	26	14	65.57	1.970	0.126	34.91	4	333
webhook-alert-strategy-template	15m	BTCUSD	15	8	-68.31	0.394	-0.235	-95.34	4	42
vwap-mean-reversion-strategy-with-session-and-volume-filter	1h	SOLUSD	31	17	-0.23	0.999	0.010	-56.68	5	125
vwap-mean-reversion-strategy-with-session-and-volume-filter	4h	LINKUSD	6	5	75.44	4.724	0.622	86.30	4	333
webhook-alert-strategy-template	15m	SOLUSD	39	17	-214.59	0.432	-0.315	-335.01	1	42
webhook-alert-strategy-template	15m	LINKUSD	51	24	-169.16	0.603	-0.175	-281.28	2	42
webhook-alert-strategy-template	1h	BTCUSD	48	29	140.61	1.392	0.151	-5.09	5	125
webhook-alert-strategy-template	4h	BTCUSD	37	20	-12.37	0.959	-0.002	-52.18	3	333
webhook-alert-strategy-template	1h	SOLUSD	59	32	-138.38	0.727	-0.124	-220.32	3	125
webhook-alert-strategy-template	4h	SOLUSD	37	21	69.71	1.255	0.089	114.46	6	333
webhook-alert-strategy-template	1h	LINKUSD	59	30	-12.98	0.974	0.002	-153.94	3	125
webhook-alert-strategy-template	4h	LINKUSD	41	15	-211.96	0.535	-0.282	-290.11	3	333
vwap-mean-reversion-strategy-with-session-and-volume-filter	15m	SOLUSD	48	16	-362.94	0.275	-0.482	-411.43	1	42
fractal-memory-strategy	15m	BTCUSD	7	2	-79.57	0.115	-0.599	-89.05	1	42
fractal-memory-strategy	1h	BTCUSD	24	14	-3.03	0.984	0.000	-68.10	3	125
vwap-mean-reversion-strategy-with-session-and-volume-filter	1h	LINKUSD	44	25	93.84	1.210	0.112	-6.16	5	125
fractal-memory-strategy	15m	SOLUSD	14	6	-104.26	0.295	-0.391	-118.59	2	42
fractal-memory-strategy	1h	SOLUSD	25	8	-192.71	0.348	-0.442	-220.56	0	125
fractal-memory-strategy	4h	BTCUSD	18	6	-158.71	0.261	-0.485	-163.82	2	333
fractal-memory-strategy	1h	LINKUSD	37	12	-246.84	0.433	-0.375	-300.98	1	125
fractal-memory-strategy	15m	LINKUSD	26	19	100.29	1.672	0.191	103.50	4	42
fractal-memory-strategy	4h	SOLUSD	16	5	-103.00	0.479	-0.326	-107.71	2	333
fractal-memory-strategy	4h	LINKUSD	18	11	71.91	1.487	0.209	53.27	5	333
vwap-mean-reversion-strategy-with-session-and-volume-filter	15m	LINKUSD	73	27	-398.25	0.451	-0.341	-449.06	1	42
adaptive-atr-scalper-instant-lock-version	15m	BTCUSD	19	11	14.03	1.110	0.042	-34.43	4	42
adaptive-atr-scalper-instant-lock-version	1h	BTCUSD	54	25	-67.81	0.827	-0.059	-200.89	5	125
adaptive-atr-scalper-instant-lock-version	4h	BTCUSD	26	11	-29.62	0.793	-0.054	-61.60	3	333
adaptive-atr-scalper-instant-lock-version	1h	SOLUSD	40	14	-85.76	0.691	-0.112	-160.98	3	125
adaptive-atr-scalper-instant-lock-version	15m	SOLUSD	44	17	-142.09	0.641	-0.169	-213.14	1	42
adaptive-atr-scalper-instant-lock-version	4h	SOLUSD	30	8	-104.59	0.347	-0.199	-126.91	1	333
adaptive-atr-scalper-instant-lock-version	1h	LINKUSD	44	12	-183.72	0.426	-0.227	-274.66	1	125
adaptive-atr-scalper-instant-lock-version	4h	LINKUSD	33	10	-90.40	0.470	-0.142	-114.12	3	333
adaptive-atr-scalper-instant-lock-version	15m	LINKUSD	54	22	-139.03	0.670	-0.132	-280.28	2	42
rsi-divergence-ema-trend-filter	4h	BTCUSD	4	2	9.92	1.257	0.153	2.30	1	333
rsi-divergence-ema-trend-filter	15m	BTCUSD	5	1	-65.06	0.147	-0.677	-73.11	0	42
rsi-divergence-ema-trend-filter	1h	BTCUSD	12	7	-35.43	0.637	-0.151	-39.59	2	125
btc-trend-momentum-strategy	15m	BTCUSD	17	9	29.42	1.192	0.112	-17.74	2	42
rsi-divergence-ema-trend-filter	4h	SOLUSD	1	0	-18.49	0.000	-0.973	-17.05	0	333
btc-trend-momentum-strategy	1h	BTCUSD	36	17	-82.35	0.762	-0.107	-133.38	4	125
rsi-divergence-ema-trend-filter	1h	SOLUSD	13	4	-118.10	0.280	-0.475	-122.70	2	125
rsi-divergence-ema-trend-filter	4h	LINKUSD	8	4	48.19	1.591	0.314	37.09	3	333
rsi-divergence-ema-trend-filter	15m	SOLUSD	15	7	-45.17	0.703	-0.145	-59.92	2	42
btc-trend-momentum-strategy	1h	SOLUSD	28	14	27.05	1.108	0.068	-69.73	4	125
btc-trend-momentum-strategy	15m	SOLUSD	43	24	57.90	1.156	0.083	-21.15	5	42
btc-trend-momentum-strategy	4h	BTCUSD	26	16	275.36	2.382	0.508	303.12	6	333
rsi-divergence-ema-trend-filter	1h	LINKUSD	12	6	-36.77	0.693	-0.149	-45.42	3	125
btc-trend-momentum-strategy	1h	LINKUSD	48	21	-164.91	0.664	-0.179	-242.94	2	125
btc-trend-momentum-strategy	4h	SOLUSD	25	12	22.82	1.098	0.077	-39.40	4	333
rsi-divergence-ema-trend-filter	15m	LINKUSD	7	3	-32.60	0.589	-0.228	-72.46	3	42
btc-trend-momentum-strategy	15m	LINKUSD	70	28	-227.08	0.679	-0.171	-374.50	3	42
btc-trend-momentum-strategy	4h	LINKUSD	22	14	273.17	2.404	0.579	194.61	5	333
orb-laboratory-v1-0-12	15m	LINKUSD	27	11	-122.10	0.570	-0.233	-176.69	2	42
orb-pro-session-breakout-scalper	15m	SOLUSD	108	51	-282.94	0.697	-0.148	-410.79	2	42
ineficient-market	15m	BTCUSD	1	0	-19.58	0.000	-1.000	-19.66	0	42
ineficient-market	15m	SOLUSD	12	5	-78.29	0.321	-0.343	-84.83	1	42
ineficient-market	15m	LINKUSD	7	2	9.74	1.092	0.110	-9.59	1	42
ineficient-market	4h	BTCUSD	13	7	-46.84	0.579	-0.184	-58.62	2	333
ineficient-market	1h	BTCUSD	5	4	8.03	1.407	0.083	-5.80	3	125
donchian-breakout-with-atr-trailing-stop-trend-following	15m	BTCUSD	41	22	-20.73	0.949	-0.012	-115.71	3	42
ineficient-market	4h	SOLUSD	8	3	-75.10	0.185	-0.500	-75.53	2	333
ineficient-market	1h	SOLUSD	8	5	11.79	1.276	0.080	-29.24	2	125
donchian-breakout-with-atr-trailing-stop-trend-following	15m	SOLUSD	71	39	262.83	1.348	0.188	6.36	3	42
ineficient-market	4h	LINKUSD	6	3	-33.54	0.421	-0.279	-37.87	2	333
donchian-breakout-with-atr-trailing-stop-trend-following	1h	BTCUSD	53	27	-15.48	0.968	0.004	-207.05	3	125
ineficient-market	1h	LINKUSD	11	6	-14.98	0.852	-0.061	-38.99	4	125
donchian-breakout-with-atr-trailing-stop-trend-following	15m	LINKUSD	89	38	-153.36	0.834	-0.077	-325.64	3	42
donchian-breakout-with-atr-trailing-stop-trend-following	4h	BTCUSD	33	14	-116.53	0.593	-0.189	-143.68	1	333
donchian-breakout-with-atr-trailing-stop-trend-following	1h	SOLUSD	62	31	49.96	1.094	0.061	10.36	3	125
super-trend-signal-engine-quantum-edge	15m	BTCUSD	22	9	-135.20	0.355	-0.330	-174.03	3	42
donchian-breakout-with-atr-trailing-stop-trend-following	4h	SOLUSD	40	15	-99.45	0.746	-0.141	-177.43	1	333
donchian-breakout-with-atr-trailing-stop-trend-following	1h	LINKUSD	59	32	84.19	1.156	0.081	-119.06	5	125
donchian-breakout-with-atr-trailing-stop-trend-following	4h	LINKUSD	41	18	-127.60	0.665	-0.160	-153.82	2	333
super-trend-signal-engine-quantum-edge	15m	SOLUSD	60	24	-338.33	0.401	-0.349	-378.97	2	42
super-trend-signal-engine-quantum-edge	4h	BTCUSD	52	32	125.16	1.294	0.124	-29.79	5	333
super-trend-signal-engine-quantum-edge	1h	BTCUSD	65	27	-175.67	0.713	-0.134	-271.83	1	125
super-trend-signal-engine-quantum-edge	4h	SOLUSD	52	19	-188.15	0.632	-0.215	-243.56	2	333
super-trend-signal-engine-quantum-edge	15m	LINKUSD	97	50	-121.68	0.849	-0.054	-357.73	3	42
super-trend-signal-engine-quantum-edge	1h	SOLUSD	72	40	39.85	1.067	0.037	-71.24	5	125
super-trend-signal-engine-quantum-edge	4h	LINKUSD	50	22	-163.12	0.666	-0.169	-230.09	3	333
super-trend-signal-engine-quantum-edge	1h	LINKUSD	70	39	17.11	1.028	0.022	-158.28	5	125
orb-pro-session-breakout-scalper	15m	LINKUSD	122	65	-122.47	0.863	-0.046	-377.73	3	42
arbf-strategy-v1-8	4h	BTCUSD	161	64	-276.65	0.621	-0.101	-415.69	1	333
bowman-rsi-signals-backtester-v3	1h	BTCUSD	1	0	-19.89	0.000	-1.000	-19.99	0	125
bowman-rsi-signals-backtester-v3	15m	BTCUSD	1	1	0.35	99.000	0.018	-2.66	1	42
bowman-rsi-signals-backtester-v3	1h	SOLUSD	4	2	-7.23	0.811	-0.090	-12.53	1	125
bowman-rsi-signals-backtester-v3	4h	BTCUSD	3	1	66.10	2.758	1.164	57.31	1	333
bowman-rsi-signals-backtester-v3	15m	SOLUSD	5	3	17.01	1.436	0.185	-3.10	1	42
bowman-rsi-signals-backtester-v3	4h	SOLUSD	3	2	117.57	7.316	1.986	95.64	1	333
bowman-rsi-signals-backtester-v3	1h	LINKUSD	2	0	-39.49	0.000	-1.000	-39.43	0	125
dual-bollinger-band-cross-strategy-v6	15m	BTCUSD	64	21	-117.03	0.680	-0.095	-243.22	3	42
dual-bollinger-band-cross-strategy-v6	15m	SOLUSD	155	44	-265.95	0.795	-0.089	-508.04	1	42
dual-bollinger-band-cross-strategy-v6	15m	LINKUSD	200	65	-492.13	0.597	-0.161	-683.01	1	42
dual-bollinger-band-cross-strategy-v6	1h	BTCUSD	145	44	-411.73	0.522	-0.181	-584.30	1	125
dual-bollinger-band-cross-strategy-v6	1h	SOLUSD	164	50	-386.24	0.612	-0.145	-539.31	1	125
dual-bollinger-band-cross-strategy-v6	1h	LINKUSD	163	55	-359.28	0.627	-0.129	-528.36	2	125
dual-bollinger-band-cross-strategy-v6	4h	BTCUSD	118	44	-124.46	0.820	-0.048	-241.57	1	333
dual-bollinger-band-cross-strategy-v6	4h	SOLUSD	96	32	-158.07	0.748	-0.092	-232.91	3	333
dual-bollinger-band-cross-strategy-v6	4h	LINKUSD	108	33	-335.20	0.511	-0.185	-421.31	2	333
bowman-rsi-signals-backtester-v3	4h	LINKUSD	2	0	-39.21	0.000	-1.000	-38.87	0	333
bowman-rsi-signals-backtester-v3	15m	LINKUSD	3	1	-17.47	0.225	-0.291	-43.86	1	42
optimized-doji-breakout-strategy-short-only-v6	4h	BTCUSD	90	34	-115.46	0.830	-0.058	-200.16	2	333
optimized-doji-breakout-strategy-short-only-v6	15m	BTCUSD	58	26	-130.86	0.611	-0.117	-263.79	3	42
optimized-doji-breakout-strategy-short-only-v6	1h	BTCUSD	155	56	-423.59	0.514	-0.177	-595.15	1	125
optimized-doji-breakout-strategy-short-only-v6	4h	SOLUSD	117	48	-58.19	0.935	-0.020	-142.97	3	333
optimized-doji-breakout-strategy-short-only-v6	4h	LINKUSD	99	38	-103.96	0.865	-0.046	-170.58	2	333
optimized-doji-breakout-strategy-short-only-v6	1h	SOLUSD	156	65	-241.86	0.782	-0.087	-432.83	2	125
optimized-doji-breakout-strategy-short-only-v6	15m	SOLUSD	131	46	-437.59	0.441	-0.224	-598.35	0	42
optimized-doji-breakout-strategy-short-only-v6	1h	LINKUSD	105	54	-57.02	0.916	-0.023	-250.05	4	125
atr-trailing-stop-strategy-with-ema-trend-filter	15m	BTCUSD	8	4	-32.76	0.566	-0.208	-41.50	2	42
optimized-doji-breakout-strategy-short-only-v6	15m	LINKUSD	94	44	-170.67	0.717	-0.093	-331.38	1	42
atr-trailing-stop-strategy-with-ema-trend-filter	1h	BTCUSD	13	8	79.63	1.785	0.319	15.05	3	125
atr-trailing-stop-strategy-with-ema-trend-filter	4h	BTCUSD	14	8	14.08	1.113	0.064	-42.87	5	333
atr-trailing-stop-strategy-with-ema-trend-filter	15m	SOLUSD	24	13	4.52	1.021	0.028	-45.91	2	42
atr-trailing-stop-strategy-with-ema-trend-filter	4h	SOLUSD	24	12	-37.88	0.838	-0.066	-69.04	4	333
atr-trailing-stop-strategy-with-ema-trend-filter	1h	SOLUSD	15	8	-1.24	0.991	0.008	-16.52	4	125
atr-trailing-stop-strategy-with-ema-trend-filter	4h	LINKUSD	14	5	-98.98	0.423	-0.368	-105.42	2	333
atr-trailing-stop-strategy-with-ema-trend-filter	15m	LINKUSD	30	7	-286.13	0.218	-0.554	-277.93	0	42
atr-trailing-stop-strategy-with-ema-trend-filter	1h	LINKUSD	18	11	25.58	1.201	0.078	-4.28	4	125
smoothed-heiken-ashi-strategy-v1	1h	BTCUSD	68	28	-115.08	0.783	-0.086	-249.31	3	125
smoothed-heiken-ashi-strategy-v1	4h	BTCUSD	40	18	-112.63	0.678	-0.150	-164.98	3	333
smoothed-heiken-ashi-strategy-v1	15m	BTCUSD	28	13	-94.40	0.540	-0.177	-132.22	4	42
smoothed-heiken-ashi-strategy-v1	4h	SOLUSD	47	15	-195.34	0.471	-0.253	-226.38	2	333
smoothed-heiken-ashi-strategy-v1	1h	SOLUSD	66	33	-151.54	0.709	-0.120	-248.09	3	125
smoothed-heiken-ashi-strategy-v1	4h	LINKUSD	53	15	-214.49	0.578	-0.217	-259.06	1	333
smoothed-heiken-ashi-strategy-v1	15m	SOLUSD	69	24	-313.04	0.414	-0.276	-416.66	1	42
smoothed-heiken-ashi-strategy-v1	1h	LINKUSD	67	17	-465.94	0.261	-0.462	-526.11	0	125
smoothed-heiken-ashi-strategy-v1	15m	LINKUSD	88	40	-5.53	0.992	0.009	-234.24	5	42
daily-close-ha-gap-strategy-for-testing	15m	BTCUSD	26	9	-211.20	0.274	-0.460	-171.71	3	42
arbf-strategy-v1-8	1h	BTCUSD	83	44	-68.16	0.889	-0.035	-244.61	5	125
xau-clear-ema-atr-strategy-tp-sl-voice-v6-clean-tp	15m	BTCUSD	37	25	21.55	1.102	0.033	-122.41	3	42
xau-clear-ema-atr-strategy-tp-sl-voice-v6-clean-tp	15m	SOLUSD	124	72	-197.29	0.773	-0.084	-402.01	2	42
xau-clear-ema-atr-strategy-tp-sl-voice-v6-clean-tp	15m	LINKUSD	157	93	62.19	1.054	0.029	-322.96	4	42
xau-clear-ema-atr-strategy-tp-sl-voice-v6-clean-tp	1h	BTCUSD	93	43	-380.33	0.489	-0.255	-496.50	1	125
xau-clear-ema-atr-strategy-tp-sl-voice-v6-clean-tp	1h	SOLUSD	99	45	-449.85	0.428	-0.306	-542.91	0	125
xau-clear-ema-atr-strategy-tp-sl-voice-v6-clean-tp	1h	LINKUSD	140	69	-450.49	0.592	-0.207	-530.07	2	125
xau-clear-ema-atr-strategy-tp-sl-voice-v6-clean-tp	4h	BTCUSD	75	41	-27.76	0.956	-0.012	-116.50	3	333
xau-clear-ema-atr-strategy-tp-sl-voice-v6-clean-tp	4h	SOLUSD	88	50	-61.33	0.907	-0.038	-194.07	2	333
xau-clear-ema-atr-strategy-tp-sl-voice-v6-clean-tp	4h	LINKUSD	74	41	-133.96	0.774	-0.092	-224.20	4	333
btc-8am-pattern-breakout-instant-entry	4h	BTCUSD	271	84	-174.73	0.746	-0.036	-431.20	2	333
smc-clean-4h-zones-center-labels-hh-hl-ll-lh	15m	BTCUSD	270	84	-469.34	0.534	-0.116	-757.28	0	42
arbf-strategy-v1-8	15m	BTCUSD	8	6	56.21	2.514	0.362	24.10	3	42
btc-8am-pattern-breakout-instant-entry	1h	BTCUSD	252	68	-635.52	0.315	-0.205	-784.59	0	125
smc-clean-4h-zones-center-labels-hh-hl-ll-lh	15m	SOLUSD	1093	258	-939.62	0.473	-0.141	-960.07	1	42
smc-clean-4h-zones-center-labels-hh-hl-ll-lh	15m	LINKUSD	1121	336	-917.01	0.534	-0.109	-980.01	0	42
btc-8am-pattern-breakout-instant-entry	15m	BTCUSD	37	13	-188.86	0.271	-0.284	-266.09	1	42
smc-clean-4h-zones-center-labels-hh-hl-ll-lh	1h	BTCUSD	950	257	-914.63	0.484	-0.138	-966.51	0	125
arbf-strategy-v1-8	4h	SOLUSD	153	69	-215.50	0.688	-0.080	-311.49	2	333
btc-8am-pattern-breakout-instant-entry	4h	SOLUSD	184	69	-99.52	0.914	-0.025	-257.79	4	333
smc-clean-4h-zones-center-labels-hh-hl-ll-lh	1h	SOLUSD	1134	308	-809.14	0.671	-0.075	-943.63	0	125
smc-clean-4h-zones-center-labels-hh-hl-ll-lh	1h	LINKUSD	1110	324	-896.71	0.720	-0.100	-980.04	2	125
smc-clean-4h-zones-center-labels-hh-hl-ll-lh	4h	BTCUSD	828	264	-704.97	0.761	-0.076	-883.36	1	333
smc-clean-4h-zones-center-labels-hh-hl-ll-lh	4h	SOLUSD	884	277	-544.89	0.789	-0.044	-779.13	2	333
btc-8am-pattern-breakout-instant-entry	1h	SOLUSD	232	81	-460.45	0.681	-0.129	-689.50	0	125
smc-clean-4h-zones-center-labels-hh-hl-ll-lh	4h	LINKUSD	915	282	-619.29	0.774	-0.050	-835.03	1	333
xau-clear-ema-atr-strategy-tp-sl-voice-v6	15m	BTCUSD	37	25	21.55	1.102	0.033	-122.41	3	42
xau-clear-ema-atr-strategy-tp-sl-voice-v6	15m	SOLUSD	124	72	-197.29	0.773	-0.084	-402.01	2	42
xau-clear-ema-atr-strategy-tp-sl-voice-v6	15m	LINKUSD	157	93	62.19	1.054	0.029	-322.96	4	42
btc-8am-pattern-breakout-instant-entry	4h	LINKUSD	156	53	-368.13	0.620	-0.142	-463.85	1	333
xau-clear-ema-atr-strategy-tp-sl-voice-v6	1h	BTCUSD	93	43	-380.33	0.489	-0.255	-496.50	1	125
xau-clear-ema-atr-strategy-tp-sl-voice-v6	1h	SOLUSD	99	45	-449.85	0.428	-0.306	-542.91	0	125
xau-clear-ema-atr-strategy-tp-sl-voice-v6	1h	LINKUSD	140	69	-450.49	0.592	-0.207	-530.07	2	125
xau-clear-ema-atr-strategy-tp-sl-voice-v6	4h	BTCUSD	75	41	-27.76	0.956	-0.012	-116.50	3	333
xau-clear-ema-atr-strategy-tp-sl-voice-v6	4h	SOLUSD	88	50	-61.33	0.907	-0.038	-194.07	2	333
xau-clear-ema-atr-strategy-tp-sl-voice-v6	4h	LINKUSD	74	41	-133.96	0.774	-0.092	-224.20	4	333
apex-fusion-ai-smart-trend-engine	15m	BTCUSD	71	28	-139.40	0.827	-0.093	-253.75	2	42
apex-fusion-ai-smart-trend-engine	1h	BTCUSD	107	52	-124.22	0.866	-0.052	-407.52	3	125
apex-fusion-ai-smart-trend-engine	15m	SOLUSD	156	70	-342.03	0.745	-0.129	-567.92	3	42
apex-fusion-ai-smart-trend-engine	1h	SOLUSD	125	63	-141.05	0.869	-0.054	-299.53	2	125
btc-8am-pattern-breakout-instant-entry	15m	SOLUSD	101	33	-438.49	0.433	-0.291	-495.68	2	42
apex-fusion-ai-smart-trend-engine	1h	LINKUSD	125	54	-330.68	0.695	-0.151	-468.72	3	125
apex-fusion-ai-smart-trend-engine	15m	LINKUSD	179	78	-405.72	0.740	-0.135	-624.97	4	42
bps-v17-strong-trend-filter	15m	BTCUSD	21	14	5.42	1.038	0.019	-69.15	2	42
apex-fusion-ai-smart-trend-engine	4h	BTCUSD	68	36	29.46	1.050	0.037	-49.95	4	333
bps-v17-strong-trend-filter	15m	SOLUSD	49	25	115.49	1.210	0.139	-29.33	3	42
apex-fusion-ai-smart-trend-engine	4h	SOLUSD	78	37	24.68	1.035	0.040	-75.53	5	333
bps-v17-strong-trend-filter	15m	LINKUSD	65	35	-110.89	0.807	-0.083	-204.55	1	42
bps-v17-strong-trend-filter	1h	BTCUSD	37	23	122.62	1.421	0.173	-101.82	4	125
apex-fusion-ai-smart-trend-engine	4h	LINKUSD	78	33	-219.88	0.712	-0.149	-290.13	2	333
bps-v17-strong-trend-filter	1h	SOLUSD	53	27	-5.27	0.989	0.007	-102.49	2	125
bps-v17-strong-trend-filter	4h	BTCUSD	33	12	-185.37	0.487	-0.320	-216.74	1	333
bps-v17-strong-trend-filter	4h	SOLUSD	32	16	86.38	1.281	0.154	-92.73	3	333
bps-v17-strong-trend-filter	1h	LINKUSD	66	31	-172.83	0.730	-0.132	-232.05	2	125
bps-v17-strong-trend-filter	4h	LINKUSD	34	17	-24.73	0.918	-0.029	-70.84	4	333
bps-v17-strong-trend-filter-tv-strategies	1h	BTCUSD	37	23	122.62	1.421	0.173	-101.82	4	125
bps-v17-strong-trend-filter-tv-strategies	15m	BTCUSD	21	14	5.42	1.038	0.019	-69.15	2	42
bps-v17-strong-trend-filter-tv-strategies	1h	SOLUSD	53	27	-5.27	0.989	0.007	-102.49	2	125
bps-v17-strong-trend-filter-tv-strategies	15m	SOLUSD	49	25	115.49	1.210	0.139	-29.33	3	42
bps-v17-strong-trend-filter-tv-strategies	1h	LINKUSD	66	31	-172.83	0.730	-0.132	-232.05	2	125
bps-v17-strong-trend-filter-tv-strategies	15m	LINKUSD	65	35	-110.89	0.807	-0.083	-204.55	1	42
bps-v17-strong-trend-filter-tv-strategies	4h	BTCUSD	33	12	-185.37	0.487	-0.320	-216.74	1	333
bps-v17-strong-trend-filter-tv-strategies	4h	SOLUSD	32	16	86.38	1.281	0.154	-92.73	3	333
bps-v17-strong-trend-filter-tv-strategies	4h	LINKUSD	34	17	-24.73	0.918	-0.029	-70.84	4	333
btc-8am-pattern-breakout-instant-entry	1h	LINKUSD	208	81	-345.98	0.749	-0.094	-576.70	1	125
btc-8am-pattern-breakout-instant-entry	15m	LINKUSD	151	59	-440.88	0.583	-0.185	-594.95	0	42
arbf-strategy-v1-8	4h	LINKUSD	153	53	-395.22	0.468	-0.162	-475.27	0	333
tomukas-elite-smc	1h	BTCUSD	6	1	-45.75	0.265	-0.389	-63.61	1	125
tomukas-elite-smc	15m	BTCUSD	1	1	20.87	99.000	1.080	16.17	1	42
tomukas-elite-smc	1h	SOLUSD	1	0	-18.84	0.000	-0.962	-18.38	0	125
tomukas-elite-smc	15m	SOLUSD	0	0	0.00	0.000	0.000	0.00	0	42
blueprint-vol	4h	BTCUSD	4	2	-22.72	0.381	-0.252	-20.03	2	333
tomukas-elite-smc	1h	LINKUSD	1	0	-10.64	0.000	-0.535	-11.27	0	125
tomukas-elite-smc	4h	BTCUSD	1	0	-5.58	0.000	-0.295	-6.71	0	333
arbf-strategy-v1-8	1h	SOLUSD	88	47	-101.11	0.856	-0.051	-276.94	4	125
tomukas-elite-smc	15m	LINKUSD	3	2	-4.87	0.759	-0.078	-7.23	2	42
tomukas-elite-smc	4h	SOLUSD	1	0	-5.58	0.000	-0.294	-6.52	0	333
sandhu-rise	15m	BTCUSD	0	0	0.00	0.000	0.000	0.00	0	42
tomukas-elite-smc	4h	LINKUSD	1	0	-5.26	0.000	-0.265	-6.10	0	333
sandhu-rise	15m	SOLUSD	0	0	0.00	0.000	0.000	0.00	0	42
sandhu-rise	1h	BTCUSD	11	5	43.05	1.531	0.222	-57.76	1	125
sandhu-rise	15m	LINKUSD	4	2	-24.45	0.298	-0.305	-34.36	0	42
sandhu-rise	4h	BTCUSD	1	1	22.60	99.000	1.192	19.06	1	333
sandhu-rise	1h	SOLUSD	31	13	-127.41	0.431	-0.225	-159.93	0	125
sandhu-rise	4h	SOLUSD	1	0	-15.30	0.000	-1.000	-16.26	0	333
sandhu-rise	1h	LINKUSD	12	3	-69.49	0.231	-0.297	-84.17	0	125
sandhu-rise	4h	LINKUSD	7	5	44.53	2.050	0.328	38.60	1	333
blueprint-vol	1h	BTCUSD	5	1	-4.24	0.821	-0.035	-13.52	0	125
blueprint-vol	15m	BTCUSD	33	14	-54.68	0.797	-0.074	-82.99	4	42
blueprint-vol	4h	SOLUSD	6	2	1.86	1.106	0.070	-0.07	1	333
arbf-strategy-v1-8	15m	SOLUSD	22	8	-118.63	0.546	-0.284	-152.38	2	42
vwap-points-percent-ticks-strategy	15m	BTCUSD	100	29	-366.87	0.348	-0.230	-475.82	1	42
vwap-points-percent-ticks-strategy	1h	BTCUSD	585	145	-856.59	0.471	-0.169	-947.70	0	125
vwap-points-percent-ticks-strategy	15m	SOLUSD	202	78	-616.47	0.602	-0.234	-717.56	1	42
blueprint-vol	4h	LINKUSD	2	2	18.42	99.000	0.471	17.80	2	333
blueprint-vol	1h	SOLUSD	15	9	47.90	1.404	0.186	31.04	5	125
vwap-points-percent-ticks-strategy	1h	SOLUSD	332	136	-513.19	0.727	-0.103	-691.15	2	125
vwap-points-percent-ticks-strategy	4h	BTCUSD	761	222	-705.50	0.714	-0.081	-869.49	2	333
vwap-points-percent-ticks-strategy	15m	LINKUSD	47	32	368.45	1.959	0.350	129.45	6	42
vwap-points-percent-ticks-strategy	1h	LINKUSD	42	19	-177.11	0.573	-0.224	-211.95	1	125
vwap-points-percent-ticks-strategy	4h	SOLUSD	461	186	-102.56	0.955	-0.007	-424.57	2	333
vwap-points-percent-ticks-strategy	4h	LINKUSD	88	35	-346.16	0.559	-0.235	-371.87	2	333
hard-entry-exit-rules	1h	BTCUSD	40	23	-19.91	0.939	-0.018	-92.67	4	125
blueprint-vol	15m	SOLUSD	19	5	-48.60	0.744	-0.114	-78.28	1	42
hard-entry-exit-rules	15m	BTCUSD	11	7	64.58	1.780	0.313	1.84	4	42
arbf-strategy-v1-8	1h	LINKUSD	93	42	-236.35	0.728	-0.136	-367.31	3	125
blueprint-vol	1h	LINKUSD	9	2	-48.98	0.394	-0.275	-61.23	1	125
hard-entry-exit-rules	1h	SOLUSD	37	19	-66.91	0.624	-0.093	-133.00	5	125
hard-entry-exit-rules	15m	SOLUSD	26	12	-58.74	0.669	-0.115	-112.32	2	42
auto-fib-ema200-mtf-samoalgo-fixed	15m	BTCUSD	2	2	38.45	99.000	0.967	34.65	1	42
hard-entry-exit-rules	1h	LINKUSD	42	21	-60.27	0.722	-0.070	-124.76	3	125
pm-range-breakout-retest-fade	15m	BTCUSD	9	3	0.75	1.007	0.028	-23.22	1	42
auto-fib-ema200-mtf-samoalgo-fixed	4h	BTCUSD	1	0	-19.14	0.000	-1.000	-18.76	0	333
auto-fib-ema200-mtf-samoalgo-fixed	1h	BTCUSD	1	1	7.68	99.000	0.388	12.65	1	125
pm-range-breakout-retest-fade	15m	SOLUSD	16	6	-24.11	0.868	-0.054	-42.61	3	42
hard-entry-exit-rules	15m	LINKUSD	32	11	-172.86	0.386	-0.291	-230.85	2	42
blueprint-vol	15m	LINKUSD	4	0	-40.76	0.000	-0.517	-44.58	0	42
arbf-strategy-v1-8	15m	LINKUSD	25	10	-103.78	0.624	-0.207	-162.25	2	42
pm-range-breakout-retest-fade	4h	BTCUSD	119	52	-369.24	0.595	-0.196	-447.72	2	333
pm-range-breakout-retest-fade	15m	LINKUSD	13	4	-85.29	0.408	-0.335	-108.67	0	42
pm-range-breakout-retest-fade	1h	BTCUSD	68	30	-183.85	0.657	-0.144	-316.50	1	125
auto-fib-ema200-mtf-samoalgo-fixed	15m	SOLUSD	3	1	10.71	1.272	0.239	3.01	1	42
pm-range-breakout-retest-fade	4h	SOLUSD	91	35	-367.96	0.551	-0.261	-382.83	0	333
pm-range-breakout-retest-fade	1h	SOLUSD	39	19	-64.31	0.805	-0.076	-215.59	4	125
pm-range-breakout-retest-fade	4h	LINKUSD	78	28	-374.91	0.485	-0.297	-360.35	0	333
pm-range-breakout-retest-fade	1h	LINKUSD	37	15	-79.68	0.785	-0.095	-124.85	3	125
vwap-stdev-bands-reversal-strategy	15m	BTCUSD	54	23	-166.79	0.642	-0.165	-257.21	3	42
bollinger-squeeze-breakout-volume	15m	BTCUSD	23	11	-47.15	0.785	-0.097	-111.75	1	42
vwap-stdev-bands-reversal-strategy	1h	BTCUSD	131	49	-382.66	0.603	-0.183	-530.25	1	125
bollinger-squeeze-breakout-volume	15m	SOLUSD	82	34	-325.18	0.600	-0.237	-457.03	1	42
bollinger-squeeze-breakout-volume	15m	LINKUSD	70	25	-432.94	0.408	-0.397	-505.95	1	42
vwap-stdev-bands-reversal-strategy	15m	SOLUSD	131	53	-359.74	0.667	-0.165	-544.15	2	42
bollinger-squeeze-breakout-volume	1h	BTCUSD	63	35	-96.11	0.823	-0.073	-297.42	2	125
vwap-stdev-bands-reversal-strategy	1h	SOLUSD	153	50	-435.23	0.627	-0.190	-574.97	1	125
bollinger-squeeze-breakout-volume	1h	SOLUSD	69	39	222.79	1.365	0.163	25.92	4	125
bollinger-squeeze-breakout-volume	4h	BTCUSD	41	20	-82.81	0.786	-0.101	-118.29	3	333
bollinger-squeeze-breakout-volume	4h	SOLUSD	55	22	-126.90	0.769	-0.132	-205.55	3	333
bollinger-squeeze-breakout-volume	1h	LINKUSD	56	27	-155.67	0.715	-0.143	-247.76	2	125
bollinger-squeeze-breakout-volume	4h	LINKUSD	47	20	-76.04	0.850	-0.073	-179.33	2	333
vwap-stdev-bands-reversal-strategy	15m	LINKUSD	150	63	-406.65	0.657	-0.165	-565.32	2	42
vwap-stdev-bands-reversal-strategy	1h	LINKUSD	155	59	-341.51	0.706	-0.128	-508.56	2	125
auto-fib-ema200-mtf-samoalgo-fixed	1h	SOLUSD	1	1	17.14	99.000	0.955	15.95	1	125
auto-fib-ema200-mtf-samoalgo-fixed	4h	SOLUSD	1	0	-17.68	0.000	-1.000	-18.60	0	333
reverse-bb-kc	15m	BTCUSD	39	10	-231.25	0.211	-0.339	-279.74	0	42
auto-fib-ema200-mtf-samoalgo-fixed	15m	LINKUSD	1	1	6.68	99.000	0.334	-19.96	1	42
reverse-bb-kc	1h	BTCUSD	115	32	-457.15	0.323	-0.267	-532.29	0	125
reverse-bb-kc	4h	BTCUSD	96	28	-189.17	0.658	-0.114	-321.86	4	333
reverse-bb-kc	15m	SOLUSD	112	37	-382.05	0.419	-0.219	-540.26	1	42
shinobi	1h	SOLUSD	2	0	-33.09	0.000	-0.868	-34.34	0	125
auto-fib-ema200-mtf-samoalgo-fixed	1h	LINKUSD	1	1	8.06	99.000	0.404	7.15	1	125
reverse-bb-kc	15m	LINKUSD	62	27	108.66	1.315	0.095	-75.44	4	42
auto-fib-ema200-mtf-samoalgo-fixed	4h	LINKUSD	1	0	-19.88	0.000	-1.000	-19.79	0	333
reverse-bb-kc	1h	SOLUSD	92	33	-376.62	0.457	-0.258	-430.50	1	125
reverse-bb-kc	4h	SOLUSD	61	29	-2.42	0.991	0.007	-84.18	4	333
liquidity-geography-sweep-and-gap-strategy-swing	4h	BTCUSD	1	1	38.05	99.000	2.089	36.98	1	333
liquidity-geography-sweep-and-gap-strategy-swing	1h	BTCUSD	1	1	15.02	99.000	0.773	10.04	1	125
liquidity-geography-sweep-and-gap-strategy-swing	15m	BTCUSD	0	0	0.00	0.000	0.000	0.00	0	42
xauusd-hull-pullback-tester-2-0	15m	BTCUSD	2	0	-38.48	0.000	-0.980	-38.19	0	42
xauusd-hull-pullback-tester-2-0	1h	BTCUSD	16	8	-4.66	0.971	-0.004	-66.17	1	125
liquidity-geography-sweep-and-gap-strategy-swing	4h	SOLUSD	1	0	-16.37	0.000	-1.000	-17.05	0	333
xauusd-hull-pullback-tester-2-0	1h	SOLUSD	107	53	-13.18	0.988	0.008	-116.97	4	125
liquidity-geography-sweep-and-gap-strategy-swing	1h	SOLUSD	1	1	6.82	99.000	0.349	13.19	1	125
xauusd-hull-pullback-tester-2-0	15m	SOLUSD	16	6	-83.32	0.566	-0.271	-113.14	1	42
liquidity-geography-sweep-and-gap-strategy-swing	4h	LINKUSD	1	1	27.75	99.000	1.426	26.18	1	333
liquidity-geography-sweep-and-gap-strategy-swing	15m	SOLUSD	0	0	0.00	0.000	0.000	0.00	0	42
reverse-bb-kc	1h	LINKUSD	97	38	-181.84	0.676	-0.099	-316.01	3	125
xauusd-hull-pullback-tester-2-0	1h	LINKUSD	28	13	-47.85	0.830	-0.078	-90.95	2	125
reverse-bb-kc	4h	LINKUSD	98	23	-442.65	0.406	-0.292	-477.32	1	333
xauusd-hull-pullback-tester-2-0	4h	BTCUSD	19	12	36.14	1.256	0.125	21.80	1	333
xauusd-hull-pullback-tester-2-0	15m	LINKUSD	34	17	-81.10	0.753	-0.116	-189.93	4	42
optimized-keltner-channels-strategy	15m	BTCUSD	4	4	47.41	99.000	0.596	29.40	4	42
optimized-keltner-channels-strategy	4h	BTCUSD	10	3	-76.94	0.284	-0.427	-74.48	2	333
optimized-keltner-channels-strategy	1h	BTCUSD	16	3	-147.15	0.281	-0.495	-161.78	1	125
liquidity-geography-sweep-and-gap-strategy-swing	1h	LINKUSD	1	1	26.02	99.000	1.304	20.69	1	125
optimized-keltner-channels-strategy	4h	SOLUSD	10	5	-6.72	0.927	-0.058	-27.02	4	333
optimized-keltner-channels-strategy	15m	SOLUSD	16	6	-81.62	0.518	-0.263	-103.56	2	42
optimized-keltner-channels-strategy	1h	SOLUSD	16	6	-102.56	0.406	-0.335	-154.32	1	125
optimized-keltner-channels-strategy	4h	LINKUSD	9	3	-61.34	0.359	-0.350	-64.92	1	333
universal-strategy-feed	1h	BTCUSD	0	0	0.00	0.000	0.000	0.00	0	125
optimized-keltner-channels-strategy	1h	LINKUSD	18	9	-40.48	0.768	-0.108	-85.49	2	125
universal-strategy-feed	15m	BTCUSD	0	0	0.00	0.000	0.000	0.00	0	42
universal-strategy-feed	4h	BTCUSD	0	0	0.00	0.000	0.000	0.00	0	333
xauusd-hull-pullback-tester-2-0	4h	SOLUSD	19	9	-33.66	0.806	-0.121	-73.11	1	333
optimized-keltner-channels-strategy	15m	LINKUSD	19	8	-47.09	0.745	-0.118	-91.15	2	42
universal-strategy-feed	1h	SOLUSD	0	0	0.00	0.000	0.000	0.00	0	125
universal-strategy-feed	4h	SOLUSD	0	0	0.00	0.000	0.000	0.00	0	333
universal-strategy-feed	15m	SOLUSD	0	0	0.00	0.000	0.000	0.00	0	42
universal-strategy-feed	4h	LINKUSD	0	0	0.00	0.000	0.000	0.00	0	333
universal-strategy-feed	1h	LINKUSD	0	0	0.00	0.000	0.000	0.00	0	125
universal-strategy-feed	15m	LINKUSD	0	0	0.00	0.000	0.000	0.00	0	42
liquidity-geography-sweep-and-gap-strategy-swing	15m	LINKUSD	1	0	-19.96	0.000	-1.000	-19.99	0	42
xauusd-hull-pullback-tester-2-0	4h	LINKUSD	11	5	-61.50	0.469	-0.290	-65.40	0	333
l-l-htf-trend-cloud-strategy-joe-freedom	4h	BTCUSD	3	2	40.45	3.003	0.738	36.56	2	333
l-l-htf-trend-cloud-strategy-joe-freedom	1h	BTCUSD	7	5	7.41	1.187	0.056	-34.67	4	125
l-l-htf-trend-cloud-strategy-joe-freedom	4h	SOLUSD	2	2	123.38	99.000	3.100	106.89	2	333
l-l-htf-trend-cloud-strategy-joe-freedom	4h	LINKUSD	1	1	17.89	99.000	0.903	16.38	1	333
l-l-htf-trend-cloud-strategy-joe-freedom	15m	BTCUSD	0	0	0.00	0.000	0.000	0.00	0	42
l-l-htf-trend-cloud-strategy-joe-freedom	1h	SOLUSD	7	3	51.14	1.644	0.393	-33.62	2	125
tomukas-edge	15m	SOLUSD	3	3	21.87	99.000	0.370	17.86	3	42
tomukas-edge	15m	LINKUSD	1	0	-19.92	0.000	-1.000	-19.90	0	42
tomukas-edge	4h	SOLUSD	2	1	7.04	1.439	0.214	3.56	1	333
l-l-htf-trend-cloud-strategy-joe-freedom	1h	LINKUSD	10	6	-4.39	0.944	-0.015	-41.90	4	125
l-l-htf-trend-cloud-strategy-joe-freedom	15m	SOLUSD	13	5	-119.37	0.189	-0.495	-145.76	0	42
mcginley-t3-flow-campaign-nick789-v-1	4h	BTCUSD	21	13	193.21	2.159	0.478	131.39	6	333
mcginley-t3-flow-campaign-nick789-v-1	15m	BTCUSD	19	9	-130.62	0.280	-0.367	-132.71	3	42
mcginley-t3-flow-campaign-nick789-v-1	1h	BTCUSD	29	15	-77.89	0.717	-0.131	-132.13	2	125
mcginley-t3-flow-campaign-nick789-v-1	4h	SOLUSD	19	12	186.40	2.390	0.504	109.87	5	333
mcginley-t3-flow-campaign-nick789-v-1	4h	LINKUSD	25	13	49.86	1.227	0.113	34.33	3	333
mcginley-t3-flow-campaign-nick789-v-1	1h	SOLUSD	39	17	-115.28	0.719	-0.155	-163.49	3	125
mcginley-t3-flow-campaign-nick789-v-1	15m	SOLUSD	41	18	-161.11	0.626	-0.211	-217.81	2	42
tomukas-quantum-scalper-pro-1h-trend-engine	15m	BTCUSD	1	1	15.80	99.000	0.813	9.91	1	42
tomukas-quantum-scalper-pro-1h-trend-engine	1h	BTCUSD	2	1	-14.20	0.278	-0.360	-7.22	1	125
tomukas-quantum-scalper-pro-1h-trend-engine	15m	SOLUSD	3	3	21.65	99.000	0.368	17.66	3	42
mcginley-t3-flow-campaign-nick789-v-1	1h	LINKUSD	38	23	112.77	1.399	0.154	-16.91	4	125
tomukas-quantum-scalper-pro-1h-trend-engine	15m	LINKUSD	1	0	-19.88	0.000	-1.000	-19.91	0	42
l-l-htf-trend-cloud-strategy-joe-freedom	15m	LINKUSD	22	12	173.79	1.805	0.399	123.24	3	42
tomukas-quantum-scalper-pro-1h-trend-engine	4h	SOLUSD	2	1	7.10	1.439	0.189	3.61	1	333
mcginley-t3-flow-campaign-nick789-v-1	15m	LINKUSD	56	25	-300.17	0.439	-0.313	-379.46	1	42
rsi-divergence-ema-filter	15m	BTCUSD	6	2	-59.10	0.234	-0.511	-4.34	2	42
initial-balance-bo-strategy	15m	BTCUSD	31	9	-237.93	0.227	-0.438	-297.89	3	42
rsi-divergence-ema-filter	4h	BTCUSD	11	7	43.62	1.552	0.209	27.75	3	333
rsi-divergence-ema-filter	1h	BTCUSD	20	9	-123.32	0.406	-0.331	-152.20	2	125
rsi-divergence-ema-filter	4h	SOLUSD	7	1	-91.27	0.153	-0.734	-100.58	0	333
rsi-divergence-ema-filter	15m	SOLUSD	16	6	-78.86	0.590	-0.261	-115.03	2	42
rsi-divergence-ema-filter	1h	SOLUSD	10	3	-79.98	0.388	-0.417	-88.07	2	125
rsi-divergence-ema-filter	4h	LINKUSD	14	5	-91.46	0.473	-0.336	-102.15	3	333
initial-balance-bo-strategy	15m	SOLUSD	63	21	-353.54	0.385	-0.350	-418.71	2	42
rsi-divergence-ema-filter	1h	LINKUSD	13	7	-41.16	0.654	-0.155	-47.84	4	125
rsi-divergence-ema-filter	15m	LINKUSD	14	4	-151.10	0.191	-0.578	-185.63	2	42
initial-balance-bo-strategy	15m	LINKUSD	91	35	-385.34	0.491	-0.258	-536.16	1	42
scam-or-slam-day-trading-rauf-strategy	1h	BTCUSD	8	1	-70.22	0.082	-0.461	-101.31	1	125
momentum-squeeze-breakout-engine	15m	BTCUSD	3	1	-31.53	0.154	-0.540	-24.39	1	42
momentum-squeeze-breakout-engine	4h	BTCUSD	5	4	18.72	1.928	0.197	6.62	3	333
momentum-squeeze-breakout-engine	1h	BTCUSD	8	6	64.09	2.600	0.416	12.11	4	125
momentum-squeeze-breakout-engine	15m	SOLUSD	14	6	-45.35	0.706	-0.158	-64.19	2	42
momentum-squeeze-breakout-engine	4h	SOLUSD	4	1	-25.14	0.521	-0.349	-27.55	1	333
momentum-squeeze-breakout-engine	1h	SOLUSD	5	2	50.02	1.829	0.565	-41.29	2	125
momentum-squeeze-breakout-engine	4h	LINKUSD	2	1	-3.00	0.849	-0.069	-5.03	1	333
momentum-squeeze-breakout-engine	15m	LINKUSD	6	2	-56.04	0.278	-0.474	-62.14	2	42
momentum-squeeze-breakout-engine	1h	LINKUSD	6	2	-32.74	0.578	-0.268	-40.26	1	125
scam-or-slam-day-trading-rauf-strategy	15m	BTCUSD	15	1	-158.75	0.099	-0.584	-175.73	1	42
neftali-crt-h3-zonas-vela-0-choch	4h	BTCUSD	15	8	1.84	1.016	0.013	5.50	4	333
neftali-crt-h3-zonas-vela-0-choch	1h	BTCUSD	20	9	-105.83	0.474	-0.275	-155.34	1	125
neftali-crt-h3-zonas-vela-0-choch	15m	BTCUSD	10	5	24.33	1.250	0.138	-30.11	3	42
neftali-crt-h3-zonas-vela-0-choch	4h	SOLUSD	16	7	-52.72	0.643	-0.192	-71.87	2	333
neftali-crt-h3-zonas-vela-0-choch	1h	SOLUSD	14	8	10.84	1.092	0.059	-14.49	4	125
neftali-crt-h3-zonas-vela-0-choch	4h	LINKUSD	13	7	8.11	1.078	0.040	-5.46	3	333
neftali-crt-h3-zonas-vela-0-choch	15m	SOLUSD	19	9	-45.28	0.764	-0.111	-73.23	2	42
neftali-crt-h3-zonas-vela-0-choch	1h	LINKUSD	24	10	-52.86	0.801	-0.103	-93.05	2	125
scam-or-slam-day-trading-rauf-strategy	1h	SOLUSD	5	3	-29.26	0.243	-0.299	-36.99	3	125
bb-kc-squeeze-breakout	15m	BTCUSD	20	10	-1.03	0.993	0.003	-51.72	4	42
neftali-crt-h3-zonas-vela-0-choch	15m	LINKUSD	25	13	-64.87	0.720	-0.127	-164.67	4	42
bb-kc-squeeze-breakout	1h	BTCUSD	49	21	-131.55	0.676	-0.139	-232.33	2	125
bb-kc-squeeze-breakout	15m	SOLUSD	64	26	-240.78	0.538	-0.213	-345.46	0	42
scam-or-slam-day-trading-rauf-strategy	15m	SOLUSD	28	6	-269.42	0.125	-0.570	-289.95	0	42
scam-or-slam-day-trading-rauf-strategy	1h	LINKUSD	5	2	-20.46	0.389	-0.205	-29.20	1	125
bb-kc-squeeze-breakout	4h	BTCUSD	40	18	-112.11	0.630	-0.146	-178.86	3	333
tomukas-daily-scale-in	1h	BTCUSD	49	22	-214.26	0.418	-0.244	-283.21	3	125
tomukas-daily-scale-in	15m	BTCUSD	18	8	-114.31	0.358	-0.333	-141.78	3	42
tomukas-daily-scale-in	4h	BTCUSD	26	13	-85.55	0.434	-0.168	-113.89	1	333
tomukas-daily-scale-in	1h	SOLUSD	55	30	-191.61	0.410	-0.196	-253.38	2	125
tomukas-daily-scale-in	4h	SOLUSD	39	21	-33.99	0.794	-0.047	-76.10	4	333
tomukas-daily-scale-in	15m	SOLUSD	43	27	-75.99	0.710	-0.090	-155.30	4	42
tomukas-daily-scale-in	4h	LINKUSD	38	21	-95.04	0.453	-0.130	-120.24	2	333
tomukas-daily-scale-in	1h	LINKUSD	48	22	-63.33	0.748	-0.065	-139.28	3	125
bb-kc-squeeze-breakout	15m	LINKUSD	42	8	-351.30	0.210	-0.511	-389.82	1	42
tomukas-daily-scale-in	15m	LINKUSD	47	23	-146.35	0.572	-0.164	-235.71	3	42
10-tech-indexes-score-system	15m	BTCUSD	26	13	49.13	1.215	0.115	-34.46	5	42
10-tech-indexes-score-system	15m	SOLUSD	27	16	36.68	1.163	0.083	-31.90	3	42
scam-or-slam-day-trading-rauf-strategy	15m	LINKUSD	39	12	-269.94	0.265	-0.399	-334.89	0	42
bb-kc-squeeze-breakout	1h	SOLUSD	41	23	100.16	1.363	0.126	-85.47	6	125
10-tech-indexes-score-system	15m	LINKUSD	20	11	-35.08	0.794	-0.081	-33.50	3	42
10-tech-indexes-score-system	1h	BTCUSD	22	13	-34.91	0.795	-0.077	-35.48	3	125
10-tech-indexes-score-system	4h	BTCUSD	4	2	-3.93	0.897	-0.028	-13.56	1	333
bb-kc-squeeze-breakout	4h	SOLUSD	33	10	-151.79	0.530	-0.283	-195.17	5	333
10-tech-indexes-score-system	1h	SOLUSD	23	15	130.32	1.726	0.289	65.09	5	125
10-tech-indexes-score-system	4h	SOLUSD	7	5	79.35	2.965	0.608	69.71	4	333
10-tech-indexes-score-system	4h	LINKUSD	6	3	13.65	1.225	0.124	10.59	2	333
10-tech-indexes-score-system	1h	LINKUSD	22	9	-12.79	0.946	-0.014	-60.27	3	125
trend-persistence-analysis-framework	15m	BTCUSD	108	56	-168.45	0.814	-0.078	-301.80	2	42
trend-persistence-analysis-framework	1h	BTCUSD	214	110	-269.97	0.854	-0.066	-596.01	3	125
trend-persistence-analysis-framework	15m	SOLUSD	243	124	-395.29	0.769	-0.099	-598.46	2	42
trend-persistence-analysis-framework	1h	SOLUSD	240	117	-326.60	0.841	-0.078	-560.32	3	125
trend-persistence-analysis-framework	15m	LINKUSD	321	173	-237.25	0.911	-0.034	-710.06	2	42
trend-persistence-analysis-framework	1h	LINKUSD	255	128	-195.81	0.910	-0.033	-509.41	3	125
trend-persistence-analysis-framework	4h	BTCUSD	171	87	-32.62	0.979	0.001	-253.12	4	333
trend-persistence-analysis-framework	4h	SOLUSD	171	79	-300.80	0.787	-0.109	-410.49	1	333
ewo-rsi-advanced-signals-strategy-exhaustion-filter	4h	BTCUSD	81	37	-182.86	0.759	-0.119	-234.94	3	333
ewo-rsi-advanced-signals-strategy-exhaustion-filter	1h	BTCUSD	102	44	-412.03	0.518	-0.259	-550.14	1	125
trend-persistence-analysis-framework	4h	LINKUSD	159	84	54.15	1.039	0.027	-20.76	3	333
ewo-rsi-advanced-signals-strategy-exhaustion-filter	15m	BTCUSD	57	27	-275.15	0.443	-0.280	-394.41	1	42
ema-cross-imb-kochan-style	15m	BTCUSD	10	6	-22.52	0.700	-0.112	-24.11	3	42
ewo-rsi-advanced-signals-strategy-exhaustion-filter	4h	SOLUSD	83	44	-14.29	0.981	0.002	-109.97	3	333
ema-cross-imb-kochan-style	1h	BTCUSD	19	10	-77.06	0.502	-0.208	-116.41	2	125
ewo-rsi-advanced-signals-strategy-exhaustion-filter	1h	SOLUSD	129	51	-532.09	0.495	-0.299	-601.77	1	125
ema-cross-imb-kochan-style	15m	SOLUSD	4	2	-19.14	0.510	-0.239	-29.56	1	42
ewo-rsi-advanced-signals-strategy-exhaustion-filter	4h	LINKUSD	77	42	106.64	1.146	0.080	94.07	4	333
ema-cross-imb-kochan-style	1h	SOLUSD	5	2	-34.46	0.391	-0.358	-36.81	1	125
ewo-rsi-advanced-signals-strategy-exhaustion-filter	15m	SOLUSD	120	51	-540.85	0.440	-0.329	-593.81	0	42
ema-cross-imb-kochan-style	4h	BTCUSD	14	6	-69.36	0.528	-0.265	-79.33	3	333
ewo-rsi-advanced-signals-strategy-exhaustion-filter	1h	LINKUSD	112	47	-410.13	0.590	-0.225	-516.79	2	125
ema-cross-imb-kochan-style	15m	LINKUSD	1	0	-18.68	0.000	-0.936	-18.84	0	42
ema-cross-imb-kochan-style	1h	LINKUSD	1	0	-19.98	0.000	-1.000	-19.97	0	125
ema-cross-imb-kochan-style	4h	SOLUSD	2	1	-7.27	0.531	-0.197	-7.98	0	333
ema-cross-imb-kochan-style	4h	LINKUSD	1	0	-19.89	0.000	-1.000	-19.96	0	333
hemant-gold-strategy	4h	SOLUSD	45	18	-159.41	0.655	-0.185	-174.46	3	333
ewo-rsi-advanced-signals-strategy-exhaustion-filter	15m	LINKUSD	121	60	-330.52	0.690	-0.157	-502.04	1	42
hemant-gold-strategy	1h	SOLUSD	90	38	-297.69	0.649	-0.198	-353.63	3	125
hemant-gold-strategy	4h	LINKUSD	47	24	35.30	1.079	0.049	57.95	5	333
hemant-gold-strategy	15m	SOLUSD	79	40	-139.36	0.800	-0.088	-306.90	3	42
hemant-gold-strategy	1h	LINKUSD	72	35	-175.62	0.731	-0.126	-161.41	4	125
hemant-gold-strategy	15m	LINKUSD	92	49	-133.87	0.830	-0.070	-355.42	3	42
bb-kc-squeeze-breakout	1h	LINKUSD	46	18	-162.03	0.619	-0.185	-250.89	3	125
bb-kc-squeeze-breakout	4h	LINKUSD	44	27	346.77	2.316	0.352	251.72	6	333
pvrple-oracle-250	1h	BTCUSD	635	453	19108683.48	9.013	0.796	926110.13	8	125
pvrple-oracle-250	15m	BTCUSD	277	222	270721.93	16.962	1.043	44885.48	7	42
pvrple-oracle-250	4h	BTCUSD	486	375	6625469.03	41.544	0.936	1865544.52	8	333
high-activity-penny-stock-strategy-v6	15m	BTCUSD	32	13	90.87	1.561	0.147	-81.35	5	42
high-activity-penny-stock-strategy-v6	1h	BTCUSD	78	20	-154.23	0.634	-0.102	-320.32	1	125
high-activity-penny-stock-strategy-v6	15m	SOLUSD	105	23	-354.00	0.525	-0.204	-450.55	1	42
high-activity-penny-stock-strategy-v6	1h	SOLUSD	74	20	-212.93	0.555	-0.157	-296.42	2	125
high-activity-penny-stock-strategy-v6	4h	BTCUSD	66	18	-74.31	0.777	-0.054	-149.33	3	333
high-activity-penny-stock-strategy-v6	1h	LINKUSD	59	14	-347.96	0.288	-0.358	-383.05	1	125
high-activity-penny-stock-strategy-v6	4h	SOLUSD	42	16	132.68	1.651	0.167	18.92	5	333
high-activity-penny-stock-strategy-v6	15m	LINKUSD	92	31	-199.47	0.688	-0.112	-388.18	3	42
high-activity-penny-stock-strategy-v6	4h	LINKUSD	37	19	134.61	1.710	0.178	67.24	6	333
clean-trend-system-htf-bias-filtered	15m	BTCUSD	3	1	-35.07	0.098	-0.601	-20.61	0	42
clean-trend-system-htf-bias-filtered	4h	BTCUSD	13	5	132.18	1.889	0.526	99.74	1	333
clean-trend-system-htf-bias-filtered	1h	BTCUSD	14	6	-97.02	0.330	-0.364	-128.82	1	125
clean-trend-system-htf-bias-filtered	4h	SOLUSD	6	2	-60.00	0.202	-0.519	-31.17	0	333
clean-trend-system-htf-bias-filtered	15m	SOLUSD	10	3	-91.97	0.259	-0.483	-106.28	0	42
clean-trend-system-htf-bias-filtered	1h	SOLUSD	14	7	-40.89	0.703	-0.140	-83.57	2	125
clean-trend-system-htf-bias-filtered	4h	LINKUSD	6	3	-4.51	0.926	-0.025	3.22	2	333
clean-trend-system-htf-bias-filtered	1h	LINKUSD	6	4	1.16	1.029	0.015	-20.53	3	125
clean-trend-system-htf-bias-filtered	15m	LINKUSD	9	4	-58.14	0.394	-0.326	-68.43	2	42
nasrul-fib-sr-m5	15m	BTCUSD	44	20	-151.04	0.639	-0.181	-227.94	2	42
nasrul-fib-sr-m5	1h	BTCUSD	84	40	15.73	1.021	0.031	-209.98	2	125
nasrul-fib-sr-m5	4h	BTCUSD	23	4	-257.77	0.111	-0.661	-279.43	0	333
kaufman-moving-average-adaptive-strategy-by-mkb	15m	BTCUSD	37	15	-154.44	0.480	-0.223	-199.55	3	42
adaptive-dual-engine-strategy-momentum-mean-reversion	1h	BTCUSD	214	98	-196.82	0.878	-0.042	-456.90	3	125
adaptive-dual-engine-strategy-momentum-mean-reversion	15m	BTCUSD	171	58	-417.15	0.481	-0.157	-596.32	2	42
kaufman-moving-average-adaptive-strategy-by-mkb	15m	SOLUSD	95	30	-277.76	0.661	-0.163	-407.13	2	42
adaptive-dual-engine-strategy-momentum-mean-reversion	4h	BTCUSD	167	70	-343.11	0.739	-0.117	-422.19	2	333
kaufman-moving-average-adaptive-strategy-by-mkb	15m	LINKUSD	118	45	-322.23	0.669	-0.156	-411.57	2	42
kaufman-moving-average-adaptive-strategy-by-mkb	1h	BTCUSD	81	29	-418.43	0.308	-0.338	-518.68	0	125
kaufman-moving-average-adaptive-strategy-by-mkb	1h	SOLUSD	94	36	-368.07	0.469	-0.246	-441.26	1	125
kaufman-moving-average-adaptive-strategy-by-mkb	1h	LINKUSD	100	37	-304.05	0.596	-0.174	-343.35	2	125
kaufman-moving-average-adaptive-strategy-by-mkb	4h	BTCUSD	70	26	-262.98	0.523	-0.221	-293.59	2	333
kaufman-moving-average-adaptive-strategy-by-mkb	4h	SOLUSD	79	31	-184.99	0.667	-0.146	-280.55	2	333
kaufman-moving-average-adaptive-strategy-by-mkb	4h	LINKUSD	69	27	-161.53	0.714	-0.121	-250.25	2	333
adaptive-dual-engine-strategy-momentum-mean-reversion	4h	SOLUSD	186	84	-149.17	0.889	-0.040	-239.63	3	333
adaptive-dual-engine-strategy-momentum-mean-reversion	1h	SOLUSD	267	111	-361.37	0.789	-0.079	-619.00	3	125
adaptive-dual-engine-strategy-momentum-mean-reversion	15m	SOLUSD	343	137	-537.52	0.674	-0.109	-747.46	1	42
adaptive-dual-engine-strategy-momentum-mean-reversion	4h	LINKUSD	161	71	-163.73	0.887	-0.046	-260.42	2	333
nasrul-fib-sr-m5	4h	SOLUSD	24	11	135.78	1.791	0.280	-40.74	2	333
adaptive-dual-engine-strategy-momentum-mean-reversion	1h	LINKUSD	295	128	-342.46	0.824	-0.063	-571.17	4	125
ac20-55emagdcrosstest	15m	BTCUSD	15	8	-51.93	0.530	-0.175	-103.36	4	42
ac20-55emagdcrosstest	1h	BTCUSD	44	26	104.88	1.315	0.129	-23.98	5	125
ac20-55emagdcrosstest	4h	BTCUSD	37	19	-28.80	0.909	-0.029	-143.27	3	333
ac20-55emagdcrosstest	15m	SOLUSD	40	19	-159.24	0.579	-0.217	-262.17	2	42
ac20-55emagdcrosstest	1h	SOLUSD	59	34	-48.27	0.896	-0.034	-184.37	4	125
ac20-55emagdcrosstest	4h	SOLUSD	31	20	131.60	1.659	0.213	104.68	6	333
ac20-55emagdcrosstest	1h	LINKUSD	55	29	-6.21	0.987	0.008	-141.02	3	125
ac20-55emagdcrosstest	4h	LINKUSD	33	15	-102.19	0.698	-0.156	-178.29	3	333
ac20-55emagdcrosstest	15m	LINKUSD	43	18	-216.99	0.469	-0.278	-324.84	1	42
nasrul-fib-sr-m5	15m	SOLUSD	111	54	-153.68	0.845	-0.066	-339.15	3	42
adaptive-dual-engine-strategy-momentum-mean-reversion	15m	LINKUSD	406	176	-605.52	0.652	-0.108	-834.63	2	42
ai-slop-holy-grail-trap-btc-1h-non-repainting-overfit	4h	BTCUSD	35	19	13.81	1.056	0.028	-42.30	3	333
ai-slop-holy-grail-trap-btc-1h-non-repainting-overfit	1h	BTCUSD	38	16	-153.05	0.573	-0.217	-199.40	3	125
ai-slop-holy-grail-trap-btc-1h-non-repainting-overfit	15m	BTCUSD	20	6	-135.26	0.329	-0.362	-171.20	0	42
ai-slop-holy-grail-trap-btc-1h-non-repainting-overfit	4h	SOLUSD	30	17	94.30	1.476	0.162	57.21	4	333
ai-slop-holy-grail-trap-btc-1h-non-repainting-overfit	1h	SOLUSD	45	19	-200.85	0.467	-0.255	-261.33	2	125
nasrul-fib-sr-m5	1h	SOLUSD	101	44	-347.91	0.552	-0.215	-411.95	2	125
ai-slop-holy-grail-trap-btc-1h-non-repainting-overfit	4h	LINKUSD	33	13	-109.79	0.678	-0.168	-116.16	4	333
ai-slop-holy-grail-trap-btc-1h-non-repainting-overfit	15m	SOLUSD	33	14	-150.25	0.433	-0.246	-214.02	2	42
ai-slop-holy-grail-trap-btc-1h-non-repainting-overfit	1h	LINKUSD	33	15	-3.19	0.988	0.009	-70.28	4	125
bollinger-bands-simple-strategy	15m	BTCUSD	69	32	-234.34	0.593	-0.190	-362.62	3	42
bollinger-bands-simple-strategy	1h	BTCUSD	149	66	-608.43	0.392	-0.321	-691.45	0	125
bollinger-bands-simple-strategy	15m	SOLUSD	173	98	-283.27	0.788	-0.089	-551.31	4	42
bollinger-bands-simple-strategy	1h	SOLUSD	171	87	-438.94	0.658	-0.167	-585.09	2	125
bollinger-bands-simple-strategy	4h	BTCUSD	111	46	-453.27	0.515	-0.282	-498.49	1	333
bollinger-bands-simple-strategy	1h	LINKUSD	167	89	-304.97	0.756	-0.102	-493.22	3	125
bollinger-bands-simple-strategy	4h	SOLUSD	107	64	11.25	1.014	0.017	-85.37	4	333
bollinger-bands-simple-strategy	15m	LINKUSD	200	94	-578.13	0.515	-0.210	-736.18	1	42
bollinger-bands-simple-strategy	4h	LINKUSD	116	60	-166.65	0.839	-0.070	-253.69	4	333
ai-slop-holy-grail-trap-btc-1h-non-repainting-overfit	15m	LINKUSD	28	13	-151.56	0.395	-0.290	-185.74	2	42
nasrul-fib-sr-m5	4h	LINKUSD	20	9	6.54	1.035	0.028	-10.77	1	333
vwap-distance-scalper	4h	BTCUSD	1	0	-4.05	0.000	-0.211	-4.58	0	333
9-21-ema-volume-spike-bollinger-bands-vwap	15m	BTCUSD	3	2	-2.07	0.895	-0.035	-13.37	2	42
9-21-ema-volume-spike-bollinger-bands-vwap	15m	SOLUSD	9	3	-24.86	0.777	-0.129	-61.18	2	42
9-21-ema-volume-spike-bollinger-bands-vwap	1h	BTCUSD	11	2	-134.24	0.166	-0.663	-144.61	0	125
9-21-ema-volume-spike-bollinger-bands-vwap	1h	SOLUSD	11	3	-82.81	0.427	-0.384	-96.96	3	125
9-21-ema-volume-spike-bollinger-bands-vwap	15m	LINKUSD	15	8	-32.76	0.761	-0.102	-70.26	3	42
9-21-ema-volume-spike-bollinger-bands-vwap	1h	LINKUSD	7	3	-32.43	0.587	-0.227	-39.91	2	125
9-21-ema-volume-spike-bollinger-bands-vwap	4h	BTCUSD	9	4	-35.14	0.634	-0.198	-37.43	2	333
9-21-ema-volume-spike-bollinger-bands-vwap	4h	SOLUSD	9	5	0.77	1.013	0.001	-6.20	3	333
nasrul-fib-sr-m5	15m	LINKUSD	136	60	-240.68	0.841	-0.087	-407.18	4	42
9-21-ema-volume-spike-bollinger-bands-vwap	4h	LINKUSD	8	2	-82.07	0.245	-0.531	-85.20	0	333
ut-bot-stc-conjunction-strategy-tester-v4-8	1h	BTCUSD	6	4	83.88	3.211	0.716	48.21	4	125
estrategia-dpo-artedejubilarte	1h	BTCUSD	89	30	-106.18	0.779	-0.058	-238.33	1	125
ut-bot-stc-conjunction-strategy-tester-v4-8	15m	BTCUSD	2	0	-37.77	0.000	-0.962	-37.18	0	42
estrategia-dpo-artedejubilarte	15m	BTCUSD	47	14	-111.77	0.612	-0.124	-240.95	4	42
ut-bot-stc-conjunction-strategy-tester-v4-8	1h	SOLUSD	8	6	70.09	2.821	0.448	52.04	4	125
estrategia-dpo-artedejubilarte	4h	BTCUSD	63	25	75.52	1.301	0.061	-122.86	5	333
ut-bot-stc-conjunction-strategy-tester-v4-8	15m	SOLUSD	5	0	-92.84	0.000	-0.987	-93.03	0	42
ut-bot-stc-conjunction-strategy-tester-v4-8	1h	LINKUSD	8	5	4.88	1.081	0.037	-35.17	4	125
estrategia-dpo-artedejubilarte	1h	SOLUSD	124	35	-302.35	0.606	-0.143	-441.59	3	125
ut-bot-stc-conjunction-strategy-tester-v4-8	15m	LINKUSD	7	3	-55.25	0.296	-0.401	-77.57	2	42
estrategia-dpo-artedejubilarte	15m	SOLUSD	114	26	-430.30	0.365	-0.250	-543.17	0	42
ut-bot-stc-conjunction-strategy-tester-v4-8	4h	BTCUSD	3	2	4.57	1.243	0.076	-5.69	2	333
estrategia-dpo-artedejubilarte	1h	LINKUSD	126	40	-498.23	0.359	-0.270	-604.53	1	125
estrategia-dpo-artedejubilarte	4h	SOLUSD	73	23	31.95	1.083	0.027	-68.53	4	333
ut-bot-stc-conjunction-strategy-tester-v4-8	4h	SOLUSD	5	2	-37.46	0.321	-0.419	-43.36	2	333
estrategia-dpo-artedejubilarte	15m	LINKUSD	158	47	-452.11	0.468	-0.185	-607.97	1	42
multi-time-fram	15m	BTCUSD	7	1	-75.70	0.175	-0.565	-85.77	0	42
estrategia-dpo-artedejubilarte	4h	LINKUSD	97	31	-186.69	0.705	-0.101	-285.30	2	333
multi-time-fram	15m	SOLUSD	15	7	34.28	1.246	0.123	-60.87	4	42
multi-time-fram	1h	BTCUSD	7	3	55.60	1.851	0.426	23.03	1	125
ut-bot-stc-conjunction-strategy-tester-v4-8	4h	LINKUSD	6	4	24.67	1.623	0.214	-22.07	4	333
multi-time-fram	1h	SOLUSD	9	5	187.48	4.278	1.022	27.43	4	125
multi-time-fram	15m	LINKUSD	24	5	-213.71	0.262	-0.492	-259.76	2	42
multi-time-fram	1h	LINKUSD	3	2	-5.14	0.742	-0.082	46.74	2	125
aegis-arsi-adaptive-trend-system-v10-0	4h	SOLUSD	1	1	7.66	99.000	0.452	7.51	1	333
nasrul-fib-sr-m5	1h	LINKUSD	105	47	-258.48	0.704	-0.134	-337.86	1	125
multi-time-fram	4h	BTCUSD	4	2	-15.97	0.484	-0.202	-19.06	0	333
master-structural-engine	15m	BTCUSD	12	5	-89.67	0.259	-0.393	-123.79	1	42
master-structural-engine	4h	BTCUSD	39	14	-137.30	0.430	-0.194	-160.44	3	333
master-structural-engine	4h	SOLUSD	42	10	-225.86	0.226	-0.332	-254.53	2	333
master-structural-engine	15m	SOLUSD	29	8	-255.66	0.217	-0.516	-283.84	2	42
multi-time-fram	4h	SOLUSD	5	1	28.35	1.409	0.317	13.63	1	333
master-structural-engine	4h	LINKUSD	29	11	-52.49	0.625	-0.090	-79.30	3	333
joey-strategy	15m	BTCUSD	0	0	0.00	0.000	0.000	0.00	0	42
joey-strategy	1h	BTCUSD	1	0	-19.96	0.000	-1.000	-19.92	0	125
master-structural-engine	1h	BTCUSD	28	9	-88.99	0.636	-0.155	-123.91	2	125
joey-strategy	15m	SOLUSD	0	0	0.00	0.000	0.000	0.00	0	42
joey-strategy	1h	SOLUSD	1	0	-18.92	0.000	-0.957	-18.72	0	125
joey-strategy	15m	LINKUSD	0	0	0.00	0.000	0.000	0.00	0	42
joey-strategy	1h	LINKUSD	1	0	-19.90	0.000	-1.000	-19.91	0	125
master-structural-engine	15m	LINKUSD	38	12	-175.74	0.541	-0.242	-280.95	3	42
joey-strategy	4h	BTCUSD	1	0	-18.97	0.000	-0.967	-18.69	0	333
joey-strategy	4h	SOLUSD	1	1	7.93	99.000	0.434	-19.22	1	333
joey-strategy	4h	LINKUSD	1	1	8.78	99.000	0.442	8.00	1	333
multi-timeframe-trend-alignment-framework	15m	BTCUSD	7	3	-52.89	0.195	-0.394	-68.58	1	42
multi-timeframe-trend-alignment-framework	1h	BTCUSD	26	16	89.20	1.472	0.179	-9.41	5	125
multi-timeframe-trend-alignment-framework	4h	BTCUSD	22	14	94.08	1.603	0.228	80.09	5	333
multi-timeframe-trend-alignment-framework	4h	SOLUSD	20	13	154.97	2.147	0.403	221.67	5	333
multi-timeframe-trend-alignment-framework	1h	SOLUSD	29	16	-45.84	0.809	-0.072	-95.58	5	125
multi-timeframe-trend-alignment-framework	15m	SOLUSD	18	10	-28.40	0.812	-0.081	-114.02	2	42
multi-timeframe-trend-alignment-framework	4h	LINKUSD	23	11	-6.61	0.973	-0.002	-28.23	4	333
aegis-arsi-adaptive-trend-system-v10-0	4h	LINKUSD	1	0	-19.58	0.000	-1.000	-19.74	0	333
volatility-surge-strategy	1h	BTCUSD	52	26	-71.81	0.826	-0.066	-204.00	4	125
volatility-surge-strategy	15m	BTCUSD	22	13	78.77	1.491	0.185	-9.44	6	42
multi-time-fram	4h	LINKUSD	3	0	-58.51	0.000	-1.000	-58.36	0	333
multi-timeframe-trend-alignment-framework	15m	LINKUSD	23	13	-20.13	0.896	-0.036	-145.50	3	42
volatility-surge-strategy	1h	SOLUSD	39	18	-124.02	0.654	-0.168	-156.36	2	125
volatility-surge-strategy	15m	SOLUSD	47	23	23.65	1.057	0.043	-116.77	4	42
multi-timeframe-trend-alignment-framework	1h	LINKUSD	34	17	-16.12	0.949	-0.014	-109.07	5	125
volatility-surge-strategy	1h	LINKUSD	50	18	-220.47	0.550	-0.242	-261.95	2	125
volatility-surge-strategy	4h	BTCUSD	43	21	117.28	1.322	0.149	63.95	6	333
9-21ema-anji	15m	BTCUSD	10	5	27.06	1.600	0.141	-13.85	3	42
volatility-surge-strategy	15m	LINKUSD	48	19	-228.58	0.480	-0.264	-309.69	3	42
9-21ema-anji	1h	BTCUSD	33	6	-140.79	0.394	-0.233	-203.01	3	125
9-21ema-anji	4h	BTCUSD	15	7	6.34	1.165	0.023	17.49	4	333
master-structural-engine	1h	SOLUSD	35	12	-220.64	0.307	-0.356	-253.31	2	125
volatility-surge-strategy	4h	SOLUSD	22	12	-1.23	0.993	-0.018	-40.62	2	333
9-21ema-anji	15m	SOLUSD	39	9	-117.18	0.545	-0.160	-205.21	2	42
9-21ema-anji	4h	SOLUSD	21	8	62.52	1.691	0.158	-40.02	2	333
9-21ema-anji	1h	SOLUSD	38	11	-141.52	0.432	-0.204	-187.19	3	125
9-21ema-anji	4h	LINKUSD	20	6	-58.40	0.494	-0.148	-72.47	2	333
yuri-garcia-narrow-state-strategy-ygils	15m	BTCUSD	22	10	32.42	1.147	0.089	-50.50	2	42
volatility-surge-strategy	4h	LINKUSD	32	15	29.68	1.109	0.056	-13.02	5	333
9-21ema-anji	15m	LINKUSD	51	17	-189.68	0.514	-0.200	-249.98	2	42
9-21ema-anji	1h	LINKUSD	23	9	-142.00	0.401	-0.327	-196.66	2	125
yuri-garcia-narrow-state-strategy-ygils	1h	BTCUSD	32	16	-151.40	0.476	-0.255	-220.80	2	125
yuri-garcia-narrow-state-strategy-ygils	15m	SOLUSD	44	18	-250.58	0.430	-0.326	-248.17	1	42
yuri-garcia-narrow-state-strategy-ygils	4h	BTCUSD	22	8	-153.16	0.361	-0.382	-175.78	1	333
yuri-garcia-narrow-state-strategy-ygils	1h	SOLUSD	39	17	-40.11	0.897	-0.035	-22.52	1	125
yuri-garcia-narrow-state-strategy-ygils	15m	LINKUSD	53	28	-60.90	0.861	-0.050	-159.06	4	42
yuri-garcia-narrow-state-strategy-ygils	1h	LINKUSD	31	15	-82.96	0.720	-0.133	-89.47	4	125
yuri-garcia-narrow-state-strategy-ygils	4h	SOLUSD	11	4	-54.70	0.593	-0.248	-66.36	2	333
yuri-garcia-narrow-state-strategy-ygils	4h	LINKUSD	12	4	-84.84	0.454	-0.361	-133.37	1	333
master-structural-engine	1h	LINKUSD	29	12	-54.36	0.794	-0.087	-104.04	4	125
supertrend-bb-strategy	15m	BTCUSD	20	9	-117.73	0.329	-0.315	-112.83	2	42
supertrend-bb-strategy	15m	SOLUSD	59	24	-298.69	0.476	-0.300	-336.98	2	42
supertrend-bb-strategy	15m	LINKUSD	90	45	-288.94	0.614	-0.183	-408.23	2	42
supertrend-bb-strategy	1h	BTCUSD	58	24	-223.47	0.611	-0.212	-327.84	2	125
supertrend-bb-strategy	4h	BTCUSD	46	29	134.90	1.369	0.152	35.50	6	333
supertrend-bb-strategy	1h	SOLUSD	70	39	-8.48	0.985	0.001	-107.83	4	125
supertrend-bb-strategy	4h	SOLUSD	50	17	-259.60	0.483	-0.334	-276.38	1	333
supertrend-bb-strategy	1h	LINKUSD	55	26	-158.15	0.693	-0.147	-256.34	3	125
supertrend-bb-strategy	4h	LINKUSD	46	21	-53.84	0.884	-0.050	-117.63	3	333
trend-pivot-scale-in	4h	BTCUSD	21	13	109.23	1.645	0.291	114.55	3	333
trend-pivot-scale-in	15m	BTCUSD	17	13	18.60	1.238	0.058	-19.73	6	42
trend-pivot-scale-in	1h	BTCUSD	23	8	-86.62	0.695	-0.181	-131.62	3	125
trend-pivot-scale-in	4h	SOLUSD	12	6	-19.34	0.827	-0.094	-63.41	3	333
trend-pivot-scale-in	1h	SOLUSD	29	13	-68.65	0.777	-0.116	-133.65	3	125
trend-pivot-scale-in	15m	SOLUSD	28	16	-25.67	0.891	-0.040	-90.68	3	42
trend-pivot-scale-in	4h	LINKUSD	12	5	-43.24	0.685	-0.177	-77.05	2	333
trend-pivot-scale-in	1h	LINKUSD	22	11	-7.20	0.967	-0.006	-71.14	3	125
engulfing-mitigation-strategy	4h	BTCUSD	274	105	-215.68	0.861	-0.039	-447.58	4	333
engulfing-mitigation-strategy	4h	SOLUSD	221	95	23.95	1.016	0.018	-225.09	4	333
engulfing-mitigation-strategy	15m	BTCUSD	127	50	-234.19	0.705	-0.099	-449.75	2	42
engulfing-mitigation-strategy	1h	BTCUSD	345	129	-580.39	0.661	-0.124	-796.70	1	125
engulfing-mitigation-strategy	4h	LINKUSD	193	84	-215.28	0.822	-0.055	-367.33	2	333
trend-pivot-scale-in	15m	LINKUSD	32	12	-217.90	0.341	-0.378	-250.37	2	42
engulfing-mitigation-strategy	1h	SOLUSD	312	123	-469.86	0.730	-0.096	-663.32	1	125
engulfing-mitigation-strategy	15m	SOLUSD	311	114	-717.10	0.506	-0.207	-842.77	0	42
engulfing-mitigation-strategy	1h	LINKUSD	257	107	-602.91	0.600	-0.173	-741.01	1	125
engulfing-mitigation-strategy	15m	LINKUSD	252	95	-720.94	0.537	-0.247	-830.66	0	42
vumanchu-wt-zero-cross-strategy-v1-2-3	15m	BTCUSD	38	15	-187.94	0.430	-0.272	-293.04	2	42
vumanchu-wt-zero-cross-strategy-v1-2-3	15m	SOLUSD	101	42	-314.05	0.657	-0.178	-453.23	2	42
vumanchu-wt-zero-cross-strategy-v1-2-3	15m	LINKUSD	130	61	-323.93	0.676	-0.140	-474.66	2	42
vumanchu-wt-zero-cross-strategy-v1-2-3	1h	BTCUSD	90	46	-203.23	0.710	-0.120	-303.04	0	125
tjr-v4-strategy	1h	BTCUSD	254	121	-114.45	0.939	-0.014	-610.38	4	125
vumanchu-wt-zero-cross-strategy-v1-2-3	1h	SOLUSD	100	50	-194.12	0.751	-0.103	-346.35	3	125
vumanchu-wt-zero-cross-strategy-v1-2-3	1h	LINKUSD	102	50	-133.20	0.860	-0.058	-315.99	5	125
vumanchu-wt-zero-cross-strategy-v1-2-3	4h	BTCUSD	79	36	-267.82	0.608	-0.192	-341.09	4	333
vumanchu-wt-zero-cross-strategy-v1-2-2	15m	BTCUSD	52	18	-266.30	0.359	-0.298	-363.49	2	42
vumanchu-wt-zero-cross-strategy-v1-2-3	4h	SOLUSD	74	35	-70.24	0.892	-0.050	-160.98	4	333
vumanchu-wt-zero-cross-strategy-v1-2-2	1h	BTCUSD	114	58	-139.85	0.830	-0.061	-328.54	3	125
vumanchu-wt-zero-cross-strategy-v1-2-2	15m	SOLUSD	136	52	-428.79	0.598	-0.204	-583.20	2	42
vumanchu-wt-zero-cross-strategy-v1-2-2	1h	SOLUSD	138	57	-399.37	0.591	-0.184	-531.87	3	125
vumanchu-wt-zero-cross-strategy-v1-2-3	4h	LINKUSD	80	32	-356.37	0.493	-0.271	-410.81	0	333
vumanchu-wt-zero-cross-strategy-v1-2-2	1h	LINKUSD	140	56	-430.06	0.632	-0.191	-556.19	2	125
vumanchu-wt-zero-cross-strategy-v1-2-2	4h	BTCUSD	101	44	-302.01	0.620	-0.177	-381.47	2	333
vumanchu-wt-zero-cross-strategy-v1-2-2	15m	LINKUSD	165	68	-483.74	0.595	-0.190	-605.60	1	42
vumanchu-wt-zero-cross-strategy-v1-2-2	4h	SOLUSD	110	42	-267.81	0.670	-0.149	-363.88	3	333
vumanchu-wt-zero-cross-strategy-v1-2-2	4h	LINKUSD	114	42	-424.10	0.500	-0.238	-492.87	0	333
bb-macd-v6-1-5-qing-smart-distribution	1h	BTCUSD	125	32	-299.13	0.557	-0.136	-503.54	2	125
bb-macd-v6-1-5-qing-smart-distribution	15m	BTCUSD	54	18	-71.75	0.760	-0.066	-211.79	3	42
tjr-v4-strategy	15m	BTCUSD	50	22	-273.66	0.373	-0.320	-314.22	2	42
bb-macd-v6-1-5-qing-smart-distribution	1h	SOLUSD	142	41	-200.90	0.750	-0.071	-371.95	2	125
bb-macd-v6-1-5-qing-smart-distribution	1h	LINKUSD	119	42	-144.85	0.824	-0.055	-324.50	3	125
vumanchu-wt-zero-cross-v1-1b	1h	BTCUSD	141	51	-234.17	0.682	-0.093	-471.96	1	125
vumanchu-wt-zero-cross-v1-1b	15m	BTCUSD	66	16	-293.52	0.275	-0.265	-400.58	2	42
bb-macd-v6-1-5-qing-smart-distribution	4h	BTCUSD	98	32	-162.09	0.664	-0.090	-285.93	4	333
bb-macd-v6-1-5-qing-smart-distribution	4h	SOLUSD	73	24	-90.92	0.781	-0.076	-156.67	4	333
bb-macd-v6-1-5-qing-smart-distribution	15m	SOLUSD	119	36	-285.86	0.660	-0.138	-464.32	1	42
bb-macd-v6-1-5-qing-smart-distribution	4h	LINKUSD	76	32	78.95	1.189	0.057	-62.22	3	333
bb-macd-v6-1-5-qing-smart-distribution	15m	LINKUSD	107	32	-302.92	0.655	-0.159	-433.05	3	42
vumanchu-wt-zero-cross-v1-1b	15m	SOLUSD	169	55	-341.28	0.659	-0.120	-562.97	2	42
vumanchu-wt-zero-cross-v1-1b	1h	SOLUSD	172	51	-484.09	0.457	-0.193	-611.71	1	125
vumanchu-wt-zero-cross-v1-1b	1h	LINKUSD	181	57	-499.49	0.521	-0.185	-614.64	1	125
vumanchu-wt-zero-cross-v1-1b	15m	LINKUSD	207	74	-517.54	0.542	-0.170	-648.48	1	42
tjr-v4-strategy	1h	SOLUSD	305	122	-592.66	0.703	-0.148	-767.34	0	125
trade-strategy-v8-4-pine-v6-ready	15m	BTCUSD	0	0	0.00	0.000	0.000	0.00	0	42
tjr-v4-strategy	4h	BTCUSD	624	201	-465.93	0.780	-0.049	-744.80	4	333
trade-strategy-v8-4-pine-v6-ready	1h	BTCUSD	1	1	4.68	99.000	0.235	12.90	1	125
trade-strategy-v8-4-pine-v6-ready	15m	SOLUSD	0	0	0.00	0.000	0.000	0.00	0	42
trade-strategy-v8-4-pine-v6-ready	1h	SOLUSD	1	0	-19.49	0.000	-1.000	-18.91	0	125
trade-strategy-v8-4-pine-v6-ready	15m	LINKUSD	1	0	-18.35	0.000	-0.920	-18.66	0	42
trade-strategy-v8-4-pine-v6-ready	1h	LINKUSD	1	1	33.11	99.000	1.663	28.12	1	125
vishall-ema-9-20-50-200-dmi-adx-strategy	15m	BTCUSD	51	15	-98.16	0.630	-0.099	-151.53	1	42
vishall-ema-9-20-50-200-dmi-adx-strategy	1h	BTCUSD	67	20	-59.98	0.851	-0.033	-226.03	2	125
vishall-ema-9-20-50-200-dmi-adx-strategy	1h	SOLUSD	64	25	-28.22	0.924	-0.021	-106.25	2	125
trade-strategy-v8-4-pine-v6-ready	4h	BTCUSD	1	1	20.44	99.000	1.028	17.19	1	333
vishall-ema-9-20-50-200-dmi-adx-strategy	1h	LINKUSD	6	1	-72.21	0.100	-0.625	-74.15	0	125
vishall-ema-9-20-50-200-dmi-adx-strategy	15m	SOLUSD	78	25	-88.44	0.851	-0.053	-263.85	2	42
vishall-ema-9-20-50-200-dmi-adx-strategy	4h	BTCUSD	34	14	-21.98	0.896	-0.025	-59.04	2	333
vishall-ema-9-20-50-200-dmi-adx-strategy	4h	SOLUSD	30	9	-32.82	0.830	-0.058	-58.18	2	333
trade-strategy-v8-4-pine-v6-ready	4h	SOLUSD	1	1	7.77	99.000	0.462	7.64	1	333
vishall-ema-9-20-50-200-dmi-adx-strategy	15m	LINKUSD	5	2	-37.96	0.333	-0.381	-42.78	0	42
vishall-ema-9-20-50-200-dmi-adx-strategy	4h	LINKUSD	9	2	-98.21	0.223	-0.571	-100.24	0	333
trade-strategy-v8-4-pine-v6-ready	4h	LINKUSD	1	1	49.48	99.000	2.550	23.04	1	333
rklb-5m-orb-i3-vwap-long	4h	BTCUSD	0	0	0.00	0.000	0.000	0.00	0	333
rklb-5m-orb-i3-vwap-long	4h	SOLUSD	0	0	0.00	0.000	0.000	0.00	0	333
rklb-5m-orb-i3-vwap-long	4h	LINKUSD	0	0	0.00	0.000	0.000	0.00	0	333
tjr-v4-strategy	15m	SOLUSD	132	57	-444.73	0.600	-0.218	-506.51	2	42
tjr-v4-strategy	1h	LINKUSD	335	123	-775.67	0.579	-0.216	-811.67	0	125
obs-volume-spike-reaction-fade	15m	BTCUSD	25	7	-115.50	0.361	-0.244	-182.22	1	42
obs-volume-spike-reaction-fade	1h	BTCUSD	35	11	-118.98	0.504	-0.184	-182.03	0	125
obs-volume-spike-reaction-fade	4h	BTCUSD	6	2	-23.93	0.407	-0.198	-27.58	1	333
tjr-v4-strategy	4h	SOLUSD	664	217	-404.89	0.842	-0.037	-653.82	3	333
mes-orb-v6-santi	15m	BTCUSD	16	10	-19.60	0.824	-0.058	-67.85	2	42
tjr-v4-strategy	15m	LINKUSD	151	65	-320.86	0.801	-0.114	-519.40	4	42
velocity-breakout-strategy-vbs	1h	BTCUSD	88	35	-87.38	0.860	-0.043	-286.03	2	125
nas100-ema-scalper	15m	BTCUSD	1	1	3.73	99.000	0.189	19.70	1	42
velocity-breakout-strategy-vbs	4h	BTCUSD	62	28	-52.36	0.884	-0.039	-156.44	2	333
nas100-ema-scalper	15m	SOLUSD	12	6	-22.35	0.802	-0.087	-52.37	2	42
nas100-ema-scalper	15m	LINKUSD	8	6	-8.41	0.784	-0.050	59.30	4	42
nas100-ema-scalper	1h	BTCUSD	8	4	-48.41	0.382	-0.309	-56.74	2	125
velocity-breakout-strategy-vbs	1h	SOLUSD	93	42	28.47	1.042	0.028	-204.89	4	125
velocity-breakout-strategy-vbs	4h	SOLUSD	65	27	19.89	1.042	0.023	-21.76	3	333
velocity-breakout-strategy-vbs	15m	BTCUSD	23	9	-143.55	0.260	-0.336	-197.53	0	42
nas100-ema-scalper	1h	SOLUSD	9	3	-42.64	0.622	-0.234	-61.27	3	125
nas100-ema-scalper	1h	LINKUSD	8	3	-63.55	0.350	-0.403	-70.07	2	125
nas100-ema-scalper	4h	BTCUSD	6	4	58.66	2.475	0.485	26.73	4	333
nifty-supertrend-ce-strategy-alice-blue	15m	BTCUSD	21	10	-132.13	0.266	-0.340	-140.22	2	42
velocity-breakout-strategy-vbs	4h	LINKUSD	55	25	-108.96	0.759	-0.096	-144.34	3	333
nifty-supertrend-ce-strategy-alice-blue	15m	SOLUSD	61	22	-349.01	0.424	-0.356	-409.49	1	42
nas100-ema-scalper	4h	SOLUSD	6	5	48.63	3.365	0.444	3.48	5	333
nifty-supertrend-ce-strategy-alice-blue	1h	BTCUSD	66	28	-239.24	0.617	-0.200	-310.26	0	125
nifty-supertrend-ce-strategy-alice-blue	15m	LINKUSD	101	51	-175.77	0.796	-0.083	-371.22	3	42
nifty-supertrend-ce-strategy-alice-blue	1h	SOLUSD	74	39	-79.70	0.870	-0.050	-184.06	4	125
mes-orb-v6-santi	15m	SOLUSD	7	2	-60.36	0.361	-0.446	-66.02	2	42
nifty-supertrend-ce-strategy-alice-blue	4h	BTCUSD	51	30	42.14	1.098	0.050	-26.25	5	333
nifty-supertrend-ce-strategy-alice-blue	1h	LINKUSD	70	38	-38.83	0.935	-0.019	-187.46	4	125
nas100-ema-scalper	4h	LINKUSD	6	3	-21.88	0.630	-0.179	-25.66	3	333
nifty-supertrend-ce-strategy-alice-blue	4h	SOLUSD	52	18	-200.52	0.610	-0.251	-234.61	2	333
velocity-breakout-strategy-vbs	1h	LINKUSD	88	41	-187.95	0.747	-0.108	-369.13	2	125
nifty-supertrend-ce-strategy-alice-blue	4h	LINKUSD	49	21	-153.54	0.687	-0.161	-218.52	3	333
china-a-share-long-trend-resonance-system-clr-system	1h	BTCUSD	0	0	0.00	0.000	0.000	0.00	0	125
china-a-share-long-trend-resonance-system-clr-system	15m	BTCUSD	0	0	0.00	0.000	0.000	0.00	0	42
china-a-share-long-trend-resonance-system-clr-system	4h	BTCUSD	1	0	-18.99	0.000	-1.000	-18.47	0	333
china-a-share-long-trend-resonance-system-clr-system	1h	SOLUSD	1	1	31.84	99.000	1.698	28.06	1	125
velocity-breakout-strategy-vbs	15m	SOLUSD	75	33	-187.97	0.672	-0.134	-329.80	2	42
ultimate-pattern-engine-ema-stochastic-by-rony	1h	BTCUSD	387	148	-595.27	0.682	-0.113	-796.02	2	125
ultimate-pattern-engine-ema-stochastic-by-rony	15m	BTCUSD	161	74	-218.42	0.818	-0.072	-436.08	2	42
ultimate-pattern-engine-ema-stochastic-by-rony	1h	SOLUSD	385	135	-477.73	0.778	-0.082	-657.36	3	125
china-a-share-long-trend-resonance-system-clr-system	15m	SOLUSD	0	0	0.00	0.000	0.000	0.00	0	42
ultimate-pattern-engine-ema-stochastic-by-rony	1h	LINKUSD	400	171	-603.58	0.705	-0.108	-814.48	1	125
china-a-share-long-trend-resonance-system-clr-system	1h	LINKUSD	1	1	21.30	99.000	1.069	16.85	1	125
china-a-share-long-trend-resonance-system-clr-system	4h	SOLUSD	1	0	-18.03	0.000	-1.000	-18.96	0	333
ultimate-pattern-engine-ema-stochastic-by-rony	4h	BTCUSD	271	91	-472.91	0.730	-0.114	-583.64	3	333
ultimate-pattern-engine-ema-stochastic-by-rony	4h	SOLUSD	314	120	-103.57	0.945	-0.008	-387.27	3	333
ultimate-pattern-engine-ema-stochastic-by-rony	4h	LINKUSD	275	115	-242.62	0.854	-0.044	-400.92	3	333
ultimate-pattern-engine-ema-stochastic-by-rony	15m	SOLUSD	464	182	-601.79	0.764	-0.097	-854.83	1	42
china-a-share-long-trend-resonance-system-clr-system	15m	LINKUSD	0	0	0.00	0.000	0.000	0.00	0	42
china-a-share-long-trend-resonance-system-clr-system	4h	LINKUSD	1	0	-19.96	0.000	-1.000	-19.71	0	333
fair-value-gap-continuation-framework	15m	BTCUSD	104	43	-372.10	0.565	-0.219	-490.43	2	42
ultimate-pattern-engine-ema-stochastic-by-rony	15m	LINKUSD	621	264	-661.97	0.810	-0.080	-935.55	2	42
fair-value-gap-continuation-framework	15m	SOLUSD	237	110	-491.61	0.697	-0.139	-694.77	2	42
fair-value-gap-continuation-framework	15m	LINKUSD	355	134	-830.18	0.533	-0.242	-918.88	0	42
fair-value-gap-continuation-framework	1h	BTCUSD	221	102	-441.35	0.707	-0.126	-681.23	3	125
fair-value-gap-continuation-framework	4h	BTCUSD	150	74	-199.17	0.850	-0.067	-367.93	4	333
fair-value-gap-continuation-framework	4h	SOLUSD	173	73	-287.86	0.806	-0.095	-368.21	2	333
fair-value-gap-continuation-framework	1h	SOLUSD	263	111	-519.28	0.724	-0.137	-673.17	0	125
fair-value-gap-continuation-framework	4h	LINKUSD	170	76	-151.73	0.900	-0.039	-334.60	4	333
fair-value-gap-continuation-framework	1h	LINKUSD	298	132	-538.23	0.700	-0.122	-734.17	2	125
velocity-breakout-strategy-vbs	15m	LINKUSD	91	43	-260.23	0.634	-0.157	-417.62	1	42
zach-s-quantum-harmonic-oscillator	4h	BTCUSD	27	15	106.31	1.461	0.213	35.52	4	333
zach-s-quantum-harmonic-oscillator	1h	BTCUSD	23	10	-74.62	0.681	-0.163	-113.20	2	125
zach-s-quantum-harmonic-oscillator	15m	BTCUSD	13	6	-58.67	0.564	-0.226	-77.53	3	42
zach-s-quantum-harmonic-oscillator	4h	SOLUSD	26	15	-7.10	0.964	-0.026	-57.69	2	333
zach-s-quantum-harmonic-oscillator	1h	SOLUSD	25	12	-86.30	0.642	-0.179	-121.37	3	125
pm-range-breakout-retest-fade-tv-strategies	1h	BTCUSD	68	30	-183.85	0.657	-0.144	-316.50	1	125
zach-s-quantum-harmonic-oscillator	15m	SOLUSD	20	13	64.50	1.433	0.166	23.04	5	42
zach-s-quantum-harmonic-oscillator	4h	LINKUSD	23	12	25.01	1.104	0.068	-28.24	3	333
pm-range-breakout-retest-fade-tv-strategies	4h	BTCUSD	119	52	-369.24	0.595	-0.196	-447.72	2	333
zach-s-quantum-harmonic-oscillator	1h	LINKUSD	25	14	26.95	1.125	0.065	-29.84	3	125
pm-range-breakout-retest-fade-tv-strategies	15m	BTCUSD	9	3	0.75	1.007	0.028	-23.22	1	42
pm-range-breakout-retest-fade-tv-strategies	1h	SOLUSD	39	19	-64.31	0.805	-0.076	-215.59	4	125
pm-range-breakout-retest-fade-tv-strategies	4h	SOLUSD	91	35	-367.96	0.551	-0.261	-382.83	0	333
zach-s-quantum-harmonic-oscillator	15m	LINKUSD	20	9	27.42	1.125	0.089	-32.34	5	42
pm-range-breakout-retest-fade-tv-strategies	4h	LINKUSD	78	28	-374.91	0.485	-0.297	-360.35	0	333
pm-range-breakout-retest-fade-tv-strategies	1h	LINKUSD	37	15	-79.68	0.785	-0.095	-124.85	3	125
tjr-v4-strategy	4h	LINKUSD	664	231	-514.99	0.811	-0.050	-752.56	2	333
pm-range-breakout-retest-fade-tv-strategies	15m	SOLUSD	16	6	-24.11	0.868	-0.054	-42.61	3	42
orb-fib-breakout-signals-strategy	15m	BTCUSD	32	12	-172.37	0.406	-0.292	-225.99	1	42
rsi-exact-divergence-strategy-extreme-zones	1h	BTCUSD	28	10	-186.96	0.322	-0.369	-158.83	4	125
rsi-exact-divergence-strategy-extreme-zones	15m	BTCUSD	13	5	-60.72	0.604	-0.233	-84.45	2	42
rsi-exact-divergence-strategy-extreme-zones	1h	SOLUSD	20	5	-180.31	0.238	-0.517	-173.28	2	125
pm-range-breakout-retest-fade-tv-strategies	15m	LINKUSD	13	4	-85.29	0.408	-0.335	-108.67	0	42
rsi-exact-divergence-strategy-extreme-zones	15m	SOLUSD	18	10	-42.78	0.723	-0.121	-66.94	2	42
rsi-exact-divergence-strategy-extreme-zones	1h	LINKUSD	29	9	-196.28	0.392	-0.370	-194.20	3	125
rsi-exact-divergence-strategy-extreme-zones	4h	BTCUSD	17	7	-59.76	0.641	-0.176	-71.29	3	333
surgical-sweep-original-restored	1h	BTCUSD	49	20	-248.31	0.389	-0.287	-327.53	2	125
surgical-sweep-original-restored	1h	SOLUSD	38	17	-99.76	0.651	-0.137	-113.09	2	125
surgical-sweep-original-restored	15m	BTCUSD	21	6	-145.78	0.302	-0.374	-200.49	1	42
rsi-exact-divergence-strategy-extreme-zones	15m	LINKUSD	17	8	-82.95	0.524	-0.248	-166.36	3	42
surgical-sweep-original-restored	1h	LINKUSD	51	20	-176.52	0.620	-0.182	-211.60	3	125
rsi-exact-divergence-strategy-extreme-zones	4h	SOLUSD	15	5	-69.76	0.559	-0.253	-91.95	1	333
surgical-sweep-original-restored	4h	BTCUSD	23	10	-13.26	0.928	-0.028	-91.06	5	333
surgical-sweep-original-restored	4h	SOLUSD	32	12	-163.31	0.445	-0.285	-194.08	2	333
qqe-channel-strategy	15m	BTCUSD	47	22	-156.02	0.572	-0.177	-182.22	3	42
surgical-sweep-original-restored	4h	LINKUSD	31	16	-11.97	0.949	-0.012	-27.14	2	333
surgical-sweep-original-restored	15m	SOLUSD	58	24	-217.36	0.542	-0.214	-253.17	1	42
qqe-channel-strategy	1h	BTCUSD	121	60	-206.43	0.766	-0.088	-389.75	1	125
qqe-channel-strategy	15m	SOLUSD	152	64	-463.36	0.620	-0.201	-614.26	1	42
qqe-channel-strategy	1h	SOLUSD	142	63	-371.93	0.627	-0.157	-487.16	3	125
orb-fib-breakout-signals-strategy	15m	SOLUSD	46	17	-200.80	0.548	-0.245	-252.28	1	42
qqe-channel-strategy	15m	LINKUSD	182	78	-481.24	0.636	-0.169	-650.58	3	42
surgical-sweep-original-restored	15m	LINKUSD	52	22	-122.13	0.738	-0.117	-242.97	4	42
rsi-exact-divergence-strategy-extreme-zones	4h	LINKUSD	15	11	132.21	3.066	0.427	110.46	5	333
qqe-channel-strategy	4h	BTCUSD	96	46	-227.96	0.698	-0.131	-303.98	4	333
qqe-channel-strategy	1h	LINKUSD	160	65	-481.11	0.601	-0.195	-639.39	1	125
qqe-channel-strategy	4h	SOLUSD	99	53	76.86	1.100	0.056	3.04	3	333
swing-trend-strategy-pro-sideways-filtered-nifty-500	15m	BTCUSD	7	3	-40.61	0.438	-0.297	-62.08	1	42
swing-trend-strategy-pro-sideways-filtered-nifty-500	15m	SOLUSD	13	5	-55.04	0.572	-0.210	-62.42	2	42
qqe-channel-strategy	4h	LINKUSD	96	41	-233.18	0.724	-0.130	-283.77	2	333
btcusdt-p-grid-bot-long-strategy	4h	BTCUSD	124	62	-340.82	0.635	-0.170	-405.31	2	333
swing-trend-strategy-pro-sideways-filtered-nifty-500	15m	LINKUSD	22	7	-192.14	0.144	-0.481	-190.47	0	42
swing-trend-strategy-pro-sideways-filtered-nifty-500	1h	BTCUSD	15	8	32.36	1.344	0.115	-10.84	5	125
btcusdt-p-grid-bot-long-strategy	15m	BTCUSD	27	15	-36.33	0.840	-0.062	-81.77	3	42
swing-trend-strategy-pro-sideways-filtered-nifty-500	4h	BTCUSD	10	4	-31.87	0.669	-0.165	-66.21	2	333
swing-trend-strategy-pro-sideways-filtered-nifty-500	1h	SOLUSD	8	4	-2.79	0.964	-0.005	-24.32	2	125
swing-trend-strategy-pro-sideways-filtered-nifty-500	4h	SOLUSD	6	2	-31.36	0.563	-0.276	-32.08	1	333
swing-trend-strategy-pro-sideways-filtered-nifty-500	4h	LINKUSD	4	1	-49.47	0.142	-0.629	-49.94	0	333
swing-trend-strategy-pro-sideways-filtered-nifty-500	1h	LINKUSD	11	3	-108.32	0.273	-0.514	-115.54	2	125
egan-s-pure-structure-s-d-strategy-backtest	1h	BTCUSD	177	81	-331.54	0.788	-0.105	-508.87	2	125
btcusdt-p-grid-bot-long-strategy	1h	BTCUSD	116	53	-335.72	0.660	-0.167	-406.18	2	125
egan-s-pure-structure-s-d-strategy-backtest	15m	BTCUSD	108	52	-196.16	0.813	-0.091	-348.22	2	42
egan-s-pure-structure-s-d-strategy-backtest	4h	BTCUSD	117	47	-262.78	0.774	-0.120	-369.52	4	333
egan-s-pure-structure-s-d-strategy-backtest	1h	SOLUSD	225	107	-281.74	0.860	-0.064	-493.89	2	125
egan-s-pure-structure-s-d-strategy-backtest	4h	SOLUSD	131	65	81.37	1.063	0.041	-41.80	5	333
ut-bot-v2-atr-trailing-stop	15m	BTCUSD	157	52	-498.71	0.525	-0.216	-696.92	0	42
egan-s-pure-structure-s-d-strategy-backtest	4h	LINKUSD	156	77	-43.74	0.969	-0.004	-169.23	5	333
egan-s-pure-structure-s-d-strategy-backtest	1h	LINKUSD	251	110	-509.78	0.728	-0.131	-671.75	2	125
egan-s-pure-structure-s-d-strategy-backtest	15m	SOLUSD	244	116	-392.86	0.802	-0.096	-630.72	2	42
ut-bot-v2-atr-trailing-stop	15m	SOLUSD	430	131	-895.57	0.549	-0.279	-943.85	2	42
ut-bot-v2-atr-trailing-stop	4h	BTCUSD	242	96	-564.87	0.632	-0.174	-673.05	2	333
ut-bot-v2-atr-trailing-stop	1h	BTCUSD	334	114	-821.31	0.445	-0.262	-909.39	0	125
ut-bot-v2-atr-trailing-stop	4h	SOLUSD	267	104	-478.73	0.704	-0.124	-569.72	3	333
ut-bot-v2-atr-trailing-stop	15m	LINKUSD	632	203	-959.32	0.484	-0.251	-980.18	0	42
ut-bot-v2-atr-trailing-stop	1h	SOLUSD	362	134	-740.98	0.604	-0.193	-840.22	1	125
ut-bot-v2-atr-trailing-stop	4h	LINKUSD	256	95	-608.74	0.598	-0.176	-698.11	2	333
orb-fib-breakout-signals-strategy	15m	LINKUSD	58	25	-151.55	0.731	-0.130	-273.15	4	42
ut-bot-v2-atr-trailing-stop	1h	LINKUSD	461	161	-843.31	0.607	-0.194	-925.20	0	125
egan-s-pure-structure-s-d-strategy-backtest	15m	LINKUSD	313	155	-378.19	0.854	-0.066	-735.46	3	42
europon-reversal-fx-rush-ver2-strategy	1h	BTCUSD	404	103	-641.20	0.431	-0.128	-851.20	0	125
sma-4-sma-30	1h	BTCUSD	125	55	-328.41	0.661	-0.151	-489.07	1	125
sma-4-sma-30	1h	SOLUSD	148	73	-26.31	0.975	-0.003	-254.45	5	125
sma-4-sma-30	15m	BTCUSD	52	19	-321.74	0.278	-0.376	-349.11	3	42
sma-4-sma-30	1h	LINKUSD	176	65	-572.62	0.534	-0.233	-657.52	1	125
sma-4-sma-30	4h	BTCUSD	101	51	-176.16	0.751	-0.097	-278.07	3	333
sma-4-sma-30	4h	SOLUSD	115	52	-125.12	0.844	-0.043	-218.41	2	333
sma-4-sma-30	4h	LINKUSD	114	47	-212.51	0.759	-0.097	-307.54	3	333
sma-4-sma-30	15m	SOLUSD	174	61	-572.90	0.491	-0.244	-709.60	0	42
europon-reversal-fx-rush-ver2-strategy	1h	SOLUSD	502	199	-585.96	0.543	-0.090	-819.14	0	125
smart-trend-strategy-julzalgo	15m	BTCUSD	26	12	-126.52	0.524	-0.254	-159.63	1	42
sma-4-sma-30	15m	LINKUSD	187	78	-455.30	0.636	-0.152	-653.91	3	42
europon-reversal-fx-rush-ver2-strategy	1h	LINKUSD	472	252	-506.71	0.716	-0.073	-793.69	0	125
smart-trend-strategy-julzalgo	4h	BTCUSD	46	20	-101.17	0.794	-0.106	-206.47	2	333
smart-trend-strategy-julzalgo	1h	BTCUSD	70	35	-119.48	0.815	-0.079	-290.36	3	125
smart-trend-strategy-julzalgo	15m	SOLUSD	78	33	-289.52	0.610	-0.215	-348.46	2	42
institutional-ob-entry-exit-sl-strategy	15m	BTCUSD	25	9	-147.35	0.350	-0.322	-124.67	1	42
institutional-ob-entry-exit-sl-strategy	1h	BTCUSD	46	18	-146.29	0.698	-0.167	-228.92	3	125
institutional-ob-entry-exit-sl-strategy	15m	SOLUSD	52	19	-342.36	0.305	-0.410	-369.96	0	42
smart-trend-strategy-julzalgo	4h	SOLUSD	51	21	-90.03	0.832	-0.085	-141.65	3	333
institutional-ob-entry-exit-sl-strategy	1h	SOLUSD	57	28	-108.26	0.771	-0.089	-175.59	3	125
institutional-ob-entry-exit-sl-strategy	4h	BTCUSD	33	10	-236.22	0.363	-0.415	-249.41	0	333
smart-trend-strategy-julzalgo	15m	LINKUSD	91	40	-235.13	0.756	-0.133	-412.69	2	42
institutional-ob-entry-exit-sl-strategy	15m	LINKUSD	53	23	-147.24	0.721	-0.141	-249.39	2	42
dca-grid-15-orders-1-1-step-1-8-tp	15m	BTCUSD	40	24	96.97	1.287	0.128	27.46	4	42
institutional-ob-entry-exit-sl-strategy	4h	SOLUSD	35	15	-58.57	0.837	-0.074	-109.34	3	333
institutional-ob-entry-exit-sl-strategy	1h	LINKUSD	44	23	-23.17	0.943	-0.018	-101.31	5	125
dca-grid-15-orders-1-1-step-1-8-tp	1h	BTCUSD	50	23	-157.59	0.664	-0.161	-249.19	2	125
dca-grid-15-orders-1-1-step-1-8-tp	15m	SOLUSD	112	63	-6.85	0.993	0.002	-167.67	3	42
dca-grid-15-orders-1-1-step-1-8-tp	4h	BTCUSD	29	8	-275.94	0.183	-0.584	-275.02	0	333
dca-grid-15-orders-1-1-step-1-8-tp	1h	SOLUSD	142	81	68.40	1.062	0.034	-120.19	2	125
dca-grid-15-orders-1-1-step-1-8-tp	4h	SOLUSD	105	58	-235.80	0.645	-0.141	-271.68	1	333
institutional-ob-entry-exit-sl-strategy	4h	LINKUSD	27	14	19.57	1.085	0.045	19.65	4	333
dca-grid-15-orders-1-1-step-1-8-tp	1h	LINKUSD	184	94	-127.42	0.923	-0.027	-377.04	2	125
dca-grid-15-orders-1-1-step-1-8-tp	15m	LINKUSD	116	58	-137.04	0.878	-0.053	-366.32	2	42
dca-grid-15-orders-1-1-step-1-8-tp	4h	LINKUSD	109	58	-293.47	0.642	-0.155	-328.96	1	333
supertrend-strategy	4h	BTCUSD	52	31	49.98	1.116	0.056	-44.35	5	333
supertrend-strategy	1h	BTCUSD	69	28	-279.96	0.567	-0.232	-354.01	0	125
supertrend-strategy	15m	BTCUSD	25	11	-166.06	0.236	-0.364	-199.86	2	42
smart-trend-strategy-julzalgo	1h	SOLUSD	72	41	46.28	1.079	0.045	-135.71	4	125
supertrend-strategy	4h	SOLUSD	52	18	-200.52	0.610	-0.251	-234.61	2	333
supertrend-strategy	1h	SOLUSD	77	39	-129.18	0.800	-0.085	-230.62	4	125
supertrend-strategy	4h	LINKUSD	49	21	-153.54	0.687	-0.161	-218.52	3	333
supertrend-strategy	15m	SOLUSD	65	24	-364.51	0.422	-0.351	-428.32	1	42
alphamojo-supertrend-strategy-ha-with-buffer	1h	BTCUSD	35	21	70.34	1.258	0.114	-177.77	5	125
supertrend-strategy	15m	LINKUSD	112	53	-288.64	0.685	-0.140	-444.43	3	42
supertrend-strategy	1h	LINKUSD	74	39	-86.52	0.862	-0.052	-251.42	3	125
alphamojo-supertrend-strategy-ha-with-buffer	4h	BTCUSD	20	9	-80.42	0.605	-0.201	-92.74	2	333
alphamojo-supertrend-strategy-ha-with-buffer	15m	BTCUSD	14	4	-132.54	0.261	-0.504	-142.04	1	42
macd-crossover-strategy	1h	BTCUSD	209	83	-550.47	0.551	-0.191	-724.13	2	125
macd-crossover-strategy	15m	BTCUSD	100	39	-286.59	0.618	-0.163	-455.19	1	42
alphamojo-supertrend-strategy-ha-with-buffer	4h	SOLUSD	29	12	-109.07	0.636	-0.205	-133.40	2	333
alphamojo-supertrend-strategy-ha-with-buffer	1h	SOLUSD	42	19	-141.27	0.672	-0.170	-200.82	2	125
alphamojo-supertrend-strategy-ha-with-buffer	4h	LINKUSD	29	13	-83.91	0.719	-0.140	-99.92	3	333
macd-crossover-strategy	1h	SOLUSD	225	92	-441.99	0.695	-0.123	-616.60	2	125
macd-crossover-strategy	15m	SOLUSD	254	93	-699.58	0.515	-0.240	-833.64	0	42
macd-crossover-strategy	4h	BTCUSD	144	73	30.00	1.028	0.019	-199.16	4	333
alphamojo-supertrend-strategy-ha-with-buffer	1h	LINKUSD	48	20	-183.09	0.624	-0.201	-229.19	2	125
alphamojo-supertrend-strategy-ha-with-buffer	15m	SOLUSD	28	14	-76.84	0.701	-0.136	-133.06	3	42
macd-crossover-strategy	4h	SOLUSD	159	78	-176.36	0.834	-0.060	-207.04	3	333
macd-crossover-strategy	1h	LINKUSD	265	97	-697.11	0.542	-0.217	-836.03	0	125
macd-crossover-strategy	15m	LINKUSD	291	117	-608.01	0.650	-0.150	-822.59	2	42
macd-crossover-strategy	4h	LINKUSD	164	69	-204.92	0.857	-0.060	-372.22	2	333
smart-trend-strategy-julzalgo	4h	LINKUSD	45	25	55.47	1.135	0.071	-64.00	5	333
expma-analysis	15m	BTCUSD	20	8	-77.58	0.471	-0.203	-134.57	1	42
alphamojo-supertrend-strategy-ha-with-buffer	15m	LINKUSD	45	16	-224.56	0.558	-0.269	-279.41	3	42
expma-analysis	15m	SOLUSD	31	9	-225.69	0.257	-0.420	-265.37	2	42
expma-analysis	1h	BTCUSD	37	16	-104.05	0.599	-0.144	-190.68	3	125
expma-analysis	4h	BTCUSD	31	9	-170.60	0.359	-0.315	-178.54	1	333
expma-analysis	15m	LINKUSD	32	11	-74.55	0.730	-0.110	-168.31	2	42
expma-analysis	4h	SOLUSD	26	8	-94.59	0.492	-0.204	-116.79	2	333
expma-analysis	1h	SOLUSD	51	14	-283.84	0.339	-0.338	-327.80	2	125
expma-analysis	4h	LINKUSD	20	9	-41.07	0.688	-0.102	-64.76	3	333
smart-trend-strategy-julzalgo	1h	LINKUSD	75	29	-217.59	0.721	-0.147	-294.59	3	125
expma-analysis	1h	LINKUSD	32	16	81.12	1.377	0.138	4.15	3	125
session-king-alma-with-session-filter	4h	BTCUSD	0	0	0.00	0.000	0.000	0.00	0	333
session-king-alma-with-session-filter	1h	BTCUSD	0	0	0.00	0.000	0.000	0.00	0	125
scalping-london-new-york-strategy	15m	BTCUSD	235	81	-388.93	0.653	-0.101	-654.65	2	42
session-king-alma-with-session-filter	15m	BTCUSD	33	19	-38.30	0.851	-0.052	-131.99	4	42
session-king-alma-with-session-filter	4h	SOLUSD	0	0	0.00	0.000	0.000	0.00	0	333
scalping-london-new-york-strategy	15m	SOLUSD	603	227	-793.71	0.572	-0.136	-933.90	1	42
scalping-london-new-york-strategy	15m	LINKUSD	495	226	-822.27	0.525	-0.172	-940.68	0	42
scalping-london-new-york-strategy	1h	BTCUSD	481	148	-707.26	0.556	-0.127	-882.29	1	125
session-king-alma-with-session-filter	1h	SOLUSD	0	0	0.00	0.000	0.000	0.00	0	125
session-king-alma-with-session-filter	4h	LINKUSD	0	0	0.00	0.000	0.000	0.00	0	333
scalping-london-new-york-strategy	1h	SOLUSD	582	220	-763.63	0.581	-0.129	-882.32	1	125
scalping-london-new-york-strategy	4h	BTCUSD	365	123	-550.79	0.559	-0.113	-712.49	2	333
scalping-london-new-york-strategy	4h	SOLUSD	419	185	-534.50	0.627	-0.099	-673.55	1	333
scalping-london-new-york-strategy	1h	LINKUSD	522	262	-551.22	0.796	-0.072	-818.28	1	125
scalping-london-new-york-strategy	4h	LINKUSD	442	211	-545.64	0.692	-0.087	-705.32	0	333
session-king-alma-with-session-filter	15m	SOLUSD	56	32	-22.11	0.955	-0.007	-140.83	2	42
session-king-alma-with-session-filter	1h	LINKUSD	0	0	0.00	0.000	0.000	0.00	0	125
orb-avwap-retest-strategy	15m	BTCUSD	11	4	-77.77	0.366	-0.364	-86.88	1	42
ntr-nasdaq-m1-trend-runner	15m	BTCUSD	0	0	0.00	0.000	0.000	0.00	0	42
strategy-validation-framework-standardised-atr-exits-1-ris	15m	BTCUSD	20	11	-46.20	0.722	-0.114	-84.10	5	42
strategy-validation-framework-standardised-atr-exits-1-ris	15m	SOLUSD	43	17	-237.77	0.430	-0.316	-285.03	1	42
strategy-validation-framework-standardised-atr-exits-1-ris	15m	LINKUSD	61	31	-214.18	0.574	-0.190	-327.56	2	42
strategy-validation-framework-standardised-atr-exits-1-ris	4h	BTCUSD	33	18	-40.08	0.867	-0.052	-157.12	3	333
strategy-validation-framework-standardised-atr-exits-1-ris	1h	BTCUSD	40	19	-175.61	0.515	-0.243	-244.49	2	125
strategy-validation-framework-standardised-atr-exits-1-ris	4h	SOLUSD	24	11	-73.40	0.675	-0.164	-75.35	2	333
strategy-validation-framework-standardised-atr-exits-1-ris	1h	SOLUSD	44	26	92.16	1.263	0.114	28.53	5	125
strategy-validation-framework-standardised-atr-exits-1-ris	4h	LINKUSD	28	14	-44.96	0.839	-0.074	-68.62	4	333
strategy-validation-framework-standardised-atr-exits-1-ris	1h	LINKUSD	55	24	-170.10	0.693	-0.159	-235.02	2	125
serhan1-wma-rsi-trailing-scalp-date-filter	1h	BTCUSD	90	44	-109.20	0.844	-0.055	-200.08	2	125
serhan1-wma-rsi-trailing-scalp-date-filter	4h	BTCUSD	62	35	314.23	1.569	0.238	179.16	6	333
serhan1-wma-rsi-trailing-scalp-date-filter	15m	BTCUSD	31	10	-225.88	0.279	-0.413	-272.46	2	42
serhan1-wma-rsi-trailing-scalp-date-filter	1h	SOLUSD	67	28	-113.07	0.827	-0.082	-242.15	4	125
serhan1-wma-rsi-trailing-scalp-date-filter	4h	SOLUSD	54	37	463.06	2.256	0.389	351.12	7	333
serhan1-wma-rsi-trailing-scalp-date-filter	4h	LINKUSD	55	32	217.57	1.519	0.190	137.39	6	333
serhan1-wma-rsi-trailing-scalp-date-filter	1h	LINKUSD	64	24	-231.38	0.625	-0.197	-320.90	3	125
serhan1-wma-rsi-trailing-scalp-date-filter	15m	SOLUSD	82	31	-136.32	0.832	-0.077	-312.25	3	42
ntr-nasdaq-m1-trend-runner	15m	SOLUSD	1	0	-13.03	0.000	-0.652	-13.95	0	42
serhan1-wma-rsi-trailing-scalp-date-filter	15m	LINKUSD	95	38	-279.33	0.644	-0.163	-421.70	2	42
session-king-alma-with-session-filter	15m	LINKUSD	81	36	-234.76	0.694	-0.152	-376.24	1	42
market-breadth-trend-strategy	15m	BTCUSD	108	61	-36.81	0.961	-0.009	-271.63	2	42
orb-avwap-retest-strategy	15m	SOLUSD	18	11	43.05	1.306	0.126	-16.74	3	42
market-breadth-trend-strategy	15m	SOLUSD	244	129	-294.18	0.853	-0.065	-607.38	1	42
market-breadth-trend-strategy	15m	LINKUSD	320	156	-575.22	0.754	-0.126	-825.79	0	42
market-breadth-trend-strategy	4h	BTCUSD	169	83	-64.41	0.959	-0.010	-326.52	4	333
market-breadth-trend-strategy	1h	BTCUSD	210	98	-485.33	0.711	-0.155	-695.33	2	125
market-breadth-trend-strategy	4h	SOLUSD	172	76	-319.18	0.750	-0.115	-416.16	3	333
market-breadth-trend-strategy	4h	LINKUSD	145	76	111.59	1.084	0.047	-42.42	4	333
market-breadth-trend-strategy	1h	SOLUSD	245	116	-405.77	0.791	-0.103	-635.84	2	125
serhan-1-wma-adx-trailing-date-filter	15m	BTCUSD	11	3	-87.13	0.331	-0.412	-55.49	1	42
serhan-1-wma-adx-trailing-date-filter	1h	BTCUSD	30	13	-8.21	0.971	-0.000	-96.33	3	125
market-breadth-trend-strategy	1h	LINKUSD	255	127	-132.39	0.944	-0.018	-444.26	4	125
serhan-1-wma-adx-trailing-date-filter	15m	SOLUSD	23	13	41.68	1.274	0.101	-9.79	4	42
serhan-1-wma-adx-trailing-date-filter	1h	SOLUSD	19	11	31.85	1.232	0.091	-6.65	4	125
serhan-1-wma-adx-trailing-date-filter	4h	BTCUSD	9	8	86.65	5.297	0.488	65.40	3	333
serhan-1-wma-adx-trailing-date-filter	1h	LINKUSD	23	13	4.01	1.022	0.018	-38.47	3	125
serhan-1-wma-adx-trailing-date-filter	15m	LINKUSD	17	7	-56.33	0.621	-0.164	-86.43	2	42
ntr-nasdaq-m1-trend-runner	15m	LINKUSD	12	5	-95.14	0.278	-0.412	-129.71	2	42
serhan-1-wma-adx-trailing-date-filter	4h	SOLUSD	23	16	42.26	1.312	0.129	27.38	5	333
twe-2-bar-break-strategy	15m	BTCUSD	229	68	-554.25	0.581	-0.174	-761.50	1	42
serhan-1-wma-adx-trailing-date-filter	4h	LINKUSD	16	10	-29.21	0.753	-0.088	-42.37	2	333
twe-2-bar-break-strategy	15m	SOLUSD	599	190	-868.97	0.625	-0.181	-945.86	1	42
twe-2-bar-break-strategy	1h	BTCUSD	496	148	-846.61	0.428	-0.191	-930.06	2	125
twe-2-bar-break-strategy	15m	LINKUSD	693	218	-937.78	0.528	-0.197	-980.06	0	42
twe-2-bar-break-strategy	4h	BTCUSD	344	125	-498.05	0.683	-0.100	-629.67	3	333
twe-2-bar-break-strategy	4h	SOLUSD	370	130	-455.86	0.733	-0.082	-613.98	2	333
15m-nifty-multi-day-swing-target-engine-v1-0	15m	BTCUSD	32	6	-237.92	0.205	-0.428	-281.06	1	42
twe-2-bar-break-strategy	1h	SOLUSD	559	180	-841.53	0.507	-0.172	-925.20	0	125
twe-2-bar-break-strategy	4h	LINKUSD	361	138	-484.49	0.719	-0.087	-667.74	2	333
15m-nifty-multi-day-swing-target-engine-v1-0	15m	SOLUSD	74	26	-296.41	0.492	-0.239	-381.22	1	42
15m-nifty-multi-day-swing-target-engine-v1-0	1h	BTCUSD	51	23	-5.70	0.986	0.010	-138.08	5	125
15m-nifty-multi-day-swing-target-engine-v1-0	15m	LINKUSD	132	45	-422.55	0.487	-0.203	-536.46	1	42
15m-nifty-multi-day-swing-target-engine-v1-0	1h	SOLUSD	47	20	-124.07	0.685	-0.136	-221.07	2	125
twe-2-bar-break-strategy	1h	LINKUSD	606	203	-906.27	0.490	-0.192	-965.79	0	125
15m-nifty-multi-day-swing-target-engine-v1-0	4h	BTCUSD	33	12	-24.61	0.910	-0.024	-47.07	3	333
15m-nifty-multi-day-swing-target-engine-v1-0	1h	LINKUSD	63	21	-342.37	0.404	-0.327	-393.46	0	125
15m-nifty-multi-day-swing-target-engine-v1-0	4h	SOLUSD	31	17	126.60	1.611	0.239	111.45	5	333
15m-nifty-multi-day-swing-target-engine-v1-0	4h	LINKUSD	30	13	123.52	1.461	0.216	19.82	3	333
orb-avwap-retest-strategy	15m	LINKUSD	21	8	-146.09	0.359	-0.370	-99.70	3	42
double-tap	1h	BTCUSD	143	80	-221.63	0.726	-0.086	-452.62	3	125
shooting-star-reversal	15m	BTCUSD	8	2	-94.11	0.075	-0.627	-102.90	0	42
double-tap	1h	SOLUSD	162	86	-283.89	0.712	-0.101	-458.93	1	125
shooting-star-reversal	1h	BTCUSD	37	20	-65.78	0.778	-0.088	-152.52	4	125
shooting-star-reversal	4h	BTCUSD	18	8	-88.47	0.481	-0.262	-106.14	2	333
double-tap	1h	LINKUSD	170	77	-496.16	0.550	-0.198	-618.74	1	125
double-tap	15m	BTCUSD	31	15	-21.33	0.916	-0.026	-108.34	2	42
manoj-betrayed-me	1h	BTCUSD	183	91	-105.02	0.923	-0.021	-418.19	4	125
manoj-betrayed-me	15m	BTCUSD	76	38	-84.61	0.863	-0.050	-206.45	3	42
manoj-betrayed-me	1h	SOLUSD	191	100	-127.76	0.905	-0.026	-354.12	4	125
manoj-betrayed-me	15m	SOLUSD	137	67	-298.78	0.727	-0.126	-441.18	2	42
manoj-betrayed-me	1h	LINKUSD	201	97	-330.63	0.781	-0.092	-533.34	1	125
manoj-betrayed-me	15m	LINKUSD	197	92	-463.35	0.651	-0.149	-679.10	2	42
sweep-sd-ma20-50-atr	1h	BTCUSD	5	4	50.64	3.452	0.505	35.76	3	125
sweep-sd-ma20-50-atr	15m	BTCUSD	2	1	-13.07	0.332	-0.330	-15.04	1	42
double-tap	15m	SOLUSD	60	24	-286.94	0.373	-0.286	-362.82	0	42
sweep-sd-ma20-50-atr	1h	SOLUSD	5	2	-40.47	0.250	-0.399	-51.57	2	125
sweep-sd-ma20-50-atr	4h	BTCUSD	5	2	-26.99	0.524	-0.269	-11.95	2	333
sweep-sd-ma20-50-atr	15m	SOLUSD	8	4	43.95	1.643	0.297	12.53	2	42
sweep-sd-ma20-50-atr	1h	LINKUSD	2	1	-11.74	0.411	-0.294	-12.77	0	125
sweep-sd-ma20-50-atr	4h	SOLUSD	2	2	32.50	99.000	0.839	25.22	2	333
btc-4h-rsi-bullish-engulfing	15m	BTCUSD	1	0	-18.04	0.000	-0.930	-18.72	0	42
sweep-sd-ma20-50-atr	4h	LINKUSD	1	0	-19.88	0.000	-1.000	-19.95	0	333
sweep-sd-ma20-50-atr	15m	LINKUSD	9	5	39.84	1.543	0.229	0.45	4	42
btc-4h-rsi-bullish-engulfing	15m	SOLUSD	2	1	-6.23	0.686	-0.147	-12.88	0	42
nse-elite-strategy-v6-full-system	4h	BTCUSD	34	18	-57.72	0.782	-0.079	-98.73	2	333
btc-4h-rsi-bullish-engulfing	4h	BTCUSD	2	1	-10.59	0.429	-0.275	-11.83	0	333
btc-4h-rsi-bullish-engulfing	1h	BTCUSD	5	3	22.53	1.548	0.248	-15.26	2	125
btc-4h-rsi-bullish-engulfing	4h	SOLUSD	6	2	-27.76	0.355	-0.267	-30.29	1	333
btc-4h-rsi-bullish-engulfing	1h	SOLUSD	4	1	-45.93	0.129	-0.587	-45.92	1	125
btc-4h-rsi-bullish-engulfing	4h	LINKUSD	4	1	-42.86	0.136	-0.546	-44.00	1	333
double-tap	15m	LINKUSD	88	37	-388.30	0.396	-0.275	-486.14	1	42
gold-ny-open-orb-v11-ahmed	15m	BTCUSD	4	4	47.44	99.000	0.593	25.76	4	42
gold-ny-open-orb-v11-ahmed	15m	SOLUSD	6	4	79.78	2.834	0.700	73.23	3	42
gold-ny-open-orb-v11-ahmed	1h	BTCUSD	39	22	-7.56	0.977	0.000	-101.88	2	125
gold-ny-open-orb-v11-ahmed	1h	SOLUSD	30	10	-77.05	0.776	-0.120	-184.29	3	125
gold-ny-orb-v19-close-20-00	15m	BTCUSD	6	4	42.62	9.741	0.355	15.63	4	42
gold-ny-open-orb-v11-ahmed	1h	LINKUSD	19	7	-136.20	0.377	-0.377	-149.90	2	125
gold-ny-open-orb-v11-ahmed	15m	LINKUSD	6	5	81.70	5.048	0.671	65.51	4	42
gold-ny-orb-v19-close-20-00	1h	BTCUSD	47	18	-87.74	0.747	-0.090	-187.83	1	125
gold-ny-orb-v19-close-20-00	15m	SOLUSD	9	5	82.46	2.722	0.466	58.45	3	42
gold-ny-orb-v19-close-20-00	1h	SOLUSD	35	10	-174.23	0.455	-0.271	-202.84	2	125
gold-ny-orb-v19-close-20-00	15m	LINKUSD	6	5	81.70	5.048	0.671	65.51	4	42
nse-elite-strategy-v6-full-system	4h	SOLUSD	32	16	-32.30	0.896	-0.028	-85.22	3	333
nse-elite-strategy-v6-full-system	15m	BTCUSD	11	4	12.67	1.121	0.079	-20.62	2	42
gold-ny-orb-v19-close-20-00	1h	LINKUSD	22	7	-90.32	0.520	-0.209	-113.73	3	125
quick-scalping-stock-picker-vwap-rvol-breakout-v3	15m	BTCUSD	4	2	-21.04	0.465	-0.266	-20.79	0	42
quick-scalping-stock-picker-vwap-rvol-breakout-v3	15m	SOLUSD	13	3	-158.29	0.141	-0.666	-163.05	0	42
nse-elite-strategy-v6-full-system	1h	BTCUSD	31	16	133.88	1.711	0.219	55.65	5	125
nse-elite-strategy-v6-full-system	4h	LINKUSD	43	21	-73.31	0.811	-0.081	-158.32	4	333
quick-scalping-stock-picker-vwap-rvol-breakout-v3	15m	LINKUSD	16	5	-123.15	0.398	-0.400	-167.77	2	42
quick-scalping-stock-picker-vwap-rvol-breakout-v3	1h	BTCUSD	2	1	-13.56	0.322	-0.334	-7.26	1	125
nse-elite-strategy-v6-full-system	15m	SOLUSD	37	13	-45.77	0.864	-0.053	-111.03	2	42
btcusd-4h-ema-swing-strategy	1h	BTCUSD	49	22	-109.03	0.760	-0.110	-205.05	3	125
btcusd-4h-ema-swing-strategy	4h	BTCUSD	36	20	15.67	1.056	0.038	-17.85	4	333
btcusd-4h-ema-swing-strategy	4h	SOLUSD	35	14	-66.39	0.813	-0.088	-192.03	4	333
btcusd-4h-ema-swing-strategy	1h	SOLUSD	57	26	-137.80	0.728	-0.116	-237.26	3	125
btcusd-4h-ema-swing-strategy	4h	LINKUSD	40	13	-238.47	0.437	-0.332	-274.80	2	333
btcusd-4h-ema-swing-strategy	15m	BTCUSD	20	9	-84.31	0.574	-0.215	-154.29	2	42
quick-scalping-stock-picker-vwap-rvol-breakout-v3	1h	SOLUSD	2	1	-4.24	0.779	-0.112	-8.63	1	125
btcusd-4h-ema-swing-strategy	1h	LINKUSD	48	23	-148.44	0.658	-0.161	-260.15	2	125
nse-elite-strategy-v6-full-system	1h	SOLUSD	37	21	224.81	1.881	0.297	115.73	5	125
btcusd-4h-ema-swing-strategy	15m	SOLUSD	50	24	-213.62	0.486	-0.244	-292.03	1	42
quick-scalping-stock-picker-vwap-rvol-breakout-v3	1h	LINKUSD	7	1	-106.66	0.065	-0.801	-107.47	0	125
nse-elite-strategy-v6-full-system	15m	LINKUSD	52	24	12.52	1.033	0.022	-150.31	4	42
percent-supertrend-strategy-long-only	1h	BTCUSD	1	1	101.30	99.000	5.331	6.10	1	125
percent-supertrend-strategy-long-only	4h	BTCUSD	2	2	42.88	99.000	1.111	37.20	2	333
percent-supertrend-strategy-long-only	1h	SOLUSD	1	1	20.12	99.000	1.028	16.26	1	125
percent-supertrend-strategy-long-only	4h	SOLUSD	3	0	-56.01	0.000	-1.000	-55.63	0	333
percent-supertrend-strategy-long-only	1h	LINKUSD	3	2	-4.28	0.785	-0.066	-6.05	1	125
percent-supertrend-strategy-long-only	4h	LINKUSD	3	1	-31.08	0.220	-0.518	-58.58	1	333
ahlenaz	15m	BTCUSD	36	21	65.11	1.199	0.103	-42.39	3	42
ahlenaz	15m	SOLUSD	76	33	-127.14	0.842	-0.076	-217.69	3	42
ahlenaz	1h	BTCUSD	45	29	303.57	1.861	0.315	94.12	7	125
ahlenaz	4h	BTCUSD	28	12	-14.60	0.951	-0.008	-40.16	4	333
ahlenaz	15m	LINKUSD	91	42	-238.05	0.732	-0.139	-397.80	2	42
ahlenaz	4h	SOLUSD	33	16	60.35	1.196	0.117	-45.78	4	333
simple-breakout-strategy-santana	15m	BTCUSD	37	13	-194.52	0.369	-0.290	-260.80	3	42
ahlenaz	1h	SOLUSD	58	31	80.30	1.153	0.082	-63.36	4	125
ahlenaz	4h	LINKUSD	30	15	-23.49	0.911	-0.031	-47.19	3	333
simple-breakout-strategy-santana	1h	BTCUSD	95	51	-140.01	0.802	-0.073	-328.81	3	125
simple-breakout-strategy-santana	15m	SOLUSD	115	44	-426.95	0.560	-0.238	-541.41	0	42
ahlenaz	1h	LINKUSD	55	25	-84.98	0.846	-0.068	-175.15	5	125
simple-breakout-strategy-santana	4h	BTCUSD	85	37	-310.44	0.576	-0.220	-353.11	1	333
simple-breakout-strategy-santana	1h	SOLUSD	96	47	-213.27	0.715	-0.124	-306.66	2	125
simple-breakout-strategy-santana	4h	SOLUSD	77	38	-14.11	0.979	-0.000	-83.25	4	333
simple-breakout-strategy-santana	15m	LINKUSD	141	69	-86.39	0.935	-0.018	-444.29	4	42
simple-breakout-strategy-santana	1h	LINKUSD	119	52	-93.33	0.908	-0.028	-314.09	3	125
simple-breakout-strategy-santana	4h	LINKUSD	79	37	-195.98	0.718	-0.131	-260.27	3	333
btcusd-4h-ema-swing-strategy	15m	LINKUSD	60	21	-325.40	0.431	-0.321	-373.38	3	42
nse-elite-strategy-v6-full-system	1h	LINKUSD	52	23	-97.67	0.769	-0.092	-181.19	3	125
ema-40-pullback-pyramid-strategy	1h	BTCUSD	249	83	-510.15	0.590	-0.140	-739.01	1	125
ema-40-pullback-pyramid-strategy	1h	SOLUSD	285	93	-445.54	0.707	-0.103	-664.94	2	125
ema-40-pullback-pyramid-strategy	4h	BTCUSD	192	65	-399.61	0.637	-0.135	-496.72	2	333
ema-40-pullback-pyramid-strategy	4h	SOLUSD	208	76	191.05	1.136	0.059	-141.91	5	333
ema-40-pullback-pyramid-strategy	1h	LINKUSD	345	106	-737.33	0.479	-0.189	-836.50	1	125
ema-40-pullback-pyramid-strategy	15m	BTCUSD	101	27	-367.48	0.408	-0.227	-487.11	1	42
ema-40-pullback-pyramid-strategy	4h	LINKUSD	230	65	-518.87	0.599	-0.155	-610.86	1	333
xauusd-rsi-long-short-backtest	4h	BTCUSD	4	0	-74.21	0.000	-1.000	-73.52	0	333
xauusd-rsi-long-short-backtest	4h	SOLUSD	1	0	-19.81	0.000	-1.000	-17.95	0	333
ema-40-pullback-pyramid-strategy	15m	SOLUSD	266	90	-389.95	0.756	-0.087	-705.09	1	42
order-block-strategy	15m	BTCUSD	8	3	-79.75	0.146	-0.524	-89.36	1	42
xauusd-rsi-long-short-backtest	1h	BTCUSD	12	3	-109.57	0.346	-0.482	-152.51	0	125
order-block-strategy	1h	BTCUSD	5	1	-70.24	0.073	-0.734	-93.05	0	125
order-block-strategy	15m	SOLUSD	11	5	-41.28	0.646	-0.192	-65.89	3	42
order-block-strategy	1h	SOLUSD	9	2	-100.40	0.215	-0.596	-100.24	2	125
xauusd-rsi-long-short-backtest	15m	BTCUSD	16	5	-133.71	0.249	-0.454	-145.02	1	42
ema-40-pullback-pyramid-strategy	15m	LINKUSD	366	115	-767.36	0.515	-0.194	-882.06	0	42
xauusd-rsi-long-short-backtest	4h	LINKUSD	1	0	-19.77	0.000	-1.000	-19.80	0	333
order-block-strategy	1h	LINKUSD	18	7	-127.71	0.391	-0.375	-160.13	1	125
order-block-strategy	15m	LINKUSD	8	3	-55.32	0.439	-0.350	-61.46	1	42
order-block-strategy	4h	BTCUSD	7	3	-13.33	0.828	-0.087	-16.75	3	333
xauusd-rsi-long-short-backtest	1h	SOLUSD	2	1	-1.47	0.924	-0.022	-4.95	0	125
order-block-strategy	4h	SOLUSD	6	3	12.41	1.237	0.087	1.54	2	333
new-era-strategy-1-0	4h	BTCUSD	13	8	15.78	1.233	0.065	-14.22	3	333
new-era-strategy-1-0	1h	BTCUSD	13	7	-21.61	0.814	-0.079	-50.05	2	125
order-block-strategy	4h	LINKUSD	3	1	-19.28	0.516	-0.313	-19.82	1	333
new-era-strategy-1-0	15m	BTCUSD	7	1	-86.13	0.161	-0.643	-99.51	0	42
xauusd-rsi-long-short-backtest	15m	SOLUSD	2	0	-38.86	0.000	-1.000	-38.28	0	42
new-era-strategy-1-0	4h	SOLUSD	9	3	-39.77	0.515	-0.218	-45.13	1	333
new-era-strategy-1-0	1h	SOLUSD	24	14	131.11	1.739	0.272	40.49	4	125
new-era-strategy-1-0	4h	LINKUSD	3	2	34.24	3.973	0.576	30.94	1	333
new-era-strategy-1-0	15m	SOLUSD	16	6	-85.43	0.385	-0.279	-91.59	0	42
ll-momentum-and-curl-master	15m	BTCUSD	44	24	35.80	1.096	0.053	-56.86	3	42
new-era-strategy-1-0	1h	LINKUSD	21	10	-56.93	0.691	-0.133	-67.48	4	125
ll-momentum-and-curl-master	1h	BTCUSD	70	36	-91.56	0.848	-0.059	-237.73	3	125
ll-momentum-and-curl-master	4h	BTCUSD	59	22	-223.18	0.613	-0.211	-265.15	3	333
ll-momentum-and-curl-master	1h	SOLUSD	83	41	53.10	1.071	0.043	-143.81	4	125
ll-momentum-and-curl-master	4h	SOLUSD	52	25	27.07	1.064	0.041	18.80	4	333
ll-momentum-and-curl-master	4h	LINKUSD	52	19	-246.57	0.537	-0.267	-269.34	1	333
ll-momentum-and-curl-master	1h	LINKUSD	74	35	-151.06	0.772	-0.101	-302.02	3	125
fair-value-gap-strategy	15m	BTCUSD	165	52	-563.31	0.487	-0.249	-676.42	1	42
new-era-strategy-1-0	15m	LINKUSD	7	4	9.35	1.175	0.076	-32.07	2	42
fair-value-gap-strategy	1h	BTCUSD	296	121	-652.27	0.557	-0.176	-806.30	3	125
ll-momentum-and-curl-master	15m	SOLUSD	86	47	-9.58	0.988	0.003	-241.10	4	42
xauusd-rsi-long-short-backtest	1h	LINKUSD	1	0	-19.97	0.000	-1.000	-19.89	0	125
fair-value-gap-strategy	4h	BTCUSD	213	100	-243.51	0.839	-0.064	-366.30	2	333
fair-value-gap-strategy	15m	SOLUSD	360	133	-808.23	0.596	-0.237	-893.44	2	42
fair-value-gap-strategy	1h	SOLUSD	336	130	-646.18	0.648	-0.155	-785.03	1	125
fair-value-gap-strategy	1h	LINKUSD	410	161	-728.94	0.651	-0.152	-873.64	2	125
fair-value-gap-strategy	15m	LINKUSD	584	196	-925.31	0.601	-0.217	-977.05	0	42
fair-value-gap-strategy	4h	SOLUSD	220	91	-344.67	0.762	-0.106	-391.17	3	333
fair-value-gap-strategy	4h	LINKUSD	225	95	-383.18	0.731	-0.100	-514.66	3	333
swing-breakout-strategy-quant-core	15m	BTCUSD	4	1	-51.51	0.088	-0.664	-52.75	1	42
swing-breakout-strategy-quant-core	4h	BTCUSD	3	1	-30.14	0.200	-0.524	-20.87	1	333
swing-breakout-strategy-quant-core	1h	BTCUSD	7	6	52.03	3.637	0.374	32.10	5	125
swing-breakout-strategy-quant-core	4h	SOLUSD	6	3	-1.64	0.969	-0.018	-6.09	2	333
ll-momentum-and-curl-master	15m	LINKUSD	92	40	-217.75	0.746	-0.123	-390.53	4	42
swing-breakout-strategy-quant-core	1h	SOLUSD	9	7	185.93	5.569	1.015	138.63	4	125
xauusd-rsi-long-short-backtest	15m	LINKUSD	1	0	-19.93	0.000	-1.000	-19.87	0	42
swing-breakout-strategy-quant-core	15m	SOLUSD	13	6	-9.39	0.930	-0.024	-22.99	3	42
swing-breakout-strategy-quant-core	4h	LINKUSD	4	3	40.15	2.930	0.505	46.96	2	333
swing-breakout-strategy-quant-core	1h	LINKUSD	11	7	87.51	2.087	0.413	36.73	2	125
swing-breakout-strategy-quant-core	15m	LINKUSD	22	13	55.89	1.298	0.141	-58.99	3	42
katana-v5-pro-fvg-50-model	15m	BTCUSD	31	20	119.01	1.512	0.194	-7.66	4	42
katana-v5-pro-fvg-50-model	4h	BTCUSD	43	22	-7.34	0.981	0.003	-78.41	4	333
katana-v5-pro-fvg-50-model	1h	BTCUSD	65	34	-135.10	0.745	-0.102	-243.44	3	125
katana-v5-pro-fvg-50-model	4h	SOLUSD	11	5	-5.09	0.951	-0.065	-19.44	1	333
hs-sp500-1-6x-long-benchmark	1h	BTCUSD	0	0	0.00	0.000	0.000	0.00	0	125
hs-sp500-1-6x-long-benchmark	1h	SOLUSD	0	0	0.00	0.000	0.000	0.00	0	125
hs-sp500-1-6x-long-benchmark	1h	LINKUSD	0	0	0.00	0.000	0.000	0.00	0	125
hs-sp500-1-6x-long-benchmark	4h	BTCUSD	0	0	0.00	0.000	0.000	0.00	0	333
hs-sp500-1-6x-long-benchmark	4h	SOLUSD	0	0	0.00	0.000	0.000	0.00	0	333
hs-sp500-1-6x-long-benchmark	4h	LINKUSD	0	0	0.00	0.000	0.000	0.00	0	333
psol-02-keltner-breakout	15m	BTCUSD	25	8	-38.34	0.715	-0.077	-102.97	2	42
psol-02-keltner-breakout	4h	BTCUSD	34	17	-27.80	0.778	-0.041	-67.71	3	333
psol-02-keltner-breakout	1h	BTCUSD	53	23	-39.34	0.833	-0.035	-156.14	4	125
psol-02-keltner-breakout	15m	SOLUSD	17	6	-142.63	0.259	-0.462	-166.62	1	42
psol-02-keltner-breakout	4h	SOLUSD	23	17	135.10	6.584	0.291	102.30	6	333
psol-02-keltner-breakout	4h	LINKUSD	30	15	35.60	1.436	0.061	6.45	5	333
psol-02-keltner-breakout	1h	SOLUSD	28	13	50.43	1.217	0.097	-20.58	3	125
psol-02-keltner-breakout	15m	LINKUSD	16	7	-61.47	0.601	-0.190	-99.56	4	42
the-greatest-bot-ever-made-pmt-apex-edition	1h	SOLUSD	169	46	-46.03	0.943	-0.008	-295.84	4	125
the-greatest-bot-ever-made-pmt-apex-edition	4h	SOLUSD	109	24	-98.36	0.795	-0.059	-192.78	4	333
the-greatest-bot-ever-made-pmt-apex-edition	15m	SOLUSD	180	49	-240.59	0.745	-0.077	-532.47	1	42
psol-02-keltner-breakout	1h	LINKUSD	33	17	-20.21	0.918	-0.024	-80.45	5	125
the-greatest-bot-ever-made-pmt-apex-edition	4h	LINKUSD	84	53	12.05	1.022	0.014	-64.47	3	333
the-greatest-bot-ever-made-pmt-apex-edition	1h	LINKUSD	104	62	-53.20	0.930	-0.018	-192.59	2	125
the-greatest-bot-ever-made-pmt-apex-edition-tv-strategies	4h	SOLUSD	109	24	-98.36	0.795	-0.059	-192.78	4	333
the-greatest-bot-ever-made-pmt-apex-edition	15m	LINKUSD	101	52	-194.20	0.785	-0.097	-380.30	1	42
the-greatest-bot-ever-made-pmt-apex-edition-tv-strategies	4h	LINKUSD	84	53	12.05	1.022	0.014	-64.47	3	333
the-greatest-bot-ever-made-pmt-apex-edition-tv-strategies	15m	SOLUSD	180	49	-240.59	0.745	-0.077	-532.47	1	42
the-greatest-bot-ever-made-pmt-apex-edition-tv-strategies	1h	SOLUSD	169	46	-46.03	0.943	-0.008	-295.84	4	125
atm-adaptive-zone-momentum-scalper-1h	4h	BTCUSD	634	213	-594.49	0.739	-0.072	-786.78	1	333
the-greatest-bot-ever-made-pmt-apex-edition-tv-strategies	1h	LINKUSD	104	62	-53.20	0.930	-0.018	-192.59	2	125
the-greatest-bot-ever-made-pmt-apex-edition-tv-strategies	15m	LINKUSD	101	52	-194.20	0.785	-0.097	-380.30	1	42
atm-adaptive-zone-momentum-scalper-1h	1h	BTCUSD	832	269	-880.15	0.550	-0.132	-961.53	1	125
atm-adaptive-zone-momentum-scalper-1h	15m	BTCUSD	342	97	-723.38	0.447	-0.191	-874.88	0	42
quanloki-qqe-system-opposite-signal-only-points	15m	BTCUSD	60	25	-268.82	0.468	-0.259	-311.75	2	42
atm-adaptive-zone-momentum-scalper-1h	4h	SOLUSD	660	230	-506.83	0.792	-0.057	-711.24	2	333
quanloki-qqe-system-opposite-signal-only-points	15m	SOLUSD	183	73	-613.16	0.516	-0.263	-726.37	0	42
atm-adaptive-zone-momentum-scalper-1h	4h	LINKUSD	622	228	-466.55	0.810	-0.047	-680.56	2	333
atm-adaptive-zone-momentum-scalper-1h	1h	SOLUSD	946	291	-840.27	0.690	-0.103	-933.05	1	125
quanloki-qqe-system-opposite-signal-only-points	15m	LINKUSD	194	86	-547.63	0.592	-0.195	-720.26	1	42
quanloki-qqe-system-opposite-signal-only-points	1h	BTCUSD	111	50	-297.51	0.669	-0.152	-480.11	1	125
atm-adaptive-zone-momentum-scalper-1h	15m	SOLUSD	888	261	-909.83	0.630	-0.145	-956.47	2	42
quanloki-qqe-system-opposite-signal-only-points	1h	SOLUSD	168	76	-291.11	0.760	-0.092	-436.11	2	125
quanloki-qqe-system-opposite-signal-only-points	4h	BTCUSD	113	60	11.57	1.012	0.014	-176.35	4	333
asian-box-breakout-eda-tuned	1h	BTCUSD	23	14	224.55	2.312	0.479	121.26	4	125
quanloki-qqe-system-opposite-signal-only-points	1h	LINKUSD	175	70	-574.89	0.552	-0.235	-713.52	2	125
quanloki-qqe-system-opposite-signal-only-points	4h	SOLUSD	122	64	-19.86	0.978	-0.007	-20.04	3	333
quanloki-qqe-system-opposite-signal-only-points	4h	LINKUSD	118	55	-155.57	0.854	-0.063	-267.20	3	333
atm-adaptive-zone-momentum-scalper-1h	1h	LINKUSD	796	292	-844.84	0.687	-0.113	-952.29	1	125
adaptive-multi-factor-v1-update-9-years	15m	BTCUSD	195	53	-479.27	0.469	-0.167	-688.41	1	42
atm-adaptive-zone-momentum-scalper-1h	15m	LINKUSD	869	322	-932.78	0.556	-0.152	-980.02	0	42
adaptive-multi-factor-v1-update-9-years	4h	BTCUSD	237	87	-162.18	0.850	-0.036	-444.49	4	333
adaptive-multi-factor-v1-update-9-years	15m	SOLUSD	508	146	-832.36	0.517	-0.184	-928.33	1	42
asian-box-breakout-eda-tuned	15m	BTCUSD	4	1	-23.40	0.429	-0.291	-31.40	0	42
asian-box-breakout-eda-tuned	4h	BTCUSD	44	25	187.44	1.847	0.214	99.74	4	333
adaptive-multi-factor-v1-update-9-years	4h	SOLUSD	303	115	-345.83	0.705	-0.077	-493.48	3	333
adaptive-multi-factor-v1-update-9-years	1h	BTCUSD	392	120	-697.09	0.468	-0.153	-850.00	1	125
adaptive-multi-factor-v1-update-9-years	4h	LINKUSD	303	101	-491.90	0.621	-0.108	-629.83	2	333
adaptive-multi-factor-v1-update-9-years	15m	LINKUSD	637	224	-837.10	0.533	-0.139	-966.80	1	42
asian-box-breakout-eda-tuned	1h	SOLUSD	39	22	183.58	1.621	0.247	5.58	3	125
atm	15m	BTCUSD	342	97	-723.38	0.447	-0.191	-874.88	0	42
atm	4h	BTCUSD	634	213	-594.49	0.739	-0.072	-786.78	1	333
adaptive-multi-factor-v1-update-9-years	1h	SOLUSD	442	155	-612.59	0.623	-0.105	-811.14	1	125
atm	1h	BTCUSD	832	269	-880.15	0.550	-0.132	-961.53	1	125
atm	4h	SOLUSD	660	230	-506.83	0.792	-0.057	-711.24	2	333
atm	15m	SOLUSD	888	261	-909.83	0.630	-0.145	-956.47	2	42
adaptive-multi-factor-v1-update-9-years	1h	LINKUSD	532	190	-791.91	0.533	-0.144	-913.01	1	125
atm	4h	LINKUSD	622	228	-466.55	0.810	-0.047	-680.56	2	333
atm	1h	SOLUSD	946	291	-840.27	0.690	-0.103	-933.05	1	125
silver-surfer	1h	BTCUSD	287	120	-622.74	0.579	-0.164	-781.75	2	125
silver-surfer	1h	SOLUSD	343	130	-691.05	0.629	-0.174	-820.70	0	125
silver-surfer	15m	BTCUSD	161	52	-540.65	0.490	-0.239	-647.19	1	42
silver-surfer	1h	LINKUSD	423	166	-709.75	0.681	-0.139	-869.12	2	125
asian-box-breakout-eda-tuned	4h	SOLUSD	42	29	346.53	2.993	0.387	268.58	5	333
asian-box-breakout-eda-tuned	1h	LINKUSD	40	21	85.38	1.237	0.118	-47.74	3	125
silver-surfer	4h	BTCUSD	209	100	-207.20	0.862	-0.049	-330.37	3	333
atm	15m	LINKUSD	869	322	-932.78	0.556	-0.152	-980.02	0	42
silver-surfer	4h	SOLUSD	223	93	-307.34	0.796	-0.082	-337.92	2	333
atm	1h	LINKUSD	796	292	-844.84	0.687	-0.113	-952.29	1	125
asian-box-breakout-eda-tuned	15m	SOLUSD	16	8	-42.39	0.711	-0.131	-95.52	2	42
silver-surfer	4h	LINKUSD	225	95	-346.32	0.759	-0.089	-493.74	3	333
ema-9-vwap-strategy-with-atr-trailing-stop-win-the-trade	15m	BTCUSD	58	21	-258.39	0.353	-0.258	-384.96	1	42
silver-surfer	15m	SOLUSD	371	137	-810.03	0.601	-0.235	-894.81	2	42
ema-9-vwap-strategy-with-atr-trailing-stop-win-the-trade	15m	SOLUSD	222	100	-340.65	0.693	-0.092	-642.22	2	42
ema-9-vwap-strategy-with-atr-trailing-stop-win-the-trade	15m	LINKUSD	248	118	-353.21	0.741	-0.082	-661.74	2	42
ema-9-vwap-strategy-with-atr-trailing-stop-win-the-trade	1h	BTCUSD	407	133	-803.78	0.424	-0.206	-908.21	0	125
ema-9-vwap-strategy-with-atr-trailing-stop-win-the-trade	1h	SOLUSD	500	263	108.13	1.039	0.017	-580.51	6	125
ema-9-vwap-strategy-with-atr-trailing-stop-win-the-trade	1h	LINKUSD	487	242	-623.92	0.719	-0.096	-854.53	2	125
ema-9-vwap-strategy-with-atr-trailing-stop-win-the-trade	4h	BTCUSD	350	133	-690.88	0.541	-0.176	-792.41	1	333
ema-9-vwap-strategy-with-atr-trailing-stop-win-the-trade	4h	SOLUSD	366	226	-60.20	0.967	-0.009	-351.10	3	333
ema-9-vwap-strategy-with-atr-trailing-stop-win-the-trade	4h	LINKUSD	410	257	202.78	1.080	0.028	-232.56	4	333
silver-surfer	15m	LINKUSD	598	211	-914.56	0.620	-0.200	-977.51	0	42
asian-box-breakout-eda-tuned	4h	LINKUSD	44	25	271.85	2.242	0.283	193.65	4	333
ws30-v5-normal-sl-fixed-atr-tp	15m	BTCUSD	13	5	-83.32	0.275	-0.336	-120.90	2	42
asian-box-breakout-eda-tuned	15m	LINKUSD	26	11	43.68	1.145	0.110	-56.73	3	42
ws30-v5-normal-sl-fixed-atr-tp	4h	BTCUSD	12	5	-62.04	0.525	-0.275	-73.80	0	333
adaptive-multi-facto-9-years	1h	BTCUSD	230	75	-560.91	0.517	-0.179	-701.22	1	125
ws30-v5-normal-sl-fixed-atr-tp	1h	BTCUSD	36	13	-214.64	0.374	-0.335	-295.96	1	125
adaptive-multi-facto-9-years	1h	SOLUSD	269	96	-399.29	0.715	-0.090	-630.44	3	125
adaptive-multi-facto-9-years	15m	BTCUSD	104	27	-337.23	0.476	-0.195	-488.97	1	42
adaptive-multi-facto-9-years	1h	LINKUSD	266	93	-575.17	0.617	-0.155	-717.55	2	125
adaptive-multi-facto-9-years	4h	BTCUSD	155	57	-160.65	0.823	-0.053	-361.62	5	333
adaptive-multi-facto-9-years	4h	SOLUSD	168	67	-168.66	0.817	-0.061	-278.21	3	333
fast-scalper-with-stops	15m	BTCUSD	124	23	-573.58	0.249	-0.348	-645.99	0	42
fast-scalper-with-stops	15m	SOLUSD	339	75	-851.12	0.418	-0.299	-915.60	0	42
adaptive-multi-facto-9-years	15m	SOLUSD	261	74	-715.78	0.460	-0.246	-828.77	1	42
adaptive-multi-facto-9-years	4h	LINKUSD	179	63	-284.96	0.743	-0.089	-413.07	3	333
fast-scalper-with-stops	15m	LINKUSD	357	99	-863.33	0.387	-0.275	-931.38	0	42
fast-scalper-with-stops	1h	BTCUSD	276	77	-734.36	0.427	-0.244	-824.36	0	125
fast-scalper-with-stops	4h	BTCUSD	207	56	-528.26	0.477	-0.184	-604.86	1	333
fast-scalper-with-stops	1h	SOLUSD	282	73	-732.48	0.458	-0.243	-819.77	1	125
fast-scalper-with-stops	1h	LINKUSD	290	83	-807.85	0.419	-0.279	-859.32	0	125
fast-scalper-with-stops	4h	SOLUSD	200	60	-285.11	0.717	-0.084	-331.61	1	333
fast-scalper-with-stops-tv-strategies	15m	BTCUSD	124	23	-573.58	0.249	-0.348	-645.99	0	42
fast-scalper-with-stops	4h	LINKUSD	256	55	-689.57	0.482	-0.226	-748.28	1	333
fast-scalper-with-stops-tv-strategies	15m	SOLUSD	339	75	-851.12	0.418	-0.299	-915.60	0	42
fast-scalper-with-stops-tv-strategies	1h	BTCUSD	276	77	-734.36	0.427	-0.244	-824.36	0	125
fast-scalper-with-stops-tv-strategies	15m	LINKUSD	357	99	-863.33	0.387	-0.275	-931.38	0	42
fast-scalper-with-stops-tv-strategies	1h	SOLUSD	282	73	-732.48	0.458	-0.243	-819.77	1	125
fast-scalper-with-stops-tv-strategies	4h	BTCUSD	207	56	-528.26	0.477	-0.184	-604.86	1	333
fast-scalper-with-stops-tv-strategies	1h	LINKUSD	290	83	-807.85	0.419	-0.279	-859.32	0	125
fast-scalper-with-stops-tv-strategies	4h	SOLUSD	200	60	-285.11	0.717	-0.084	-331.61	1	333
fast-scalper-with-stops-tv-strategies	4h	LINKUSD	256	55	-689.57	0.482	-0.226	-748.28	1	333
fast-scalper-with-stops-tv-strategies-cg3o8g9a	4h	BTCUSD	88	41	64.95	1.087	0.051	-118.62	5	333
fast-scalper-with-stops-tv-strategies-cg3o8g9a	1h	BTCUSD	125	48	-480.90	0.519	-0.262	-611.92	1	125
fast-scalper-with-stops-tv-strategies-cg3o8g9a	15m	BTCUSD	43	17	-153.42	0.602	-0.187	-265.53	1	42
fast-scalper-with-stops-tv-strategies-cg3o8g9a	4h	SOLUSD	85	41	-46.03	0.931	-0.026	-70.60	4	333
fast-scalper-with-stops-tv-strategies-cg3o8g9a	1h	SOLUSD	146	53	-529.94	0.526	-0.267	-615.42	0	125
fast-scalper-with-stops-tv-strategies-cg3o8g9a	4h	LINKUSD	91	42	-10.68	0.987	0.004	-104.97	3	333
fast-scalper-with-stops-tv-strategies-cg3o8g9a	15m	SOLUSD	147	68	-353.32	0.676	-0.147	-565.77	2	42
adaptive-multi-facto-9-years	15m	LINKUSD	275	99	-496.93	0.670	-0.118	-762.75	3	42
fast-scalper-with-stops-tv-strategies-cg3o8g9a	1h	LINKUSD	143	69	-159.78	0.864	-0.053	-422.48	1	125
sttrend-tp-lock-added	4h	BTCUSD	51	31	161.81	1.387	0.168	22.84	4	333
fast-scalper-with-stops-tv-strategies-cg3o8g9a	15m	LINKUSD	180	73	-533.84	0.572	-0.204	-710.53	2	42
sttrend-tp-lock-added	15m	BTCUSD	22	10	-123.90	0.272	-0.302	-165.78	2	42
fast-scalper-with-stops-tv-strategies-mcwal9oa	15m	BTCUSD	124	23	-573.58	0.249	-0.348	-645.99	0	42
fast-scalper-with-stops-tv-strategies-mcwal9oa	1h	BTCUSD	276	77	-734.36	0.427	-0.244	-824.36	0	125
fast-scalper-with-stops-tv-strategies-mcwal9oa	4h	BTCUSD	207	56	-528.26	0.477	-0.184	-604.86	1	333
sttrend-tp-lock-added	4h	SOLUSD	51	17	-128.12	0.689	-0.131	-164.85	2	333
fast-scalper-with-stops-tv-strategies-mcwal9oa	1h	SOLUSD	282	73	-732.48	0.458	-0.243	-819.77	1	125
sttrend-tp-lock-added	1h	BTCUSD	64	23	-262.18	0.503	-0.237	-347.38	1	125
fast-scalper-with-stops-tv-strategies-mcwal9oa	15m	SOLUSD	339	75	-851.12	0.418	-0.299	-915.60	0	42
fast-scalper-with-stops-tv-strategies-mcwal9oa	4h	SOLUSD	200	60	-285.11	0.717	-0.084	-331.61	1	333
fast-scalper-with-stops-tv-strategies-mcwal9oa	1h	LINKUSD	290	83	-807.85	0.419	-0.279	-859.32	0	125
fast-scalper-with-stops-tv-strategies-mcwal9oa	15m	LINKUSD	357	99	-863.33	0.387	-0.275	-931.38	0	42
fast-scalper-with-stops-tv-strategies-mcwal9oa	4h	LINKUSD	256	55	-689.57	0.482	-0.226	-748.28	1	333
sttrend-tp-lock-added	4h	LINKUSD	49	21	-75.32	0.784	-0.075	-161.07	3	333
sttrend-tp-lock-added	15m	SOLUSD	60	19	-311.89	0.358	-0.314	-383.93	0	42
sttrend-tp-lock-added	1h	SOLUSD	71	37	-48.92	0.886	-0.035	-133.53	3	125
sttrend-tp-lock-added	15m	LINKUSD	97	39	-225.12	0.681	-0.121	-423.90	3	42
sttrend-tp-lock-added	1h	LINKUSD	69	33	-62.58	0.868	-0.040	-180.49	4	125
es-1m-3m-momentum-signal-flip-exits	4h	BTCUSD	15	3	-36.58	0.292	-0.127	-51.74	2	333
es-1m-3m-momentum-signal-flip-exits	1h	BTCUSD	18	3	-86.98	0.163	-0.256	-115.16	2	125
es-1m-3m-momentum-signal-flip-exits	15m	BTCUSD	10	2	-53.35	0.264	-0.277	-74.01	1	42
concordance-execution-model	15m	BTCUSD	40	19	60.55	1.160	0.088	-57.78	4	42
es-1m-3m-momentum-signal-flip-exits	4h	SOLUSD	13	4	-65.36	0.123	-0.282	-73.06	1	333
es-1m-3m-momentum-signal-flip-exits	1h	SOLUSD	20	6	-142.17	0.170	-0.392	-163.52	1	125
concordance-execution-model	1h	BTCUSD	67	30	-281.07	0.501	-0.246	-371.04	0	125
es-1m-3m-momentum-signal-flip-exits	15m	SOLUSD	14	5	-96.87	0.327	-0.371	-103.29	0	42
es-1m-3m-momentum-signal-flip-exits	4h	LINKUSD	11	2	-89.66	0.225	-0.426	-94.22	0	333
concordance-execution-model	4h	BTCUSD	37	17	-100.73	0.693	-0.141	-169.42	5	333
es-1m-3m-momentum-signal-flip-exits	1h	LINKUSD	8	2	-95.58	0.113	-0.623	-106.96	1	125
9-ema-20-ema-retest-strategy	4h	BTCUSD	177	62	-173.10	0.843	-0.050	-349.00	4	333
9-ema-20-ema-retest-strategy	1h	BTCUSD	151	64	-137.26	0.858	-0.041	-471.44	3	125
9-ema-20-ema-retest-strategy	15m	BTCUSD	23	9	-42.01	0.788	-0.085	-100.80	2	42
9-ema-20-ema-retest-strategy	4h	SOLUSD	173	59	-191.52	0.838	-0.060	-370.12	4	333
es-1m-3m-momentum-signal-flip-exits	15m	LINKUSD	16	8	14.61	1.101	0.057	-22.49	3	42
9-ema-20-ema-retest-strategy	4h	LINKUSD	182	49	-556.99	0.512	-0.219	-642.61	0	333
9-ema-20-ema-retest-strategy	1h	SOLUSD	166	65	-207.82	0.805	-0.068	-418.87	2	125
concordance-execution-model	1h	SOLUSD	55	32	119.83	1.245	0.114	43.45	4	125
9-ema-20-ema-retest-strategy	15m	SOLUSD	109	42	-344.43	0.537	-0.193	-496.61	1	42
xauusd-15m-200-ema-1h-ut-bot-adx-strategy	1h	BTCUSD	12	6	-9.67	0.915	-0.034	-44.36	3	125
xauusd-15m-200-ema-1h-ut-bot-adx-strategy	1h	SOLUSD	11	4	-61.67	0.433	-0.288	-74.45	2	125
xauusd-15m-200-ema-1h-ut-bot-adx-strategy	15m	BTCUSD	10	6	28.15	1.353	0.155	-7.62	3	42
xauusd-15m-200-ema-1h-ut-bot-adx-strategy	1h	LINKUSD	16	8	5.55	1.037	0.027	-18.05	3	125
9-ema-20-ema-retest-strategy	1h	LINKUSD	157	64	-213.87	0.783	-0.071	-433.69	1	125
xauusd-15m-200-ema-1h-ut-bot-adx-strategy	4h	BTCUSD	6	2	-28.84	0.440	-0.240	-33.76	1	333
xauusd-15m-200-ema-1h-ut-bot-adx-strategy	15m	SOLUSD	18	7	-93.37	0.539	-0.271	-123.05	2	42
9-ema-20-ema-retest-strategy	15m	LINKUSD	161	56	-568.65	0.440	-0.256	-706.03	0	42
xauusd-15m-200-ema-1h-ut-bot-adx-strategy	4h	SOLUSD	8	5	35.35	1.862	0.227	17.74	2	333
xauusd-15m-200-ema-1h-ut-bot-adx-strategy	4h	LINKUSD	4	2	-8.32	0.694	-0.099	-11.24	2	333
concordance-execution-model	15m	SOLUSD	116	52	-249.02	0.785	-0.116	-427.79	1	42
concordance-execution-model	4h	SOLUSD	38	18	-0.29	0.999	0.010	-41.55	3	333
xauusd-15m-200-ema-1h-ut-bot-adx-strategy	15m	LINKUSD	36	16	-54.68	0.868	-0.060	-145.55	3	42
good-luck	1h	BTCUSD	67	32	-48.62	0.916	-0.028	-174.18	2	125
good-luck	4h	BTCUSD	58	24	-3.47	0.992	0.014	-72.03	3	333
good-luck	15m	BTCUSD	26	9	-9.27	0.955	-0.006	-91.66	2	42
good-luck	4h	SOLUSD	53	21	-69.30	0.845	-0.061	-120.76	3	333
concordance-execution-model	1h	LINKUSD	65	25	-296.74	0.525	-0.263	-379.07	2	125
good-luck	1h	SOLUSD	77	27	-289.52	0.548	-0.222	-383.86	2	125
good-luck	4h	LINKUSD	50	16	-187.33	0.607	-0.195	-233.93	2	333
clean-vwap-zl-scalper-single-trigger-by-david	1h	BTCUSD	311	103	-767.70	0.456	-0.237	-867.47	0	125
good-luck	15m	SOLUSD	68	30	-67.01	0.865	-0.047	-262.70	1	42
clean-vwap-zl-scalper-single-trigger-by-david	4h	BTCUSD	276	99	-460.71	0.698	-0.108	-582.58	1	333
clean-vwap-zl-scalper-single-trigger-by-david	1h	SOLUSD	332	117	-721.07	0.523	-0.199	-831.69	1	125
good-luck	1h	LINKUSD	78	28	-328.03	0.498	-0.249	-416.49	3	125
clean-vwap-zl-scalper-single-trigger-by-david	4h	SOLUSD	269	99	-376.61	0.750	-0.087	-498.56	3	333
clean-vwap-zl-scalper-single-trigger-by-david	15m	BTCUSD	66	25	-302.54	0.413	-0.274	-405.24	2	42
clean-vwap-zl-scalper-single-trigger-by-david	4h	LINKUSD	273	94	-549.45	0.648	-0.142	-671.90	1	333
clean-vwap-zl-scalper-single-trigger-by-david	1h	LINKUSD	367	125	-817.99	0.529	-0.228	-897.49	1	125
clean-vwap-zl-scalper-single-trigger-by-sandip	15m	BTCUSD	66	25	-302.54	0.413	-0.274	-405.24	2	42
concordance-execution-model	15m	LINKUSD	135	58	-298.34	0.787	-0.120	-481.80	2	42
good-luck	15m	LINKUSD	88	33	-297.41	0.557	-0.194	-385.24	1	42
clean-vwap-zl-scalper-single-trigger-by-sandip	4h	BTCUSD	276	99	-460.71	0.698	-0.108	-582.58	1	333
clean-vwap-zl-scalper-single-trigger-by-sandip	1h	BTCUSD	311	103	-767.70	0.456	-0.237	-867.47	0	125
clean-vwap-zl-scalper-single-trigger-by-sandip	4h	SOLUSD	269	99	-376.61	0.750	-0.087	-498.56	3	333
clean-vwap-zl-scalper-single-trigger-by-sandip	1h	SOLUSD	332	117	-721.07	0.523	-0.199	-831.69	1	125
clean-vwap-zl-scalper-single-trigger-by-sandip	15m	SOLUSD	206	71	-670.93	0.456	-0.276	-770.09	1	42
clean-vwap-zl-scalper-single-trigger-by-sandip	4h	LINKUSD	273	94	-549.45	0.648	-0.142	-671.90	1	333
clean-vwap-zl-scalper-single-trigger-by-sandip	1h	LINKUSD	367	125	-817.99	0.529	-0.228	-897.49	1	125
clean-vwap-zl-scalper-single-trigger-by-sandip	15m	LINKUSD	247	91	-714.00	0.489	-0.248	-830.98	1	42
clean-vwap-zl-scalper-single-trigger-by-david	15m	SOLUSD	206	71	-670.93	0.456	-0.276	-770.09	1	42
concordance-execution-model	4h	LINKUSD	28	16	51.12	1.210	0.098	0.81	4	333
zr-grizzly	4h	BTCUSD	62	29	6.47	1.014	0.018	-33.38	5	333
spike-ea-trade-strategy	1h	BTCUSD	1219	391	-965.05	0.378	-0.153	-974.52	0	125
spike-ea-trade-strategy	4h	BTCUSD	992	378	-831.73	0.487	-0.097	-929.34	0	333
spike-ea-trade-strategy	15m	BTCUSD	582	173	-835.38	0.327	-0.160	-954.57	0	42
zr-grizzly	1h	BTCUSD	124	47	-244.19	0.737	-0.103	-448.20	3	125
zr-grizzly	15m	BTCUSD	51	19	-264.71	0.380	-0.303	-296.37	1	42
zr-grizzly	4h	SOLUSD	71	35	168.35	1.360	0.128	90.93	4	333
spike-ea-trade-strategy	1h	SOLUSD	622	238	-791.45	0.565	-0.136	-887.97	0	125
spike-ea-trade-strategy	4h	SOLUSD	681	316	-483.19	0.743	-0.054	-701.32	2	333
spike-ea-trade-strategy	15m	SOLUSD	425	137	-835.57	0.464	-0.224	-913.48	1	42
spike-ea-trade-strategy	1h	LINKUSD	4	1	-40.29	0.311	-0.508	-42.51	1	125
spike-ea-trade-strategy	4h	LINKUSD	45	17	-223.09	0.486	-0.274	-226.25	2	333
spike-ea-trade-strategy	15m	LINKUSD	4	2	-24.18	0.386	-0.301	53.32	2	42
clean-vwap-zl-scalper-single-trigger-by-david	15m	LINKUSD	247	91	-714.00	0.489	-0.248	-830.98	1	42
zr-grizzly	4h	LINKUSD	75	34	-36.46	0.936	-0.018	-69.77	3	333
zr-grizzly	15m	SOLUSD	162	61	-541.83	0.516	-0.245	-637.31	2	42
zr-grizzly	1h	SOLUSD	138	52	-286.56	0.718	-0.116	-413.08	0	125
zr-grizzly	15m	LINKUSD	166	65	-473.52	0.570	-0.186	-629.81	0	42
zr-grizzly	1h	LINKUSD	142	57	-340.44	0.628	-0.139	-476.68	2	125
nasdaq-oro-bruto-24h-mejorada	15m	BTCUSD	59	32	-73.84	0.829	-0.059	-220.16	2	42
nasdaq-oro-bruto-24h-mejorada	15m	SOLUSD	184	103	324.33	1.217	0.087	-204.42	4	42
nasdaq-oro-bruto-24h-mejorada	15m	LINKUSD	201	110	-68.48	0.957	-0.008	-455.71	5	42
nasdaq-oro-bruto-24h-mejorada	1h	BTCUSD	154	67	-355.82	0.598	-0.137	-538.47	1	125
nasdaq-oro-bruto-24h-mejorada	1h	SOLUSD	164	98	555.30	1.520	0.150	41.22	4	125
nasdaq-oro-bruto-24h-mejorada	1h	LINKUSD	165	82	-109.61	0.908	-0.026	-390.04	2	125
nasdaq-oro-bruto-24h-mejorada	4h	BTCUSD	113	44	-277.21	0.601	-0.149	-376.91	1	333
nasdaq-oro-bruto-24h-mejorada	4h	SOLUSD	126	45	-289.55	0.657	-0.141	-361.16	2	333
nasdaq-oro-bruto-24h-mejorada	4h	LINKUSD	121	55	6.45	1.007	0.012	-148.63	3	333
nasdaq-nq-24h-mejorada	15m	BTCUSD	59	32	-73.84	0.829	-0.059	-220.16	2	42
initial-balance-breakout-samjnq-v3	1h	BTCUSD	0	0	0.00	0.000	0.000	0.00	0	125
nasdaq-nq-24h-mejorada	15m	SOLUSD	184	103	324.33	1.217	0.087	-204.42	4	42
initial-balance-breakout-samjnq-v3	15m	BTCUSD	0	0	0.00	0.000	0.000	0.00	0	42
nasdaq-nq-24h-mejorada	15m	LINKUSD	201	110	-68.48	0.957	-0.008	-455.71	5	42
nasdaq-nq-24h-mejorada	1h	BTCUSD	154	67	-355.82	0.598	-0.137	-538.47	1	125
nasdaq-nq-24h-mejorada	1h	SOLUSD	164	98	555.30	1.520	0.150	41.22	4	125
nasdaq-nq-24h-mejorada	1h	LINKUSD	165	82	-109.61	0.908	-0.026	-390.04	2	125
nasdaq-nq-24h-mejorada	4h	BTCUSD	113	44	-277.21	0.601	-0.149	-376.91	1	333
nasdaq-nq-24h-mejorada	4h	SOLUSD	126	45	-289.55	0.657	-0.141	-361.16	2	333
nasdaq-nq-24h-mejorada	4h	LINKUSD	121	55	6.45	1.007	0.012	-148.63	3	333
frosty-alerts	15m	BTCUSD	1308	212	-965.26	0.183	-0.144	-969.82	0	42
frosty-alerts	1h	BTCUSD	1956	353	-978.54	0.286	-0.113	-974.95	0	125
frosty-alerts	1h	SOLUSD	1984	393	-957.64	0.399	-0.092	-967.81	0	125
frosty-alerts	4h	BTCUSD	2037	417	-911.38	0.528	-0.069	-960.18	0	333
frosty-alerts	15m	SOLUSD	1587	276	-968.72	0.252	-0.125	-960.79	0	42
caldera-meridian-strategy	1h	BTCUSD	94	27	-295.81	0.454	-0.186	-415.45	1	125
frosty-alerts	4h	SOLUSD	1713	377	-741.71	0.621	-0.046	-893.16	0	333
frosty-alerts	1h	LINKUSD	1958	403	-980.02	0.385	-0.103	-980.11	0	125
caldera-meridian-strategy	4h	BTCUSD	62	16	-118.65	0.714	-0.102	-222.08	2	333
caldera-meridian-strategy	1h	SOLUSD	86	20	-242.58	0.504	-0.160	-319.98	2	125
frosty-alerts	4h	LINKUSD	1632	367	-810.01	0.618	-0.051	-952.63	0	333
caldera-meridian-strategy	4h	SOLUSD	62	16	-72.73	0.788	-0.066	-137.06	3	333
frosty-alerts	15m	LINKUSD	1445	252	-980.19	0.199	-0.139	-980.13	0	42
caldera-meridian-strategy	15m	BTCUSD	25	5	-140.09	0.181	-0.305	-122.35	1	42
caldera-meridian-strategy	4h	LINKUSD	65	15	-305.83	0.352	-0.278	-340.16	1	333
caldera-meridian-strategy	1h	LINKUSD	98	24	-396.17	0.364	-0.251	-476.81	2	125
caldera-meridian-strategy	15m	SOLUSD	79	15	-310.39	0.358	-0.238	-424.52	0	42
strategy-502-de-franpineda	4h	SOLUSD	4	2	-10.93	0.684	-0.095	-13.91	0	333
caldera-meridian-strategy	15m	LINKUSD	90	25	-355.36	0.461	-0.237	-480.43	2	42
strategy-502-de-franpineda	1h	SOLUSD	2	2	34.76	99.000	0.878	27.41	1	125
strategy-502-de-franpineda	4h	LINKUSD	1	0	-19.65	0.000	-1.000	-19.63	0	333
strategy-502-de-franpineda	15m	SOLUSD	0	0	0.00	0.000	0.000	0.00	0	42
strategy-501-de-franpineda	4h	SOLUSD	4	3	20.87	2.261	0.386	18.19	1	333
strategy-501-de-franpineda	15m	SOLUSD	0	0	0.00	0.000	0.000	0.00	0	42
strategy-502-de-franpineda	1h	LINKUSD	1	1	6.91	99.000	0.347	5.65	1	125
strategy-501-de-franpineda	1h	SOLUSD	2	2	34.76	99.000	0.878	27.41	1	125
strategy-501-de-franpineda	4h	LINKUSD	0	0	0.00	0.000	0.000	0.00	0	333
strategy-502-de-franpineda	15m	LINKUSD	1	1	4.49	99.000	0.225	2.84	1	42
strategy-500-turtle-soup-ny-v5-m5-sweep	1h	SOLUSD	1	1	7.48	99.000	0.407	7.16	1	125
strategy-501-de-franpineda	1h	LINKUSD	1	1	6.91	99.000	0.347	5.65	1	125
strategy-501-de-franpineda	15m	LINKUSD	0	0	0.00	0.000	0.000	0.00	0	42
btc-smart-pullback-liquidity-adaptive-rsi	15m	SOLUSD	1	1	18.83	99.000	0.969	12.44	1	42
strategy-500-turtle-soup-ny-v5-m5-sweep	15m	SOLUSD	5	2	-29.63	0.459	-0.322	-59.01	2	42
enso-usdt-12h-trend-pullback-sniper	15m	BTCUSD	40	10	-93.25	0.580	-0.119	-217.80	1	42
enso-usdt-12h-trend-pullback-sniper	15m	SOLUSD	88	25	-152.87	0.665	-0.093	-271.39	1	42
enso-usdt-12h-trend-pullback-sniper	15m	LINKUSD	91	29	-310.87	0.495	-0.200	-418.35	1	42
enso-usdt-12h-trend-pullback-sniper	1h	BTCUSD	59	17	-138.97	0.637	-0.124	-250.32	2	125
enso-usdt-12h-trend-pullback-sniper	4h	BTCUSD	44	9	-169.87	0.486	-0.211	-201.44	2	333
enso-usdt-12h-trend-pullback-sniper	4h	SOLUSD	50	15	-103.99	0.652	-0.113	-121.46	1	333
enso-usdt-12h-trend-pullback-sniper	1h	SOLUSD	56	15	-117.95	0.689	-0.112	-202.70	3	125
enso-usdt-12h-trend-pullback-sniper	4h	LINKUSD	56	16	-134.18	0.652	-0.124	-181.31	3	333
enso-usdt-12h-trend-pullback-sniper	1h	LINKUSD	58	19	-115.27	0.740	-0.099	-243.89	4	125
tetrad-elektro-community-v1-0	1h	BTCUSD	4	1	-40.55	0.307	-0.524	-46.42	0	125
tetrad-elektro-community-v1-0	15m	BTCUSD	1	1	4.21	99.000	0.215	2.60	1	42
tetrad-elektro-community-v1-0	1h	SOLUSD	7	1	-66.03	0.256	-0.490	-72.22	1	125
tetrad-elektro-community-v1-0	4h	BTCUSD	3	0	-43.55	0.000	-0.757	-41.93	0	333
tetrad-elektro-community-v1-0	15m	SOLUSD	6	2	-32.90	0.277	-0.281	-40.39	2	42
tetrad-elektro-community-v1-0	4h	SOLUSD	5	2	-29.82	0.417	-0.326	-32.60	2	333
tetrad-elektro-community-v1-0	1h	LINKUSD	5	1	-49.37	0.355	-0.497	-55.88	1	125
tetrad-elektro-community-v1-0	4h	LINKUSD	5	1	-41.45	0.355	-0.421	-42.91	1	333
tetrad-elektro-community-v1-0	15m	LINKUSD	4	2	-0.88	0.974	-0.002	-1.68	2	42
my-strategy-9	15m	BTCUSD	37	13	-194.52	0.369	-0.290	-260.80	3	42
my-strategy-9	15m	SOLUSD	115	44	-426.95	0.560	-0.238	-541.41	0	42
my-strategy-9	1h	BTCUSD	95	51	-140.01	0.802	-0.073	-328.81	3	125
post-absorption-vwap-reversal-engine-v1-6	1h	BTCUSD	1	1	18.67	99.000	0.967	14.43	1	125
my-strategy-9	4h	BTCUSD	85	37	-310.44	0.576	-0.220	-353.11	1	333
my-strategy-9	1h	SOLUSD	96	47	-213.27	0.715	-0.124	-306.66	2	125
post-absorption-vwap-reversal-engine-v1-6	15m	BTCUSD	1	1	12.88	99.000	0.646	3.44	1	42
my-strategy-9	1h	LINKUSD	119	52	-93.33	0.908	-0.028	-314.09	3	125
my-strategy-9	4h	SOLUSD	77	38	-38.21	0.945	-0.014	-89.80	3	333
my-strategy-9	15m	LINKUSD	141	69	-86.39	0.935	-0.018	-444.29	4	42
tradingview-bot-trailing-15-min	15m	BTCUSD	25	6	-120.34	0.281	-0.257	-196.80	2	42
tradingview-bot-trailing-15-min	15m	SOLUSD	34	19	-54.85	0.806	-0.079	-127.44	2	42
tradingview-bot-trailing-15-min	15m	LINKUSD	34	13	-258.85	0.276	-0.434	-293.58	1	42
sebbiottino-trailing-stop-so-good-ger40-1m	15m	BTCUSD	106	27	-308.12	0.484	-0.173	-475.33	1	42
sebbiottino-trailing-stop-so-good-ger40-1m	4h	BTCUSD	168	59	-222.62	0.781	-0.071	-408.59	3	333
sebbiottino-trailing-stop-so-good-ger40-1m	1h	BTCUSD	267	79	-557.01	0.559	-0.152	-746.78	0	125
sebbiottino-trailing-stop-so-good-ger40-1m	4h	SOLUSD	163	50	-319.64	0.618	-0.130	-412.64	2	333
sebbiottino-trailing-stop-so-good-ger40-1m	1h	SOLUSD	286	76	-534.09	0.619	-0.135	-691.10	0	125
sebbiottino-trailing-stop-so-good-ger40-1m	4h	LINKUSD	191	57	-458.35	0.560	-0.157	-538.36	2	333
sebbiottino-trailing-stop-so-good-ger40-1m	15m	SOLUSD	286	78	-588.52	0.634	-0.155	-783.27	1	42
sebbiottino-trailing-stop-so-good-ger40-1m	1h	LINKUSD	325	93	-617.73	0.618	-0.143	-767.83	1	125
sebbiottino-trailing-stop-so-good-ger40-1m	15m	LINKUSD	367	103	-677.78	0.598	-0.148	-875.65	1	42
my-strategy-9	4h	LINKUSD	79	38	-181.52	0.740	-0.120	-249.21	3	333
ut-bot-shah-200-50-ema	15m	BTCUSD	24	8	17.79	1.189	0.043	-66.36	3	42
ut-bot-shah-200-50-ema	4h	BTCUSD	27	7	-118.90	0.225	-0.247	-140.93	0	333
ut-bot-shah-200-50-ema	1h	BTCUSD	32	5	-172.29	0.130	-0.298	-214.75	0	125
post-absorption-vwap-reversal-engine-v1-6	1h	SOLUSD	1	0	-18.51	0.000	-0.976	-17.99	0	125
ut-bot-shah-200-50-ema	4h	SOLUSD	27	12	-118.13	0.560	-0.239	-129.11	3	333
ut-bot-shah-200-50-ema	1h	SOLUSD	33	20	151.91	1.531	0.237	65.31	4	125
ut-bot-shah-200-50-ema	15m	SOLUSD	41	12	-307.61	0.350	-0.450	-312.59	1	42
ut-bot-shah-200-50-ema	4h	LINKUSD	24	11	-36.47	0.855	-0.067	-54.79	2	333
ut-bot-shah-200-50-ema	1h	LINKUSD	41	26	302.35	1.896	0.337	135.98	6	125
ut-bot-shah-200-50-ema	15m	LINKUSD	59	24	-134.24	0.806	-0.104	-248.46	2	42
tradingview-bot-goat	15m	BTCUSD	25	6	-119.79	0.282	-0.255	-196.36	2	42
tradingview-bot-goat	15m	SOLUSD	33	15	-112.95	0.665	-0.177	-178.09	2	42
tradingview-bot-goat	15m	LINKUSD	34	13	-258.85	0.276	-0.434	-293.58	1	42
post-absorption-vwap-reversal-engine-v1-6	15m	SOLUSD	1	1	12.65	99.000	0.665	12.27	1	42
stochastic-bot-with-sl-tp	15m	BTCUSD	8	3	-45.02	0.315	-0.291	-66.02	2	42
stochastic-bot-with-sl-tp	1h	BTCUSD	34	18	26.07	1.084	0.051	-88.24	5	125
stochastic-bot-with-sl-tp	15m	SOLUSD	25	9	-74.58	0.702	-0.144	-177.77	3	42
stochastic-bot-with-sl-tp	4h	BTCUSD	31	15	-22.08	0.920	-0.033	-54.73	3	333
stochastic-bot-with-sl-tp	1h	SOLUSD	32	13	-119.98	0.672	-0.187	-172.17	3	125
stochastic-bot-with-sl-tp	15m	LINKUSD	34	16	-153.36	0.497	-0.240	-209.71	2	42
stochastic-bot-with-sl-tp	4h	SOLUSD	31	14	-18.11	0.930	-0.007	-37.37	3	333
stochastic-bot-with-sl-tp	1h	LINKUSD	32	17	23.86	1.092	0.048	-31.61	6	125
stochastic-bot-with-sl-tp	4h	LINKUSD	28	13	88.92	1.351	0.165	29.49	5	333
post-absorption-vwap-reversal-engine-v1-6	1h	LINKUSD	1	0	-19.32	0.000	-0.974	-19.43	0	125
helios-institutional-synthesis-strategy	1h	BTCUSD	87	33	-215.84	0.590	-0.138	-361.86	1	125
post-absorption-vwap-reversal-engine-v1-6	15m	LINKUSD	1	0	-20.00	0.000	-1.000	-19.94	0	42
ut-bot-alert-shah	15m	BTCUSD	7	5	79.19	10.048	0.563	45.08	3	42
helios-institutional-synthesis-strategy	4h	BTCUSD	219	89	-264.85	0.747	-0.068	-456.43	1	333
ut-bot-alert-shah	15m	SOLUSD	12	2	-159.20	0.105	-0.733	-148.36	0	42
helios-institutional-synthesis-strategy	1h	SOLUSD	137	46	-221.73	0.676	-0.090	-402.21	2	125
helios-institutional-synthesis-strategy	15m	BTCUSD	3	0	-35.57	0.000	-0.608	-38.95	0	42
ut-bot-alert-shah	1h	BTCUSD	5	0	-25.54	0.000	-0.262	-35.49	0	125
ut-bot-alert-shah	15m	LINKUSD	7	1	-109.40	0.040	-0.821	-110.67	0	42
ut-bot-alert-shah	4h	BTCUSD	2	1	6.19	5.948	0.171	3.17	1	333
ut-bot-alert-shah	1h	SOLUSD	6	3	-15.28	0.738	-0.123	-22.12	1	125
ut-bot-alert-shah	4h	SOLUSD	2	1	-10.97	0.416	-0.287	-9.52	0	333
ut-bot-alert-shah	1h	LINKUSD	6	3	-26.34	0.551	-0.216	-31.01	1	125
helios-institutional-synthesis-strategy	1h	LINKUSD	147	60	-307.14	0.605	-0.121	-447.23	1	125
ut-bot-alert-shah	4h	LINKUSD	1	1	8.75	99.000	0.439	23.25	1	333
helios-institutional-synthesis-strategy	4h	SOLUSD	205	82	-182.90	0.826	-0.040	-294.57	4	333
psol-01-donchian-channels	15m	BTCUSD	12	6	15.53	1.257	0.066	-23.04	2	42
psol-01-donchian-channels	1h	BTCUSD	40	21	64.85	1.335	0.088	-36.48	6	125
psol-01-donchian-channels	1h	SOLUSD	30	17	226.14	2.279	0.361	122.46	7	125
psol-01-donchian-channels	15m	SOLUSD	21	5	-222.68	0.145	-0.610	-246.43	1	42
psol-01-donchian-channels	1h	LINKUSD	32	13	-114.14	0.551	-0.184	-160.49	3	125
helios-institutional-synthesis-strategy	15m	SOLUSD	21	6	-94.56	0.363	-0.238	-96.68	1	42
psol-01-donchian-channels	15m	LINKUSD	24	9	-117.46	0.537	-0.247	-162.48	3	42
psol-01-donchian-channels	4h	BTCUSD	29	12	-53.91	0.538	-0.096	-86.45	3	333
psol-01-donchian-channels	4h	SOLUSD	20	12	79.06	2.912	0.213	56.37	4	333
psol-01-donchian-channels	4h	LINKUSD	26	15	77.39	2.259	0.147	45.64	4	333
nas100-sp500-turtle-soup-ny-v4-fixed	4h	SOLUSD	62	33	66.53	1.151	0.058	-2.34	5	333
helios-institutional-synthesis-strategy	15m	LINKUSD	27	6	-170.50	0.293	-0.342	-210.02	1	42
quant-synthesis-strategy	15m	BTCUSD	16	5	-110.49	0.265	-0.365	-141.29	0	42
helios-institutional-synthesis-strategy	4h	LINKUSD	216	85	-202.41	0.830	-0.047	-330.82	3	333
quant-synthesis-strategy	4h	BTCUSD	85	35	-140.74	0.715	-0.084	-207.35	3	333
quant-synthesis-strategy	1h	BTCUSD	70	27	-183.00	0.616	-0.142	-278.44	2	125
nas100-sp500-turtle-soup-ny-v4-fixed	4h	LINKUSD	1	0	-19.21	0.000	-0.990	-19.74	0	333
quant-synthesis-strategy	4h	SOLUSD	72	35	44.98	1.114	0.051	-0.73	4	333
nas100-sp500-turtle-soup-ny-v4-fixed	1h	SOLUSD	40	17	-120.98	0.690	-0.157	-151.34	4	125
regime-execution-strategy	15m	BTCUSD	31	16	-69.22	0.726	-0.112	-97.64	2	42
quant-synthesis-strategy	4h	LINKUSD	76	37	58.58	1.159	0.042	-22.15	6	333
nas100-sp500-turtle-soup-ny-v4-fixed	15m	SOLUSD	18	5	-163.52	0.304	-0.494	-216.70	2	42
regime-execution-strategy	4h	BTCUSD	52	20	-239.70	0.547	-0.261	-242.99	3	333
regime-execution-strategy	1h	BTCUSD	69	34	-225.90	0.592	-0.182	-330.27	3	125
regime-execution-strategy	15m	SOLUSD	77	45	-50.59	0.920	-0.028	-137.06	3	42
regime-execution-strategy	4h	SOLUSD	60	30	-76.34	0.850	-0.068	-164.04	4	333
quant-synthesis-strategy	15m	SOLUSD	34	20	46.76	1.185	0.079	-27.44	2	42
quant-synthesis-strategy	1h	SOLUSD	65	32	-69.93	0.833	-0.054	-144.47	3	125
regime-execution-strategy	1h	SOLUSD	86	40	-192.82	0.761	-0.117	-305.59	2	125
regime-execution-strategy	4h	LINKUSD	48	20	-110.10	0.790	-0.112	-142.55	3	333
regime-execution-strategy	15m	LINKUSD	88	33	-436.21	0.442	-0.318	-568.65	1	42
regime-execution-strategy	1h	LINKUSD	85	36	-317.89	0.603	-0.216	-340.16	2	125
quant-synthesis-strategy	1h	LINKUSD	69	31	65.40	1.139	0.055	-67.33	3	125
quant-synthesis-strategy	15m	LINKUSD	38	16	-49.89	0.862	-0.054	-149.75	2	42
gold-ai-strategy-v2-0	4h	BTCUSD	37	14	-182.70	0.557	-0.264	-185.00	2	333
gold-ai-strategy-v2-0	15m	BTCUSD	23	10	-101.98	0.559	-0.226	-169.41	3	42
gold-ai-strategy-v2-0	4h	SOLUSD	71	47	57.91	1.134	0.060	12.23	4	333
gold-ai-strategy-v2-0	15m	SOLUSD	81	50	47.79	1.111	0.037	-120.51	3	42
gold-ai-strategy-v2-0	4h	LINKUSD	60	42	6.38	1.018	0.011	-67.24	4	333
sr-chart-pattern-scalper-v1	4h	SOLUSD	26	11	-36.26	0.845	-0.056	-45.01	3	333
gold-ai-strategy-v2-0	15m	LINKUSD	84	55	253.70	1.558	0.142	-53.52	4	42
gold-ai-strategy-v2-0	1h	BTCUSD	65	28	-250.28	0.595	-0.218	-335.30	2	125
sr-chart-pattern-scalper-v1	4h	LINKUSD	14	5	-78.03	0.435	-0.287	-86.01	1	333
sr-chart-pattern-scalper-v1	1h	SOLUSD	49	25	-65.77	0.848	-0.057	-132.96	4	125
gold-ai-strategy-v2-0	1h	SOLUSD	123	78	-110.46	0.849	-0.042	-295.76	5	125
liquidity-entry-zones-strategy-2-0	4h	BTCUSD	201	73	-336.73	0.718	-0.103	-476.85	2	333
liquidity-entry-zones-strategy-2-0	1h	BTCUSD	228	89	-507.04	0.619	-0.153	-702.97	1	125
zeta9-v6	15m	BTCUSD	98	34	-477.50	0.272	-0.334	-580.55	0	42
liquidity-entry-zones-strategy-2-0	4h	SOLUSD	238	125	393.16	1.292	0.084	74.87	6	333
liquidity-entry-zones-strategy-2-0	15m	BTCUSD	94	31	-433.95	0.380	-0.303	-527.03	1	42
gold-ai-strategy-v2-0	1h	LINKUSD	99	57	-220.86	0.644	-0.121	-380.24	3	125
sr-chart-pattern-scalper-v1	15m	SOLUSD	29	14	-58.42	0.775	-0.096	-108.64	3	42
liquidity-entry-zones-strategy-2-0	4h	LINKUSD	137	68	-157.02	0.847	-0.054	-213.43	2	333
zeta9-v6	15m	SOLUSD	285	117	-654.15	0.561	-0.188	-807.42	1	42
zeta9-v6	4h	BTCUSD	151	66	-259.33	0.749	-0.097	-337.53	0	333
sr-chart-pattern-scalper-v1	1h	LINKUSD	28	16	95.16	1.444	0.177	36.27	5	125
liquidity-entry-zones-strategy-2-0	1h	SOLUSD	326	138	-487.67	0.696	-0.097	-695.91	2	125
zeta9-v6	4h	SOLUSD	153	72	-125.32	0.889	-0.042	-242.20	3	333
zeta9-v6	4h	LINKUSD	166	72	-263.08	0.787	-0.083	-309.69	1	333
zeta9-v6	1h	BTCUSD	232	91	-570.33	0.598	-0.181	-707.74	1	125
zeta9-v6	15m	LINKUSD	344	156	-635.03	0.667	-0.139	-832.50	2	42
zeta9-v6	1h	SOLUSD	257	95	-654.12	0.535	-0.213	-763.33	0	125
ultimate-smc-emas-day-trading-strategy	1h	BTCUSD	42	18	-96.04	0.666	-0.117	-186.16	3	125
ultimate-smc-emas-day-trading-strategy	15m	BTCUSD	6	1	-81.43	0.063	-0.709	-84.37	1	42
liquidity-entry-zones-strategy-2-0	1h	LINKUSD	99	55	112.51	1.140	0.065	-105.14	4	125
liquidity-entry-zones-strategy-2-0	15m	SOLUSD	306	134	-651.32	0.532	-0.175	-816.29	0	42
sr-chart-pattern-scalper-v1	15m	LINKUSD	38	17	-68.60	0.814	-0.082	-72.19	5	42
zeta9-v6	1h	LINKUSD	280	119	-621.05	0.632	-0.167	-740.93	1	125
ultimate-smc-emas-day-trading-strategy	4h	BTCUSD	16	9	-57.55	0.397	-0.194	-77.89	2	333
ultimate-smc-emas-day-trading-strategy	1h	SOLUSD	19	12	-13.88	0.808	-0.038	-52.12	3	125
btc-long-only-by-soran-final	1h	SOLUSD	10	5	-22.19	0.746	-0.116	1.24	3	125
btc-long-only-by-soran-final	15m	SOLUSD	11	6	-34.84	0.642	-0.159	-44.98	5	42
ultimate-smc-emas-day-trading-strategy	15m	SOLUSD	39	19	-128.69	0.564	-0.175	-194.13	3	42
btc-long-only-by-soran-final	1h	LINKUSD	5	3	-0.00	1.000	0.009	-5.48	3	125
btc-long-only-by-soran-final	15m	LINKUSD	9	6	-17.21	0.719	-0.091	-44.65	5	42
ultimate-smc-emas-day-trading-strategy	1h	LINKUSD	41	21	5.22	1.023	0.011	-76.00	4	125
ultimate-smc-emas-day-trading-strategy	4h	SOLUSD	21	11	-27.83	0.654	-0.070	-49.93	2	333
btc-long-only-by-soran-final	4h	SOLUSD	11	5	-29.30	0.673	-0.168	-64.01	3	333
liquidity-entry-zones-strategy-2-0	15m	LINKUSD	81	34	-275.37	0.631	-0.188	-369.52	2	42
3commas-silicon-vault-long-intc-dca-strategy	4h	BTCUSD	6	2	-51.14	0.313	-0.446	-52.53	0	333
btc-long-only-by-soran-final	4h	LINKUSD	9	2	62.93	1.946	0.377	53.30	2	333
ultimate-smc-emas-day-trading-strategy	15m	LINKUSD	38	19	-153.60	0.556	-0.213	-229.51	2	42
btc-averages-strategy-long-short	15m	BTCUSD	25	9	-143.11	0.405	-0.305	-187.38	4	42
20-200-sma-strategy	15m	BTCUSD	53	19	-359.36	0.303	-0.420	-294.53	0	42
20-200-sma-strategy	1h	BTCUSD	145	56	-514.29	0.577	-0.245	-598.91	2	125
ultimate-smc-emas-day-trading-strategy	4h	LINKUSD	35	16	-146.08	0.386	-0.223	-169.49	1	333
btc-averages-strategy-long-short	15m	SOLUSD	70	28	-287.03	0.536	-0.239	-390.05	3	42
3commas-silicon-vault-long-intc-dca-strategy	4h	SOLUSD	5	2	-30.71	0.304	-0.415	-32.77	0	333
btc-averages-strategy-long-short	15m	LINKUSD	101	40	-197.19	0.801	-0.094	-317.13	3	42
btc-averages-strategy-long-short	1h	BTCUSD	69	32	-66.75	0.875	-0.043	-262.35	3	125
btc-averages-strategy-long-short	4h	BTCUSD	65	27	-118.89	0.746	-0.097	-138.43	4	333
btc-averages-strategy-long-short	4h	SOLUSD	66	29	-114.67	0.782	-0.092	-184.51	3	333
20-200-sma-strategy	1h	SOLUSD	295	150	-406.73	0.804	-0.078	-628.48	2	125
btc-averages-strategy-long-short	1h	SOLUSD	76	30	-280.90	0.555	-0.211	-332.64	2	125
20-200-sma-strategy	4h	BTCUSD	90	46	107.96	1.125	0.077	-43.47	5	333
btc-averages-strategy-long-short	4h	LINKUSD	61	22	-184.81	0.607	-0.162	-249.62	2	333
20-200-sma-strategy	15m	SOLUSD	311	166	-278.13	0.898	-0.043	-582.34	2	42
btc-averages-strategy-long-short	1h	LINKUSD	90	34	-215.86	0.702	-0.125	-326.93	2	125
20-200-sma-strategy	1h	LINKUSD	300	151	-201.29	0.921	-0.025	-449.67	3	125
3commas-gold-vault-long	4h	BTCUSD	3	1	-28.90	0.205	-0.529	-30.35	0	333
20-200-sma-strategy	4h	SOLUSD	198	101	5.02	1.003	0.016	-133.61	4	333
20-200-sma-strategy	15m	LINKUSD	410	223	-107.75	0.971	-0.003	-698.13	3	42
3commas-gold-vault-long	4h	SOLUSD	4	1	-46.17	0.061	-0.692	-48.93	0	333
3commas-gold-vault-long	4h	LINKUSD	14	6	-91.95	0.304	-0.348	-98.93	0	333
3commas-silicon-vault-long-intc-dca-strategy	4h	LINKUSD	4	3	6.96	1.352	0.092	5.58	1	333
20-200-sma-strategy	4h	LINKUSD	236	113	-225.70	0.893	-0.044	-303.60	3	333
concordance-allocation-strategy	4h	BTCUSD	79	33	-225.93	0.590	-0.164	-324.84	2	333
bb-short-dca-strategy	15m	BTCUSD	6	1	-70.99	0.234	-0.620	-76.66	0	42
bb-short-dca-strategy	15m	SOLUSD	14	6	-68.22	0.542	-0.245	-94.46	2	42
bb-short-dca-strategy	15m	LINKUSD	16	7	-60.60	0.631	-0.187	-78.28	2	42
concordance-allocation-strategy	4h	SOLUSD	86	29	-383.74	0.372	-0.302	-421.55	0	333
concordance-allocation-strategy	15m	BTCUSD	46	19	-101.89	0.723	-0.105	-218.31	2	42
bb-short-dca-strategy	1h	BTCUSD	9	2	-80.37	0.388	-0.464	-94.52	0	125
bb-short-dca-strategy	1h	SOLUSD	20	9	-28.67	0.858	-0.052	-50.27	3	125
bb-short-dca-strategy	1h	LINKUSD	19	11	-28.58	0.817	-0.071	-47.98	3	125
concordance-allocation-strategy	4h	LINKUSD	71	23	-387.17	0.384	-0.342	-438.04	0	333
bb-short-dca-strategy	4h	BTCUSD	14	5	-110.43	0.342	-0.414	-105.06	1	333
concordance-allocation-strategy	1h	BTCUSD	98	40	-220.74	0.668	-0.123	-385.75	3	125
bb-short-dca-strategy	4h	SOLUSD	27	15	-49.09	0.772	-0.093	-72.38	4	333
bb-short-dca-strategy	4h	LINKUSD	30	12	-119.93	0.626	-0.204	-161.72	3	333
concordance-allocation-strategy	15m	SOLUSD	99	40	-314.76	0.519	-0.192	-446.58	0	42
axis-reversal	1h	BTCUSD	17	10	43.38	1.326	0.136	-0.37	5	125
axis-reversal	15m	BTCUSD	11	5	-29.29	0.735	-0.127	-58.42	1	42
axis-reversal	4h	BTCUSD	10	5	-13.18	0.805	-0.056	-23.46	3	333
axis-reversal	4h	SOLUSD	17	6	-50.69	0.489	-0.152	-58.07	3	333
axis-reversal	1h	SOLUSD	15	7	-15.42	0.863	-0.043	-43.37	2	125
axis-reversal	15m	SOLUSD	13	4	-92.40	0.351	-0.383	-128.44	1	42
axis-reversal	4h	LINKUSD	15	8	31.25	1.525	0.107	15.85	4	333
axis-reversal	1h	LINKUSD	20	11	55.37	1.462	0.141	-14.83	6	125
axis-reversal	15m	LINKUSD	34	13	-188.43	0.459	-0.300	-214.48	4	42
nasdaq-orb-strategy-strict-exec-rrr-2-0-fixed	15m	SOLUSD	23	10	-104.57	0.548	-0.243	-125.96	3	42
3commas-equity-pulse-long-dca-on-tokenized-stocks	4h	BTCUSD	6	2	-51.14	0.313	-0.446	-52.53	0	333
concordance-allocation-strategy	1h	SOLUSD	102	46	-14.79	0.979	0.005	-250.36	3	125
concordance-allocation-strategy	15m	LINKUSD	114	41	-484.33	0.392	-0.285	-528.26	0	42
3commas-equity-pulse-long-dca-on-tokenized-stocks	4h	SOLUSD	5	2	-30.71	0.304	-0.415	-32.77	0	333
nasdaq-orb-strategy-strict-exec-rrr-2-0-fixed	15m	LINKUSD	23	11	-25.04	0.867	-0.048	-84.33	3	42
3commas-equity-pulse-long-dca-on-tokenized-stocks	4h	LINKUSD	4	3	6.96	1.352	0.092	5.58	1	333
aureate-market-architecture-strategy	4h	BTCUSD	11	4	-70.67	0.396	-0.340	-91.36	0	333
aureate-market-architecture-strategy	1h	BTCUSD	24	9	-99.44	0.561	-0.216	-120.52	1	125
smc-ict-backtest-xauusd-mnq	1h	SOLUSD	1	1	24.56	99.000	1.327	20.77	1	125
smc-ict-backtest-xauusd-mnq	1h	LINKUSD	1	1	21.09	99.000	1.060	17.05	1	125
aureate-market-architecture-strategy	15m	BTCUSD	33	13	-67.08	0.707	-0.099	-163.01	3	42
aureate-market-architecture-strategy	4h	SOLUSD	9	2	-43.70	0.340	-0.290	-54.14	0	333
smc-ict-backtest-xauusd-mnq	15m	SOLUSD	1	1	3.85	99.000	0.198	2.26	1	42
smc-ict-backtest-xauusd-mnq	15m	LINKUSD	4	3	72.31	8.481	0.895	45.96	2	42
concordance-allocation-strategy	1h	LINKUSD	100	37	-399.15	0.497	-0.248	-456.14	1	125
aureate-market-architecture-strategy	1h	SOLUSD	22	12	7.27	1.041	0.023	-15.75	1	125
aureate-market-architecture-strategy	4h	LINKUSD	12	6	-27.44	0.721	-0.112	-61.27	1	333
aureate-market-architecture-strategy	15m	SOLUSD	30	11	-87.19	0.625	-0.151	-118.74	0	42
aureate-market-architecture-strategy	1h	LINKUSD	21	9	11.95	1.065	0.038	-20.20	1	125
dance-with-the-whales	4h	BTCUSD	1	1	7.21	99.000	0.379	6.36	1	333
dance-with-the-whales	4h	SOLUSD	2	1	6.49	7.811	0.186	5.28	1	333
dance-with-the-whales	1h	BTCUSD	1	1	17.86	99.000	0.924	13.85	1	125
dance-with-the-whales	4h	LINKUSD	1	0	-19.88	0.000	-1.000	-19.77	0	333
aureate-market-architecture-strategy	15m	LINKUSD	33	14	60.23	1.224	0.105	17.32	2	42
eb-ict-one-trade-setup-for-life-sniper-70-model-v5	15m	BTCUSD	1	0	-19.39	0.000	-1.000	-19.56	0	42
eb-ict-one-trade-setup-for-life-sniper-70-model-v5	1h	BTCUSD	17	13	153.70	2.736	0.440	79.61	5	125
eb-ict-one-trade-setup-for-life-sniper-70-model-v5	15m	SOLUSD	15	7	5.40	1.035	0.029	-42.75	4	42
eb-ict-one-trade-setup-for-life-sniper-70-model-v5	1h	SOLUSD	18	9	-90.26	0.452	-0.259	-95.07	2	125
eb-ict-one-trade-setup-for-life-sniper-70-model-v5	15m	LINKUSD	13	7	-13.56	0.887	-0.043	-79.50	5	42
eb-ict-one-trade-setup-for-life-sniper-70-model-v5	4h	BTCUSD	11	6	-15.34	0.833	-0.068	-51.73	2	333
eb-ict-one-trade-setup-for-life-sniper-70-model-v5	4h	SOLUSD	11	6	-11.66	0.877	-0.052	-21.45	4	333
eb-ict-one-trade-setup-for-life-sniper-70-model-v5	1h	LINKUSD	12	9	125.89	3.075	0.509	85.94	5	125
eb-ict-one-trade-setup-for-life-sniper-70-model-v5	4h	LINKUSD	13	4	-93.70	0.446	-0.372	-100.64	2	333
eb-ict-one-trade-setup-for-life-70-filter-model-v2	15m	BTCUSD	7	4	4.41	1.079	0.041	-10.01	2	42
eb-ict-one-trade-setup-for-life-70-filter-model-v2	15m	SOLUSD	19	8	-41.34	0.800	-0.095	-84.41	3	42
eb-ict-one-trade-setup-for-life-70-filter-model-v2	15m	LINKUSD	19	8	-93.20	0.572	-0.249	-155.18	3	42
eb-ict-one-trade-setup-for-life-70-filter-model-v2	1h	BTCUSD	17	9	52.06	1.323	0.174	-21.34	4	125
eb-ict-one-trade-setup-for-life-70-filter-model-v2	1h	SOLUSD	14	6	-72.50	0.504	-0.267	-84.30	3	125
eb-ict-one-trade-setup-for-life-70-filter-model-v2	1h	LINKUSD	14	7	-47.72	0.652	-0.167	-66.43	3	125
opening-reversal-model-b-2r-target	4h	SOLUSD	36	17	72.97	1.432	0.107	31.87	5	333
eb-ict-one-trade-setup-for-life-70-filter-model-v2	4h	BTCUSD	8	3	-51.41	0.425	-0.329	-57.48	1	333
eb-ict-one-trade-setup-for-life-70-filter-model-v2	4h	SOLUSD	9	5	-9.29	0.876	-0.033	-16.23	3	333
eb-ict-one-trade-setup-for-life-70-filter-model-v2	4h	LINKUSD	11	4	-65.45	0.484	-0.301	-72.26	2	333
opening-reversal-model-b-2r-target	1h	SOLUSD	47	22	-57.87	0.854	-0.054	-149.05	2	125
eb-ict-one-trade-setup-for-life-70-filter-model-v2-tv-strategies	15m	BTCUSD	7	4	4.41	1.079	0.041	-10.01	2	42
opening-reversal-model-b-2r-target	4h	LINKUSD	34	15	-48.36	0.793	-0.067	-85.47	3	333
eb-ict-one-trade-setup-for-life-70-filter-model-v2-tv-strategies	15m	SOLUSD	19	8	-41.34	0.800	-0.095	-84.41	3	42
eb-ict-one-trade-setup-for-life-70-filter-model-v2-tv-strategies	1h	BTCUSD	17	9	52.06	1.323	0.174	-21.34	4	125
opening-reversal-model-b-2r-target	15m	SOLUSD	28	14	-15.47	0.928	-0.022	-61.38	4	42
eb-ict-one-trade-setup-for-life-70-filter-model-v2-tv-strategies	15m	LINKUSD	19	8	-93.20	0.572	-0.249	-155.18	3	42
eb-ict-one-trade-setup-for-life-70-filter-model-v2-tv-strategies	1h	SOLUSD	14	6	-72.50	0.504	-0.267	-84.30	3	125
eb-ict-one-trade-setup-for-life-70-filter-model-v2-tv-strategies	4h	BTCUSD	8	3	-51.41	0.425	-0.329	-57.48	1	333
eb-ict-one-trade-setup-for-life-70-filter-model-v2-tv-strategies	1h	LINKUSD	14	7	-47.72	0.652	-0.167	-66.43	3	125
eb-ict-one-trade-setup-for-life-70-filter-model-v2-tv-strategies	4h	SOLUSD	9	5	-9.29	0.876	-0.033	-16.23	3	333
opening-reversal-model-b-2r-target	1h	LINKUSD	39	21	17.18	1.052	0.030	9.46	5	125
eb-ict-one-trade-setup-for-life-70-filter-model-v2-tv-strategies	4h	LINKUSD	11	4	-65.45	0.484	-0.301	-72.26	2	333
amit-eth-strategy	15m	BTCUSD	47	21	-19.84	0.944	-0.013	-161.43	4	42
amit-eth-strategy	15m	SOLUSD	129	58	-254.50	0.724	-0.108	-468.12	2	42
amit-eth-strategy	1h	BTCUSD	103	40	-294.97	0.623	-0.164	-406.10	2	125
amit-eth-strategy	1h	SOLUSD	107	39	-291.93	0.639	-0.157	-423.82	2	125
amit-eth-strategy	15m	LINKUSD	158	67	-121.85	0.908	-0.028	-465.79	4	42
amit-eth-strategy	1h	LINKUSD	139	42	-586.93	0.455	-0.310	-675.66	1	125
amit-eth-strategy	4h	BTCUSD	70	31	-112.62	0.806	-0.077	-222.65	4	333
amit-eth-strategy-tv-strategies	15m	BTCUSD	47	21	-19.84	0.944	-0.013	-161.43	4	42
amit-eth-strategy	4h	SOLUSD	86	41	-77.18	0.883	-0.034	-83.76	3	333
amit-eth-strategy-tv-strategies	15m	SOLUSD	129	58	-254.50	0.724	-0.108	-468.12	2	42
amit-eth-strategy	4h	LINKUSD	88	35	-222.56	0.725	-0.135	-297.30	2	333
amit-eth-strategy-tv-strategies	15m	LINKUSD	158	67	-121.85	0.908	-0.028	-465.79	4	42
amit-eth-strategy-tv-strategies	1h	BTCUSD	103	40	-294.97	0.623	-0.164	-406.10	2	125
amit-eth-strategy-tv-strategies	4h	BTCUSD	70	31	-112.62	0.806	-0.077	-222.65	4	333
amit-eth-strategy-tv-strategies	1h	SOLUSD	107	39	-291.93	0.639	-0.157	-423.82	2	125
amit-eth-strategy-tv-strategies	4h	SOLUSD	86	41	-77.18	0.883	-0.034	-83.76	3	333
amit-eth-strategy-tv-strategies	4h	LINKUSD	88	35	-222.56	0.725	-0.135	-297.30	2	333
amit-eth-strategy-tv-strategies	1h	LINKUSD	139	42	-586.93	0.455	-0.310	-675.66	1	125
eb-ict-one-trade-setup-for-life-70-filter-model-v2-tv-strategies-vr9lbprr	1h	BTCUSD	17	9	52.06	1.323	0.174	-21.34	4	125
eb-ict-one-trade-setup-for-life-70-filter-model-v2-tv-strategies-vr9lbprr	15m	BTCUSD	7	4	4.41	1.079	0.041	-10.01	2	42
opening-reversal-model-b-2r-target	15m	LINKUSD	25	11	62.47	1.230	0.142	-21.30	4	42
eb-ict-one-trade-setup-for-life-70-filter-model-v2-tv-strategies-vr9lbprr	1h	SOLUSD	14	6	-72.50	0.504	-0.267	-84.30	3	125
eb-ict-one-trade-setup-for-life-70-filter-model-v2-tv-strategies-vr9lbprr	4h	BTCUSD	8	3	-51.41	0.425	-0.329	-57.48	1	333
eb-ict-one-trade-setup-for-life-70-filter-model-v2-tv-strategies-vr9lbprr	15m	SOLUSD	19	8	-41.34	0.800	-0.095	-84.41	3	42
eb-ict-one-trade-setup-for-life-70-filter-model-v2-tv-strategies-vr9lbprr	1h	LINKUSD	14	7	-47.72	0.652	-0.167	-66.43	3	125
eb-ict-one-trade-setup-for-life-70-filter-model-v2-tv-strategies-vr9lbprr	4h	SOLUSD	9	5	-9.29	0.876	-0.033	-16.23	3	333
eb-ict-one-trade-setup-for-life-70-filter-model-v2-tv-strategies-vr9lbprr	15m	LINKUSD	19	8	-93.20	0.572	-0.249	-155.18	3	42
eb-ict-one-trade-setup-for-life-70-filter-model-v2-tv-strategies-vr9lbprr	4h	LINKUSD	11	4	-65.45	0.484	-0.301	-72.26	2	333
concord-execution-mandate	4h	BTCUSD	246	94	-128.67	0.926	-0.022	-483.52	4	333
inside-day-breakout-strategy	15m	BTCUSD	5	2	-12.27	0.710	-0.118	-29.50	1	42
concord-execution-mandate	1h	BTCUSD	257	84	-588.63	0.551	-0.172	-749.86	2	125
concord-execution-mandate	15m	BTCUSD	111	35	-353.60	0.397	-0.197	-527.42	1	42
concord-execution-mandate	4h	SOLUSD	271	97	-259.28	0.841	-0.055	-465.35	2	333
inside-day-breakout-strategy	15m	SOLUSD	13	12	363.06	14.376	1.237	265.06	5	42
concord-execution-mandate	4h	LINKUSD	264	87	-605.44	0.614	-0.171	-697.23	3	333
concord-execution-mandate	1h	SOLUSD	286	95	-589.52	0.624	-0.160	-741.13	2	125
inside-day-breakout-strategy	1h	BTCUSD	30	17	56.53	1.228	0.107	-77.85	2	125
concord-execution-mandate	15m	SOLUSD	327	112	-704.18	0.509	-0.189	-845.17	1	42
inside-day-breakout-strategy	15m	LINKUSD	9	3	42.68	1.355	0.277	19.57	2	42
concord-execution-mandate	1h	LINKUSD	359	111	-749.23	0.570	-0.188	-867.07	2	125
inside-day-breakout-strategy	1h	SOLUSD	34	23	387.23	3.142	0.521	265.17	6	125
inside-day-breakout-strategy	4h	BTCUSD	56	27	-55.78	0.876	-0.043	-147.02	4	333
inside-day-breakout-strategy	1h	LINKUSD	31	17	90.82	1.323	0.156	13.89	4	125
concord-execution-mandate	15m	LINKUSD	414	134	-814.64	0.441	-0.199	-937.70	2	42
inside-day-breakout-strategy	4h	SOLUSD	57	23	-44.02	0.911	-0.004	-76.99	2	333
asian-box-breakout-strategy	15m	BTCUSD	5	1	-41.23	0.299	-0.417	-49.47	0	42
inside-day-breakout-strategy	4h	LINKUSD	58	23	-193.51	0.599	-0.180	-266.59	3	333
asian-box-breakout-strategy	4h	BTCUSD	182	81	-188.18	0.811	-0.055	-376.09	3	333
asian-box-breakout-strategy	1h	BTCUSD	103	52	-73.14	0.900	-0.023	-249.00	3	125
asian-box-breakout-strategy	15m	SOLUSD	26	12	-105.74	0.567	-0.209	-167.27	2	42
asian-box-breakout-strategy	4h	SOLUSD	185	87	27.39	1.027	0.013	-159.79	3	333
the-club	15m	SOLUSD	17	10	24.62	1.173	0.087	-6.44	4	42
asian-box-breakout-strategy	1h	SOLUSD	115	55	-83.67	0.904	-0.027	-320.72	3	125
geometric-grid-machine	4h	SOLUSD	107	52	-244.57	0.543	-0.140	-308.77	0	333
asian-box-breakout-strategy	4h	LINKUSD	184	80	-116.81	0.888	-0.028	-256.93	4	333
moja-strategia-harami-bb	15m	BTCUSD	97	24	-195.58	0.632	-0.109	-384.02	2	42
asian-box-breakout-strategy	1h	LINKUSD	116	50	-299.24	0.706	-0.144	-476.05	3	125
asian-box-breakout-strategy	15m	LINKUSD	31	14	-11.01	0.966	0.005	-98.71	3	42
moja-strategia-harami-bb	15m	SOLUSD	216	58	-430.44	0.599	-0.130	-632.57	2	42
moja-strategia-harami-bb	15m	LINKUSD	170	68	-470.30	0.461	-0.184	-631.95	0	42
moja-strategia-harami-bb	1h	BTCUSD	212	47	-441.00	0.589	-0.134	-678.88	1	125
moja-strategia-harami-bb	4h	BTCUSD	167	49	100.02	1.118	0.035	-162.71	5	333
moja-strategia-harami-bb-tv-strategies	1h	BTCUSD	212	47	-441.00	0.589	-0.134	-678.88	1	125
moja-strategia-harami-bb	1h	SOLUSD	188	39	-448.85	0.544	-0.159	-587.30	2	125
moja-strategia-harami-bb-tv-strategies	1h	SOLUSD	188	39	-448.85	0.544	-0.159	-587.30	2	125
moja-strategia-harami-bb-tv-strategies	15m	BTCUSD	97	24	-195.58	0.632	-0.109	-384.02	2	42
moja-strategia-harami-bb	4h	SOLUSD	146	40	-34.03	0.949	-0.010	-213.21	3	333
moja-strategia-harami-bb	1h	LINKUSD	173	70	-371.24	0.617	-0.130	-556.70	1	125
moja-strategia-harami-bb-tv-strategies	1h	LINKUSD	173	70	-371.24	0.617	-0.130	-556.70	1	125
moja-strategia-harami-bb-tv-strategies	4h	BTCUSD	167	49	100.02	1.118	0.035	-162.71	5	333
moja-strategia-harami-bb	4h	LINKUSD	106	40	-114.92	0.816	-0.052	-205.69	3	333
moja-strategia-harami-bb-tv-strategies	4h	SOLUSD	146	40	-34.03	0.949	-0.010	-213.21	3	333
silverstream-v2	15m	BTCUSD	168	53	-301.74	0.601	-0.106	-567.67	1	42
silverstream-v2	1h	BTCUSD	349	104	-608.49	0.427	-0.136	-812.74	0	125
moja-strategia-harami-bb-tv-strategies	4h	LINKUSD	106	40	-114.92	0.816	-0.052	-205.69	3	333
moja-strategia-harami-bb-tv-strategies	15m	SOLUSD	216	58	-430.44	0.599	-0.130	-632.57	2	42
silverstream-v2	15m	SOLUSD	140	62	-366.01	0.652	-0.163	-571.57	1	42
the-club	1h	SOLUSD	7	4	6.85	1.118	0.056	-11.92	1	125
silverstream-v2	4h	BTCUSD	251	90	-348.47	0.620	-0.086	-524.52	1	333
silverstream-v2	1h	SOLUSD	204	79	-465.26	0.699	-0.152	-621.37	2	125
silverstream-v2	4h	SOLUSD	229	90	-229.98	0.806	-0.060	-320.25	2	333
silverstream-v2	15m	LINKUSD	33	10	-280.32	0.262	-0.492	-328.68	1	42
silverstream-v2	1h	LINKUSD	42	22	-31.27	0.916	-0.024	-202.44	5	125
silverstream-v2	4h	LINKUSD	32	15	-35.65	0.893	-0.046	-62.86	4	333
moja-strategia-harami-bb-tv-strategies	15m	LINKUSD	170	68	-470.30	0.461	-0.184	-631.95	0	42
mgc-wyckoff-second-breakout-v3-candle-rr	4h	BTCUSD	113	62	0.92	1.001	0.010	-123.91	5	333
mgc-wyckoff-second-breakout-v3-candle-rr	1h	BTCUSD	126	62	-330.94	0.670	-0.154	-500.02	1	125
mgc-wyckoff-second-breakout-v3-candle-rr	4h	SOLUSD	103	46	-260.35	0.690	-0.140	-282.82	2	333
mgc-wyckoff-second-breakout-v3-candle-rr	15m	BTCUSD	62	34	106.33	1.190	0.096	-34.36	3	42
mgc-wyckoff-second-breakout-v3-candle-rr	4h	LINKUSD	109	46	-318.99	0.691	-0.167	-458.33	1	333
mgc-wyckoff-second-breakout-v3-candle-rr	1h	SOLUSD	155	77	-207.06	0.826	-0.068	-388.34	3	125
mgc-wyckoff-second-breakout-v3-candle-rr	15m	SOLUSD	160	58	-640.81	0.510	-0.320	-719.78	1	42
mgc-wyckoff-second-breakout-v3-candle-rr	1h	LINKUSD	165	67	-478.09	0.646	-0.187	-574.79	1	125
mgc-wyckoff-second-breakout-v3-candle-rr	15m	LINKUSD	197	83	-537.20	0.709	-0.184	-727.03	3	42
the-club	4h	SOLUSD	1	0	-17.81	0.000	-1.000	-18.82	0	333
parallax-covenant-strategy	4h	BTCUSD	131	58	-296.51	0.711	-0.131	-385.98	3	333
parallax-covenant-strategy	1h	BTCUSD	180	78	-498.50	0.594	-0.186	-664.36	2	125
parallax-covenant-strategy	4h	SOLUSD	131	63	23.76	1.023	0.021	-147.98	5	333
parallax-covenant-strategy	15m	BTCUSD	67	30	-186.28	0.645	-0.148	-236.25	2	42
parallax-covenant-strategy	4h	LINKUSD	128	55	-283.64	0.740	-0.122	-327.95	2	333
parallax-covenant-strategy	1h	SOLUSD	187	78	-453.28	0.655	-0.163	-550.38	0	125
big-daddy-max-orb-strategy	15m	BTCUSD	32	13	-64.84	0.765	-0.093	-136.75	2	42
parallax-covenant-strategy	1h	LINKUSD	200	80	-541.57	0.679	-0.185	-701.12	1	125
parallax-covenant-strategy	15m	SOLUSD	192	69	-658.21	0.472	-0.280	-739.37	1	42
the-club	15m	LINKUSD	22	11	-97.91	0.516	-0.228	-188.86	2	42
5m-sol-scalper-ha-lorentzian	15m	BTCUSD	27	12	-44.00	0.788	-0.076	-107.42	5	42
5m-sol-scalper-ha-lorentzian	15m	SOLUSD	91	35	-376.13	0.523	-0.260	-560.10	1	42
5m-sol-scalper-ha-lorentzian	15m	LINKUSD	104	43	-403.43	0.526	-0.240	-533.69	0	42
5m-sol-scalper-ha-lorentzian	1h	BTCUSD	72	34	-167.44	0.683	-0.124	-286.71	3	125
5m-sol-scalper-ha-lorentzian	1h	SOLUSD	81	41	61.75	1.104	0.047	-82.17	4	125
5m-sol-scalper-ha-lorentzian	1h	LINKUSD	111	50	-196.47	0.774	-0.092	-367.51	3	125
5m-sol-scalper-ha-lorentzian	4h	BTCUSD	66	34	26.53	1.062	0.024	-60.06	5	333
big-daddy-max-orb-strategy	15m	SOLUSD	42	18	-161.20	0.538	-0.208	-243.74	1	42
5m-sol-scalper-ha-lorentzian	4h	SOLUSD	72	34	87.34	1.195	0.081	18.13	4	333
5m-sol-scalper-ha-lorentzian	4h	LINKUSD	74	29	-259.55	0.552	-0.198	-304.69	1	333
3commas-trail-hunter-reversal-long	1h	BTCUSD	28	13	-101.28	0.641	-0.183	-134.47	2	125
parallax-covenant-strategy	15m	LINKUSD	240	97	-603.75	0.574	-0.184	-761.93	2	42
3commas-trail-hunter-reversal-long	1h	SOLUSD	29	14	-104.57	0.631	-0.185	-174.16	3	125
3commas-trail-hunter-reversal-long	15m	BTCUSD	3	2	17.61	1.967	0.306	3.22	2	42
3commas-trail-hunter-reversal-long	1h	LINKUSD	38	12	-274.85	0.396	-0.416	-319.74	3	125
bollinger-bands-rsi-live-radar-strategy	15m	BTCUSD	19	7	-132.73	0.403	-0.375	-161.78	2	42
bollinger-bands-rsi-live-radar-strategy	1h	BTCUSD	55	30	-42.15	0.914	-0.031	-191.70	1	125
bollinger-bands-rsi-live-radar-strategy	15m	SOLUSD	51	31	147.00	1.357	0.149	-48.78	3	42
bollinger-bands-rsi-live-radar-strategy	1h	SOLUSD	71	32	-284.18	0.538	-0.239	-351.43	2	125
bollinger-bands-rsi-live-radar-strategy	1h	LINKUSD	87	46	-179.61	0.759	-0.106	-307.24	4	125
bollinger-bands-rsi-live-radar-strategy	4h	BTCUSD	70	32	-74.44	0.889	-0.048	-186.55	3	333
3commas-trail-hunter-reversal-long	4h	BTCUSD	8	4	1.13	1.014	0.012	-14.59	2	333
bollinger-bands-rsi-live-radar-strategy	15m	LINKUSD	69	33	-198.82	0.681	-0.152	-335.22	2	42
bollinger-bands-rsi-live-radar-strategy	4h	SOLUSD	74	36	-45.43	0.922	-0.012	-94.67	4	333
super-rsi-strategy	15m	BTCUSD	221	108	-311.16	0.770	-0.080	-583.63	2	42
bollinger-bands-rsi-live-radar-strategy	4h	LINKUSD	68	31	-96.98	0.842	-0.067	-132.13	3	333
super-rsi-strategy	1h	BTCUSD	412	189	-692.63	0.660	-0.140	-861.72	1	125
super-rsi-strategy	15m	SOLUSD	445	222	-658.69	0.731	-0.116	-829.20	2	42
super-rsi-strategy	1h	SOLUSD	446	205	-645.84	0.699	-0.113	-801.01	1	125
3commas-trail-hunter-reversal-long	15m	SOLUSD	2	2	24.36	99.000	0.635	19.86	2	42
super-rsi-strategy	1h	LINKUSD	443	226	-444.17	0.852	-0.058	-793.30	2	125
super-rsi-strategy	15m	LINKUSD	521	249	-774.52	0.695	-0.135	-915.18	1	42
super-rsi-strategy	4h	BTCUSD	269	133	-406.15	0.779	-0.095	-551.69	3	333
super-rsi-strategy	4h	SOLUSD	298	148	-355.67	0.809	-0.070	-483.30	2	333
super-rsi-strategy-tv-strategies	15m	BTCUSD	221	108	-311.16	0.770	-0.080	-583.63	2	42
big-daddy-max-orb-strategy	15m	LINKUSD	42	23	63.91	1.203	0.085	-94.67	4	42
super-rsi-strategy	4h	LINKUSD	300	143	-509.68	0.719	-0.112	-602.00	0	333
super-rsi-strategy-tv-strategies	4h	BTCUSD	269	133	-406.15	0.779	-0.095	-551.69	3	333
super-rsi-strategy-tv-strategies	15m	SOLUSD	445	222	-658.69	0.731	-0.116	-829.20	2	42
super-rsi-strategy-tv-strategies	4h	SOLUSD	298	148	-355.67	0.809	-0.070	-483.30	2	333
super-rsi-strategy-tv-strategies	4h	LINKUSD	300	143	-509.68	0.719	-0.112	-602.00	0	333
super-rsi-strategy-tv-strategies	1h	BTCUSD	412	189	-692.63	0.660	-0.140	-861.72	1	125
super-rsi-strategy-tv-strategies	15m	LINKUSD	521	249	-774.52	0.695	-0.135	-915.18	1	42
super-rsi-strategy-tv-strategies-nng1sppd	15m	BTCUSD	221	108	-311.16	0.770	-0.080	-583.63	2	42
super-rsi-strategy-tv-strategies-nng1sppd	1h	BTCUSD	412	189	-692.63	0.660	-0.140	-861.72	1	125
super-rsi-strategy-tv-strategies-nng1sppd	15m	SOLUSD	445	222	-658.69	0.731	-0.116	-829.20	2	42
super-rsi-strategy-tv-strategies	1h	SOLUSD	446	205	-645.84	0.699	-0.113	-801.01	1	125
super-rsi-strategy-tv-strategies-nng1sppd	1h	SOLUSD	446	205	-645.84	0.699	-0.113	-801.01	1	125
the-club	1h	LINKUSD	13	4	-104.75	0.378	-0.418	-119.19	0	125
super-rsi-strategy-tv-strategies-nng1sppd	15m	LINKUSD	521	249	-774.52	0.695	-0.135	-915.18	1	42
super-rsi-strategy-tv-strategies-nng1sppd	1h	LINKUSD	443	226	-444.17	0.852	-0.058	-793.30	2	125
super-rsi-strategy-tv-strategies	1h	LINKUSD	443	226	-444.17	0.852	-0.058	-793.30	2	125
super-rsi-strategy-tv-strategies-nng1sppd	4h	BTCUSD	269	133	-406.15	0.779	-0.095	-551.69	3	333
3commas-trail-hunter-reversal-long	15m	LINKUSD	6	2	-58.27	0.232	-0.495	-45.32	2	42
box-breakout-strategy-dt4b-trader	15m	BTCUSD	72	36	-95.82	0.854	-0.060	-253.06	3	42
box-breakout-strategy-dt4b-trader	1h	BTCUSD	128	61	-182.39	0.821	-0.065	-405.37	1	125
super-rsi-strategy-tv-strategies-nng1sppd	4h	SOLUSD	298	148	-355.67	0.809	-0.070	-483.30	2	333
box-breakout-strategy-dt4b-trader	4h	BTCUSD	85	35	-239.40	0.695	-0.156	-341.74	2	333
sma-strategy	15m	BTCUSD	160	47	-488.23	0.439	-0.210	-612.15	0	42
super-rsi-strategy-tv-strategies-nng1sppd	4h	LINKUSD	300	143	-509.68	0.719	-0.112	-602.00	0	333
box-breakout-strategy-dt4b-trader	15m	SOLUSD	161	68	-391.88	0.735	-0.147	-600.03	3	42
box-breakout-strategy-dt4b-trader	1h	SOLUSD	137	66	-219.86	0.781	-0.086	-384.55	2	125
sma-strategy	15m	SOLUSD	410	135	-800.12	0.629	-0.202	-900.25	2	42
sma-strategy	1h	BTCUSD	349	120	-670.31	0.571	-0.159	-835.37	0	125
box-breakout-strategy-dt4b-trader	4h	SOLUSD	96	38	-237.04	0.714	-0.141	-310.23	2	333
box-breakout-strategy-dt4b-trader	15m	LINKUSD	179	82	-355.17	0.794	-0.112	-641.64	4	42
box-breakout-strategy-dt4b-trader	1h	LINKUSD	130	59	-299.65	0.731	-0.128	-492.47	4	125
sma-strategy	1h	SOLUSD	398	151	-721.60	0.602	-0.164	-849.11	0	125
sma-strategy	15m	LINKUSD	497	172	-865.45	0.523	-0.196	-958.03	1	42
sma-strategy	4h	BTCUSD	241	100	-291.85	0.792	-0.064	-440.25	3	333
box-breakout-strategy-dt4b-trader	4h	LINKUSD	88	38	-141.35	0.842	-0.076	-286.03	1	333
sma-strategy	1h	LINKUSD	400	146	-810.68	0.574	-0.202	-906.03	0	125
sma-strategy	4h	SOLUSD	253	113	0.44	1.000	0.005	-248.96	3	333
sma-strategy	4h	LINKUSD	244	105	-404.87	0.743	-0.099	-520.78	2	333
psol-03-supertrend-rsi	4h	BTCUSD	9	4	-8.45	0.645	-0.046	-21.85	2	333
3commas-trail-hunter-reversal-long	4h	SOLUSD	12	8	43.98	1.548	0.202	10.92	2	333
psol-03-supertrend-rsi	1h	BTCUSD	6	2	-19.99	0.529	-0.162	-32.87	2	125
psol-03-supertrend-rsi	15m	BTCUSD	2	0	-22.35	0.000	-0.565	-25.38	0	42
psol-03-supertrend-rsi	4h	SOLUSD	7	2	-41.62	0.082	-0.329	-47.68	0	333
psol-03-supertrend-rsi	1h	SOLUSD	9	5	1.19	1.027	0.013	-18.04	3	125
psol-03-supertrend-rsi	15m	SOLUSD	11	2	-120.19	0.140	-0.592	-130.38	0	42
psol-03-supertrend-rsi	4h	LINKUSD	5	2	-24.31	0.143	-0.245	-29.05	1	333
psol-03-supertrend-rsi	1h	LINKUSD	7	2	11.69	1.282	0.092	-1.51	2	125
psol-03-supertrend-rsi	15m	LINKUSD	19	9	-56.97	0.692	-0.138	-113.15	3	42
3commas-pullback-sniper-strategy	1h	BTCUSD	36	21	62.26	1.200	0.099	-22.72	4	125
3commas-pullback-sniper-strategy	4h	BTCUSD	33	17	6.75	1.022	0.020	-65.97	3	333
3commas-pullback-sniper-strategy	15m	BTCUSD	15	8	9.61	1.072	0.047	-33.64	4	42
3commas-pullback-sniper-strategy	4h	SOLUSD	31	13	-169.39	0.436	-0.323	-138.49	2	333
3commas-pullback-sniper-strategy	1h	SOLUSD	41	25	35.42	1.114	0.046	-57.76	3	125
the-club	4h	LINKUSD	2	2	87.37	99.000	2.151	79.87	1	333
3commas-pullback-sniper-strategy	4h	LINKUSD	37	20	-14.69	0.956	-0.010	-55.97	5	333
3commas-pullback-sniper-strategy	15m	SOLUSD	31	14	-154.09	0.480	-0.272	-200.52	1	42
bs-proyeccion-tp-sl	1h	BTCUSD	178	44	-399.03	0.509	-0.143	-597.57	0	125
3commas-pullback-sniper-strategy	1h	LINKUSD	36	17	-31.25	0.915	-0.030	-84.94	5	125
bs-proyeccion-tp-sl	15m	BTCUSD	0	0	0.00	0.000	0.000	0.00	0	42
3commas-pullback-sniper-strategy	15m	LINKUSD	29	11	-155.14	0.529	-0.281	-192.62	3	42
bs-proyeccion-tp-sl	4h	BTCUSD	70	20	78.72	1.246	0.066	-55.73	1	333
bs-proyeccion-tp-sl	1h	SOLUSD	86	25	-145.41	0.700	-0.086	-277.77	1	125
3commas-trail-hunter-reversal-long	4h	LINKUSD	6	6	77.81	99.000	0.632	65.21	3	333
bs-proyeccion-tp-sl	15m	SOLUSD	1	0	-3.63	0.000	-0.182	-6.78	0	42
bs-proyeccion-tp-sl	4h	SOLUSD	56	18	-36.39	0.861	-0.020	-56.53	0	333
bs-proyeccion-tp-sl	15m	LINKUSD	89	19	-410.59	0.315	-0.294	-521.66	0	42
nem-talalod-meg	15m	BTCUSD	1	1	16.09	99.000	0.810	10.71	1	42
bs-proyeccion-tp-sl	4h	LINKUSD	56	20	26.39	1.105	0.029	-23.76	1	333
bs-proyeccion-tp-sl	1h	LINKUSD	165	44	-437.65	0.446	-0.171	-499.33	0	125
btc-turtle-paper-strategy-v1-bitstamp	15m	BTCUSD	6	1	-74.68	0.206	-0.648	-79.60	0	42
btc-turtle-paper-strategy-v1-bitstamp	15m	SOLUSD	25	9	-138.27	0.515	-0.293	-158.93	1	42
btc-turtle-paper-strategy-v1-bitstamp	15m	LINKUSD	39	20	66.62	1.170	0.102	-97.77	4	42
nem-talalod-meg	4h	SOLUSD	1	1	7.02	99.000	0.397	6.08	1	333
btc-turtle-paper-strategy-v1-bitstamp	1h	BTCUSD	15	7	-50.56	0.655	-0.165	-74.91	3	125
btc-turtle-paper-strategy-v1-bitstamp	1h	SOLUSD	19	13	270.53	3.678	0.669	111.50	4	125
btc-turtle-paper-strategy-v1-bitstamp	1h	LINKUSD	23	14	44.13	1.267	0.103	-25.23	5	125
btc-turtle-paper-strategy-v1-bitstamp	4h	BTCUSD	13	7	25.83	1.233	0.101	3.34	4	333
btc-turtle-paper-strategy-v1-bitstamp	4h	SOLUSD	16	7	-79.13	0.497	-0.279	-49.26	2	333
btc-turtle-paper-strategy-v1-bitstamp	4h	LINKUSD	15	4	-141.67	0.300	-0.505	-147.15	1	333
rsi-volume-ladder	15m	BTCUSD	6	4	0.06	1.001	0.004	3.25	4	42
rsi-volume-ladder	15m	SOLUSD	13	7	-62.18	0.433	-0.245	-86.78	3	42
rsi-volume-ladder	15m	LINKUSD	10	3	-69.40	0.470	-0.348	-104.23	2	42
rsi-volume-ladder	1h	BTCUSD	20	8	-122.27	0.421	-0.328	-80.42	2	125
rsi-volume-ladder	1h	SOLUSD	21	15	84.15	1.739	0.200	83.01	5	125
hungpixi-macd-enhanced-mtf-with-signal-filter-anti-sideway	4h	BTCUSD	18	12	163.51	4.400	0.444	135.92	2	333
rsi-volume-ladder	1h	LINKUSD	15	9	45.72	1.403	0.160	17.50	2	125
strategy-470-ny-open-3h-sweep-continuation	15m	BTCUSD	0	0	0.00	0.000	0.000	0.00	0	42
rsi-volume-ladder	4h	BTCUSD	22	7	-169.11	0.341	-0.445	-201.30	2	333
rsi-volume-ladder	4h	SOLUSD	21	7	-90.99	0.545	-0.270	-113.29	2	333
rsi-volume-ladder	4h	LINKUSD	14	4	-86.99	0.478	-0.321	-94.39	0	333
ttm-momentum-histo-9-ema-21-ema-debit-spread-script	15m	BTCUSD	45	18	-164.04	0.560	-0.194	-274.74	3	42
ttm-momentum-histo-9-ema-21-ema-debit-spread-script	15m	SOLUSD	129	49	-466.41	0.571	-0.240	-564.37	0	42
strategy-470-ny-open-3h-sweep-continuation	1h	BTCUSD	26	6	-151.82	0.350	-0.315	-189.71	0	125
ttm-momentum-histo-9-ema-21-ema-debit-spread-script	15m	LINKUSD	157	75	-192.35	0.869	-0.055	-511.61	4	42
hungpixi-macd-enhanced-mtf-with-signal-filter-anti-sideway	1h	BTCUSD	101	55	691.13	2.349	0.271	350.96	6	125
ttm-momentum-histo-9-ema-21-ema-debit-spread-script	1h	BTCUSD	104	57	-39.16	0.948	-0.011	-274.68	4	125
ttm-momentum-histo-9-ema-21-ema-debit-spread-script	1h	SOLUSD	110	56	-146.27	0.820	-0.066	-163.67	3	125
ttm-momentum-histo-9-ema-21-ema-debit-spread-script	1h	LINKUSD	132	57	-109.48	0.901	-0.031	-352.60	3	125
ttm-momentum-histo-9-ema-21-ema-debit-spread-script	4h	BTCUSD	92	41	-308.18	0.611	-0.199	-352.49	1	333
ttm-momentum-histo-9-ema-21-ema-debit-spread-script	4h	SOLUSD	85	42	-39.19	0.949	-0.017	-102.78	4	333
ttm-momentum-histo-9-ema-21-ema-debit-spread-script	4h	LINKUSD	87	42	-156.21	0.799	-0.089	-234.01	2	333
beginner-trend-risk-model-ema-rsi	15m	BTCUSD	90	35	-424.75	0.404	-0.305	-509.99	1	42
beginner-trend-risk-model-ema-rsi	15m	SOLUSD	194	84	-620.31	0.505	-0.253	-745.77	1	42
hungpixi-macd-enhanced-mtf-with-signal-filter-anti-sideway	15m	BTCUSD	78	39	235.99	1.712	0.143	-33.02	6	42
beginner-trend-risk-model-ema-rsi	15m	LINKUSD	216	85	-636.56	0.548	-0.224	-766.80	1	42
beginner-trend-risk-model-ema-rsi	1h	BTCUSD	143	64	-407.24	0.657	-0.179	-585.36	1	125
beginner-trend-risk-model-ema-rsi	1h	SOLUSD	178	77	-308.29	0.783	-0.098	-463.30	3	125
beginner-trend-risk-model-ema-rsi	1h	LINKUSD	192	77	-530.98	0.635	-0.188	-652.07	2	125
rr-master-lc	15m	BTCUSD	15	9	-26.21	0.775	-0.083	-24.85	3	42
beginner-trend-risk-model-ema-rsi	4h	BTCUSD	125	62	-164.83	0.842	-0.063	-290.17	4	333
rr-master-lc	15m	SOLUSD	15	7	-58.18	0.626	-0.195	-63.01	1	42
beginner-trend-risk-model-ema-rsi	4h	SOLUSD	135	57	-299.99	0.706	-0.140	-377.27	3	333
rr-master-lc	15m	LINKUSD	5	3	-17.95	0.549	-0.178	-21.89	2	42
rr-master-lc	1h	BTCUSD	24	12	29.33	1.116	0.081	-16.43	3	125
beginner-trend-risk-model-ema-rsi	4h	LINKUSD	143	56	-413.97	0.618	-0.182	-487.94	2	333
rr-master-lc	1h	SOLUSD	22	13	44.72	1.252	0.104	-39.82	5	125
rr-master-lc	4h	BTCUSD	18	7	-67.36	0.685	-0.192	-158.46	1	333
rr-master-lc	1h	LINKUSD	2	2	28.10	99.000	0.703	23.62	2	125
rr-master-lc	4h	SOLUSD	15	9	95.18	1.778	0.368	44.30	2	333
rr-master-lc	4h	LINKUSD	6	3	15.87	1.254	0.149	10.68	3	333
ai-triple-confirmation-strategy	1h	BTCUSD	72	31	38.10	1.056	0.043	-171.13	2	125
ai-triple-confirmation-strategy	4h	BTCUSD	49	25	93.86	1.221	0.103	-20.59	4	333
ai-triple-confirmation-strategy	4h	SOLUSD	53	18	-179.56	0.620	-0.196	-220.98	4	333
ai-triple-confirmation-strategy	1h	SOLUSD	81	39	4.71	1.007	0.014	-122.50	4	125
ai-triple-confirmation-strategy	15m	BTCUSD	27	15	46.99	1.279	0.096	-89.00	3	42
ai-triple-confirmation-strategy	4h	LINKUSD	52	22	20.82	1.045	0.030	-30.76	3	333
ai-triple-confirmation-strategy	1h	LINKUSD	102	30	-524.90	0.435	-0.359	-589.44	1	125
decoded-volatility-expansion	15m	BTCUSD	28	13	-22.78	0.920	-0.029	-147.29	4	42
decoded-volatility-expansion	1h	BTCUSD	59	21	-234.82	0.601	-0.218	-306.82	3	125
strategy-470-ny-open-3h-sweep-continuation	15m	SOLUSD	0	0	0.00	0.000	0.000	0.00	0	42
ai-triple-confirmation-strategy	15m	SOLUSD	102	37	-293.52	0.713	-0.167	-407.65	1	42
decoded-volatility-expansion	1h	SOLUSD	61	25	-114.82	0.803	-0.091	-156.46	3	125
decoded-volatility-expansion	15m	SOLUSD	162	85	-268.14	0.672	-0.095	-508.12	2	42
decoded-volatility-expansion	4h	BTCUSD	38	17	68.61	1.176	0.115	-74.64	4	333
decoded-volatility-expansion	4h	SOLUSD	44	8	-383.01	0.203	-0.594	-400.31	1	333
decoded-volatility-expansion	1h	LINKUSD	68	21	-414.53	0.395	-0.387	-439.69	1	125
decoded-volatility-expansion	4h	LINKUSD	37	16	-169.05	0.518	-0.246	-183.65	2	333
decoded-volatility-expansion	15m	LINKUSD	66	23	-304.70	0.600	-0.262	-424.47	3	42
option-selling	15m	BTCUSD	5	2	-40.02	0.208	-0.409	-48.17	1	42
option-selling	4h	BTCUSD	10	4	-15.77	0.628	-0.082	-25.58	3	333
option-selling	1h	BTCUSD	14	5	-77.66	0.321	-0.286	-74.02	1	125
option-selling	4h	SOLUSD	7	0	-49.36	0.000	-0.410	-52.72	0	333
ai-triple-confirmation-strategy	15m	LINKUSD	126	42	-492.87	0.525	-0.262	-640.95	1	42
option-selling	1h	SOLUSD	14	6	-27.70	0.743	-0.098	-50.99	3	125
option-selling	15m	SOLUSD	11	3	-85.03	0.308	-0.405	-111.11	1	42
option-selling	4h	LINKUSD	1	1	5.09	99.000	0.259	4.21	1	333
strategy-470-ny-open-3h-sweep-continuation	1h	SOLUSD	4	1	2.18	1.111	0.027	-7.44	1	125
index-option-selling	1h	BTCUSD	12	5	-49.87	0.434	-0.212	-46.09	2	125
option-point	1h	BTCUSD	12	5	-49.87	0.434	-0.212	-46.09	2	125
index-option-selling	4h	BTCUSD	8	3	-21.88	0.466	-0.142	-29.13	2	333
option-point	15m	BTCUSD	5	2	-40.02	0.208	-0.409	-48.17	1	42
index-option-selling	1h	SOLUSD	7	2	-40.64	0.477	-0.308	-54.04	1	125
option-point	1h	SOLUSD	7	2	-40.64	0.477	-0.308	-54.04	1	125
index-option-selling	15m	BTCUSD	5	2	-40.02	0.208	-0.409	-48.17	1	42
index-option-selling	4h	SOLUSD	5	0	-36.91	0.000	-0.423	-39.40	0	333
option-point	15m	SOLUSD	5	2	-28.58	0.440	-0.293	-49.03	1	42
option-point	4h	BTCUSD	8	3	-21.88	0.466	-0.142	-29.13	2	333
option-point	4h	SOLUSD	5	0	-36.91	0.000	-0.423	-39.40	0	333
index-option-selling	15m	SOLUSD	5	2	-28.58	0.440	-0.293	-49.03	1	42
nq-hma-midday-strategy	15m	BTCUSD	6	2	-54.91	0.241	-0.475	-68.32	1	42
take-liquidity-multi-time-frame-tradesystem	1h	BTCUSD	86	34	-374.38	0.445	-0.271	-475.77	1	125
nq-hma-midday-strategy	15m	SOLUSD	24	12	-42.20	0.808	-0.083	-97.37	1	42
nq-hma-midday-strategy	15m	LINKUSD	32	13	-230.06	0.320	-0.403	-302.48	2	42
nq-hma-midday-strategy	4h	BTCUSD	7	2	-10.41	0.597	-0.074	-19.95	2	333
nq-hma-midday-strategy	4h	SOLUSD	4	1	-40.04	0.268	-0.531	-40.07	0	333
nq-hma-midday-strategy	4h	LINKUSD	4	1	-50.80	0.139	-0.647	-51.12	1	333
take-liquidity-multi-time-frame-tradesystem	1h	SOLUSD	79	29	-261.94	0.613	-0.188	-375.54	4	125
nq-hma-midday-strategy	1h	BTCUSD	18	6	-53.58	0.579	-0.146	-84.17	2	125
real-strength-scalper	15m	BTCUSD	12	2	-153.28	0.128	-0.695	-159.50	2	42
real-strength-scalper	15m	SOLUSD	28	12	-120.43	0.589	-0.221	-198.45	2	42
real-strength-scalper	15m	LINKUSD	32	19	-19.68	0.918	-0.024	-192.48	4	42
take-liquidity-multi-time-frame-tradesystem	1h	LINKUSD	79	28	-416.43	0.420	-0.334	-492.20	0	125
nq-hma-midday-strategy	1h	SOLUSD	18	7	-84.64	0.582	-0.240	-106.72	3	125
real-strength-scalper	1h	BTCUSD	37	10	-239.47	0.439	-0.360	-293.57	2	125
real-strength-scalper	4h	BTCUSD	59	17	-259.63	0.440	-0.262	-356.61	0	333
take-liquidity-multi-time-frame-tradesystem	15m	BTCUSD	7	7	114.08	99.000	0.794	91.82	3	42
real-strength-scalper	1h	SOLUSD	54	20	-111.78	0.766	-0.102	-276.46	3	125
real-strength-scalper	4h	SOLUSD	54	16	-130.35	0.667	-0.133	-165.66	3	333
real-strength-scalper	1h	LINKUSD	40	22	68.03	1.202	0.092	5.91	5	125
real-strength-scalper	4h	LINKUSD	66	18	-221.78	0.487	-0.187	-293.59	1	333
strategy-470-ny-open-3h-sweep-continuation	15m	LINKUSD	25	3	-103.56	0.122	-0.217	-162.29	0	42
ema-dmi-macd-rsi-strategy	1h	BTCUSD	74	32	-128.14	0.814	-0.076	-260.46	1	125
ema-dmi-macd-rsi-strategy	15m	BTCUSD	34	20	125.89	1.447	0.188	-52.28	4	42
nq-hma-midday-strategy	1h	LINKUSD	24	10	-16.13	0.945	-0.017	-51.66	4	125
ema-dmi-macd-rsi-strategy	4h	BTCUSD	26	13	39.46	1.164	0.088	-35.94	2	333
ema-dmi-macd-rsi-strategy	1h	SOLUSD	66	29	-149.58	0.763	-0.114	-240.29	3	125
ema-dmi-macd-rsi-strategy	15m	SOLUSD	73	36	-146.04	0.761	-0.102	-372.13	3	42
ema-dmi-macd-rsi-strategy	1h	LINKUSD	74	36	8.76	1.014	0.017	-125.76	4	125
ema-dmi-macd-rsi-strategy	4h	SOLUSD	28	11	-62.36	0.801	-0.095	-81.78	2	333
ema-dmi-macd-rsi-strategy	4h	LINKUSD	31	15	17.23	1.055	0.042	-16.35	3	333
ema-dmi-macd-rsi-strategy	15m	LINKUSD	98	42	-157.73	0.836	-0.073	-329.41	3	42
albtrader-nq-beast-supertrend-macd-rsi	1h	BTCUSD	55	25	-147.31	0.689	-0.140	-198.21	3	125
albtrader-nq-beast-supertrend-macd-rsi	15m	BTCUSD	30	16	-27.79	0.877	-0.040	-107.59	3	42
albtrader-nq-beast-supertrend-macd-rsi	4h	BTCUSD	29	11	-132.05	0.555	-0.245	-173.12	4	333
simple-smart-buy-sell-strategy	15m	BTCUSD	101	39	-297.14	0.609	-0.169	-487.23	1	42
albtrader-nq-beast-supertrend-macd-rsi	4h	SOLUSD	38	18	-87.65	0.708	-0.135	-96.04	3	333
simple-smart-buy-sell-strategy	15m	SOLUSD	252	97	-576.16	0.707	-0.167	-764.31	1	42
albtrader-nq-beast-supertrend-macd-rsi	1h	SOLUSD	50	23	-60.71	0.870	-0.061	-178.97	2	125
strategy-470-ny-open-3h-sweep-continuation	1h	LINKUSD	4	2	5.50	1.251	0.074	-3.89	1	125
albtrader-nq-beast-supertrend-macd-rsi	4h	LINKUSD	39	16	-80.61	0.790	-0.099	-151.90	2	333
simple-smart-buy-sell-strategy	15m	LINKUSD	291	109	-645.30	0.610	-0.171	-839.02	1	42
simple-smart-buy-sell-strategy	4h	BTCUSD	168	66	-205.37	0.858	-0.060	-402.03	3	333
albtrader-nq-beast-supertrend-macd-rsi	1h	LINKUSD	74	24	-418.94	0.426	-0.360	-484.93	2	125
simple-smart-buy-sell-strategy	4h	SOLUSD	144	61	-64.54	0.941	-0.015	-146.45	4	333
simple-smart-buy-sell-strategy	4h	LINKUSD	148	45	-538.01	0.522	-0.257	-601.54	2	333
albtrader-nq-beast-supertrend-macd-rsi	15m	SOLUSD	75	38	-168.21	0.712	-0.120	-316.81	3	42
simple-smart-buy-sell-strategy	1h	BTCUSD	230	103	-206.63	0.863	-0.044	-549.16	2	125
options-momentum-bias-strategy-v2	15m	BTCUSD	25	12	-41.29	0.787	-0.081	-96.67	3	42
options-momentum-bias-strategy-v2	4h	BTCUSD	87	28	-175.17	0.676	-0.112	-256.29	3	333
options-momentum-bias-strategy-v2	1h	BTCUSD	88	39	-187.65	0.712	-0.116	-336.06	3	125
simple-smart-buy-sell-strategy	1h	SOLUSD	227	100	-140.44	0.914	-0.026	-424.42	3	125
options-momentum-bias-strategy-v2	4h	SOLUSD	83	32	-40.83	0.917	-0.021	-102.48	4	333
take-liquidity-multi-time-frame-tradesystem	4h	BTCUSD	8	2	-68.71	0.263	-0.459	-72.15	1	333
simple-smart-buy-sell-strategy	1h	LINKUSD	252	101	-573.46	0.653	-0.162	-752.08	1	125
options-momentum-bias-strategy-v2	15m	SOLUSD	62	18	-341.41	0.409	-0.340	-408.36	0	42
options-momentum-bias-strategy-v2	4h	LINKUSD	64	26	0.64	1.002	0.007	-49.07	3	333
albtrader-nq-beast-supertrend-macd-rsi	15m	LINKUSD	76	30	-285.42	0.628	-0.210	-425.38	2	42
options-momentum-bias-strategy-v2	1h	SOLUSD	92	34	-280.68	0.593	-0.180	-372.76	1	125
scott-barclay-s-three-musksteers	1h	BTCUSD	22	15	113.72	1.799	0.263	-10.97	6	125
options-momentum-bias-strategy-v2	15m	LINKUSD	72	28	-258.84	0.535	-0.203	-363.76	2	42
scott-barclay-s-three-musksteers	4h	BTCUSD	12	5	-67.14	0.490	-0.297	-81.78	3	333
scott-barclay-s-three-musksteers	1h	SOLUSD	17	10	180.94	2.170	0.543	129.02	4	125
scott-barclay-s-three-musksteers	15m	BTCUSD	7	1	-107.32	0.049	-0.814	-111.03	1	42
take-liquidity-multi-time-frame-tradesystem	15m	SOLUSD	21	11	32.92	1.199	0.093	-12.53	4	42
options-momentum-bias-strategy-v2	1h	LINKUSD	74	25	-301.77	0.509	-0.238	-361.36	1	125
scott-barclay-s-three-musksteers	1h	LINKUSD	17	11	159.86	2.319	0.459	121.63	6	125
scott-barclay-s-three-musksteers	4h	SOLUSD	11	5	-54.27	0.476	-0.294	-111.22	2	333
scott-barclay-s-three-musksteers	4h	LINKUSD	9	4	-53.89	0.445	-0.304	-82.93	3	333
scott-barclay-s-three-musksteers	15m	SOLUSD	14	5	-77.61	0.554	-0.286	-95.91	2	42
scott-barclay-s-three-musksteers	15m	LINKUSD	23	10	-79.94	0.673	-0.170	-108.60	3	42
3commas-triple-rsi-dca-long-risk-adjusted-averaging-strategy	15m	BTCUSD	8	6	57.08	2.376	0.360	16.22	5	42
take-liquidity-multi-time-frame-tradesystem	15m	LINKUSD	21	11	64.03	1.327	0.169	35.08	5	42
3commas-triple-rsi-dca-long-risk-adjusted-averaging-strategy	1h	BTCUSD	12	5	-82.40	0.379	-0.359	-115.85	0	125
3commas-triple-rsi-dca-long-risk-adjusted-averaging-strategy	15m	SOLUSD	18	8	-106.66	0.422	-0.313	-169.63	2	42
3commas-triple-rsi-dca-long-risk-adjusted-averaging-strategy	4h	BTCUSD	3	2	18.29	1.903	0.311	-7.48	1	333
take-liquidity-multi-time-frame-tradesystem	4h	SOLUSD	3	1	-9.41	0.602	-0.144	-11.93	1	333
adaptive-s-r-reversal-rsi-divergence-dca-be-stop-5m	4h	BTCUSD	29	14	-71.29	0.734	-0.132	-96.30	4	333
3commas-triple-rsi-dca-long-risk-adjusted-averaging-strategy	15m	LINKUSD	13	6	-92.91	0.309	-0.370	-150.05	2	42
adaptive-s-r-reversal-rsi-divergence-dca-be-stop-5m	1h	BTCUSD	49	18	-302.42	0.408	-0.369	-349.11	1	125
adaptive-s-r-reversal-rsi-divergence-dca-be-stop-5m	15m	BTCUSD	24	9	-152.82	0.426	-0.339	-167.02	1	42
3commas-triple-rsi-dca-long-risk-adjusted-averaging-strategy	1h	SOLUSD	16	7	-52.34	0.701	-0.174	-79.61	1	125
3commas-triple-rsi-dca-long-risk-adjusted-averaging-strategy	4h	SOLUSD	7	3	-34.98	0.537	-0.256	-37.65	0	333
adaptive-s-r-reversal-rsi-divergence-dca-be-stop-5m	4h	SOLUSD	31	14	-112.72	0.591	-0.199	-133.51	2	333
strategy-461-ts-m15	15m	BTCUSD	84	41	-261.37	0.522	-0.179	-414.59	0	42
strategy-461-ts-m15	15m	SOLUSD	170	75	-462.18	0.603	-0.182	-622.96	2	42
strategy-461-ts-m15	15m	LINKUSD	156	79	-257.53	0.760	-0.089	-535.74	1	42
strategy-461-ts-m15	1h	BTCUSD	159	74	-428.43	0.567	-0.174	-600.37	2	125
strategy-461-ts-m15	1h	SOLUSD	167	79	-182.26	0.839	-0.052	-373.84	3	125
strategy-461-ts-m15	1h	LINKUSD	141	75	-216.36	0.785	-0.080	-372.66	5	125
strategy-461-ts-m15	4h	BTCUSD	98	52	35.10	1.047	0.030	-90.41	5	333
strategy-461-ts-m15	4h	SOLUSD	87	44	14.71	1.022	0.022	-170.17	5	333
take-liquidity-multi-time-frame-tradesystem	4h	LINKUSD	4	2	-21.63	0.439	-0.266	-49.72	1	333
strategy-461-ts-m15	4h	LINKUSD	89	47	74.02	1.100	0.050	-12.65	4	333
3commas-triple-rsi-dca-long-risk-adjusted-averaging-strategy	1h	LINKUSD	14	7	-54.32	0.602	-0.192	-68.94	2	125
adaptive-s-r-reversal-rsi-divergence-dca-be-stop-5m	4h	LINKUSD	30	11	-122.63	0.614	-0.212	-155.07	3	333
3commas-triple-rsi-dca-long-risk-adjusted-averaging-strategy	4h	LINKUSD	1	1	10.78	99.000	0.546	9.24	1	333
adaptive-s-r-reversal-rsi-divergence-dca-be-stop-5m	1h	SOLUSD	44	18	-203.74	0.545	-0.262	-301.29	1	125
autotrade-bot-v12	1h	BTCUSD	46	25	-30.01	0.903	-0.029	-118.59	4	125
autotrade-bot-v12	15m	BTCUSD	25	10	-71.22	0.532	-0.148	-87.50	3	42
autotrade-bot-v12	1h	SOLUSD	49	21	-148.97	0.625	-0.167	-226.33	1	125
autotrade-bot-v12	4h	BTCUSD	27	12	-26.15	0.872	-0.044	-71.25	2	333
autotrade-bot-v12	1h	LINKUSD	54	21	-246.67	0.483	-0.254	-267.38	2	125
autotrade-bot-v12	4h	SOLUSD	23	12	151.76	1.946	0.341	49.26	2	333
autotrade-bot-v12	15m	SOLUSD	69	24	-94.80	0.851	-0.060	-287.51	2	42
adaptive-s-r-reversal-rsi-divergence-dca-be-stop-5m	15m	SOLUSD	48	22	-157.92	0.674	-0.174	-237.01	2	42
autotrade-bot-v12	15m	LINKUSD	75	28	-268.26	0.611	-0.196	-387.21	2	42
autotrade-bot-v12	4h	LINKUSD	23	10	-37.37	0.842	-0.071	-86.71	2	333
lvn-rejection-acceptance-strategy	15m	BTCUSD	108	50	-311.58	0.671	-0.166	-397.34	2	42
lvn-rejection-acceptance-strategy	1h	BTCUSD	201	101	-298.42	0.821	-0.081	-560.74	3	125
lvn-rejection-acceptance-strategy	15m	SOLUSD	228	119	-209.91	0.887	-0.044	-636.37	2	42
lvn-rejection-acceptance-strategy	1h	SOLUSD	237	112	-382.20	0.775	-0.100	-632.13	2	125
lvn-rejection-acceptance-strategy	1h	LINKUSD	258	119	-421.42	0.765	-0.096	-659.78	2	125
lvn-rejection-acceptance-strategy	15m	LINKUSD	320	147	-672.20	0.684	-0.167	-854.73	0	42
lvn-rejection-acceptance-strategy	4h	BTCUSD	162	80	-149.06	0.897	-0.037	-355.70	4	333
lvn-rejection-acceptance-strategy	4h	SOLUSD	160	72	-209.90	0.848	-0.068	-296.91	5	333
lvn-rejection-acceptance-strategy	4h	LINKUSD	175	76	-378.99	0.759	-0.127	-429.18	2	333
nq-scalp-fix-signals	15m	BTCUSD	48	26	-70.09	0.825	-0.069	-164.02	2	42
nq-scalp-fix-signals	1h	BTCUSD	86	45	-72.27	0.906	-0.034	-281.55	3	125
nq-scalp-fix-signals	15m	SOLUSD	91	53	-43.84	0.935	-0.016	-188.44	4	42
nq-scalp-fix-signals	1h	SOLUSD	91	48	-92.60	0.883	-0.043	-248.15	4	125
nq-scalp-fix-signals	1h	LINKUSD	98	56	154.41	1.174	0.083	-57.79	4	125
nq-scalp-fix-signals	15m	LINKUSD	131	61	-294.34	0.770	-0.123	-485.08	3	42
nq-scalp-fix-signals	4h	BTCUSD	70	31	-103.82	0.844	-0.073	-227.45	4	333
nq-scalp-fix-signals	4h	SOLUSD	50	24	-46.52	0.900	-0.038	-114.94	4	333
nq-scalp-fix-signals	4h	LINKUSD	63	22	-250.41	0.636	-0.221	-297.34	2	333
albtrader-nq-btc-gold-multi-tf-signal-bot-v2	15m	BTCUSD	24	10	-105.55	0.458	-0.229	-134.25	3	42
albtrader-nq-btc-gold-multi-tf-signal-bot-v2	1h	BTCUSD	94	44	-214.67	0.718	-0.122	-354.15	1	125
albtrader-nq-btc-gold-multi-tf-signal-bot-v2	1h	SOLUSD	118	57	-65.10	0.929	-0.018	-227.33	4	125
albtrader-nq-btc-gold-multi-tf-signal-bot-v2	1h	LINKUSD	129	53	-377.38	0.651	-0.174	-480.05	3	125
albtrader-nq-btc-gold-multi-tf-signal-bot-v2	15m	SOLUSD	50	24	-86.68	0.797	-0.085	-221.11	3	42
adaptive-s-r-reversal-rsi-divergence-dca-be-stop-5m	1h	LINKUSD	50	23	-231.07	0.483	-0.257	-247.68	3	125
albtrader-nq-btc-gold-multi-tf-signal-bot-v2	4h	BTCUSD	68	34	-53.14	0.907	-0.036	-186.13	4	333
albtrader-nq-btc-gold-multi-tf-signal-bot-v2	4h	SOLUSD	70	29	-131.92	0.725	-0.107	-193.50	5	333
albtrader-nq-btc-gold-multi-tf-signal-bot-v2	15m	LINKUSD	73	35	-120.96	0.806	-0.076	-215.00	4	42
albtrader-nq-btc-gold-multi-tf-signal-bot-v2	4h	LINKUSD	68	21	-261.95	0.526	-0.217	-331.05	3	333
adaptive-s-r-reversal-rsi-divergence-dca-be-stop-5m	15m	LINKUSD	48	23	-163.37	0.635	-0.177	-217.28	3	42
oink-test	15m	BTCUSD	0	0	0.00	0.000	0.000	0.00	0	42
concordance-strategy	4h	BTCUSD	24	11	-12.49	0.951	-0.019	-41.69	4	333
oink-test	15m	SOLUSD	21	8	-145.59	0.371	-0.373	-159.59	2	42
charter-execution-model	15m	BTCUSD	6	4	85.95	3.379	0.720	51.23	2	42
charter-execution-model	1h	BTCUSD	10	4	-30.28	0.650	-0.149	-47.18	2	125
charter-execution-model	4h	BTCUSD	6	3	8.10	1.161	0.066	-8.35	3	333
concordance-strategy	15m	BTCUSD	6	2	-60.06	0.217	-0.519	-59.06	0	42
charter-execution-model	1h	SOLUSD	10	4	85.98	1.832	0.478	57.63	3	125
oink-test	15m	LINKUSD	8	2	-76.93	0.217	-0.494	-85.31	1	42
concordance-strategy	4h	SOLUSD	15	7	22.45	1.179	0.100	-9.23	3	333
charter-execution-model	4h	SOLUSD	8	6	60.00	3.127	0.398	44.01	5	333
charter-execution-model	4h	LINKUSD	6	2	-53.27	0.242	-0.449	-53.83	2	333
bot-acumulacion-ggal-ma-adx	4h	BTCUSD	3	0	-55.78	0.000	-0.992	-54.74	0	333
ema-crossx	15m	BTCUSD	22	9	-156.69	0.334	-0.384	-144.12	1	42
bot-acumulacion-ggal-ma-adx	4h	SOLUSD	4	1	-30.96	0.424	-0.435	-30.43	0	333
charter-execution-model	1h	LINKUSD	6	1	-66.55	0.173	-0.567	-76.02	1	125
bot-acumulacion-ggal-ma-adx	4h	LINKUSD	1	1	8.97	99.000	0.455	8.47	1	333
ema-crossx	4h	BTCUSD	45	19	-176.78	0.604	-0.215	-199.94	2	333
ema-crossx	1h	BTCUSD	50	32	63.08	1.173	0.073	26.95	6	125
ema-crossx	4h	SOLUSD	46	13	-96.88	0.603	-0.124	-200.71	3	333
ema-crossx	15m	SOLUSD	51	22	-114.56	0.774	-0.110	-216.75	1	42
ema-crossx	1h	SOLUSD	68	23	-296.08	0.452	-0.259	-354.85	1	125
ema-crossx	4h	LINKUSD	50	24	-48.74	0.908	-0.036	-113.32	2	333
ema-crossx	1h	LINKUSD	64	31	-46.45	0.927	-0.023	-136.32	4	125
ema-crossx	15m	LINKUSD	70	36	-50.97	0.918	-0.022	-257.07	4	42
strategy-250-xauusd-composite-quality-score	1h	BTCUSD	25	7	-47.11	0.624	-0.094	-107.82	3	125
strategy-250-xauusd-composite-quality-score	15m	BTCUSD	20	4	-87.73	0.262	-0.231	-129.73	0	42
strategy-250-xauusd-composite-quality-score	1h	SOLUSD	32	7	-27.13	0.876	-0.034	-144.63	1	125
strategy-250-xauusd-composite-quality-score	15m	SOLUSD	47	9	-212.26	0.368	-0.254	-280.07	2	42
strategy-250-xauusd-composite-quality-score	4h	BTCUSD	17	2	-72.74	0.456	-0.220	-90.11	1	333
strategy-250-xauusd-composite-quality-score	1h	LINKUSD	32	9	-89.64	0.687	-0.133	-147.32	3	125
strategy-432-btc-donchian-breakout-continuation	15m	BTCUSD	20	4	-67.59	0.437	-0.176	-93.20	1	42
charter-execution-model	15m	SOLUSD	10	5	-61.10	0.361	-0.314	-65.19	2	42
strategy-250-xauusd-composite-quality-score	15m	LINKUSD	44	10	-243.79	0.386	-0.310	-299.23	1	42
strategy-432-btc-donchian-breakout-continuation	15m	SOLUSD	49	19	107.75	1.509	0.113	-47.64	4	42
strategy-432-btc-donchian-breakout-continuation	1h	BTCUSD	36	13	133.22	1.671	0.192	25.40	3	125
strategy-250-xauusd-composite-quality-score	4h	SOLUSD	9	3	0.91	1.022	0.023	-4.11	2	333
strategy-432-btc-donchian-breakout-continuation	15m	LINKUSD	57	23	81.99	1.265	0.075	-118.45	5	42
strategy-432-btc-donchian-breakout-continuation	1h	SOLUSD	34	8	102.24	1.406	0.164	18.23	3	125
strategy-432-btc-donchian-breakout-continuation	4h	BTCUSD	16	4	-8.74	0.914	-0.020	-35.50	3	333
strategy-432-btc-donchian-breakout-continuation	4h	SOLUSD	22	2	-136.32	0.278	-0.348	-146.28	0	333
strategy-432-btc-donchian-breakout-continuation	1h	LINKUSD	43	12	-139.22	0.559	-0.168	-176.44	2	125
strategy-432-btc-donchian-breakout-continuation	4h	LINKUSD	21	7	-3.97	0.968	-0.002	-23.09	2	333
scalping-reversal-strategy	15m	BTCUSD	37	18	-88.86	0.747	-0.120	-189.89	2	42
scalping-reversal-strategy	1h	BTCUSD	77	32	-384.41	0.450	-0.317	-486.17	2	125
scalping-reversal-strategy	15m	SOLUSD	72	43	-79.41	0.862	-0.054	-155.20	4	42
scalping-reversal-strategy	1h	SOLUSD	68	25	-304.15	0.575	-0.260	-400.34	2	125
scalping-reversal-strategy	1h	LINKUSD	88	46	-221.36	0.706	-0.134	-332.06	3	125
scalping-reversal-strategy	15m	LINKUSD	88	43	-153.73	0.806	-0.083	-309.64	5	42
scalping-reversal-strategy	4h	BTCUSD	60	31	-103.03	0.812	-0.088	-78.37	3	333
scalping-reversal-strategy	4h	SOLUSD	43	25	69.40	1.204	0.102	-37.05	4	333
strategy-250-xauusd-composite-quality-score	4h	LINKUSD	11	2	-90.48	0.225	-0.428	-96.32	0	333
scalping-reversal-strategy	4h	LINKUSD	50	32	214.73	1.530	0.207	167.80	6	333
scalping-ichimoku	1h	BTCUSD	46	17	-195.00	0.563	-0.227	-297.92	4	125
scalping-ichimoku	15m	BTCUSD	17	9	-35.77	0.709	-0.101	-101.05	4	42
scalping-ichimoku	1h	SOLUSD	51	15	-371.94	0.260	-0.457	-356.15	1	125
scalping-ichimoku	15m	SOLUSD	45	18	-81.82	0.800	-0.087	-200.77	3	42
scalping-ichimoku	1h	LINKUSD	51	24	-4.62	0.990	0.011	-133.34	3	125
scalping-ichimoku	4h	BTCUSD	32	16	46.36	1.189	0.079	0.08	4	333
scalping-ichimoku	15m	LINKUSD	56	23	-242.00	0.537	-0.237	-338.81	1	42
scalping-ichimoku	4h	SOLUSD	48	19	-132.51	0.660	-0.145	-145.37	2	333
scalping-entry-exit-indicator-by-diget	15m	BTCUSD	234	76	-405.62	0.673	-0.108	-691.79	1	42
scalping-ichimoku	4h	LINKUSD	41	15	-190.96	0.516	-0.254	-210.02	3	333
scalping-entry-exit-indicator-by-diget	1h	BTCUSD	511	154	-839.15	0.476	-0.182	-927.23	0	125
scalping-entry-exit-indicator-by-diget	15m	SOLUSD	625	210	-807.92	0.670	-0.135	-944.15	1	42
scalping-entry-exit-indicator-by-diget	1h	SOLUSD	612	198	-722.90	0.702	-0.104	-872.49	1	125
scalping-entry-exit-indicator-by-diget	15m	LINKUSD	632	223	-894.24	0.533	-0.174	-973.06	0	42
scalping-entry-exit-indicator-by-diget	1h	LINKUSD	610	235	-697.63	0.697	-0.094	-889.36	1	125
scalping-entry-exit-indicator-by-diget	4h	BTCUSD	396	141	-322.50	0.866	-0.041	-593.90	4	333
scalping-entry-exit-indicator-by-diget	4h	SOLUSD	401	148	-334.57	0.828	-0.047	-555.23	2	333
scalping-entry-exit-indicator-by-diget	4h	LINKUSD	401	148	-338.52	0.817	-0.046	-564.47	3	333
thrax-quickstrike-5-mins-scalping	15m	BTCUSD	26	8	-229.80	0.216	-0.505	-213.50	1	42
thrax-quickstrike-5-mins-scalping	1h	BTCUSD	88	44	-80.21	0.896	-0.038	-311.93	2	125
thrax-quickstrike-5-mins-scalping	15m	SOLUSD	69	31	-171.86	0.707	-0.137	-292.24	2	42
thrax-quickstrike-5-mins-scalping	1h	SOLUSD	126	65	112.70	1.116	0.056	-228.35	5	125
thrax-quickstrike-5-mins-scalping	4h	BTCUSD	145	78	176.35	1.143	0.064	-36.95	5	333
thrax-quickstrike-5-mins-scalping	1h	LINKUSD	146	64	-221.07	0.815	-0.076	-432.89	2	125
thrax-quickstrike-5-mins-scalping	15m	LINKUSD	85	36	-290.72	0.601	-0.194	-402.44	3	42
concordance-strategy	4h	LINKUSD	26	15	77.69	1.415	0.155	61.96	5	333
scalper-s-moving-average-dyna	1h	BTCUSD	114	59	-145.44	0.845	-0.062	-394.93	3	125
scalper-s-moving-average-dyna	15m	BTCUSD	46	25	-14.30	0.960	-0.007	-99.45	4	42
scalper-s-moving-average-dyna	4h	BTCUSD	101	48	-200.60	0.801	-0.107	-259.99	4	333
scalper-s-moving-average-dyna	1h	SOLUSD	138	68	-281.66	0.750	-0.113	-436.92	1	125
thrax-quickstrike-5-mins-scalping	4h	SOLUSD	177	91	335.55	1.216	0.099	41.86	5	333
scalper-s-moving-average-dyna	15m	SOLUSD	127	64	-225.17	0.782	-0.090	-431.81	3	42
scalper-s-moving-average-dyna	4h	SOLUSD	94	41	-143.55	0.845	-0.079	-212.08	4	333
scalper-s-moving-average-dyna	1h	LINKUSD	133	60	-162.08	0.871	-0.052	-446.29	3	125
scalper-s-moving-average-dyna	4h	LINKUSD	94	50	-23.43	0.971	-0.003	-151.59	4	333
scalper-s-moving-average-dyna	15m	LINKUSD	152	70	-470.11	0.630	-0.198	-512.85	2	42
thrax-quickstrike-5-mins-scalping	4h	LINKUSD	179	91	38.23	1.025	0.021	-152.05	3	333
9-15-ema-scalper	4h	BTCUSD	53	28	-35.82	0.924	-0.022	-98.62	5	333
9-15-ema-scalper	1h	BTCUSD	72	46	177.36	1.329	0.125	24.93	6	125
9-15-ema-scalper	15m	BTCUSD	34	17	-141.96	0.528	-0.223	-112.67	0	42
9-15-ema-scalper	4h	SOLUSD	13	8	84.93	1.996	0.373	75.41	2	333
9-15-ema-scalper	1h	SOLUSD	3	2	-2.81	0.844	-0.052	-4.66	1	125
concordance-strategy	1h	BTCUSD	26	10	-87.62	0.626	-0.175	-129.93	2	125
parabolic-sar-heikin-ashi-mtf-candle-scalper	15m	BTCUSD	62	14	-147.38	0.353	-0.129	-274.28	0	42
parabolic-sar-heikin-ashi-mtf-candle-scalper	1h	BTCUSD	216	40	-497.55	0.307	-0.160	-691.09	0	125
parabolic-sar-heikin-ashi-mtf-candle-scalper	1h	SOLUSD	248	43	-542.26	0.277	-0.162	-693.54	0	125
parabolic-sar-heikin-ashi-mtf-candle-scalper	15m	SOLUSD	222	45	-392.06	0.378	-0.114	-666.67	0	42
parabolic-sar-heikin-ashi-mtf-candle-scalper	1h	LINKUSD	250	46	-566.30	0.303	-0.166	-715.33	0	125
scalper-sma-rsi-macd-entry-exit-signals-v2	1h	BTCUSD	1	0	-19.81	0.000	-1.000	-19.27	0	125
scalper-sma-rsi-macd-entry-exit-signals-v2	15m	BTCUSD	3	1	-26.78	0.297	-0.446	-34.39	1	42
scalper-sma-rsi-macd-entry-exit-signals-v2	4h	SOLUSD	2	1	-2.13	0.874	-0.087	-10.25	1	333
scalper-sma-rsi-macd-entry-exit-signals-v2	1h	SOLUSD	1	0	-19.05	0.000	-1.000	-19.80	0	125
scalper-sma-rsi-macd-entry-exit-signals-v2	4h	LINKUSD	1	0	-19.92	0.000	-1.000	-19.79	0	333
parabolic-sar-heikin-ashi-mtf-candle-scalper	15m	LINKUSD	258	55	-448.14	0.420	-0.114	-726.34	1	42
scalper-sma-rsi-macd-entry-exit-signals-v2	15m	SOLUSD	0	0	0.00	0.000	0.000	0.00	0	42
scalper-sma-rsi-macd-entry-exit-signals-v2	1h	LINKUSD	3	1	-25.81	0.347	-0.428	-28.21	1	125
scalper-sma-rsi-macd-entry-exit-signals-v2	15m	LINKUSD	3	0	-57.59	0.000	-0.982	-57.67	0	42
scalpers-macd-vwap-filter	15m	BTCUSD	34	20	-39.53	0.857	-0.051	-135.77	3	42
scalpers-macd-vwap-filter	4h	BTCUSD	106	54	50.96	1.062	0.034	-32.10	3	333
scalpers-macd-vwap-filter	1h	BTCUSD	120	59	-176.22	0.811	-0.073	-341.93	1	125
charter-execution-model	15m	LINKUSD	8	1	-64.84	0.179	-0.416	-81.85	0	42
scalpers-macd-vwap-filter	4h	SOLUSD	101	54	170.28	1.242	0.096	-25.62	6	333
scalpers-macd-vwap-filter	1h	SOLUSD	148	74	-226.27	0.803	-0.079	-427.01	2	125
scalpers-macd-vwap-filter	15m	SOLUSD	103	51	-97.19	0.903	-0.042	-334.92	3	42
scalpers-macd-vwap-filter	4h	LINKUSD	114	47	-281.67	0.694	-0.138	-362.88	3	333
scalpers-macd-vwap-filter	1h	LINKUSD	148	58	-406.52	0.670	-0.165	-551.82	3	125
scalpers-macd-vwap-filter	15m	LINKUSD	139	67	-110.24	0.912	-0.027	-326.88	3	42
concordance-strategy	15m	SOLUSD	23	12	4.97	1.025	0.019	-78.78	3	42
swing-failure-pattern-sfp-engine-agpro-series	15m	BTCUSD	19	8	-137.08	0.324	-0.390	-162.30	3	42
swing-failure-pattern-sfp-engine-agpro-series	1h	BTCUSD	40	22	53.39	1.174	0.081	-55.13	3	125
swing-failure-pattern-sfp-engine-agpro-series	4h	BTCUSD	22	10	-110.37	0.488	-0.272	-79.01	2	333
swing-failure-pattern-sfp-engine-agpro-series	4h	SOLUSD	28	12	-31.44	0.883	-0.058	-52.93	3	333
swing-failure-pattern-sfp-engine-agpro-series	1h	SOLUSD	42	18	-208.21	0.485	-0.281	-261.69	2	125
swing-failure-pattern-sfp-engine-agpro-series	15m	SOLUSD	38	23	37.10	1.121	0.059	5.06	3	42
swing-failure-pattern-sfp-engine-agpro-series	4h	LINKUSD	25	8	-201.65	0.352	-0.443	-212.31	2	333
swing-failure-pattern-sfp-engine-agpro-series	1h	LINKUSD	41	21	-43.99	0.887	-0.044	-111.24	4	125
swing-failure-pattern-sfp-engine-agpro-series	15m	LINKUSD	42	21	-195.40	0.492	-0.253	-280.78	2	42
swing-gradient-tpos-boswaves	15m	BTCUSD	47	18	-214.51	0.530	-0.255	-258.18	1	42
swing-gradient-tpos-boswaves	1h	BTCUSD	66	31	-225.90	0.628	-0.187	-351.53	1	125
swing-gradient-tpos-boswaves	1h	SOLUSD	77	37	-247.58	0.613	-0.174	-272.58	1	125
swing-gradient-tpos-boswaves	15m	SOLUSD	100	53	-192.22	0.763	-0.101	-309.89	3	42
swing-gradient-tpos-boswaves	4h	BTCUSD	44	19	-136.28	0.675	-0.159	-154.23	1	333
concordance-strategy	15m	LINKUSD	28	6	-304.36	0.100	-0.643	-345.76	0	42
swing-reversal-auto-targets-jpt-module-1	1h	BTCUSD	109	51	-112.75	0.895	-0.039	-300.31	3	125
swing-reversal-auto-targets-jpt-module-1	15m	BTCUSD	68	38	-7.70	0.988	0.007	-175.69	3	42
swing-reversal-auto-targets-jpt-module-1	1h	SOLUSD	119	67	172.15	1.152	0.086	44.49	3	125
swing-reversal-auto-targets-jpt-module-1	1h	LINKUSD	137	64	-279.89	0.784	-0.109	-503.06	2	125
swing-reversal-auto-targets-jpt-module-1	15m	SOLUSD	137	69	-104.17	0.927	-0.028	-370.94	1	42
swing-reversal-auto-targets-jpt-module-1	4h	BTCUSD	70	35	-22.41	0.966	-0.002	-97.65	3	333
swing-gradient-tpos-boswaves	4h	SOLUSD	35	20	51.08	1.193	0.072	2.03	5	333
swing-reversal-auto-targets-jpt-module-1	4h	SOLUSD	72	34	-23.71	0.961	-0.011	-82.04	3	333
swing-gradient-tpos-boswaves	1h	LINKUSD	92	39	-323.21	0.618	-0.202	-429.98	0	125
swing-reversal-auto-targets-jpt-module-1	4h	LINKUSD	81	39	3.13	1.004	0.017	-24.95	4	333
swing-reversal-auto-targets-jpt-module-1	15m	LINKUSD	169	75	-261.63	0.850	-0.074	-519.52	3	42
concordance-strategy	1h	SOLUSD	29	13	-128.42	0.499	-0.237	-145.40	3	125
swing-gradient-tpos-boswaves	15m	LINKUSD	142	59	-500.52	0.577	-0.236	-602.07	0	42
swing-gradient-tpos-boswaves	4h	LINKUSD	45	18	-235.02	0.489	-0.294	-270.27	3	333
rally-base-drop-snd-pivots-strategy-luxalgo-x-pineindicators	15m	BTCUSD	8	5	18.40	1.447	0.122	-17.04	4	42
rally-base-drop-snd-pivots-strategy-luxalgo-x-pineindicators	4h	BTCUSD	11	7	117.58	2.572	0.528	50.51	4	333
rally-base-drop-snd-pivots-strategy-luxalgo-x-pineindicators	1h	BTCUSD	28	13	-19.79	0.916	-0.025	-91.03	2	125
rally-base-drop-snd-pivots-strategy-luxalgo-x-pineindicators	15m	SOLUSD	28	8	-173.60	0.372	-0.341	-174.58	1	42
rally-base-drop-snd-pivots-strategy-luxalgo-x-pineindicators	1h	SOLUSD	29	8	-139.45	0.537	-0.251	-203.28	2	125
rally-base-drop-snd-pivots-strategy-luxalgo-x-pineindicators	4h	SOLUSD	11	1	-80.41	0.375	-0.362	-81.20	1	333
rally-base-drop-snd-pivots-strategy-luxalgo-x-pineindicators	15m	LINKUSD	29	7	-183.44	0.416	-0.341	-227.27	0	42
rally-base-drop-snd-pivots-strategy-luxalgo-x-pineindicators	1h	LINKUSD	22	9	45.20	1.229	0.118	-5.05	3	125
rally-base-drop-snd-pivots-strategy-luxalgo-x-pineindicators	4h	LINKUSD	19	5	-132.33	0.352	-0.370	-141.37	2	333
fast-v-slow-moving-averages-strategy-variable-divonn1994	4h	BTCUSD	63	39	-32.34	0.921	-0.021	-114.86	4	333
fast-v-slow-moving-averages-strategy-variable-divonn1994	4h	SOLUSD	76	50	-126.09	0.721	-0.088	-201.33	2	333
ms-hypersupertrend	15m	BTCUSD	14	8	119.79	1.964	0.436	33.06	2	42
fast-v-slow-moving-averages-strategy-variable-divonn1994	15m	BTCUSD	24	17	-40.64	0.660	-0.084	-109.82	1	42
fast-v-slow-moving-averages-strategy-variable-divonn1994	4h	LINKUSD	71	50	91.64	1.201	0.069	4.14	5	333
ms-hypersupertrend	1h	BTCUSD	22	12	31.37	1.158	0.089	-21.94	4	125
fast-v-slow-moving-averages-strategy-variable-divonn1994	1h	BTCUSD	75	45	-122.87	0.722	-0.084	-271.89	3	125
contrarian-scalping-counter-trend-bb-envelope-adx-and-stochastic	15m	BTCUSD	1678	291	-975.72	0.434	-0.125	-969.73	1	42
ms-hypersupertrend	15m	SOLUSD	36	19	6.95	1.020	0.028	-106.52	2	42
ms-hypersupertrend	4h	BTCUSD	18	8	-84.17	0.539	-0.238	-94.68	1	333
ms-hypersupertrend	1h	SOLUSD	28	14	25.32	1.098	0.061	-109.83	2	125
contrarian-scalping-counter-trend-bb-envelope-adx-and-stochastic	15m	SOLUSD	2161	426	-968.36	0.512	-0.092	-961.13	0	42
ms-hypersupertrend	15m	LINKUSD	55	28	344.07	1.523	0.300	61.29	3	42
fast-v-slow-moving-averages-strategy-variable-divonn1994	1h	SOLUSD	106	65	-165.05	0.731	-0.083	-305.01	1	125
contrarian-scalping-counter-trend-bb-envelope-adx-and-stochastic	1h	BTCUSD	1700	296	-980.02	0.201	-0.132	-975.16	0	125
contrarian-scalping-counter-trend-bb-envelope-adx-and-stochastic	15m	LINKUSD	2051	422	-980.20	0.396	-0.098	-980.06	0	42
fast-v-slow-moving-averages-strategy-variable-divonn1994	15m	SOLUSD	86	53	-186.95	0.583	-0.119	-345.30	2	42
ms-hypersupertrend	4h	SOLUSD	10	6	64.18	1.869	0.361	65.96	2	333
contrarian-scalping-counter-trend-bb-envelope-adx-and-stochastic	1h	SOLUSD	2117	415	-973.64	0.296	-0.100	-969.83	0	125
contrarian-scalping-counter-trend-bb-envelope-adx-and-stochastic	4h	BTCUSD	2185	461	-960.64	0.358	-0.084	-963.50	1	333
ms-hypersupertrend	1h	LINKUSD	35	21	105.13	1.372	0.154	33.78	5	125
contrarian-scalping-counter-trend-bb-envelope-adx-and-stochastic	1h	LINKUSD	2117	436	-980.25	0.368	-0.095	-980.21	0	125
contrarian-scalping-counter-trend-bb-envelope-adx-and-stochastic	4h	SOLUSD	2739	623	-934.97	0.460	-0.061	-937.18	0	333
contrarian-scalping-counter-trend-bb-envelope-adx-and-stochastic	4h	LINKUSD	3824	849	-978.08	0.514	-0.053	-980.03	0	333
ms-hypersupertrend	4h	LINKUSD	14	8	42.30	1.357	0.162	-35.83	3	333
fast-v-slow-moving-averages-strategy-variable-divonn1994	1h	LINKUSD	109	65	-221.78	0.695	-0.110	-371.76	1	125
ultimate-t3-fibonacci-for-btc-scalping-look-at-backtest-report	4h	BTCUSD	0	0	0.00	0.000	0.000	0.00	0	333
ultimate-t3-fibonacci-for-btc-scalping-look-at-backtest-report	1h	BTCUSD	0	0	0.00	0.000	0.000	0.00	0	125
fast-v-slow-moving-averages-strategy-variable-divonn1994	15m	LINKUSD	126	74	-185.86	0.726	-0.077	-422.58	1	42
god-of-scalping-btc	15m	BTCUSD	53	24	-154.59	0.684	-0.153	-245.75	1	42
ultimate-t3-fibonacci-for-btc-scalping-look-at-backtest-report	4h	SOLUSD	0	0	0.00	0.000	0.000	0.00	0	333
ultimate-t3-fibonacci-for-btc-scalping-look-at-backtest-report	15m	BTCUSD	0	0	0.00	0.000	0.000	0.00	0	42
ultimate-t3-fibonacci-for-btc-scalping-look-at-backtest-report	1h	SOLUSD	0	0	0.00	0.000	0.000	0.00	0	125
god-of-scalping-btc	15m	SOLUSD	139	61	-404.35	0.642	-0.181	-567.64	1	42
ultimate-t3-fibonacci-for-btc-scalping-look-at-backtest-report	4h	LINKUSD	2	0	-5.05	0.000	-0.127	-6.56	0	333
god-of-scalping-btc	15m	LINKUSD	174	81	-464.18	0.668	-0.171	-651.97	1	42
god-of-scalping-btc	1h	BTCUSD	145	69	-262.18	0.764	-0.097	-480.12	2	125
god-of-scalping-btc	4h	BTCUSD	129	55	-198.29	0.824	-0.076	-307.24	3	333
ultimate-t3-fibonacci-for-btc-scalping-look-at-backtest-report	1h	LINKUSD	6	1	4.23	1.300	0.037	-3.77	1	125
god-of-scalping-btc	4h	SOLUSD	136	55	-334.21	0.668	-0.160	-371.14	2	333
god-of-scalping-btc	1h	SOLUSD	163	72	-251.14	0.806	-0.082	-426.40	2	125
god-of-scalping-btc	4h	LINKUSD	109	47	-259.79	0.694	-0.130	-314.73	4	333
god-of-scalping-btc	1h	LINKUSD	186	82	-378.26	0.717	-0.116	-557.76	1	125
ultimate-t3-fibonacci-for-btc-scalping-look-at-backtest-report	15m	SOLUSD	0	0	0.00	0.000	0.000	0.00	0	42
ultimate-t3-fibonacci-for-btc-scalping-look-at-backtest-report	15m	LINKUSD	2	0	-20.40	0.000	-0.513	-22.22	0	42
clean-multi-indicator-alignment-system	1h	BTCUSD	126	65	-224.53	0.784	-0.095	-485.29	3	125
clean-multi-indicator-alignment-system	1h	SOLUSD	143	69	-240.49	0.780	-0.085	-342.29	3	125
clean-multi-indicator-alignment-system	15m	BTCUSD	43	20	-209.68	0.473	-0.272	-246.50	3	42
clean-multi-indicator-alignment-system	1h	LINKUSD	167	75	-403.23	0.689	-0.144	-511.25	1	125
clean-multi-indicator-alignment-system	4h	BTCUSD	99	56	169.50	1.224	0.091	-7.14	3	333
clean-multi-indicator-alignment-system	4h	SOLUSD	97	53	191.98	1.225	0.119	23.09	4	333
clean-multi-indicator-alignment-system	15m	SOLUSD	125	51	-510.45	0.527	-0.285	-582.14	1	42
clean-multi-indicator-alignment-system	4h	LINKUSD	98	46	-142.07	0.841	-0.068	-248.38	2	333
clean-multi-indicator-alignment-system	15m	LINKUSD	160	81	-178.76	0.883	-0.050	-502.55	4	42
crypto-grid-2025-long-only-asym-tp	15m	BTCUSD	1	1	8.66	99.000	0.457	6.08	1	42
crypto-grid-2025-long-only-asym-tp	15m	SOLUSD	7	3	-36.07	0.524	-0.264	-44.53	1	42
crypto-grid-2025-long-only-asym-tp	4h	BTCUSD	27	16	-40.64	0.792	-0.085	-100.60	4	333
crypto-grid-2025-long-only-asym-tp	15m	LINKUSD	10	8	40.21	2.017	0.203	18.84	3	42
crypto-grid-2025-long-only-asym-tp	4h	SOLUSD	20	13	-20.40	0.815	-0.093	-39.67	2	333
crypto-grid-2025-long-only-asym-tp	1h	BTCUSD	9	7	78.23	4.757	0.436	56.95	3	125
crypto-grid-2025-long-only-asym-tp	4h	LINKUSD	24	13	-75.14	0.661	-0.155	-89.13	2	333
crypto-grid-2025-long-only-asym-tp	1h	SOLUSD	16	10	7.07	1.070	0.025	-8.25	4	125
crypto-grid-2025-long-only-asym-tp	1h	LINKUSD	17	13	66.51	1.790	0.194	32.28	4	125
market-direction-strength-mds	1h	BTCUSD	174	101	188.73	1.129	0.064	-154.48	5	125
market-direction-strength-mds	4h	BTCUSD	144	76	-148.69	0.882	-0.047	-235.09	4	333
market-direction-strength-mds	1h	SOLUSD	220	120	1.51	1.001	0.011	-368.43	3	125
market-direction-strength-mds	4h	SOLUSD	151	76	-32.31	0.974	0.003	-172.62	4	333
market-direction-strength-mds	1h	LINKUSD	209	103	-104.18	0.946	-0.013	-486.77	5	125
market-direction-strength-mds	4h	LINKUSD	144	74	-61.97	0.953	-0.010	-155.94	5	333
market-direction-strength-mds	15m	BTCUSD	70	40	137.40	1.218	0.107	-137.11	5	42
concordance-strategy	1h	LINKUSD	32	16	-44.28	0.845	-0.063	-102.48	2	125
market-direction-strength-mds	15m	SOLUSD	169	80	-381.57	0.736	-0.138	-578.64	2	42
market-direction-strength-mds	15m	LINKUSD	180	86	-267.95	0.835	-0.073	-426.43	2	42
