scanner	tf	symbol	trades	wins	pnl	pf	avgR	maxDDpct	ms
structure-anchored-vwap	15m	SOLUSD	3	2	2.41	1.121	0.047	1.95	388
amd-po3-with-live-edge-stats	15m	SOLUSD	8	5	31.99	1.529	0.211	4.54	832
strat-trap-vwap-engine	15m	SOLUSD	535	134	-839.63	0.434	-0.182	83.96	3807
reactive-trail-system	15m	SOLUSD	37	15	-159.62	0.561	-0.230	18.54	560
liquidity-trail-matrix	15m	SOLUSD	15	6	-88.69	0.479	-0.303	8.87	766
mirage-liquidity-sweep-pro	15m	SOLUSD	10	8	85.47	3.014	0.422	2.76	936
meridian-flow	15m	SOLUSD	30	13	-56.19	0.814	-0.089	15.34	868
synapse-trail-pro	15m	SOLUSD	23	8	-95.21	0.624	-0.208	16.79	1544
volume-weighted-s-r-zones	15m	SOLUSD	24	8	-87.99	0.697	-0.176	14.32	774
liquidity-pools-pro	15m	SOLUSD	33	18	2.14	1.007	0.010	13.31	1312
adaptive-fibonacci-trailing-system	15m	SOLUSD	7	1	-99.34	0.122	-0.747	9.93	962
nexus-fusion-engine-ml	15m	SOLUSD	111	43	-345.44	0.604	-0.189	38.38	2895
self-aware-trend-system	15m	SOLUSD	103	37	-408.22	0.525	-0.255	44.04	1614
abcd-harmonic-projection	15m	SOLUSD	17	11	6.93	1.060	0.023	5.90	600
pulse-trend-radar	15m	SOLUSD	16	10	62.48	1.508	0.201	3.80	658
breakout-pattern-setup	15m	SOLUSD	12	6	11.35	1.153	0.062	5.91	653
daily-volume-profile-pro	15m	SOLUSD	5	1	-60.39	0.214	-0.623	6.04	632
fibonacci-structure-engine	15m	SOLUSD	41	21	-24.19	0.935	-0.022	9.22	693
stealthtrail-supertrend-ml-pro	15m	SOLUSD	39	18	-33.38	0.893	-0.029	12.39	2850
adaptive-ichimoku-nexus	15m	SOLUSD	57	27	-30.57	0.932	-0.021	15.28	2527
precision-sniper	15m	SOLUSD	37	16	-60.54	0.793	-0.079	11.57	673
adaptive-momentum-fusion	15m	SOLUSD	147	50	-502.44	0.516	-0.239	53.59	1062
swing-volume-profile-pro	15m	SOLUSD	30	11	-119.41	0.619	-0.200	18.47	869
stealthtrail-supertrend	15m	SOLUSD	41	18	-75.35	0.771	-0.094	17.19	1103
adaptive-momentum-classifier	15m	SOLUSD	25	11	-95.45	0.638	-0.196	13.05	1040
smarttrend-pro	15m	SOLUSD	37	13	-195.97	0.481	-0.290	24.11	3173
ict-session-zones-sweep-signals	15m	SOLUSD	21	11	-50.45	0.747	-0.117	13.01	1086
adaptive-squeeze-momentum-pro	15m	SOLUSD	38	16	-114.58	0.709	-0.153	16.34	1063
auto-s-r-channels	15m	SOLUSD	1	0	-19.37	0.000	-1.000	1.94	2036
squeeze-breakout-pro	15m	SOLUSD	13	5	19.27	1.235	0.086	6.39	647
smart-money-engine	15m	SOLUSD	38	19	-81.23	0.769	-0.102	21.13	897
adaptive-pivot-structure	15m	SOLUSD	12	7	26.99	1.327	0.120	4.33	732
adaptive-volatility-trend	15m	SOLUSD	8	3	-47.94	0.507	-0.298	6.26	457
phantom-trend-cloud	15m	SOLUSD	78	30	-278.29	0.589	-0.205	33.50	620
universal-signal-backtester	15m	SOLUSD	47	18	-216.59	0.559	-0.260	25.76	528
ultimate-opening-range-breakout	15m	SOLUSD	33	14	-188.01	0.452	-0.315	18.80	510
inertial-rsi	15m	SOLUSD	20	9	-93.50	0.542	-0.243	10.72	388
knn-supertrend-horizon	15m	SOLUSD	166	88	66.04	1.048	0.031	25.54	2380
omni-flow-consensus	15m	SOLUSD	81	25	-442.59	0.391	-0.362	50.21	432
htf-reversal-divergences	15m	SOLUSD	168	58	-525.49	0.459	-0.224	54.27	338
luminance-breakout-engine	15m	SOLUSD	71	31	-194.65	0.671	-0.149	21.88	295
volume-energy-reservoirs	15m	SOLUSD	81	32	-298.79	0.598	-0.216	31.86	200
change-point-detection-cusum	15m	SOLUSD	17	8	-36.16	0.783	-0.099	10.66	74
cbc-flip-with-targets-and-filters	15m	SOLUSD	254	91	-478.94	0.658	-0.127	53.46	319
power-hour-breakout-signals	15m	SOLUSD	42	23	-48.12	0.858	-0.058	16.48	351
initial-balance-breakout-signals	15m	SOLUSD	38	17	-130.04	0.645	-0.179	20.80	387
[2026-09-06T11:30:00.000+00:00] gatherStats
[2026-09-06T11:45:00.000+00:00] gatherStats
[2026-09-06T12:00:00.000+00:00] gatherStats
[2026-09-06T12:15:00.000+00:00] gatherStats
[2026-09-06T12:30:00.000+00:00] gatherStats
[2026-09-06T12:45:00.000+00:00] gatherStats
[2026-09-06T13:00:00.000+00:00] gatherStats
[2026-09-06T13:15:00.000+00:00] gatherStats
[2026-09-06T13:30:00.000+00:00] gatherStats
[2026-09-06T13:45:00.000+00:00] gatherStats
[2026-09-06T14:00:00.000+00:00] gatherStats
[2026-09-06T14:15:00.000+00:00] gatherStats
[2026-09-06T14:30:00.000+00:00] gatherStats
[2026-09-06T14:45:00.000+00:00] gatherStats
[2026-09-06T15:00:00.000+00:00] gatherStats
[2026-09-06T15:15:00.000+00:00] gatherStats
[2026-09-06T15:30:00.000+00:00] gatherStats
[2026-09-06T15:45:00.000+00:00] gatherStats
[2026-09-06T16:00:00.000+00:00] gatherStats
[2026-09-06T16:15:00.000+00:00] gatherStats
[2026-09-06T16:30:00.000+00:00] gatherStats
[2026-09-06T16:45:00.000+00:00] gatherStats
[2026-09-06T17:00:00.000+00:00] gatherStats
[2026-09-06T17:15:00.000+00:00] gatherStats
[2026-09-06T17:30:00.000+00:00] gatherStats
[2026-09-06T17:45:00.000+00:00] gatherStats
[2026-09-06T18:00:00.000+00:00] gatherStats
[2026-09-06T18:15:00.000+00:00] gatherStats
[2026-09-06T18:30:00.000+00:00] gatherStats
[2026-09-06T18:45:00.000+00:00] gatherStats
[2026-09-06T19:00:00.000+00:00] gatherStats
[2026-09-06T19:15:00.000+00:00] gatherStats
[2026-09-06T19:30:00.000+00:00] gatherStats
[2026-09-06T19:45:00.000+00:00] gatherStats
[2026-09-06T20:00:00.000+00:00] gatherStats
[2026-09-06T20:15:00.000+00:00] gatherStats
[2026-09-06T20:30:00.000+00:00] gatherStats
[2026-09-06T20:45:00.000+00:00] gatherStats
[2026-09-06T21:00:00.000+00:00] gatherStats
[2026-09-06T21:15:00.000+00:00] gatherStats
[2026-09-06T21:30:00.000+00:00] gatherStats
[2026-09-06T21:45:00.000+00:00] gatherStats
[2026-09-06T22:00:00.000+00:00] gatherStats
[2026-09-06T22:15:00.000+00:00] gatherStats
[2026-09-06T22:30:00.000+00:00] gatherStats
[2026-09-06T22:45:00.000+00:00] gatherStats
[2026-09-06T23:00:00.000+00:00] gatherStats
[2026-09-06T23:15:00.000+00:00] gatherStats
[2026-09-06T23:30:00.000+00:00] gatherStats
[2026-09-06T23:45:00.000+00:00] gatherStats
[2026-09-07T00:00:00.000+00:00] gatherStats
[2026-09-07T00:15:00.000+00:00] gatherStats
[2026-09-07T00:30:00.000+00:00] gatherStats
[2026-09-07T00:45:00.000+00:00] gatherStats
[2026-09-07T01:00:00.000+00:00] gatherStats
[2026-09-07T01:15:00.000+00:00] gatherStats
[2026-09-07T01:30:00.000+00:00] gatherStats
[2026-09-07T01:45:00.000+00:00] gatherStats
[2026-09-07T02:00:00.000+00:00] gatherStats
[2026-09-07T02:15:00.000+00:00] gatherStats
[2026-09-07T02:30:00.000+00:00] gatherStats
[2026-09-07T02:45:00.000+00:00] gatherStats
[2026-09-07T03:00:00.000+00:00] gatherStats
[2026-09-07T03:15:00.000+00:00] gatherStats
[2026-09-07T03:30:00.000+00:00] gatherStats
[2026-09-07T03:45:00.000+00:00] gatherStats
[2026-09-07T04:00:00.000+00:00] gatherStats
[2026-09-07T04:15:00.000+00:00] gatherStats
[2026-09-07T04:30:00.000+00:00] gatherStats
[2026-09-07T04:45:00.000+00:00] gatherStats
[2026-09-07T05:00:00.000+00:00] gatherStats
[2026-09-07T05:15:00.000+00:00] gatherStats
[2026-09-07T05:30:00.000+00:00] gatherStats
[2026-09-07T05:45:00.000+00:00] gatherStats
[2026-09-07T06:00:00.000+00:00] gatherStats
[2026-09-07T06:15:00.000+00:00] gatherStats
[2026-09-07T06:30:00.000+00:00] gatherStats
[2026-09-07T06:45:00.000+00:00] gatherStats
[2026-09-07T07:00:00.000+00:00] gatherStats
[2026-09-07T07:15:00.000+00:00] gatherStats
[2026-09-07T07:30:00.000+00:00] gatherStats
[2026-09-07T07:45:00.000+00:00] gatherStats
[2026-09-07T08:00:00.000+00:00] gatherStats
[2026-09-07T08:15:00.000+00:00] gatherStats
[2026-09-07T08:30:00.000+00:00] gatherStats
[2026-09-07T08:45:00.000+00:00] gatherStats
[2026-09-07T09:00:00.000+00:00] gatherStats
[2026-09-07T09:15:00.000+00:00] gatherStats
[2026-09-07T09:30:00.000+00:00] gatherStats
[2026-09-07T09:45:00.000+00:00] gatherStats
[2026-09-07T10:00:00.000+00:00] gatherStats
[2026-09-07T10:15:00.000+00:00] gatherStats
[2026-09-07T10:30:00.000+00:00] gatherStats
[2026-09-07T10:45:00.000+00:00] gatherStats
[2026-09-07T11:00:00.000+00:00] gatherStats
[2026-09-07T11:15:00.000+00:00] gatherStats
[2026-09-07T11:30:00.000+00:00] gatherStats
[2026-09-07T11:45:00.000+00:00] gatherStats
[2026-09-07T12:00:00.000+00:00] gatherStats
[2026-09-07T12:15:00.000+00:00] gatherStats
[2026-09-07T12:30:00.000+00:00] gatherStats
[2026-09-07T12:45:00.000+00:00] gatherStats
[2026-09-07T13:00:00.000+00:00] gatherStats
[2026-09-07T13:15:00.000+00:00] gatherStats
[2026-09-07T13:30:00.000+00:00] gatherStats
[2026-09-07T13:45:00.000+00:00] gatherStats
[2026-09-07T14:00:00.000+00:00] gatherStats
[2026-09-07T14:15:00.000+00:00] gatherStats
[2026-09-07T14:30:00.000+00:00] gatherStats
[2026-09-07T14:45:00.000+00:00] gatherStats
[2026-09-07T15:00:00.000+00:00] gatherStats
[2026-09-07T15:15:00.000+00:00] gatherStats
[2026-09-07T15:30:00.000+00:00] gatherStats
[2026-09-07T15:45:00.000+00:00] gatherStats
[2026-09-07T16:00:00.000+00:00] gatherStats
[2026-09-07T16:15:00.000+00:00] gatherStats
[2026-09-07T16:30:00.000+00:00] gatherStats
[2026-09-07T16:45:00.000+00:00] gatherStats
[2026-09-07T17:00:00.000+00:00] gatherStats
[2026-09-07T17:15:00.000+00:00] gatherStats
[2026-09-07T17:30:00.000+00:00] gatherStats
[2026-09-07T17:45:00.000+00:00] gatherStats
[2026-09-07T18:00:00.000+00:00] gatherStats
[2026-09-07T18:15:00.000+00:00] gatherStats
[2026-09-07T18:30:00.000+00:00] gatherStats
[2026-09-07T18:45:00.000+00:00] gatherStats
[2026-09-07T19:00:00.000+00:00] gatherStats
[2026-09-07T19:15:00.000+00:00] gatherStats
[2026-09-07T19:30:00.000+00:00] gatherStats
[2026-09-07T19:45:00.000+00:00] gatherStats
[2026-09-07T20:00:00.000+00:00] gatherStats
[2026-09-07T20:15:00.000+00:00] gatherStats
[2026-09-07T20:30:00.000+00:00] gatherStats
[2026-09-07T20:45:00.000+00:00] gatherStats
[2026-09-07T21:00:00.000+00:00] gatherStats
[2026-09-07T21:15:00.000+00:00] gatherStats
[2026-09-07T21:30:00.000+00:00] gatherStats
[2026-09-07T21:45:00.000+00:00] gatherStats
[2026-09-07T22:00:00.000+00:00] gatherStats
[2026-09-07T22:15:00.000+00:00] gatherStats
[2026-09-07T22:30:00.000+00:00] gatherStats
[2026-09-07T22:45:00.000+00:00] gatherStats
[2026-09-07T23:00:00.000+00:00] gatherStats
[2026-09-07T23:15:00.000+00:00] gatherStats
[2026-09-07T23:30:00.000+00:00] gatherStats
[2026-09-07T23:45:00.000+00:00] gatherStats
[2026-09-08T00:00:00.000+00:00] gatherStats
[2026-09-08T00:15:00.000+00:00] gatherStats
[2026-09-08T00:30:00.000+00:00] gatherStats
[2026-09-08T00:45:00.000+00:00] gatherStats
[2026-09-08T01:00:00.000+00:00] gatherStats
[2026-09-08T01:15:00.000+00:00] gatherStats
[2026-09-08T01:30:00.000+00:00] gatherStats
[2026-09-08T01:45:00.000+00:00] gatherStats
[2026-09-08T02:00:00.000+00:00] gatherStats
[2026-09-08T02:15:00.000+00:00] gatherStats
[2026-09-08T02:30:00.000+00:00] gatherStats
[2026-09-08T02:45:00.000+00:00] gatherStats
[2026-09-08T03:00:00.000+00:00] gatherStats
[2026-09-08T03:15:00.000+00:00] gatherStats
[2026-09-08T03:30:00.000+00:00] gatherStats
[2026-09-08T03:45:00.000+00:00] gatherStats
[2026-09-08T04:00:00.000+00:00] gatherStats
[2026-09-08T04:15:00.000+00:00] gatherStats
[2026-09-08T04:30:00.000+00:00] gatherStats
[2026-09-08T04:45:00.000+00:00] gatherStats
[2026-09-08T05:00:00.000+00:00] gatherStats
[2026-09-08T05:15:00.000+00:00] gatherStats
[2026-09-08T05:30:00.000+00:00] gatherStats
[2026-09-08T05:45:00.000+00:00] gatherStats
[2026-09-08T06:00:00.000+00:00] gatherStats
[2026-09-08T06:15:00.000+00:00] gatherStats
[2026-09-08T06:30:00.000+00:00] gatherStats
[2026-09-08T06:45:00.000+00:00] gatherStats
[2026-09-08T07:00:00.000+00:00] gatherStats
[2026-09-08T07:15:00.000+00:00] gatherStats
[2026-09-08T07:30:00.000+00:00] gatherStats
[2026-09-08T07:45:00.000+00:00] gatherStats
[2026-09-08T08:00:00.000+00:00] gatherStats
[2026-09-08T08:15:00.000+00:00] gatherStats
[2026-09-08T08:30:00.000+00:00] gatherStats
[2026-09-08T08:45:00.000+00:00] gatherStats
[2026-09-08T09:00:00.000+00:00] gatherStats
[2026-09-08T09:15:00.000+00:00] gatherStats
[2026-09-08T09:30:00.000+00:00] gatherStats
[2026-09-08T09:45:00.000+00:00] gatherStats
[2026-09-08T10:00:00.000+00:00] gatherStats
[2026-09-08T10:15:00.000+00:00] gatherStats
[2026-09-08T10:30:00.000+00:00] gatherStats
[2026-09-08T10:45:00.000+00:00] gatherStats
[2026-09-08T11:00:00.000+00:00] gatherStats
[2026-09-08T11:15:00.000+00:00] gatherStats
[2026-09-08T11:30:00.000+00:00] gatherStats
[2026-09-08T11:45:00.000+00:00] gatherStats
[2026-09-08T12:00:00.000+00:00] gatherStats
[2026-09-08T12:15:00.000+00:00] gatherStats
[2026-09-08T12:30:00.000+00:00] gatherStats
[2026-09-08T12:45:00.000+00:00] gatherStats
[2026-09-08T13:00:00.000+00:00] gatherStats
[2026-09-08T13:15:00.000+00:00] gatherStats
[2026-09-08T13:30:00.000+00:00] gatherStats
[2026-09-08T13:45:00.000+00:00] gatherStats
[2026-09-08T14:00:00.000+00:00] gatherStats
[2026-09-08T14:15:00.000+00:00] gatherStats
[2026-09-08T14:30:00.000+00:00] gatherStats
[2026-09-08T14:45:00.000+00:00] gatherStats
[2026-09-08T15:00:00.000+00:00] gatherStats
[2026-09-08T15:15:00.000+00:00] gatherStats
[2026-09-08T15:30:00.000+00:00] gatherStats
[2026-09-08T15:45:00.000+00:00] gatherStats
[2026-09-08T16:00:00.000+00:00] gatherStats
[2026-09-08T16:15:00.000+00:00] gatherStats
[2026-09-08T16:30:00.000+00:00] gatherStats
[2026-09-08T16:45:00.000+00:00] gatherStats
[2026-09-08T17:00:00.000+00:00] gatherStats
[2026-09-08T17:15:00.000+00:00] gatherStats
[2026-09-08T17:30:00.000+00:00] gatherStats
[2026-09-08T17:45:00.000+00:00] gatherStats
[2026-09-08T18:00:00.000+00:00] gatherStats
[2026-09-08T18:15:00.000+00:00] gatherStats
[2026-09-08T18:30:00.000+00:00] gatherStats
[2026-09-08T18:45:00.000+00:00] gatherStats
[2026-09-08T19:00:00.000+00:00] gatherStats
[2026-09-08T19:15:00.000+00:00] gatherStats
[2026-09-08T19:30:00.000+00:00] gatherStats
[2026-09-08T19:45:00.000+00:00] gatherStats
[2026-09-08T20:00:00.000+00:00] gatherStats
[2026-09-08T20:15:00.000+00:00] gatherStats
[2026-09-08T20:30:00.000+00:00] gatherStats
[2026-09-08T20:45:00.000+00:00] gatherStats
[2026-09-08T21:00:00.000+00:00] gatherStats
[2026-09-08T21:15:00.000+00:00] gatherStats
[2026-09-08T21:30:00.000+00:00] gatherStats
[2026-09-08T21:45:00.000+00:00] gatherStats
[2026-09-08T22:00:00.000+00:00] gatherStats
[2026-09-08T22:15:00.000+00:00] gatherStats
[2026-09-08T22:30:00.000+00:00] gatherStats
[2026-09-08T22:45:00.000+00:00] gatherStats
[2026-09-08T23:00:00.000+00:00] gatherStats
[2026-09-08T23:15:00.000+00:00] gatherStats
[2026-09-08T23:30:00.000+00:00] gatherStats
[2026-09-08T23:45:00.000+00:00] gatherStats
[2026-09-09T00:00:00.000+00:00] gatherStats
[2026-09-09T00:15:00.000+00:00] gatherStats
[2026-09-09T00:30:00.000+00:00] gatherStats
[2026-09-09T00:45:00.000+00:00] gatherStats
[2026-09-09T01:00:00.000+00:00] gatherStats
[2026-09-09T01:15:00.000+00:00] gatherStats
[2026-09-09T01:30:00.000+00:00] gatherStats
[2026-09-09T01:45:00.000+00:00] gatherStats
[2026-09-09T02:00:00.000+00:00] gatherStats
[2026-09-09T02:15:00.000+00:00] gatherStats
[2026-09-09T02:30:00.000+00:00] gatherStats
[2026-09-09T02:45:00.000+00:00] gatherStats
[2026-09-09T03:00:00.000+00:00] gatherStats
[2026-09-09T03:15:00.000+00:00] gatherStats
[2026-09-09T03:30:00.000+00:00] gatherStats
[2026-09-09T03:45:00.000+00:00] gatherStats
[2026-09-09T04:00:00.000+00:00] gatherStats
[2026-09-09T04:15:00.000+00:00] gatherStats
[2026-09-09T04:30:00.000+00:00] gatherStats
[2026-09-09T04:45:00.000+00:00] gatherStats
[2026-09-09T05:00:00.000+00:00] gatherStats
[2026-09-09T05:15:00.000+00:00] gatherStats
[2026-09-09T05:30:00.000+00:00] gatherStats
[2026-09-09T05:45:00.000+00:00] gatherStats
[2026-09-09T06:00:00.000+00:00] gatherStats
[2026-09-09T06:15:00.000+00:00] gatherStats
[2026-09-09T06:30:00.000+00:00] gatherStats
[2026-09-09T06:45:00.000+00:00] gatherStats
[2026-09-09T07:00:00.000+00:00] gatherStats
[2026-09-09T07:15:00.000+00:00] gatherStats
[2026-09-09T07:30:00.000+00:00] gatherStats
[2026-09-09T07:45:00.000+00:00] gatherStats
[2026-09-09T08:00:00.000+00:00] gatherStats
[2026-09-09T08:15:00.000+00:00] gatherStats
[2026-09-09T08:30:00.000+00:00] gatherStats
[2026-09-09T08:45:00.000+00:00] gatherStats
[2026-09-09T09:00:00.000+00:00] gatherStats
[2026-09-09T09:15:00.000+00:00] gatherStats
[2026-09-09T09:30:00.000+00:00] gatherStats
[2026-09-09T09:45:00.000+00:00] gatherStats
[2026-09-09T10:00:00.000+00:00] gatherStats
[2026-09-09T10:15:00.000+00:00] gatherStats
[2026-09-09T10:30:00.000+00:00] gatherStats
[2026-09-09T10:45:00.000+00:00] gatherStats
[2026-09-09T11:00:00.000+00:00] gatherStats
[2026-09-09T11:15:00.000+00:00] gatherStats
[2026-09-09T11:30:00.000+00:00] gatherStats
[2026-09-09T11:45:00.000+00:00] gatherStats
[2026-09-09T12:00:00.000+00:00] gatherStats
[2026-09-09T12:15:00.000+00:00] gatherStats
[2026-09-09T12:30:00.000+00:00] gatherStats
[2026-09-09T12:45:00.000+00:00] gatherStats
[2026-09-09T13:00:00.000+00:00] gatherStats
[2026-09-09T13:15:00.000+00:00] gatherStats
[2026-09-09T13:30:00.000+00:00] gatherStats
[2026-09-09T13:45:00.000+00:00] gatherStats
[2026-09-09T14:00:00.000+00:00] gatherStats
[2026-09-09T14:15:00.000+00:00] gatherStats
[2026-09-09T14:30:00.000+00:00] gatherStats
[2026-09-09T14:45:00.000+00:00] gatherStats
[2026-09-09T15:00:00.000+00:00] gatherStats
[2026-09-09T15:15:00.000+00:00] gatherStats
[2026-09-09T15:30:00.000+00:00] gatherStats
[2026-09-09T15:45:00.000+00:00] gatherStats
[2026-09-09T16:00:00.000+00:00] gatherStats
[2026-09-09T16:15:00.000+00:00] gatherStats
[2026-09-09T16:30:00.000+00:00] gatherStats
[2026-09-09T16:45:00.000+00:00] gatherStats
[2026-09-09T17:00:00.000+00:00] gatherStats
[2026-09-09T17:15:00.000+00:00] gatherStats
[2026-09-09T17:30:00.000+00:00] gatherStats
[2026-09-09T17:45:00.000+00:00] gatherStats
[2026-09-09T18:00:00.000+00:00] gatherStats
[2026-09-09T18:15:00.000+00:00] gatherStats
[2026-09-09T18:30:00.000+00:00] gatherStats
[2026-09-09T18:45:00.000+00:00] gatherStats
[2026-09-09T19:00:00.000+00:00] gatherStats
[2026-09-09T19:15:00.000+00:00] gatherStats
[2026-09-09T19:30:00.000+00:00] gatherStats
[2026-09-09T19:45:00.000+00:00] gatherStats
[2026-09-09T20:00:00.000+00:00] gatherStats
[2026-09-09T20:15:00.000+00:00] gatherStats
[2026-09-09T20:30:00.000+00:00] gatherStats
[2026-09-09T20:45:00.000+00:00] gatherStats
[2026-09-09T21:00:00.000+00:00] gatherStats
[2026-09-09T21:15:00.000+00:00] gatherStats
[2026-09-09T21:30:00.000+00:00] gatherStats
[2026-09-09T21:45:00.000+00:00] gatherStats
[2026-09-09T22:00:00.000+00:00] gatherStats
[2026-09-09T22:15:00.000+00:00] gatherStats
[2026-09-09T22:30:00.000+00:00] gatherStats
[2026-09-09T22:45:00.000+00:00] gatherStats
[2026-09-09T23:00:00.000+00:00] gatherStats
[2026-09-09T23:15:00.000+00:00] gatherStats
[2026-09-09T23:30:00.000+00:00] gatherStats
[2026-09-09T23:45:00.000+00:00] gatherStats
[2026-09-10T00:00:00.000+00:00] gatherStats
[2026-09-10T00:15:00.000+00:00] gatherStats
[2026-09-10T00:30:00.000+00:00] gatherStats
[2026-09-10T00:45:00.000+00:00] gatherStats
[2026-09-10T01:00:00.000+00:00] gatherStats
[2026-09-10T01:15:00.000+00:00] gatherStats
[2026-09-10T01:30:00.000+00:00] gatherStats
[2026-09-10T01:45:00.000+00:00] gatherStats
[2026-09-10T02:00:00.000+00:00] gatherStats
[2026-09-10T02:15:00.000+00:00] gatherStats
[2026-09-10T02:30:00.000+00:00] gatherStats
[2026-09-10T02:45:00.000+00:00] gatherStats
[2026-09-10T03:00:00.000+00:00] gatherStats
[2026-09-10T03:15:00.000+00:00] gatherStats
[2026-09-10T03:30:00.000+00:00] gatherStats
[2026-09-10T03:45:00.000+00:00] gatherStats
[2026-09-10T04:00:00.000+00:00] gatherStats
[2026-09-10T04:15:00.000+00:00] gatherStats
[2026-09-10T04:30:00.000+00:00] gatherStats
[2026-09-10T04:45:00.000+00:00] gatherStats
[2026-09-10T05:00:00.000+00:00] gatherStats
[2026-09-10T05:15:00.000+00:00] gatherStats
[2026-09-10T05:30:00.000+00:00] gatherStats
[2026-09-10T05:45:00.000+00:00] gatherStats
[2026-09-10T06:00:00.000+00:00] gatherStats
[2026-09-10T06:15:00.000+00:00] gatherStats
[2026-09-10T06:30:00.000+00:00] gatherStats
[2026-09-10T06:45:00.000+00:00] gatherStats
[2026-09-10T07:00:00.000+00:00] gatherStats
[2026-09-10T07:15:00.000+00:00] gatherStats
[2026-09-10T07:30:00.000+00:00] gatherStats
[2026-09-10T07:45:00.000+00:00] gatherStats
[2026-09-10T08:00:00.000+00:00] gatherStats
[2026-09-10T08:15:00.000+00:00] gatherStats
[2026-09-10T08:30:00.000+00:00] gatherStats
[2026-09-10T08:45:00.000+00:00] gatherStats
[2026-09-10T09:00:00.000+00:00] gatherStats
[2026-09-10T09:15:00.000+00:00] gatherStats
[2026-09-10T09:30:00.000+00:00] gatherStats
[2026-09-10T09:45:00.000+00:00] gatherStats
[2026-09-10T10:00:00.000+00:00] gatherStats
[2026-09-10T10:15:00.000+00:00] gatherStats
[2026-09-10T10:30:00.000+00:00] gatherStats
[2026-09-10T10:45:00.000+00:00] gatherStats
[2026-09-10T11:00:00.000+00:00] gatherStats
[2026-09-10T11:15:00.000+00:00] gatherStats
[2026-09-10T11:30:00.000+00:00] gatherStats
[2026-09-10T11:45:00.000+00:00] gatherStats
[2026-09-10T12:00:00.000+00:00] gatherStats
[2026-09-10T12:15:00.000+00:00] gatherStats
[2026-09-10T12:30:00.000+00:00] gatherStats
[2026-09-10T12:45:00.000+00:00] gatherStats
[2026-09-10T13:00:00.000+00:00] gatherStats
[2026-09-10T13:15:00.000+00:00] gatherStats
[2026-09-10T13:30:00.000+00:00] gatherStats
[2026-09-10T13:45:00.000+00:00] gatherStats
[2026-09-10T14:00:00.000+00:00] gatherStats
[2026-09-10T14:15:00.000+00:00] gatherStats
[2026-09-10T14:30:00.000+00:00] gatherStats
[2026-09-10T14:45:00.000+00:00] gatherStats
[2026-09-10T15:00:00.000+00:00] gatherStats
[2026-09-10T15:15:00.000+00:00] gatherStats
[2026-09-10T15:30:00.000+00:00] gatherStats
[2026-09-10T15:45:00.000+00:00] gatherStats
[2026-09-10T16:00:00.000+00:00] gatherStats
[2026-09-10T16:15:00.000+00:00] gatherStats
[2026-09-10T16:30:00.000+00:00] gatherStats
[2026-09-10T16:45:00.000+00:00] gatherStats
[2026-09-10T17:00:00.000+00:00] gatherStats
[2026-09-10T17:15:00.000+00:00] gatherStats
[2026-09-10T17:30:00.000+00:00] gatherStats
[2026-09-10T17:45:00.000+00:00] gatherStats
[2026-09-10T18:00:00.000+00:00] gatherStats
[2026-09-10T18:15:00.000+00:00] gatherStats
[2026-09-10T18:30:00.000+00:00] gatherStats
[2026-09-10T18:45:00.000+00:00] gatherStats
[2026-09-10T19:00:00.000+00:00] gatherStats
[2026-09-10T19:15:00.000+00:00] gatherStats
[2026-09-10T19:30:00.000+00:00] gatherStats
[2026-09-10T19:45:00.000+00:00] gatherStats
[2026-09-10T20:00:00.000+00:00] gatherStats
[2026-09-10T20:15:00.000+00:00] gatherStats
[2026-09-10T20:30:00.000+00:00] gatherStats
[2026-09-10T20:45:00.000+00:00] gatherStats
[2026-09-10T21:00:00.000+00:00] gatherStats
[2026-09-10T21:15:00.000+00:00] gatherStats
[2026-09-10T21:30:00.000+00:00] gatherStats
[2026-09-10T21:45:00.000+00:00] gatherStats
[2026-09-10T22:00:00.000+00:00] gatherStats
[2026-09-10T22:15:00.000+00:00] gatherStats
[2026-09-10T22:30:00.000+00:00] gatherStats
[2026-09-10T22:45:00.000+00:00] gatherStats
[2026-09-10T23:00:00.000+00:00] gatherStats
[2026-09-10T23:15:00.000+00:00] gatherStats
[2026-09-10T23:30:00.000+00:00] gatherStats
[2026-09-10T23:45:00.000+00:00] gatherStats
[2026-09-11T00:00:00.000+00:00] gatherStats
[2026-09-11T00:15:00.000+00:00] gatherStats
[2026-09-11T00:30:00.000+00:00] gatherStats
[2026-09-11T00:45:00.000+00:00] gatherStats
[2026-09-11T01:00:00.000+00:00] gatherStats
[2026-09-11T01:15:00.000+00:00] gatherStats
[2026-09-11T01:30:00.000+00:00] gatherStats
[2026-09-11T01:45:00.000+00:00] gatherStats
[2026-09-11T02:00:00.000+00:00] gatherStats
[2026-09-11T02:15:00.000+00:00] gatherStats
[2026-09-11T02:30:00.000+00:00] gatherStats
[2026-09-11T02:45:00.000+00:00] gatherStats
[2026-09-11T03:00:00.000+00:00] gatherStats
[2026-09-11T03:15:00.000+00:00] gatherStats
[2026-09-11T03:30:00.000+00:00] gatherStats
[2026-09-11T03:45:00.000+00:00] gatherStats
[2026-09-11T04:00:00.000+00:00] gatherStats
[2026-09-11T04:15:00.000+00:00] gatherStats
[2026-09-11T04:30:00.000+00:00] gatherStats
[2026-09-11T04:45:00.000+00:00] gatherStats
[2026-09-11T05:00:00.000+00:00] gatherStats
[2026-09-11T05:15:00.000+00:00] gatherStats
[2026-09-11T05:30:00.000+00:00] gatherStats
[2026-09-11T05:45:00.000+00:00] gatherStats
[2026-09-11T06:00:00.000+00:00] gatherStats
[2026-09-11T06:15:00.000+00:00] gatherStats
[2026-09-11T06:30:00.000+00:00] gatherStats
[2026-09-11T06:45:00.000+00:00] gatherStats
[2026-09-11T07:00:00.000+00:00] gatherStats
[2026-09-11T07:15:00.000+00:00] gatherStats
[2026-09-11T07:30:00.000+00:00] gatherStats
[2026-09-11T07:45:00.000+00:00] gatherStats
[2026-09-11T08:00:00.000+00:00] gatherStats
[2026-09-11T08:15:00.000+00:00] gatherStats
[2026-09-11T08:30:00.000+00:00] gatherStats
[2026-09-11T08:45:00.000+00:00] gatherStats
[2026-09-11T09:00:00.000+00:00] gatherStats
[2026-09-11T09:15:00.000+00:00] gatherStats
[2026-09-11T09:30:00.000+00:00] gatherStats
[2026-09-11T09:45:00.000+00:00] gatherStats
[2026-09-11T10:00:00.000+00:00] gatherStats
[2026-09-11T10:15:00.000+00:00] gatherStats
[2026-09-11T10:30:00.000+00:00] gatherStats
[2026-09-11T10:45:00.000+00:00] gatherStats
[2026-09-11T11:00:00.000+00:00] gatherStats
[2026-09-11T11:15:00.000+00:00] gatherStats
[2026-09-11T11:30:00.000+00:00] gatherStats
[2026-09-11T11:45:00.000+00:00] gatherStats
[2026-09-11T12:00:00.000+00:00] gatherStats
[2026-09-11T12:15:00.000+00:00] gatherStats
[2026-09-11T12:30:00.000+00:00] gatherStats
[2026-09-11T12:45:00.000+00:00] gatherStats
[2026-09-11T13:00:00.000+00:00] gatherStats
[2026-09-11T13:15:00.000+00:00] gatherStats
[2026-09-11T13:30:00.000+00:00] gatherStats
[2026-09-11T13:45:00.000+00:00] gatherStats
[2026-09-11T14:00:00.000+00:00] gatherStats
[2026-09-11T14:15:00.000+00:00] gatherStats
[2026-09-11T14:30:00.000+00:00] gatherStats
[2026-09-11T14:45:00.000+00:00] gatherStats
[2026-09-11T15:00:00.000+00:00] gatherStats
[2026-09-11T15:15:00.000+00:00] gatherStats
[2026-09-11T15:30:00.000+00:00] gatherStats
[2026-09-11T15:45:00.000+00:00] gatherStats
[2026-09-11T16:00:00.000+00:00] gatherStats
[2026-09-11T16:15:00.000+00:00] gatherStats
[2026-09-11T16:30:00.000+00:00] gatherStats
[2026-09-11T16:45:00.000+00:00] gatherStats
[2026-09-11T17:00:00.000+00:00] gatherStats
[2026-09-11T17:15:00.000+00:00] gatherStats
[2026-09-11T17:30:00.000+00:00] gatherStats
[2026-09-11T17:45:00.000+00:00] gatherStats
[2026-09-11T18:00:00.000+00:00] gatherStats
[2026-09-11T18:15:00.000+00:00] gatherStats
[2026-09-11T18:30:00.000+00:00] gatherStats
[2026-09-11T18:45:00.000+00:00] gatherStats
[2026-09-11T19:00:00.000+00:00] gatherStats
[2026-09-11T19:15:00.000+00:00] gatherStats
[2026-09-11T19:30:00.000+00:00] gatherStats
[2026-09-11T19:45:00.000+00:00] gatherStats
[2026-09-11T20:00:00.000+00:00] gatherStats
[2026-09-11T20:15:00.000+00:00] gatherStats
[2026-09-11T20:30:00.000+00:00] gatherStats
[2026-09-11T20:45:00.000+00:00] gatherStats
[2026-09-11T21:00:00.000+00:00] gatherStats
[2026-09-11T21:15:00.000+00:00] gatherStats
[2026-09-11T21:30:00.000+00:00] gatherStats
[2026-09-11T21:45:00.000+00:00] gatherStats
[2026-09-11T22:00:00.000+00:00] gatherStats
[2026-09-11T22:15:00.000+00:00] gatherStats
[2026-09-11T22:30:00.000+00:00] gatherStats
[2026-09-11T22:45:00.000+00:00] gatherStats
[2026-09-11T23:00:00.000+00:00] gatherStats
[2026-09-11T23:15:00.000+00:00] gatherStats
[2026-09-11T23:30:00.000+00:00] gatherStats
[2026-09-11T23:45:00.000+00:00] gatherStats
[2026-09-12T00:00:00.000+00:00] gatherStats
[2026-09-12T00:15:00.000+00:00] gatherStats
[2026-09-12T00:30:00.000+00:00] gatherStats
[2026-09-12T00:45:00.000+00:00] gatherStats
[2026-09-12T01:00:00.000+00:00] gatherStats
[2026-09-12T01:15:00.000+00:00] gatherStats
[2026-09-12T01:30:00.000+00:00] gatherStats
[2026-09-12T01:45:00.000+00:00] gatherStats
[2026-09-12T02:00:00.000+00:00] gatherStats
[2026-09-12T02:15:00.000+00:00] gatherStats
[2026-09-12T02:30:00.000+00:00] gatherStats
[2026-09-12T02:45:00.000+00:00] gatherStats
[2026-09-12T03:00:00.000+00:00] gatherStats
[2026-09-12T03:15:00.000+00:00] gatherStats
[2026-09-12T03:30:00.000+00:00] gatherStats
[2026-09-12T03:45:00.000+00:00] gatherStats
[2026-09-12T04:00:00.000+00:00] gatherStats
[2026-09-12T04:15:00.000+00:00] gatherStats
[2026-09-12T04:30:00.000+00:00] gatherStats
[2026-09-12T04:45:00.000+00:00] gatherStats
[2026-09-12T05:00:00.000+00:00] gatherStats
[2026-09-12T05:15:00.000+00:00] gatherStats
[2026-09-12T05:30:00.000+00:00] gatherStats
[2026-09-12T05:45:00.000+00:00] gatherStats
[2026-09-12T06:00:00.000+00:00] gatherStats
[2026-09-12T06:15:00.000+00:00] gatherStats
[2026-09-12T06:30:00.000+00:00] gatherStats
[2026-09-12T06:45:00.000+00:00] gatherStats
[2026-09-12T07:00:00.000+00:00] gatherStats
[2026-09-12T07:15:00.000+00:00] gatherStats
[2026-09-12T07:30:00.000+00:00] gatherStats
[2026-09-12T07:45:00.000+00:00] gatherStats
[2026-09-12T08:00:00.000+00:00] gatherStats
[2026-09-12T08:15:00.000+00:00] gatherStats
[2026-09-12T08:30:00.000+00:00] gatherStats
[2026-09-12T08:45:00.000+00:00] gatherStats
[2026-09-12T09:00:00.000+00:00] gatherStats
[2026-09-12T09:15:00.000+00:00] gatherStats
[2026-09-12T09:30:00.000+00:00] gatherStats
[2026-09-12T09:45:00.000+00:00] gatherStats
[2026-09-12T10:00:00.000+00:00] gatherStats
[2026-09-12T10:15:00.000+00:00] gatherStats
[2026-09-12T10:30:00.000+00:00] gatherStats
[2026-09-12T10:45:00.000+00:00] gatherStats
[2026-09-12T11:00:00.000+00:00] gatherStats
[2026-09-12T11:15:00.000+00:00] gatherStats
[2026-09-12T11:30:00.000+00:00] gatherStats
[2026-09-12T11:45:00.000+00:00] gatherStats
[2026-09-12T12:00:00.000+00:00] gatherStats
[2026-09-12T12:15:00.000+00:00] gatherStats
[2026-09-12T12:30:00.000+00:00] gatherStats
[2026-09-12T12:45:00.000+00:00] gatherStats
[2026-09-12T13:00:00.000+00:00] gatherStats
[2026-09-12T13:15:00.000+00:00] gatherStats
[2026-09-12T13:30:00.000+00:00] gatherStats
[2026-09-12T13:45:00.000+00:00] gatherStats
[2026-09-12T14:00:00.000+00:00] gatherStats
[2026-09-12T14:15:00.000+00:00] gatherStats
[2026-09-12T14:30:00.000+00:00] gatherStats
[2026-09-12T14:45:00.000+00:00] gatherStats
[2026-09-12T15:00:00.000+00:00] gatherStats
[2026-09-12T15:15:00.000+00:00] gatherStats
[2026-09-12T15:30:00.000+00:00] gatherStats
[2026-09-12T15:45:00.000+00:00] gatherStats
[2026-09-12T16:00:00.000+00:00] gatherStats
[2026-09-12T16:15:00.000+00:00] gatherStats
[2026-09-12T16:30:00.000+00:00] gatherStats
[2026-09-12T16:45:00.000+00:00] gatherStats
[2026-09-12T17:00:00.000+00:00] gatherStats
[2026-09-12T17:15:00.000+00:00] gatherStats
[2026-09-12T17:30:00.000+00:00] gatherStats
[2026-09-12T17:45:00.000+00:00] gatherStats
[2026-09-12T18:00:00.000+00:00] gatherStats
[2026-09-12T18:15:00.000+00:00] gatherStats
[2026-09-12T18:30:00.000+00:00] gatherStats
[2026-09-12T18:45:00.000+00:00] gatherStats
[2026-09-12T19:00:00.000+00:00] gatherStats
[2026-09-12T19:15:00.000+00:00] gatherStats
[2026-09-12T19:30:00.000+00:00] gatherStats
[2026-09-12T19:45:00.000+00:00] gatherStats
[2026-09-12T20:00:00.000+00:00] gatherStats
[2026-09-12T20:15:00.000+00:00] gatherStats
[2026-09-12T20:30:00.000+00:00] gatherStats
[2026-09-12T20:45:00.000+00:00] gatherStats
[2026-09-12T21:00:00.000+00:00] gatherStats
[2026-09-12T21:15:00.000+00:00] gatherStats
[2026-09-12T21:30:00.000+00:00] gatherStats
[2026-09-12T21:45:00.000+00:00] gatherStats
[2026-09-12T22:00:00.000+00:00] gatherStats
[2026-09-12T22:15:00.000+00:00] gatherStats
[2026-09-12T22:30:00.000+00:00] gatherStats
[2026-09-12T22:45:00.000+00:00] gatherStats
[2026-09-12T23:00:00.000+00:00] gatherStats
[2026-09-12T23:15:00.000+00:00] gatherStats
[2026-09-12T23:30:00.000+00:00] gatherStats
[2026-09-12T23:45:00.000+00:00] gatherStats
[2026-09-13T00:00:00.000+00:00] gatherStats
[2026-09-13T00:15:00.000+00:00] gatherStats
[2026-09-13T00:30:00.000+00:00] gatherStats
[2026-09-13T00:45:00.000+00:00] gatherStats
[2026-09-13T01:00:00.000+00:00] gatherStats
[2026-09-13T01:15:00.000+00:00] gatherStats
[2026-09-13T01:30:00.000+00:00] gatherStats
[2026-09-13T01:45:00.000+00:00] gatherStats
[2026-09-13T02:00:00.000+00:00] gatherStats
[2026-09-13T02:15:00.000+00:00] gatherStats
[2026-09-13T02:30:00.000+00:00] gatherStats
[2026-09-13T02:45:00.000+00:00] gatherStats
[2026-09-13T03:00:00.000+00:00] gatherStats
[2026-09-13T03:15:00.000+00:00] gatherStats
[2026-09-13T03:30:00.000+00:00] gatherStats
[2026-09-13T03:45:00.000+00:00] gatherStats
[2026-09-13T04:00:00.000+00:00] gatherStats
[2026-09-13T04:15:00.000+00:00] gatherStats
[2026-09-13T04:30:00.000+00:00] gatherStats
[2026-09-13T04:45:00.000+00:00] gatherStats
[2026-09-13T05:00:00.000+00:00] gatherStats
[2026-09-13T05:15:00.000+00:00] gatherStats
[2026-09-13T05:30:00.000+00:00] gatherStats
[2026-09-13T05:45:00.000+00:00] gatherStats
[2026-09-13T06:00:00.000+00:00] gatherStats
[2026-09-13T06:15:00.000+00:00] gatherStats
[2026-09-13T06:30:00.000+00:00] gatherStats
[2026-09-13T06:45:00.000+00:00] gatherStats
[2026-09-13T07:00:00.000+00:00] gatherStats
[2026-09-13T07:15:00.000+00:00] gatherStats
[2026-09-13T07:30:00.000+00:00] gatherStats
[2026-09-13T07:45:00.000+00:00] gatherStats
[2026-09-13T08:00:00.000+00:00] gatherStats
[2026-09-13T08:15:00.000+00:00] gatherStats
[2026-09-13T08:30:00.000+00:00] gatherStats
[2026-09-13T08:45:00.000+00:00] gatherStats
[2026-09-13T09:00:00.000+00:00] gatherStats
[2026-09-13T09:15:00.000+00:00] gatherStats
[2026-09-13T09:30:00.000+00:00] gatherStats
[2026-09-13T09:45:00.000+00:00] gatherStats
[2026-09-13T10:00:00.000+00:00] gatherStats
[2026-09-13T10:15:00.000+00:00] gatherStats
[2026-09-13T10:30:00.000+00:00] gatherStats
[2026-09-13T10:45:00.000+00:00] gatherStats
[2026-09-13T11:00:00.000+00:00] gatherStats
[2026-09-13T11:15:00.000+00:00] gatherStats
[2026-09-13T11:30:00.000+00:00] gatherStats
[2026-09-13T11:45:00.000+00:00] gatherStats
[2026-09-13T12:00:00.000+00:00] gatherStats
[2026-09-13T12:15:00.000+00:00] gatherStats
[2026-09-13T12:30:00.000+00:00] gatherStats
[2026-09-13T12:45:00.000+00:00] gatherStats
[2026-09-13T13:00:00.000+00:00] gatherStats
[2026-09-13T13:15:00.000+00:00] gatherStats
[2026-09-13T13:30:00.000+00:00] gatherStats
[2026-09-13T13:45:00.000+00:00] gatherStats
[2026-09-13T14:00:00.000+00:00] gatherStats
[2026-09-13T14:15:00.000+00:00] gatherStats
[2026-09-13T14:30:00.000+00:00] gatherStats
[2026-09-13T14:45:00.000+00:00] gatherStats
[2026-09-13T15:00:00.000+00:00] gatherStats
[2026-09-13T15:15:00.000+00:00] gatherStats
[2026-09-13T15:30:00.000+00:00] gatherStats
[2026-09-13T15:45:00.000+00:00] gatherStats
[2026-09-13T16:00:00.000+00:00] gatherStats
[2026-09-13T16:15:00.000+00:00] gatherStats
[2026-09-13T16:30:00.000+00:00] gatherStats
[2026-09-13T16:45:00.000+00:00] gatherStats
[2026-09-13T17:00:00.000+00:00] gatherStats
[2026-09-13T17:15:00.000+00:00] gatherStats
[2026-09-13T17:30:00.000+00:00] gatherStats
[2026-09-13T17:45:00.000+00:00] gatherStats
[2026-09-13T18:00:00.000+00:00] gatherStats
[2026-09-13T18:15:00.000+00:00] gatherStats
[2026-09-13T18:30:00.000+00:00] gatherStats
[2026-09-13T18:45:00.000+00:00] gatherStats
[2026-09-13T19:00:00.000+00:00] gatherStats
[2026-09-13T19:15:00.000+00:00] gatherStats
[2026-09-13T19:30:00.000+00:00] gatherStats
[2026-09-13T19:45:00.000+00:00] gatherStats
[2026-09-13T20:00:00.000+00:00] gatherStats
[2026-09-13T20:15:00.000+00:00] gatherStats
[2026-09-13T20:30:00.000+00:00] gatherStats
[2026-09-13T20:45:00.000+00:00] gatherStats
[2026-09-13T21:00:00.000+00:00] gatherStats
[2026-09-13T21:15:00.000+00:00] gatherStats
[2026-09-13T21:30:00.000+00:00] gatherStats
[2026-09-13T21:45:00.000+00:00] gatherStats
[2026-09-13T22:00:00.000+00:00] gatherStats
[2026-09-13T22:15:00.000+00:00] gatherStats
[2026-09-13T22:30:00.000+00:00] gatherStats
[2026-09-13T22:45:00.000+00:00] gatherStats
[2026-09-13T23:00:00.000+00:00] gatherStats
[2026-09-13T23:15:00.000+00:00] gatherStats
[2026-09-13T23:30:00.000+00:00] gatherStats
[2026-09-13T23:45:00.000+00:00] gatherStats
[2026-09-14T00:00:00.000+00:00] gatherStats
[2026-09-14T00:15:00.000+00:00] gatherStats
[2026-09-14T00:30:00.000+00:00] gatherStats
[2026-09-14T00:45:00.000+00:00] gatherStats
[2026-09-14T01:00:00.000+00:00] gatherStats
[2026-09-14T01:15:00.000+00:00] gatherStats
[2026-09-14T01:30:00.000+00:00] gatherStats
[2026-09-14T01:45:00.000+00:00] gatherStats
[2026-09-14T02:00:00.000+00:00] gatherStats
[2026-09-14T02:15:00.000+00:00] gatherStats
[2026-09-14T02:30:00.000+00:00] gatherStats
[2026-09-14T02:45:00.000+00:00] gatherStats
[2026-09-14T03:00:00.000+00:00] gatherStats
[2026-09-14T03:15:00.000+00:00] gatherStats
[2026-09-14T03:30:00.000+00:00] gatherStats
[2026-09-14T03:45:00.000+00:00] gatherStats
[2026-09-14T04:00:00.000+00:00] gatherStats
[2026-09-14T04:15:00.000+00:00] gatherStats
[2026-09-14T04:30:00.000+00:00] gatherStats
[2026-09-14T04:45:00.000+00:00] gatherStats
[2026-09-14T05:00:00.000+00:00] gatherStats
[2026-09-14T05:15:00.000+00:00] gatherStats
[2026-09-14T05:30:00.000+00:00] gatherStats
[2026-09-14T05:45:00.000+00:00] gatherStats
[2026-09-14T06:00:00.000+00:00] gatherStats
[2026-09-14T06:15:00.000+00:00] gatherStats
[2026-09-14T06:30:00.000+00:00] gatherStats
[2026-09-14T06:45:00.000+00:00] gatherStats
[2026-09-14T07:00:00.000+00:00] gatherStats
[2026-09-14T07:15:00.000+00:00] gatherStats
[2026-09-14T07:30:00.000+00:00] gatherStats
[2026-09-14T07:45:00.000+00:00] gatherStats
[2026-09-14T08:00:00.000+00:00] gatherStats
[2026-09-14T08:15:00.000+00:00] gatherStats
[2026-09-14T08:30:00.000+00:00] gatherStats
[2026-09-14T08:45:00.000+00:00] gatherStats
[2026-09-14T09:00:00.000+00:00] gatherStats
[2026-09-14T09:15:00.000+00:00] gatherStats
[2026-09-14T09:30:00.000+00:00] gatherStats
[2026-09-14T09:45:00.000+00:00] gatherStats
[2026-09-14T10:00:00.000+00:00] gatherStats
[2026-09-14T10:15:00.000+00:00] gatherStats
[2026-09-14T10:30:00.000+00:00] gatherStats
[2026-09-14T10:45:00.000+00:00] gatherStats
[2026-09-14T11:00:00.000+00:00] gatherStats
[2026-09-14T11:15:00.000+00:00] gatherStats
[2026-09-14T11:30:00.000+00:00] gatherStats
[2026-09-14T11:45:00.000+00:00] gatherStats
[2026-09-14T12:00:00.000+00:00] gatherStats
[2026-09-14T12:15:00.000+00:00] gatherStats
[2026-09-14T12:30:00.000+00:00] gatherStats
[2026-09-14T12:45:00.000+00:00] gatherStats
[2026-09-14T13:00:00.000+00:00] gatherStats
[2026-09-14T13:15:00.000+00:00] gatherStats
[2026-09-14T13:30:00.000+00:00] gatherStats
[2026-09-14T13:45:00.000+00:00] gatherStats
[2026-09-14T14:00:00.000+00:00] gatherStats
[2026-09-14T14:15:00.000+00:00] gatherStats
[2026-09-14T14:30:00.000+00:00] gatherStats
[2026-09-14T14:45:00.000+00:00] gatherStats
[2026-09-14T15:00:00.000+00:00] gatherStats
[2026-09-14T15:15:00.000+00:00] gatherStats
[2026-09-14T15:30:00.000+00:00] gatherStats
[2026-09-14T15:45:00.000+00:00] gatherStats
[2026-09-14T16:00:00.000+00:00] gatherStats
[2026-09-14T16:15:00.000+00:00] gatherStats
[2026-09-14T16:30:00.000+00:00] gatherStats
[2026-09-14T16:45:00.000+00:00] gatherStats
[2026-09-14T17:00:00.000+00:00] gatherStats
[2026-09-14T17:15:00.000+00:00] gatherStats
[2026-09-14T17:30:00.000+00:00] gatherStats
[2026-09-14T17:45:00.000+00:00] gatherStats
[2026-09-14T18:00:00.000+00:00] gatherStats
[2026-09-14T18:15:00.000+00:00] gatherStats
[2026-09-14T18:30:00.000+00:00] gatherStats
[2026-09-14T18:45:00.000+00:00] gatherStats
[2026-09-14T19:00:00.000+00:00] gatherStats
[2026-09-14T19:15:00.000+00:00] gatherStats
[2026-09-14T19:30:00.000+00:00] gatherStats
[2026-09-14T19:45:00.000+00:00] gatherStats
[2026-09-14T20:00:00.000+00:00] gatherStats
[2026-09-14T20:15:00.000+00:00] gatherStats
[2026-09-14T20:30:00.000+00:00] gatherStats
[2026-09-14T20:45:00.000+00:00] gatherStats
[2026-09-14T21:00:00.000+00:00] gatherStats
[2026-09-14T21:15:00.000+00:00] gatherStats
[2026-09-14T21:30:00.000+00:00] gatherStats
[2026-09-14T21:45:00.000+00:00] gatherStats
[2026-09-14T22:00:00.000+00:00] gatherStats
[2026-09-14T22:15:00.000+00:00] gatherStats
[2026-09-14T22:30:00.000+00:00] gatherStats
[2026-09-14T22:45:00.000+00:00] gatherStats
[2026-09-14T23:00:00.000+00:00] gatherStats
[2026-09-14T23:15:00.000+00:00] gatherStats
[2026-09-14T23:30:00.000+00:00] gatherStats
[2026-09-14T23:45:00.000+00:00] gatherStats
[2026-09-15T00:00:00.000+00:00] gatherStats
[2026-09-15T00:15:00.000+00:00] gatherStats
[2026-09-15T00:30:00.000+00:00] gatherStats
[2026-09-15T00:45:00.000+00:00] gatherStats
[2026-09-15T01:00:00.000+00:00] gatherStats
[2026-09-15T01:15:00.000+00:00] gatherStats
[2026-09-15T01:30:00.000+00:00] gatherStats
[2026-09-15T01:45:00.000+00:00] gatherStats
[2026-09-15T02:00:00.000+00:00] gatherStats
[2026-09-15T02:15:00.000+00:00] gatherStats
[2026-09-15T02:30:00.000+00:00] gatherStats
[2026-09-15T02:45:00.000+00:00] gatherStats
[2026-09-15T03:00:00.000+00:00] gatherStats
[2026-09-15T03:15:00.000+00:00] gatherStats
[2026-09-15T03:30:00.000+00:00] gatherStats
[2026-09-15T03:45:00.000+00:00] gatherStats
[2026-09-15T04:00:00.000+00:00] gatherStats
[2026-09-15T04:15:00.000+00:00] gatherStats
[2026-09-15T04:30:00.000+00:00] gatherStats
[2026-09-15T04:45:00.000+00:00] gatherStats
[2026-09-15T05:00:00.000+00:00] gatherStats
[2026-09-15T05:15:00.000+00:00] gatherStats
[2026-09-15T05:30:00.000+00:00] gatherStats
[2026-09-15T05:45:00.000+00:00] gatherStats
[2026-09-15T06:00:00.000+00:00] gatherStats
[2026-09-15T06:15:00.000+00:00] gatherStats
[2026-09-15T06:30:00.000+00:00] gatherStats
[2026-09-15T06:45:00.000+00:00] gatherStats
[2026-09-15T07:00:00.000+00:00] gatherStats
[2026-09-15T07:15:00.000+00:00] gatherStats
[2026-09-15T07:30:00.000+00:00] gatherStats
[2026-09-15T07:45:00.000+00:00] gatherStats
[2026-09-15T08:00:00.000+00:00] gatherStats
[2026-09-15T08:15:00.000+00:00] gatherStats
[2026-09-15T08:30:00.000+00:00] gatherStats
[2026-09-15T08:45:00.000+00:00] gatherStats
[2026-09-15T09:00:00.000+00:00] gatherStats
[2026-09-15T09:15:00.000+00:00] gatherStats
[2026-09-15T09:30:00.000+00:00] gatherStats
[2026-09-15T09:45:00.000+00:00] gatherStats
[2026-09-15T10:00:00.000+00:00] gatherStats
[2026-09-15T10:15:00.000+00:00] gatherStats
[2026-09-15T10:30:00.000+00:00] gatherStats
[2026-09-15T10:45:00.000+00:00] gatherStats
[2026-09-15T11:00:00.000+00:00] gatherStats
[2026-09-15T11:15:00.000+00:00] gatherStats
[2026-09-15T11:30:00.000+00:00] gatherStats
[2026-09-15T11:45:00.000+00:00] gatherStats
[2026-09-15T12:00:00.000+00:00] gatherStats
[2026-09-15T12:15:00.000+00:00] gatherStats
[2026-09-15T12:30:00.000+00:00] gatherStats
[2026-09-15T12:45:00.000+00:00] gatherStats
[2026-09-15T13:00:00.000+00:00] gatherStats
[2026-09-15T13:15:00.000+00:00] gatherStats
[2026-09-15T13:30:00.000+00:00] gatherStats
[2026-09-15T13:45:00.000+00:00] gatherStats
[2026-09-15T14:00:00.000+00:00] gatherStats
[2026-09-15T14:15:00.000+00:00] gatherStats
[2026-09-15T14:30:00.000+00:00] gatherStats
[2026-09-15T14:45:00.000+00:00] gatherStats
[2026-09-15T15:00:00.000+00:00] gatherStats
[2026-09-15T15:15:00.000+00:00] gatherStats
[2026-09-15T15:30:00.000+00:00] gatherStats
[2026-09-15T15:45:00.000+00:00] gatherStats
[2026-09-15T16:00:00.000+00:00] gatherStats
[2026-09-15T16:15:00.000+00:00] gatherStats
[2026-09-15T16:30:00.000+00:00] gatherStats
[2026-09-15T16:45:00.000+00:00] gatherStats
[2026-09-15T17:00:00.000+00:00] gatherStats
[2026-09-15T17:15:00.000+00:00] gatherStats
[2026-09-15T17:30:00.000+00:00] gatherStats
[2026-09-15T17:45:00.000+00:00] gatherStats
[2026-09-15T18:00:00.000+00:00] gatherStats
[2026-09-15T18:15:00.000+00:00] gatherStats
[2026-09-15T18:30:00.000+00:00] gatherStats
[2026-09-15T18:45:00.000+00:00] gatherStats
[2026-09-15T19:00:00.000+00:00] gatherStats
[2026-09-15T19:15:00.000+00:00] gatherStats
[2026-09-15T19:30:00.000+00:00] gatherStats
[2026-09-15T19:45:00.000+00:00] gatherStats
[2026-09-15T20:00:00.000+00:00] gatherStats
[2026-09-15T20:15:00.000+00:00] gatherStats
[2026-09-15T20:30:00.000+00:00] gatherStats
[2026-09-15T20:45:00.000+00:00] gatherStats
[2026-09-15T21:00:00.000+00:00] gatherStats
[2026-09-15T21:15:00.000+00:00] gatherStats
[2026-09-15T21:30:00.000+00:00] gatherStats
[2026-09-15T21:45:00.000+00:00] gatherStats
[2026-09-15T22:00:00.000+00:00] gatherStats
[2026-09-15T22:15:00.000+00:00] gatherStats
[2026-09-15T22:30:00.000+00:00] gatherStats
[2026-09-15T22:45:00.000+00:00] gatherStats
[2026-09-15T23:00:00.000+00:00] gatherStats
[2026-09-15T23:15:00.000+00:00] gatherStats
[2026-09-15T23:30:00.000+00:00] gatherStats
[2026-09-15T23:45:00.000+00:00] gatherStats
[2026-09-16T00:00:00.000+00:00] gatherStats
[2026-09-16T00:15:00.000+00:00] gatherStats
[2026-09-16T00:30:00.000+00:00] gatherStats
[2026-09-16T00:45:00.000+00:00] gatherStats
[2026-09-16T01:00:00.000+00:00] gatherStats
[2026-09-16T01:15:00.000+00:00] gatherStats
[2026-09-16T01:30:00.000+00:00] gatherStats
[2026-09-16T01:45:00.000+00:00] gatherStats
[2026-09-16T02:00:00.000+00:00] gatherStats
[2026-09-16T02:15:00.000+00:00] gatherStats
[2026-09-16T02:30:00.000+00:00] gatherStats
[2026-09-16T02:45:00.000+00:00] gatherStats
[2026-09-16T03:00:00.000+00:00] gatherStats
[2026-09-16T03:15:00.000+00:00] gatherStats
[2026-09-16T03:30:00.000+00:00] gatherStats
[2026-09-16T03:45:00.000+00:00] gatherStats
[2026-09-16T04:00:00.000+00:00] gatherStats
[2026-09-16T04:15:00.000+00:00] gatherStats
[2026-09-16T04:30:00.000+00:00] gatherStats
[2026-09-16T04:45:00.000+00:00] gatherStats
[2026-09-16T05:00:00.000+00:00] gatherStats
[2026-09-16T05:15:00.000+00:00] gatherStats
[2026-09-16T05:30:00.000+00:00] gatherStats
[2026-09-16T05:45:00.000+00:00] gatherStats
[2026-09-16T06:00:00.000+00:00] gatherStats
[2026-09-16T06:15:00.000+00:00] gatherStats
[2026-09-16T06:30:00.000+00:00] gatherStats
[2026-09-16T06:45:00.000+00:00] gatherStats
[2026-09-16T07:00:00.000+00:00] gatherStats
[2026-09-16T07:15:00.000+00:00] gatherStats
[2026-09-16T07:30:00.000+00:00] gatherStats
[2026-09-16T07:45:00.000+00:00] gatherStats
[2026-09-16T08:00:00.000+00:00] gatherStats
[2026-09-16T08:15:00.000+00:00] gatherStats
[2026-09-16T08:30:00.000+00:00] gatherStats
[2026-09-16T08:45:00.000+00:00] gatherStats
[2026-09-16T09:00:00.000+00:00] gatherStats
[2026-09-16T09:15:00.000+00:00] gatherStats
[2026-09-16T09:30:00.000+00:00] gatherStats
[2026-09-16T09:45:00.000+00:00] gatherStats
[2026-09-16T10:00:00.000+00:00] gatherStats
[2026-09-16T10:15:00.000+00:00] gatherStats
[2026-09-16T10:30:00.000+00:00] gatherStats
[2026-09-16T10:45:00.000+00:00] gatherStats
[2026-09-16T11:00:00.000+00:00] gatherStats
[2026-09-16T11:15:00.000+00:00] gatherStats
[2026-09-16T11:30:00.000+00:00] gatherStats
[2026-09-16T11:45:00.000+00:00] gatherStats
[2026-09-16T12:00:00.000+00:00] gatherStats
[2026-09-16T12:15:00.000+00:00] gatherStats
[2026-09-16T12:30:00.000+00:00] gatherStats
[2026-09-16T12:45:00.000+00:00] gatherStats
[2026-09-16T13:00:00.000+00:00] gatherStats
[2026-09-16T13:15:00.000+00:00] gatherStats
[2026-09-16T13:30:00.000+00:00] gatherStats
[2026-09-16T13:45:00.000+00:00] gatherStats
[2026-09-16T14:00:00.000+00:00] gatherStats
[2026-09-16T14:15:00.000+00:00] gatherStats
[2026-09-16T14:30:00.000+00:00] gatherStats
[2026-09-16T14:45:00.000+00:00] gatherStats
[2026-09-16T15:00:00.000+00:00] gatherStats
[2026-09-16T15:15:00.000+00:00] gatherStats
[2026-09-16T15:30:00.000+00:00] gatherStats
[2026-09-16T15:45:00.000+00:00] gatherStats
[2026-09-16T16:00:00.000+00:00] gatherStats
[2026-09-16T16:15:00.000+00:00] gatherStats
[2026-09-16T16:30:00.000+00:00] gatherStats
[2026-09-16T16:45:00.000+00:00] gatherStats
[2026-09-16T17:00:00.000+00:00] gatherStats
[2026-09-16T17:15:00.000+00:00] gatherStats
[2026-09-16T17:30:00.000+00:00] gatherStats
[2026-09-16T17:45:00.000+00:00] gatherStats
[2026-09-16T18:00:00.000+00:00] gatherStats
[2026-09-16T18:15:00.000+00:00] gatherStats
[2026-09-16T18:30:00.000+00:00] gatherStats
[2026-09-16T18:45:00.000+00:00] gatherStats
[2026-09-16T19:00:00.000+00:00] gatherStats
[2026-09-16T19:15:00.000+00:00] gatherStats
[2026-09-16T19:30:00.000+00:00] gatherStats
[2026-09-16T19:45:00.000+00:00] gatherStats
[2026-09-16T20:00:00.000+00:00] gatherStats
[2026-09-16T20:15:00.000+00:00] gatherStats
[2026-09-16T20:30:00.000+00:00] gatherStats
[2026-09-16T20:45:00.000+00:00] gatherStats
[2026-09-16T21:00:00.000+00:00] gatherStats
[2026-09-16T21:15:00.000+00:00] gatherStats
[2026-09-16T21:30:00.000+00:00] gatherStats
[2026-09-16T21:45:00.000+00:00] gatherStats
[2026-09-16T22:00:00.000+00:00] gatherStats
[2026-09-16T22:15:00.000+00:00] gatherStats
[2026-09-16T22:30:00.000+00:00] gatherStats
[2026-09-16T22:45:00.000+00:00] gatherStats
[2026-09-16T23:00:00.000+00:00] gatherStats
[2026-09-16T23:15:00.000+00:00] gatherStats
[2026-09-16T23:30:00.000+00:00] gatherStats
[2026-09-16T23:45:00.000+00:00] gatherStats
[2026-09-17T00:00:00.000+00:00] gatherStats
[2026-09-17T00:15:00.000+00:00] gatherStats
[2026-09-17T00:30:00.000+00:00] gatherStats
[2026-09-17T00:45:00.000+00:00] gatherStats
[2026-09-17T01:00:00.000+00:00] gatherStats
[2026-09-17T01:15:00.000+00:00] gatherStats
[2026-09-17T01:30:00.000+00:00] gatherStats
[2026-09-17T01:45:00.000+00:00] gatherStats
[2026-09-17T02:00:00.000+00:00] gatherStats
[2026-09-17T02:15:00.000+00:00] gatherStats
[2026-09-17T02:30:00.000+00:00] gatherStats
[2026-09-17T02:45:00.000+00:00] gatherStats
[2026-09-17T03:00:00.000+00:00] gatherStats
[2026-09-17T03:15:00.000+00:00] gatherStats
[2026-09-17T03:30:00.000+00:00] gatherStats
[2026-09-17T03:45:00.000+00:00] gatherStats
[2026-09-17T04:00:00.000+00:00] gatherStats
[2026-09-17T04:15:00.000+00:00] gatherStats
[2026-09-17T04:30:00.000+00:00] gatherStats
[2026-09-17T04:45:00.000+00:00] gatherStats
[2026-09-17T05:00:00.000+00:00] gatherStats
[2026-09-17T05:15:00.000+00:00] gatherStats
[2026-09-17T05:30:00.000+00:00] gatherStats
[2026-09-17T05:45:00.000+00:00] gatherStats
[2026-09-17T06:00:00.000+00:00] gatherStats
[2026-09-17T06:15:00.000+00:00] gatherStats
[2026-09-17T06:30:00.000+00:00] gatherStats
[2026-09-17T06:45:00.000+00:00] gatherStats
[2026-09-17T07:00:00.000+00:00] gatherStats
[2026-09-17T07:15:00.000+00:00] gatherStats
[2026-09-17T07:30:00.000+00:00] gatherStats
[2026-09-17T07:45:00.000+00:00] gatherStats
[2026-09-17T08:00:00.000+00:00] gatherStats
[2026-09-17T08:15:00.000+00:00] gatherStats
[2026-09-17T08:30:00.000+00:00] gatherStats
[2026-09-17T08:45:00.000+00:00] gatherStats
[2026-09-17T09:00:00.000+00:00] gatherStats
[2026-09-17T09:15:00.000+00:00] gatherStats
[2026-09-17T09:30:00.000+00:00] gatherStats
[2026-09-17T09:45:00.000+00:00] gatherStats
[2026-09-17T10:00:00.000+00:00] gatherStats
[2026-09-17T10:15:00.000+00:00] gatherStats
[2026-09-17T10:30:00.000+00:00] gatherStats
[2026-09-17T10:45:00.000+00:00] gatherStats
[2026-09-17T11:00:00.000+00:00] gatherStats
[2026-09-17T11:15:00.000+00:00] gatherStats
[2026-09-17T11:30:00.000+00:00] gatherStats
[2026-09-17T11:45:00.000+00:00] gatherStats
[2026-09-17T12:00:00.000+00:00] gatherStats
[2026-09-17T12:15:00.000+00:00] gatherStats
[2026-09-17T12:30:00.000+00:00] gatherStats
[2026-09-17T12:45:00.000+00:00] gatherStats
[2026-09-17T13:00:00.000+00:00] gatherStats
[2026-09-17T13:15:00.000+00:00] gatherStats
[2026-09-17T13:30:00.000+00:00] gatherStats
[2026-09-17T13:45:00.000+00:00] gatherStats
[2026-09-17T14:00:00.000+00:00] gatherStats
[2026-09-17T14:15:00.000+00:00] gatherStats
[2026-09-17T14:30:00.000+00:00] gatherStats
[2026-09-17T14:45:00.000+00:00] gatherStats
[2026-09-17T15:00:00.000+00:00] gatherStats
[2026-09-17T15:15:00.000+00:00] gatherStats
[2026-09-17T15:30:00.000+00:00] gatherStats
[2026-09-17T15:45:00.000+00:00] gatherStats
[2026-09-17T16:00:00.000+00:00] gatherStats
[2026-09-17T16:15:00.000+00:00] gatherStats
[2026-09-17T16:30:00.000+00:00] gatherStats
[2026-09-17T16:45:00.000+00:00] gatherStats
[2026-09-17T17:00:00.000+00:00] gatherStats
[2026-09-17T17:15:00.000+00:00] gatherStats
[2026-09-17T17:30:00.000+00:00] gatherStats
[2026-09-17T17:45:00.000+00:00] gatherStats
[2026-09-17T18:00:00.000+00:00] gatherStats
[2026-09-17T18:15:00.000+00:00] gatherStats
[2026-09-17T18:30:00.000+00:00] gatherStats
[2026-09-17T18:45:00.000+00:00] gatherStats
[2026-09-17T19:00:00.000+00:00] gatherStats
[2026-09-17T19:15:00.000+00:00] gatherStats
[2026-09-17T19:30:00.000+00:00] gatherStats
[2026-09-17T19:45:00.000+00:00] gatherStats
[2026-09-17T20:00:00.000+00:00] gatherStats
[2026-09-17T20:15:00.000+00:00] gatherStats
[2026-09-17T20:30:00.000+00:00] gatherStats
[2026-09-17T20:45:00.000+00:00] gatherStats
[2026-09-17T21:00:00.000+00:00] gatherStats
[2026-09-17T21:15:00.000+00:00] gatherStats
[2026-09-17T21:30:00.000+00:00] gatherStats
[2026-09-17T21:45:00.000+00:00] gatherStats
[2026-09-17T22:00:00.000+00:00] gatherStats
[2026-09-17T22:15:00.000+00:00] gatherStats
[2026-09-17T22:30:00.000+00:00] gatherStats
[2026-09-17T22:45:00.000+00:00] gatherStats
[2026-09-17T23:00:00.000+00:00] gatherStats
[2026-09-17T23:15:00.000+00:00] gatherStats
[2026-09-17T23:30:00.000+00:00] gatherStats
[2026-09-17T23:45:00.000+00:00] gatherStats
[2026-09-18T00:00:00.000+00:00] gatherStats
[2026-09-18T00:15:00.000+00:00] gatherStats
[2026-09-18T00:30:00.000+00:00] gatherStats
[2026-09-18T00:45:00.000+00:00] gatherStats
[2026-09-18T01:00:00.000+00:00] gatherStats
[2026-09-18T01:15:00.000+00:00] gatherStats
[2026-09-18T01:30:00.000+00:00] gatherStats
[2026-09-18T01:45:00.000+00:00] gatherStats
[2026-09-18T02:00:00.000+00:00] gatherStats
[2026-09-18T02:15:00.000+00:00] gatherStats
[2026-09-18T02:30:00.000+00:00] gatherStats
[2026-09-18T02:45:00.000+00:00] gatherStats
[2026-09-18T03:00:00.000+00:00] gatherStats
[2026-09-18T03:15:00.000+00:00] gatherStats
[2026-09-18T03:30:00.000+00:00] gatherStats
[2026-09-18T03:45:00.000+00:00] gatherStats
[2026-09-18T04:00:00.000+00:00] gatherStats
[2026-09-18T04:15:00.000+00:00] gatherStats
[2026-09-18T04:30:00.000+00:00] gatherStats
[2026-09-18T04:45:00.000+00:00] gatherStats
[2026-09-18T05:00:00.000+00:00] gatherStats
[2026-09-18T05:15:00.000+00:00] gatherStats
[2026-09-18T05:30:00.000+00:00] gatherStats
[2026-09-18T05:45:00.000+00:00] gatherStats
[2026-09-18T06:00:00.000+00:00] gatherStats
[2026-09-18T06:15:00.000+00:00] gatherStats
[2026-09-18T06:30:00.000+00:00] gatherStats
[2026-09-18T06:45:00.000+00:00] gatherStats
[2026-09-18T07:00:00.000+00:00] gatherStats
[2026-09-18T07:15:00.000+00:00] gatherStats
[2026-09-18T07:30:00.000+00:00] gatherStats
[2026-09-18T07:45:00.000+00:00] gatherStats
[2026-09-18T08:00:00.000+00:00] gatherStats
[2026-09-18T08:15:00.000+00:00] gatherStats
[2026-09-18T08:30:00.000+00:00] gatherStats
[2026-09-18T08:45:00.000+00:00] gatherStats
[2026-09-18T09:00:00.000+00:00] gatherStats
[2026-09-18T09:15:00.000+00:00] gatherStats
[2026-09-18T09:30:00.000+00:00] gatherStats
[2026-09-18T09:45:00.000+00:00] gatherStats
[2026-09-18T10:00:00.000+00:00] gatherStats
[2026-09-18T10:15:00.000+00:00] gatherStats
[2026-09-18T10:30:00.000+00:00] gatherStats
[2026-09-18T10:45:00.000+00:00] gatherStats
[2026-09-18T11:00:00.000+00:00] gatherStats
[2026-09-18T11:15:00.000+00:00] gatherStats
[2026-09-18T11:30:00.000+00:00] gatherStats
[2026-09-18T11:45:00.000+00:00] gatherStats
[2026-09-18T12:00:00.000+00:00] gatherStats
[2026-09-18T12:15:00.000+00:00] gatherStats
[2026-09-18T12:30:00.000+00:00] gatherStats
[2026-09-18T12:45:00.000+00:00] gatherStats
[2026-09-18T13:00:00.000+00:00] gatherStats
[2026-09-18T13:15:00.000+00:00] gatherStats
[2026-09-18T13:30:00.000+00:00] gatherStats
[2026-09-18T13:45:00.000+00:00] gatherStats
[2026-09-18T14:00:00.000+00:00] gatherStats
[2026-09-18T14:15:00.000+00:00] gatherStats
[2026-09-18T14:30:00.000+00:00] gatherStats
[2026-09-18T14:45:00.000+00:00] gatherStats
[2026-09-18T15:00:00.000+00:00] gatherStats
[2026-09-18T15:15:00.000+00:00] gatherStats
[2026-09-18T15:30:00.000+00:00] gatherStats
[2026-09-18T15:45:00.000+00:00] gatherStats
[2026-09-18T16:00:00.000+00:00] gatherStats
[2026-09-18T16:15:00.000+00:00] gatherStats
[2026-09-18T16:30:00.000+00:00] gatherStats
[2026-09-18T16:45:00.000+00:00] gatherStats
[2026-09-18T17:00:00.000+00:00] gatherStats
[2026-09-18T17:15:00.000+00:00] gatherStats
[2026-09-18T17:30:00.000+00:00] gatherStats
[2026-09-18T17:45:00.000+00:00] gatherStats
[2026-09-18T18:00:00.000+00:00] gatherStats
[2026-09-18T18:15:00.000+00:00] gatherStats
[2026-09-18T18:30:00.000+00:00] gatherStats
[2026-09-18T18:45:00.000+00:00] gatherStats
[2026-09-18T19:00:00.000+00:00] gatherStats
[2026-09-18T19:15:00.000+00:00] gatherStats
[2026-09-18T19:30:00.000+00:00] gatherStats
[2026-09-18T19:45:00.000+00:00] gatherStats
[2026-09-18T20:00:00.000+00:00] gatherStats
[2026-09-18T20:15:00.000+00:00] gatherStats
[2026-09-18T20:30:00.000+00:00] gatherStats
[2026-09-18T20:45:00.000+00:00] gatherStats
[2026-09-18T21:00:00.000+00:00] gatherStats
[2026-09-18T21:15:00.000+00:00] gatherStats
[2026-09-18T21:30:00.000+00:00] gatherStats
[2026-09-18T21:45:00.000+00:00] gatherStats
[2026-09-18T22:00:00.000+00:00] gatherStats
[2026-09-18T22:15:00.000+00:00] gatherStats
[2026-09-18T22:30:00.000+00:00] gatherStats
[2026-09-18T22:45:00.000+00:00] gatherStats
[2026-09-18T23:00:00.000+00:00] gatherStats
[2026-09-18T23:15:00.000+00:00] gatherStats
[2026-09-18T23:30:00.000+00:00] gatherStats
[2026-09-18T23:45:00.000+00:00] gatherStats
[2026-09-19T00:00:00.000+00:00] gatherStats
[2026-09-19T00:15:00.000+00:00] gatherStats
[2026-09-19T00:30:00.000+00:00] gatherStats
[2026-09-19T00:45:00.000+00:00] gatherStats
[2026-09-19T01:00:00.000+00:00] gatherStats
[2026-09-19T01:15:00.000+00:00] gatherStats
[2026-09-19T01:30:00.000+00:00] gatherStats
[2026-09-19T01:45:00.000+00:00] gatherStats
[2026-09-19T02:00:00.000+00:00] gatherStats
[2026-09-19T02:15:00.000+00:00] gatherStats
[2026-09-19T02:30:00.000+00:00] gatherStats
[2026-09-19T02:45:00.000+00:00] gatherStats
[2026-09-19T03:00:00.000+00:00] gatherStats
[2026-09-19T03:15:00.000+00:00] gatherStats
[2026-09-19T03:30:00.000+00:00] gatherStats
[2026-09-19T03:45:00.000+00:00] gatherStats
[2026-09-19T04:00:00.000+00:00] gatherStats
[2026-09-19T04:15:00.000+00:00] gatherStats
[2026-09-19T04:30:00.000+00:00] gatherStats
[2026-09-19T04:45:00.000+00:00] gatherStats
[2026-09-19T05:00:00.000+00:00] gatherStats
[2026-09-19T05:15:00.000+00:00] gatherStats
[2026-09-19T05:30:00.000+00:00] gatherStats
[2026-09-19T05:45:00.000+00:00] gatherStats
[2026-09-19T06:00:00.000+00:00] gatherStats
[2026-09-19T06:15:00.000+00:00] gatherStats
[2026-09-19T06:30:00.000+00:00] gatherStats
[2026-09-19T06:45:00.000+00:00] gatherStats
[2026-09-19T07:00:00.000+00:00] gatherStats
[2026-09-19T07:15:00.000+00:00] gatherStats
[2026-09-19T07:30:00.000+00:00] gatherStats
[2026-09-19T07:45:00.000+00:00] gatherStats
[2026-09-19T08:00:00.000+00:00] gatherStats
[2026-09-19T08:15:00.000+00:00] gatherStats
[2026-09-19T08:30:00.000+00:00] gatherStats
[2026-09-19T08:45:00.000+00:00] gatherStats
[2026-09-19T09:00:00.000+00:00] gatherStats
[2026-09-19T09:15:00.000+00:00] gatherStats
[2026-09-19T09:30:00.000+00:00] gatherStats
[2026-09-19T09:45:00.000+00:00] gatherStats
[2026-09-19T10:00:00.000+00:00] gatherStats
[2026-09-19T10:15:00.000+00:00] gatherStats
[2026-09-19T10:30:00.000+00:00] gatherStats
[2026-09-19T10:45:00.000+00:00] gatherStats
[2026-09-19T11:00:00.000+00:00] gatherStats
[2026-09-19T11:15:00.000+00:00] gatherStats
[2026-09-19T11:30:00.000+00:00] gatherStats
[2026-09-19T11:45:00.000+00:00] gatherStats
[2026-09-19T12:00:00.000+00:00] gatherStats
[2026-09-19T12:15:00.000+00:00] gatherStats
[2026-09-19T12:30:00.000+00:00] gatherStats
[2026-09-19T12:45:00.000+00:00] gatherStats
[2026-09-19T13:00:00.000+00:00] gatherStats
[2026-09-19T13:15:00.000+00:00] gatherStats
[2026-09-19T13:30:00.000+00:00] gatherStats
[2026-09-19T13:45:00.000+00:00] gatherStats
[2026-09-19T14:00:00.000+00:00] gatherStats
[2026-09-19T14:15:00.000+00:00] gatherStats
[2026-09-19T14:30:00.000+00:00] gatherStats
[2026-09-19T14:45:00.000+00:00] gatherStats
[2026-09-19T15:00:00.000+00:00] gatherStats
[2026-09-19T15:15:00.000+00:00] gatherStats
[2026-09-19T15:30:00.000+00:00] gatherStats
[2026-09-19T15:45:00.000+00:00] gatherStats
[2026-09-19T16:00:00.000+00:00] gatherStats
[2026-09-19T16:15:00.000+00:00] gatherStats
[2026-09-19T16:30:00.000+00:00] gatherStats
[2026-09-19T16:45:00.000+00:00] gatherStats
[2026-09-19T17:00:00.000+00:00] gatherStats
[2026-09-19T17:15:00.000+00:00] gatherStats
[2026-09-19T17:30:00.000+00:00] gatherStats
[2026-09-19T17:45:00.000+00:00] gatherStats
[2026-09-19T18:00:00.000+00:00] gatherStats
[2026-09-19T18:15:00.000+00:00] gatherStats
[2026-09-19T18:30:00.000+00:00] gatherStats
[2026-09-19T18:45:00.000+00:00] gatherStats
[2026-09-19T19:00:00.000+00:00] gatherStats
[2026-09-19T19:15:00.000+00:00] gatherStats
[2026-09-19T19:30:00.000+00:00] gatherStats
[2026-09-19T19:45:00.000+00:00] gatherStats
[2026-09-19T20:00:00.000+00:00] gatherStats
[2026-09-19T20:15:00.000+00:00] gatherStats
[2026-09-19T20:30:00.000+00:00] gatherStats
[2026-09-19T20:45:00.000+00:00] gatherStats
[2026-09-19T21:00:00.000+00:00] gatherStats
[2026-09-19T21:15:00.000+00:00] gatherStats
[2026-09-19T21:30:00.000+00:00] gatherStats
[2026-09-19T21:45:00.000+00:00] gatherStats
[2026-09-19T22:00:00.000+00:00] gatherStats
[2026-09-19T22:15:00.000+00:00] gatherStats
[2026-09-19T22:30:00.000+00:00] gatherStats
[2026-09-19T22:45:00.000+00:00] gatherStats
[2026-09-19T23:00:00.000+00:00] gatherStats
[2026-09-19T23:15:00.000+00:00] gatherStats
[2026-09-19T23:30:00.000+00:00] gatherStats
[2026-09-19T23:45:00.000+00:00] gatherStats
[2026-09-20T00:00:00.000+00:00] gatherStats
[2026-09-20T00:15:00.000+00:00] gatherStats
[2026-09-20T00:30:00.000+00:00] gatherStats
[2026-09-20T00:45:00.000+00:00] gatherStats
[2026-09-20T01:00:00.000+00:00] gatherStats
[2026-09-20T01:15:00.000+00:00] gatherStats
[2026-09-20T01:30:00.000+00:00] gatherStats
[2026-09-20T01:45:00.000+00:00] gatherStats
[2026-09-20T02:00:00.000+00:00] gatherStats
[2026-09-20T02:15:00.000+00:00] gatherStats
[2026-09-20T02:30:00.000+00:00] gatherStats
[2026-09-20T02:45:00.000+00:00] gatherStats
[2026-09-20T03:00:00.000+00:00] gatherStats
[2026-09-20T03:15:00.000+00:00] gatherStats
[2026-09-20T03:30:00.000+00:00] gatherStats
[2026-09-20T03:45:00.000+00:00] gatherStats
[2026-09-20T04:00:00.000+00:00] gatherStats
[2026-09-20T04:15:00.000+00:00] gatherStats
[2026-09-20T04:30:00.000+00:00] gatherStats
[2026-09-20T04:45:00.000+00:00] gatherStats
[2026-09-20T05:00:00.000+00:00] gatherStats
[2026-09-20T05:15:00.000+00:00] gatherStats
[2026-09-20T05:30:00.000+00:00] gatherStats
[2026-09-20T05:45:00.000+00:00] gatherStats
[2026-09-20T06:00:00.000+00:00] gatherStats
[2026-09-20T06:15:00.000+00:00] gatherStats
[2026-09-20T06:30:00.000+00:00] gatherStats
[2026-09-20T06:45:00.000+00:00] gatherStats
[2026-09-20T07:00:00.000+00:00] gatherStats
[2026-09-20T07:15:00.000+00:00] gatherStats
[2026-09-20T07:30:00.000+00:00] gatherStats
[2026-09-20T07:45:00.000+00:00] gatherStats
[2026-09-20T08:00:00.000+00:00] gatherStats
[2026-09-20T08:15:00.000+00:00] gatherStats
[2026-09-20T08:30:00.000+00:00] gatherStats
[2026-09-20T08:45:00.000+00:00] gatherStats
[2026-09-20T09:00:00.000+00:00] gatherStats
[2026-09-20T09:15:00.000+00:00] gatherStats
[2026-09-20T09:30:00.000+00:00] gatherStats
[2026-09-20T09:45:00.000+00:00] gatherStats
[2026-09-20T10:00:00.000+00:00] gatherStats
[2026-09-20T10:15:00.000+00:00] gatherStats
[2026-09-20T10:30:00.000+00:00] gatherStats
[2026-09-20T10:45:00.000+00:00] gatherStats
[2026-09-20T11:00:00.000+00:00] gatherStats
[2026-09-20T11:15:00.000+00:00] gatherStats
[2026-09-20T11:30:00.000+00:00] gatherStats
[2026-09-20T11:45:00.000+00:00] gatherStats
[2026-09-20T12:00:00.000+00:00] gatherStats
[2026-09-20T12:15:00.000+00:00] gatherStats
[2026-09-20T12:30:00.000+00:00] gatherStats
[2026-09-20T12:45:00.000+00:00] gatherStats
[2026-09-20T13:00:00.000+00:00] gatherStats
[2026-09-20T13:15:00.000+00:00] gatherStats
[2026-09-20T13:30:00.000+00:00] gatherStats
[2026-09-20T13:45:00.000+00:00] gatherStats
[2026-09-20T14:00:00.000+00:00] gatherStats
[2026-09-20T14:15:00.000+00:00] gatherStats
[2026-09-20T14:30:00.000+00:00] gatherStats
[2026-09-20T14:45:00.000+00:00] gatherStats
[2026-09-20T15:00:00.000+00:00] gatherStats
[2026-09-20T15:15:00.000+00:00] gatherStats
[2026-09-20T15:30:00.000+00:00] gatherStats
[2026-09-20T15:45:00.000+00:00] gatherStats
[2026-09-20T16:00:00.000+00:00] gatherStats
[2026-09-20T16:15:00.000+00:00] gatherStats
[2026-09-20T16:30:00.000+00:00] gatherStats
[2026-09-20T16:45:00.000+00:00] gatherStats
[2026-09-20T17:00:00.000+00:00] gatherStats
[2026-09-20T17:15:00.000+00:00] gatherStats
[2026-09-20T17:30:00.000+00:00] gatherStats
[2026-09-20T17:45:00.000+00:00] gatherStats
[2026-09-20T18:00:00.000+00:00] gatherStats
[2026-09-20T18:15:00.000+00:00] gatherStats
[2026-09-20T18:30:00.000+00:00] gatherStats
[2026-09-20T18:45:00.000+00:00] gatherStats
[2026-09-20T19:00:00.000+00:00] gatherStats
[2026-09-20T19:15:00.000+00:00] gatherStats
[2026-09-20T19:30:00.000+00:00] gatherStats
[2026-09-20T19:45:00.000+00:00] gatherStats
[2026-09-20T20:00:00.000+00:00] gatherStats
[2026-09-20T20:15:00.000+00:00] gatherStats
[2026-09-20T20:30:00.000+00:00] gatherStats
[2026-09-20T20:45:00.000+00:00] gatherStats
[2026-09-20T21:00:00.000+00:00] gatherStats
[2026-09-20T21:15:00.000+00:00] gatherStats
[2026-09-20T21:30:00.000+00:00] gatherStats
[2026-09-20T21:45:00.000+00:00] gatherStats
[2026-09-20T22:00:00.000+00:00] gatherStats
[2026-09-20T22:15:00.000+00:00] gatherStats
[2026-09-20T22:30:00.000+00:00] gatherStats
[2026-09-20T22:45:00.000+00:00] gatherStats
[2026-09-20T23:00:00.000+00:00] gatherStats
[2026-09-20T23:15:00.000+00:00] gatherStats
[2026-09-20T23:30:00.000+00:00] gatherStats
[2026-09-20T23:45:00.000+00:00] gatherStats
[2026-09-21T00:00:00.000+00:00] gatherStats
[2026-09-21T00:15:00.000+00:00] gatherStats
[2026-09-21T00:30:00.000+00:00] gatherStats
[2026-09-21T00:45:00.000+00:00] gatherStats
[2026-09-21T01:00:00.000+00:00] gatherStats
[2026-09-21T01:15:00.000+00:00] gatherStats
[2026-09-21T01:30:00.000+00:00] gatherStats
[2026-09-21T01:45:00.000+00:00] gatherStats
[2026-09-21T02:00:00.000+00:00] gatherStats
[2026-09-21T02:15:00.000+00:00] gatherStats
[2026-09-21T02:30:00.000+00:00] gatherStats
[2026-09-21T02:45:00.000+00:00] gatherStats
[2026-09-21T03:00:00.000+00:00] gatherStats
[2026-09-21T03:15:00.000+00:00] gatherStats
[2026-09-21T03:30:00.000+00:00] gatherStats
[2026-09-21T03:45:00.000+00:00] gatherStats
[2026-09-21T04:00:00.000+00:00] gatherStats
[2026-09-21T04:15:00.000+00:00] gatherStats
[2026-09-21T04:30:00.000+00:00] gatherStats
[2026-09-21T04:45:00.000+00:00] gatherStats
[2026-09-21T05:00:00.000+00:00] gatherStats
[2026-09-21T05:15:00.000+00:00] gatherStats
[2026-09-21T05:30:00.000+00:00] gatherStats
[2026-09-21T05:45:00.000+00:00] gatherStats
[2026-09-21T06:00:00.000+00:00] gatherStats
[2026-09-21T06:15:00.000+00:00] gatherStats
[2026-09-21T06:30:00.000+00:00] gatherStats
[2026-09-21T06:45:00.000+00:00] gatherStats
[2026-09-21T07:00:00.000+00:00] gatherStats
[2026-09-21T07:15:00.000+00:00] gatherStats
[2026-09-21T07:30:00.000+00:00] gatherStats
[2026-09-21T07:45:00.000+00:00] gatherStats
[2026-09-21T08:00:00.000+00:00] gatherStats
[2026-09-21T08:15:00.000+00:00] gatherStats
[2026-09-21T08:30:00.000+00:00] gatherStats
[2026-09-21T08:45:00.000+00:00] gatherStats
[2026-09-21T09:00:00.000+00:00] gatherStats
[2026-09-21T09:15:00.000+00:00] gatherStats
[2026-09-21T09:30:00.000+00:00] gatherStats
[2026-09-21T09:45:00.000+00:00] gatherStats
[2026-09-21T10:00:00.000+00:00] gatherStats
[2026-09-21T10:15:00.000+00:00] gatherStats
[2026-09-21T10:30:00.000+00:00] gatherStats
[2026-09-21T10:45:00.000+00:00] gatherStats
[2026-09-21T11:00:00.000+00:00] gatherStats
[2026-09-21T11:15:00.000+00:00] gatherStats
[2026-09-21T11:30:00.000+00:00] gatherStats
[2026-09-21T11:45:00.000+00:00] gatherStats
[2026-09-21T12:00:00.000+00:00] gatherStats
[2026-09-21T12:15:00.000+00:00] gatherStats
[2026-09-21T12:30:00.000+00:00] gatherStats
[2026-09-21T12:45:00.000+00:00] gatherStats
[2026-09-21T13:00:00.000+00:00] gatherStats
[2026-09-21T13:15:00.000+00:00] gatherStats
[2026-09-21T13:30:00.000+00:00] gatherStats
[2026-09-21T13:45:00.000+00:00] gatherStats
[2026-09-21T14:00:00.000+00:00] gatherStats
[2026-09-21T14:15:00.000+00:00] gatherStats
[2026-09-21T14:30:00.000+00:00] gatherStats
[2026-09-21T14:45:00.000+00:00] gatherStats
[2026-09-21T15:00:00.000+00:00] gatherStats
[2026-09-21T15:15:00.000+00:00] gatherStats
[2026-09-21T15:30:00.000+00:00] gatherStats
[2026-09-21T15:45:00.000+00:00] gatherStats
[2026-09-21T16:00:00.000+00:00] gatherStats
[2026-09-21T16:15:00.000+00:00] gatherStats
[2026-09-21T16:30:00.000+00:00] gatherStats
[2026-09-21T16:45:00.000+00:00] gatherStats
[2026-09-21T17:00:00.000+00:00] gatherStats
[2026-09-21T17:15:00.000+00:00] gatherStats
[2026-09-21T17:30:00.000+00:00] gatherStats
[2026-09-21T17:45:00.000+00:00] gatherStats
[2026-09-21T18:00:00.000+00:00] gatherStats
[2026-09-21T18:15:00.000+00:00] gatherStats
[2026-09-21T18:30:00.000+00:00] gatherStats
[2026-09-21T18:45:00.000+00:00] gatherStats
[2026-09-21T19:00:00.000+00:00] gatherStats
[2026-09-21T19:15:00.000+00:00] gatherStats
[2026-09-21T19:30:00.000+00:00] gatherStats
[2026-09-21T19:45:00.000+00:00] gatherStats
[2026-09-21T20:00:00.000+00:00] gatherStats
[2026-09-21T20:15:00.000+00:00] gatherStats
[2026-09-21T20:30:00.000+00:00] gatherStats
[2026-09-21T20:45:00.000+00:00] gatherStats
[2026-09-21T21:00:00.000+00:00] gatherStats
[2026-09-21T21:15:00.000+00:00] gatherStats
[2026-09-21T21:30:00.000+00:00] gatherStats
[2026-09-21T21:45:00.000+00:00] gatherStats
[2026-09-21T22:00:00.000+00:00] gatherStats
[2026-09-21T22:15:00.000+00:00] gatherStats
[2026-09-21T22:30:00.000+00:00] gatherStats
[2026-09-21T22:45:00.000+00:00] gatherStats
[2026-09-21T23:00:00.000+00:00] gatherStats
[2026-09-21T23:15:00.000+00:00] gatherStats
[2026-09-21T23:30:00.000+00:00] gatherStats
[2026-09-21T23:45:00.000+00:00] gatherStats
[2026-09-22T00:00:00.000+00:00] gatherStats
[2026-09-22T00:15:00.000+00:00] gatherStats
[2026-09-22T00:30:00.000+00:00] gatherStats
[2026-09-22T00:45:00.000+00:00] gatherStats
[2026-09-22T01:00:00.000+00:00] gatherStats
[2026-09-22T01:15:00.000+00:00] gatherStats
[2026-09-22T01:30:00.000+00:00] gatherStats
[2026-09-22T01:45:00.000+00:00] gatherStats
[2026-09-22T02:00:00.000+00:00] gatherStats
candle-breakout-oscillator	15m	SOLUSD	1062	129	-972.71	0.153	-0.193	97.29	315
fvg-channel	15m	SOLUSD	22	12	-34.15	0.817	-0.078	9.17	388
[2026-09-06T11:30:00.000+00:00] yaz_kizim undefined undefined
[2026-09-06T11:45:00.000+00:00] yaz_kizim undefined undefined
[2026-09-06T12:00:00.000+00:00] yaz_kizim undefined undefined
[2026-09-06T12:15:00.000+00:00] yaz_kizim undefined undefined
[2026-09-06T12:30:00.000+00:00] yaz_kizim undefined undefined
[2026-09-06T12:45:00.000+00:00] yaz_kizim undefined undefined
[2026-09-06T13:00:00.000+00:00] yaz_kizim undefined undefined
[2026-09-06T13:15:00.000+00:00] yaz_kizim undefined undefined
[2026-09-06T13:30:00.000+00:00] yaz_kizim undefined undefined
[2026-09-06T13:45:00.000+00:00] yaz_kizim undefined undefined
[2026-09-06T14:00:00.000+00:00] yaz_kizim undefined undefined
[2026-09-06T14:15:00.000+00:00] yaz_kizim undefined undefined
[2026-09-06T14:30:00.000+00:00] yaz_kizim undefined undefined
[2026-09-06T14:45:00.000+00:00] yaz_kizim undefined undefined
[2026-09-06T15:00:00.000+00:00] yaz_kizim undefined undefined
[2026-09-06T15:15:00.000+00:00] yaz_kizim undefined undefined
[2026-09-06T15:30:00.000+00:00] yaz_kizim undefined undefined
[2026-09-06T15:45:00.000+00:00] yaz_kizim undefined undefined
[2026-09-06T16:00:00.000+00:00] yaz_kizim undefined undefined
[2026-09-06T16:15:00.000+00:00] yaz_kizim undefined undefined
[2026-09-06T16:30:00.000+00:00] yaz_kizim undefined undefined
[2026-09-06T16:45:00.000+00:00] yaz_kizim undefined undefined
[2026-09-06T17:00:00.000+00:00] yaz_kizim undefined undefined
[2026-09-06T17:15:00.000+00:00] yaz_kizim undefined undefined
[2026-09-06T17:30:00.000+00:00] yaz_kizim undefined undefined
[2026-09-06T17:45:00.000+00:00] yaz_kizim undefined undefined
[2026-09-06T18:00:00.000+00:00] yaz_kizim undefined undefined
[2026-09-06T18:15:00.000+00:00] yaz_kizim undefined undefined
[2026-09-06T18:30:00.000+00:00] yaz_kizim undefined undefined
[2026-09-06T18:45:00.000+00:00] yaz_kizim undefined undefined
[2026-09-06T19:00:00.000+00:00] yaz_kizim undefined undefined
[2026-09-06T19:15:00.000+00:00] yaz_kizim undefined undefined
[2026-09-06T19:30:00.000+00:00] yaz_kizim undefined undefined
[2026-09-06T19:45:00.000+00:00] yaz_kizim undefined undefined
[2026-09-06T20:00:00.000+00:00] yaz_kizim undefined undefined
[2026-09-06T20:15:00.000+00:00] yaz_kizim undefined undefined
[2026-09-06T20:30:00.000+00:00] yaz_kizim undefined undefined
[2026-09-06T20:45:00.000+00:00] yaz_kizim undefined undefined
[2026-09-06T21:00:00.000+00:00] yaz_kizim undefined undefined
[2026-09-06T21:15:00.000+00:00] yaz_kizim undefined undefined
[2026-09-06T21:30:00.000+00:00] yaz_kizim undefined undefined
[2026-09-06T21:45:00.000+00:00] yaz_kizim undefined undefined
[2026-09-06T22:00:00.000+00:00] yaz_kizim undefined undefined
[2026-09-06T22:15:00.000+00:00] yaz_kizim undefined undefined
[2026-09-06T22:30:00.000+00:00] yaz_kizim undefined undefined
[2026-09-06T22:45:00.000+00:00] yaz_kizim undefined undefined
[2026-09-06T23:00:00.000+00:00] yaz_kizim undefined undefined
[2026-09-06T23:15:00.000+00:00] yaz_kizim undefined undefined
[2026-09-06T23:30:00.000+00:00] yaz_kizim undefined undefined
[2026-09-06T23:45:00.000+00:00] yaz_kizim undefined undefined
[2026-09-07T00:00:00.000+00:00] yaz_kizim undefined undefined
[2026-09-07T00:15:00.000+00:00] yaz_kizim undefined undefined
[2026-09-07T00:30:00.000+00:00] yaz_kizim undefined undefined
[2026-09-07T00:45:00.000+00:00] yaz_kizim undefined undefined
[2026-09-07T01:00:00.000+00:00] yaz_kizim undefined undefined
[2026-09-07T01:15:00.000+00:00] yaz_kizim undefined undefined
[2026-09-07T01:30:00.000+00:00] yaz_kizim undefined undefined
[2026-09-07T01:45:00.000+00:00] yaz_kizim undefined undefined
[2026-09-07T02:00:00.000+00:00] yaz_kizim undefined undefined
[2026-09-07T02:15:00.000+00:00] yaz_kizim undefined undefined
[2026-09-07T02:30:00.000+00:00] yaz_kizim undefined undefined
[2026-09-07T02:45:00.000+00:00] yaz_kizim undefined undefined
[2026-09-07T03:00:00.000+00:00] yaz_kizim undefined undefined
[2026-09-07T03:15:00.000+00:00] yaz_kizim undefined undefined
[2026-09-07T03:30:00.000+00:00] yaz_kizim undefined undefined
[2026-09-07T03:45:00.000+00:00] yaz_kizim undefined undefined
[2026-09-07T04:00:00.000+00:00] yaz_kizim undefined undefined
[2026-09-07T04:15:00.000+00:00] yaz_kizim undefined undefined
[2026-09-07T04:30:00.000+00:00] yaz_kizim undefined undefined
[2026-09-07T04:45:00.000+00:00] yaz_kizim undefined undefined
[2026-09-07T05:00:00.000+00:00] yaz_kizim undefined undefined
[2026-09-07T05:15:00.000+00:00] yaz_kizim undefined undefined
[2026-09-07T05:30:00.000+00:00] yaz_kizim undefined undefined
[2026-09-07T05:45:00.000+00:00] yaz_kizim undefined undefined
[2026-09-07T06:00:00.000+00:00] yaz_kizim undefined undefined
[2026-09-07T06:15:00.000+00:00] yaz_kizim undefined undefined
[2026-09-07T06:30:00.000+00:00] yaz_kizim undefined undefined
[2026-09-07T06:45:00.000+00:00] yaz_kizim undefined undefined
[2026-09-07T07:00:00.000+00:00] yaz_kizim undefined undefined
[2026-09-07T07:15:00.000+00:00] yaz_kizim undefined undefined
[2026-09-07T07:30:00.000+00:00] yaz_kizim 107.084 false
[2026-09-07T07:45:00.000+00:00] yaz_kizim 107.084 false
[2026-09-07T08:00:00.000+00:00] yaz_kizim 107.084 false
[2026-09-07T08:15:00.000+00:00] yaz_kizim 107.084 false
[2026-09-07T08:30:00.000+00:00] yaz_kizim 107.084 false
[2026-09-07T08:45:00.000+00:00] yaz_kizim 107.084 false
[2026-09-07T09:00:00.000+00:00] yaz_kizim 107.084 false
[2026-09-07T09:15:00.000+00:00] yaz_kizim 107.084 false
[2026-09-07T09:30:00.000+00:00] yaz_kizim 107.084 false
[2026-09-07T09:45:00.000+00:00] yaz_kizim 107.084 false
[2026-09-07T10:00:00.000+00:00] yaz_kizim 107.084 false
[2026-09-07T10:15:00.000+00:00] yaz_kizim 107.084 false
[2026-09-07T10:30:00.000+00:00] yaz_kizim 107.084 false
[2026-09-07T10:45:00.000+00:00] yaz_kizim 107.084 false
[2026-09-07T11:00:00.000+00:00] yaz_kizim 107.084 false
[2026-09-07T11:15:00.000+00:00] yaz_kizim 107.084 false
[2026-09-07T11:30:00.000+00:00] yaz_kizim 107.084 false
[2026-09-07T11:45:00.000+00:00] yaz_kizim 107.084 false
[2026-09-07T12:00:00.000+00:00] yaz_kizim 107.084 false
[2026-09-07T12:15:00.000+00:00] yaz_kizim 107.084 false
[2026-09-07T12:30:00.000+00:00] yaz_kizim 107.084 false
[2026-09-07T12:45:00.000+00:00] yaz_kizim 107.084 false
[2026-09-07T13:00:00.000+00:00] yaz_kizim 107.084 false
[2026-09-07T13:15:00.000+00:00] yaz_kizim 107.084 false
[2026-09-07T13:30:00.000+00:00] yaz_kizim 107.084 false
[2026-09-07T13:45:00.000+00:00] yaz_kizim 107.084 false
[2026-09-07T14:00:00.000+00:00] yaz_kizim 107.084 false
[2026-09-07T14:15:00.000+00:00] yaz_kizim 107.084 false
[2026-09-07T14:30:00.000+00:00] yaz_kizim 107.084 false
[2026-09-07T14:45:00.000+00:00] yaz_kizim 107.084 false
[2026-09-07T15:00:00.000+00:00] yaz_kizim 107.084 false
[2026-09-07T15:15:00.000+00:00] yaz_kizim 107.084 false
[2026-09-07T15:30:00.000+00:00] yaz_kizim 107.084 false
[2026-09-07T15:45:00.000+00:00] yaz_kizim 107.084 false
[2026-09-07T16:00:00.000+00:00] yaz_kizim 107.084 false
[2026-09-07T16:15:00.000+00:00] yaz_kizim 107.084 false
[2026-09-07T16:30:00.000+00:00] yaz_kizim 107.084 false
[2026-09-07T16:45:00.000+00:00] yaz_kizim 107.084 false
[2026-09-07T17:00:00.000+00:00] yaz_kizim 107.084 false
[2026-09-07T17:15:00.000+00:00] yaz_kizim 107.084 false
[2026-09-07T17:30:00.000+00:00] yaz_kizim 107.084 false
[2026-09-07T17:45:00.000+00:00] yaz_kizim 107.084 false
[2026-09-07T18:00:00.000+00:00] yaz_kizim 107.084 false
[2026-09-07T18:15:00.000+00:00] yaz_kizim 107.084 false
[2026-09-07T18:30:00.000+00:00] yaz_kizim 107.084 false
[2026-09-07T18:45:00.000+00:00] yaz_kizim 107.084 false
[2026-09-07T19:00:00.000+00:00] yaz_kizim 107.084 false
[2026-09-07T19:15:00.000+00:00] yaz_kizim 105.933 false
[2026-09-07T19:30:00.000+00:00] yaz_kizim 105.933 false
[2026-09-07T19:45:00.000+00:00] yaz_kizim 105.933 false
[2026-09-07T20:00:00.000+00:00] yaz_kizim 105.933 false
[2026-09-07T20:15:00.000+00:00] yaz_kizim 105.933 false
[2026-09-07T20:30:00.000+00:00] yaz_kizim 105.933 false
[2026-09-07T20:45:00.000+00:00] yaz_kizim 105.933 false
[2026-09-07T21:00:00.000+00:00] yaz_kizim 105.933 false
[2026-09-07T21:15:00.000+00:00] yaz_kizim 105.933 false
[2026-09-07T21:30:00.000+00:00] yaz_kizim 105.933 false
[2026-09-07T21:45:00.000+00:00] yaz_kizim 105.933 false
[2026-09-07T22:00:00.000+00:00] yaz_kizim 105.933 false
[2026-09-07T22:15:00.000+00:00] yaz_kizim 105.933 false
[2026-09-07T22:30:00.000+00:00] yaz_kizim 105.933 false
[2026-09-07T22:45:00.000+00:00] yaz_kizim 105.933 false
[2026-09-07T23:00:00.000+00:00] yaz_kizim 105.933 false
[2026-09-07T23:15:00.000+00:00] yaz_kizim 105.933 false
[2026-09-07T23:30:00.000+00:00] yaz_kizim 105.933 false
[2026-09-07T23:45:00.000+00:00] yaz_kizim 105.933 false
[2026-09-08T00:00:00.000+00:00] yaz_kizim 105.933 false
[2026-09-08T00:15:00.000+00:00] yaz_kizim 105.933 false
[2026-09-08T00:30:00.000+00:00] yaz_kizim 105.933 false
[2026-09-08T00:45:00.000+00:00] yaz_kizim 105.933 false
[2026-09-08T01:00:00.000+00:00] yaz_kizim 105.933 false
[2026-09-08T01:15:00.000+00:00] yaz_kizim 105.933 false
[2026-09-08T01:30:00.000+00:00] yaz_kizim 105.933 false
[2026-09-08T01:45:00.000+00:00] yaz_kizim 105.933 false
[2026-09-08T02:00:00.000+00:00] yaz_kizim 105.933 false
[2026-09-08T02:15:00.000+00:00] yaz_kizim 105.933 false
[2026-09-08T02:30:00.000+00:00] yaz_kizim 105.933 false
[2026-09-08T02:45:00.000+00:00] yaz_kizim 105.933 false
[2026-09-08T03:00:00.000+00:00] yaz_kizim 105.933 false
[2026-09-08T03:15:00.000+00:00] yaz_kizim 105.933 false
[2026-09-08T03:30:00.000+00:00] yaz_kizim 105.933 false
[2026-09-08T03:45:00.000+00:00] yaz_kizim 105.933 false
[2026-09-08T04:00:00.000+00:00] yaz_kizim 105.933 false
[2026-09-08T04:15:00.000+00:00] yaz_kizim 105.933 false
[2026-09-08T04:30:00.000+00:00] yaz_kizim 105.933 false
[2026-09-08T04:45:00.000+00:00] yaz_kizim 105.933 false
[2026-09-08T05:00:00.000+00:00] yaz_kizim 105.933 false
[2026-09-08T05:15:00.000+00:00] yaz_kizim 105.933 false
[2026-09-08T05:30:00.000+00:00] yaz_kizim 105.933 false
[2026-09-08T05:45:00.000+00:00] yaz_kizim 105.933 false
[2026-09-08T06:00:00.000+00:00] yaz_kizim 105.933 false
[2026-09-08T06:15:00.000+00:00] yaz_kizim 105.933 false
[2026-09-08T06:30:00.000+00:00] yaz_kizim 105.933 false
[2026-09-08T06:45:00.000+00:00] yaz_kizim 104.52 false
[2026-09-08T07:00:00.000+00:00] yaz_kizim 104.52 false
[2026-09-08T07:15:00.000+00:00] yaz_kizim 104.52 false
[2026-09-08T07:30:00.000+00:00] yaz_kizim 104.52 false
[2026-09-08T07:45:00.000+00:00] yaz_kizim 104.52 false
[2026-09-08T08:00:00.000+00:00] yaz_kizim 104.52 false
[2026-09-08T08:15:00.000+00:00] yaz_kizim 104.52 false
[2026-09-08T08:30:00.000+00:00] yaz_kizim 104.52 false
[2026-09-08T08:45:00.000+00:00] yaz_kizim 104.52 false
[2026-09-08T09:00:00.000+00:00] yaz_kizim 104.52 false
[2026-09-08T09:15:00.000+00:00] yaz_kizim 104.52 false
[2026-09-08T09:30:00.000+00:00] yaz_kizim 104.52 false
[2026-09-08T09:45:00.000+00:00] yaz_kizim 104.52 false
[2026-09-08T10:00:00.000+00:00] yaz_kizim 104.52 false
[2026-09-08T10:15:00.000+00:00] yaz_kizim 104.52 false
[2026-09-08T10:30:00.000+00:00] yaz_kizim 104.52 false
[2026-09-08T10:45:00.000+00:00] yaz_kizim 104.52 false
[2026-09-08T11:00:00.000+00:00] yaz_kizim 104.52 false
[2026-09-08T11:15:00.000+00:00] yaz_kizim 104.52 false
[2026-09-08T11:30:00.000+00:00] yaz_kizim 104.52 false
[2026-09-08T11:45:00.000+00:00] yaz_kizim 104.52 false
[2026-09-08T12:00:00.000+00:00] yaz_kizim 104.52 false
[2026-09-08T12:15:00.000+00:00] yaz_kizim 104.52 false
[2026-09-08T12:30:00.000+00:00] yaz_kizim 104.52 false
[2026-09-08T12:45:00.000+00:00] yaz_kizim 104.52 false
[2026-09-08T13:00:00.000+00:00] yaz_kizim 104.52 false
[2026-09-08T13:15:00.000+00:00] yaz_kizim 104.52 false
[2026-09-08T13:30:00.000+00:00] yaz_kizim 104.52 false
[2026-09-08T13:45:00.000+00:00] yaz_kizim 104.52 false
[2026-09-08T14:00:00.000+00:00] yaz_kizim 104.52 false
[2026-09-08T14:15:00.000+00:00] yaz_kizim 104.52 false
[2026-09-08T14:30:00.000+00:00] yaz_kizim 104.52 false
[2026-09-08T14:45:00.000+00:00] yaz_kizim 104.52 false
[2026-09-08T15:00:00.000+00:00] yaz_kizim 104.52 false
[2026-09-08T15:15:00.000+00:00] yaz_kizim 104.52 false
[2026-09-08T15:30:00.000+00:00] yaz_kizim 104.52 false
[2026-09-08T15:45:00.000+00:00] yaz_kizim 104.52 false
[2026-09-08T16:00:00.000+00:00] yaz_kizim 104.52 false
[2026-09-08T16:15:00.000+00:00] yaz_kizim 104.52 false
[2026-09-08T16:30:00.000+00:00] yaz_kizim 104.52 false
[2026-09-08T16:45:00.000+00:00] yaz_kizim 104.52 false
[2026-09-08T17:00:00.000+00:00] yaz_kizim 104.52 false
[2026-09-08T17:15:00.000+00:00] yaz_kizim 104.52 false
[2026-09-08T17:30:00.000+00:00] yaz_kizim 104.52 false
[2026-09-08T17:45:00.000+00:00] yaz_kizim 104.52 false
[2026-09-08T18:00:00.000+00:00] yaz_kizim 104.52 false
[2026-09-08T18:15:00.000+00:00] yaz_kizim 104.52 false
[2026-09-08T18:30:00.000+00:00] yaz_kizim 104.52 false
[2026-09-08T18:45:00.000+00:00] yaz_kizim 104.52 false
[2026-09-08T19:00:00.000+00:00] yaz_kizim 104.52 false
[2026-09-08T19:15:00.000+00:00] yaz_kizim 104.52 false
[2026-09-08T19:30:00.000+00:00] yaz_kizim 104.52 false
[2026-09-08T19:45:00.000+00:00] yaz_kizim 104.52 false
[2026-09-08T20:00:00.000+00:00] yaz_kizim 104.52 false
[2026-09-08T20:15:00.000+00:00] yaz_kizim 104.52 false
[2026-09-08T20:30:00.000+00:00] yaz_kizim 104.843 false
[2026-09-08T20:45:00.000+00:00] yaz_kizim 104.843 false
[2026-09-08T21:00:00.000+00:00] yaz_kizim 104.843 false
[2026-09-08T21:15:00.000+00:00] yaz_kizim 104.843 false
[2026-09-08T21:30:00.000+00:00] yaz_kizim 104.843 false
[2026-09-08T21:45:00.000+00:00] yaz_kizim 104.843 false
[2026-09-08T22:00:00.000+00:00] yaz_kizim 104.843 false
[2026-09-08T22:15:00.000+00:00] yaz_kizim 104.843 false
[2026-09-08T22:30:00.000+00:00] yaz_kizim 104.843 false
[2026-09-08T22:45:00.000+00:00] yaz_kizim 104.843 false
[2026-09-08T23:00:00.000+00:00] yaz_kizim 104.843 false
[2026-09-08T23:15:00.000+00:00] yaz_kizim 104.843 false
[2026-09-08T23:30:00.000+00:00] yaz_kizim 104.843 false
[2026-09-08T23:45:00.000+00:00] yaz_kizim 104.843 false
[2026-09-09T00:00:00.000+00:00] yaz_kizim 104.843 false
[2026-09-09T00:15:00.000+00:00] yaz_kizim 104.843 false
[2026-09-09T00:30:00.000+00:00] yaz_kizim 104.843 false
[2026-09-09T00:45:00.000+00:00] yaz_kizim 104.843 false
[2026-09-09T01:00:00.000+00:00] yaz_kizim 104.843 false
[2026-09-09T01:15:00.000+00:00] yaz_kizim 104.843 false
[2026-09-09T01:30:00.000+00:00] yaz_kizim 104.843 false
[2026-09-09T01:45:00.000+00:00] yaz_kizim 104.843 false
[2026-09-09T02:00:00.000+00:00] yaz_kizim 104.843 false
[2026-09-09T02:15:00.000+00:00] yaz_kizim 104.843 false
[2026-09-09T02:30:00.000+00:00] yaz_kizim 104.843 false
[2026-09-09T02:45:00.000+00:00] yaz_kizim 104.843 false
[2026-09-09T03:00:00.000+00:00] yaz_kizim 104.843 false
[2026-09-09T03:15:00.000+00:00] yaz_kizim 104.843 false
[2026-09-09T03:30:00.000+00:00] yaz_kizim 104.843 false
[2026-09-09T03:45:00.000+00:00] yaz_kizim 104.843 false
[2026-09-09T04:00:00.000+00:00] yaz_kizim 104.843 false
[2026-09-09T04:15:00.000+00:00] yaz_kizim 104.843 false
[2026-09-09T04:30:00.000+00:00] yaz_kizim 104.843 false
[2026-09-09T04:45:00.000+00:00] yaz_kizim 104.843 false
[2026-09-09T05:00:00.000+00:00] yaz_kizim 104.843 false
[2026-09-09T05:15:00.000+00:00] yaz_kizim 104.843 false
[2026-09-09T05:30:00.000+00:00] yaz_kizim 104.843 false
[2026-09-09T05:45:00.000+00:00] yaz_kizim 104.843 false
[2026-09-09T06:00:00.000+00:00] yaz_kizim 104.843 false
[2026-09-09T06:15:00.000+00:00] yaz_kizim 104.843 false
[2026-09-09T06:30:00.000+00:00] yaz_kizim 104.843 false
[2026-09-09T06:45:00.000+00:00] yaz_kizim 104.843 false
[2026-09-09T07:00:00.000+00:00] yaz_kizim 104.843 false
[2026-09-09T07:15:00.000+00:00] yaz_kizim 104.843 false
[2026-09-09T07:30:00.000+00:00] yaz_kizim 104.843 false
[2026-09-09T07:45:00.000+00:00] yaz_kizim 104.843 false
[2026-09-09T08:00:00.000+00:00] yaz_kizim 104.843 false
[2026-09-09T08:15:00.000+00:00] yaz_kizim 104.843 false
[2026-09-09T08:30:00.000+00:00] yaz_kizim 104.843 true
[2026-09-09T08:45:00.000+00:00] yaz_kizim 104.843 true
[2026-09-09T09:00:00.000+00:00] yaz_kizim 104.843 true
[2026-09-09T09:15:00.000+00:00] yaz_kizim 104.843 true
[2026-09-09T09:30:00.000+00:00] yaz_kizim 104.843 true
[2026-09-09T09:45:00.000+00:00] yaz_kizim 104.843 true
[2026-09-09T10:00:00.000+00:00] yaz_kizim 104.843 true
[2026-09-09T10:15:00.000+00:00] yaz_kizim 104.843 true
[2026-09-09T10:30:00.000+00:00] yaz_kizim 104.843 true
[2026-09-09T10:45:00.000+00:00] yaz_kizim 104.843 true
[2026-09-09T11:00:00.000+00:00] yaz_kizim 104.843 true
[2026-09-09T11:15:00.000+00:00] yaz_kizim 104.843 true
[2026-09-09T11:30:00.000+00:00] yaz_kizim 105.1861 false
[2026-09-09T11:45:00.000+00:00] yaz_kizim 105.1861 false
[2026-09-09T12:00:00.000+00:00] yaz_kizim 105.1861 false
[2026-09-09T12:15:00.000+00:00] yaz_kizim 105.1861 false
[2026-09-09T12:30:00.000+00:00] yaz_kizim 105.1861 false
[2026-09-09T12:45:00.000+00:00] yaz_kizim 105.1861 false
[2026-09-09T13:00:00.000+00:00] yaz_kizim 105.1861 false
[2026-09-09T13:15:00.000+00:00] yaz_kizim 105.1861 false
[2026-09-09T13:30:00.000+00:00] yaz_kizim 105.1861 false
[2026-09-09T13:45:00.000+00:00] yaz_kizim 105.1861 false
[2026-09-09T14:00:00.000+00:00] yaz_kizim 105.1861 false
[2026-09-09T14:15:00.000+00:00] yaz_kizim 105.1861 false
[2026-09-09T14:30:00.000+00:00] yaz_kizim 105.1861 false
[2026-09-09T14:45:00.000+00:00] yaz_kizim 105.1861 false
[2026-09-09T15:00:00.000+00:00] yaz_kizim 105.1861 false
[2026-09-09T15:15:00.000+00:00] yaz_kizim 105.1861 false
[2026-09-09T15:30:00.000+00:00] yaz_kizim 105.1861 false
[2026-09-09T15:45:00.000+00:00] yaz_kizim 105.1861 false
[2026-09-09T16:00:00.000+00:00] yaz_kizim 105.1861 false
[2026-09-09T16:15:00.000+00:00] yaz_kizim 105.1861 false
[2026-09-09T16:30:00.000+00:00] yaz_kizim 105.1861 false
[2026-09-09T16:45:00.000+00:00] yaz_kizim 105.1861 false
[2026-09-09T17:00:00.000+00:00] yaz_kizim 105.1861 false
[2026-09-09T17:15:00.000+00:00] yaz_kizim 105.1861 false
[2026-09-09T17:30:00.000+00:00] yaz_kizim 105.1861 false
[2026-09-09T17:45:00.000+00:00] yaz_kizim 105.1861 false
[2026-09-09T18:00:00.000+00:00] yaz_kizim 105.1861 false
[2026-09-09T18:15:00.000+00:00] yaz_kizim 105.1861 false
[2026-09-09T18:30:00.000+00:00] yaz_kizim 104.843 false
[2026-09-09T18:45:00.000+00:00] yaz_kizim 104.843 false
[2026-09-09T19:00:00.000+00:00] yaz_kizim 104.843 false
[2026-09-09T19:15:00.000+00:00] yaz_kizim 104.843 false
[2026-09-09T19:30:00.000+00:00] yaz_kizim 104.843 false
[2026-09-09T19:45:00.000+00:00] yaz_kizim 104.843 false
[2026-09-09T20:00:00.000+00:00] yaz_kizim 104.843 false
[2026-09-09T20:15:00.000+00:00] yaz_kizim 104.843 false
[2026-09-09T20:30:00.000+00:00] yaz_kizim 104.843 false
[2026-09-09T20:45:00.000+00:00] yaz_kizim 104.843 false
[2026-09-09T21:00:00.000+00:00] yaz_kizim 104.843 false
[2026-09-09T21:15:00.000+00:00] yaz_kizim 104.843 false
[2026-09-09T21:30:00.000+00:00] yaz_kizim 104.843 false
[2026-09-09T21:45:00.000+00:00] yaz_kizim 104.843 false
[2026-09-09T22:00:00.000+00:00] yaz_kizim 104.843 false
[2026-09-09T22:15:00.000+00:00] yaz_kizim 104.843 false
[2026-09-09T22:30:00.000+00:00] yaz_kizim 104.843 false
[2026-09-09T22:45:00.000+00:00] yaz_kizim 104.843 false
[2026-09-09T23:00:00.000+00:00] yaz_kizim 104.843 false
[2026-09-09T23:15:00.000+00:00] yaz_kizim 104.843 false
[2026-09-09T23:30:00.000+00:00] yaz_kizim 104.843 false
[2026-09-09T23:45:00.000+00:00] yaz_kizim 104.843 false
[2026-09-10T00:00:00.000+00:00] yaz_kizim 104.843 false
[2026-09-10T00:15:00.000+00:00] yaz_kizim 104.843 false
[2026-09-10T00:30:00.000+00:00] yaz_kizim 104.843 false
[2026-09-10T00:45:00.000+00:00] yaz_kizim 104.843 false
[2026-09-10T01:00:00.000+00:00] yaz_kizim 104.843 false
[2026-09-10T01:15:00.000+00:00] yaz_kizim 104.843 false
[2026-09-10T01:30:00.000+00:00] yaz_kizim 104.843 false
[2026-09-10T01:45:00.000+00:00] yaz_kizim 104.843 false
[2026-09-10T02:00:00.000+00:00] yaz_kizim 104.843 false
[2026-09-10T02:15:00.000+00:00] yaz_kizim 104.843 false
[2026-09-10T02:30:00.000+00:00] yaz_kizim 104.843 false
[2026-09-10T02:45:00.000+00:00] yaz_kizim 104.843 false
[2026-09-10T03:00:00.000+00:00] yaz_kizim 104.843 false
[2026-09-10T03:15:00.000+00:00] yaz_kizim 104.843 false
[2026-09-10T03:30:00.000+00:00] yaz_kizim 104.843 false
[2026-09-10T03:45:00.000+00:00] yaz_kizim 104.843 false
[2026-09-10T04:00:00.000+00:00] yaz_kizim 104.843 false
[2026-09-10T04:15:00.000+00:00] yaz_kizim 104.843 false
[2026-09-10T04:30:00.000+00:00] yaz_kizim 104.843 false
[2026-09-10T04:45:00.000+00:00] yaz_kizim 104.843 false
[2026-09-10T05:00:00.000+00:00] yaz_kizim 104.843 false
[2026-09-10T05:15:00.000+00:00] yaz_kizim 104.843 false
[2026-09-10T05:30:00.000+00:00] yaz_kizim 104.843 false
[2026-09-10T05:45:00.000+00:00] yaz_kizim 104.843 false
[2026-09-10T06:00:00.000+00:00] yaz_kizim 104.843 false
[2026-09-10T06:15:00.000+00:00] yaz_kizim 104.843 false
[2026-09-10T06:30:00.000+00:00] yaz_kizim 104.843 false
[2026-09-10T06:45:00.000+00:00] yaz_kizim 104.843 false
[2026-09-10T07:00:00.000+00:00] yaz_kizim 104.843 false
[2026-09-10T07:15:00.000+00:00] yaz_kizim 104.843 false
[2026-09-10T07:30:00.000+00:00] yaz_kizim 104.843 false
[2026-09-10T07:45:00.000+00:00] yaz_kizim 104.843 false
[2026-09-10T08:00:00.000+00:00] yaz_kizim 104.843 false
[2026-09-10T08:15:00.000+00:00] yaz_kizim 104.843 false
[2026-09-10T08:30:00.000+00:00] yaz_kizim 104.843 false
[2026-09-10T08:45:00.000+00:00] yaz_kizim 104.843 false
[2026-09-10T09:00:00.000+00:00] yaz_kizim 104.843 false
[2026-09-10T09:15:00.000+00:00] yaz_kizim 104.843 false
[2026-09-10T09:30:00.000+00:00] yaz_kizim 104.843 false
[2026-09-10T09:45:00.000+00:00] yaz_kizim 104.843 false
[2026-09-10T10:00:00.000+00:00] yaz_kizim 104.843 false
[2026-09-10T10:15:00.000+00:00] yaz_kizim 104.843 false
[2026-09-10T10:30:00.000+00:00] yaz_kizim 104.843 false
[2026-09-10T10:45:00.000+00:00] yaz_kizim 104.843 false
[2026-09-10T11:00:00.000+00:00] yaz_kizim 104.843 false
[2026-09-10T11:15:00.000+00:00] yaz_kizim 104.843 false
[2026-09-10T11:30:00.000+00:00] yaz_kizim 104.843 false
[2026-09-10T11:45:00.000+00:00] yaz_kizim 104.843 false
[2026-09-10T12:00:00.000+00:00] yaz_kizim 104.843 false
[2026-09-10T12:15:00.000+00:00] yaz_kizim 104.843 false
[2026-09-10T12:30:00.000+00:00] yaz_kizim 104.843 false
[2026-09-10T12:45:00.000+00:00] yaz_kizim 104.843 false
[2026-09-10T13:00:00.000+00:00] yaz_kizim 102.182 false
[2026-09-10T13:15:00.000+00:00] yaz_kizim 102.182 false
[2026-09-10T13:30:00.000+00:00] yaz_kizim 102.182 false
[2026-09-10T13:45:00.000+00:00] yaz_kizim 102.182 false
[2026-09-10T14:00:00.000+00:00] yaz_kizim 102.182 false
[2026-09-10T14:15:00.000+00:00] yaz_kizim 102.182 false
[2026-09-10T14:30:00.000+00:00] yaz_kizim 102.182 false
[2026-09-10T14:45:00.000+00:00] yaz_kizim 102.182 false
[2026-09-10T15:00:00.000+00:00] yaz_kizim 102.182 false
[2026-09-10T15:15:00.000+00:00] yaz_kizim 102.182 false
[2026-09-10T15:30:00.000+00:00] yaz_kizim 102.182 false
[2026-09-10T15:45:00.000+00:00] yaz_kizim 102.182 false
[2026-09-10T16:00:00.000+00:00] yaz_kizim 102.182 false
[2026-09-10T16:15:00.000+00:00] yaz_kizim 102.182 false
[2026-09-10T16:30:00.000+00:00] yaz_kizim 102.182 false
[2026-09-10T16:45:00.000+00:00] yaz_kizim 102.182 false
[2026-09-10T17:00:00.000+00:00] yaz_kizim 102.182 false
[2026-09-10T17:15:00.000+00:00] yaz_kizim 102.182 false
[2026-09-10T17:30:00.000+00:00] yaz_kizim 102.182 false
[2026-09-10T17:45:00.000+00:00] yaz_kizim 102.182 false
[2026-09-10T18:00:00.000+00:00] yaz_kizim 102.182 false
[2026-09-10T18:15:00.000+00:00] yaz_kizim 102.182 false
[2026-09-10T18:30:00.000+00:00] yaz_kizim 102.182 false
[2026-09-10T18:45:00.000+00:00] yaz_kizim 102.182 false
[2026-09-10T19:00:00.000+00:00] yaz_kizim 102.182 false
[2026-09-10T19:15:00.000+00:00] yaz_kizim 102.182 false
[2026-09-10T19:30:00.000+00:00] yaz_kizim 102.182 false
[2026-09-10T19:45:00.000+00:00] yaz_kizim 102.182 false
[2026-09-10T20:00:00.000+00:00] yaz_kizim 102.182 false
[2026-09-10T20:15:00.000+00:00] yaz_kizim 102.182 false
[2026-09-10T20:30:00.000+00:00] yaz_kizim 102.182 false
[2026-09-10T20:45:00.000+00:00] yaz_kizim 102.182 false
[2026-09-10T21:00:00.000+00:00] yaz_kizim 102.182 false
[2026-09-10T21:15:00.000+00:00] yaz_kizim 102.182 false
[2026-09-10T21:30:00.000+00:00] yaz_kizim 102.182 false
[2026-09-10T21:45:00.000+00:00] yaz_kizim 102.182 false
[2026-09-10T22:00:00.000+00:00] yaz_kizim 102.182 false
[2026-09-10T22:15:00.000+00:00] yaz_kizim 102.182 false
[2026-09-10T22:30:00.000+00:00] yaz_kizim 102.182 false
[2026-09-10T22:45:00.000+00:00] yaz_kizim 100.471 false
[2026-09-10T23:00:00.000+00:00] yaz_kizim 100.471 false
[2026-09-10T23:15:00.000+00:00] yaz_kizim 100.471 false
[2026-09-10T23:30:00.000+00:00] yaz_kizim 100.471 false
[2026-09-10T23:45:00.000+00:00] yaz_kizim 100.471 false
[2026-09-11T00:00:00.000+00:00] yaz_kizim 100.471 false
[2026-09-11T00:15:00.000+00:00] yaz_kizim 100.471 false
[2026-09-11T00:30:00.000+00:00] yaz_kizim 100.471 false
[2026-09-11T00:45:00.000+00:00] yaz_kizim 100.471 false
[2026-09-11T01:00:00.000+00:00] yaz_kizim 100.471 false
[2026-09-11T01:15:00.000+00:00] yaz_kizim 100.471 false
[2026-09-11T01:30:00.000+00:00] yaz_kizim 100.471 false
[2026-09-11T01:45:00.000+00:00] yaz_kizim 100.471 false
[2026-09-11T02:00:00.000+00:00] yaz_kizim 100.471 false
[2026-09-11T02:15:00.000+00:00] yaz_kizim 100.471 false
[2026-09-11T02:30:00.000+00:00] yaz_kizim 100.471 false
[2026-09-11T02:45:00.000+00:00] yaz_kizim 100.471 false
[2026-09-11T03:00:00.000+00:00] yaz_kizim 100.471 false
[2026-09-11T03:15:00.000+00:00] yaz_kizim 100.471 false
[2026-09-11T03:30:00.000+00:00] yaz_kizim 100.471 false
[2026-09-11T03:45:00.000+00:00] yaz_kizim 100.471 false
[2026-09-11T04:00:00.000+00:00] yaz_kizim 100.471 false
[2026-09-11T04:15:00.000+00:00] yaz_kizim 100.471 false
[2026-09-11T04:30:00.000+00:00] yaz_kizim 100.471 false
[2026-09-11T04:45:00.000+00:00] yaz_kizim 100.471 false
[2026-09-11T05:00:00.000+00:00] yaz_kizim 100.471 false
[2026-09-11T05:15:00.000+00:00] yaz_kizim 100.471 false
[2026-09-11T05:30:00.000+00:00] yaz_kizim 100.471 false
[2026-09-11T05:45:00.000+00:00] yaz_kizim 100.471 false
[2026-09-11T06:00:00.000+00:00] yaz_kizim 100.471 false
[2026-09-11T06:15:00.000+00:00] yaz_kizim 100.471 false
[2026-09-11T06:30:00.000+00:00] yaz_kizim 100.471 false
[2026-09-11T06:45:00.000+00:00] yaz_kizim 100.471 false
[2026-09-11T07:00:00.000+00:00] yaz_kizim 100.471 false
[2026-09-11T07:15:00.000+00:00] yaz_kizim 100.471 false
[2026-09-11T07:30:00.000+00:00] yaz_kizim 100.471 false
[2026-09-11T07:45:00.000+00:00] yaz_kizim 100.471 false
[2026-09-11T08:00:00.000+00:00] yaz_kizim 100.471 false
[2026-09-11T08:15:00.000+00:00] yaz_kizim 100.471 false
[2026-09-11T08:30:00.000+00:00] yaz_kizim 100.471 false
[2026-09-11T08:45:00.000+00:00] yaz_kizim 100.471 false
[2026-09-11T09:00:00.000+00:00] yaz_kizim 100.471 false
[2026-09-11T09:15:00.000+00:00] yaz_kizim 100.471 false
[2026-09-11T09:30:00.000+00:00] yaz_kizim 100.471 false
[2026-09-11T09:45:00.000+00:00] yaz_kizim 100.471 false
[2026-09-11T10:00:00.000+00:00] yaz_kizim 100.471 false
[2026-09-11T10:15:00.000+00:00] yaz_kizim 100.471 false
[2026-09-11T10:30:00.000+00:00] yaz_kizim 100.471 false
[2026-09-11T10:45:00.000+00:00] yaz_kizim 100.471 false
[2026-09-11T11:00:00.000+00:00] yaz_kizim 100.471 false
[2026-09-11T11:15:00.000+00:00] yaz_kizim 100.471 false
[2026-09-11T11:30:00.000+00:00] yaz_kizim 100.471 false
[2026-09-11T11:45:00.000+00:00] yaz_kizim 100.471 false
[2026-09-11T12:00:00.000+00:00] yaz_kizim 100.471 false
[2026-09-11T12:15:00.000+00:00] yaz_kizim 100.471 false
[2026-09-11T12:30:00.000+00:00] yaz_kizim 100.471 false
[2026-09-11T12:45:00.000+00:00] yaz_kizim 100.471 true
[2026-09-11T13:00:00.000+00:00] yaz_kizim 100.471 true
[2026-09-11T13:15:00.000+00:00] yaz_kizim 100.471 true
[2026-09-11T13:30:00.000+00:00] yaz_kizim 100.471 true
[2026-09-11T13:45:00.000+00:00] yaz_kizim 100.471 true
[2026-09-11T14:00:00.000+00:00] yaz_kizim 100.471 true
[2026-09-11T14:15:00.000+00:00] yaz_kizim 100.471 true
[2026-09-11T14:30:00.000+00:00] yaz_kizim 100.471 true
[2026-09-11T14:45:00.000+00:00] yaz_kizim 100.471 true
[2026-09-11T15:00:00.000+00:00] yaz_kizim 100.471 true
[2026-09-11T15:15:00.000+00:00] yaz_kizim 100.471 true
[2026-09-11T15:30:00.000+00:00] yaz_kizim 100.471 true
[2026-09-11T15:45:00.000+00:00] yaz_kizim 100.471 true
[2026-09-11T16:00:00.000+00:00] yaz_kizim 100.471 true
[2026-09-11T16:15:00.000+00:00] yaz_kizim 100.471 true
[2026-09-11T16:30:00.000+00:00] yaz_kizim 100.471 true
[2026-09-11T16:45:00.000+00:00] yaz_kizim 100.471 true
[2026-09-11T17:00:00.000+00:00] yaz_kizim 100.471 true
[2026-09-11T17:15:00.000+00:00] yaz_kizim 100.471 true
[2026-09-11T17:30:00.000+00:00] yaz_kizim 100.471 true
[2026-09-11T17:45:00.000+00:00] yaz_kizim 100.471 true
[2026-09-11T18:00:00.000+00:00] yaz_kizim 100.471 true
[2026-09-11T18:15:00.000+00:00] yaz_kizim 100.471 true
[2026-09-11T18:30:00.000+00:00] yaz_kizim 100.471 true
[2026-09-11T18:45:00.000+00:00] yaz_kizim 100.471 true
[2026-09-11T19:00:00.000+00:00] yaz_kizim 100.471 true
[2026-09-11T19:15:00.000+00:00] yaz_kizim 100.471 true
[2026-09-11T19:30:00.000+00:00] yaz_kizim 100.471 true
[2026-09-11T19:45:00.000+00:00] yaz_kizim 100.471 true
[2026-09-11T20:00:00.000+00:00] yaz_kizim 100.471 true
[2026-09-11T20:15:00.000+00:00] yaz_kizim 100.471 true
[2026-09-11T20:30:00.000+00:00] yaz_kizim 100.471 true
[2026-09-11T20:45:00.000+00:00] yaz_kizim 100.471 true
[2026-09-11T21:00:00.000+00:00] yaz_kizim 100.471 true
[2026-09-11T21:15:00.000+00:00] yaz_kizim 100.471 true
[2026-09-11T21:30:00.000+00:00] yaz_kizim 100.471 true
[2026-09-11T21:45:00.000+00:00] yaz_kizim 100.471 true
[2026-09-11T22:00:00.000+00:00] yaz_kizim 100.471 true
[2026-09-11T22:15:00.000+00:00] yaz_kizim 100.471 true
[2026-09-11T22:30:00.000+00:00] yaz_kizim 100.471 true
[2026-09-11T22:45:00.000+00:00] yaz_kizim 100.471 true
[2026-09-11T23:00:00.000+00:00] yaz_kizim 100.471 true
[2026-09-11T23:15:00.000+00:00] yaz_kizim 100.471 true
[2026-09-11T23:30:00.000+00:00] yaz_kizim 100.471 true
[2026-09-11T23:45:00.000+00:00] yaz_kizim 100.471 true
[2026-09-12T00:00:00.000+00:00] yaz_kizim 100.471 true
[2026-09-12T00:15:00.000+00:00] yaz_kizim 100.471 true
[2026-09-12T00:30:00.000+00:00] yaz_kizim 105.813 false
[2026-09-12T00:45:00.000+00:00] yaz_kizim 105.813 false
[2026-09-12T01:00:00.000+00:00] yaz_kizim 105.813 false
[2026-09-12T01:15:00.000+00:00] yaz_kizim 105.813 false
[2026-09-12T01:30:00.000+00:00] yaz_kizim 105.813 false
[2026-09-12T01:45:00.000+00:00] yaz_kizim 105.813 false
[2026-09-12T02:00:00.000+00:00] yaz_kizim 105.813 false
[2026-09-12T02:15:00.000+00:00] yaz_kizim 105.813 false
[2026-09-12T02:30:00.000+00:00] yaz_kizim 105.813 false
[2026-09-12T02:45:00.000+00:00] yaz_kizim 105.813 false
[2026-09-12T03:00:00.000+00:00] yaz_kizim 105.813 false
[2026-09-12T03:15:00.000+00:00] yaz_kizim 105.813 false
[2026-09-12T03:30:00.000+00:00] yaz_kizim 105.813 false
[2026-09-12T03:45:00.000+00:00] yaz_kizim 105.813 false
[2026-09-12T04:00:00.000+00:00] yaz_kizim 105.813 false
[2026-09-12T04:15:00.000+00:00] yaz_kizim 105.813 false
[2026-09-12T04:30:00.000+00:00] yaz_kizim 105.813 false
[2026-09-12T04:45:00.000+00:00] yaz_kizim 105.813 false
[2026-09-12T05:00:00.000+00:00] yaz_kizim 105.813 false
[2026-09-12T05:15:00.000+00:00] yaz_kizim 105.813 false
[2026-09-12T05:30:00.000+00:00] yaz_kizim 105.813 false
[2026-09-12T05:45:00.000+00:00] yaz_kizim 105.813 false
[2026-09-12T06:00:00.000+00:00] yaz_kizim 105.813 false
[2026-09-12T06:15:00.000+00:00] yaz_kizim 105.813 false
[2026-09-12T06:30:00.000+00:00] yaz_kizim 105.813 false
[2026-09-12T06:45:00.000+00:00] yaz_kizim 105.813 false
[2026-09-12T07:00:00.000+00:00] yaz_kizim 105.813 false
[2026-09-12T07:15:00.000+00:00] yaz_kizim 105.813 false
[2026-09-12T07:30:00.000+00:00] yaz_kizim 105.813 false
[2026-09-12T07:45:00.000+00:00] yaz_kizim 105.813 false
[2026-09-12T08:00:00.000+00:00] yaz_kizim 105.813 false
[2026-09-12T08:15:00.000+00:00] yaz_kizim 105.813 false
[2026-09-12T08:30:00.000+00:00] yaz_kizim 105.813 false
[2026-09-12T08:45:00.000+00:00] yaz_kizim 105.813 false
[2026-09-12T09:00:00.000+00:00] yaz_kizim 105.813 false
[2026-09-12T09:15:00.000+00:00] yaz_kizim 105.813 false
[2026-09-12T09:30:00.000+00:00] yaz_kizim 105.813 false
[2026-09-12T09:45:00.000+00:00] yaz_kizim 105.813 false
[2026-09-12T10:00:00.000+00:00] yaz_kizim 105.813 false
[2026-09-12T10:15:00.000+00:00] yaz_kizim 105.813 false
[2026-09-12T10:30:00.000+00:00] yaz_kizim 105.813 false
[2026-09-12T10:45:00.000+00:00] yaz_kizim 105.813 false
[2026-09-12T11:00:00.000+00:00] yaz_kizim 105.813 false
[2026-09-12T11:15:00.000+00:00] yaz_kizim 105.813 false
[2026-09-12T11:30:00.000+00:00] yaz_kizim 105.813 false
[2026-09-12T11:45:00.000+00:00] yaz_kizim 105.813 false
[2026-09-12T12:00:00.000+00:00] yaz_kizim 105.813 false
[2026-09-12T12:15:00.000+00:00] yaz_kizim 105.813 false
[2026-09-12T12:30:00.000+00:00] yaz_kizim 105.813 false
[2026-09-12T12:45:00.000+00:00] yaz_kizim 105.813 false
[2026-09-12T13:00:00.000+00:00] yaz_kizim 105.813 false
[2026-09-12T13:15:00.000+00:00] yaz_kizim 105.813 false
[2026-09-12T13:30:00.000+00:00] yaz_kizim 105.813 false
[2026-09-12T13:45:00.000+00:00] yaz_kizim 105.813 false
[2026-09-12T14:00:00.000+00:00] yaz_kizim 105.813 false
[2026-09-12T14:15:00.000+00:00] yaz_kizim 105.813 false
[2026-09-12T14:30:00.000+00:00] yaz_kizim 105.813 false
[2026-09-12T14:45:00.000+00:00] yaz_kizim 105.813 false
[2026-09-12T15:00:00.000+00:00] yaz_kizim 105.813 false
[2026-09-12T15:15:00.000+00:00] yaz_kizim 105.813 false
[2026-09-12T15:30:00.000+00:00] yaz_kizim 105.813 false
[2026-09-12T15:45:00.000+00:00] yaz_kizim 105.813 false
[2026-09-12T16:00:00.000+00:00] yaz_kizim 105.813 false
[2026-09-12T16:15:00.000+00:00] yaz_kizim 102.42 false
[2026-09-12T16:30:00.000+00:00] yaz_kizim 102.42 false
[2026-09-12T16:45:00.000+00:00] yaz_kizim 102.42 false
[2026-09-12T17:00:00.000+00:00] yaz_kizim 102.42 false
[2026-09-12T17:15:00.000+00:00] yaz_kizim 102.42 false
[2026-09-12T17:30:00.000+00:00] yaz_kizim 102.42 false
[2026-09-12T17:45:00.000+00:00] yaz_kizim 102.42 false
[2026-09-12T18:00:00.000+00:00] yaz_kizim 102.42 false
[2026-09-12T18:15:00.000+00:00] yaz_kizim 102.42 false
[2026-09-12T18:30:00.000+00:00] yaz_kizim 102.42 false
[2026-09-12T18:45:00.000+00:00] yaz_kizim 102.42 false
[2026-09-12T19:00:00.000+00:00] yaz_kizim 102.42 false
[2026-09-12T19:15:00.000+00:00] yaz_kizim 102.42 false
[2026-09-12T19:30:00.000+00:00] yaz_kizim 102.42 false
[2026-09-12T19:45:00.000+00:00] yaz_kizim 102.42 false
[2026-09-12T20:00:00.000+00:00] yaz_kizim 102.42 false
[2026-09-12T20:15:00.000+00:00] yaz_kizim 102.42 false
[2026-09-12T20:30:00.000+00:00] yaz_kizim 102.42 false
[2026-09-12T20:45:00.000+00:00] yaz_kizim 102.42 false
[2026-09-12T21:00:00.000+00:00] yaz_kizim 102.42 false
[2026-09-12T21:15:00.000+00:00] yaz_kizim 102.42 false
[2026-09-12T21:30:00.000+00:00] yaz_kizim 102.42 false
[2026-09-12T21:45:00.000+00:00] yaz_kizim 102.42 false
[2026-09-12T22:00:00.000+00:00] yaz_kizim 102.42 false
[2026-09-12T22:15:00.000+00:00] yaz_kizim 102.42 false
[2026-09-12T22:30:00.000+00:00] yaz_kizim 102.42 false
[2026-09-12T22:45:00.000+00:00] yaz_kizim 102.42 false
[2026-09-12T23:00:00.000+00:00] yaz_kizim 102.42 false
[2026-09-12T23:15:00.000+00:00] yaz_kizim 102.42 false
[2026-09-12T23:30:00.000+00:00] yaz_kizim 102.42 false
[2026-09-12T23:45:00.000+00:00] yaz_kizim 102.42 false
[2026-09-13T00:00:00.000+00:00] yaz_kizim 102.42 false
[2026-09-13T00:15:00.000+00:00] yaz_kizim 102.42 false
[2026-09-13T00:30:00.000+00:00] yaz_kizim 102.42 false
[2026-09-13T00:45:00.000+00:00] yaz_kizim 102.42 false
[2026-09-13T01:00:00.000+00:00] yaz_kizim 102.42 false
[2026-09-13T01:15:00.000+00:00] yaz_kizim 102.42 false
[2026-09-13T01:30:00.000+00:00] yaz_kizim 102.42 false
[2026-09-13T01:45:00.000+00:00] yaz_kizim 102.42 false
[2026-09-13T02:00:00.000+00:00] yaz_kizim 102.42 false
[2026-09-13T02:15:00.000+00:00] yaz_kizim 102.42 false
[2026-09-13T02:30:00.000+00:00] yaz_kizim 102.42 false
[2026-09-13T02:45:00.000+00:00] yaz_kizim 102.42 false
[2026-09-13T03:00:00.000+00:00] yaz_kizim 102.42 false
[2026-09-13T03:15:00.000+00:00] yaz_kizim 102.42 false
[2026-09-13T03:30:00.000+00:00] yaz_kizim 102.42 false
[2026-09-13T03:45:00.000+00:00] yaz_kizim 102.42 false
[2026-09-13T04:00:00.000+00:00] yaz_kizim 102.42 false
[2026-09-13T04:15:00.000+00:00] yaz_kizim 102.42 false
[2026-09-13T04:30:00.000+00:00] yaz_kizim 102.42 false
[2026-09-13T04:45:00.000+00:00] yaz_kizim 102.42 false
[2026-09-13T05:00:00.000+00:00] yaz_kizim 102.42 false
[2026-09-13T05:15:00.000+00:00] yaz_kizim 102.42 false
[2026-09-13T05:30:00.000+00:00] yaz_kizim 102.42 false
[2026-09-13T05:45:00.000+00:00] yaz_kizim 102.42 false
[2026-09-13T06:00:00.000+00:00] yaz_kizim 102.42 false
[2026-09-13T06:15:00.000+00:00] yaz_kizim 102.42 false
[2026-09-13T06:30:00.000+00:00] yaz_kizim 102.42 false
[2026-09-13T06:45:00.000+00:00] yaz_kizim 102.42 false
[2026-09-13T07:00:00.000+00:00] yaz_kizim 102.42 false
[2026-09-13T07:15:00.000+00:00] yaz_kizim 102.42 false
[2026-09-13T07:30:00.000+00:00] yaz_kizim 102.42 false
[2026-09-13T07:45:00.000+00:00] yaz_kizim 102.42 false
[2026-09-13T08:00:00.000+00:00] yaz_kizim 102.42 false
[2026-09-13T08:15:00.000+00:00] yaz_kizim 102.42 false
[2026-09-13T08:30:00.000+00:00] yaz_kizim 102.42 false
[2026-09-13T08:45:00.000+00:00] yaz_kizim 102.42 false
[2026-09-13T09:00:00.000+00:00] yaz_kizim 102.42 false
[2026-09-13T09:15:00.000+00:00] yaz_kizim 102.42 false
[2026-09-13T09:30:00.000+00:00] yaz_kizim 102.42 false
[2026-09-13T09:45:00.000+00:00] yaz_kizim 102.42 false
[2026-09-13T10:00:00.000+00:00] yaz_kizim 102.42 false
[2026-09-13T10:15:00.000+00:00] yaz_kizim 102.42 false
[2026-09-13T10:30:00.000+00:00] yaz_kizim 102.42 false
[2026-09-13T10:45:00.000+00:00] yaz_kizim 102.42 false
[2026-09-13T11:00:00.000+00:00] yaz_kizim 102.42 false
[2026-09-13T11:15:00.000+00:00] yaz_kizim 102.42 false
[2026-09-13T11:30:00.000+00:00] yaz_kizim 102.42 false
[2026-09-13T11:45:00.000+00:00] yaz_kizim 102.42 false
[2026-09-13T12:00:00.000+00:00] yaz_kizim 102.42 false
[2026-09-13T12:15:00.000+00:00] yaz_kizim 102.42 false
[2026-09-13T12:30:00.000+00:00] yaz_kizim 102.42 false
[2026-09-13T12:45:00.000+00:00] yaz_kizim 102.42 false
[2026-09-13T13:00:00.000+00:00] yaz_kizim 102.42 false
[2026-09-13T13:15:00.000+00:00] yaz_kizim 102.42 false
[2026-09-13T13:30:00.000+00:00] yaz_kizim 102.42 false
[2026-09-13T13:45:00.000+00:00] yaz_kizim 102.42 false
[2026-09-13T14:00:00.000+00:00] yaz_kizim 102.42 false
[2026-09-13T14:15:00.000+00:00] yaz_kizim 102.42 false
[2026-09-13T14:30:00.000+00:00] yaz_kizim 102.42 false
[2026-09-13T14:45:00.000+00:00] yaz_kizim 102.42 false
[2026-09-13T15:00:00.000+00:00] yaz_kizim 102.42 false
[2026-09-13T15:15:00.000+00:00] yaz_kizim 102.42 false
[2026-09-13T15:30:00.000+00:00] yaz_kizim 102.42 false
[2026-09-13T15:45:00.000+00:00] yaz_kizim 102.42 false
[2026-09-13T16:00:00.000+00:00] yaz_kizim 102.42 false
[2026-09-13T16:15:00.000+00:00] yaz_kizim 102.42 false
[2026-09-13T16:30:00.000+00:00] yaz_kizim 102.42 false
[2026-09-13T16:45:00.000+00:00] yaz_kizim 102.42 false
[2026-09-13T17:00:00.000+00:00] yaz_kizim 102.42 false
[2026-09-13T17:15:00.000+00:00] yaz_kizim 102.42 false
[2026-09-13T17:30:00.000+00:00] yaz_kizim 102.42 false
[2026-09-13T17:45:00.000+00:00] yaz_kizim 102.42 false
[2026-09-13T18:00:00.000+00:00] yaz_kizim 102.42 false
[2026-09-13T18:15:00.000+00:00] yaz_kizim 102.42 false
[2026-09-13T18:30:00.000+00:00] yaz_kizim 102.42 false
[2026-09-13T18:45:00.000+00:00] yaz_kizim 102.42 false
[2026-09-13T19:00:00.000+00:00] yaz_kizim 102.42 false
[2026-09-13T19:15:00.000+00:00] yaz_kizim 102.42 false
[2026-09-13T19:30:00.000+00:00] yaz_kizim 102.42 false
[2026-09-13T19:45:00.000+00:00] yaz_kizim 102.42 false
[2026-09-13T20:00:00.000+00:00] yaz_kizim 102.42 false
[2026-09-13T20:15:00.000+00:00] yaz_kizim 102.42 false
[2026-09-13T20:30:00.000+00:00] yaz_kizim 102.42 false
[2026-09-13T20:45:00.000+00:00] yaz_kizim 102.42 false
[2026-09-13T21:00:00.000+00:00] yaz_kizim 102.42 false
[2026-09-13T21:15:00.000+00:00] yaz_kizim 102.42 false
[2026-09-13T21:30:00.000+00:00] yaz_kizim 102.42 false
[2026-09-13T21:45:00.000+00:00] yaz_kizim 102.42 false
[2026-09-13T22:00:00.000+00:00] yaz_kizim 102.42 false
[2026-09-13T22:15:00.000+00:00] yaz_kizim 102.42 false
[2026-09-13T22:30:00.000+00:00] yaz_kizim 102.42 false
[2026-09-13T22:45:00.000+00:00] yaz_kizim 102.42 false
[2026-09-13T23:00:00.000+00:00] yaz_kizim 102.42 false
[2026-09-13T23:15:00.000+00:00] yaz_kizim 102.342 false
[2026-09-13T23:30:00.000+00:00] yaz_kizim 102.342 false
[2026-09-13T23:45:00.000+00:00] yaz_kizim 102.342 false
[2026-09-14T00:00:00.000+00:00] yaz_kizim 102.342 false
[2026-09-14T00:15:00.000+00:00] yaz_kizim 102.342 false
[2026-09-14T00:30:00.000+00:00] yaz_kizim 102.342 false
[2026-09-14T00:45:00.000+00:00] yaz_kizim 102.342 false
[2026-09-14T01:00:00.000+00:00] yaz_kizim 102.342 false
[2026-09-14T01:15:00.000+00:00] yaz_kizim 102.342 false
[2026-09-14T01:30:00.000+00:00] yaz_kizim 102.342 false
[2026-09-14T01:45:00.000+00:00] yaz_kizim 102.342 false
[2026-09-14T02:00:00.000+00:00] yaz_kizim 102.342 false
[2026-09-14T02:15:00.000+00:00] yaz_kizim 102.342 false
[2026-09-14T02:30:00.000+00:00] yaz_kizim 102.342 false
[2026-09-14T02:45:00.000+00:00] yaz_kizim 102.342 false
[2026-09-14T03:00:00.000+00:00] yaz_kizim 102.342 false
[2026-09-14T03:15:00.000+00:00] yaz_kizim 102.342 false
[2026-09-14T03:30:00.000+00:00] yaz_kizim 102.342 false
[2026-09-14T03:45:00.000+00:00] yaz_kizim 102.342 false
[2026-09-14T04:00:00.000+00:00] yaz_kizim 102.342 false
[2026-09-14T04:15:00.000+00:00] yaz_kizim 102.342 false
[2026-09-14T04:30:00.000+00:00] yaz_kizim 102.342 false
[2026-09-14T04:45:00.000+00:00] yaz_kizim 102.342 false
[2026-09-14T05:00:00.000+00:00] yaz_kizim 102.342 false
[2026-09-14T05:15:00.000+00:00] yaz_kizim 102.342 false
[2026-09-14T05:30:00.000+00:00] yaz_kizim 102.342 false
[2026-09-14T05:45:00.000+00:00] yaz_kizim 102.342 false
[2026-09-14T06:00:00.000+00:00] yaz_kizim 102.342 false
[2026-09-14T06:15:00.000+00:00] yaz_kizim 102.342 false
[2026-09-14T06:30:00.000+00:00] yaz_kizim 102.342 false
[2026-09-14T06:45:00.000+00:00] yaz_kizim 102.342 false
[2026-09-14T07:00:00.000+00:00] yaz_kizim 102.342 false
[2026-09-14T07:15:00.000+00:00] yaz_kizim 102.342 false
[2026-09-14T07:30:00.000+00:00] yaz_kizim 102.342 false
[2026-09-14T07:45:00.000+00:00] yaz_kizim 102.342 false
[2026-09-14T08:00:00.000+00:00] yaz_kizim 102.342 false
[2026-09-14T08:15:00.000+00:00] yaz_kizim 102.342 false
[2026-09-14T08:30:00.000+00:00] yaz_kizim 102.342 false
[2026-09-14T08:45:00.000+00:00] yaz_kizim 102.342 false
[2026-09-14T09:00:00.000+00:00] yaz_kizim 102.342 false
[2026-09-14T09:15:00.000+00:00] yaz_kizim 102.342 false
[2026-09-14T09:30:00.000+00:00] yaz_kizim 102.342 false
[2026-09-14T09:45:00.000+00:00] yaz_kizim 102.342 false
[2026-09-14T10:00:00.000+00:00] yaz_kizim 102.342 false
[2026-09-14T10:15:00.000+00:00] yaz_kizim 102.342 false
[2026-09-14T10:30:00.000+00:00] yaz_kizim 102.342 false
[2026-09-14T10:45:00.000+00:00] yaz_kizim 102.342 false
[2026-09-14T11:00:00.000+00:00] yaz_kizim 102.342 false
[2026-09-14T11:15:00.000+00:00] yaz_kizim 102.342 false
[2026-09-14T11:30:00.000+00:00] yaz_kizim 102.342 false
[2026-09-14T11:45:00.000+00:00] yaz_kizim 102.342 false
[2026-09-14T12:00:00.000+00:00] yaz_kizim 102.342 false
[2026-09-14T12:15:00.000+00:00] yaz_kizim 102.342 false
[2026-09-14T12:30:00.000+00:00] yaz_kizim 102.342 false
[2026-09-14T12:45:00.000+00:00] yaz_kizim 102.342 false
[2026-09-14T13:00:00.000+00:00] yaz_kizim 102.342 false
[2026-09-14T13:15:00.000+00:00] yaz_kizim 102.342 false
[2026-09-14T13:30:00.000+00:00] yaz_kizim 102.342 false
[2026-09-14T13:45:00.000+00:00] yaz_kizim 102.342 false
[2026-09-14T14:00:00.000+00:00] yaz_kizim 102.342 false
[2026-09-14T14:15:00.000+00:00] yaz_kizim 102.342 false
[2026-09-14T14:30:00.000+00:00] yaz_kizim 102.342 false
[2026-09-14T14:45:00.000+00:00] yaz_kizim 102.342 false
[2026-09-14T15:00:00.000+00:00] yaz_kizim 102.342 false
[2026-09-14T15:15:00.000+00:00] yaz_kizim 102.342 false
[2026-09-14T15:30:00.000+00:00] yaz_kizim 102.342 false
[2026-09-14T15:45:00.000+00:00] yaz_kizim 102.342 false
[2026-09-14T16:00:00.000+00:00] yaz_kizim 102.342 false
[2026-09-14T16:15:00.000+00:00] yaz_kizim 102.342 false
[2026-09-14T16:30:00.000+00:00] yaz_kizim 102.342 true
[2026-09-14T16:45:00.000+00:00] yaz_kizim 102.342 true
[2026-09-14T17:00:00.000+00:00] yaz_kizim 102.342 true
[2026-09-14T17:15:00.000+00:00] yaz_kizim 102.342 true
[2026-09-14T17:30:00.000+00:00] yaz_kizim 102.342 true
[2026-09-14T17:45:00.000+00:00] yaz_kizim 102.342 true
[2026-09-14T18:00:00.000+00:00] yaz_kizim 102.342 true
[2026-09-14T18:15:00.000+00:00] yaz_kizim 102.342 true
[2026-09-14T18:30:00.000+00:00] yaz_kizim 102.342 true
[2026-09-14T18:45:00.000+00:00] yaz_kizim 102.342 true
[2026-09-14T19:00:00.000+00:00] yaz_kizim 102.342 true
[2026-09-14T19:15:00.000+00:00] yaz_kizim 102.342 true
[2026-09-14T19:30:00.000+00:00] yaz_kizim 102.342 true
[2026-09-14T19:45:00.000+00:00] yaz_kizim 102.342 true
[2026-09-14T20:00:00.000+00:00] yaz_kizim 102.342 true
[2026-09-14T20:15:00.000+00:00] yaz_kizim 102.342 true
[2026-09-14T20:30:00.000+00:00] yaz_kizim 102.342 true
[2026-09-14T20:45:00.000+00:00] yaz_kizim 102.342 true
[2026-09-14T21:00:00.000+00:00] yaz_kizim 102.342 true
[2026-09-14T21:15:00.000+00:00] yaz_kizim 102.342 true
[2026-09-14T21:30:00.000+00:00] yaz_kizim 102.342 true
[2026-09-14T21:45:00.000+00:00] yaz_kizim 102.342 true
[2026-09-14T22:00:00.000+00:00] yaz_kizim 102.342 true
[2026-09-14T22:15:00.000+00:00] yaz_kizim 102.342 true
[2026-09-14T22:30:00.000+00:00] yaz_kizim 102.342 true
[2026-09-14T22:45:00.000+00:00] yaz_kizim 102.342 true
[2026-09-14T23:00:00.000+00:00] yaz_kizim 102.342 true
[2026-09-14T23:15:00.000+00:00] yaz_kizim 102.342 true
[2026-09-14T23:30:00.000+00:00] yaz_kizim 102.342 true
[2026-09-14T23:45:00.000+00:00] yaz_kizim 102.342 true
[2026-09-15T00:00:00.000+00:00] yaz_kizim 102.342 true
[2026-09-15T00:15:00.000+00:00] yaz_kizim 102.342 true
[2026-09-15T00:30:00.000+00:00] yaz_kizim 102.342 true
[2026-09-15T00:45:00.000+00:00] yaz_kizim 102.342 true
[2026-09-15T01:00:00.000+00:00] yaz_kizim 102.342 true
[2026-09-15T01:15:00.000+00:00] yaz_kizim 102.342 true
[2026-09-15T01:30:00.000+00:00] yaz_kizim 102.342 true
[2026-09-15T01:45:00.000+00:00] yaz_kizim 102.342 true
[2026-09-15T02:00:00.000+00:00] yaz_kizim 102.342 true
[2026-09-15T02:15:00.000+00:00] yaz_kizim 102.342 true
[2026-09-15T02:30:00.000+00:00] yaz_kizim 102.342 true
[2026-09-15T02:45:00.000+00:00] yaz_kizim 102.342 true
[2026-09-15T03:00:00.000+00:00] yaz_kizim 102.342 true
[2026-09-15T03:15:00.000+00:00] yaz_kizim 102.342 true
[2026-09-15T03:30:00.000+00:00] yaz_kizim 102.342 true
[2026-09-15T03:45:00.000+00:00] yaz_kizim 102.342 true
[2026-09-15T04:00:00.000+00:00] yaz_kizim 102.342 true
[2026-09-15T04:15:00.000+00:00] yaz_kizim 102.342 true
[2026-09-15T04:30:00.000+00:00] yaz_kizim 102.342 true
[2026-09-15T04:45:00.000+00:00] yaz_kizim 102.342 true
[2026-09-15T05:00:00.000+00:00] yaz_kizim 102.342 true
[2026-09-15T05:15:00.000+00:00] yaz_kizim 102.342 true
[2026-09-15T05:30:00.000+00:00] yaz_kizim 102.342 true
[2026-09-15T05:45:00.000+00:00] yaz_kizim 102.342 true
[2026-09-15T06:00:00.000+00:00] yaz_kizim 102.342 true
[2026-09-15T06:15:00.000+00:00] yaz_kizim 102.342 true
[2026-09-15T06:30:00.000+00:00] yaz_kizim 102.342 true
[2026-09-15T06:45:00.000+00:00] yaz_kizim 102.342 true
[2026-09-15T07:00:00.000+00:00] yaz_kizim 102.342 true
[2026-09-15T07:15:00.000+00:00] yaz_kizim 102.342 true
[2026-09-15T07:30:00.000+00:00] yaz_kizim 102.342 true
[2026-09-15T07:45:00.000+00:00] yaz_kizim 102.342 true
[2026-09-15T08:00:00.000+00:00] yaz_kizim 102.342 true
[2026-09-15T08:15:00.000+00:00] yaz_kizim 102.342 true
[2026-09-15T08:30:00.000+00:00] yaz_kizim 102.342 true
[2026-09-15T08:45:00.000+00:00] yaz_kizim 102.342 true
[2026-09-15T09:00:00.000+00:00] yaz_kizim 102.342 true
[2026-09-15T09:15:00.000+00:00] yaz_kizim 102.342 true
[2026-09-15T09:30:00.000+00:00] yaz_kizim 102.342 true
[2026-09-15T09:45:00.000+00:00] yaz_kizim 102.342 true
[2026-09-15T10:00:00.000+00:00] yaz_kizim 102.342 true
[2026-09-15T10:15:00.000+00:00] yaz_kizim 102.342 true
[2026-09-15T10:30:00.000+00:00] yaz_kizim 102.342 true
[2026-09-15T10:45:00.000+00:00] yaz_kizim 102.342 true
[2026-09-15T11:00:00.000+00:00] yaz_kizim 102.342 true
[2026-09-15T11:15:00.000+00:00] yaz_kizim 102.342 true
[2026-09-15T11:30:00.000+00:00] yaz_kizim 102.342 true
[2026-09-15T11:45:00.000+00:00] yaz_kizim 102.342 true
[2026-09-15T12:00:00.000+00:00] yaz_kizim 102.342 true
[2026-09-15T12:15:00.000+00:00] yaz_kizim 102.342 true
[2026-09-15T12:30:00.000+00:00] yaz_kizim 102.342 true
[2026-09-15T12:45:00.000+00:00] yaz_kizim 102.342 true
[2026-09-15T13:00:00.000+00:00] yaz_kizim 102.342 true
[2026-09-15T13:15:00.000+00:00] yaz_kizim 102.342 true
[2026-09-15T13:30:00.000+00:00] yaz_kizim 102.342 true
[2026-09-15T13:45:00.000+00:00] yaz_kizim 102.342 true
[2026-09-15T14:00:00.000+00:00] yaz_kizim 102.342 true
[2026-09-15T14:15:00.000+00:00] yaz_kizim 102.342 true
[2026-09-15T14:30:00.000+00:00] yaz_kizim 104.854 false
[2026-09-15T14:45:00.000+00:00] yaz_kizim 104.854 false
[2026-09-15T15:00:00.000+00:00] yaz_kizim 104.854 false
[2026-09-15T15:15:00.000+00:00] yaz_kizim 104.854 false
[2026-09-15T15:30:00.000+00:00] yaz_kizim 104.854 false
[2026-09-15T15:45:00.000+00:00] yaz_kizim 104.854 false
[2026-09-15T16:00:00.000+00:00] yaz_kizim 104.854 false
[2026-09-15T16:15:00.000+00:00] yaz_kizim 104.854 false
[2026-09-15T16:30:00.000+00:00] yaz_kizim 104.854 false
[2026-09-15T16:45:00.000+00:00] yaz_kizim 104.854 false
[2026-09-15T17:00:00.000+00:00] yaz_kizim 104.854 false
[2026-09-15T17:15:00.000+00:00] yaz_kizim 104.854 false
[2026-09-15T17:30:00.000+00:00] yaz_kizim 104.854 false
[2026-09-15T17:45:00.000+00:00] yaz_kizim 104.854 false
[2026-09-15T18:00:00.000+00:00] yaz_kizim 104.854 false
[2026-09-15T18:15:00.000+00:00] yaz_kizim 104.854 false
[2026-09-15T18:30:00.000+00:00] yaz_kizim 104.854 false
[2026-09-15T18:45:00.000+00:00] yaz_kizim 104.854 false
[2026-09-15T19:00:00.000+00:00] yaz_kizim 104.854 false
[2026-09-15T19:15:00.000+00:00] yaz_kizim 104.854 false
[2026-09-15T19:30:00.000+00:00] yaz_kizim 104.854 false
[2026-09-15T19:45:00.000+00:00] yaz_kizim 104.854 false
[2026-09-15T20:00:00.000+00:00] yaz_kizim 104.854 false
[2026-09-15T20:15:00.000+00:00] yaz_kizim 104.854 false
[2026-09-15T20:30:00.000+00:00] yaz_kizim 104.854 false
[2026-09-15T20:45:00.000+00:00] yaz_kizim 104.854 false
[2026-09-15T21:00:00.000+00:00] yaz_kizim 104.854 false
[2026-09-15T21:15:00.000+00:00] yaz_kizim 104.854 false
[2026-09-15T21:30:00.000+00:00] yaz_kizim 104.854 false
[2026-09-15T21:45:00.000+00:00] yaz_kizim 104.854 false
[2026-09-15T22:00:00.000+00:00] yaz_kizim 104.854 false
[2026-09-15T22:15:00.000+00:00] yaz_kizim 104.854 false
[2026-09-15T22:30:00.000+00:00] yaz_kizim 104.854 false
[2026-09-15T22:45:00.000+00:00] yaz_kizim 104.854 false
[2026-09-15T23:00:00.000+00:00] yaz_kizim 104.854 false
[2026-09-15T23:15:00.000+00:00] yaz_kizim 104.854 false
[2026-09-15T23:30:00.000+00:00] yaz_kizim 104.854 false
[2026-09-15T23:45:00.000+00:00] yaz_kizim 104.854 false
[2026-09-16T00:00:00.000+00:00] yaz_kizim 104.854 false
[2026-09-16T00:15:00.000+00:00] yaz_kizim 104.854 false
[2026-09-16T00:30:00.000+00:00] yaz_kizim 104.854 false
[2026-09-16T00:45:00.000+00:00] yaz_kizim 104.854 false
[2026-09-16T01:00:00.000+00:00] yaz_kizim 104.854 false
[2026-09-16T01:15:00.000+00:00] yaz_kizim 104.854 false
[2026-09-16T01:30:00.000+00:00] yaz_kizim 104.854 false
[2026-09-16T01:45:00.000+00:00] yaz_kizim 104.854 false
[2026-09-16T02:00:00.000+00:00] yaz_kizim 104.854 false
[2026-09-16T02:15:00.000+00:00] yaz_kizim 104.854 false
[2026-09-16T02:30:00.000+00:00] yaz_kizim 104.854 false
[2026-09-16T02:45:00.000+00:00] yaz_kizim 104.854 false
[2026-09-16T03:00:00.000+00:00] yaz_kizim 104.854 false
[2026-09-16T03:15:00.000+00:00] yaz_kizim 104.854 false
[2026-09-16T03:30:00.000+00:00] yaz_kizim 104.854 false
[2026-09-16T03:45:00.000+00:00] yaz_kizim 104.854 false
[2026-09-16T04:00:00.000+00:00] yaz_kizim 104.854 false
[2026-09-16T04:15:00.000+00:00] yaz_kizim 104.854 false
[2026-09-16T04:30:00.000+00:00] yaz_kizim 104.854 false
[2026-09-16T04:45:00.000+00:00] yaz_kizim 104.854 false
[2026-09-16T05:00:00.000+00:00] yaz_kizim 104.854 false
[2026-09-16T05:15:00.000+00:00] yaz_kizim 104.854 false
[2026-09-16T05:30:00.000+00:00] yaz_kizim 104.854 false
[2026-09-16T05:45:00.000+00:00] yaz_kizim 104.854 false
[2026-09-16T06:00:00.000+00:00] yaz_kizim 104.854 false
[2026-09-16T06:15:00.000+00:00] yaz_kizim 104.854 false
[2026-09-16T06:30:00.000+00:00] yaz_kizim 104.854 false
[2026-09-16T06:45:00.000+00:00] yaz_kizim 104.854 false
[2026-09-16T07:00:00.000+00:00] yaz_kizim 104.854 false
[2026-09-16T07:15:00.000+00:00] yaz_kizim 104.854 false
[2026-09-16T07:30:00.000+00:00] yaz_kizim 104.854 false
[2026-09-16T07:45:00.000+00:00] yaz_kizim 104.854 false
[2026-09-16T08:00:00.000+00:00] yaz_kizim 104.854 false
[2026-09-16T08:15:00.000+00:00] yaz_kizim 104.854 false
[2026-09-16T08:30:00.000+00:00] yaz_kizim 104.854 false
[2026-09-16T08:45:00.000+00:00] yaz_kizim 104.854 false
[2026-09-16T09:00:00.000+00:00] yaz_kizim 104.854 false
[2026-09-16T09:15:00.000+00:00] yaz_kizim 104.854 false
[2026-09-16T09:30:00.000+00:00] yaz_kizim 104.854 false
[2026-09-16T09:45:00.000+00:00] yaz_kizim 104.854 false
[2026-09-16T10:00:00.000+00:00] yaz_kizim 97.739 false
[2026-09-16T10:15:00.000+00:00] yaz_kizim 97.739 false
[2026-09-16T10:30:00.000+00:00] yaz_kizim 97.739 false
[2026-09-16T10:45:00.000+00:00] yaz_kizim 97.739 false
[2026-09-16T11:00:00.000+00:00] yaz_kizim 97.739 false
[2026-09-16T11:15:00.000+00:00] yaz_kizim 97.739 false
[2026-09-16T11:30:00.000+00:00] yaz_kizim 97.739 false
[2026-09-16T11:45:00.000+00:00] yaz_kizim 97.739 true
[2026-09-16T12:00:00.000+00:00] yaz_kizim 97.739 true
[2026-09-16T12:15:00.000+00:00] yaz_kizim 97.739 true
[2026-09-16T12:30:00.000+00:00] yaz_kizim 97.739 true
[2026-09-16T12:45:00.000+00:00] yaz_kizim 97.739 true
[2026-09-16T13:00:00.000+00:00] yaz_kizim 97.739 true
[2026-09-16T13:15:00.000+00:00] yaz_kizim 97.739 true
[2026-09-16T13:30:00.000+00:00] yaz_kizim 97.739 true
[2026-09-16T13:45:00.000+00:00] yaz_kizim 97.739 true
[2026-09-16T14:00:00.000+00:00] yaz_kizim 97.739 true
[2026-09-16T14:15:00.000+00:00] yaz_kizim 97.739 true
[2026-09-16T14:30:00.000+00:00] yaz_kizim 97.739 true
[2026-09-16T14:45:00.000+00:00] yaz_kizim 98.324 false
[2026-09-16T15:00:00.000+00:00] yaz_kizim 98.324 false
[2026-09-16T15:15:00.000+00:00] yaz_kizim 98.324 false
[2026-09-16T15:30:00.000+00:00] yaz_kizim 98.324 false
[2026-09-16T15:45:00.000+00:00] yaz_kizim 98.324 false
[2026-09-16T16:00:00.000+00:00] yaz_kizim 98.324 false
[2026-09-16T16:15:00.000+00:00] yaz_kizim 98.324 false
[2026-09-16T16:30:00.000+00:00] yaz_kizim 98.324 false
[2026-09-16T16:45:00.000+00:00] yaz_kizim 98.324 false
[2026-09-16T17:00:00.000+00:00] yaz_kizim 98.324 false
[2026-09-16T17:15:00.000+00:00] yaz_kizim 98.324 false
[2026-09-16T17:30:00.000+00:00] yaz_kizim 98.324 false
[2026-09-16T17:45:00.000+00:00] yaz_kizim 98.324 false
[2026-09-16T18:00:00.000+00:00] yaz_kizim 98.324 false
[2026-09-16T18:15:00.000+00:00] yaz_kizim 98.324 false
[2026-09-16T18:30:00.000+00:00] yaz_kizim 98.324 true
[2026-09-16T18:45:00.000+00:00] yaz_kizim 98.324 true
[2026-09-16T19:00:00.000+00:00] yaz_kizim 98.324 true
[2026-09-16T19:15:00.000+00:00] yaz_kizim 98.324 true
[2026-09-16T19:30:00.000+00:00] yaz_kizim 98.324 true
[2026-09-16T19:45:00.000+00:00] yaz_kizim 98.324 true
[2026-09-16T20:00:00.000+00:00] yaz_kizim 98.324 true
[2026-09-16T20:15:00.000+00:00] yaz_kizim 98.324 true
[2026-09-16T20:30:00.000+00:00] yaz_kizim 98.324 true
[2026-09-16T20:45:00.000+00:00] yaz_kizim 98.324 true
[2026-09-16T21:00:00.000+00:00] yaz_kizim 98.324 true
[2026-09-16T21:15:00.000+00:00] yaz_kizim 98.324 true
[2026-09-16T21:30:00.000+00:00] yaz_kizim 98.9414 false
[2026-09-16T21:45:00.000+00:00] yaz_kizim 98.9414 false
[2026-09-16T22:00:00.000+00:00] yaz_kizim 98.9414 false
[2026-09-16T22:15:00.000+00:00] yaz_kizim 98.9414 false
[2026-09-16T22:30:00.000+00:00] yaz_kizim 98.9414 false
[2026-09-16T22:45:00.000+00:00] yaz_kizim 98.9414 false
[2026-09-16T23:00:00.000+00:00] yaz_kizim 98.9414 false
[2026-09-16T23:15:00.000+00:00] yaz_kizim 98.9414 false
[2026-09-16T23:30:00.000+00:00] yaz_kizim 98.9414 false
[2026-09-16T23:45:00.000+00:00] yaz_kizim 98.9414 false
[2026-09-17T00:00:00.000+00:00] yaz_kizim 98.9414 false
[2026-09-17T00:15:00.000+00:00] yaz_kizim 98.9414 false
[2026-09-17T00:30:00.000+00:00] yaz_kizim 98.9414 false
[2026-09-17T00:45:00.000+00:00] yaz_kizim 98.9414 false
[2026-09-17T01:00:00.000+00:00] yaz_kizim 98.9414 false
[2026-09-17T01:15:00.000+00:00] yaz_kizim 98.9414 false
[2026-09-17T01:30:00.000+00:00] yaz_kizim 98.9414 true
[2026-09-17T01:45:00.000+00:00] yaz_kizim 98.9414 true
[2026-09-17T02:00:00.000+00:00] yaz_kizim 98.9414 true
[2026-09-17T02:15:00.000+00:00] yaz_kizim 98.9414 true
[2026-09-17T02:30:00.000+00:00] yaz_kizim 98.9414 true
[2026-09-17T02:45:00.000+00:00] yaz_kizim 98.9414 true
[2026-09-17T03:00:00.000+00:00] yaz_kizim 98.9414 true
[2026-09-17T03:15:00.000+00:00] yaz_kizim 98.9414 true
[2026-09-17T03:30:00.000+00:00] yaz_kizim 98.9414 true
[2026-09-17T03:45:00.000+00:00] yaz_kizim 98.9414 true
[2026-09-17T04:00:00.000+00:00] yaz_kizim 98.9414 true
[2026-09-17T04:15:00.000+00:00] yaz_kizim 98.9414 true
[2026-09-17T04:30:00.000+00:00] yaz_kizim 98.9414 true
[2026-09-17T04:45:00.000+00:00] yaz_kizim 98.9414 true
[2026-09-17T05:00:00.000+00:00] yaz_kizim 98.9414 true
[2026-09-17T05:15:00.000+00:00] yaz_kizim 98.9414 true
[2026-09-17T05:30:00.000+00:00] yaz_kizim 98.9414 true
[2026-09-17T05:45:00.000+00:00] yaz_kizim 98.9414 true
[2026-09-17T06:00:00.000+00:00] yaz_kizim 98.9414 true
[2026-09-17T06:15:00.000+00:00] yaz_kizim 98.9414 true
[2026-09-17T06:30:00.000+00:00] yaz_kizim 98.9414 true
[2026-09-17T06:45:00.000+00:00] yaz_kizim 98.9414 true
[2026-09-17T07:00:00.000+00:00] yaz_kizim 98.9414 true
[2026-09-17T07:15:00.000+00:00] yaz_kizim 98.9414 true
[2026-09-17T07:30:00.000+00:00] yaz_kizim 98.9414 true
[2026-09-17T07:45:00.000+00:00] yaz_kizim 98.9414 true
[2026-09-17T08:00:00.000+00:00] yaz_kizim 98.9414 true
[2026-09-17T08:15:00.000+00:00] yaz_kizim 98.9414 true
[2026-09-17T08:30:00.000+00:00] yaz_kizim 98.9414 true
[2026-09-17T08:45:00.000+00:00] yaz_kizim 98.9414 true
[2026-09-17T09:00:00.000+00:00] yaz_kizim 98.9414 true
[2026-09-17T09:15:00.000+00:00] yaz_kizim 98.9414 true
[2026-09-17T09:30:00.000+00:00] yaz_kizim 98.9414 true
[2026-09-17T09:45:00.000+00:00] yaz_kizim 98.9414 true
[2026-09-17T10:00:00.000+00:00] yaz_kizim 98.9414 true
[2026-09-17T10:15:00.000+00:00] yaz_kizim 98.9414 true
[2026-09-17T10:30:00.000+00:00] yaz_kizim 98.9414 true
[2026-09-17T10:45:00.000+00:00] yaz_kizim 98.9414 true
[2026-09-17T11:00:00.000+00:00] yaz_kizim 98.9414 true
[2026-09-17T11:15:00.000+00:00] yaz_kizim 98.9414 true
[2026-09-17T11:30:00.000+00:00] yaz_kizim 98.9414 true
[2026-09-17T11:45:00.000+00:00] yaz_kizim 98.9414 true
[2026-09-17T12:00:00.000+00:00] yaz_kizim 98.9414 true
[2026-09-17T12:15:00.000+00:00] yaz_kizim 98.9414 true
[2026-09-17T12:30:00.000+00:00] yaz_kizim 98.9414 true
[2026-09-17T12:45:00.000+00:00] yaz_kizim 98.9414 true
[2026-09-17T13:00:00.000+00:00] yaz_kizim 98.9414 true
[2026-09-17T13:15:00.000+00:00] yaz_kizim 98.9414 true
[2026-09-17T13:30:00.000+00:00] yaz_kizim 98.9414 true
[2026-09-17T13:45:00.000+00:00] yaz_kizim 98.9414 true
[2026-09-17T14:00:00.000+00:00] yaz_kizim 98.9414 true
[2026-09-17T14:15:00.000+00:00] yaz_kizim 98.9414 true
[2026-09-17T14:30:00.000+00:00] yaz_kizim 98.9414 true
[2026-09-17T14:45:00.000+00:00] yaz_kizim 98.9414 true
[2026-09-17T15:00:00.000+00:00] yaz_kizim 98.9414 true
[2026-09-17T15:15:00.000+00:00] yaz_kizim 98.9414 true
[2026-09-17T15:30:00.000+00:00] yaz_kizim 98.9414 true
[2026-09-17T15:45:00.000+00:00] yaz_kizim 98.9414 true
[2026-09-17T16:00:00.000+00:00] yaz_kizim 98.9414 true
[2026-09-17T16:15:00.000+00:00] yaz_kizim 98.9414 true
[2026-09-17T16:30:00.000+00:00] yaz_kizim 98.9414 true
[2026-09-17T16:45:00.000+00:00] yaz_kizim 98.9414 true
[2026-09-17T17:00:00.000+00:00] yaz_kizim 98.9414 true
[2026-09-17T17:15:00.000+00:00] yaz_kizim 98.9414 true
[2026-09-17T17:30:00.000+00:00] yaz_kizim 98.9414 true
[2026-09-17T17:45:00.000+00:00] yaz_kizim 98.9414 true
[2026-09-17T18:00:00.000+00:00] yaz_kizim 98.9414 true
[2026-09-17T18:15:00.000+00:00] yaz_kizim 98.9414 true
[2026-09-17T18:30:00.000+00:00] yaz_kizim 98.9414 true
[2026-09-17T18:45:00.000+00:00] yaz_kizim 98.9414 true
[2026-09-17T19:00:00.000+00:00] yaz_kizim 98.9414 true
[2026-09-17T19:15:00.000+00:00] yaz_kizim 98.9414 true
[2026-09-17T19:30:00.000+00:00] yaz_kizim 98.9414 true
[2026-09-17T19:45:00.000+00:00] yaz_kizim 98.9414 true
[2026-09-17T20:00:00.000+00:00] yaz_kizim 98.9414 true
[2026-09-17T20:15:00.000+00:00] yaz_kizim 98.9414 true
[2026-09-17T20:30:00.000+00:00] yaz_kizim 98.9414 true
[2026-09-17T20:45:00.000+00:00] yaz_kizim 98.9414 true
[2026-09-17T21:00:00.000+00:00] yaz_kizim 98.9414 true
[2026-09-17T21:15:00.000+00:00] yaz_kizim 98.9414 true
[2026-09-17T21:30:00.000+00:00] yaz_kizim 98.9414 true
[2026-09-17T21:45:00.000+00:00] yaz_kizim 98.9414 true
[2026-09-17T22:00:00.000+00:00] yaz_kizim 102.0619 false
[2026-09-17T22:15:00.000+00:00] yaz_kizim 102.0619 false
[2026-09-17T22:30:00.000+00:00] yaz_kizim 102.0619 false
[2026-09-17T22:45:00.000+00:00] yaz_kizim 102.0619 false
[2026-09-17T23:00:00.000+00:00] yaz_kizim 102.0619 false
[2026-09-17T23:15:00.000+00:00] yaz_kizim 102.0619 false
[2026-09-17T23:30:00.000+00:00] yaz_kizim 102.0619 false
[2026-09-17T23:45:00.000+00:00] yaz_kizim 102.0619 false
[2026-09-18T00:00:00.000+00:00] yaz_kizim 102.0619 false
[2026-09-18T00:15:00.000+00:00] yaz_kizim 102.0619 false
[2026-09-18T00:30:00.000+00:00] yaz_kizim 102.0619 false
[2026-09-18T00:45:00.000+00:00] yaz_kizim 102.0619 false
[2026-09-18T01:00:00.000+00:00] yaz_kizim 102.0619 false
[2026-09-18T01:15:00.000+00:00] yaz_kizim 102.0619 false
[2026-09-18T01:30:00.000+00:00] yaz_kizim 102.0619 false
[2026-09-18T01:45:00.000+00:00] yaz_kizim 102.0619 true
[2026-09-18T02:00:00.000+00:00] yaz_kizim 102.0619 true
[2026-09-18T02:15:00.000+00:00] yaz_kizim 102.0619 true
[2026-09-18T02:30:00.000+00:00] yaz_kizim 102.0619 true
[2026-09-18T02:45:00.000+00:00] yaz_kizim 102.0619 true
[2026-09-18T03:00:00.000+00:00] yaz_kizim 102.0619 true
[2026-09-18T03:15:00.000+00:00] yaz_kizim 102.0619 true
[2026-09-18T03:30:00.000+00:00] yaz_kizim 102.0619 true
[2026-09-18T03:45:00.000+00:00] yaz_kizim 102.0619 true
[2026-09-18T04:00:00.000+00:00] yaz_kizim 102.0619 true
[2026-09-18T04:15:00.000+00:00] yaz_kizim 102.0619 true
[2026-09-18T04:30:00.000+00:00] yaz_kizim 102.0619 true
[2026-09-18T04:45:00.000+00:00] yaz_kizim 102.0619 true
[2026-09-18T05:00:00.000+00:00] yaz_kizim 102.0619 true
[2026-09-18T05:15:00.000+00:00] yaz_kizim 102.0619 true
[2026-09-18T05:30:00.000+00:00] yaz_kizim 102.0619 true
[2026-09-18T05:45:00.000+00:00] yaz_kizim 102.0619 true
[2026-09-18T06:00:00.000+00:00] yaz_kizim 102.0619 true
[2026-09-18T06:15:00.000+00:00] yaz_kizim 102.0619 true
[2026-09-18T06:30:00.000+00:00] yaz_kizim 102.0619 true
[2026-09-18T06:45:00.000+00:00] yaz_kizim 102.0619 true
[2026-09-18T07:00:00.000+00:00] yaz_kizim 102.0619 true
[2026-09-18T07:15:00.000+00:00] yaz_kizim 102.0619 true
[2026-09-18T07:30:00.000+00:00] yaz_kizim 102.0619 true
[2026-09-18T07:45:00.000+00:00] yaz_kizim 102.0619 true
[2026-09-18T08:00:00.000+00:00] yaz_kizim 102.0619 true
[2026-09-18T08:15:00.000+00:00] yaz_kizim 102.0619 true
[2026-09-18T08:30:00.000+00:00] yaz_kizim 102.0619 true
[2026-09-18T08:45:00.000+00:00] yaz_kizim 102.0619 true
[2026-09-18T09:00:00.000+00:00] yaz_kizim 102.0619 true
[2026-09-18T09:15:00.000+00:00] yaz_kizim 102.0619 true
[2026-09-18T09:30:00.000+00:00] yaz_kizim 102.0619 true
[2026-09-18T09:45:00.000+00:00] yaz_kizim 102.0619 true
[2026-09-18T10:00:00.000+00:00] yaz_kizim 102.0619 true
[2026-09-18T10:15:00.000+00:00] yaz_kizim 102.0619 true
[2026-09-18T10:30:00.000+00:00] yaz_kizim 102.0619 true
[2026-09-18T10:45:00.000+00:00] yaz_kizim 102.0619 true
[2026-09-18T11:00:00.000+00:00] yaz_kizim 102.0619 true
[2026-09-18T11:15:00.000+00:00] yaz_kizim 102.0619 true
[2026-09-18T11:30:00.000+00:00] yaz_kizim 102.0619 true
[2026-09-18T11:45:00.000+00:00] yaz_kizim 102.0619 true
[2026-09-18T12:00:00.000+00:00] yaz_kizim 102.0619 true
[2026-09-18T12:15:00.000+00:00] yaz_kizim 102.0619 true
[2026-09-18T12:30:00.000+00:00] yaz_kizim 102.0619 true
[2026-09-18T12:45:00.000+00:00] yaz_kizim 102.0619 true
[2026-09-18T13:00:00.000+00:00] yaz_kizim 102.0619 true
[2026-09-18T13:15:00.000+00:00] yaz_kizim 102.0619 true
[2026-09-18T13:30:00.000+00:00] yaz_kizim 102.0619 true
[2026-09-18T13:45:00.000+00:00] yaz_kizim 102.0619 true
[2026-09-18T14:00:00.000+00:00] yaz_kizim 102.0619 true
[2026-09-18T14:15:00.000+00:00] yaz_kizim 102.0619 true
[2026-09-18T14:30:00.000+00:00] yaz_kizim 102.0619 true
[2026-09-18T14:45:00.000+00:00] yaz_kizim 102.0619 true
[2026-09-18T15:00:00.000+00:00] yaz_kizim 102.0619 true
[2026-09-18T15:15:00.000+00:00] yaz_kizim 102.0619 true
[2026-09-18T15:30:00.000+00:00] yaz_kizim 102.0619 true
[2026-09-18T15:45:00.000+00:00] yaz_kizim 102.0619 true
[2026-09-18T16:00:00.000+00:00] yaz_kizim 102.0619 true
[2026-09-18T16:15:00.000+00:00] yaz_kizim 102.0619 true
[2026-09-18T16:30:00.000+00:00] yaz_kizim 102.0619 true
[2026-09-18T16:45:00.000+00:00] yaz_kizim 102.0619 true
[2026-09-18T17:00:00.000+00:00] yaz_kizim 102.0619 true
[2026-09-18T17:15:00.000+00:00] yaz_kizim 102.0619 true
[2026-09-18T17:30:00.000+00:00] yaz_kizim 102.0619 true
[2026-09-18T17:45:00.000+00:00] yaz_kizim 102.0619 true
[2026-09-18T18:00:00.000+00:00] yaz_kizim 102.0619 true
[2026-09-18T18:15:00.000+00:00] yaz_kizim 102.0619 true
[2026-09-18T18:30:00.000+00:00] yaz_kizim 102.0619 true
[2026-09-18T18:45:00.000+00:00] yaz_kizim 102.0619 true
[2026-09-18T19:00:00.000+00:00] yaz_kizim 102.0619 true
[2026-09-18T19:15:00.000+00:00] yaz_kizim 102.0619 true
[2026-09-18T19:30:00.000+00:00] yaz_kizim 102.0619 true
[2026-09-18T19:45:00.000+00:00] yaz_kizim 102.0619 true
[2026-09-18T20:00:00.000+00:00] yaz_kizim 102.0619 true
[2026-09-18T20:15:00.000+00:00] yaz_kizim 102.0619 true
[2026-09-18T20:30:00.000+00:00] yaz_kizim 102.0619 true
[2026-09-18T20:45:00.000+00:00] yaz_kizim 102.0619 true
[2026-09-18T21:00:00.000+00:00] yaz_kizim 102.0619 true
[2026-09-18T21:15:00.000+00:00] yaz_kizim 102.0619 true
[2026-09-18T21:30:00.000+00:00] yaz_kizim 102.0619 true
[2026-09-18T21:45:00.000+00:00] yaz_kizim 102.0619 true
[2026-09-18T22:00:00.000+00:00] yaz_kizim 102.0619 true
[2026-09-18T22:15:00.000+00:00] yaz_kizim 102.0619 true
[2026-09-18T22:30:00.000+00:00] yaz_kizim 102.0619 true
[2026-09-18T22:45:00.000+00:00] yaz_kizim 102.0619 true
[2026-09-18T23:00:00.000+00:00] yaz_kizim 102.0619 true
[2026-09-18T23:15:00.000+00:00] yaz_kizim 102.0619 true
[2026-09-18T23:30:00.000+00:00] yaz_kizim 102.0619 true
[2026-09-18T23:45:00.000+00:00] yaz_kizim 102.0619 true
[2026-09-19T00:00:00.000+00:00] yaz_kizim 102.0619 true
[2026-09-19T00:15:00.000+00:00] yaz_kizim 102.0619 true
[2026-09-19T00:30:00.000+00:00] yaz_kizim 102.0619 true
[2026-09-19T00:45:00.000+00:00] yaz_kizim 102.0619 true
[2026-09-19T01:00:00.000+00:00] yaz_kizim 102.0619 true
[2026-09-19T01:15:00.000+00:00] yaz_kizim 102.0619 true
[2026-09-19T01:30:00.000+00:00] yaz_kizim 102.0619 true
[2026-09-19T01:45:00.000+00:00] yaz_kizim 102.0619 true
[2026-09-19T02:00:00.000+00:00] yaz_kizim 102.0619 true
[2026-09-19T02:15:00.000+00:00] yaz_kizim 102.0619 true
[2026-09-19T02:30:00.000+00:00] yaz_kizim 102.0619 true
[2026-09-19T02:45:00.000+00:00] yaz_kizim 102.0619 true
[2026-09-19T03:00:00.000+00:00] yaz_kizim 114.368 false
[2026-09-19T03:15:00.000+00:00] yaz_kizim 114.368 false
[2026-09-19T03:30:00.000+00:00] yaz_kizim 114.368 false
[2026-09-19T03:45:00.000+00:00] yaz_kizim 114.368 false
[2026-09-19T04:00:00.000+00:00] yaz_kizim 114.368 false
[2026-09-19T04:15:00.000+00:00] yaz_kizim 114.368 false
[2026-09-19T04:30:00.000+00:00] yaz_kizim 114.368 false
[2026-09-19T04:45:00.000+00:00] yaz_kizim 114.368 false
[2026-09-19T05:00:00.000+00:00] yaz_kizim 114.368 false
[2026-09-19T05:15:00.000+00:00] yaz_kizim 114.368 false
[2026-09-19T05:30:00.000+00:00] yaz_kizim 114.368 false
[2026-09-19T05:45:00.000+00:00] yaz_kizim 114.368 false
[2026-09-19T06:00:00.000+00:00] yaz_kizim 114.368 false
[2026-09-19T06:15:00.000+00:00] yaz_kizim 114.368 false
[2026-09-19T06:30:00.000+00:00] yaz_kizim 114.368 false
[2026-09-19T06:45:00.000+00:00] yaz_kizim 114.368 false
[2026-09-19T07:00:00.000+00:00] yaz_kizim 114.368 false
[2026-09-19T07:15:00.000+00:00] yaz_kizim 114.368 false
[2026-09-19T07:30:00.000+00:00] yaz_kizim 114.368 false
[2026-09-19T07:45:00.000+00:00] yaz_kizim 114.368 false
[2026-09-19T08:00:00.000+00:00] yaz_kizim 114.368 false
[2026-09-19T08:15:00.000+00:00] yaz_kizim 114.368 false
[2026-09-19T08:30:00.000+00:00] yaz_kizim 114.368 false
[2026-09-19T08:45:00.000+00:00] yaz_kizim 114.368 false
[2026-09-19T09:00:00.000+00:00] yaz_kizim 114.368 false
[2026-09-19T09:15:00.000+00:00] yaz_kizim 114.368 false
[2026-09-19T09:30:00.000+00:00] yaz_kizim 114.368 false
[2026-09-19T09:45:00.000+00:00] yaz_kizim 114.368 false
[2026-09-19T10:00:00.000+00:00] yaz_kizim 114.368 false
[2026-09-19T10:15:00.000+00:00] yaz_kizim 114.368 false
[2026-09-19T10:30:00.000+00:00] yaz_kizim 114.368 false
[2026-09-19T10:45:00.000+00:00] yaz_kizim 114.368 false
[2026-09-19T11:00:00.000+00:00] yaz_kizim 114.368 false
[2026-09-19T11:15:00.000+00:00] yaz_kizim 114.368 false
[2026-09-19T11:30:00.000+00:00] yaz_kizim 114.368 false
[2026-09-19T11:45:00.000+00:00] yaz_kizim 114.368 false
[2026-09-19T12:00:00.000+00:00] yaz_kizim 114.368 false
[2026-09-19T12:15:00.000+00:00] yaz_kizim 114.368 false
[2026-09-19T12:30:00.000+00:00] yaz_kizim 114.368 false
[2026-09-19T12:45:00.000+00:00] yaz_kizim 114.368 false
[2026-09-19T13:00:00.000+00:00] yaz_kizim 114.368 false
[2026-09-19T13:15:00.000+00:00] yaz_kizim 114.368 false
[2026-09-19T13:30:00.000+00:00] yaz_kizim 114.368 false
[2026-09-19T13:45:00.000+00:00] yaz_kizim 114.368 false
[2026-09-19T14:00:00.000+00:00] yaz_kizim 114.368 false
[2026-09-19T14:15:00.000+00:00] yaz_kizim 114.368 false
[2026-09-19T14:30:00.000+00:00] yaz_kizim 114.368 false
[2026-09-19T14:45:00.000+00:00] yaz_kizim 114.368 false
[2026-09-19T15:00:00.000+00:00] yaz_kizim 114.368 false
[2026-09-19T15:15:00.000+00:00] yaz_kizim 114.368 false
[2026-09-19T15:30:00.000+00:00] yaz_kizim 114.368 false
[2026-09-19T15:45:00.000+00:00] yaz_kizim 114.368 false
[2026-09-19T16:00:00.000+00:00] yaz_kizim 114.368 false
[2026-09-19T16:15:00.000+00:00] yaz_kizim 114.368 false
[2026-09-19T16:30:00.000+00:00] yaz_kizim 114.368 false
[2026-09-19T16:45:00.000+00:00] yaz_kizim 114.368 false
[2026-09-19T17:00:00.000+00:00] yaz_kizim 114.368 false
[2026-09-19T17:15:00.000+00:00] yaz_kizim 114.368 false
[2026-09-19T17:30:00.000+00:00] yaz_kizim 114.368 false
[2026-09-19T17:45:00.000+00:00] yaz_kizim 114.368 false
[2026-09-19T18:00:00.000+00:00] yaz_kizim 114.368 false
[2026-09-19T18:15:00.000+00:00] yaz_kizim 114.368 false
[2026-09-19T18:30:00.000+00:00] yaz_kizim 114.368 false
[2026-09-19T18:45:00.000+00:00] yaz_kizim 114.368 false
[2026-09-19T19:00:00.000+00:00] yaz_kizim 114.368 false
[2026-09-19T19:15:00.000+00:00] yaz_kizim 114.368 false
[2026-09-19T19:30:00.000+00:00] yaz_kizim 114.368 false
[2026-09-19T19:45:00.000+00:00] yaz_kizim 114.368 false
[2026-09-19T20:00:00.000+00:00] yaz_kizim 114.368 false
[2026-09-19T20:15:00.000+00:00] yaz_kizim 114.368 false
[2026-09-19T20:30:00.000+00:00] yaz_kizim 114.368 false
[2026-09-19T20:45:00.000+00:00] yaz_kizim 112.48 false
[2026-09-19T21:00:00.000+00:00] yaz_kizim 112.48 false
[2026-09-19T21:15:00.000+00:00] yaz_kizim 112.48 false
[2026-09-19T21:30:00.000+00:00] yaz_kizim 112.48 false
[2026-09-19T21:45:00.000+00:00] yaz_kizim 112.48 false
[2026-09-19T22:00:00.000+00:00] yaz_kizim 112.48 false
[2026-09-19T22:15:00.000+00:00] yaz_kizim 112.48 false
[2026-09-19T22:30:00.000+00:00] yaz_kizim 112.48 false
[2026-09-19T22:45:00.000+00:00] yaz_kizim 112.48 false
[2026-09-19T23:00:00.000+00:00] yaz_kizim 112.48 false
[2026-09-19T23:15:00.000+00:00] yaz_kizim 112.48 false
[2026-09-19T23:30:00.000+00:00] yaz_kizim 112.48 false
[2026-09-19T23:45:00.000+00:00] yaz_kizim 112.48 false
[2026-09-20T00:00:00.000+00:00] yaz_kizim 112.48 false
[2026-09-20T00:15:00.000+00:00] yaz_kizim 112.48 false
[2026-09-20T00:30:00.000+00:00] yaz_kizim 112.48 false
[2026-09-20T00:45:00.000+00:00] yaz_kizim 112.48 false
[2026-09-20T01:00:00.000+00:00] yaz_kizim 112.48 false
[2026-09-20T01:15:00.000+00:00] yaz_kizim 112.48 false
[2026-09-20T01:30:00.000+00:00] yaz_kizim 112.48 false
[2026-09-20T01:45:00.000+00:00] yaz_kizim 112.48 false
[2026-09-20T02:00:00.000+00:00] yaz_kizim 112.48 false
[2026-09-20T02:15:00.000+00:00] yaz_kizim 112.48 false
[2026-09-20T02:30:00.000+00:00] yaz_kizim 112.48 false
[2026-09-20T02:45:00.000+00:00] yaz_kizim 112.48 false
[2026-09-20T03:00:00.000+00:00] yaz_kizim 112.48 false
[2026-09-20T03:15:00.000+00:00] yaz_kizim 112.48 false
[2026-09-20T03:30:00.000+00:00] yaz_kizim 112.48 false
[2026-09-20T03:45:00.000+00:00] yaz_kizim 112.48 false
[2026-09-20T04:00:00.000+00:00] yaz_kizim 112.48 false
[2026-09-20T04:15:00.000+00:00] yaz_kizim 112.48 false
[2026-09-20T04:30:00.000+00:00] yaz_kizim 112.48 false
[2026-09-20T04:45:00.000+00:00] yaz_kizim 112.48 false
[2026-09-20T05:00:00.000+00:00] yaz_kizim 112.48 false
[2026-09-20T05:15:00.000+00:00] yaz_kizim 112.48 false
[2026-09-20T05:30:00.000+00:00] yaz_kizim 112.48 false
[2026-09-20T05:45:00.000+00:00] yaz_kizim 112.48 false
[2026-09-20T06:00:00.000+00:00] yaz_kizim 112.48 false
[2026-09-20T06:15:00.000+00:00] yaz_kizim 112.48 false
[2026-09-20T06:30:00.000+00:00] yaz_kizim 112.48 false
[2026-09-20T06:45:00.000+00:00] yaz_kizim 112.48 false
[2026-09-20T07:00:00.000+00:00] yaz_kizim 112.48 false
[2026-09-20T07:15:00.000+00:00] yaz_kizim 112.48 false
[2026-09-20T07:30:00.000+00:00] yaz_kizim 112.48 false
[2026-09-20T07:45:00.000+00:00] yaz_kizim 112.48 false
[2026-09-20T08:00:00.000+00:00] yaz_kizim 112.48 false
[2026-09-20T08:15:00.000+00:00] yaz_kizim 112.48 false
[2026-09-20T08:30:00.000+00:00] yaz_kizim 112.48 false
[2026-09-20T08:45:00.000+00:00] yaz_kizim 112.48 false
[2026-09-20T09:00:00.000+00:00] yaz_kizim 112.48 false
[2026-09-20T09:15:00.000+00:00] yaz_kizim 112.48 false
[2026-09-20T09:30:00.000+00:00] yaz_kizim 112.48 false
[2026-09-20T09:45:00.000+00:00] yaz_kizim 112.48 false
[2026-09-20T10:00:00.000+00:00] yaz_kizim 112.48 false
[2026-09-20T10:15:00.000+00:00] yaz_kizim 112.48 false
[2026-09-20T10:30:00.000+00:00] yaz_kizim 112.48 false
[2026-09-20T10:45:00.000+00:00] yaz_kizim 112.48 false
[2026-09-20T11:00:00.000+00:00] yaz_kizim 112.48 false
[2026-09-20T11:15:00.000+00:00] yaz_kizim 112.48 false
[2026-09-20T11:30:00.000+00:00] yaz_kizim 112.48 false
[2026-09-20T11:45:00.000+00:00] yaz_kizim 112.48 false
[2026-09-20T12:00:00.000+00:00] yaz_kizim 112.48 false
[2026-09-20T12:15:00.000+00:00] yaz_kizim 112.48 false
[2026-09-20T12:30:00.000+00:00] yaz_kizim 112.48 false
[2026-09-20T12:45:00.000+00:00] yaz_kizim 112.48 false
[2026-09-20T13:00:00.000+00:00] yaz_kizim 112.48 false
[2026-09-20T13:15:00.000+00:00] yaz_kizim 112.48 false
[2026-09-20T13:30:00.000+00:00] yaz_kizim 112.48 false
[2026-09-20T13:45:00.000+00:00] yaz_kizim 112.48 false
[2026-09-20T14:00:00.000+00:00] yaz_kizim 112.48 false
[2026-09-20T14:15:00.000+00:00] yaz_kizim 112.48 false
[2026-09-20T14:30:00.000+00:00] yaz_kizim 112.48 false
[2026-09-20T14:45:00.000+00:00] yaz_kizim 112.48 false
[2026-09-20T15:00:00.000+00:00] yaz_kizim 112.48 false
[2026-09-20T15:15:00.000+00:00] yaz_kizim 112.48 false
[2026-09-20T15:30:00.000+00:00] yaz_kizim 108.885 false
[2026-09-20T15:45:00.000+00:00] yaz_kizim 108.885 false
[2026-09-20T16:00:00.000+00:00] yaz_kizim 108.885 false
[2026-09-20T16:15:00.000+00:00] yaz_kizim 108.885 false
[2026-09-20T16:30:00.000+00:00] yaz_kizim 108.885 true
[2026-09-20T16:45:00.000+00:00] yaz_kizim 108.885 true
[2026-09-20T17:00:00.000+00:00] yaz_kizim 108.885 true
[2026-09-20T17:15:00.000+00:00] yaz_kizim 108.885 true
[2026-09-20T17:30:00.000+00:00] yaz_kizim 108.885 true
[2026-09-20T17:45:00.000+00:00] yaz_kizim 108.885 true
[2026-09-20T18:00:00.000+00:00] yaz_kizim 108.885 true
[2026-09-20T18:15:00.000+00:00] yaz_kizim 108.885 true
[2026-09-20T18:30:00.000+00:00] yaz_kizim 108.885 true
[2026-09-20T18:45:00.000+00:00] yaz_kizim 108.885 true
[2026-09-20T19:00:00.000+00:00] yaz_kizim 108.885 true
[2026-09-20T19:15:00.000+00:00] yaz_kizim 108.885 true
[2026-09-20T19:30:00.000+00:00] yaz_kizim 108.885 true
[2026-09-20T19:45:00.000+00:00] yaz_kizim 108.885 true
[2026-09-20T20:00:00.000+00:00] yaz_kizim 108.885 true
[2026-09-20T20:15:00.000+00:00] yaz_kizim 108.885 true
[2026-09-20T20:30:00.000+00:00] yaz_kizim 108.885 true
[2026-09-20T20:45:00.000+00:00] yaz_kizim 108.885 true
[2026-09-20T21:00:00.000+00:00] yaz_kizim 108.885 true
[2026-09-20T21:15:00.000+00:00] yaz_kizim 108.885 true
[2026-09-20T21:30:00.000+00:00] yaz_kizim 108.885 true
[2026-09-20T21:45:00.000+00:00] yaz_kizim 108.885 true
[2026-09-20T22:00:00.000+00:00] yaz_kizim 108.885 true
[2026-09-20T22:15:00.000+00:00] yaz_kizim 108.885 true
[2026-09-20T22:30:00.000+00:00] yaz_kizim 108.885 true
[2026-09-20T22:45:00.000+00:00] yaz_kizim 108.885 true
[2026-09-20T23:00:00.000+00:00] yaz_kizim 108.885 true
[2026-09-20T23:15:00.000+00:00] yaz_kizim 108.885 true
[2026-09-20T23:30:00.000+00:00] yaz_kizim 108.885 true
[2026-09-20T23:45:00.000+00:00] yaz_kizim 108.885 true
[2026-09-21T00:00:00.000+00:00] yaz_kizim 108.885 true
[2026-09-21T00:15:00.000+00:00] yaz_kizim 108.885 true
[2026-09-21T00:30:00.000+00:00] yaz_kizim 108.885 true
[2026-09-21T00:45:00.000+00:00] yaz_kizim 108.885 true
[2026-09-21T01:00:00.000+00:00] yaz_kizim 108.885 true
[2026-09-21T01:15:00.000+00:00] yaz_kizim 108.885 true
[2026-09-21T01:30:00.000+00:00] yaz_kizim 108.885 true
[2026-09-21T01:45:00.000+00:00] yaz_kizim 108.885 true
[2026-09-21T02:00:00.000+00:00] yaz_kizim 108.885 true
[2026-09-21T02:15:00.000+00:00] yaz_kizim 108.885 true
[2026-09-21T02:30:00.000+00:00] yaz_kizim 108.885 true
[2026-09-21T02:45:00.000+00:00] yaz_kizim 108.885 true
[2026-09-21T03:00:00.000+00:00] yaz_kizim 108.885 true
[2026-09-21T03:15:00.000+00:00] yaz_kizim 108.885 true
[2026-09-21T03:30:00.000+00:00] yaz_kizim 108.885 true
[2026-09-21T03:45:00.000+00:00] yaz_kizim 108.885 true
[2026-09-21T04:00:00.000+00:00] yaz_kizim 108.885 true
[2026-09-21T04:15:00.000+00:00] yaz_kizim 108.885 true
[2026-09-21T04:30:00.000+00:00] yaz_kizim 108.885 true
[2026-09-21T04:45:00.000+00:00] yaz_kizim 108.885 true
[2026-09-21T05:00:00.000+00:00] yaz_kizim 108.885 true
[2026-09-21T05:15:00.000+00:00] yaz_kizim 108.885 true
[2026-09-21T05:30:00.000+00:00] yaz_kizim 108.885 true
[2026-09-21T05:45:00.000+00:00] yaz_kizim 108.885 true
[2026-09-21T06:00:00.000+00:00] yaz_kizim 108.885 true
[2026-09-21T06:15:00.000+00:00] yaz_kizim 108.885 true
[2026-09-21T06:30:00.000+00:00] yaz_kizim 108.885 true
[2026-09-21T06:45:00.000+00:00] yaz_kizim 108.885 true
[2026-09-21T07:00:00.000+00:00] yaz_kizim 108.885 true
[2026-09-21T07:15:00.000+00:00] yaz_kizim 108.885 true
[2026-09-21T07:30:00.000+00:00] yaz_kizim 113.437 false
[2026-09-21T07:45:00.000+00:00] yaz_kizim 113.437 false
[2026-09-21T08:00:00.000+00:00] yaz_kizim 113.437 false
[2026-09-21T08:15:00.000+00:00] yaz_kizim 113.437 false
[2026-09-21T08:30:00.000+00:00] yaz_kizim 113.437 true
[2026-09-21T08:45:00.000+00:00] yaz_kizim 113.437 true
[2026-09-21T09:00:00.000+00:00] yaz_kizim 113.437 true
[2026-09-21T09:15:00.000+00:00] yaz_kizim 113.437 true
[2026-09-21T09:30:00.000+00:00] yaz_kizim 113.437 true
[2026-09-21T09:45:00.000+00:00] yaz_kizim 113.437 true
[2026-09-21T10:00:00.000+00:00] yaz_kizim 113.437 true
[2026-09-21T10:15:00.000+00:00] yaz_kizim 113.437 true
[2026-09-21T10:30:00.000+00:00] yaz_kizim 113.437 true
[2026-09-21T10:45:00.000+00:00] yaz_kizim 113.437 true
[2026-09-21T11:00:00.000+00:00] yaz_kizim 113.437 true
[2026-09-21T11:15:00.000+00:00] yaz_kizim 113.437 true
[2026-09-21T11:30:00.000+00:00] yaz_kizim 113.437 true
[2026-09-21T11:45:00.000+00:00] yaz_kizim 113.437 true
[2026-09-21T12:00:00.000+00:00] yaz_kizim 113.437 true
[2026-09-21T12:15:00.000+00:00] yaz_kizim 113.437 true
[2026-09-21T12:30:00.000+00:00] yaz_kizim 113.437 true
[2026-09-21T12:45:00.000+00:00] yaz_kizim 113.437 true
[2026-09-21T13:00:00.000+00:00] yaz_kizim 113.437 true
[2026-09-21T13:15:00.000+00:00] yaz_kizim 113.437 true
[2026-09-21T13:30:00.000+00:00] yaz_kizim 113.437 true
[2026-09-21T13:45:00.000+00:00] yaz_kizim 113.437 true
[2026-09-21T14:00:00.000+00:00] yaz_kizim 113.437 true
[2026-09-21T14:15:00.000+00:00] yaz_kizim 113.437 true
[2026-09-21T14:30:00.000+00:00] yaz_kizim 113.437 true
[2026-09-21T14:45:00.000+00:00] yaz_kizim 113.437 true
[2026-09-21T15:00:00.000+00:00] yaz_kizim 113.437 true
[2026-09-21T15:15:00.000+00:00] yaz_kizim 113.437 true
[2026-09-21T15:30:00.000+00:00] yaz_kizim 113.437 true
[2026-09-21T15:45:00.000+00:00] yaz_kizim 113.437 true
[2026-09-21T16:00:00.000+00:00] yaz_kizim 113.437 true
[2026-09-21T16:15:00.000+00:00] yaz_kizim 113.437 true
[2026-09-21T16:30:00.000+00:00] yaz_kizim 113.437 true
[2026-09-21T16:45:00.000+00:00] yaz_kizim 113.437 true
[2026-09-21T17:00:00.000+00:00] yaz_kizim 113.437 true
[2026-09-21T17:15:00.000+00:00] yaz_kizim 113.437 true
[2026-09-21T17:30:00.000+00:00] yaz_kizim 113.437 true
[2026-09-21T17:45:00.000+00:00] yaz_kizim 113.437 true
[2026-09-21T18:00:00.000+00:00] yaz_kizim 113.437 true
[2026-09-21T18:15:00.000+00:00] yaz_kizim 113.437 true
[2026-09-21T18:30:00.000+00:00] yaz_kizim 113.437 true
[2026-09-21T18:45:00.000+00:00] yaz_kizim 113.437 true
[2026-09-21T19:00:00.000+00:00] yaz_kizim 113.437 true
[2026-09-21T19:15:00.000+00:00] yaz_kizim 113.437 true
[2026-09-21T19:30:00.000+00:00] yaz_kizim 113.437 true
[2026-09-21T19:45:00.000+00:00] yaz_kizim 113.437 true
[2026-09-21T20:00:00.000+00:00] yaz_kizim 113.437 true
[2026-09-21T20:15:00.000+00:00] yaz_kizim 113.437 true
[2026-09-21T20:30:00.000+00:00] yaz_kizim 113.437 true
[2026-09-21T20:45:00.000+00:00] yaz_kizim 113.437 true
[2026-09-21T21:00:00.000+00:00] yaz_kizim 113.437 true
[2026-09-21T21:15:00.000+00:00] yaz_kizim 113.437 true
[2026-09-21T21:30:00.000+00:00] yaz_kizim 113.437 true
[2026-09-21T21:45:00.000+00:00] yaz_kizim 113.437 true
[2026-09-21T22:00:00.000+00:00] yaz_kizim 113.437 true
[2026-09-21T22:15:00.000+00:00] yaz_kizim 113.437 true
[2026-09-21T22:30:00.000+00:00] yaz_kizim 113.437 true
[2026-09-21T22:45:00.000+00:00] yaz_kizim 113.437 true
[2026-09-21T23:00:00.000+00:00] yaz_kizim 113.437 true
[2026-09-21T23:15:00.000+00:00] yaz_kizim 113.437 true
[2026-09-21T23:30:00.000+00:00] yaz_kizim 113.437 true
[2026-09-21T23:45:00.000+00:00] yaz_kizim 113.437 true
[2026-09-22T00:00:00.000+00:00] yaz_kizim 113.437 true
[2026-09-22T00:15:00.000+00:00] yaz_kizim 120.041 false
[2026-09-22T00:30:00.000+00:00] yaz_kizim 120.041 false
[2026-09-22T00:45:00.000+00:00] yaz_kizim 120.041 false
[2026-09-22T01:00:00.000+00:00] yaz_kizim 120.041 false
[2026-09-22T01:15:00.000+00:00] yaz_kizim 120.041 false
[2026-09-22T01:30:00.000+00:00] yaz_kizim 120.041 false
[2026-09-22T01:45:00.000+00:00] yaz_kizim 120.041 false
[2026-09-22T02:00:00.000+00:00] yaz_kizim 120.041 false
inversion-fair-value-gaps-ifvg	15m	SOLUSD	47	18	-117.81	0.688	-0.131	17.08	168
market-structure-breakers	15m	SOLUSD	17	8	-38.32	0.774	-0.103	9.07	181
trend-lines	15m	SOLUSD	5	2	-37.80	0.351	-0.394	5.71	225
support-and-resistance-signals-mtf	15m	SOLUSD	37	17	-37.01	0.891	-0.037	14.41	497
fvg-sessions	15m	SOLUSD	36	21	8.65	1.028	0.023	10.23	102
elliott-wave	15m	SOLUSD	16	10	46.04	1.411	0.159	5.33	742
the-strat	15m	SOLUSD	677	173	-876.42	0.441	-0.163	87.76	1309
ict-implied-fair-value-gap-ifvg	15m	SOLUSD	28	9	-204.82	0.318	-0.412	21.66	91
imbalance-detector	15m	SOLUSD	164	65	-404.12	0.617	-0.155	46.24	399
order-block-detector	15m	SOLUSD	148	74	-206.43	0.816	-0.071	23.20	413
smart-money-concepts-smc	15m	SOLUSD	91	34	-205.04	0.682	-0.119	26.55	987
fair-value-gap	15m	SOLUSD	337	104	-756.27	0.409	-0.214	76.09	206
horns-pattern-identifier	15m	SOLUSD	34	15	-100.87	0.705	-0.149	14.00	71
trendlines-with-breaks	15m	SOLUSD	47	18	-205.78	0.574	-0.240	25.68	217
keltner-channel-trend-smc-liquidity-sweep	15m	SOLUSD	12	3	-123.15	0.249	-0.560	14.74	202
premium-and-discount-pivot-matrix	15m	SOLUSD	25	17	47.78	1.280	0.098	8.41	416
dynamic-trend-bands-anchored-vwap-signals	15m	SOLUSD	14	6	-17.75	0.883	-0.052	9.89	331
high-volume-pivot-support-resistance-zones	15m	SOLUSD	24	11	-82.29	0.671	-0.175	11.95	5153
volume-trend-order-block-engine	15m	SOLUSD	14	9	60.75	1.611	0.224	3.91	250
kinetic-momentum-vectors	15m	SOLUSD	12	7	24.35	1.250	0.117	5.15	149
institutional-displacement-volume-delta	15m	SOLUSD	56	25	-152.87	0.710	-0.139	26.41	886
session-killzones-breakouts	15m	SOLUSD	31	13	-139.02	0.563	-0.239	18.48	3801
trend-pulse	15m	SOLUSD	2	0	-38.68	0.000	-1.000	3.87	325
swing-traces	15m	SOLUSD	1090	159	-970.80	0.196	-0.184	97.09	160
volume-heatmap-divergence	15m	SOLUSD	14	5	-117.82	0.280	-0.458	11.78	269
volumatic-support-resistance-levels	15m	SOLUSD	10	2	-44.16	0.374	-0.228	6.48	271
triangular-hull-moving-average-volatility	15m	SOLUSD	21	9	-30.09	0.862	-0.059	15.23	313
volumatic-variable-index-dynamic-average	15m	SOLUSD	9	4	-44.34	0.542	-0.253	5.76	2143
half-trend-heikinashi	15m	SOLUSD	37	14	-187.57	0.519	-0.284	20.64	188
pivot-channel-breaks	15m	SOLUSD	20	8	-96.98	0.560	-0.251	12.99	222
trinity-reversal-pattern	15m	SOLUSD	45	21	-71.77	0.812	-0.071	13.87	388
smart-money-liquidation-exploits	15m	SOLUSD	44	24	10.03	1.029	0.022	12.25	459
high-volume-breakout-targets	15m	SOLUSD	9	3	-38.88	0.655	-0.206	11.27	600
liquidity-sweep-hunter-algo	15m	SOLUSD	164	66	-404.60	0.620	-0.151	48.77	1478
reversal-signals-trailing-stop	15m	SOLUSD	7	3	12.16	1.152	0.108	3.92	480
self-adaptive-trend-signals	15m	SOLUSD	29	16	58.11	1.250	0.110	11.05	1685
adaptive-smart-money-liquidity-sweep-levels	15m	SOLUSD	272	88	-666.81	0.481	-0.202	69.48	2224
machine-learning-adaptive-dmi-signals	15m	SOLUSD	86	26	-387.34	0.438	-0.289	39.05	15440
regression-trend-reversal-signals-forecasts	15m	SOLUSD	113	46	-251.12	0.713	-0.125	26.29	816
nadaraya-watson-regression-liquidity-sweeps	15m	SOLUSD	39	20	22.62	1.064	0.039	17.50	2426
volume-weighted-median-oscillator	15m	SOLUSD	129	48	-411.74	0.568	-0.204	46.82	955
dynamic-median-momentum-oscillator	15m	SOLUSD	82	33	-261.68	0.643	-0.182	30.76	732
money-flow-divergence-zones	15m	SOLUSD	19	9	-47.43	0.745	-0.122	12.43	826
breakout-targets	15m	SOLUSD	6	3	4.84	1.082	0.047	3.78	641
smart-money-volume-index	15m	SOLUSD	42	7	-210.09	0.358	-0.282	22.68	1088
swing-failure-signals	15m	SOLUSD	15	4	-136.11	0.332	-0.488	14.91	270
trend-tracer	15m	SOLUSD	55	29	55.54	1.125	0.064	21.94	408
change-in-state-of-delivery-cisd-algoalpha	15m	SOLUSD	156	48	-531.20	0.455	-0.244	57.12	501
smart-money-volume-activity	15m	SOLUSD	121	38	-415.19	0.526	-0.224	48.08	1829
high-probability-order-blocks	15m	SOLUSD	27	12	-60.05	0.771	-0.113	11.34	1193
reverse-rsi-signals	15m	SOLUSD	24	13	-38.05	0.823	-0.078	6.01	1742
zero-lag-liquidity	15m	SOLUSD	31	15	-96.68	0.653	-0.160	10.78	1478
fibonacci-entry-bands	15m	SOLUSD	116	65	144.44	1.172	0.068	18.39	927
market-structure-confluence	15m	SOLUSD	55	20	-178.04	0.613	-0.174	28.18	637
exponential-trend	15m	SOLUSD	16	7	-63.40	0.633	-0.199	10.98	490
trend-targets	15m	SOLUSD	4	3	21.06	2.043	0.268	1.94	863
liquidity-sweep-filter	15m	SOLUSD	78	40	-64.49	0.905	-0.032	26.43	6189
smart-money-breakout-signals	15m	SOLUSD	15	5	-99.53	0.458	-0.342	12.98	442
machine-learning-price-target-prediction-signals	15m	SOLUSD	6	3	-18.56	0.685	-0.142	2.89	1054
kalman-step-signals	15m	SOLUSD	37	19	-88.29	0.719	-0.118	19.78	735
support-and-resistance-non-repainting	15m	SOLUSD	14	6	-60.13	0.625	-0.212	12.98	242
reversal-signals-algoalpha	15m	SOLUSD	60	23	-245.98	0.522	-0.234	24.74	334
zero-lag-trend-signals-mtf	15m	SOLUSD	122	38	-534.39	0.416	-0.315	54.24	2585
standardized-psar-oscillator	15m	SOLUSD	49	15	-338.04	0.357	-0.419	36.02	829
hullinger-bands	15m	SOLUSD	177	48	-479.39	0.547	-0.184	49.61	912
swing-failure-zones-and-signals	15m	SOLUSD	14	7	-58.44	0.567	-0.218	7.73	277
trend-strength-signals	15m	SOLUSD	72	30	-296.11	0.548	-0.242	32.02	5587
donchian-trend-ranges	15m	SOLUSD	74	23	-282.62	0.470	-0.226	34.16	836
candlestick-reversal-and-trend-signals	15m	SOLUSD	113	48	-268.47	0.687	-0.130	30.80	2447
rolling-point-of-control-poc	15m	SOLUSD	87	32	-244.01	0.601	-0.156	30.25	3634
volumetric-fair-value-gaps	15m	SOLUSD	39	15	-223.71	0.388	-0.325	27.46	218
squeeze-momentum-oscillator	15m	SOLUSD	130	52	-362.67	0.632	-0.170	39.78	1068
adaptive-schaff-trend-cycle-stc	15m	SOLUSD	292	87	-590.48	0.577	-0.153	60.24	1018
price-action-fractal-forecasts	15m	SOLUSD	62	24	-149.67	0.676	-0.125	22.40	7759
multi-spectral-rsi-deviations	15m	SOLUSD	184	63	-508.90	0.546	-0.193	51.53	2092
ai-adaptive-money-flow-index-clustering	15m	SOLUSD	388	116	-708.50	0.432	-0.160	72.75	49888
liquidation-levels-with-liquidity-sweeps-breakouts	15m	SOLUSD	127	54	-389.47	0.540	-0.190	39.62	466
wavetrend-ribbon	15m	SOLUSD	136	65	-137.01	0.860	-0.050	30.25	895
supertrended-rsi	15m	SOLUSD	121	52	-185.41	0.796	-0.080	28.36	591
trend-continuation-signals	15m	SOLUSD	78	31	-284.07	0.587	-0.208	34.49	453
reversal-and-breakout-signals	15m	SOLUSD	86	32	-395.04	0.460	-0.290	45.77	504
standardized-median-proximity	15m	SOLUSD	197	56	-457.65	0.603	-0.156	48.33	660
median-proximity-percentile	15m	SOLUSD	173	74	-252.46	0.799	-0.081	37.13	569
amazing-oscillator-ao	15m	SOLUSD	185	63	-624.50	0.419	-0.266	62.89	414
zeiierman-bands-zeiierman	15m	SOLUSD	94	31	-436.39	0.430	-0.307	46.67	4603
smart-swing-vwap-zeiierman	15m	SOLUSD	25	15	46.54	1.255	0.100	4.61	3104
inversion-fair-value-gaps-ifvg-zeiierman	15m	SOLUSD	431	143	-683.20	0.526	-0.135	71.16	2968
change-in-state-of-delivery-cisd-zeiierman	15m	SOLUSD	331	118	-629.44	0.577	-0.150	65.11	1144
ai-source-switching-moving-average-zeiierman	15m	SOLUSD	39	13	-246.11	0.431	-0.361	28.11	9208
dynamic-price-oscillator-overlay-zeiierman	15m	SOLUSD	222	92	-524.10	0.592	-0.164	54.54	754
machine-learning-rsi-ai-classification-ranking-zeiierman	15m	SOLUSD	23	6	-209.28	0.284	-0.515	24.28	15677
ranked-support-resistance-zones-zeiierman	15m	SOLUSD	355	122	-569.35	0.614	-0.118	61.70	5185
ranked-order-block-zones-zeiierman	15m	SOLUSD	65	28	-178.81	0.688	-0.146	20.03	1495
neural-weight-oscillator-zeiierman	15m	SOLUSD	15	7	-60.41	0.603	-0.203	7.35	5349
