scanner	tf	symbol	trades	wins	pnl	pf	avgR	maxDDpct	ms
structure-anchored-vwap	15m	BTCUSD	3	3	23.24	999.000	0.392	0.00	379
amd-po3-with-live-edge-stats	15m	BTCUSD	3	3	41.38	999.000	0.688	0.00	851
strat-trap-vwap-engine	15m	BTCUSD	216	42	-644.31	0.270	-0.242	65.30	3945
reactive-trail-system	15m	BTCUSD	16	5	-138.18	0.293	-0.465	15.36	562
mirage-liquidity-sweep-pro	15m	BTCUSD	3	1	-10.58	0.555	-0.160	2.35	932
meridian-flow	15m	BTCUSD	14	8	54.07	1.534	0.203	5.79	877
synapse-trail-pro	15m	BTCUSD	13	7	-24.60	0.764	-0.092	4.30	1683
volume-weighted-s-r-zones	15m	BTCUSD	8	4	-23.23	0.698	-0.145	6.55	774
liquidity-pools-pro	15m	BTCUSD	21	9	-95.01	0.596	-0.232	13.22	1286
adaptive-fibonacci-trailing-system	15m	BTCUSD	2	1	-10.71	0.460	-0.263	1.98	1441
nexus-fusion-engine-ml	15m	BTCUSD	38	15	-73.11	0.761	-0.092	15.75	2619
self-aware-trend-system	15m	BTCUSD	46	17	-154.40	0.627	-0.176	25.54	1737
abcd-harmonic-projection	15m	BTCUSD	5	3	-5.46	0.864	-0.046	3.92	670
pulse-trend-radar	15m	BTCUSD	16	10	10.32	1.088	0.042	8.49	711
breakout-pattern-setup	15m	BTCUSD	6	2	-31.26	0.479	-0.265	5.93	759
daily-volume-profile-pro	15m	BTCUSD	1	0	-19.93	0.000	-1.000	1.99	601
fibonacci-structure-engine	15m	BTCUSD	12	3	-122.35	0.271	-0.541	12.24	972
stealthtrail-supertrend-ml-pro	15m	BTCUSD	26	14	21.57	1.129	0.047	5.51	2929
adaptive-ichimoku-nexus	15m	BTCUSD	37	13	-168.15	0.414	-0.247	17.70	2243
precision-sniper	15m	BTCUSD	26	9	-151.76	0.363	-0.316	16.01	760
smart-breakout-targets	15m	BTCUSD	1	0	-19.76	0.000	-1.000	1.98	715
adaptive-momentum-fusion	15m	BTCUSD	48	14	-124.62	0.641	-0.134	16.43	1024
swing-volume-profile-pro	15m	BTCUSD	11	2	-62.27	0.230	-0.292	7.12	857
stealthtrail-supertrend	15m	BTCUSD	29	14	-28.42	0.857	-0.046	7.85	1344
adaptive-momentum-classifier	15m	BTCUSD	9	4	24.68	1.251	0.162	9.43	659
smarttrend-pro	15m	BTCUSD	24	12	10.39	1.051	0.037	11.65	3940
ict-session-zones-sweep-signals	15m	BTCUSD	10	3	-77.88	0.329	-0.404	11.31	1081
adaptive-squeeze-momentum-pro	15m	BTCUSD	12	8	81.92	2.005	0.348	2.81	794
auto-s-r-channels	15m	BTCUSD	6	5	134.63	6.860	1.104	1.98	2202
squeeze-breakout-pro	15m	BTCUSD	10	4	17.78	1.330	0.095	4.35	730
smart-money-engine	15m	BTCUSD	18	8	-93.12	0.491	-0.265	14.41	1038
adaptive-pivot-structure	15m	BTCUSD	10	3	-94.92	0.286	-0.502	11.70	706
adaptive-volatility-trend	15m	BTCUSD	2	1	-8.08	0.589	-0.204	1.97	413
phantom-trend-cloud	15m	BTCUSD	20	10	-36.75	0.790	-0.085	9.48	585
universal-signal-backtester	15m	BTCUSD	16	5	-177.03	0.109	-0.611	17.70	546
ultimate-opening-range-breakout	15m	BTCUSD	18	8	-83.71	0.561	-0.240	10.89	519
inertial-rsi	15m	BTCUSD	11	7	28.98	1.360	0.139	3.93	405
knn-supertrend-horizon	15m	BTCUSD	79	40	-93.19	0.842	-0.055	19.85	2486
omni-flow-consensus	15m	BTCUSD	6	4	1.27	1.032	0.017	3.14	350
htf-reversal-divergences	15m	BTCUSD	57	24	-163.38	0.550	-0.156	17.74	345
luminance-breakout-engine	15m	BTCUSD	34	12	-195.77	0.387	-0.320	23.29	318
volume-energy-reservoirs	15m	BTCUSD	22	9	-50.71	0.732	-0.111	9.41	200
change-point-detection-cusum	15m	BTCUSD	13	6	-38.23	0.716	-0.142	6.96	126
cbc-flip-with-targets-and-filters	15m	BTCUSD	102	22	-374.50	0.411	-0.228	39.99	301
power-hour-breakout-signals	15m	BTCUSD	20	9	-95.74	0.514	-0.250	11.83	401
initial-balance-breakout-signals	15m	BTCUSD	18	5	-111.51	0.507	-0.317	19.09	464
[2026-09-06T11:30:00.000+00:00] gatherStats
[2026-09-06T11:45:00.000+00:00] gatherStats
[2026-09-06T12:00:00.000+00:00] gatherStats
[2026-09-06T12:15:00.000+00:00] gatherStats
[2026-09-06T12:30:00.000+00:00] gatherStats
[2026-09-06T12:45:00.000+00:00] gatherStats
[2026-09-06T13:00:00.000+00:00] gatherStats
[2026-09-06T13:15:00.000+00:00] gatherStats
[2026-09-06T13:30:00.000+00:00] gatherStats
[2026-09-06T13:45:00.000+00:00] gatherStats
[2026-09-06T14:00:00.000+00:00] gatherStats
[2026-09-06T14:15:00.000+00:00] gatherStats
[2026-09-06T14:30:00.000+00:00] gatherStats
[2026-09-06T14:45:00.000+00:00] gatherStats
[2026-09-06T15:00:00.000+00:00] gatherStats
[2026-09-06T15:15:00.000+00:00] gatherStats
[2026-09-06T15:30:00.000+00:00] gatherStats
[2026-09-06T15:45:00.000+00:00] gatherStats
[2026-09-06T16:00:00.000+00:00] gatherStats
[2026-09-06T16:15:00.000+00:00] gatherStats
[2026-09-06T16:30:00.000+00:00] gatherStats
[2026-09-06T16:45:00.000+00:00] gatherStats
[2026-09-06T17:00:00.000+00:00] gatherStats
[2026-09-06T17:15:00.000+00:00] gatherStats
[2026-09-06T17:30:00.000+00:00] gatherStats
[2026-09-06T17:45:00.000+00:00] gatherStats
[2026-09-06T18:00:00.000+00:00] gatherStats
[2026-09-06T18:15:00.000+00:00] gatherStats
[2026-09-06T18:30:00.000+00:00] gatherStats
[2026-09-06T18:45:00.000+00:00] gatherStats
[2026-09-06T19:00:00.000+00:00] gatherStats
[2026-09-06T19:15:00.000+00:00] gatherStats
[2026-09-06T19:30:00.000+00:00] gatherStats
[2026-09-06T19:45:00.000+00:00] gatherStats
[2026-09-06T20:00:00.000+00:00] gatherStats
[2026-09-06T20:15:00.000+00:00] gatherStats
[2026-09-06T20:30:00.000+00:00] gatherStats
[2026-09-06T20:45:00.000+00:00] gatherStats
[2026-09-06T21:00:00.000+00:00] gatherStats
[2026-09-06T21:15:00.000+00:00] gatherStats
[2026-09-06T21:30:00.000+00:00] gatherStats
[2026-09-06T21:45:00.000+00:00] gatherStats
[2026-09-06T22:00:00.000+00:00] gatherStats
[2026-09-06T22:15:00.000+00:00] gatherStats
[2026-09-06T22:30:00.000+00:00] gatherStats
[2026-09-06T22:45:00.000+00:00] gatherStats
[2026-09-06T23:00:00.000+00:00] gatherStats
[2026-09-06T23:15:00.000+00:00] gatherStats
[2026-09-06T23:30:00.000+00:00] gatherStats
[2026-09-06T23:45:00.000+00:00] gatherStats
[2026-09-07T00:00:00.000+00:00] gatherStats
[2026-09-07T00:15:00.000+00:00] gatherStats
[2026-09-07T00:30:00.000+00:00] gatherStats
[2026-09-07T00:45:00.000+00:00] gatherStats
[2026-09-07T01:00:00.000+00:00] gatherStats
[2026-09-07T01:15:00.000+00:00] gatherStats
[2026-09-07T01:30:00.000+00:00] gatherStats
[2026-09-07T01:45:00.000+00:00] gatherStats
[2026-09-07T02:00:00.000+00:00] gatherStats
[2026-09-07T02:15:00.000+00:00] gatherStats
[2026-09-07T02:30:00.000+00:00] gatherStats
[2026-09-07T02:45:00.000+00:00] gatherStats
[2026-09-07T03:00:00.000+00:00] gatherStats
[2026-09-07T03:15:00.000+00:00] gatherStats
[2026-09-07T03:30:00.000+00:00] gatherStats
[2026-09-07T03:45:00.000+00:00] gatherStats
[2026-09-07T04:00:00.000+00:00] gatherStats
[2026-09-07T04:15:00.000+00:00] gatherStats
[2026-09-07T04:30:00.000+00:00] gatherStats
[2026-09-07T04:45:00.000+00:00] gatherStats
[2026-09-07T05:00:00.000+00:00] gatherStats
[2026-09-07T05:15:00.000+00:00] gatherStats
[2026-09-07T05:30:00.000+00:00] gatherStats
[2026-09-07T05:45:00.000+00:00] gatherStats
[2026-09-07T06:00:00.000+00:00] gatherStats
[2026-09-07T06:15:00.000+00:00] gatherStats
[2026-09-07T06:30:00.000+00:00] gatherStats
[2026-09-07T06:45:00.000+00:00] gatherStats
[2026-09-07T07:00:00.000+00:00] gatherStats
[2026-09-07T07:15:00.000+00:00] gatherStats
[2026-09-07T07:30:00.000+00:00] gatherStats
[2026-09-07T07:45:00.000+00:00] gatherStats
[2026-09-07T08:00:00.000+00:00] gatherStats
[2026-09-07T08:15:00.000+00:00] gatherStats
[2026-09-07T08:30:00.000+00:00] gatherStats
[2026-09-07T08:45:00.000+00:00] gatherStats
[2026-09-07T09:00:00.000+00:00] gatherStats
[2026-09-07T09:15:00.000+00:00] gatherStats
[2026-09-07T09:30:00.000+00:00] gatherStats
[2026-09-07T09:45:00.000+00:00] gatherStats
[2026-09-07T10:00:00.000+00:00] gatherStats
[2026-09-07T10:15:00.000+00:00] gatherStats
[2026-09-07T10:30:00.000+00:00] gatherStats
[2026-09-07T10:45:00.000+00:00] gatherStats
[2026-09-07T11:00:00.000+00:00] gatherStats
[2026-09-07T11:15:00.000+00:00] gatherStats
[2026-09-07T11:30:00.000+00:00] gatherStats
[2026-09-07T11:45:00.000+00:00] gatherStats
[2026-09-07T12:00:00.000+00:00] gatherStats
[2026-09-07T12:15:00.000+00:00] gatherStats
[2026-09-07T12:30:00.000+00:00] gatherStats
[2026-09-07T12:45:00.000+00:00] gatherStats
[2026-09-07T13:00:00.000+00:00] gatherStats
[2026-09-07T13:15:00.000+00:00] gatherStats
[2026-09-07T13:30:00.000+00:00] gatherStats
[2026-09-07T13:45:00.000+00:00] gatherStats
[2026-09-07T14:00:00.000+00:00] gatherStats
[2026-09-07T14:15:00.000+00:00] gatherStats
[2026-09-07T14:30:00.000+00:00] gatherStats
[2026-09-07T14:45:00.000+00:00] gatherStats
[2026-09-07T15:00:00.000+00:00] gatherStats
[2026-09-07T15:15:00.000+00:00] gatherStats
[2026-09-07T15:30:00.000+00:00] gatherStats
[2026-09-07T15:45:00.000+00:00] gatherStats
[2026-09-07T16:00:00.000+00:00] gatherStats
[2026-09-07T16:15:00.000+00:00] gatherStats
[2026-09-07T16:30:00.000+00:00] gatherStats
[2026-09-07T16:45:00.000+00:00] gatherStats
[2026-09-07T17:00:00.000+00:00] gatherStats
[2026-09-07T17:15:00.000+00:00] gatherStats
[2026-09-07T17:30:00.000+00:00] gatherStats
[2026-09-07T17:45:00.000+00:00] gatherStats
[2026-09-07T18:00:00.000+00:00] gatherStats
[2026-09-07T18:15:00.000+00:00] gatherStats
[2026-09-07T18:30:00.000+00:00] gatherStats
[2026-09-07T18:45:00.000+00:00] gatherStats
[2026-09-07T19:00:00.000+00:00] gatherStats
[2026-09-07T19:15:00.000+00:00] gatherStats
[2026-09-07T19:30:00.000+00:00] gatherStats
[2026-09-07T19:45:00.000+00:00] gatherStats
[2026-09-07T20:00:00.000+00:00] gatherStats
[2026-09-07T20:15:00.000+00:00] gatherStats
[2026-09-07T20:30:00.000+00:00] gatherStats
[2026-09-07T20:45:00.000+00:00] gatherStats
[2026-09-07T21:00:00.000+00:00] gatherStats
[2026-09-07T21:15:00.000+00:00] gatherStats
[2026-09-07T21:30:00.000+00:00] gatherStats
[2026-09-07T21:45:00.000+00:00] gatherStats
[2026-09-07T22:00:00.000+00:00] gatherStats
[2026-09-07T22:15:00.000+00:00] gatherStats
[2026-09-07T22:30:00.000+00:00] gatherStats
[2026-09-07T22:45:00.000+00:00] gatherStats
[2026-09-07T23:00:00.000+00:00] gatherStats
[2026-09-07T23:15:00.000+00:00] gatherStats
[2026-09-07T23:30:00.000+00:00] gatherStats
[2026-09-07T23:45:00.000+00:00] gatherStats
[2026-09-08T00:00:00.000+00:00] gatherStats
[2026-09-08T00:15:00.000+00:00] gatherStats
[2026-09-08T00:30:00.000+00:00] gatherStats
[2026-09-08T00:45:00.000+00:00] gatherStats
[2026-09-08T01:00:00.000+00:00] gatherStats
[2026-09-08T01:15:00.000+00:00] gatherStats
[2026-09-08T01:30:00.000+00:00] gatherStats
[2026-09-08T01:45:00.000+00:00] gatherStats
[2026-09-08T02:00:00.000+00:00] gatherStats
[2026-09-08T02:15:00.000+00:00] gatherStats
[2026-09-08T02:30:00.000+00:00] gatherStats
[2026-09-08T02:45:00.000+00:00] gatherStats
[2026-09-08T03:00:00.000+00:00] gatherStats
[2026-09-08T03:15:00.000+00:00] gatherStats
[2026-09-08T03:30:00.000+00:00] gatherStats
[2026-09-08T03:45:00.000+00:00] gatherStats
[2026-09-08T04:00:00.000+00:00] gatherStats
[2026-09-08T04:15:00.000+00:00] gatherStats
[2026-09-08T04:30:00.000+00:00] gatherStats
[2026-09-08T04:45:00.000+00:00] gatherStats
[2026-09-08T05:00:00.000+00:00] gatherStats
[2026-09-08T05:15:00.000+00:00] gatherStats
[2026-09-08T05:30:00.000+00:00] gatherStats
[2026-09-08T05:45:00.000+00:00] gatherStats
[2026-09-08T06:00:00.000+00:00] gatherStats
[2026-09-08T06:15:00.000+00:00] gatherStats
[2026-09-08T06:30:00.000+00:00] gatherStats
[2026-09-08T06:45:00.000+00:00] gatherStats
[2026-09-08T07:00:00.000+00:00] gatherStats
[2026-09-08T07:15:00.000+00:00] gatherStats
[2026-09-08T07:30:00.000+00:00] gatherStats
[2026-09-08T07:45:00.000+00:00] gatherStats
[2026-09-08T08:00:00.000+00:00] gatherStats
[2026-09-08T08:15:00.000+00:00] gatherStats
[2026-09-08T08:30:00.000+00:00] gatherStats
[2026-09-08T08:45:00.000+00:00] gatherStats
[2026-09-08T09:00:00.000+00:00] gatherStats
[2026-09-08T09:15:00.000+00:00] gatherStats
[2026-09-08T09:30:00.000+00:00] gatherStats
[2026-09-08T09:45:00.000+00:00] gatherStats
[2026-09-08T10:00:00.000+00:00] gatherStats
[2026-09-08T10:15:00.000+00:00] gatherStats
[2026-09-08T10:30:00.000+00:00] gatherStats
[2026-09-08T10:45:00.000+00:00] gatherStats
[2026-09-08T11:00:00.000+00:00] gatherStats
[2026-09-08T11:15:00.000+00:00] gatherStats
[2026-09-08T11:30:00.000+00:00] gatherStats
[2026-09-08T11:45:00.000+00:00] gatherStats
[2026-09-08T12:00:00.000+00:00] gatherStats
[2026-09-08T12:15:00.000+00:00] gatherStats
[2026-09-08T12:30:00.000+00:00] gatherStats
[2026-09-08T12:45:00.000+00:00] gatherStats
[2026-09-08T13:00:00.000+00:00] gatherStats
[2026-09-08T13:15:00.000+00:00] gatherStats
[2026-09-08T13:30:00.000+00:00] gatherStats
[2026-09-08T13:45:00.000+00:00] gatherStats
[2026-09-08T14:00:00.000+00:00] gatherStats
[2026-09-08T14:15:00.000+00:00] gatherStats
[2026-09-08T14:30:00.000+00:00] gatherStats
[2026-09-08T14:45:00.000+00:00] gatherStats
[2026-09-08T15:00:00.000+00:00] gatherStats
[2026-09-08T15:15:00.000+00:00] gatherStats
[2026-09-08T15:30:00.000+00:00] gatherStats
[2026-09-08T15:45:00.000+00:00] gatherStats
[2026-09-08T16:00:00.000+00:00] gatherStats
[2026-09-08T16:15:00.000+00:00] gatherStats
[2026-09-08T16:30:00.000+00:00] gatherStats
[2026-09-08T16:45:00.000+00:00] gatherStats
[2026-09-08T17:00:00.000+00:00] gatherStats
[2026-09-08T17:15:00.000+00:00] gatherStats
[2026-09-08T17:30:00.000+00:00] gatherStats
[2026-09-08T17:45:00.000+00:00] gatherStats
[2026-09-08T18:00:00.000+00:00] gatherStats
[2026-09-08T18:15:00.000+00:00] gatherStats
[2026-09-08T18:30:00.000+00:00] gatherStats
[2026-09-08T18:45:00.000+00:00] gatherStats
[2026-09-08T19:00:00.000+00:00] gatherStats
[2026-09-08T19:15:00.000+00:00] gatherStats
[2026-09-08T19:30:00.000+00:00] gatherStats
[2026-09-08T19:45:00.000+00:00] gatherStats
[2026-09-08T20:00:00.000+00:00] gatherStats
[2026-09-08T20:15:00.000+00:00] gatherStats
[2026-09-08T20:30:00.000+00:00] gatherStats
[2026-09-08T20:45:00.000+00:00] gatherStats
[2026-09-08T21:00:00.000+00:00] gatherStats
[2026-09-08T21:15:00.000+00:00] gatherStats
[2026-09-08T21:30:00.000+00:00] gatherStats
[2026-09-08T21:45:00.000+00:00] gatherStats
[2026-09-08T22:00:00.000+00:00] gatherStats
[2026-09-08T22:15:00.000+00:00] gatherStats
[2026-09-08T22:30:00.000+00:00] gatherStats
[2026-09-08T22:45:00.000+00:00] gatherStats
[2026-09-08T23:00:00.000+00:00] gatherStats
[2026-09-08T23:15:00.000+00:00] gatherStats
[2026-09-08T23:30:00.000+00:00] gatherStats
[2026-09-08T23:45:00.000+00:00] gatherStats
[2026-09-09T00:00:00.000+00:00] gatherStats
[2026-09-09T00:15:00.000+00:00] gatherStats
[2026-09-09T00:30:00.000+00:00] gatherStats
[2026-09-09T00:45:00.000+00:00] gatherStats
[2026-09-09T01:00:00.000+00:00] gatherStats
[2026-09-09T01:15:00.000+00:00] gatherStats
[2026-09-09T01:30:00.000+00:00] gatherStats
[2026-09-09T01:45:00.000+00:00] gatherStats
[2026-09-09T02:00:00.000+00:00] gatherStats
[2026-09-09T02:15:00.000+00:00] gatherStats
[2026-09-09T02:30:00.000+00:00] gatherStats
[2026-09-09T02:45:00.000+00:00] gatherStats
[2026-09-09T03:00:00.000+00:00] gatherStats
[2026-09-09T03:15:00.000+00:00] gatherStats
[2026-09-09T03:30:00.000+00:00] gatherStats
[2026-09-09T03:45:00.000+00:00] gatherStats
[2026-09-09T04:00:00.000+00:00] gatherStats
[2026-09-09T04:15:00.000+00:00] gatherStats
[2026-09-09T04:30:00.000+00:00] gatherStats
[2026-09-09T04:45:00.000+00:00] gatherStats
[2026-09-09T05:00:00.000+00:00] gatherStats
[2026-09-09T05:15:00.000+00:00] gatherStats
[2026-09-09T05:30:00.000+00:00] gatherStats
[2026-09-09T05:45:00.000+00:00] gatherStats
[2026-09-09T06:00:00.000+00:00] gatherStats
[2026-09-09T06:15:00.000+00:00] gatherStats
[2026-09-09T06:30:00.000+00:00] gatherStats
[2026-09-09T06:45:00.000+00:00] gatherStats
[2026-09-09T07:00:00.000+00:00] gatherStats
[2026-09-09T07:15:00.000+00:00] gatherStats
[2026-09-09T07:30:00.000+00:00] gatherStats
[2026-09-09T07:45:00.000+00:00] gatherStats
[2026-09-09T08:00:00.000+00:00] gatherStats
[2026-09-09T08:15:00.000+00:00] gatherStats
[2026-09-09T08:30:00.000+00:00] gatherStats
[2026-09-09T08:45:00.000+00:00] gatherStats
[2026-09-09T09:00:00.000+00:00] gatherStats
[2026-09-09T09:15:00.000+00:00] gatherStats
[2026-09-09T09:30:00.000+00:00] gatherStats
[2026-09-09T09:45:00.000+00:00] gatherStats
[2026-09-09T10:00:00.000+00:00] gatherStats
[2026-09-09T10:15:00.000+00:00] gatherStats
[2026-09-09T10:30:00.000+00:00] gatherStats
[2026-09-09T10:45:00.000+00:00] gatherStats
[2026-09-09T11:00:00.000+00:00] gatherStats
[2026-09-09T11:15:00.000+00:00] gatherStats
[2026-09-09T11:30:00.000+00:00] gatherStats
[2026-09-09T11:45:00.000+00:00] gatherStats
[2026-09-09T12:00:00.000+00:00] gatherStats
[2026-09-09T12:15:00.000+00:00] gatherStats
[2026-09-09T12:30:00.000+00:00] gatherStats
[2026-09-09T12:45:00.000+00:00] gatherStats
[2026-09-09T13:00:00.000+00:00] gatherStats
[2026-09-09T13:15:00.000+00:00] gatherStats
[2026-09-09T13:30:00.000+00:00] gatherStats
[2026-09-09T13:45:00.000+00:00] gatherStats
[2026-09-09T14:00:00.000+00:00] gatherStats
[2026-09-09T14:15:00.000+00:00] gatherStats
[2026-09-09T14:30:00.000+00:00] gatherStats
[2026-09-09T14:45:00.000+00:00] gatherStats
[2026-09-09T15:00:00.000+00:00] gatherStats
[2026-09-09T15:15:00.000+00:00] gatherStats
[2026-09-09T15:30:00.000+00:00] gatherStats
[2026-09-09T15:45:00.000+00:00] gatherStats
[2026-09-09T16:00:00.000+00:00] gatherStats
[2026-09-09T16:15:00.000+00:00] gatherStats
[2026-09-09T16:30:00.000+00:00] gatherStats
[2026-09-09T16:45:00.000+00:00] gatherStats
[2026-09-09T17:00:00.000+00:00] gatherStats
[2026-09-09T17:15:00.000+00:00] gatherStats
[2026-09-09T17:30:00.000+00:00] gatherStats
[2026-09-09T17:45:00.000+00:00] gatherStats
[2026-09-09T18:00:00.000+00:00] gatherStats
[2026-09-09T18:15:00.000+00:00] gatherStats
[2026-09-09T18:30:00.000+00:00] gatherStats
[2026-09-09T18:45:00.000+00:00] gatherStats
[2026-09-09T19:00:00.000+00:00] gatherStats
[2026-09-09T19:15:00.000+00:00] gatherStats
[2026-09-09T19:30:00.000+00:00] gatherStats
[2026-09-09T19:45:00.000+00:00] gatherStats
[2026-09-09T20:00:00.000+00:00] gatherStats
[2026-09-09T20:15:00.000+00:00] gatherStats
[2026-09-09T20:30:00.000+00:00] gatherStats
[2026-09-09T20:45:00.000+00:00] gatherStats
[2026-09-09T21:00:00.000+00:00] gatherStats
[2026-09-09T21:15:00.000+00:00] gatherStats
[2026-09-09T21:30:00.000+00:00] gatherStats
[2026-09-09T21:45:00.000+00:00] gatherStats
[2026-09-09T22:00:00.000+00:00] gatherStats
[2026-09-09T22:15:00.000+00:00] gatherStats
[2026-09-09T22:30:00.000+00:00] gatherStats
[2026-09-09T22:45:00.000+00:00] gatherStats
[2026-09-09T23:00:00.000+00:00] gatherStats
[2026-09-09T23:15:00.000+00:00] gatherStats
[2026-09-09T23:30:00.000+00:00] gatherStats
[2026-09-09T23:45:00.000+00:00] gatherStats
[2026-09-10T00:00:00.000+00:00] gatherStats
[2026-09-10T00:15:00.000+00:00] gatherStats
[2026-09-10T00:30:00.000+00:00] gatherStats
[2026-09-10T00:45:00.000+00:00] gatherStats
[2026-09-10T01:00:00.000+00:00] gatherStats
[2026-09-10T01:15:00.000+00:00] gatherStats
[2026-09-10T01:30:00.000+00:00] gatherStats
[2026-09-10T01:45:00.000+00:00] gatherStats
[2026-09-10T02:00:00.000+00:00] gatherStats
[2026-09-10T02:15:00.000+00:00] gatherStats
[2026-09-10T02:30:00.000+00:00] gatherStats
[2026-09-10T02:45:00.000+00:00] gatherStats
[2026-09-10T03:00:00.000+00:00] gatherStats
[2026-09-10T03:15:00.000+00:00] gatherStats
[2026-09-10T03:30:00.000+00:00] gatherStats
[2026-09-10T03:45:00.000+00:00] gatherStats
[2026-09-10T04:00:00.000+00:00] gatherStats
[2026-09-10T04:15:00.000+00:00] gatherStats
[2026-09-10T04:30:00.000+00:00] gatherStats
[2026-09-10T04:45:00.000+00:00] gatherStats
[2026-09-10T05:00:00.000+00:00] gatherStats
[2026-09-10T05:15:00.000+00:00] gatherStats
[2026-09-10T05:30:00.000+00:00] gatherStats
[2026-09-10T05:45:00.000+00:00] gatherStats
[2026-09-10T06:00:00.000+00:00] gatherStats
[2026-09-10T06:15:00.000+00:00] gatherStats
[2026-09-10T06:30:00.000+00:00] gatherStats
[2026-09-10T06:45:00.000+00:00] gatherStats
[2026-09-10T07:00:00.000+00:00] gatherStats
[2026-09-10T07:15:00.000+00:00] gatherStats
[2026-09-10T07:30:00.000+00:00] gatherStats
[2026-09-10T07:45:00.000+00:00] gatherStats
[2026-09-10T08:00:00.000+00:00] gatherStats
[2026-09-10T08:15:00.000+00:00] gatherStats
[2026-09-10T08:30:00.000+00:00] gatherStats
[2026-09-10T08:45:00.000+00:00] gatherStats
[2026-09-10T09:00:00.000+00:00] gatherStats
[2026-09-10T09:15:00.000+00:00] gatherStats
[2026-09-10T09:30:00.000+00:00] gatherStats
[2026-09-10T09:45:00.000+00:00] gatherStats
[2026-09-10T10:00:00.000+00:00] gatherStats
[2026-09-10T10:15:00.000+00:00] gatherStats
[2026-09-10T10:30:00.000+00:00] gatherStats
[2026-09-10T10:45:00.000+00:00] gatherStats
[2026-09-10T11:00:00.000+00:00] gatherStats
[2026-09-10T11:15:00.000+00:00] gatherStats
[2026-09-10T11:30:00.000+00:00] gatherStats
[2026-09-10T11:45:00.000+00:00] gatherStats
[2026-09-10T12:00:00.000+00:00] gatherStats
[2026-09-10T12:15:00.000+00:00] gatherStats
[2026-09-10T12:30:00.000+00:00] gatherStats
[2026-09-10T12:45:00.000+00:00] gatherStats
[2026-09-10T13:00:00.000+00:00] gatherStats
[2026-09-10T13:15:00.000+00:00] gatherStats
[2026-09-10T13:30:00.000+00:00] gatherStats
[2026-09-10T13:45:00.000+00:00] gatherStats
[2026-09-10T14:00:00.000+00:00] gatherStats
[2026-09-10T14:15:00.000+00:00] gatherStats
[2026-09-10T14:30:00.000+00:00] gatherStats
[2026-09-10T14:45:00.000+00:00] gatherStats
[2026-09-10T15:00:00.000+00:00] gatherStats
[2026-09-10T15:15:00.000+00:00] gatherStats
[2026-09-10T15:30:00.000+00:00] gatherStats
[2026-09-10T15:45:00.000+00:00] gatherStats
[2026-09-10T16:00:00.000+00:00] gatherStats
[2026-09-10T16:15:00.000+00:00] gatherStats
[2026-09-10T16:30:00.000+00:00] gatherStats
[2026-09-10T16:45:00.000+00:00] gatherStats
[2026-09-10T17:00:00.000+00:00] gatherStats
[2026-09-10T17:15:00.000+00:00] gatherStats
[2026-09-10T17:30:00.000+00:00] gatherStats
[2026-09-10T17:45:00.000+00:00] gatherStats
[2026-09-10T18:00:00.000+00:00] gatherStats
[2026-09-10T18:15:00.000+00:00] gatherStats
[2026-09-10T18:30:00.000+00:00] gatherStats
[2026-09-10T18:45:00.000+00:00] gatherStats
[2026-09-10T19:00:00.000+00:00] gatherStats
[2026-09-10T19:15:00.000+00:00] gatherStats
[2026-09-10T19:30:00.000+00:00] gatherStats
[2026-09-10T19:45:00.000+00:00] gatherStats
[2026-09-10T20:00:00.000+00:00] gatherStats
[2026-09-10T20:15:00.000+00:00] gatherStats
[2026-09-10T20:30:00.000+00:00] gatherStats
[2026-09-10T20:45:00.000+00:00] gatherStats
[2026-09-10T21:00:00.000+00:00] gatherStats
[2026-09-10T21:15:00.000+00:00] gatherStats
[2026-09-10T21:30:00.000+00:00] gatherStats
[2026-09-10T21:45:00.000+00:00] gatherStats
[2026-09-10T22:00:00.000+00:00] gatherStats
[2026-09-10T22:15:00.000+00:00] gatherStats
[2026-09-10T22:30:00.000+00:00] gatherStats
[2026-09-10T22:45:00.000+00:00] gatherStats
[2026-09-10T23:00:00.000+00:00] gatherStats
[2026-09-10T23:15:00.000+00:00] gatherStats
[2026-09-10T23:30:00.000+00:00] gatherStats
[2026-09-10T23:45:00.000+00:00] gatherStats
[2026-09-11T00:00:00.000+00:00] gatherStats
[2026-09-11T00:15:00.000+00:00] gatherStats
[2026-09-11T00:30:00.000+00:00] gatherStats
[2026-09-11T00:45:00.000+00:00] gatherStats
[2026-09-11T01:00:00.000+00:00] gatherStats
[2026-09-11T01:15:00.000+00:00] gatherStats
[2026-09-11T01:30:00.000+00:00] gatherStats
[2026-09-11T01:45:00.000+00:00] gatherStats
[2026-09-11T02:00:00.000+00:00] gatherStats
[2026-09-11T02:15:00.000+00:00] gatherStats
[2026-09-11T02:30:00.000+00:00] gatherStats
[2026-09-11T02:45:00.000+00:00] gatherStats
[2026-09-11T03:00:00.000+00:00] gatherStats
[2026-09-11T03:15:00.000+00:00] gatherStats
[2026-09-11T03:30:00.000+00:00] gatherStats
[2026-09-11T03:45:00.000+00:00] gatherStats
[2026-09-11T04:00:00.000+00:00] gatherStats
[2026-09-11T04:15:00.000+00:00] gatherStats
[2026-09-11T04:30:00.000+00:00] gatherStats
[2026-09-11T04:45:00.000+00:00] gatherStats
[2026-09-11T05:00:00.000+00:00] gatherStats
[2026-09-11T05:15:00.000+00:00] gatherStats
[2026-09-11T05:30:00.000+00:00] gatherStats
[2026-09-11T05:45:00.000+00:00] gatherStats
[2026-09-11T06:00:00.000+00:00] gatherStats
[2026-09-11T06:15:00.000+00:00] gatherStats
[2026-09-11T06:30:00.000+00:00] gatherStats
[2026-09-11T06:45:00.000+00:00] gatherStats
[2026-09-11T07:00:00.000+00:00] gatherStats
[2026-09-11T07:15:00.000+00:00] gatherStats
[2026-09-11T07:30:00.000+00:00] gatherStats
[2026-09-11T07:45:00.000+00:00] gatherStats
[2026-09-11T08:00:00.000+00:00] gatherStats
[2026-09-11T08:15:00.000+00:00] gatherStats
[2026-09-11T08:30:00.000+00:00] gatherStats
[2026-09-11T08:45:00.000+00:00] gatherStats
[2026-09-11T09:00:00.000+00:00] gatherStats
[2026-09-11T09:15:00.000+00:00] gatherStats
[2026-09-11T09:30:00.000+00:00] gatherStats
[2026-09-11T09:45:00.000+00:00] gatherStats
[2026-09-11T10:00:00.000+00:00] gatherStats
[2026-09-11T10:15:00.000+00:00] gatherStats
[2026-09-11T10:30:00.000+00:00] gatherStats
[2026-09-11T10:45:00.000+00:00] gatherStats
[2026-09-11T11:00:00.000+00:00] gatherStats
[2026-09-11T11:15:00.000+00:00] gatherStats
[2026-09-11T11:30:00.000+00:00] gatherStats
[2026-09-11T11:45:00.000+00:00] gatherStats
[2026-09-11T12:00:00.000+00:00] gatherStats
[2026-09-11T12:15:00.000+00:00] gatherStats
[2026-09-11T12:30:00.000+00:00] gatherStats
[2026-09-11T12:45:00.000+00:00] gatherStats
[2026-09-11T13:00:00.000+00:00] gatherStats
[2026-09-11T13:15:00.000+00:00] gatherStats
[2026-09-11T13:30:00.000+00:00] gatherStats
[2026-09-11T13:45:00.000+00:00] gatherStats
[2026-09-11T14:00:00.000+00:00] gatherStats
[2026-09-11T14:15:00.000+00:00] gatherStats
[2026-09-11T14:30:00.000+00:00] gatherStats
[2026-09-11T14:45:00.000+00:00] gatherStats
[2026-09-11T15:00:00.000+00:00] gatherStats
[2026-09-11T15:15:00.000+00:00] gatherStats
[2026-09-11T15:30:00.000+00:00] gatherStats
[2026-09-11T15:45:00.000+00:00] gatherStats
[2026-09-11T16:00:00.000+00:00] gatherStats
[2026-09-11T16:15:00.000+00:00] gatherStats
[2026-09-11T16:30:00.000+00:00] gatherStats
[2026-09-11T16:45:00.000+00:00] gatherStats
[2026-09-11T17:00:00.000+00:00] gatherStats
[2026-09-11T17:15:00.000+00:00] gatherStats
[2026-09-11T17:30:00.000+00:00] gatherStats
[2026-09-11T17:45:00.000+00:00] gatherStats
[2026-09-11T18:00:00.000+00:00] gatherStats
[2026-09-11T18:15:00.000+00:00] gatherStats
[2026-09-11T18:30:00.000+00:00] gatherStats
[2026-09-11T18:45:00.000+00:00] gatherStats
[2026-09-11T19:00:00.000+00:00] gatherStats
[2026-09-11T19:15:00.000+00:00] gatherStats
[2026-09-11T19:30:00.000+00:00] gatherStats
[2026-09-11T19:45:00.000+00:00] gatherStats
[2026-09-11T20:00:00.000+00:00] gatherStats
[2026-09-11T20:15:00.000+00:00] gatherStats
[2026-09-11T20:30:00.000+00:00] gatherStats
[2026-09-11T20:45:00.000+00:00] gatherStats
[2026-09-11T21:00:00.000+00:00] gatherStats
[2026-09-11T21:15:00.000+00:00] gatherStats
[2026-09-11T21:30:00.000+00:00] gatherStats
[2026-09-11T21:45:00.000+00:00] gatherStats
[2026-09-11T22:00:00.000+00:00] gatherStats
[2026-09-11T22:15:00.000+00:00] gatherStats
[2026-09-11T22:30:00.000+00:00] gatherStats
[2026-09-11T22:45:00.000+00:00] gatherStats
[2026-09-11T23:00:00.000+00:00] gatherStats
[2026-09-11T23:15:00.000+00:00] gatherStats
[2026-09-11T23:30:00.000+00:00] gatherStats
[2026-09-11T23:45:00.000+00:00] gatherStats
[2026-09-12T00:00:00.000+00:00] gatherStats
[2026-09-12T00:15:00.000+00:00] gatherStats
[2026-09-12T00:30:00.000+00:00] gatherStats
[2026-09-12T00:45:00.000+00:00] gatherStats
[2026-09-12T01:00:00.000+00:00] gatherStats
[2026-09-12T01:15:00.000+00:00] gatherStats
[2026-09-12T01:30:00.000+00:00] gatherStats
[2026-09-12T01:45:00.000+00:00] gatherStats
[2026-09-12T02:00:00.000+00:00] gatherStats
[2026-09-12T02:15:00.000+00:00] gatherStats
[2026-09-12T02:30:00.000+00:00] gatherStats
[2026-09-12T02:45:00.000+00:00] gatherStats
[2026-09-12T03:00:00.000+00:00] gatherStats
[2026-09-12T03:15:00.000+00:00] gatherStats
[2026-09-12T03:30:00.000+00:00] gatherStats
[2026-09-12T03:45:00.000+00:00] gatherStats
[2026-09-12T04:00:00.000+00:00] gatherStats
[2026-09-12T04:15:00.000+00:00] gatherStats
[2026-09-12T04:30:00.000+00:00] gatherStats
[2026-09-12T04:45:00.000+00:00] gatherStats
[2026-09-12T05:00:00.000+00:00] gatherStats
[2026-09-12T05:15:00.000+00:00] gatherStats
[2026-09-12T05:30:00.000+00:00] gatherStats
[2026-09-12T05:45:00.000+00:00] gatherStats
[2026-09-12T06:00:00.000+00:00] gatherStats
[2026-09-12T06:15:00.000+00:00] gatherStats
[2026-09-12T06:30:00.000+00:00] gatherStats
[2026-09-12T06:45:00.000+00:00] gatherStats
[2026-09-12T07:00:00.000+00:00] gatherStats
[2026-09-12T07:15:00.000+00:00] gatherStats
[2026-09-12T07:30:00.000+00:00] gatherStats
[2026-09-12T07:45:00.000+00:00] gatherStats
[2026-09-12T08:00:00.000+00:00] gatherStats
[2026-09-12T08:15:00.000+00:00] gatherStats
[2026-09-12T08:30:00.000+00:00] gatherStats
[2026-09-12T08:45:00.000+00:00] gatherStats
[2026-09-12T09:00:00.000+00:00] gatherStats
[2026-09-12T09:15:00.000+00:00] gatherStats
[2026-09-12T09:30:00.000+00:00] gatherStats
[2026-09-12T09:45:00.000+00:00] gatherStats
[2026-09-12T10:00:00.000+00:00] gatherStats
[2026-09-12T10:15:00.000+00:00] gatherStats
[2026-09-12T10:30:00.000+00:00] gatherStats
[2026-09-12T10:45:00.000+00:00] gatherStats
[2026-09-12T11:00:00.000+00:00] gatherStats
[2026-09-12T11:15:00.000+00:00] gatherStats
[2026-09-12T11:30:00.000+00:00] gatherStats
[2026-09-12T11:45:00.000+00:00] gatherStats
[2026-09-12T12:00:00.000+00:00] gatherStats
[2026-09-12T12:15:00.000+00:00] gatherStats
[2026-09-12T12:30:00.000+00:00] gatherStats
[2026-09-12T12:45:00.000+00:00] gatherStats
[2026-09-12T13:00:00.000+00:00] gatherStats
[2026-09-12T13:15:00.000+00:00] gatherStats
[2026-09-12T13:30:00.000+00:00] gatherStats
[2026-09-12T13:45:00.000+00:00] gatherStats
[2026-09-12T14:00:00.000+00:00] gatherStats
[2026-09-12T14:15:00.000+00:00] gatherStats
[2026-09-12T14:30:00.000+00:00] gatherStats
[2026-09-12T14:45:00.000+00:00] gatherStats
[2026-09-12T15:00:00.000+00:00] gatherStats
[2026-09-12T15:15:00.000+00:00] gatherStats
[2026-09-12T15:30:00.000+00:00] gatherStats
[2026-09-12T15:45:00.000+00:00] gatherStats
[2026-09-12T16:00:00.000+00:00] gatherStats
[2026-09-12T16:15:00.000+00:00] gatherStats
[2026-09-12T16:30:00.000+00:00] gatherStats
[2026-09-12T16:45:00.000+00:00] gatherStats
[2026-09-12T17:00:00.000+00:00] gatherStats
[2026-09-12T17:15:00.000+00:00] gatherStats
[2026-09-12T17:30:00.000+00:00] gatherStats
[2026-09-12T17:45:00.000+00:00] gatherStats
[2026-09-12T18:00:00.000+00:00] gatherStats
[2026-09-12T18:15:00.000+00:00] gatherStats
[2026-09-12T18:30:00.000+00:00] gatherStats
[2026-09-12T18:45:00.000+00:00] gatherStats
[2026-09-12T19:00:00.000+00:00] gatherStats
[2026-09-12T19:15:00.000+00:00] gatherStats
[2026-09-12T19:30:00.000+00:00] gatherStats
[2026-09-12T19:45:00.000+00:00] gatherStats
[2026-09-12T20:00:00.000+00:00] gatherStats
[2026-09-12T20:15:00.000+00:00] gatherStats
[2026-09-12T20:30:00.000+00:00] gatherStats
[2026-09-12T20:45:00.000+00:00] gatherStats
[2026-09-12T21:00:00.000+00:00] gatherStats
[2026-09-12T21:15:00.000+00:00] gatherStats
[2026-09-12T21:30:00.000+00:00] gatherStats
[2026-09-12T21:45:00.000+00:00] gatherStats
[2026-09-12T22:00:00.000+00:00] gatherStats
[2026-09-12T22:15:00.000+00:00] gatherStats
[2026-09-12T22:30:00.000+00:00] gatherStats
[2026-09-12T22:45:00.000+00:00] gatherStats
[2026-09-12T23:00:00.000+00:00] gatherStats
[2026-09-12T23:15:00.000+00:00] gatherStats
[2026-09-12T23:30:00.000+00:00] gatherStats
[2026-09-12T23:45:00.000+00:00] gatherStats
[2026-09-13T00:00:00.000+00:00] gatherStats
[2026-09-13T00:15:00.000+00:00] gatherStats
[2026-09-13T00:30:00.000+00:00] gatherStats
[2026-09-13T00:45:00.000+00:00] gatherStats
[2026-09-13T01:00:00.000+00:00] gatherStats
[2026-09-13T01:15:00.000+00:00] gatherStats
[2026-09-13T01:30:00.000+00:00] gatherStats
[2026-09-13T01:45:00.000+00:00] gatherStats
[2026-09-13T02:00:00.000+00:00] gatherStats
[2026-09-13T02:15:00.000+00:00] gatherStats
[2026-09-13T02:30:00.000+00:00] gatherStats
[2026-09-13T02:45:00.000+00:00] gatherStats
[2026-09-13T03:00:00.000+00:00] gatherStats
[2026-09-13T03:15:00.000+00:00] gatherStats
[2026-09-13T03:30:00.000+00:00] gatherStats
[2026-09-13T03:45:00.000+00:00] gatherStats
[2026-09-13T04:00:00.000+00:00] gatherStats
[2026-09-13T04:15:00.000+00:00] gatherStats
[2026-09-13T04:30:00.000+00:00] gatherStats
[2026-09-13T04:45:00.000+00:00] gatherStats
[2026-09-13T05:00:00.000+00:00] gatherStats
[2026-09-13T05:15:00.000+00:00] gatherStats
[2026-09-13T05:30:00.000+00:00] gatherStats
[2026-09-13T05:45:00.000+00:00] gatherStats
[2026-09-13T06:00:00.000+00:00] gatherStats
[2026-09-13T06:15:00.000+00:00] gatherStats
[2026-09-13T06:30:00.000+00:00] gatherStats
[2026-09-13T06:45:00.000+00:00] gatherStats
[2026-09-13T07:00:00.000+00:00] gatherStats
[2026-09-13T07:15:00.000+00:00] gatherStats
[2026-09-13T07:30:00.000+00:00] gatherStats
[2026-09-13T07:45:00.000+00:00] gatherStats
[2026-09-13T08:00:00.000+00:00] gatherStats
[2026-09-13T08:15:00.000+00:00] gatherStats
[2026-09-13T08:30:00.000+00:00] gatherStats
[2026-09-13T08:45:00.000+00:00] gatherStats
[2026-09-13T09:00:00.000+00:00] gatherStats
[2026-09-13T09:15:00.000+00:00] gatherStats
[2026-09-13T09:30:00.000+00:00] gatherStats
[2026-09-13T09:45:00.000+00:00] gatherStats
[2026-09-13T10:00:00.000+00:00] gatherStats
[2026-09-13T10:15:00.000+00:00] gatherStats
[2026-09-13T10:30:00.000+00:00] gatherStats
[2026-09-13T10:45:00.000+00:00] gatherStats
[2026-09-13T11:00:00.000+00:00] gatherStats
[2026-09-13T11:15:00.000+00:00] gatherStats
[2026-09-13T11:30:00.000+00:00] gatherStats
[2026-09-13T11:45:00.000+00:00] gatherStats
[2026-09-13T12:00:00.000+00:00] gatherStats
[2026-09-13T12:15:00.000+00:00] gatherStats
[2026-09-13T12:30:00.000+00:00] gatherStats
[2026-09-13T12:45:00.000+00:00] gatherStats
[2026-09-13T13:00:00.000+00:00] gatherStats
[2026-09-13T13:15:00.000+00:00] gatherStats
[2026-09-13T13:30:00.000+00:00] gatherStats
[2026-09-13T13:45:00.000+00:00] gatherStats
[2026-09-13T14:00:00.000+00:00] gatherStats
[2026-09-13T14:15:00.000+00:00] gatherStats
[2026-09-13T14:30:00.000+00:00] gatherStats
[2026-09-13T14:45:00.000+00:00] gatherStats
[2026-09-13T15:00:00.000+00:00] gatherStats
[2026-09-13T15:15:00.000+00:00] gatherStats
[2026-09-13T15:30:00.000+00:00] gatherStats
[2026-09-13T15:45:00.000+00:00] gatherStats
[2026-09-13T16:00:00.000+00:00] gatherStats
[2026-09-13T16:15:00.000+00:00] gatherStats
[2026-09-13T16:30:00.000+00:00] gatherStats
[2026-09-13T16:45:00.000+00:00] gatherStats
[2026-09-13T17:00:00.000+00:00] gatherStats
[2026-09-13T17:15:00.000+00:00] gatherStats
[2026-09-13T17:30:00.000+00:00] gatherStats
[2026-09-13T17:45:00.000+00:00] gatherStats
[2026-09-13T18:00:00.000+00:00] gatherStats
[2026-09-13T18:15:00.000+00:00] gatherStats
[2026-09-13T18:30:00.000+00:00] gatherStats
[2026-09-13T18:45:00.000+00:00] gatherStats
[2026-09-13T19:00:00.000+00:00] gatherStats
[2026-09-13T19:15:00.000+00:00] gatherStats
[2026-09-13T19:30:00.000+00:00] gatherStats
[2026-09-13T19:45:00.000+00:00] gatherStats
[2026-09-13T20:00:00.000+00:00] gatherStats
[2026-09-13T20:15:00.000+00:00] gatherStats
[2026-09-13T20:30:00.000+00:00] gatherStats
[2026-09-13T20:45:00.000+00:00] gatherStats
[2026-09-13T21:00:00.000+00:00] gatherStats
[2026-09-13T21:15:00.000+00:00] gatherStats
[2026-09-13T21:30:00.000+00:00] gatherStats
[2026-09-13T21:45:00.000+00:00] gatherStats
[2026-09-13T22:00:00.000+00:00] gatherStats
[2026-09-13T22:15:00.000+00:00] gatherStats
[2026-09-13T22:30:00.000+00:00] gatherStats
[2026-09-13T22:45:00.000+00:00] gatherStats
[2026-09-13T23:00:00.000+00:00] gatherStats
[2026-09-13T23:15:00.000+00:00] gatherStats
[2026-09-13T23:30:00.000+00:00] gatherStats
[2026-09-13T23:45:00.000+00:00] gatherStats
[2026-09-14T00:00:00.000+00:00] gatherStats
[2026-09-14T00:15:00.000+00:00] gatherStats
[2026-09-14T00:30:00.000+00:00] gatherStats
[2026-09-14T00:45:00.000+00:00] gatherStats
[2026-09-14T01:00:00.000+00:00] gatherStats
[2026-09-14T01:15:00.000+00:00] gatherStats
[2026-09-14T01:30:00.000+00:00] gatherStats
[2026-09-14T01:45:00.000+00:00] gatherStats
[2026-09-14T02:00:00.000+00:00] gatherStats
[2026-09-14T02:15:00.000+00:00] gatherStats
[2026-09-14T02:30:00.000+00:00] gatherStats
[2026-09-14T02:45:00.000+00:00] gatherStats
[2026-09-14T03:00:00.000+00:00] gatherStats
[2026-09-14T03:15:00.000+00:00] gatherStats
[2026-09-14T03:30:00.000+00:00] gatherStats
[2026-09-14T03:45:00.000+00:00] gatherStats
[2026-09-14T04:00:00.000+00:00] gatherStats
[2026-09-14T04:15:00.000+00:00] gatherStats
[2026-09-14T04:30:00.000+00:00] gatherStats
[2026-09-14T04:45:00.000+00:00] gatherStats
[2026-09-14T05:00:00.000+00:00] gatherStats
[2026-09-14T05:15:00.000+00:00] gatherStats
[2026-09-14T05:30:00.000+00:00] gatherStats
[2026-09-14T05:45:00.000+00:00] gatherStats
[2026-09-14T06:00:00.000+00:00] gatherStats
[2026-09-14T06:15:00.000+00:00] gatherStats
[2026-09-14T06:30:00.000+00:00] gatherStats
[2026-09-14T06:45:00.000+00:00] gatherStats
[2026-09-14T07:00:00.000+00:00] gatherStats
[2026-09-14T07:15:00.000+00:00] gatherStats
[2026-09-14T07:30:00.000+00:00] gatherStats
[2026-09-14T07:45:00.000+00:00] gatherStats
[2026-09-14T08:00:00.000+00:00] gatherStats
[2026-09-14T08:15:00.000+00:00] gatherStats
[2026-09-14T08:30:00.000+00:00] gatherStats
[2026-09-14T08:45:00.000+00:00] gatherStats
[2026-09-14T09:00:00.000+00:00] gatherStats
[2026-09-14T09:15:00.000+00:00] gatherStats
[2026-09-14T09:30:00.000+00:00] gatherStats
[2026-09-14T09:45:00.000+00:00] gatherStats
[2026-09-14T10:00:00.000+00:00] gatherStats
[2026-09-14T10:15:00.000+00:00] gatherStats
[2026-09-14T10:30:00.000+00:00] gatherStats
[2026-09-14T10:45:00.000+00:00] gatherStats
[2026-09-14T11:00:00.000+00:00] gatherStats
[2026-09-14T11:15:00.000+00:00] gatherStats
[2026-09-14T11:30:00.000+00:00] gatherStats
[2026-09-14T11:45:00.000+00:00] gatherStats
[2026-09-14T12:00:00.000+00:00] gatherStats
[2026-09-14T12:15:00.000+00:00] gatherStats
[2026-09-14T12:30:00.000+00:00] gatherStats
[2026-09-14T12:45:00.000+00:00] gatherStats
[2026-09-14T13:00:00.000+00:00] gatherStats
[2026-09-14T13:15:00.000+00:00] gatherStats
[2026-09-14T13:30:00.000+00:00] gatherStats
[2026-09-14T13:45:00.000+00:00] gatherStats
[2026-09-14T14:00:00.000+00:00] gatherStats
[2026-09-14T14:15:00.000+00:00] gatherStats
[2026-09-14T14:30:00.000+00:00] gatherStats
[2026-09-14T14:45:00.000+00:00] gatherStats
[2026-09-14T15:00:00.000+00:00] gatherStats
[2026-09-14T15:15:00.000+00:00] gatherStats
[2026-09-14T15:30:00.000+00:00] gatherStats
[2026-09-14T15:45:00.000+00:00] gatherStats
[2026-09-14T16:00:00.000+00:00] gatherStats
[2026-09-14T16:15:00.000+00:00] gatherStats
[2026-09-14T16:30:00.000+00:00] gatherStats
[2026-09-14T16:45:00.000+00:00] gatherStats
[2026-09-14T17:00:00.000+00:00] gatherStats
[2026-09-14T17:15:00.000+00:00] gatherStats
[2026-09-14T17:30:00.000+00:00] gatherStats
[2026-09-14T17:45:00.000+00:00] gatherStats
[2026-09-14T18:00:00.000+00:00] gatherStats
[2026-09-14T18:15:00.000+00:00] gatherStats
[2026-09-14T18:30:00.000+00:00] gatherStats
[2026-09-14T18:45:00.000+00:00] gatherStats
[2026-09-14T19:00:00.000+00:00] gatherStats
[2026-09-14T19:15:00.000+00:00] gatherStats
[2026-09-14T19:30:00.000+00:00] gatherStats
[2026-09-14T19:45:00.000+00:00] gatherStats
[2026-09-14T20:00:00.000+00:00] gatherStats
[2026-09-14T20:15:00.000+00:00] gatherStats
[2026-09-14T20:30:00.000+00:00] gatherStats
[2026-09-14T20:45:00.000+00:00] gatherStats
[2026-09-14T21:00:00.000+00:00] gatherStats
[2026-09-14T21:15:00.000+00:00] gatherStats
[2026-09-14T21:30:00.000+00:00] gatherStats
[2026-09-14T21:45:00.000+00:00] gatherStats
[2026-09-14T22:00:00.000+00:00] gatherStats
[2026-09-14T22:15:00.000+00:00] gatherStats
[2026-09-14T22:30:00.000+00:00] gatherStats
[2026-09-14T22:45:00.000+00:00] gatherStats
[2026-09-14T23:00:00.000+00:00] gatherStats
[2026-09-14T23:15:00.000+00:00] gatherStats
[2026-09-14T23:30:00.000+00:00] gatherStats
[2026-09-14T23:45:00.000+00:00] gatherStats
[2026-09-15T00:00:00.000+00:00] gatherStats
[2026-09-15T00:15:00.000+00:00] gatherStats
[2026-09-15T00:30:00.000+00:00] gatherStats
[2026-09-15T00:45:00.000+00:00] gatherStats
[2026-09-15T01:00:00.000+00:00] gatherStats
[2026-09-15T01:15:00.000+00:00] gatherStats
[2026-09-15T01:30:00.000+00:00] gatherStats
[2026-09-15T01:45:00.000+00:00] gatherStats
[2026-09-15T02:00:00.000+00:00] gatherStats
[2026-09-15T02:15:00.000+00:00] gatherStats
[2026-09-15T02:30:00.000+00:00] gatherStats
[2026-09-15T02:45:00.000+00:00] gatherStats
[2026-09-15T03:00:00.000+00:00] gatherStats
[2026-09-15T03:15:00.000+00:00] gatherStats
[2026-09-15T03:30:00.000+00:00] gatherStats
[2026-09-15T03:45:00.000+00:00] gatherStats
[2026-09-15T04:00:00.000+00:00] gatherStats
[2026-09-15T04:15:00.000+00:00] gatherStats
[2026-09-15T04:30:00.000+00:00] gatherStats
[2026-09-15T04:45:00.000+00:00] gatherStats
[2026-09-15T05:00:00.000+00:00] gatherStats
[2026-09-15T05:15:00.000+00:00] gatherStats
[2026-09-15T05:30:00.000+00:00] gatherStats
[2026-09-15T05:45:00.000+00:00] gatherStats
[2026-09-15T06:00:00.000+00:00] gatherStats
[2026-09-15T06:15:00.000+00:00] gatherStats
[2026-09-15T06:30:00.000+00:00] gatherStats
[2026-09-15T06:45:00.000+00:00] gatherStats
[2026-09-15T07:00:00.000+00:00] gatherStats
[2026-09-15T07:15:00.000+00:00] gatherStats
[2026-09-15T07:30:00.000+00:00] gatherStats
[2026-09-15T07:45:00.000+00:00] gatherStats
[2026-09-15T08:00:00.000+00:00] gatherStats
[2026-09-15T08:15:00.000+00:00] gatherStats
[2026-09-15T08:30:00.000+00:00] gatherStats
[2026-09-15T08:45:00.000+00:00] gatherStats
[2026-09-15T09:00:00.000+00:00] gatherStats
[2026-09-15T09:15:00.000+00:00] gatherStats
[2026-09-15T09:30:00.000+00:00] gatherStats
[2026-09-15T09:45:00.000+00:00] gatherStats
[2026-09-15T10:00:00.000+00:00] gatherStats
[2026-09-15T10:15:00.000+00:00] gatherStats
[2026-09-15T10:30:00.000+00:00] gatherStats
[2026-09-15T10:45:00.000+00:00] gatherStats
[2026-09-15T11:00:00.000+00:00] gatherStats
[2026-09-15T11:15:00.000+00:00] gatherStats
[2026-09-15T11:30:00.000+00:00] gatherStats
[2026-09-15T11:45:00.000+00:00] gatherStats
[2026-09-15T12:00:00.000+00:00] gatherStats
[2026-09-15T12:15:00.000+00:00] gatherStats
[2026-09-15T12:30:00.000+00:00] gatherStats
[2026-09-15T12:45:00.000+00:00] gatherStats
[2026-09-15T13:00:00.000+00:00] gatherStats
[2026-09-15T13:15:00.000+00:00] gatherStats
[2026-09-15T13:30:00.000+00:00] gatherStats
[2026-09-15T13:45:00.000+00:00] gatherStats
[2026-09-15T14:00:00.000+00:00] gatherStats
[2026-09-15T14:15:00.000+00:00] gatherStats
[2026-09-15T14:30:00.000+00:00] gatherStats
[2026-09-15T14:45:00.000+00:00] gatherStats
[2026-09-15T15:00:00.000+00:00] gatherStats
[2026-09-15T15:15:00.000+00:00] gatherStats
[2026-09-15T15:30:00.000+00:00] gatherStats
[2026-09-15T15:45:00.000+00:00] gatherStats
[2026-09-15T16:00:00.000+00:00] gatherStats
[2026-09-15T16:15:00.000+00:00] gatherStats
[2026-09-15T16:30:00.000+00:00] gatherStats
[2026-09-15T16:45:00.000+00:00] gatherStats
[2026-09-15T17:00:00.000+00:00] gatherStats
[2026-09-15T17:15:00.000+00:00] gatherStats
[2026-09-15T17:30:00.000+00:00] gatherStats
[2026-09-15T17:45:00.000+00:00] gatherStats
[2026-09-15T18:00:00.000+00:00] gatherStats
[2026-09-15T18:15:00.000+00:00] gatherStats
[2026-09-15T18:30:00.000+00:00] gatherStats
[2026-09-15T18:45:00.000+00:00] gatherStats
[2026-09-15T19:00:00.000+00:00] gatherStats
[2026-09-15T19:15:00.000+00:00] gatherStats
[2026-09-15T19:30:00.000+00:00] gatherStats
[2026-09-15T19:45:00.000+00:00] gatherStats
[2026-09-15T20:00:00.000+00:00] gatherStats
[2026-09-15T20:15:00.000+00:00] gatherStats
[2026-09-15T20:30:00.000+00:00] gatherStats
[2026-09-15T20:45:00.000+00:00] gatherStats
[2026-09-15T21:00:00.000+00:00] gatherStats
[2026-09-15T21:15:00.000+00:00] gatherStats
[2026-09-15T21:30:00.000+00:00] gatherStats
[2026-09-15T21:45:00.000+00:00] gatherStats
[2026-09-15T22:00:00.000+00:00] gatherStats
[2026-09-15T22:15:00.000+00:00] gatherStats
[2026-09-15T22:30:00.000+00:00] gatherStats
[2026-09-15T22:45:00.000+00:00] gatherStats
[2026-09-15T23:00:00.000+00:00] gatherStats
[2026-09-15T23:15:00.000+00:00] gatherStats
[2026-09-15T23:30:00.000+00:00] gatherStats
[2026-09-15T23:45:00.000+00:00] gatherStats
[2026-09-16T00:00:00.000+00:00] gatherStats
[2026-09-16T00:15:00.000+00:00] gatherStats
[2026-09-16T00:30:00.000+00:00] gatherStats
[2026-09-16T00:45:00.000+00:00] gatherStats
[2026-09-16T01:00:00.000+00:00] gatherStats
[2026-09-16T01:15:00.000+00:00] gatherStats
[2026-09-16T01:30:00.000+00:00] gatherStats
[2026-09-16T01:45:00.000+00:00] gatherStats
[2026-09-16T02:00:00.000+00:00] gatherStats
[2026-09-16T02:15:00.000+00:00] gatherStats
[2026-09-16T02:30:00.000+00:00] gatherStats
[2026-09-16T02:45:00.000+00:00] gatherStats
[2026-09-16T03:00:00.000+00:00] gatherStats
[2026-09-16T03:15:00.000+00:00] gatherStats
[2026-09-16T03:30:00.000+00:00] gatherStats
[2026-09-16T03:45:00.000+00:00] gatherStats
[2026-09-16T04:00:00.000+00:00] gatherStats
[2026-09-16T04:15:00.000+00:00] gatherStats
[2026-09-16T04:30:00.000+00:00] gatherStats
[2026-09-16T04:45:00.000+00:00] gatherStats
[2026-09-16T05:00:00.000+00:00] gatherStats
[2026-09-16T05:15:00.000+00:00] gatherStats
[2026-09-16T05:30:00.000+00:00] gatherStats
[2026-09-16T05:45:00.000+00:00] gatherStats
[2026-09-16T06:00:00.000+00:00] gatherStats
[2026-09-16T06:15:00.000+00:00] gatherStats
[2026-09-16T06:30:00.000+00:00] gatherStats
[2026-09-16T06:45:00.000+00:00] gatherStats
[2026-09-16T07:00:00.000+00:00] gatherStats
[2026-09-16T07:15:00.000+00:00] gatherStats
[2026-09-16T07:30:00.000+00:00] gatherStats
[2026-09-16T07:45:00.000+00:00] gatherStats
[2026-09-16T08:00:00.000+00:00] gatherStats
[2026-09-16T08:15:00.000+00:00] gatherStats
[2026-09-16T08:30:00.000+00:00] gatherStats
[2026-09-16T08:45:00.000+00:00] gatherStats
[2026-09-16T09:00:00.000+00:00] gatherStats
[2026-09-16T09:15:00.000+00:00] gatherStats
[2026-09-16T09:30:00.000+00:00] gatherStats
[2026-09-16T09:45:00.000+00:00] gatherStats
[2026-09-16T10:00:00.000+00:00] gatherStats
[2026-09-16T10:15:00.000+00:00] gatherStats
[2026-09-16T10:30:00.000+00:00] gatherStats
[2026-09-16T10:45:00.000+00:00] gatherStats
[2026-09-16T11:00:00.000+00:00] gatherStats
[2026-09-16T11:15:00.000+00:00] gatherStats
[2026-09-16T11:30:00.000+00:00] gatherStats
[2026-09-16T11:45:00.000+00:00] gatherStats
[2026-09-16T12:00:00.000+00:00] gatherStats
[2026-09-16T12:15:00.000+00:00] gatherStats
[2026-09-16T12:30:00.000+00:00] gatherStats
[2026-09-16T12:45:00.000+00:00] gatherStats
[2026-09-16T13:00:00.000+00:00] gatherStats
[2026-09-16T13:15:00.000+00:00] gatherStats
[2026-09-16T13:30:00.000+00:00] gatherStats
[2026-09-16T13:45:00.000+00:00] gatherStats
[2026-09-16T14:00:00.000+00:00] gatherStats
[2026-09-16T14:15:00.000+00:00] gatherStats
[2026-09-16T14:30:00.000+00:00] gatherStats
[2026-09-16T14:45:00.000+00:00] gatherStats
[2026-09-16T15:00:00.000+00:00] gatherStats
[2026-09-16T15:15:00.000+00:00] gatherStats
[2026-09-16T15:30:00.000+00:00] gatherStats
[2026-09-16T15:45:00.000+00:00] gatherStats
[2026-09-16T16:00:00.000+00:00] gatherStats
[2026-09-16T16:15:00.000+00:00] gatherStats
[2026-09-16T16:30:00.000+00:00] gatherStats
[2026-09-16T16:45:00.000+00:00] gatherStats
[2026-09-16T17:00:00.000+00:00] gatherStats
[2026-09-16T17:15:00.000+00:00] gatherStats
[2026-09-16T17:30:00.000+00:00] gatherStats
[2026-09-16T17:45:00.000+00:00] gatherStats
[2026-09-16T18:00:00.000+00:00] gatherStats
[2026-09-16T18:15:00.000+00:00] gatherStats
[2026-09-16T18:30:00.000+00:00] gatherStats
[2026-09-16T18:45:00.000+00:00] gatherStats
[2026-09-16T19:00:00.000+00:00] gatherStats
[2026-09-16T19:15:00.000+00:00] gatherStats
[2026-09-16T19:30:00.000+00:00] gatherStats
[2026-09-16T19:45:00.000+00:00] gatherStats
[2026-09-16T20:00:00.000+00:00] gatherStats
[2026-09-16T20:15:00.000+00:00] gatherStats
[2026-09-16T20:30:00.000+00:00] gatherStats
[2026-09-16T20:45:00.000+00:00] gatherStats
[2026-09-16T21:00:00.000+00:00] gatherStats
[2026-09-16T21:15:00.000+00:00] gatherStats
[2026-09-16T21:30:00.000+00:00] gatherStats
[2026-09-16T21:45:00.000+00:00] gatherStats
[2026-09-16T22:00:00.000+00:00] gatherStats
[2026-09-16T22:15:00.000+00:00] gatherStats
[2026-09-16T22:30:00.000+00:00] gatherStats
[2026-09-16T22:45:00.000+00:00] gatherStats
[2026-09-16T23:00:00.000+00:00] gatherStats
[2026-09-16T23:15:00.000+00:00] gatherStats
[2026-09-16T23:30:00.000+00:00] gatherStats
[2026-09-16T23:45:00.000+00:00] gatherStats
[2026-09-17T00:00:00.000+00:00] gatherStats
[2026-09-17T00:15:00.000+00:00] gatherStats
[2026-09-17T00:30:00.000+00:00] gatherStats
[2026-09-17T00:45:00.000+00:00] gatherStats
[2026-09-17T01:00:00.000+00:00] gatherStats
[2026-09-17T01:15:00.000+00:00] gatherStats
[2026-09-17T01:30:00.000+00:00] gatherStats
[2026-09-17T01:45:00.000+00:00] gatherStats
[2026-09-17T02:00:00.000+00:00] gatherStats
[2026-09-17T02:15:00.000+00:00] gatherStats
[2026-09-17T02:30:00.000+00:00] gatherStats
[2026-09-17T02:45:00.000+00:00] gatherStats
[2026-09-17T03:00:00.000+00:00] gatherStats
[2026-09-17T03:15:00.000+00:00] gatherStats
[2026-09-17T03:30:00.000+00:00] gatherStats
[2026-09-17T03:45:00.000+00:00] gatherStats
[2026-09-17T04:00:00.000+00:00] gatherStats
[2026-09-17T04:15:00.000+00:00] gatherStats
[2026-09-17T04:30:00.000+00:00] gatherStats
[2026-09-17T04:45:00.000+00:00] gatherStats
[2026-09-17T05:00:00.000+00:00] gatherStats
[2026-09-17T05:15:00.000+00:00] gatherStats
[2026-09-17T05:30:00.000+00:00] gatherStats
[2026-09-17T05:45:00.000+00:00] gatherStats
[2026-09-17T06:00:00.000+00:00] gatherStats
[2026-09-17T06:15:00.000+00:00] gatherStats
[2026-09-17T06:30:00.000+00:00] gatherStats
[2026-09-17T06:45:00.000+00:00] gatherStats
[2026-09-17T07:00:00.000+00:00] gatherStats
[2026-09-17T07:15:00.000+00:00] gatherStats
[2026-09-17T07:30:00.000+00:00] gatherStats
[2026-09-17T07:45:00.000+00:00] gatherStats
[2026-09-17T08:00:00.000+00:00] gatherStats
[2026-09-17T08:15:00.000+00:00] gatherStats
[2026-09-17T08:30:00.000+00:00] gatherStats
[2026-09-17T08:45:00.000+00:00] gatherStats
[2026-09-17T09:00:00.000+00:00] gatherStats
[2026-09-17T09:15:00.000+00:00] gatherStats
[2026-09-17T09:30:00.000+00:00] gatherStats
[2026-09-17T09:45:00.000+00:00] gatherStats
[2026-09-17T10:00:00.000+00:00] gatherStats
[2026-09-17T10:15:00.000+00:00] gatherStats
[2026-09-17T10:30:00.000+00:00] gatherStats
[2026-09-17T10:45:00.000+00:00] gatherStats
[2026-09-17T11:00:00.000+00:00] gatherStats
[2026-09-17T11:15:00.000+00:00] gatherStats
[2026-09-17T11:30:00.000+00:00] gatherStats
[2026-09-17T11:45:00.000+00:00] gatherStats
[2026-09-17T12:00:00.000+00:00] gatherStats
[2026-09-17T12:15:00.000+00:00] gatherStats
[2026-09-17T12:30:00.000+00:00] gatherStats
[2026-09-17T12:45:00.000+00:00] gatherStats
[2026-09-17T13:00:00.000+00:00] gatherStats
[2026-09-17T13:15:00.000+00:00] gatherStats
[2026-09-17T13:30:00.000+00:00] gatherStats
[2026-09-17T13:45:00.000+00:00] gatherStats
[2026-09-17T14:00:00.000+00:00] gatherStats
[2026-09-17T14:15:00.000+00:00] gatherStats
[2026-09-17T14:30:00.000+00:00] gatherStats
[2026-09-17T14:45:00.000+00:00] gatherStats
[2026-09-17T15:00:00.000+00:00] gatherStats
[2026-09-17T15:15:00.000+00:00] gatherStats
[2026-09-17T15:30:00.000+00:00] gatherStats
[2026-09-17T15:45:00.000+00:00] gatherStats
[2026-09-17T16:00:00.000+00:00] gatherStats
[2026-09-17T16:15:00.000+00:00] gatherStats
[2026-09-17T16:30:00.000+00:00] gatherStats
[2026-09-17T16:45:00.000+00:00] gatherStats
[2026-09-17T17:00:00.000+00:00] gatherStats
[2026-09-17T17:15:00.000+00:00] gatherStats
[2026-09-17T17:30:00.000+00:00] gatherStats
[2026-09-17T17:45:00.000+00:00] gatherStats
[2026-09-17T18:00:00.000+00:00] gatherStats
[2026-09-17T18:15:00.000+00:00] gatherStats
[2026-09-17T18:30:00.000+00:00] gatherStats
[2026-09-17T18:45:00.000+00:00] gatherStats
[2026-09-17T19:00:00.000+00:00] gatherStats
[2026-09-17T19:15:00.000+00:00] gatherStats
[2026-09-17T19:30:00.000+00:00] gatherStats
[2026-09-17T19:45:00.000+00:00] gatherStats
[2026-09-17T20:00:00.000+00:00] gatherStats
[2026-09-17T20:15:00.000+00:00] gatherStats
[2026-09-17T20:30:00.000+00:00] gatherStats
[2026-09-17T20:45:00.000+00:00] gatherStats
[2026-09-17T21:00:00.000+00:00] gatherStats
[2026-09-17T21:15:00.000+00:00] gatherStats
[2026-09-17T21:30:00.000+00:00] gatherStats
[2026-09-17T21:45:00.000+00:00] gatherStats
[2026-09-17T22:00:00.000+00:00] gatherStats
[2026-09-17T22:15:00.000+00:00] gatherStats
[2026-09-17T22:30:00.000+00:00] gatherStats
[2026-09-17T22:45:00.000+00:00] gatherStats
[2026-09-17T23:00:00.000+00:00] gatherStats
[2026-09-17T23:15:00.000+00:00] gatherStats
[2026-09-17T23:30:00.000+00:00] gatherStats
[2026-09-17T23:45:00.000+00:00] gatherStats
[2026-09-18T00:00:00.000+00:00] gatherStats
[2026-09-18T00:15:00.000+00:00] gatherStats
[2026-09-18T00:30:00.000+00:00] gatherStats
[2026-09-18T00:45:00.000+00:00] gatherStats
[2026-09-18T01:00:00.000+00:00] gatherStats
[2026-09-18T01:15:00.000+00:00] gatherStats
[2026-09-18T01:30:00.000+00:00] gatherStats
[2026-09-18T01:45:00.000+00:00] gatherStats
[2026-09-18T02:00:00.000+00:00] gatherStats
[2026-09-18T02:15:00.000+00:00] gatherStats
[2026-09-18T02:30:00.000+00:00] gatherStats
[2026-09-18T02:45:00.000+00:00] gatherStats
[2026-09-18T03:00:00.000+00:00] gatherStats
[2026-09-18T03:15:00.000+00:00] gatherStats
[2026-09-18T03:30:00.000+00:00] gatherStats
[2026-09-18T03:45:00.000+00:00] gatherStats
[2026-09-18T04:00:00.000+00:00] gatherStats
[2026-09-18T04:15:00.000+00:00] gatherStats
[2026-09-18T04:30:00.000+00:00] gatherStats
[2026-09-18T04:45:00.000+00:00] gatherStats
[2026-09-18T05:00:00.000+00:00] gatherStats
[2026-09-18T05:15:00.000+00:00] gatherStats
[2026-09-18T05:30:00.000+00:00] gatherStats
[2026-09-18T05:45:00.000+00:00] gatherStats
[2026-09-18T06:00:00.000+00:00] gatherStats
[2026-09-18T06:15:00.000+00:00] gatherStats
[2026-09-18T06:30:00.000+00:00] gatherStats
[2026-09-18T06:45:00.000+00:00] gatherStats
[2026-09-18T07:00:00.000+00:00] gatherStats
[2026-09-18T07:15:00.000+00:00] gatherStats
[2026-09-18T07:30:00.000+00:00] gatherStats
[2026-09-18T07:45:00.000+00:00] gatherStats
[2026-09-18T08:00:00.000+00:00] gatherStats
[2026-09-18T08:15:00.000+00:00] gatherStats
[2026-09-18T08:30:00.000+00:00] gatherStats
[2026-09-18T08:45:00.000+00:00] gatherStats
[2026-09-18T09:00:00.000+00:00] gatherStats
[2026-09-18T09:15:00.000+00:00] gatherStats
[2026-09-18T09:30:00.000+00:00] gatherStats
[2026-09-18T09:45:00.000+00:00] gatherStats
[2026-09-18T10:00:00.000+00:00] gatherStats
[2026-09-18T10:15:00.000+00:00] gatherStats
[2026-09-18T10:30:00.000+00:00] gatherStats
[2026-09-18T10:45:00.000+00:00] gatherStats
[2026-09-18T11:00:00.000+00:00] gatherStats
[2026-09-18T11:15:00.000+00:00] gatherStats
[2026-09-18T11:30:00.000+00:00] gatherStats
[2026-09-18T11:45:00.000+00:00] gatherStats
[2026-09-18T12:00:00.000+00:00] gatherStats
[2026-09-18T12:15:00.000+00:00] gatherStats
[2026-09-18T12:30:00.000+00:00] gatherStats
[2026-09-18T12:45:00.000+00:00] gatherStats
[2026-09-18T13:00:00.000+00:00] gatherStats
[2026-09-18T13:15:00.000+00:00] gatherStats
[2026-09-18T13:30:00.000+00:00] gatherStats
[2026-09-18T13:45:00.000+00:00] gatherStats
[2026-09-18T14:00:00.000+00:00] gatherStats
[2026-09-18T14:15:00.000+00:00] gatherStats
[2026-09-18T14:30:00.000+00:00] gatherStats
[2026-09-18T14:45:00.000+00:00] gatherStats
[2026-09-18T15:00:00.000+00:00] gatherStats
[2026-09-18T15:15:00.000+00:00] gatherStats
[2026-09-18T15:30:00.000+00:00] gatherStats
[2026-09-18T15:45:00.000+00:00] gatherStats
[2026-09-18T16:00:00.000+00:00] gatherStats
[2026-09-18T16:15:00.000+00:00] gatherStats
[2026-09-18T16:30:00.000+00:00] gatherStats
[2026-09-18T16:45:00.000+00:00] gatherStats
[2026-09-18T17:00:00.000+00:00] gatherStats
[2026-09-18T17:15:00.000+00:00] gatherStats
[2026-09-18T17:30:00.000+00:00] gatherStats
[2026-09-18T17:45:00.000+00:00] gatherStats
[2026-09-18T18:00:00.000+00:00] gatherStats
[2026-09-18T18:15:00.000+00:00] gatherStats
[2026-09-18T18:30:00.000+00:00] gatherStats
[2026-09-18T18:45:00.000+00:00] gatherStats
[2026-09-18T19:00:00.000+00:00] gatherStats
[2026-09-18T19:15:00.000+00:00] gatherStats
[2026-09-18T19:30:00.000+00:00] gatherStats
[2026-09-18T19:45:00.000+00:00] gatherStats
[2026-09-18T20:00:00.000+00:00] gatherStats
[2026-09-18T20:15:00.000+00:00] gatherStats
[2026-09-18T20:30:00.000+00:00] gatherStats
[2026-09-18T20:45:00.000+00:00] gatherStats
[2026-09-18T21:00:00.000+00:00] gatherStats
[2026-09-18T21:15:00.000+00:00] gatherStats
[2026-09-18T21:30:00.000+00:00] gatherStats
[2026-09-18T21:45:00.000+00:00] gatherStats
[2026-09-18T22:00:00.000+00:00] gatherStats
[2026-09-18T22:15:00.000+00:00] gatherStats
[2026-09-18T22:30:00.000+00:00] gatherStats
[2026-09-18T22:45:00.000+00:00] gatherStats
[2026-09-18T23:00:00.000+00:00] gatherStats
[2026-09-18T23:15:00.000+00:00] gatherStats
[2026-09-18T23:30:00.000+00:00] gatherStats
[2026-09-18T23:45:00.000+00:00] gatherStats
[2026-09-19T00:00:00.000+00:00] gatherStats
[2026-09-19T00:15:00.000+00:00] gatherStats
[2026-09-19T00:30:00.000+00:00] gatherStats
[2026-09-19T00:45:00.000+00:00] gatherStats
[2026-09-19T01:00:00.000+00:00] gatherStats
[2026-09-19T01:15:00.000+00:00] gatherStats
[2026-09-19T01:30:00.000+00:00] gatherStats
[2026-09-19T01:45:00.000+00:00] gatherStats
[2026-09-19T02:00:00.000+00:00] gatherStats
[2026-09-19T02:15:00.000+00:00] gatherStats
[2026-09-19T02:30:00.000+00:00] gatherStats
[2026-09-19T02:45:00.000+00:00] gatherStats
[2026-09-19T03:00:00.000+00:00] gatherStats
[2026-09-19T03:15:00.000+00:00] gatherStats
[2026-09-19T03:30:00.000+00:00] gatherStats
[2026-09-19T03:45:00.000+00:00] gatherStats
[2026-09-19T04:00:00.000+00:00] gatherStats
[2026-09-19T04:15:00.000+00:00] gatherStats
[2026-09-19T04:30:00.000+00:00] gatherStats
[2026-09-19T04:45:00.000+00:00] gatherStats
[2026-09-19T05:00:00.000+00:00] gatherStats
[2026-09-19T05:15:00.000+00:00] gatherStats
[2026-09-19T05:30:00.000+00:00] gatherStats
[2026-09-19T05:45:00.000+00:00] gatherStats
[2026-09-19T06:00:00.000+00:00] gatherStats
[2026-09-19T06:15:00.000+00:00] gatherStats
[2026-09-19T06:30:00.000+00:00] gatherStats
[2026-09-19T06:45:00.000+00:00] gatherStats
[2026-09-19T07:00:00.000+00:00] gatherStats
[2026-09-19T07:15:00.000+00:00] gatherStats
[2026-09-19T07:30:00.000+00:00] gatherStats
[2026-09-19T07:45:00.000+00:00] gatherStats
[2026-09-19T08:00:00.000+00:00] gatherStats
[2026-09-19T08:15:00.000+00:00] gatherStats
[2026-09-19T08:30:00.000+00:00] gatherStats
[2026-09-19T08:45:00.000+00:00] gatherStats
[2026-09-19T09:00:00.000+00:00] gatherStats
[2026-09-19T09:15:00.000+00:00] gatherStats
[2026-09-19T09:30:00.000+00:00] gatherStats
[2026-09-19T09:45:00.000+00:00] gatherStats
[2026-09-19T10:00:00.000+00:00] gatherStats
[2026-09-19T10:15:00.000+00:00] gatherStats
[2026-09-19T10:30:00.000+00:00] gatherStats
[2026-09-19T10:45:00.000+00:00] gatherStats
[2026-09-19T11:00:00.000+00:00] gatherStats
[2026-09-19T11:15:00.000+00:00] gatherStats
[2026-09-19T11:30:00.000+00:00] gatherStats
[2026-09-19T11:45:00.000+00:00] gatherStats
[2026-09-19T12:00:00.000+00:00] gatherStats
[2026-09-19T12:15:00.000+00:00] gatherStats
[2026-09-19T12:30:00.000+00:00] gatherStats
[2026-09-19T12:45:00.000+00:00] gatherStats
[2026-09-19T13:00:00.000+00:00] gatherStats
[2026-09-19T13:15:00.000+00:00] gatherStats
[2026-09-19T13:30:00.000+00:00] gatherStats
[2026-09-19T13:45:00.000+00:00] gatherStats
[2026-09-19T14:00:00.000+00:00] gatherStats
[2026-09-19T14:15:00.000+00:00] gatherStats
[2026-09-19T14:30:00.000+00:00] gatherStats
[2026-09-19T14:45:00.000+00:00] gatherStats
[2026-09-19T15:00:00.000+00:00] gatherStats
[2026-09-19T15:15:00.000+00:00] gatherStats
[2026-09-19T15:30:00.000+00:00] gatherStats
[2026-09-19T15:45:00.000+00:00] gatherStats
[2026-09-19T16:00:00.000+00:00] gatherStats
[2026-09-19T16:15:00.000+00:00] gatherStats
[2026-09-19T16:30:00.000+00:00] gatherStats
[2026-09-19T16:45:00.000+00:00] gatherStats
[2026-09-19T17:00:00.000+00:00] gatherStats
[2026-09-19T17:15:00.000+00:00] gatherStats
[2026-09-19T17:30:00.000+00:00] gatherStats
[2026-09-19T17:45:00.000+00:00] gatherStats
[2026-09-19T18:00:00.000+00:00] gatherStats
[2026-09-19T18:15:00.000+00:00] gatherStats
[2026-09-19T18:30:00.000+00:00] gatherStats
[2026-09-19T18:45:00.000+00:00] gatherStats
[2026-09-19T19:00:00.000+00:00] gatherStats
[2026-09-19T19:15:00.000+00:00] gatherStats
[2026-09-19T19:30:00.000+00:00] gatherStats
[2026-09-19T19:45:00.000+00:00] gatherStats
[2026-09-19T20:00:00.000+00:00] gatherStats
[2026-09-19T20:15:00.000+00:00] gatherStats
[2026-09-19T20:30:00.000+00:00] gatherStats
[2026-09-19T20:45:00.000+00:00] gatherStats
[2026-09-19T21:00:00.000+00:00] gatherStats
[2026-09-19T21:15:00.000+00:00] gatherStats
[2026-09-19T21:30:00.000+00:00] gatherStats
[2026-09-19T21:45:00.000+00:00] gatherStats
[2026-09-19T22:00:00.000+00:00] gatherStats
[2026-09-19T22:15:00.000+00:00] gatherStats
[2026-09-19T22:30:00.000+00:00] gatherStats
[2026-09-19T22:45:00.000+00:00] gatherStats
[2026-09-19T23:00:00.000+00:00] gatherStats
[2026-09-19T23:15:00.000+00:00] gatherStats
[2026-09-19T23:30:00.000+00:00] gatherStats
[2026-09-19T23:45:00.000+00:00] gatherStats
[2026-09-20T00:00:00.000+00:00] gatherStats
[2026-09-20T00:15:00.000+00:00] gatherStats
[2026-09-20T00:30:00.000+00:00] gatherStats
[2026-09-20T00:45:00.000+00:00] gatherStats
[2026-09-20T01:00:00.000+00:00] gatherStats
[2026-09-20T01:15:00.000+00:00] gatherStats
[2026-09-20T01:30:00.000+00:00] gatherStats
[2026-09-20T01:45:00.000+00:00] gatherStats
[2026-09-20T02:00:00.000+00:00] gatherStats
[2026-09-20T02:15:00.000+00:00] gatherStats
[2026-09-20T02:30:00.000+00:00] gatherStats
[2026-09-20T02:45:00.000+00:00] gatherStats
[2026-09-20T03:00:00.000+00:00] gatherStats
[2026-09-20T03:15:00.000+00:00] gatherStats
[2026-09-20T03:30:00.000+00:00] gatherStats
[2026-09-20T03:45:00.000+00:00] gatherStats
[2026-09-20T04:00:00.000+00:00] gatherStats
[2026-09-20T04:15:00.000+00:00] gatherStats
[2026-09-20T04:30:00.000+00:00] gatherStats
[2026-09-20T04:45:00.000+00:00] gatherStats
[2026-09-20T05:00:00.000+00:00] gatherStats
[2026-09-20T05:15:00.000+00:00] gatherStats
[2026-09-20T05:30:00.000+00:00] gatherStats
[2026-09-20T05:45:00.000+00:00] gatherStats
[2026-09-20T06:00:00.000+00:00] gatherStats
[2026-09-20T06:15:00.000+00:00] gatherStats
[2026-09-20T06:30:00.000+00:00] gatherStats
[2026-09-20T06:45:00.000+00:00] gatherStats
[2026-09-20T07:00:00.000+00:00] gatherStats
[2026-09-20T07:15:00.000+00:00] gatherStats
[2026-09-20T07:30:00.000+00:00] gatherStats
[2026-09-20T07:45:00.000+00:00] gatherStats
[2026-09-20T08:00:00.000+00:00] gatherStats
[2026-09-20T08:15:00.000+00:00] gatherStats
[2026-09-20T08:30:00.000+00:00] gatherStats
[2026-09-20T08:45:00.000+00:00] gatherStats
[2026-09-20T09:00:00.000+00:00] gatherStats
[2026-09-20T09:15:00.000+00:00] gatherStats
[2026-09-20T09:30:00.000+00:00] gatherStats
[2026-09-20T09:45:00.000+00:00] gatherStats
[2026-09-20T10:00:00.000+00:00] gatherStats
[2026-09-20T10:15:00.000+00:00] gatherStats
[2026-09-20T10:30:00.000+00:00] gatherStats
[2026-09-20T10:45:00.000+00:00] gatherStats
[2026-09-20T11:00:00.000+00:00] gatherStats
[2026-09-20T11:15:00.000+00:00] gatherStats
[2026-09-20T11:30:00.000+00:00] gatherStats
[2026-09-20T11:45:00.000+00:00] gatherStats
[2026-09-20T12:00:00.000+00:00] gatherStats
[2026-09-20T12:15:00.000+00:00] gatherStats
[2026-09-20T12:30:00.000+00:00] gatherStats
[2026-09-20T12:45:00.000+00:00] gatherStats
[2026-09-20T13:00:00.000+00:00] gatherStats
[2026-09-20T13:15:00.000+00:00] gatherStats
[2026-09-20T13:30:00.000+00:00] gatherStats
[2026-09-20T13:45:00.000+00:00] gatherStats
[2026-09-20T14:00:00.000+00:00] gatherStats
[2026-09-20T14:15:00.000+00:00] gatherStats
[2026-09-20T14:30:00.000+00:00] gatherStats
[2026-09-20T14:45:00.000+00:00] gatherStats
[2026-09-20T15:00:00.000+00:00] gatherStats
[2026-09-20T15:15:00.000+00:00] gatherStats
[2026-09-20T15:30:00.000+00:00] gatherStats
[2026-09-20T15:45:00.000+00:00] gatherStats
[2026-09-20T16:00:00.000+00:00] gatherStats
[2026-09-20T16:15:00.000+00:00] gatherStats
[2026-09-20T16:30:00.000+00:00] gatherStats
[2026-09-20T16:45:00.000+00:00] gatherStats
[2026-09-20T17:00:00.000+00:00] gatherStats
[2026-09-20T17:15:00.000+00:00] gatherStats
[2026-09-20T17:30:00.000+00:00] gatherStats
[2026-09-20T17:45:00.000+00:00] gatherStats
[2026-09-20T18:00:00.000+00:00] gatherStats
[2026-09-20T18:15:00.000+00:00] gatherStats
[2026-09-20T18:30:00.000+00:00] gatherStats
[2026-09-20T18:45:00.000+00:00] gatherStats
[2026-09-20T19:00:00.000+00:00] gatherStats
[2026-09-20T19:15:00.000+00:00] gatherStats
[2026-09-20T19:30:00.000+00:00] gatherStats
[2026-09-20T19:45:00.000+00:00] gatherStats
[2026-09-20T20:00:00.000+00:00] gatherStats
[2026-09-20T20:15:00.000+00:00] gatherStats
[2026-09-20T20:30:00.000+00:00] gatherStats
[2026-09-20T20:45:00.000+00:00] gatherStats
[2026-09-20T21:00:00.000+00:00] gatherStats
[2026-09-20T21:15:00.000+00:00] gatherStats
[2026-09-20T21:30:00.000+00:00] gatherStats
[2026-09-20T21:45:00.000+00:00] gatherStats
[2026-09-20T22:00:00.000+00:00] gatherStats
[2026-09-20T22:15:00.000+00:00] gatherStats
[2026-09-20T22:30:00.000+00:00] gatherStats
[2026-09-20T22:45:00.000+00:00] gatherStats
[2026-09-20T23:00:00.000+00:00] gatherStats
[2026-09-20T23:15:00.000+00:00] gatherStats
[2026-09-20T23:30:00.000+00:00] gatherStats
[2026-09-20T23:45:00.000+00:00] gatherStats
[2026-09-21T00:00:00.000+00:00] gatherStats
[2026-09-21T00:15:00.000+00:00] gatherStats
[2026-09-21T00:30:00.000+00:00] gatherStats
[2026-09-21T00:45:00.000+00:00] gatherStats
[2026-09-21T01:00:00.000+00:00] gatherStats
[2026-09-21T01:15:00.000+00:00] gatherStats
[2026-09-21T01:30:00.000+00:00] gatherStats
[2026-09-21T01:45:00.000+00:00] gatherStats
[2026-09-21T02:00:00.000+00:00] gatherStats
[2026-09-21T02:15:00.000+00:00] gatherStats
[2026-09-21T02:30:00.000+00:00] gatherStats
[2026-09-21T02:45:00.000+00:00] gatherStats
[2026-09-21T03:00:00.000+00:00] gatherStats
[2026-09-21T03:15:00.000+00:00] gatherStats
[2026-09-21T03:30:00.000+00:00] gatherStats
[2026-09-21T03:45:00.000+00:00] gatherStats
[2026-09-21T04:00:00.000+00:00] gatherStats
[2026-09-21T04:15:00.000+00:00] gatherStats
[2026-09-21T04:30:00.000+00:00] gatherStats
[2026-09-21T04:45:00.000+00:00] gatherStats
[2026-09-21T05:00:00.000+00:00] gatherStats
[2026-09-21T05:15:00.000+00:00] gatherStats
[2026-09-21T05:30:00.000+00:00] gatherStats
[2026-09-21T05:45:00.000+00:00] gatherStats
[2026-09-21T06:00:00.000+00:00] gatherStats
[2026-09-21T06:15:00.000+00:00] gatherStats
[2026-09-21T06:30:00.000+00:00] gatherStats
[2026-09-21T06:45:00.000+00:00] gatherStats
[2026-09-21T07:00:00.000+00:00] gatherStats
[2026-09-21T07:15:00.000+00:00] gatherStats
[2026-09-21T07:30:00.000+00:00] gatherStats
[2026-09-21T07:45:00.000+00:00] gatherStats
[2026-09-21T08:00:00.000+00:00] gatherStats
[2026-09-21T08:15:00.000+00:00] gatherStats
[2026-09-21T08:30:00.000+00:00] gatherStats
[2026-09-21T08:45:00.000+00:00] gatherStats
[2026-09-21T09:00:00.000+00:00] gatherStats
[2026-09-21T09:15:00.000+00:00] gatherStats
[2026-09-21T09:30:00.000+00:00] gatherStats
[2026-09-21T09:45:00.000+00:00] gatherStats
[2026-09-21T10:00:00.000+00:00] gatherStats
[2026-09-21T10:15:00.000+00:00] gatherStats
[2026-09-21T10:30:00.000+00:00] gatherStats
[2026-09-21T10:45:00.000+00:00] gatherStats
[2026-09-21T11:00:00.000+00:00] gatherStats
[2026-09-21T11:15:00.000+00:00] gatherStats
[2026-09-21T11:30:00.000+00:00] gatherStats
[2026-09-21T11:45:00.000+00:00] gatherStats
[2026-09-21T12:00:00.000+00:00] gatherStats
[2026-09-21T12:15:00.000+00:00] gatherStats
[2026-09-21T12:30:00.000+00:00] gatherStats
[2026-09-21T12:45:00.000+00:00] gatherStats
[2026-09-21T13:00:00.000+00:00] gatherStats
[2026-09-21T13:15:00.000+00:00] gatherStats
[2026-09-21T13:30:00.000+00:00] gatherStats
[2026-09-21T13:45:00.000+00:00] gatherStats
[2026-09-21T14:00:00.000+00:00] gatherStats
[2026-09-21T14:15:00.000+00:00] gatherStats
[2026-09-21T14:30:00.000+00:00] gatherStats
[2026-09-21T14:45:00.000+00:00] gatherStats
[2026-09-21T15:00:00.000+00:00] gatherStats
[2026-09-21T15:15:00.000+00:00] gatherStats
[2026-09-21T15:30:00.000+00:00] gatherStats
[2026-09-21T15:45:00.000+00:00] gatherStats
[2026-09-21T16:00:00.000+00:00] gatherStats
[2026-09-21T16:15:00.000+00:00] gatherStats
[2026-09-21T16:30:00.000+00:00] gatherStats
[2026-09-21T16:45:00.000+00:00] gatherStats
[2026-09-21T17:00:00.000+00:00] gatherStats
[2026-09-21T17:15:00.000+00:00] gatherStats
[2026-09-21T17:30:00.000+00:00] gatherStats
[2026-09-21T17:45:00.000+00:00] gatherStats
[2026-09-21T18:00:00.000+00:00] gatherStats
[2026-09-21T18:15:00.000+00:00] gatherStats
[2026-09-21T18:30:00.000+00:00] gatherStats
[2026-09-21T18:45:00.000+00:00] gatherStats
[2026-09-21T19:00:00.000+00:00] gatherStats
[2026-09-21T19:15:00.000+00:00] gatherStats
[2026-09-21T19:30:00.000+00:00] gatherStats
[2026-09-21T19:45:00.000+00:00] gatherStats
[2026-09-21T20:00:00.000+00:00] gatherStats
[2026-09-21T20:15:00.000+00:00] gatherStats
[2026-09-21T20:30:00.000+00:00] gatherStats
[2026-09-21T20:45:00.000+00:00] gatherStats
[2026-09-21T21:00:00.000+00:00] gatherStats
[2026-09-21T21:15:00.000+00:00] gatherStats
[2026-09-21T21:30:00.000+00:00] gatherStats
[2026-09-21T21:45:00.000+00:00] gatherStats
[2026-09-21T22:00:00.000+00:00] gatherStats
[2026-09-21T22:15:00.000+00:00] gatherStats
[2026-09-21T22:30:00.000+00:00] gatherStats
[2026-09-21T22:45:00.000+00:00] gatherStats
[2026-09-21T23:00:00.000+00:00] gatherStats
[2026-09-21T23:15:00.000+00:00] gatherStats
[2026-09-21T23:30:00.000+00:00] gatherStats
[2026-09-21T23:45:00.000+00:00] gatherStats
[2026-09-22T00:00:00.000+00:00] gatherStats
[2026-09-22T00:15:00.000+00:00] gatherStats
[2026-09-22T00:30:00.000+00:00] gatherStats
[2026-09-22T00:45:00.000+00:00] gatherStats
[2026-09-22T01:00:00.000+00:00] gatherStats
[2026-09-22T01:15:00.000+00:00] gatherStats
[2026-09-22T01:30:00.000+00:00] gatherStats
[2026-09-22T01:45:00.000+00:00] gatherStats
[2026-09-22T02:00:00.000+00:00] gatherStats
candle-breakout-oscillator	15m	BTCUSD	891	82	-972.43	0.078	-0.228	97.28	346
fvg-channel	15m	BTCUSD	13	4	-115.73	0.311	-0.474	14.95	333
[2026-09-06T11:30:00.000+00:00] yaz_kizim undefined undefined
[2026-09-06T11:45:00.000+00:00] yaz_kizim undefined undefined
[2026-09-06T12:00:00.000+00:00] yaz_kizim undefined undefined
[2026-09-06T12:15:00.000+00:00] yaz_kizim undefined undefined
[2026-09-06T12:30:00.000+00:00] yaz_kizim undefined undefined
[2026-09-06T12:45:00.000+00:00] yaz_kizim undefined undefined
[2026-09-06T13:00:00.000+00:00] yaz_kizim undefined undefined
[2026-09-06T13:15:00.000+00:00] yaz_kizim undefined undefined
[2026-09-06T13:30:00.000+00:00] yaz_kizim undefined undefined
[2026-09-06T13:45:00.000+00:00] yaz_kizim undefined undefined
[2026-09-06T14:00:00.000+00:00] yaz_kizim undefined undefined
[2026-09-06T14:15:00.000+00:00] yaz_kizim undefined undefined
[2026-09-06T14:30:00.000+00:00] yaz_kizim undefined undefined
[2026-09-06T14:45:00.000+00:00] yaz_kizim undefined undefined
[2026-09-06T15:00:00.000+00:00] yaz_kizim undefined undefined
[2026-09-06T15:15:00.000+00:00] yaz_kizim undefined undefined
[2026-09-06T15:30:00.000+00:00] yaz_kizim undefined undefined
[2026-09-06T15:45:00.000+00:00] yaz_kizim undefined undefined
[2026-09-06T16:00:00.000+00:00] yaz_kizim undefined undefined
[2026-09-06T16:15:00.000+00:00] yaz_kizim undefined undefined
[2026-09-06T16:30:00.000+00:00] yaz_kizim undefined undefined
[2026-09-06T16:45:00.000+00:00] yaz_kizim undefined undefined
[2026-09-06T17:00:00.000+00:00] yaz_kizim undefined undefined
[2026-09-06T17:15:00.000+00:00] yaz_kizim undefined undefined
[2026-09-06T17:30:00.000+00:00] yaz_kizim undefined undefined
[2026-09-06T17:45:00.000+00:00] yaz_kizim undefined undefined
[2026-09-06T18:00:00.000+00:00] yaz_kizim undefined undefined
[2026-09-06T18:15:00.000+00:00] yaz_kizim undefined undefined
[2026-09-06T18:30:00.000+00:00] yaz_kizim undefined undefined
[2026-09-06T18:45:00.000+00:00] yaz_kizim undefined undefined
[2026-09-06T19:00:00.000+00:00] yaz_kizim undefined undefined
[2026-09-06T19:15:00.000+00:00] yaz_kizim undefined undefined
[2026-09-06T19:30:00.000+00:00] yaz_kizim undefined undefined
[2026-09-06T19:45:00.000+00:00] yaz_kizim undefined undefined
[2026-09-06T20:00:00.000+00:00] yaz_kizim undefined undefined
[2026-09-06T20:15:00.000+00:00] yaz_kizim undefined undefined
[2026-09-06T20:30:00.000+00:00] yaz_kizim undefined undefined
[2026-09-06T20:45:00.000+00:00] yaz_kizim undefined undefined
[2026-09-06T21:00:00.000+00:00] yaz_kizim undefined undefined
[2026-09-06T21:15:00.000+00:00] yaz_kizim undefined undefined
[2026-09-06T21:30:00.000+00:00] yaz_kizim undefined undefined
[2026-09-06T21:45:00.000+00:00] yaz_kizim undefined undefined
[2026-09-06T22:00:00.000+00:00] yaz_kizim undefined undefined
[2026-09-06T22:15:00.000+00:00] yaz_kizim undefined undefined
[2026-09-06T22:30:00.000+00:00] yaz_kizim undefined undefined
[2026-09-06T22:45:00.000+00:00] yaz_kizim undefined undefined
[2026-09-06T23:00:00.000+00:00] yaz_kizim undefined undefined
[2026-09-06T23:15:00.000+00:00] yaz_kizim undefined undefined
[2026-09-06T23:30:00.000+00:00] yaz_kizim undefined undefined
[2026-09-06T23:45:00.000+00:00] yaz_kizim undefined undefined
[2026-09-07T00:00:00.000+00:00] yaz_kizim undefined undefined
[2026-09-07T00:15:00.000+00:00] yaz_kizim undefined undefined
[2026-09-07T00:30:00.000+00:00] yaz_kizim undefined undefined
[2026-09-07T00:45:00.000+00:00] yaz_kizim undefined undefined
[2026-09-07T01:00:00.000+00:00] yaz_kizim undefined undefined
[2026-09-07T01:15:00.000+00:00] yaz_kizim undefined undefined
[2026-09-07T01:30:00.000+00:00] yaz_kizim undefined undefined
[2026-09-07T01:45:00.000+00:00] yaz_kizim undefined undefined
[2026-09-07T02:00:00.000+00:00] yaz_kizim undefined undefined
[2026-09-07T02:15:00.000+00:00] yaz_kizim undefined undefined
[2026-09-07T02:30:00.000+00:00] yaz_kizim undefined undefined
[2026-09-07T02:45:00.000+00:00] yaz_kizim undefined undefined
[2026-09-07T03:00:00.000+00:00] yaz_kizim undefined undefined
[2026-09-07T03:15:00.000+00:00] yaz_kizim undefined undefined
[2026-09-07T03:30:00.000+00:00] yaz_kizim undefined undefined
[2026-09-07T03:45:00.000+00:00] yaz_kizim undefined undefined
[2026-09-07T04:00:00.000+00:00] yaz_kizim undefined undefined
[2026-09-07T04:15:00.000+00:00] yaz_kizim undefined undefined
[2026-09-07T04:30:00.000+00:00] yaz_kizim undefined undefined
[2026-09-07T04:45:00.000+00:00] yaz_kizim 80537 false
[2026-09-07T05:00:00.000+00:00] yaz_kizim 80537 false
[2026-09-07T05:15:00.000+00:00] yaz_kizim 80537 false
[2026-09-07T05:30:00.000+00:00] yaz_kizim 80537 false
[2026-09-07T05:45:00.000+00:00] yaz_kizim 80537 false
[2026-09-07T06:00:00.000+00:00] yaz_kizim 80537 false
[2026-09-07T06:15:00.000+00:00] yaz_kizim 80537 false
[2026-09-07T06:30:00.000+00:00] yaz_kizim 80537 false
[2026-09-07T06:45:00.000+00:00] yaz_kizim 80537 false
[2026-09-07T07:00:00.000+00:00] yaz_kizim 80537 false
[2026-09-07T07:15:00.000+00:00] yaz_kizim 80537 false
[2026-09-07T07:30:00.000+00:00] yaz_kizim 80537 false
[2026-09-07T07:45:00.000+00:00] yaz_kizim 80537 false
[2026-09-07T08:00:00.000+00:00] yaz_kizim 80537 false
[2026-09-07T08:15:00.000+00:00] yaz_kizim 80537 false
[2026-09-07T08:30:00.000+00:00] yaz_kizim 80537 false
[2026-09-07T08:45:00.000+00:00] yaz_kizim 80537 false
[2026-09-07T09:00:00.000+00:00] yaz_kizim 80537 false
[2026-09-07T09:15:00.000+00:00] yaz_kizim 80537 false
[2026-09-07T09:30:00.000+00:00] yaz_kizim 80537 false
[2026-09-07T09:45:00.000+00:00] yaz_kizim 80537 false
[2026-09-07T10:00:00.000+00:00] yaz_kizim 80537 false
[2026-09-07T10:15:00.000+00:00] yaz_kizim 80537 false
[2026-09-07T10:30:00.000+00:00] yaz_kizim 80537 false
[2026-09-07T10:45:00.000+00:00] yaz_kizim 80537 false
[2026-09-07T11:00:00.000+00:00] yaz_kizim 80537 false
[2026-09-07T11:15:00.000+00:00] yaz_kizim 80537 false
[2026-09-07T11:30:00.000+00:00] yaz_kizim 80537 false
[2026-09-07T11:45:00.000+00:00] yaz_kizim 80537 false
[2026-09-07T12:00:00.000+00:00] yaz_kizim 80537 false
[2026-09-07T12:15:00.000+00:00] yaz_kizim 80537 false
[2026-09-07T12:30:00.000+00:00] yaz_kizim 80537 false
[2026-09-07T12:45:00.000+00:00] yaz_kizim 80537 false
[2026-09-07T13:00:00.000+00:00] yaz_kizim 80537 false
[2026-09-07T13:15:00.000+00:00] yaz_kizim 80537 false
[2026-09-07T13:30:00.000+00:00] yaz_kizim 80537 false
[2026-09-07T13:45:00.000+00:00] yaz_kizim 80537 false
[2026-09-07T14:00:00.000+00:00] yaz_kizim 80537 false
[2026-09-07T14:15:00.000+00:00] yaz_kizim 80537 false
[2026-09-07T14:30:00.000+00:00] yaz_kizim 80537 false
[2026-09-07T14:45:00.000+00:00] yaz_kizim 80537 false
[2026-09-07T15:00:00.000+00:00] yaz_kizim 80537 false
[2026-09-07T15:15:00.000+00:00] yaz_kizim 80537 false
[2026-09-07T15:30:00.000+00:00] yaz_kizim 80537 false
[2026-09-07T15:45:00.000+00:00] yaz_kizim 80537 false
[2026-09-07T16:00:00.000+00:00] yaz_kizim 80537 false
[2026-09-07T16:15:00.000+00:00] yaz_kizim 80537 false
[2026-09-07T16:30:00.000+00:00] yaz_kizim 80537 false
[2026-09-07T16:45:00.000+00:00] yaz_kizim 80537 false
[2026-09-07T17:00:00.000+00:00] yaz_kizim 80537 false
[2026-09-07T17:15:00.000+00:00] yaz_kizim 80537 false
[2026-09-07T17:30:00.000+00:00] yaz_kizim 80537 false
[2026-09-07T17:45:00.000+00:00] yaz_kizim 80537 false
[2026-09-07T18:00:00.000+00:00] yaz_kizim 80537 false
[2026-09-07T18:15:00.000+00:00] yaz_kizim 80537 false
[2026-09-07T18:30:00.000+00:00] yaz_kizim 80537 false
[2026-09-07T18:45:00.000+00:00] yaz_kizim 80537 false
[2026-09-07T19:00:00.000+00:00] yaz_kizim 80537 false
[2026-09-07T19:15:00.000+00:00] yaz_kizim 80537 false
[2026-09-07T19:30:00.000+00:00] yaz_kizim 80537 false
[2026-09-07T19:45:00.000+00:00] yaz_kizim 80537 false
[2026-09-07T20:00:00.000+00:00] yaz_kizim 80537 false
[2026-09-07T20:15:00.000+00:00] yaz_kizim 80537 false
[2026-09-07T20:30:00.000+00:00] yaz_kizim 79622 false
[2026-09-07T20:45:00.000+00:00] yaz_kizim 79622 false
[2026-09-07T21:00:00.000+00:00] yaz_kizim 79622 false
[2026-09-07T21:15:00.000+00:00] yaz_kizim 79622 false
[2026-09-07T21:30:00.000+00:00] yaz_kizim 79622 false
[2026-09-07T21:45:00.000+00:00] yaz_kizim 79622 false
[2026-09-07T22:00:00.000+00:00] yaz_kizim 79622 false
[2026-09-07T22:15:00.000+00:00] yaz_kizim 79622 false
[2026-09-07T22:30:00.000+00:00] yaz_kizim 79622 false
[2026-09-07T22:45:00.000+00:00] yaz_kizim 79622 false
[2026-09-07T23:00:00.000+00:00] yaz_kizim 79622 false
[2026-09-07T23:15:00.000+00:00] yaz_kizim 79622 false
[2026-09-07T23:30:00.000+00:00] yaz_kizim 79622 false
[2026-09-07T23:45:00.000+00:00] yaz_kizim 79622 false
[2026-09-08T00:00:00.000+00:00] yaz_kizim 79622 false
[2026-09-08T00:15:00.000+00:00] yaz_kizim 79622 false
[2026-09-08T00:30:00.000+00:00] yaz_kizim 79622 false
[2026-09-08T00:45:00.000+00:00] yaz_kizim 79622 false
[2026-09-08T01:00:00.000+00:00] yaz_kizim 79622 false
[2026-09-08T01:15:00.000+00:00] yaz_kizim 79622 false
[2026-09-08T01:30:00.000+00:00] yaz_kizim 79622 false
[2026-09-08T01:45:00.000+00:00] yaz_kizim 79622 false
[2026-09-08T02:00:00.000+00:00] yaz_kizim 79622 false
[2026-09-08T02:15:00.000+00:00] yaz_kizim 79622 false
[2026-09-08T02:30:00.000+00:00] yaz_kizim 79622 false
[2026-09-08T02:45:00.000+00:00] yaz_kizim 79622 false
[2026-09-08T03:00:00.000+00:00] yaz_kizim 79622 false
[2026-09-08T03:15:00.000+00:00] yaz_kizim 79622 false
[2026-09-08T03:30:00.000+00:00] yaz_kizim 79622 false
[2026-09-08T03:45:00.000+00:00] yaz_kizim 79622 false
[2026-09-08T04:00:00.000+00:00] yaz_kizim 79622 false
[2026-09-08T04:15:00.000+00:00] yaz_kizim 79622 false
[2026-09-08T04:30:00.000+00:00] yaz_kizim 79622 false
[2026-09-08T04:45:00.000+00:00] yaz_kizim 79622 false
[2026-09-08T05:00:00.000+00:00] yaz_kizim 79622 false
[2026-09-08T05:15:00.000+00:00] yaz_kizim 79622 false
[2026-09-08T05:30:00.000+00:00] yaz_kizim 79622 false
[2026-09-08T05:45:00.000+00:00] yaz_kizim 79622 false
[2026-09-08T06:00:00.000+00:00] yaz_kizim 79622 false
[2026-09-08T06:15:00.000+00:00] yaz_kizim 79622 false
[2026-09-08T06:30:00.000+00:00] yaz_kizim 79622 false
[2026-09-08T06:45:00.000+00:00] yaz_kizim 79465.5 false
[2026-09-08T07:00:00.000+00:00] yaz_kizim 79465.5 false
[2026-09-08T07:15:00.000+00:00] yaz_kizim 79465.5 false
[2026-09-08T07:30:00.000+00:00] yaz_kizim 79465.5 false
[2026-09-08T07:45:00.000+00:00] yaz_kizim 79465.5 false
[2026-09-08T08:00:00.000+00:00] yaz_kizim 79465.5 false
[2026-09-08T08:15:00.000+00:00] yaz_kizim 79465.5 false
[2026-09-08T08:30:00.000+00:00] yaz_kizim 79465.5 false
[2026-09-08T08:45:00.000+00:00] yaz_kizim 79465.5 false
[2026-09-08T09:00:00.000+00:00] yaz_kizim 79465.5 false
[2026-09-08T09:15:00.000+00:00] yaz_kizim 79465.5 false
[2026-09-08T09:30:00.000+00:00] yaz_kizim 79465.5 false
[2026-09-08T09:45:00.000+00:00] yaz_kizim 79465.5 false
[2026-09-08T10:00:00.000+00:00] yaz_kizim 79465.5 false
[2026-09-08T10:15:00.000+00:00] yaz_kizim 79465.5 false
[2026-09-08T10:30:00.000+00:00] yaz_kizim 79465.5 false
[2026-09-08T10:45:00.000+00:00] yaz_kizim 79465.5 false
[2026-09-08T11:00:00.000+00:00] yaz_kizim 79465.5 false
[2026-09-08T11:15:00.000+00:00] yaz_kizim 79465.5 false
[2026-09-08T11:30:00.000+00:00] yaz_kizim 79465.5 false
[2026-09-08T11:45:00.000+00:00] yaz_kizim 79465.5 false
[2026-09-08T12:00:00.000+00:00] yaz_kizim 79465.5 false
[2026-09-08T12:15:00.000+00:00] yaz_kizim 79465.5 false
[2026-09-08T12:30:00.000+00:00] yaz_kizim 79465.5 false
[2026-09-08T12:45:00.000+00:00] yaz_kizim 79465.5 false
[2026-09-08T13:00:00.000+00:00] yaz_kizim 79465.5 false
[2026-09-08T13:15:00.000+00:00] yaz_kizim 79465.5 false
[2026-09-08T13:30:00.000+00:00] yaz_kizim 79465.5 false
[2026-09-08T13:45:00.000+00:00] yaz_kizim 79465.5 false
[2026-09-08T14:00:00.000+00:00] yaz_kizim 79465.5 false
[2026-09-08T14:15:00.000+00:00] yaz_kizim 79465.5 false
[2026-09-08T14:30:00.000+00:00] yaz_kizim 79465.5 false
[2026-09-08T14:45:00.000+00:00] yaz_kizim 79465.5 false
[2026-09-08T15:00:00.000+00:00] yaz_kizim 79465.5 false
[2026-09-08T15:15:00.000+00:00] yaz_kizim 79465.5 false
[2026-09-08T15:30:00.000+00:00] yaz_kizim 79465.5 false
[2026-09-08T15:45:00.000+00:00] yaz_kizim 79465.5 false
[2026-09-08T16:00:00.000+00:00] yaz_kizim 79465.5 false
[2026-09-08T16:15:00.000+00:00] yaz_kizim 79465.5 false
[2026-09-08T16:30:00.000+00:00] yaz_kizim 79465.5 false
[2026-09-08T16:45:00.000+00:00] yaz_kizim 79465.5 false
[2026-09-08T17:00:00.000+00:00] yaz_kizim 79465.5 false
[2026-09-08T17:15:00.000+00:00] yaz_kizim 79465.5 false
[2026-09-08T17:30:00.000+00:00] yaz_kizim 78977 false
[2026-09-08T17:45:00.000+00:00] yaz_kizim 78977 false
[2026-09-08T18:00:00.000+00:00] yaz_kizim 78977 false
[2026-09-08T18:15:00.000+00:00] yaz_kizim 78977 false
[2026-09-08T18:30:00.000+00:00] yaz_kizim 78977 false
[2026-09-08T18:45:00.000+00:00] yaz_kizim 78977 false
[2026-09-08T19:00:00.000+00:00] yaz_kizim 78977 false
[2026-09-08T19:15:00.000+00:00] yaz_kizim 78977 false
[2026-09-08T19:30:00.000+00:00] yaz_kizim 78977 false
[2026-09-08T19:45:00.000+00:00] yaz_kizim 78977 false
[2026-09-08T20:00:00.000+00:00] yaz_kizim 78977 false
[2026-09-08T20:15:00.000+00:00] yaz_kizim 78977 false
[2026-09-08T20:30:00.000+00:00] yaz_kizim 78977 false
[2026-09-08T20:45:00.000+00:00] yaz_kizim 78977 false
[2026-09-08T21:00:00.000+00:00] yaz_kizim 78977 false
[2026-09-08T21:15:00.000+00:00] yaz_kizim 78977 false
[2026-09-08T21:30:00.000+00:00] yaz_kizim 78977 false
[2026-09-08T21:45:00.000+00:00] yaz_kizim 78977 false
[2026-09-08T22:00:00.000+00:00] yaz_kizim 78977 false
[2026-09-08T22:15:00.000+00:00] yaz_kizim 78977 false
[2026-09-08T22:30:00.000+00:00] yaz_kizim 78977 false
[2026-09-08T22:45:00.000+00:00] yaz_kizim 78977 false
[2026-09-08T23:00:00.000+00:00] yaz_kizim 78977 false
[2026-09-08T23:15:00.000+00:00] yaz_kizim 78977 false
[2026-09-08T23:30:00.000+00:00] yaz_kizim 78977 false
[2026-09-08T23:45:00.000+00:00] yaz_kizim 78977 false
[2026-09-09T00:00:00.000+00:00] yaz_kizim 78977 false
[2026-09-09T00:15:00.000+00:00] yaz_kizim 78977 false
[2026-09-09T00:30:00.000+00:00] yaz_kizim 78977 false
[2026-09-09T00:45:00.000+00:00] yaz_kizim 78977 false
[2026-09-09T01:00:00.000+00:00] yaz_kizim 78977 false
[2026-09-09T01:15:00.000+00:00] yaz_kizim 78977 false
[2026-09-09T01:30:00.000+00:00] yaz_kizim 78977 false
[2026-09-09T01:45:00.000+00:00] yaz_kizim 78977 false
[2026-09-09T02:00:00.000+00:00] yaz_kizim 78977 false
[2026-09-09T02:15:00.000+00:00] yaz_kizim 78977 false
[2026-09-09T02:30:00.000+00:00] yaz_kizim 78977 false
[2026-09-09T02:45:00.000+00:00] yaz_kizim 78977 false
[2026-09-09T03:00:00.000+00:00] yaz_kizim 78977 false
[2026-09-09T03:15:00.000+00:00] yaz_kizim 78977 false
[2026-09-09T03:30:00.000+00:00] yaz_kizim 78977 false
[2026-09-09T03:45:00.000+00:00] yaz_kizim 78977 false
[2026-09-09T04:00:00.000+00:00] yaz_kizim 78977 false
[2026-09-09T04:15:00.000+00:00] yaz_kizim 78977 false
[2026-09-09T04:30:00.000+00:00] yaz_kizim 78977 false
[2026-09-09T04:45:00.000+00:00] yaz_kizim 78977 true
[2026-09-09T05:00:00.000+00:00] yaz_kizim 78977 true
[2026-09-09T05:15:00.000+00:00] yaz_kizim 78977 true
[2026-09-09T05:30:00.000+00:00] yaz_kizim 78977 true
[2026-09-09T05:45:00.000+00:00] yaz_kizim 78977 true
[2026-09-09T06:00:00.000+00:00] yaz_kizim 78977 true
[2026-09-09T06:15:00.000+00:00] yaz_kizim 78977 true
[2026-09-09T06:30:00.000+00:00] yaz_kizim 78977 true
[2026-09-09T06:45:00.000+00:00] yaz_kizim 78977 true
[2026-09-09T07:00:00.000+00:00] yaz_kizim 78977 true
[2026-09-09T07:15:00.000+00:00] yaz_kizim 78977 true
[2026-09-09T07:30:00.000+00:00] yaz_kizim 78977 true
[2026-09-09T07:45:00.000+00:00] yaz_kizim 78977 true
[2026-09-09T08:00:00.000+00:00] yaz_kizim 78977 true
[2026-09-09T08:15:00.000+00:00] yaz_kizim 78977 true
[2026-09-09T08:30:00.000+00:00] yaz_kizim 78977 true
[2026-09-09T08:45:00.000+00:00] yaz_kizim 78977 true
[2026-09-09T09:00:00.000+00:00] yaz_kizim 78977 true
[2026-09-09T09:15:00.000+00:00] yaz_kizim 78977 true
[2026-09-09T09:30:00.000+00:00] yaz_kizim 78977 true
[2026-09-09T09:45:00.000+00:00] yaz_kizim 78977 true
[2026-09-09T10:00:00.000+00:00] yaz_kizim 78977 true
[2026-09-09T10:15:00.000+00:00] yaz_kizim 78977 true
[2026-09-09T10:30:00.000+00:00] yaz_kizim 78977 true
[2026-09-09T10:45:00.000+00:00] yaz_kizim 78977 true
[2026-09-09T11:00:00.000+00:00] yaz_kizim 78977 true
[2026-09-09T11:15:00.000+00:00] yaz_kizim 78977 true
[2026-09-09T11:30:00.000+00:00] yaz_kizim 78977 true
[2026-09-09T11:45:00.000+00:00] yaz_kizim 78977 true
[2026-09-09T12:00:00.000+00:00] yaz_kizim 78977 true
[2026-09-09T12:15:00.000+00:00] yaz_kizim 78977 true
[2026-09-09T12:30:00.000+00:00] yaz_kizim 78977 true
[2026-09-09T12:45:00.000+00:00] yaz_kizim 78977 true
[2026-09-09T13:00:00.000+00:00] yaz_kizim 78977 true
[2026-09-09T13:15:00.000+00:00] yaz_kizim 78977 true
[2026-09-09T13:30:00.000+00:00] yaz_kizim 78977 true
[2026-09-09T13:45:00.000+00:00] yaz_kizim 78977 true
[2026-09-09T14:00:00.000+00:00] yaz_kizim 78977 true
[2026-09-09T14:15:00.000+00:00] yaz_kizim 78977 true
[2026-09-09T14:30:00.000+00:00] yaz_kizim 78977 true
[2026-09-09T14:45:00.000+00:00] yaz_kizim 78977 true
[2026-09-09T15:00:00.000+00:00] yaz_kizim 79744 false
[2026-09-09T15:15:00.000+00:00] yaz_kizim 79744 false
[2026-09-09T15:30:00.000+00:00] yaz_kizim 79744 false
[2026-09-09T15:45:00.000+00:00] yaz_kizim 79744 false
[2026-09-09T16:00:00.000+00:00] yaz_kizim 79744 false
[2026-09-09T16:15:00.000+00:00] yaz_kizim 79744 false
[2026-09-09T16:30:00.000+00:00] yaz_kizim 79744 false
[2026-09-09T16:45:00.000+00:00] yaz_kizim 79744 false
[2026-09-09T17:00:00.000+00:00] yaz_kizim 79744 false
[2026-09-09T17:15:00.000+00:00] yaz_kizim 79744 false
[2026-09-09T17:30:00.000+00:00] yaz_kizim 79744 false
[2026-09-09T17:45:00.000+00:00] yaz_kizim 79744 false
[2026-09-09T18:00:00.000+00:00] yaz_kizim 79744 false
[2026-09-09T18:15:00.000+00:00] yaz_kizim 79744 false
[2026-09-09T18:30:00.000+00:00] yaz_kizim 79744 false
[2026-09-09T18:45:00.000+00:00] yaz_kizim 79744 false
[2026-09-09T19:00:00.000+00:00] yaz_kizim 79744 false
[2026-09-09T19:15:00.000+00:00] yaz_kizim 79744 false
[2026-09-09T19:30:00.000+00:00] yaz_kizim 79744 false
[2026-09-09T19:45:00.000+00:00] yaz_kizim 79744 false
[2026-09-09T20:00:00.000+00:00] yaz_kizim 79744 false
[2026-09-09T20:15:00.000+00:00] yaz_kizim 79744 false
[2026-09-09T20:30:00.000+00:00] yaz_kizim 79744 false
[2026-09-09T20:45:00.000+00:00] yaz_kizim 79744 false
[2026-09-09T21:00:00.000+00:00] yaz_kizim 79744 false
[2026-09-09T21:15:00.000+00:00] yaz_kizim 79744 false
[2026-09-09T21:30:00.000+00:00] yaz_kizim 79744 false
[2026-09-09T21:45:00.000+00:00] yaz_kizim 79744 false
[2026-09-09T22:00:00.000+00:00] yaz_kizim 79744 false
[2026-09-09T22:15:00.000+00:00] yaz_kizim 79744 false
[2026-09-09T22:30:00.000+00:00] yaz_kizim 79744 false
[2026-09-09T22:45:00.000+00:00] yaz_kizim 79744 false
[2026-09-09T23:00:00.000+00:00] yaz_kizim 79744 false
[2026-09-09T23:15:00.000+00:00] yaz_kizim 79744 false
[2026-09-09T23:30:00.000+00:00] yaz_kizim 79744 false
[2026-09-09T23:45:00.000+00:00] yaz_kizim 79744 false
[2026-09-10T00:00:00.000+00:00] yaz_kizim 79744 false
[2026-09-10T00:15:00.000+00:00] yaz_kizim 79744 false
[2026-09-10T00:30:00.000+00:00] yaz_kizim 79744 false
[2026-09-10T00:45:00.000+00:00] yaz_kizim 79744 false
[2026-09-10T01:00:00.000+00:00] yaz_kizim 79744 false
[2026-09-10T01:15:00.000+00:00] yaz_kizim 79744 false
[2026-09-10T01:30:00.000+00:00] yaz_kizim 79744 false
[2026-09-10T01:45:00.000+00:00] yaz_kizim 79744 false
[2026-09-10T02:00:00.000+00:00] yaz_kizim 79744 false
[2026-09-10T02:15:00.000+00:00] yaz_kizim 79744 false
[2026-09-10T02:30:00.000+00:00] yaz_kizim 79744 false
[2026-09-10T02:45:00.000+00:00] yaz_kizim 79744 false
[2026-09-10T03:00:00.000+00:00] yaz_kizim 79744 false
[2026-09-10T03:15:00.000+00:00] yaz_kizim 79744 false
[2026-09-10T03:30:00.000+00:00] yaz_kizim 79744 false
[2026-09-10T03:45:00.000+00:00] yaz_kizim 79744 false
[2026-09-10T04:00:00.000+00:00] yaz_kizim 79744 false
[2026-09-10T04:15:00.000+00:00] yaz_kizim 79744 false
[2026-09-10T04:30:00.000+00:00] yaz_kizim 79744 false
[2026-09-10T04:45:00.000+00:00] yaz_kizim 79744 false
[2026-09-10T05:00:00.000+00:00] yaz_kizim 79744 false
[2026-09-10T05:15:00.000+00:00] yaz_kizim 79744 false
[2026-09-10T05:30:00.000+00:00] yaz_kizim 79744 false
[2026-09-10T05:45:00.000+00:00] yaz_kizim 79744 false
[2026-09-10T06:00:00.000+00:00] yaz_kizim 79744 false
[2026-09-10T06:15:00.000+00:00] yaz_kizim 79744 false
[2026-09-10T06:30:00.000+00:00] yaz_kizim 79744 false
[2026-09-10T06:45:00.000+00:00] yaz_kizim 79744 false
[2026-09-10T07:00:00.000+00:00] yaz_kizim 79744 false
[2026-09-10T07:15:00.000+00:00] yaz_kizim 78542 false
[2026-09-10T07:30:00.000+00:00] yaz_kizim 78542 false
[2026-09-10T07:45:00.000+00:00] yaz_kizim 78542 false
[2026-09-10T08:00:00.000+00:00] yaz_kizim 78542 false
[2026-09-10T08:15:00.000+00:00] yaz_kizim 78542 false
[2026-09-10T08:30:00.000+00:00] yaz_kizim 78542 false
[2026-09-10T08:45:00.000+00:00] yaz_kizim 78542 false
[2026-09-10T09:00:00.000+00:00] yaz_kizim 78542 false
[2026-09-10T09:15:00.000+00:00] yaz_kizim 78542 false
[2026-09-10T09:30:00.000+00:00] yaz_kizim 78542 false
[2026-09-10T09:45:00.000+00:00] yaz_kizim 78542 false
[2026-09-10T10:00:00.000+00:00] yaz_kizim 78542 false
[2026-09-10T10:15:00.000+00:00] yaz_kizim 78542 false
[2026-09-10T10:30:00.000+00:00] yaz_kizim 78542 false
[2026-09-10T10:45:00.000+00:00] yaz_kizim 78542 false
[2026-09-10T11:00:00.000+00:00] yaz_kizim 78542 false
[2026-09-10T11:15:00.000+00:00] yaz_kizim 78542 false
[2026-09-10T11:30:00.000+00:00] yaz_kizim 78542 false
[2026-09-10T11:45:00.000+00:00] yaz_kizim 78542 false
[2026-09-10T12:00:00.000+00:00] yaz_kizim 78542 false
[2026-09-10T12:15:00.000+00:00] yaz_kizim 78542 false
[2026-09-10T12:30:00.000+00:00] yaz_kizim 78542 false
[2026-09-10T12:45:00.000+00:00] yaz_kizim 78542 false
[2026-09-10T13:00:00.000+00:00] yaz_kizim 78542 false
[2026-09-10T13:15:00.000+00:00] yaz_kizim 78542 false
[2026-09-10T13:30:00.000+00:00] yaz_kizim 78542 false
[2026-09-10T13:45:00.000+00:00] yaz_kizim 78542 false
[2026-09-10T14:00:00.000+00:00] yaz_kizim 78542 false
[2026-09-10T14:15:00.000+00:00] yaz_kizim 78542 false
[2026-09-10T14:30:00.000+00:00] yaz_kizim 78542 false
[2026-09-10T14:45:00.000+00:00] yaz_kizim 78542 false
[2026-09-10T15:00:00.000+00:00] yaz_kizim 78542 false
[2026-09-10T15:15:00.000+00:00] yaz_kizim 78542 false
[2026-09-10T15:30:00.000+00:00] yaz_kizim 78542 false
[2026-09-10T15:45:00.000+00:00] yaz_kizim 78542 false
[2026-09-10T16:00:00.000+00:00] yaz_kizim 78542 false
[2026-09-10T16:15:00.000+00:00] yaz_kizim 78542 false
[2026-09-10T16:30:00.000+00:00] yaz_kizim 78542 false
[2026-09-10T16:45:00.000+00:00] yaz_kizim 78542 false
[2026-09-10T17:00:00.000+00:00] yaz_kizim 78542 false
[2026-09-10T17:15:00.000+00:00] yaz_kizim 78542 false
[2026-09-10T17:30:00.000+00:00] yaz_kizim 78542 false
[2026-09-10T17:45:00.000+00:00] yaz_kizim 78542 false
[2026-09-10T18:00:00.000+00:00] yaz_kizim 78542 false
[2026-09-10T18:15:00.000+00:00] yaz_kizim 78542 false
[2026-09-10T18:30:00.000+00:00] yaz_kizim 78542 false
[2026-09-10T18:45:00.000+00:00] yaz_kizim 78542 false
[2026-09-10T19:00:00.000+00:00] yaz_kizim 78542 false
[2026-09-10T19:15:00.000+00:00] yaz_kizim 78542 false
[2026-09-10T19:30:00.000+00:00] yaz_kizim 78542 false
[2026-09-10T19:45:00.000+00:00] yaz_kizim 78542 false
[2026-09-10T20:00:00.000+00:00] yaz_kizim 78542 false
[2026-09-10T20:15:00.000+00:00] yaz_kizim 78542 false
[2026-09-10T20:30:00.000+00:00] yaz_kizim 78542 false
[2026-09-10T20:45:00.000+00:00] yaz_kizim 78542 false
[2026-09-10T21:00:00.000+00:00] yaz_kizim 78542 false
[2026-09-10T21:15:00.000+00:00] yaz_kizim 78542 false
[2026-09-10T21:30:00.000+00:00] yaz_kizim 77523 false
[2026-09-10T21:45:00.000+00:00] yaz_kizim 77523 false
[2026-09-10T22:00:00.000+00:00] yaz_kizim 77523 false
[2026-09-10T22:15:00.000+00:00] yaz_kizim 77523 false
[2026-09-10T22:30:00.000+00:00] yaz_kizim 77523 false
[2026-09-10T22:45:00.000+00:00] yaz_kizim 77523 false
[2026-09-10T23:00:00.000+00:00] yaz_kizim 77523 false
[2026-09-10T23:15:00.000+00:00] yaz_kizim 77523 false
[2026-09-10T23:30:00.000+00:00] yaz_kizim 77523 false
[2026-09-10T23:45:00.000+00:00] yaz_kizim 77523 false
[2026-09-11T00:00:00.000+00:00] yaz_kizim 77523 false
[2026-09-11T00:15:00.000+00:00] yaz_kizim 77523 false
[2026-09-11T00:30:00.000+00:00] yaz_kizim 77523 false
[2026-09-11T00:45:00.000+00:00] yaz_kizim 77523 false
[2026-09-11T01:00:00.000+00:00] yaz_kizim 77523 false
[2026-09-11T01:15:00.000+00:00] yaz_kizim 77523 false
[2026-09-11T01:30:00.000+00:00] yaz_kizim 77523 false
[2026-09-11T01:45:00.000+00:00] yaz_kizim 77523 false
[2026-09-11T02:00:00.000+00:00] yaz_kizim 77523 false
[2026-09-11T02:15:00.000+00:00] yaz_kizim 77523 false
[2026-09-11T02:30:00.000+00:00] yaz_kizim 77523 false
[2026-09-11T02:45:00.000+00:00] yaz_kizim 77523 false
[2026-09-11T03:00:00.000+00:00] yaz_kizim 77523 false
[2026-09-11T03:15:00.000+00:00] yaz_kizim 77523 false
[2026-09-11T03:30:00.000+00:00] yaz_kizim 77523 false
[2026-09-11T03:45:00.000+00:00] yaz_kizim 77523 false
[2026-09-11T04:00:00.000+00:00] yaz_kizim 77523 false
[2026-09-11T04:15:00.000+00:00] yaz_kizim 77523 false
[2026-09-11T04:30:00.000+00:00] yaz_kizim 77523 false
[2026-09-11T04:45:00.000+00:00] yaz_kizim 77523 false
[2026-09-11T05:00:00.000+00:00] yaz_kizim 77523 false
[2026-09-11T05:15:00.000+00:00] yaz_kizim 77523 false
[2026-09-11T05:30:00.000+00:00] yaz_kizim 77523 false
[2026-09-11T05:45:00.000+00:00] yaz_kizim 77523 false
[2026-09-11T06:00:00.000+00:00] yaz_kizim 77523 false
[2026-09-11T06:15:00.000+00:00] yaz_kizim 77523 false
[2026-09-11T06:30:00.000+00:00] yaz_kizim 77523 false
[2026-09-11T06:45:00.000+00:00] yaz_kizim 77523 false
[2026-09-11T07:00:00.000+00:00] yaz_kizim 77523 false
[2026-09-11T07:15:00.000+00:00] yaz_kizim 77523 false
[2026-09-11T07:30:00.000+00:00] yaz_kizim 77523 false
[2026-09-11T07:45:00.000+00:00] yaz_kizim 77523 false
[2026-09-11T08:00:00.000+00:00] yaz_kizim 77523 false
[2026-09-11T08:15:00.000+00:00] yaz_kizim 77523 false
[2026-09-11T08:30:00.000+00:00] yaz_kizim 77523 false
[2026-09-11T08:45:00.000+00:00] yaz_kizim 77523 false
[2026-09-11T09:00:00.000+00:00] yaz_kizim 77523 false
[2026-09-11T09:15:00.000+00:00] yaz_kizim 77523 false
[2026-09-11T09:30:00.000+00:00] yaz_kizim 77523 false
[2026-09-11T09:45:00.000+00:00] yaz_kizim 77523 false
[2026-09-11T10:00:00.000+00:00] yaz_kizim 77523 false
[2026-09-11T10:15:00.000+00:00] yaz_kizim 77523 false
[2026-09-11T10:30:00.000+00:00] yaz_kizim 77523 false
[2026-09-11T10:45:00.000+00:00] yaz_kizim 77523 false
[2026-09-11T11:00:00.000+00:00] yaz_kizim 77523 false
[2026-09-11T11:15:00.000+00:00] yaz_kizim 77523 false
[2026-09-11T11:30:00.000+00:00] yaz_kizim 77523 false
[2026-09-11T11:45:00.000+00:00] yaz_kizim 77523 false
[2026-09-11T12:00:00.000+00:00] yaz_kizim 77523 false
[2026-09-11T12:15:00.000+00:00] yaz_kizim 77523 false
[2026-09-11T12:30:00.000+00:00] yaz_kizim 77523 false
[2026-09-11T12:45:00.000+00:00] yaz_kizim 77523 true
[2026-09-11T13:00:00.000+00:00] yaz_kizim 77523 true
[2026-09-11T13:15:00.000+00:00] yaz_kizim 77523 true
[2026-09-11T13:30:00.000+00:00] yaz_kizim 77523 true
[2026-09-11T13:45:00.000+00:00] yaz_kizim 77523 true
[2026-09-11T14:00:00.000+00:00] yaz_kizim 77523 true
[2026-09-11T14:15:00.000+00:00] yaz_kizim 77523 true
[2026-09-11T14:30:00.000+00:00] yaz_kizim 77523 true
[2026-09-11T14:45:00.000+00:00] yaz_kizim 77523 true
[2026-09-11T15:00:00.000+00:00] yaz_kizim 77523 true
[2026-09-11T15:15:00.000+00:00] yaz_kizim 77523 true
[2026-09-11T15:30:00.000+00:00] yaz_kizim 77523 true
[2026-09-11T15:45:00.000+00:00] yaz_kizim 77523 true
[2026-09-11T16:00:00.000+00:00] yaz_kizim 77523 true
[2026-09-11T16:15:00.000+00:00] yaz_kizim 77523 true
[2026-09-11T16:30:00.000+00:00] yaz_kizim 77523 true
[2026-09-11T16:45:00.000+00:00] yaz_kizim 77523 true
[2026-09-11T17:00:00.000+00:00] yaz_kizim 77523 true
[2026-09-11T17:15:00.000+00:00] yaz_kizim 77523 true
[2026-09-11T17:30:00.000+00:00] yaz_kizim 77523 true
[2026-09-11T17:45:00.000+00:00] yaz_kizim 77523 true
[2026-09-11T18:00:00.000+00:00] yaz_kizim 77523 true
[2026-09-11T18:15:00.000+00:00] yaz_kizim 77523 true
[2026-09-11T18:30:00.000+00:00] yaz_kizim 77523 true
[2026-09-11T18:45:00.000+00:00] yaz_kizim 77523 true
[2026-09-11T19:00:00.000+00:00] yaz_kizim 77523 true
[2026-09-11T19:15:00.000+00:00] yaz_kizim 77523 true
[2026-09-11T19:30:00.000+00:00] yaz_kizim 77523 true
[2026-09-11T19:45:00.000+00:00] yaz_kizim 77523 true
[2026-09-11T20:00:00.000+00:00] yaz_kizim 77523 true
[2026-09-11T20:15:00.000+00:00] yaz_kizim 77523 true
[2026-09-11T20:30:00.000+00:00] yaz_kizim 77523 true
[2026-09-11T20:45:00.000+00:00] yaz_kizim 77523 true
[2026-09-11T21:00:00.000+00:00] yaz_kizim 79868.5 false
[2026-09-11T21:15:00.000+00:00] yaz_kizim 79868.5 false
[2026-09-11T21:30:00.000+00:00] yaz_kizim 79868.5 false
[2026-09-11T21:45:00.000+00:00] yaz_kizim 79868.5 false
[2026-09-11T22:00:00.000+00:00] yaz_kizim 79868.5 false
[2026-09-11T22:15:00.000+00:00] yaz_kizim 79868.5 false
[2026-09-11T22:30:00.000+00:00] yaz_kizim 79868.5 false
[2026-09-11T22:45:00.000+00:00] yaz_kizim 79868.5 false
[2026-09-11T23:00:00.000+00:00] yaz_kizim 79868.5 false
[2026-09-11T23:15:00.000+00:00] yaz_kizim 79868.5 false
[2026-09-11T23:30:00.000+00:00] yaz_kizim 79868.5 false
[2026-09-11T23:45:00.000+00:00] yaz_kizim 79868.5 false
[2026-09-12T00:00:00.000+00:00] yaz_kizim 79868.5 false
[2026-09-12T00:15:00.000+00:00] yaz_kizim 79868.5 false
[2026-09-12T00:30:00.000+00:00] yaz_kizim 79868.5 false
[2026-09-12T00:45:00.000+00:00] yaz_kizim 79868.5 false
[2026-09-12T01:00:00.000+00:00] yaz_kizim 79868.5 false
[2026-09-12T01:15:00.000+00:00] yaz_kizim 79868.5 false
[2026-09-12T01:30:00.000+00:00] yaz_kizim 79868.5 false
[2026-09-12T01:45:00.000+00:00] yaz_kizim 79868.5 false
[2026-09-12T02:00:00.000+00:00] yaz_kizim 79868.5 false
[2026-09-12T02:15:00.000+00:00] yaz_kizim 79868.5 false
[2026-09-12T02:30:00.000+00:00] yaz_kizim 79868.5 false
[2026-09-12T02:45:00.000+00:00] yaz_kizim 79868.5 false
[2026-09-12T03:00:00.000+00:00] yaz_kizim 79868.5 false
[2026-09-12T03:15:00.000+00:00] yaz_kizim 79868.5 false
[2026-09-12T03:30:00.000+00:00] yaz_kizim 79868.5 false
[2026-09-12T03:45:00.000+00:00] yaz_kizim 79868.5 false
[2026-09-12T04:00:00.000+00:00] yaz_kizim 79868.5 false
[2026-09-12T04:15:00.000+00:00] yaz_kizim 79868.5 false
[2026-09-12T04:30:00.000+00:00] yaz_kizim 79868.5 false
[2026-09-12T04:45:00.000+00:00] yaz_kizim 79868.5 false
[2026-09-12T05:00:00.000+00:00] yaz_kizim 79868.5 false
[2026-09-12T05:15:00.000+00:00] yaz_kizim 79868.5 false
[2026-09-12T05:30:00.000+00:00] yaz_kizim 79868.5 false
[2026-09-12T05:45:00.000+00:00] yaz_kizim 79868.5 false
[2026-09-12T06:00:00.000+00:00] yaz_kizim 79868.5 false
[2026-09-12T06:15:00.000+00:00] yaz_kizim 79868.5 false
[2026-09-12T06:30:00.000+00:00] yaz_kizim 79868.5 false
[2026-09-12T06:45:00.000+00:00] yaz_kizim 79868.5 false
[2026-09-12T07:00:00.000+00:00] yaz_kizim 79868.5 false
[2026-09-12T07:15:00.000+00:00] yaz_kizim 79868.5 false
[2026-09-12T07:30:00.000+00:00] yaz_kizim 79868.5 false
[2026-09-12T07:45:00.000+00:00] yaz_kizim 79868.5 false
[2026-09-12T08:00:00.000+00:00] yaz_kizim 79868.5 false
[2026-09-12T08:15:00.000+00:00] yaz_kizim 79868.5 false
[2026-09-12T08:30:00.000+00:00] yaz_kizim 79868.5 false
[2026-09-12T08:45:00.000+00:00] yaz_kizim 79868.5 false
[2026-09-12T09:00:00.000+00:00] yaz_kizim 79868.5 false
[2026-09-12T09:15:00.000+00:00] yaz_kizim 79868.5 false
[2026-09-12T09:30:00.000+00:00] yaz_kizim 79868.5 false
[2026-09-12T09:45:00.000+00:00] yaz_kizim 79868.5 false
[2026-09-12T10:00:00.000+00:00] yaz_kizim 79868.5 false
[2026-09-12T10:15:00.000+00:00] yaz_kizim 79868.5 false
[2026-09-12T10:30:00.000+00:00] yaz_kizim 79868.5 false
[2026-09-12T10:45:00.000+00:00] yaz_kizim 79868.5 false
[2026-09-12T11:00:00.000+00:00] yaz_kizim 79868.5 false
[2026-09-12T11:15:00.000+00:00] yaz_kizim 79868.5 false
[2026-09-12T11:30:00.000+00:00] yaz_kizim 79868.5 false
[2026-09-12T11:45:00.000+00:00] yaz_kizim 79868.5 false
[2026-09-12T12:00:00.000+00:00] yaz_kizim 79868.5 false
[2026-09-12T12:15:00.000+00:00] yaz_kizim 79868.5 false
[2026-09-12T12:30:00.000+00:00] yaz_kizim 79868.5 false
[2026-09-12T12:45:00.000+00:00] yaz_kizim 79868.5 false
[2026-09-12T13:00:00.000+00:00] yaz_kizim 79868.5 false
[2026-09-12T13:15:00.000+00:00] yaz_kizim 79868.5 false
[2026-09-12T13:30:00.000+00:00] yaz_kizim 79868.5 false
[2026-09-12T13:45:00.000+00:00] yaz_kizim 79868.5 false
[2026-09-12T14:00:00.000+00:00] yaz_kizim 79868.5 false
[2026-09-12T14:15:00.000+00:00] yaz_kizim 79868.5 false
[2026-09-12T14:30:00.000+00:00] yaz_kizim 79868.5 false
[2026-09-12T14:45:00.000+00:00] yaz_kizim 79868.5 false
[2026-09-12T15:00:00.000+00:00] yaz_kizim 79868.5 false
[2026-09-12T15:15:00.000+00:00] yaz_kizim 79868.5 false
[2026-09-12T15:30:00.000+00:00] yaz_kizim 79868.5 false
[2026-09-12T15:45:00.000+00:00] yaz_kizim 79868.5 false
[2026-09-12T16:00:00.000+00:00] yaz_kizim 79868.5 false
[2026-09-12T16:15:00.000+00:00] yaz_kizim 79868.5 false
[2026-09-12T16:30:00.000+00:00] yaz_kizim 79868.5 false
[2026-09-12T16:45:00.000+00:00] yaz_kizim 79868.5 false
[2026-09-12T17:00:00.000+00:00] yaz_kizim 79868.5 false
[2026-09-12T17:15:00.000+00:00] yaz_kizim 79868.5 false
[2026-09-12T17:30:00.000+00:00] yaz_kizim 79868.5 false
[2026-09-12T17:45:00.000+00:00] yaz_kizim 79868.5 false
[2026-09-12T18:00:00.000+00:00] yaz_kizim 79868.5 false
[2026-09-12T18:15:00.000+00:00] yaz_kizim 79868.5 false
[2026-09-12T18:30:00.000+00:00] yaz_kizim 79868.5 false
[2026-09-12T18:45:00.000+00:00] yaz_kizim 79868.5 false
[2026-09-12T19:00:00.000+00:00] yaz_kizim 79868.5 false
[2026-09-12T19:15:00.000+00:00] yaz_kizim 79868.5 false
[2026-09-12T19:30:00.000+00:00] yaz_kizim 79868.5 false
[2026-09-12T19:45:00.000+00:00] yaz_kizim 77485.5 false
[2026-09-12T20:00:00.000+00:00] yaz_kizim 77485.5 false
[2026-09-12T20:15:00.000+00:00] yaz_kizim 77485.5 false
[2026-09-12T20:30:00.000+00:00] yaz_kizim 77485.5 false
[2026-09-12T20:45:00.000+00:00] yaz_kizim 77485.5 false
[2026-09-12T21:00:00.000+00:00] yaz_kizim 77485.5 false
[2026-09-12T21:15:00.000+00:00] yaz_kizim 77485.5 false
[2026-09-12T21:30:00.000+00:00] yaz_kizim 77485.5 false
[2026-09-12T21:45:00.000+00:00] yaz_kizim 77485.5 false
[2026-09-12T22:00:00.000+00:00] yaz_kizim 77485.5 false
[2026-09-12T22:15:00.000+00:00] yaz_kizim 77485.5 false
[2026-09-12T22:30:00.000+00:00] yaz_kizim 77485.5 false
[2026-09-12T22:45:00.000+00:00] yaz_kizim 77485.5 false
[2026-09-12T23:00:00.000+00:00] yaz_kizim 77485.5 false
[2026-09-12T23:15:00.000+00:00] yaz_kizim 77485.5 false
[2026-09-12T23:30:00.000+00:00] yaz_kizim 77485.5 false
[2026-09-12T23:45:00.000+00:00] yaz_kizim 77485.5 false
[2026-09-13T00:00:00.000+00:00] yaz_kizim 77485.5 false
[2026-09-13T00:15:00.000+00:00] yaz_kizim 77485.5 false
[2026-09-13T00:30:00.000+00:00] yaz_kizim 77485.5 false
[2026-09-13T00:45:00.000+00:00] yaz_kizim 77485.5 false
[2026-09-13T01:00:00.000+00:00] yaz_kizim 77485.5 false
[2026-09-13T01:15:00.000+00:00] yaz_kizim 77485.5 false
[2026-09-13T01:30:00.000+00:00] yaz_kizim 77485.5 false
[2026-09-13T01:45:00.000+00:00] yaz_kizim 77485.5 false
[2026-09-13T02:00:00.000+00:00] yaz_kizim 77485.5 false
[2026-09-13T02:15:00.000+00:00] yaz_kizim 77485.5 false
[2026-09-13T02:30:00.000+00:00] yaz_kizim 77485.5 false
[2026-09-13T02:45:00.000+00:00] yaz_kizim 77485.5 false
[2026-09-13T03:00:00.000+00:00] yaz_kizim 77485.5 false
[2026-09-13T03:15:00.000+00:00] yaz_kizim 77485.5 false
[2026-09-13T03:30:00.000+00:00] yaz_kizim 77485.5 false
[2026-09-13T03:45:00.000+00:00] yaz_kizim 77485.5 false
[2026-09-13T04:00:00.000+00:00] yaz_kizim 77485.5 false
[2026-09-13T04:15:00.000+00:00] yaz_kizim 77485.5 false
[2026-09-13T04:30:00.000+00:00] yaz_kizim 77485.5 false
[2026-09-13T04:45:00.000+00:00] yaz_kizim 77485.5 false
[2026-09-13T05:00:00.000+00:00] yaz_kizim 77485.5 false
[2026-09-13T05:15:00.000+00:00] yaz_kizim 77485.5 false
[2026-09-13T05:30:00.000+00:00] yaz_kizim 77485.5 false
[2026-09-13T05:45:00.000+00:00] yaz_kizim 77485.5 false
[2026-09-13T06:00:00.000+00:00] yaz_kizim 77485.5 false
[2026-09-13T06:15:00.000+00:00] yaz_kizim 77485.5 false
[2026-09-13T06:30:00.000+00:00] yaz_kizim 77485.5 false
[2026-09-13T06:45:00.000+00:00] yaz_kizim 77485.5 false
[2026-09-13T07:00:00.000+00:00] yaz_kizim 77485.5 false
[2026-09-13T07:15:00.000+00:00] yaz_kizim 77485.5 false
[2026-09-13T07:30:00.000+00:00] yaz_kizim 77485.5 false
[2026-09-13T07:45:00.000+00:00] yaz_kizim 77317 false
[2026-09-13T08:00:00.000+00:00] yaz_kizim 77317 false
[2026-09-13T08:15:00.000+00:00] yaz_kizim 77317 false
[2026-09-13T08:30:00.000+00:00] yaz_kizim 77317 false
[2026-09-13T08:45:00.000+00:00] yaz_kizim 77317 false
[2026-09-13T09:00:00.000+00:00] yaz_kizim 77317 false
[2026-09-13T09:15:00.000+00:00] yaz_kizim 77317 false
[2026-09-13T09:30:00.000+00:00] yaz_kizim 77317 false
[2026-09-13T09:45:00.000+00:00] yaz_kizim 77317 false
[2026-09-13T10:00:00.000+00:00] yaz_kizim 77317 false
[2026-09-13T10:15:00.000+00:00] yaz_kizim 77317 false
[2026-09-13T10:30:00.000+00:00] yaz_kizim 77317 false
[2026-09-13T10:45:00.000+00:00] yaz_kizim 77317 false
[2026-09-13T11:00:00.000+00:00] yaz_kizim 77317 false
[2026-09-13T11:15:00.000+00:00] yaz_kizim 77317 false
[2026-09-13T11:30:00.000+00:00] yaz_kizim 77317 false
[2026-09-13T11:45:00.000+00:00] yaz_kizim 77317 false
[2026-09-13T12:00:00.000+00:00] yaz_kizim 77317 false
[2026-09-13T12:15:00.000+00:00] yaz_kizim 77317 false
[2026-09-13T12:30:00.000+00:00] yaz_kizim 77317 false
[2026-09-13T12:45:00.000+00:00] yaz_kizim 77317 false
[2026-09-13T13:00:00.000+00:00] yaz_kizim 77317 false
[2026-09-13T13:15:00.000+00:00] yaz_kizim 77317 false
[2026-09-13T13:30:00.000+00:00] yaz_kizim 77317 false
[2026-09-13T13:45:00.000+00:00] yaz_kizim 77317 false
[2026-09-13T14:00:00.000+00:00] yaz_kizim 77317 false
[2026-09-13T14:15:00.000+00:00] yaz_kizim 77317 false
[2026-09-13T14:30:00.000+00:00] yaz_kizim 77317 false
[2026-09-13T14:45:00.000+00:00] yaz_kizim 77317 false
[2026-09-13T15:00:00.000+00:00] yaz_kizim 77317 false
[2026-09-13T15:15:00.000+00:00] yaz_kizim 77317 false
[2026-09-13T15:30:00.000+00:00] yaz_kizim 77317 false
[2026-09-13T15:45:00.000+00:00] yaz_kizim 77317 false
[2026-09-13T16:00:00.000+00:00] yaz_kizim 77317 false
[2026-09-13T16:15:00.000+00:00] yaz_kizim 77317 false
[2026-09-13T16:30:00.000+00:00] yaz_kizim 77317 false
[2026-09-13T16:45:00.000+00:00] yaz_kizim 77317 false
[2026-09-13T17:00:00.000+00:00] yaz_kizim 77317 false
[2026-09-13T17:15:00.000+00:00] yaz_kizim 77317 true
[2026-09-13T17:30:00.000+00:00] yaz_kizim 77317 true
[2026-09-13T17:45:00.000+00:00] yaz_kizim 77317 true
[2026-09-13T18:00:00.000+00:00] yaz_kizim 77317 true
[2026-09-13T18:15:00.000+00:00] yaz_kizim 77317 true
[2026-09-13T18:30:00.000+00:00] yaz_kizim 77317 true
[2026-09-13T18:45:00.000+00:00] yaz_kizim 77317 true
[2026-09-13T19:00:00.000+00:00] yaz_kizim 77317 true
[2026-09-13T19:15:00.000+00:00] yaz_kizim 77317 true
[2026-09-13T19:30:00.000+00:00] yaz_kizim 77317 true
[2026-09-13T19:45:00.000+00:00] yaz_kizim 77317 true
[2026-09-13T20:00:00.000+00:00] yaz_kizim 77317 true
[2026-09-13T20:15:00.000+00:00] yaz_kizim 77317 true
[2026-09-13T20:30:00.000+00:00] yaz_kizim 77317 true
[2026-09-13T20:45:00.000+00:00] yaz_kizim 77317 true
[2026-09-13T21:00:00.000+00:00] yaz_kizim 77317 true
[2026-09-13T21:15:00.000+00:00] yaz_kizim 77317 true
[2026-09-13T21:30:00.000+00:00] yaz_kizim 77317 true
[2026-09-13T21:45:00.000+00:00] yaz_kizim 77317 true
[2026-09-13T22:00:00.000+00:00] yaz_kizim 77317 true
[2026-09-13T22:15:00.000+00:00] yaz_kizim 77317 true
[2026-09-13T22:30:00.000+00:00] yaz_kizim 77317 true
[2026-09-13T22:45:00.000+00:00] yaz_kizim 77317 true
[2026-09-13T23:00:00.000+00:00] yaz_kizim 77317 true
[2026-09-13T23:15:00.000+00:00] yaz_kizim 77317 true
[2026-09-13T23:30:00.000+00:00] yaz_kizim 77317 true
[2026-09-13T23:45:00.000+00:00] yaz_kizim 77317 true
[2026-09-14T00:00:00.000+00:00] yaz_kizim 77317 true
[2026-09-14T00:15:00.000+00:00] yaz_kizim 77317 true
[2026-09-14T00:30:00.000+00:00] yaz_kizim 77317 true
[2026-09-14T00:45:00.000+00:00] yaz_kizim 77317 true
[2026-09-14T01:00:00.000+00:00] yaz_kizim 77317 true
[2026-09-14T01:15:00.000+00:00] yaz_kizim 77317 true
[2026-09-14T01:30:00.000+00:00] yaz_kizim 77317 true
[2026-09-14T01:45:00.000+00:00] yaz_kizim 77317 true
[2026-09-14T02:00:00.000+00:00] yaz_kizim 77317 true
[2026-09-14T02:15:00.000+00:00] yaz_kizim 77317 true
[2026-09-14T02:30:00.000+00:00] yaz_kizim 77317 true
[2026-09-14T02:45:00.000+00:00] yaz_kizim 77317 true
[2026-09-14T03:00:00.000+00:00] yaz_kizim 77317 true
[2026-09-14T03:15:00.000+00:00] yaz_kizim 77317 true
[2026-09-14T03:30:00.000+00:00] yaz_kizim 77317 true
[2026-09-14T03:45:00.000+00:00] yaz_kizim 77317 true
[2026-09-14T04:00:00.000+00:00] yaz_kizim 77317 true
[2026-09-14T04:15:00.000+00:00] yaz_kizim 77317 true
[2026-09-14T04:30:00.000+00:00] yaz_kizim 77317 true
[2026-09-14T04:45:00.000+00:00] yaz_kizim 77317 true
[2026-09-14T05:00:00.000+00:00] yaz_kizim 77317 true
[2026-09-14T05:15:00.000+00:00] yaz_kizim 77317 true
[2026-09-14T05:30:00.000+00:00] yaz_kizim 77317 true
[2026-09-14T05:45:00.000+00:00] yaz_kizim 77317 true
[2026-09-14T06:00:00.000+00:00] yaz_kizim 77317 true
[2026-09-14T06:15:00.000+00:00] yaz_kizim 77317 true
[2026-09-14T06:30:00.000+00:00] yaz_kizim 77317 true
[2026-09-14T06:45:00.000+00:00] yaz_kizim 77317 true
[2026-09-14T07:00:00.000+00:00] yaz_kizim 77317 true
[2026-09-14T07:15:00.000+00:00] yaz_kizim 77317 true
[2026-09-14T07:30:00.000+00:00] yaz_kizim 77317 true
[2026-09-14T07:45:00.000+00:00] yaz_kizim 77317 true
[2026-09-14T08:00:00.000+00:00] yaz_kizim 77317 true
[2026-09-14T08:15:00.000+00:00] yaz_kizim 77317 true
[2026-09-14T08:30:00.000+00:00] yaz_kizim 77317 true
[2026-09-14T08:45:00.000+00:00] yaz_kizim 77317 true
[2026-09-14T09:00:00.000+00:00] yaz_kizim 77317 true
[2026-09-14T09:15:00.000+00:00] yaz_kizim 77317 true
[2026-09-14T09:30:00.000+00:00] yaz_kizim 77317 true
[2026-09-14T09:45:00.000+00:00] yaz_kizim 77317 true
[2026-09-14T10:00:00.000+00:00] yaz_kizim 77317 true
[2026-09-14T10:15:00.000+00:00] yaz_kizim 77317 true
[2026-09-14T10:30:00.000+00:00] yaz_kizim 77317 true
[2026-09-14T10:45:00.000+00:00] yaz_kizim 77317 true
[2026-09-14T11:00:00.000+00:00] yaz_kizim 77317 true
[2026-09-14T11:15:00.000+00:00] yaz_kizim 77317 true
[2026-09-14T11:30:00.000+00:00] yaz_kizim 77317 true
[2026-09-14T11:45:00.000+00:00] yaz_kizim 77317 true
[2026-09-14T12:00:00.000+00:00] yaz_kizim 77317 true
[2026-09-14T12:15:00.000+00:00] yaz_kizim 77317 true
[2026-09-14T12:30:00.000+00:00] yaz_kizim 77317 true
[2026-09-14T12:45:00.000+00:00] yaz_kizim 77317 true
[2026-09-14T13:00:00.000+00:00] yaz_kizim 77317 true
[2026-09-14T13:15:00.000+00:00] yaz_kizim 77317 true
[2026-09-14T13:30:00.000+00:00] yaz_kizim 77317 true
[2026-09-14T13:45:00.000+00:00] yaz_kizim 77317 true
[2026-09-14T14:00:00.000+00:00] yaz_kizim 77317 true
[2026-09-14T14:15:00.000+00:00] yaz_kizim 77317 true
[2026-09-14T14:30:00.000+00:00] yaz_kizim 77317 true
[2026-09-14T14:45:00.000+00:00] yaz_kizim 77317 true
[2026-09-14T15:00:00.000+00:00] yaz_kizim 77317 true
[2026-09-14T15:15:00.000+00:00] yaz_kizim 77317 true
[2026-09-14T15:30:00.000+00:00] yaz_kizim 77317 true
[2026-09-14T15:45:00.000+00:00] yaz_kizim 77317 true
[2026-09-14T16:00:00.000+00:00] yaz_kizim 77317 true
[2026-09-14T16:15:00.000+00:00] yaz_kizim 77317 true
[2026-09-14T16:30:00.000+00:00] yaz_kizim 77317 true
[2026-09-14T16:45:00.000+00:00] yaz_kizim 77317 true
[2026-09-14T17:00:00.000+00:00] yaz_kizim 77317 true
[2026-09-14T17:15:00.000+00:00] yaz_kizim 77317 true
[2026-09-14T17:30:00.000+00:00] yaz_kizim 77317 true
[2026-09-14T17:45:00.000+00:00] yaz_kizim 77317 true
[2026-09-14T18:00:00.000+00:00] yaz_kizim 77317 true
[2026-09-14T18:15:00.000+00:00] yaz_kizim 77317 true
[2026-09-14T18:30:00.000+00:00] yaz_kizim 77317 true
[2026-09-14T18:45:00.000+00:00] yaz_kizim 77317 true
[2026-09-14T19:00:00.000+00:00] yaz_kizim 77317 true
[2026-09-14T19:15:00.000+00:00] yaz_kizim 77317 true
[2026-09-14T19:30:00.000+00:00] yaz_kizim 77317 true
[2026-09-14T19:45:00.000+00:00] yaz_kizim 77317 true
[2026-09-14T20:00:00.000+00:00] yaz_kizim 77317 true
[2026-09-14T20:15:00.000+00:00] yaz_kizim 77317 true
[2026-09-14T20:30:00.000+00:00] yaz_kizim 77317 true
[2026-09-14T20:45:00.000+00:00] yaz_kizim 77317 true
[2026-09-14T21:00:00.000+00:00] yaz_kizim 77317 true
[2026-09-14T21:15:00.000+00:00] yaz_kizim 77317 true
[2026-09-14T21:30:00.000+00:00] yaz_kizim 77317 true
[2026-09-14T21:45:00.000+00:00] yaz_kizim 77317 true
[2026-09-14T22:00:00.000+00:00] yaz_kizim 77317 true
[2026-09-14T22:15:00.000+00:00] yaz_kizim 77317 true
[2026-09-14T22:30:00.000+00:00] yaz_kizim 77317 true
[2026-09-14T22:45:00.000+00:00] yaz_kizim 77317 true
[2026-09-14T23:00:00.000+00:00] yaz_kizim 77317 true
[2026-09-14T23:15:00.000+00:00] yaz_kizim 77317 true
[2026-09-14T23:30:00.000+00:00] yaz_kizim 77317 true
[2026-09-14T23:45:00.000+00:00] yaz_kizim 77317 true
[2026-09-15T00:00:00.000+00:00] yaz_kizim 77317 true
[2026-09-15T00:15:00.000+00:00] yaz_kizim 77317 true
[2026-09-15T00:30:00.000+00:00] yaz_kizim 77317 true
[2026-09-15T00:45:00.000+00:00] yaz_kizim 77317 true
[2026-09-15T01:00:00.000+00:00] yaz_kizim 77317 true
[2026-09-15T01:15:00.000+00:00] yaz_kizim 77317 true
[2026-09-15T01:30:00.000+00:00] yaz_kizim 77317 true
[2026-09-15T01:45:00.000+00:00] yaz_kizim 77317 true
[2026-09-15T02:00:00.000+00:00] yaz_kizim 77317 true
[2026-09-15T02:15:00.000+00:00] yaz_kizim 77317 true
[2026-09-15T02:30:00.000+00:00] yaz_kizim 77317 true
[2026-09-15T02:45:00.000+00:00] yaz_kizim 79578.5 false
[2026-09-15T03:00:00.000+00:00] yaz_kizim 79578.5 false
[2026-09-15T03:15:00.000+00:00] yaz_kizim 79578.5 false
[2026-09-15T03:30:00.000+00:00] yaz_kizim 79578.5 false
[2026-09-15T03:45:00.000+00:00] yaz_kizim 79578.5 false
[2026-09-15T04:00:00.000+00:00] yaz_kizim 79578.5 false
[2026-09-15T04:15:00.000+00:00] yaz_kizim 79578.5 false
[2026-09-15T04:30:00.000+00:00] yaz_kizim 79578.5 false
[2026-09-15T04:45:00.000+00:00] yaz_kizim 79578.5 false
[2026-09-15T05:00:00.000+00:00] yaz_kizim 79578.5 false
[2026-09-15T05:15:00.000+00:00] yaz_kizim 79578.5 false
[2026-09-15T05:30:00.000+00:00] yaz_kizim 79578.5 false
[2026-09-15T05:45:00.000+00:00] yaz_kizim 79578.5 false
[2026-09-15T06:00:00.000+00:00] yaz_kizim 79578.5 false
[2026-09-15T06:15:00.000+00:00] yaz_kizim 79578.5 false
[2026-09-15T06:30:00.000+00:00] yaz_kizim 79578.5 false
[2026-09-15T06:45:00.000+00:00] yaz_kizim 79578.5 false
[2026-09-15T07:00:00.000+00:00] yaz_kizim 79578.5 false
[2026-09-15T07:15:00.000+00:00] yaz_kizim 79578.5 false
[2026-09-15T07:30:00.000+00:00] yaz_kizim 79578.5 false
[2026-09-15T07:45:00.000+00:00] yaz_kizim 79578.5 false
[2026-09-15T08:00:00.000+00:00] yaz_kizim 79578.5 false
[2026-09-15T08:15:00.000+00:00] yaz_kizim 79578.5 false
[2026-09-15T08:30:00.000+00:00] yaz_kizim 79578.5 false
[2026-09-15T08:45:00.000+00:00] yaz_kizim 79578.5 false
[2026-09-15T09:00:00.000+00:00] yaz_kizim 79578.5 false
[2026-09-15T09:15:00.000+00:00] yaz_kizim 79578.5 false
[2026-09-15T09:30:00.000+00:00] yaz_kizim 79578.5 false
[2026-09-15T09:45:00.000+00:00] yaz_kizim 79578.5 false
[2026-09-15T10:00:00.000+00:00] yaz_kizim 79578.5 false
[2026-09-15T10:15:00.000+00:00] yaz_kizim 79578.5 false
[2026-09-15T10:30:00.000+00:00] yaz_kizim 79578.5 false
[2026-09-15T10:45:00.000+00:00] yaz_kizim 79578.5 false
[2026-09-15T11:00:00.000+00:00] yaz_kizim 79578.5 false
[2026-09-15T11:15:00.000+00:00] yaz_kizim 79578.5 false
[2026-09-15T11:30:00.000+00:00] yaz_kizim 79578.5 false
[2026-09-15T11:45:00.000+00:00] yaz_kizim 79578.5 false
[2026-09-15T12:00:00.000+00:00] yaz_kizim 79578.5 false
[2026-09-15T12:15:00.000+00:00] yaz_kizim 79578.5 false
[2026-09-15T12:30:00.000+00:00] yaz_kizim 79578.5 false
[2026-09-15T12:45:00.000+00:00] yaz_kizim 79578.5 false
[2026-09-15T13:00:00.000+00:00] yaz_kizim 79578.5 false
[2026-09-15T13:15:00.000+00:00] yaz_kizim 79578.5 false
[2026-09-15T13:30:00.000+00:00] yaz_kizim 79578.5 false
[2026-09-15T13:45:00.000+00:00] yaz_kizim 79578.5 false
[2026-09-15T14:00:00.000+00:00] yaz_kizim 79578.5 false
[2026-09-15T14:15:00.000+00:00] yaz_kizim 79578.5 false
[2026-09-15T14:30:00.000+00:00] yaz_kizim 79578.5 false
[2026-09-15T14:45:00.000+00:00] yaz_kizim 79578.5 false
[2026-09-15T15:00:00.000+00:00] yaz_kizim 79578.5 false
[2026-09-15T15:15:00.000+00:00] yaz_kizim 79578.5 false
[2026-09-15T15:30:00.000+00:00] yaz_kizim 79578.5 false
[2026-09-15T15:45:00.000+00:00] yaz_kizim 79578.5 false
[2026-09-15T16:00:00.000+00:00] yaz_kizim 79578.5 false
[2026-09-15T16:15:00.000+00:00] yaz_kizim 79578.5 false
[2026-09-15T16:30:00.000+00:00] yaz_kizim 79578.5 false
[2026-09-15T16:45:00.000+00:00] yaz_kizim 79578.5 false
[2026-09-15T17:00:00.000+00:00] yaz_kizim 79578.5 false
[2026-09-15T17:15:00.000+00:00] yaz_kizim 79578.5 false
[2026-09-15T17:30:00.000+00:00] yaz_kizim 79578.5 false
[2026-09-15T17:45:00.000+00:00] yaz_kizim 79578.5 false
[2026-09-15T18:00:00.000+00:00] yaz_kizim 79578.5 false
[2026-09-15T18:15:00.000+00:00] yaz_kizim 79578.5 false
[2026-09-15T18:30:00.000+00:00] yaz_kizim 79578.5 false
[2026-09-15T18:45:00.000+00:00] yaz_kizim 79578.5 false
[2026-09-15T19:00:00.000+00:00] yaz_kizim 79578.5 false
[2026-09-15T19:15:00.000+00:00] yaz_kizim 79578.5 false
[2026-09-15T19:30:00.000+00:00] yaz_kizim 79578.5 false
[2026-09-15T19:45:00.000+00:00] yaz_kizim 79578.5 false
[2026-09-15T20:00:00.000+00:00] yaz_kizim 79578.5 false
[2026-09-15T20:15:00.000+00:00] yaz_kizim 79578.5 false
[2026-09-15T20:30:00.000+00:00] yaz_kizim 79578.5 false
[2026-09-15T20:45:00.000+00:00] yaz_kizim 79578.5 false
[2026-09-15T21:00:00.000+00:00] yaz_kizim 79578.5 false
[2026-09-15T21:15:00.000+00:00] yaz_kizim 79578.5 false
[2026-09-15T21:30:00.000+00:00] yaz_kizim 79578.5 false
[2026-09-15T21:45:00.000+00:00] yaz_kizim 79578.5 false
[2026-09-15T22:00:00.000+00:00] yaz_kizim 79578.5 false
[2026-09-15T22:15:00.000+00:00] yaz_kizim 79578.5 false
[2026-09-15T22:30:00.000+00:00] yaz_kizim 79578.5 false
[2026-09-15T22:45:00.000+00:00] yaz_kizim 79578.5 false
[2026-09-15T23:00:00.000+00:00] yaz_kizim 79578.5 false
[2026-09-15T23:15:00.000+00:00] yaz_kizim 79578.5 false
[2026-09-15T23:30:00.000+00:00] yaz_kizim 79578.5 false
[2026-09-15T23:45:00.000+00:00] yaz_kizim 79578.5 false
[2026-09-16T00:00:00.000+00:00] yaz_kizim 79578.5 false
[2026-09-16T00:15:00.000+00:00] yaz_kizim 79578.5 false
[2026-09-16T00:30:00.000+00:00] yaz_kizim 79578.5 false
[2026-09-16T00:45:00.000+00:00] yaz_kizim 79578.5 false
[2026-09-16T01:00:00.000+00:00] yaz_kizim 79578.5 false
[2026-09-16T01:15:00.000+00:00] yaz_kizim 79578.5 false
[2026-09-16T01:30:00.000+00:00] yaz_kizim 79578.5 false
[2026-09-16T01:45:00.000+00:00] yaz_kizim 79578.5 false
[2026-09-16T02:00:00.000+00:00] yaz_kizim 79578.5 false
[2026-09-16T02:15:00.000+00:00] yaz_kizim 79578.5 false
[2026-09-16T02:30:00.000+00:00] yaz_kizim 79578.5 false
[2026-09-16T02:45:00.000+00:00] yaz_kizim 79578.5 false
[2026-09-16T03:00:00.000+00:00] yaz_kizim 79578.5 false
[2026-09-16T03:15:00.000+00:00] yaz_kizim 79578.5 false
[2026-09-16T03:30:00.000+00:00] yaz_kizim 79578.5 false
[2026-09-16T03:45:00.000+00:00] yaz_kizim 77323 false
[2026-09-16T04:00:00.000+00:00] yaz_kizim 77323 false
[2026-09-16T04:15:00.000+00:00] yaz_kizim 77323 false
[2026-09-16T04:30:00.000+00:00] yaz_kizim 77323 false
[2026-09-16T04:45:00.000+00:00] yaz_kizim 77323 false
[2026-09-16T05:00:00.000+00:00] yaz_kizim 77323 false
[2026-09-16T05:15:00.000+00:00] yaz_kizim 77323 false
[2026-09-16T05:30:00.000+00:00] yaz_kizim 77323 false
[2026-09-16T05:45:00.000+00:00] yaz_kizim 77323 false
[2026-09-16T06:00:00.000+00:00] yaz_kizim 77323 false
[2026-09-16T06:15:00.000+00:00] yaz_kizim 77323 false
[2026-09-16T06:30:00.000+00:00] yaz_kizim 77323 false
[2026-09-16T06:45:00.000+00:00] yaz_kizim 77323 false
[2026-09-16T07:00:00.000+00:00] yaz_kizim 77323 false
[2026-09-16T07:15:00.000+00:00] yaz_kizim 77323 false
[2026-09-16T07:30:00.000+00:00] yaz_kizim 77323 false
[2026-09-16T07:45:00.000+00:00] yaz_kizim 77323 false
[2026-09-16T08:00:00.000+00:00] yaz_kizim 77323 false
[2026-09-16T08:15:00.000+00:00] yaz_kizim 77323 false
[2026-09-16T08:30:00.000+00:00] yaz_kizim 77323 false
[2026-09-16T08:45:00.000+00:00] yaz_kizim 77323 false
[2026-09-16T09:00:00.000+00:00] yaz_kizim 77323 false
[2026-09-16T09:15:00.000+00:00] yaz_kizim 77323 false
[2026-09-16T09:30:00.000+00:00] yaz_kizim 77323 false
[2026-09-16T09:45:00.000+00:00] yaz_kizim 77323 false
[2026-09-16T10:00:00.000+00:00] yaz_kizim 77323 false
[2026-09-16T10:15:00.000+00:00] yaz_kizim 77323 false
[2026-09-16T10:30:00.000+00:00] yaz_kizim 77323 false
[2026-09-16T10:45:00.000+00:00] yaz_kizim 77323 false
[2026-09-16T11:00:00.000+00:00] yaz_kizim 77323 false
[2026-09-16T11:15:00.000+00:00] yaz_kizim 77323 false
[2026-09-16T11:30:00.000+00:00] yaz_kizim 77323 false
[2026-09-16T11:45:00.000+00:00] yaz_kizim 77323 false
[2026-09-16T12:00:00.000+00:00] yaz_kizim 77323 false
[2026-09-16T12:15:00.000+00:00] yaz_kizim 77323 false
[2026-09-16T12:30:00.000+00:00] yaz_kizim 77323 false
[2026-09-16T12:45:00.000+00:00] yaz_kizim 77323 false
[2026-09-16T13:00:00.000+00:00] yaz_kizim 77323 false
[2026-09-16T13:15:00.000+00:00] yaz_kizim 77323 false
[2026-09-16T13:30:00.000+00:00] yaz_kizim 77323 false
[2026-09-16T13:45:00.000+00:00] yaz_kizim 77323 false
[2026-09-16T14:00:00.000+00:00] yaz_kizim 77323 false
[2026-09-16T14:15:00.000+00:00] yaz_kizim 77323 false
[2026-09-16T14:30:00.000+00:00] yaz_kizim 77323 false
[2026-09-16T14:45:00.000+00:00] yaz_kizim 77323 false
[2026-09-16T15:00:00.000+00:00] yaz_kizim 77323 false
[2026-09-16T15:15:00.000+00:00] yaz_kizim 77323 false
[2026-09-16T15:30:00.000+00:00] yaz_kizim 77323 false
[2026-09-16T15:45:00.000+00:00] yaz_kizim 77323 false
[2026-09-16T16:00:00.000+00:00] yaz_kizim 77323 false
[2026-09-16T16:15:00.000+00:00] yaz_kizim 77323 false
[2026-09-16T16:30:00.000+00:00] yaz_kizim 77323 false
[2026-09-16T16:45:00.000+00:00] yaz_kizim 76282.5 false
[2026-09-16T17:00:00.000+00:00] yaz_kizim 76282.5 false
[2026-09-16T17:15:00.000+00:00] yaz_kizim 76282.5 false
[2026-09-16T17:30:00.000+00:00] yaz_kizim 76282.5 false
[2026-09-16T17:45:00.000+00:00] yaz_kizim 76282.5 false
[2026-09-16T18:00:00.000+00:00] yaz_kizim 76282.5 false
[2026-09-16T18:15:00.000+00:00] yaz_kizim 76282.5 false
[2026-09-16T18:30:00.000+00:00] yaz_kizim 76282.5 false
[2026-09-16T18:45:00.000+00:00] yaz_kizim 76282.5 false
[2026-09-16T19:00:00.000+00:00] yaz_kizim 76282.5 false
[2026-09-16T19:15:00.000+00:00] yaz_kizim 76282.5 false
[2026-09-16T19:30:00.000+00:00] yaz_kizim 76282.5 false
[2026-09-16T19:45:00.000+00:00] yaz_kizim 76282.5 false
[2026-09-16T20:00:00.000+00:00] yaz_kizim 76282.5 false
[2026-09-16T20:15:00.000+00:00] yaz_kizim 76282.5 false
[2026-09-16T20:30:00.000+00:00] yaz_kizim 76282.5 false
[2026-09-16T20:45:00.000+00:00] yaz_kizim 76282.5 false
[2026-09-16T21:00:00.000+00:00] yaz_kizim 76282.5 false
[2026-09-16T21:15:00.000+00:00] yaz_kizim 76282.5 false
[2026-09-16T21:30:00.000+00:00] yaz_kizim 76547.5 false
[2026-09-16T21:45:00.000+00:00] yaz_kizim 76547.5 false
[2026-09-16T22:00:00.000+00:00] yaz_kizim 76547.5 false
[2026-09-16T22:15:00.000+00:00] yaz_kizim 76547.5 false
[2026-09-16T22:30:00.000+00:00] yaz_kizim 76547.5 false
[2026-09-16T22:45:00.000+00:00] yaz_kizim 76547.5 false
[2026-09-16T23:00:00.000+00:00] yaz_kizim 76547.5 false
[2026-09-16T23:15:00.000+00:00] yaz_kizim 76547.5 false
[2026-09-16T23:30:00.000+00:00] yaz_kizim 76547.5 false
[2026-09-16T23:45:00.000+00:00] yaz_kizim 76547.5 false
[2026-09-17T00:00:00.000+00:00] yaz_kizim 76547.5 false
[2026-09-17T00:15:00.000+00:00] yaz_kizim 76547.5 false
[2026-09-17T00:30:00.000+00:00] yaz_kizim 76547.5 false
[2026-09-17T00:45:00.000+00:00] yaz_kizim 76547.5 false
[2026-09-17T01:00:00.000+00:00] yaz_kizim 76547.5 false
[2026-09-17T01:15:00.000+00:00] yaz_kizim 76547.5 false
[2026-09-17T01:30:00.000+00:00] yaz_kizim 76547.5 true
[2026-09-17T01:45:00.000+00:00] yaz_kizim 76547.5 true
[2026-09-17T02:00:00.000+00:00] yaz_kizim 76547.5 true
[2026-09-17T02:15:00.000+00:00] yaz_kizim 76547.5 true
[2026-09-17T02:30:00.000+00:00] yaz_kizim 76547.5 true
[2026-09-17T02:45:00.000+00:00] yaz_kizim 76547.5 true
[2026-09-17T03:00:00.000+00:00] yaz_kizim 76547.5 true
[2026-09-17T03:15:00.000+00:00] yaz_kizim 76547.5 true
[2026-09-17T03:30:00.000+00:00] yaz_kizim 76547.5 true
[2026-09-17T03:45:00.000+00:00] yaz_kizim 76547.5 true
[2026-09-17T04:00:00.000+00:00] yaz_kizim 76547.5 true
[2026-09-17T04:15:00.000+00:00] yaz_kizim 76547.5 true
[2026-09-17T04:30:00.000+00:00] yaz_kizim 76547.5 true
[2026-09-17T04:45:00.000+00:00] yaz_kizim 76547.5 true
[2026-09-17T05:00:00.000+00:00] yaz_kizim 76547.5 true
[2026-09-17T05:15:00.000+00:00] yaz_kizim 76547.5 true
[2026-09-17T05:30:00.000+00:00] yaz_kizim 76547.5 true
[2026-09-17T05:45:00.000+00:00] yaz_kizim 76547.5 true
[2026-09-17T06:00:00.000+00:00] yaz_kizim 76547.5 true
[2026-09-17T06:15:00.000+00:00] yaz_kizim 76547.5 true
[2026-09-17T06:30:00.000+00:00] yaz_kizim 76755.5 false
[2026-09-17T06:45:00.000+00:00] yaz_kizim 76755.5 false
[2026-09-17T07:00:00.000+00:00] yaz_kizim 76755.5 false
[2026-09-17T07:15:00.000+00:00] yaz_kizim 76755.5 false
[2026-09-17T07:30:00.000+00:00] yaz_kizim 76755.5 false
[2026-09-17T07:45:00.000+00:00] yaz_kizim 76755.5 false
[2026-09-17T08:00:00.000+00:00] yaz_kizim 76755.5 false
[2026-09-17T08:15:00.000+00:00] yaz_kizim 76755.5 false
[2026-09-17T08:30:00.000+00:00] yaz_kizim 76755.5 false
[2026-09-17T08:45:00.000+00:00] yaz_kizim 76755.5 false
[2026-09-17T09:00:00.000+00:00] yaz_kizim 76755.5 false
[2026-09-17T09:15:00.000+00:00] yaz_kizim 76755.5 false
[2026-09-17T09:30:00.000+00:00] yaz_kizim 76755.5 false
[2026-09-17T09:45:00.000+00:00] yaz_kizim 76755.5 false
[2026-09-17T10:00:00.000+00:00] yaz_kizim 76755.5 false
[2026-09-17T10:15:00.000+00:00] yaz_kizim 76755.5 false
[2026-09-17T10:30:00.000+00:00] yaz_kizim 76755.5 false
[2026-09-17T10:45:00.000+00:00] yaz_kizim 76755.5 false
[2026-09-17T11:00:00.000+00:00] yaz_kizim 76755.5 false
[2026-09-17T11:15:00.000+00:00] yaz_kizim 76755.5 false
[2026-09-17T11:30:00.000+00:00] yaz_kizim 76755.5 false
[2026-09-17T11:45:00.000+00:00] yaz_kizim 76755.5 false
[2026-09-17T12:00:00.000+00:00] yaz_kizim 76755.5 false
[2026-09-17T12:15:00.000+00:00] yaz_kizim 76755.5 true
[2026-09-17T12:30:00.000+00:00] yaz_kizim 76755.5 true
[2026-09-17T12:45:00.000+00:00] yaz_kizim 76755.5 true
[2026-09-17T13:00:00.000+00:00] yaz_kizim 76755.5 true
[2026-09-17T13:15:00.000+00:00] yaz_kizim 76755.5 true
[2026-09-17T13:30:00.000+00:00] yaz_kizim 76755.5 true
[2026-09-17T13:45:00.000+00:00] yaz_kizim 76755.5 true
[2026-09-17T14:00:00.000+00:00] yaz_kizim 76755.5 true
[2026-09-17T14:15:00.000+00:00] yaz_kizim 76755.5 true
[2026-09-17T14:30:00.000+00:00] yaz_kizim 76755.5 true
[2026-09-17T14:45:00.000+00:00] yaz_kizim 76755.5 true
[2026-09-17T15:00:00.000+00:00] yaz_kizim 76755.5 true
[2026-09-17T15:15:00.000+00:00] yaz_kizim 76755.5 true
[2026-09-17T15:30:00.000+00:00] yaz_kizim 76755.5 true
[2026-09-17T15:45:00.000+00:00] yaz_kizim 76755.5 true
[2026-09-17T16:00:00.000+00:00] yaz_kizim 76755.5 true
[2026-09-17T16:15:00.000+00:00] yaz_kizim 76755.5 true
[2026-09-17T16:30:00.000+00:00] yaz_kizim 76755.5 true
[2026-09-17T16:45:00.000+00:00] yaz_kizim 76755.5 true
[2026-09-17T17:00:00.000+00:00] yaz_kizim 76755.5 true
[2026-09-17T17:15:00.000+00:00] yaz_kizim 76755.5 true
[2026-09-17T17:30:00.000+00:00] yaz_kizim 76755.5 true
[2026-09-17T17:45:00.000+00:00] yaz_kizim 76755.5 true
[2026-09-17T18:00:00.000+00:00] yaz_kizim 76755.5 true
[2026-09-17T18:15:00.000+00:00] yaz_kizim 76755.5 true
[2026-09-17T18:30:00.000+00:00] yaz_kizim 76755.5 true
[2026-09-17T18:45:00.000+00:00] yaz_kizim 77151.5 false
[2026-09-17T19:00:00.000+00:00] yaz_kizim 77151.5 false
[2026-09-17T19:15:00.000+00:00] yaz_kizim 77151.5 false
[2026-09-17T19:30:00.000+00:00] yaz_kizim 77151.5 false
[2026-09-17T19:45:00.000+00:00] yaz_kizim 77151.5 false
[2026-09-17T20:00:00.000+00:00] yaz_kizim 77151.5 false
[2026-09-17T20:15:00.000+00:00] yaz_kizim 77151.5 false
[2026-09-17T20:30:00.000+00:00] yaz_kizim 77151.5 false
[2026-09-17T20:45:00.000+00:00] yaz_kizim 77151.5 false
[2026-09-17T21:00:00.000+00:00] yaz_kizim 77151.5 false
[2026-09-17T21:15:00.000+00:00] yaz_kizim 77151.5 false
[2026-09-17T21:30:00.000+00:00] yaz_kizim 77151.5 false
[2026-09-17T21:45:00.000+00:00] yaz_kizim 77151.5 false
[2026-09-17T22:00:00.000+00:00] yaz_kizim 77151.5 false
[2026-09-17T22:15:00.000+00:00] yaz_kizim 77151.5 false
[2026-09-17T22:30:00.000+00:00] yaz_kizim 77151.5 false
[2026-09-17T22:45:00.000+00:00] yaz_kizim 77151.5 false
[2026-09-17T23:00:00.000+00:00] yaz_kizim 77151.5 false
[2026-09-17T23:15:00.000+00:00] yaz_kizim 77151.5 false
[2026-09-17T23:30:00.000+00:00] yaz_kizim 77151.5 false
[2026-09-17T23:45:00.000+00:00] yaz_kizim 77151.5 false
[2026-09-18T00:00:00.000+00:00] yaz_kizim 77151.5 false
[2026-09-18T00:15:00.000+00:00] yaz_kizim 77151.5 false
[2026-09-18T00:30:00.000+00:00] yaz_kizim 77151.5 false
[2026-09-18T00:45:00.000+00:00] yaz_kizim 77151.5 false
[2026-09-18T01:00:00.000+00:00] yaz_kizim 77151.5 false
[2026-09-18T01:15:00.000+00:00] yaz_kizim 77151.5 false
[2026-09-18T01:30:00.000+00:00] yaz_kizim 77151.5 false
[2026-09-18T01:45:00.000+00:00] yaz_kizim 77151.5 false
[2026-09-18T02:00:00.000+00:00] yaz_kizim 77151.5 false
[2026-09-18T02:15:00.000+00:00] yaz_kizim 77151.5 false
[2026-09-18T02:30:00.000+00:00] yaz_kizim 77151.5 false
[2026-09-18T02:45:00.000+00:00] yaz_kizim 77151.5 false
[2026-09-18T03:00:00.000+00:00] yaz_kizim 77151.5 false
[2026-09-18T03:15:00.000+00:00] yaz_kizim 77151.5 true
[2026-09-18T03:30:00.000+00:00] yaz_kizim 77151.5 true
[2026-09-18T03:45:00.000+00:00] yaz_kizim 77151.5 true
[2026-09-18T04:00:00.000+00:00] yaz_kizim 77151.5 true
[2026-09-18T04:15:00.000+00:00] yaz_kizim 77151.5 true
[2026-09-18T04:30:00.000+00:00] yaz_kizim 77151.5 true
[2026-09-18T04:45:00.000+00:00] yaz_kizim 77151.5 true
[2026-09-18T05:00:00.000+00:00] yaz_kizim 77151.5 true
[2026-09-18T05:15:00.000+00:00] yaz_kizim 77151.5 true
[2026-09-18T05:30:00.000+00:00] yaz_kizim 77151.5 true
[2026-09-18T05:45:00.000+00:00] yaz_kizim 77151.5 true
[2026-09-18T06:00:00.000+00:00] yaz_kizim 77151.5 true
[2026-09-18T06:15:00.000+00:00] yaz_kizim 77151.5 true
[2026-09-18T06:30:00.000+00:00] yaz_kizim 77151.5 true
[2026-09-18T06:45:00.000+00:00] yaz_kizim 77151.5 true
[2026-09-18T07:00:00.000+00:00] yaz_kizim 77151.5 true
[2026-09-18T07:15:00.000+00:00] yaz_kizim 77151.5 true
[2026-09-18T07:30:00.000+00:00] yaz_kizim 77151.5 true
[2026-09-18T07:45:00.000+00:00] yaz_kizim 77151.5 true
[2026-09-18T08:00:00.000+00:00] yaz_kizim 77151.5 true
[2026-09-18T08:15:00.000+00:00] yaz_kizim 77151.5 true
[2026-09-18T08:30:00.000+00:00] yaz_kizim 77151.5 true
[2026-09-18T08:45:00.000+00:00] yaz_kizim 77151.5 true
[2026-09-18T09:00:00.000+00:00] yaz_kizim 77151.5 true
[2026-09-18T09:15:00.000+00:00] yaz_kizim 77151.5 true
[2026-09-18T09:30:00.000+00:00] yaz_kizim 77151.5 true
[2026-09-18T09:45:00.000+00:00] yaz_kizim 77151.5 true
[2026-09-18T10:00:00.000+00:00] yaz_kizim 77151.5 true
[2026-09-18T10:15:00.000+00:00] yaz_kizim 77151.5 true
[2026-09-18T10:30:00.000+00:00] yaz_kizim 77151.5 true
[2026-09-18T10:45:00.000+00:00] yaz_kizim 77151.5 true
[2026-09-18T11:00:00.000+00:00] yaz_kizim 77151.5 true
[2026-09-18T11:15:00.000+00:00] yaz_kizim 77151.5 true
[2026-09-18T11:30:00.000+00:00] yaz_kizim 77151.5 true
[2026-09-18T11:45:00.000+00:00] yaz_kizim 77151.5 true
[2026-09-18T12:00:00.000+00:00] yaz_kizim 77151.5 true
[2026-09-18T12:15:00.000+00:00] yaz_kizim 77151.5 true
[2026-09-18T12:30:00.000+00:00] yaz_kizim 77151.5 true
[2026-09-18T12:45:00.000+00:00] yaz_kizim 77151.5 true
[2026-09-18T13:00:00.000+00:00] yaz_kizim 77151.5 true
[2026-09-18T13:15:00.000+00:00] yaz_kizim 77151.5 true
[2026-09-18T13:30:00.000+00:00] yaz_kizim 77151.5 true
[2026-09-18T13:45:00.000+00:00] yaz_kizim 77151.5 true
[2026-09-18T14:00:00.000+00:00] yaz_kizim 77151.5 true
[2026-09-18T14:15:00.000+00:00] yaz_kizim 77151.5 true
[2026-09-18T14:30:00.000+00:00] yaz_kizim 77151.5 true
[2026-09-18T14:45:00.000+00:00] yaz_kizim 77151.5 true
[2026-09-18T15:00:00.000+00:00] yaz_kizim 77151.5 true
[2026-09-18T15:15:00.000+00:00] yaz_kizim 77151.5 true
[2026-09-18T15:30:00.000+00:00] yaz_kizim 77151.5 true
[2026-09-18T15:45:00.000+00:00] yaz_kizim 77151.5 true
[2026-09-18T16:00:00.000+00:00] yaz_kizim 77151.5 true
[2026-09-18T16:15:00.000+00:00] yaz_kizim 77151.5 true
[2026-09-18T16:30:00.000+00:00] yaz_kizim 77151.5 true
[2026-09-18T16:45:00.000+00:00] yaz_kizim 77151.5 true
[2026-09-18T17:00:00.000+00:00] yaz_kizim 77151.5 true
[2026-09-18T17:15:00.000+00:00] yaz_kizim 77151.5 true
[2026-09-18T17:30:00.000+00:00] yaz_kizim 77151.5 true
[2026-09-18T17:45:00.000+00:00] yaz_kizim 77151.5 true
[2026-09-18T18:00:00.000+00:00] yaz_kizim 77151.5 true
[2026-09-18T18:15:00.000+00:00] yaz_kizim 77151.5 true
[2026-09-18T18:30:00.000+00:00] yaz_kizim 77151.5 true
[2026-09-18T18:45:00.000+00:00] yaz_kizim 77151.5 true
[2026-09-18T19:00:00.000+00:00] yaz_kizim 77151.5 true
[2026-09-18T19:15:00.000+00:00] yaz_kizim 77151.5 true
[2026-09-18T19:30:00.000+00:00] yaz_kizim 77151.5 true
[2026-09-18T19:45:00.000+00:00] yaz_kizim 77151.5 true
[2026-09-18T20:00:00.000+00:00] yaz_kizim 77151.5 true
[2026-09-18T20:15:00.000+00:00] yaz_kizim 77151.5 true
[2026-09-18T20:30:00.000+00:00] yaz_kizim 77151.5 true
[2026-09-18T20:45:00.000+00:00] yaz_kizim 77151.5 true
[2026-09-18T21:00:00.000+00:00] yaz_kizim 77151.5 true
[2026-09-18T21:15:00.000+00:00] yaz_kizim 77151.5 true
[2026-09-18T21:30:00.000+00:00] yaz_kizim 77151.5 true
[2026-09-18T21:45:00.000+00:00] yaz_kizim 77151.5 true
[2026-09-18T22:00:00.000+00:00] yaz_kizim 77151.5 true
[2026-09-18T22:15:00.000+00:00] yaz_kizim 77151.5 true
[2026-09-18T22:30:00.000+00:00] yaz_kizim 77151.5 true
[2026-09-18T22:45:00.000+00:00] yaz_kizim 77151.5 true
[2026-09-18T23:00:00.000+00:00] yaz_kizim 77151.5 true
[2026-09-18T23:15:00.000+00:00] yaz_kizim 77151.5 true
[2026-09-18T23:30:00.000+00:00] yaz_kizim 81389.5 false
[2026-09-18T23:45:00.000+00:00] yaz_kizim 81389.5 false
[2026-09-19T00:00:00.000+00:00] yaz_kizim 81389.5 false
[2026-09-19T00:15:00.000+00:00] yaz_kizim 81389.5 false
[2026-09-19T00:30:00.000+00:00] yaz_kizim 81389.5 false
[2026-09-19T00:45:00.000+00:00] yaz_kizim 81389.5 false
[2026-09-19T01:00:00.000+00:00] yaz_kizim 81389.5 true
[2026-09-19T01:15:00.000+00:00] yaz_kizim 81389.5 true
[2026-09-19T01:30:00.000+00:00] yaz_kizim 81389.5 true
[2026-09-19T01:45:00.000+00:00] yaz_kizim 81389.5 true
[2026-09-19T02:00:00.000+00:00] yaz_kizim 81389.5 true
[2026-09-19T02:15:00.000+00:00] yaz_kizim 81389.5 true
[2026-09-19T02:30:00.000+00:00] yaz_kizim 81389.5 true
[2026-09-19T02:45:00.000+00:00] yaz_kizim 81389.5 true
[2026-09-19T03:00:00.000+00:00] yaz_kizim 81389.5 true
[2026-09-19T03:15:00.000+00:00] yaz_kizim 81389.5 true
[2026-09-19T03:30:00.000+00:00] yaz_kizim 81389.5 true
[2026-09-19T03:45:00.000+00:00] yaz_kizim 81389.5 true
[2026-09-19T04:00:00.000+00:00] yaz_kizim 81389.5 true
[2026-09-19T04:15:00.000+00:00] yaz_kizim 81389.5 true
[2026-09-19T04:30:00.000+00:00] yaz_kizim 81389.5 true
[2026-09-19T04:45:00.000+00:00] yaz_kizim 81389.5 true
[2026-09-19T05:00:00.000+00:00] yaz_kizim 81389.5 true
[2026-09-19T05:15:00.000+00:00] yaz_kizim 81389.5 true
[2026-09-19T05:30:00.000+00:00] yaz_kizim 81389.5 true
[2026-09-19T05:45:00.000+00:00] yaz_kizim 81389.5 true
[2026-09-19T06:00:00.000+00:00] yaz_kizim 81389.5 true
[2026-09-19T06:15:00.000+00:00] yaz_kizim 81389.5 true
[2026-09-19T06:30:00.000+00:00] yaz_kizim 81389.5 true
[2026-09-19T06:45:00.000+00:00] yaz_kizim 81389.5 true
[2026-09-19T07:00:00.000+00:00] yaz_kizim 81389.5 true
[2026-09-19T07:15:00.000+00:00] yaz_kizim 81389.5 true
[2026-09-19T07:30:00.000+00:00] yaz_kizim 81389.5 true
[2026-09-19T07:45:00.000+00:00] yaz_kizim 81389.5 true
[2026-09-19T08:00:00.000+00:00] yaz_kizim 81389.5 true
[2026-09-19T08:15:00.000+00:00] yaz_kizim 81389.5 true
[2026-09-19T08:30:00.000+00:00] yaz_kizim 81389.5 true
[2026-09-19T08:45:00.000+00:00] yaz_kizim 81389.5 true
[2026-09-19T09:00:00.000+00:00] yaz_kizim 81389.5 true
[2026-09-19T09:15:00.000+00:00] yaz_kizim 81389.5 true
[2026-09-19T09:30:00.000+00:00] yaz_kizim 81389.5 true
[2026-09-19T09:45:00.000+00:00] yaz_kizim 81389.5 true
[2026-09-19T10:00:00.000+00:00] yaz_kizim 81389.5 true
[2026-09-19T10:15:00.000+00:00] yaz_kizim 81389.5 true
[2026-09-19T10:30:00.000+00:00] yaz_kizim 81389.5 true
[2026-09-19T10:45:00.000+00:00] yaz_kizim 81389.5 true
[2026-09-19T11:00:00.000+00:00] yaz_kizim 81389.5 true
[2026-09-19T11:15:00.000+00:00] yaz_kizim 81389.5 true
[2026-09-19T11:30:00.000+00:00] yaz_kizim 81389.5 true
[2026-09-19T11:45:00.000+00:00] yaz_kizim 81730.5 false
[2026-09-19T12:00:00.000+00:00] yaz_kizim 81730.5 false
[2026-09-19T12:15:00.000+00:00] yaz_kizim 81730.5 false
[2026-09-19T12:30:00.000+00:00] yaz_kizim 81730.5 false
[2026-09-19T12:45:00.000+00:00] yaz_kizim 81730.5 false
[2026-09-19T13:00:00.000+00:00] yaz_kizim 81730.5 false
[2026-09-19T13:15:00.000+00:00] yaz_kizim 81730.5 false
[2026-09-19T13:30:00.000+00:00] yaz_kizim 81730.5 false
[2026-09-19T13:45:00.000+00:00] yaz_kizim 81730.5 false
[2026-09-19T14:00:00.000+00:00] yaz_kizim 81730.5 false
[2026-09-19T14:15:00.000+00:00] yaz_kizim 81730.5 false
[2026-09-19T14:30:00.000+00:00] yaz_kizim 81730.5 false
[2026-09-19T14:45:00.000+00:00] yaz_kizim 81730.5 false
[2026-09-19T15:00:00.000+00:00] yaz_kizim 81730.5 false
[2026-09-19T15:15:00.000+00:00] yaz_kizim 81730.5 false
[2026-09-19T15:30:00.000+00:00] yaz_kizim 81730.5 false
[2026-09-19T15:45:00.000+00:00] yaz_kizim 81730.5 true
[2026-09-19T16:00:00.000+00:00] yaz_kizim 81730.5 true
[2026-09-19T16:15:00.000+00:00] yaz_kizim 81730.5 true
[2026-09-19T16:30:00.000+00:00] yaz_kizim 81730.5 true
[2026-09-19T16:45:00.000+00:00] yaz_kizim 81730.5 true
[2026-09-19T17:00:00.000+00:00] yaz_kizim 81730.5 true
[2026-09-19T17:15:00.000+00:00] yaz_kizim 81730.5 true
[2026-09-19T17:30:00.000+00:00] yaz_kizim 81730.5 true
[2026-09-19T17:45:00.000+00:00] yaz_kizim 81730.5 true
[2026-09-19T18:00:00.000+00:00] yaz_kizim 81730.5 true
[2026-09-19T18:15:00.000+00:00] yaz_kizim 81730.5 true
[2026-09-19T18:30:00.000+00:00] yaz_kizim 81730.5 true
[2026-09-19T18:45:00.000+00:00] yaz_kizim 81730.5 true
[2026-09-19T19:00:00.000+00:00] yaz_kizim 81730.5 true
[2026-09-19T19:15:00.000+00:00] yaz_kizim 81730.5 true
[2026-09-19T19:30:00.000+00:00] yaz_kizim 81730.5 true
[2026-09-19T19:45:00.000+00:00] yaz_kizim 81730.5 true
[2026-09-19T20:00:00.000+00:00] yaz_kizim 81730.5 true
[2026-09-19T20:15:00.000+00:00] yaz_kizim 81730.5 true
[2026-09-19T20:30:00.000+00:00] yaz_kizim 81730.5 true
[2026-09-19T20:45:00.000+00:00] yaz_kizim 81730.5 true
[2026-09-19T21:00:00.000+00:00] yaz_kizim 81730.5 true
[2026-09-19T21:15:00.000+00:00] yaz_kizim 81730.5 true
[2026-09-19T21:30:00.000+00:00] yaz_kizim 81730.5 true
[2026-09-19T21:45:00.000+00:00] yaz_kizim 81730.5 true
[2026-09-19T22:00:00.000+00:00] yaz_kizim 81730.5 true
[2026-09-19T22:15:00.000+00:00] yaz_kizim 81730.5 true
[2026-09-19T22:30:00.000+00:00] yaz_kizim 81730.5 true
[2026-09-19T22:45:00.000+00:00] yaz_kizim 81730.5 true
[2026-09-19T23:00:00.000+00:00] yaz_kizim 81730.5 true
[2026-09-19T23:15:00.000+00:00] yaz_kizim 81730.5 true
[2026-09-19T23:30:00.000+00:00] yaz_kizim 81730.5 true
[2026-09-19T23:45:00.000+00:00] yaz_kizim 81730.5 true
[2026-09-20T00:00:00.000+00:00] yaz_kizim 81730.5 true
[2026-09-20T00:15:00.000+00:00] yaz_kizim 81730.5 true
[2026-09-20T00:30:00.000+00:00] yaz_kizim 81730.5 true
[2026-09-20T00:45:00.000+00:00] yaz_kizim 81730.5 true
[2026-09-20T01:00:00.000+00:00] yaz_kizim 81931.5 false
[2026-09-20T01:15:00.000+00:00] yaz_kizim 81931.5 false
[2026-09-20T01:30:00.000+00:00] yaz_kizim 81931.5 false
[2026-09-20T01:45:00.000+00:00] yaz_kizim 81931.5 false
[2026-09-20T02:00:00.000+00:00] yaz_kizim 81931.5 false
[2026-09-20T02:15:00.000+00:00] yaz_kizim 81931.5 false
[2026-09-20T02:30:00.000+00:00] yaz_kizim 81931.5 false
[2026-09-20T02:45:00.000+00:00] yaz_kizim 81931.5 false
[2026-09-20T03:00:00.000+00:00] yaz_kizim 81931.5 false
[2026-09-20T03:15:00.000+00:00] yaz_kizim 81931.5 false
[2026-09-20T03:30:00.000+00:00] yaz_kizim 81931.5 false
[2026-09-20T03:45:00.000+00:00] yaz_kizim 81931.5 false
[2026-09-20T04:00:00.000+00:00] yaz_kizim 81931.5 false
[2026-09-20T04:15:00.000+00:00] yaz_kizim 81931.5 false
[2026-09-20T04:30:00.000+00:00] yaz_kizim 81931.5 false
[2026-09-20T04:45:00.000+00:00] yaz_kizim 81931.5 false
[2026-09-20T05:00:00.000+00:00] yaz_kizim 81931.5 false
[2026-09-20T05:15:00.000+00:00] yaz_kizim 81931.5 false
[2026-09-20T05:30:00.000+00:00] yaz_kizim 81931.5 false
[2026-09-20T05:45:00.000+00:00] yaz_kizim 81931.5 false
[2026-09-20T06:00:00.000+00:00] yaz_kizim 81931.5 false
[2026-09-20T06:15:00.000+00:00] yaz_kizim 81931.5 false
[2026-09-20T06:30:00.000+00:00] yaz_kizim 81931.5 false
[2026-09-20T06:45:00.000+00:00] yaz_kizim 81931.5 false
[2026-09-20T07:00:00.000+00:00] yaz_kizim 81931.5 false
[2026-09-20T07:15:00.000+00:00] yaz_kizim 81931.5 false
[2026-09-20T07:30:00.000+00:00] yaz_kizim 81931.5 false
[2026-09-20T07:45:00.000+00:00] yaz_kizim 81931.5 false
[2026-09-20T08:00:00.000+00:00] yaz_kizim 81931.5 false
[2026-09-20T08:15:00.000+00:00] yaz_kizim 81931.5 false
[2026-09-20T08:30:00.000+00:00] yaz_kizim 81931.5 false
[2026-09-20T08:45:00.000+00:00] yaz_kizim 81931.5 false
[2026-09-20T09:00:00.000+00:00] yaz_kizim 81931.5 false
[2026-09-20T09:15:00.000+00:00] yaz_kizim 81931.5 false
[2026-09-20T09:30:00.000+00:00] yaz_kizim 81931.5 false
[2026-09-20T09:45:00.000+00:00] yaz_kizim 81931.5 false
[2026-09-20T10:00:00.000+00:00] yaz_kizim 81931.5 false
[2026-09-20T10:15:00.000+00:00] yaz_kizim 81931.5 false
[2026-09-20T10:30:00.000+00:00] yaz_kizim 81931.5 false
[2026-09-20T10:45:00.000+00:00] yaz_kizim 81931.5 false
[2026-09-20T11:00:00.000+00:00] yaz_kizim 81931.5 false
[2026-09-20T11:15:00.000+00:00] yaz_kizim 81931.5 false
[2026-09-20T11:30:00.000+00:00] yaz_kizim 81931.5 false
[2026-09-20T11:45:00.000+00:00] yaz_kizim 81931.5 false
[2026-09-20T12:00:00.000+00:00] yaz_kizim 81931.5 false
[2026-09-20T12:15:00.000+00:00] yaz_kizim 81931.5 false
[2026-09-20T12:30:00.000+00:00] yaz_kizim 81931.5 false
[2026-09-20T12:45:00.000+00:00] yaz_kizim 81931.5 false
[2026-09-20T13:00:00.000+00:00] yaz_kizim 81931.5 false
[2026-09-20T13:15:00.000+00:00] yaz_kizim 81931.5 false
[2026-09-20T13:30:00.000+00:00] yaz_kizim 81931.5 false
[2026-09-20T13:45:00.000+00:00] yaz_kizim 81931.5 false
[2026-09-20T14:00:00.000+00:00] yaz_kizim 81931.5 false
[2026-09-20T14:15:00.000+00:00] yaz_kizim 81931.5 false
[2026-09-20T14:30:00.000+00:00] yaz_kizim 81931.5 false
[2026-09-20T14:45:00.000+00:00] yaz_kizim 81931.5 false
[2026-09-20T15:00:00.000+00:00] yaz_kizim 81931.5 false
[2026-09-20T15:15:00.000+00:00] yaz_kizim 81931.5 false
[2026-09-20T15:30:00.000+00:00] yaz_kizim 81931.5 false
[2026-09-20T15:45:00.000+00:00] yaz_kizim 81931.5 false
[2026-09-20T16:00:00.000+00:00] yaz_kizim 81931.5 false
[2026-09-20T16:15:00.000+00:00] yaz_kizim 81931.5 false
[2026-09-20T16:30:00.000+00:00] yaz_kizim 81931.5 false
[2026-09-20T16:45:00.000+00:00] yaz_kizim 81931.5 false
[2026-09-20T17:00:00.000+00:00] yaz_kizim 81931.5 false
[2026-09-20T17:15:00.000+00:00] yaz_kizim 81931.5 false
[2026-09-20T17:30:00.000+00:00] yaz_kizim 81931.5 false
[2026-09-20T17:45:00.000+00:00] yaz_kizim 81931.5 false
[2026-09-20T18:00:00.000+00:00] yaz_kizim 81931.5 false
[2026-09-20T18:15:00.000+00:00] yaz_kizim 81931.5 false
[2026-09-20T18:30:00.000+00:00] yaz_kizim 81931.5 false
[2026-09-20T18:45:00.000+00:00] yaz_kizim 81931.5 false
[2026-09-20T19:00:00.000+00:00] yaz_kizim 81931.5 false
[2026-09-20T19:15:00.000+00:00] yaz_kizim 81931.5 false
[2026-09-20T19:30:00.000+00:00] yaz_kizim 81931.5 false
[2026-09-20T19:45:00.000+00:00] yaz_kizim 81931.5 false
[2026-09-20T20:00:00.000+00:00] yaz_kizim 81931.5 false
[2026-09-20T20:15:00.000+00:00] yaz_kizim 81931.5 false
[2026-09-20T20:30:00.000+00:00] yaz_kizim 81931.5 false
[2026-09-20T20:45:00.000+00:00] yaz_kizim 81931.5 false
[2026-09-20T21:00:00.000+00:00] yaz_kizim 81931.5 false
[2026-09-20T21:15:00.000+00:00] yaz_kizim 81931.5 false
[2026-09-20T21:30:00.000+00:00] yaz_kizim 81931.5 false
[2026-09-20T21:45:00.000+00:00] yaz_kizim 81931.5 false
[2026-09-20T22:00:00.000+00:00] yaz_kizim 81931.5 false
[2026-09-20T22:15:00.000+00:00] yaz_kizim 81931.5 false
[2026-09-20T22:30:00.000+00:00] yaz_kizim 81931.5 false
[2026-09-20T22:45:00.000+00:00] yaz_kizim 81931.5 false
[2026-09-20T23:00:00.000+00:00] yaz_kizim 81931.5 false
[2026-09-20T23:15:00.000+00:00] yaz_kizim 81931.5 false
[2026-09-20T23:30:00.000+00:00] yaz_kizim 81931.5 false
[2026-09-20T23:45:00.000+00:00] yaz_kizim 81931.5 false
[2026-09-21T00:00:00.000+00:00] yaz_kizim 81931.5 false
[2026-09-21T00:15:00.000+00:00] yaz_kizim 81931.5 false
[2026-09-21T00:30:00.000+00:00] yaz_kizim 81931.5 false
[2026-09-21T00:45:00.000+00:00] yaz_kizim 81931.5 false
[2026-09-21T01:00:00.000+00:00] yaz_kizim 81931.5 false
[2026-09-21T01:15:00.000+00:00] yaz_kizim 81931.5 false
[2026-09-21T01:30:00.000+00:00] yaz_kizim 81931.5 false
[2026-09-21T01:45:00.000+00:00] yaz_kizim 81931.5 false
[2026-09-21T02:00:00.000+00:00] yaz_kizim 81931.5 false
[2026-09-21T02:15:00.000+00:00] yaz_kizim 81931.5 false
[2026-09-21T02:30:00.000+00:00] yaz_kizim 81931.5 false
[2026-09-21T02:45:00.000+00:00] yaz_kizim 81931.5 false
[2026-09-21T03:00:00.000+00:00] yaz_kizim 81931.5 false
[2026-09-21T03:15:00.000+00:00] yaz_kizim 81931.5 false
[2026-09-21T03:30:00.000+00:00] yaz_kizim 81931.5 false
[2026-09-21T03:45:00.000+00:00] yaz_kizim 81931.5 false
[2026-09-21T04:00:00.000+00:00] yaz_kizim 81931.5 false
[2026-09-21T04:15:00.000+00:00] yaz_kizim 81931.5 false
[2026-09-21T04:30:00.000+00:00] yaz_kizim 81931.5 false
[2026-09-21T04:45:00.000+00:00] yaz_kizim 81931.5 false
[2026-09-21T05:00:00.000+00:00] yaz_kizim 81931.5 false
[2026-09-21T05:15:00.000+00:00] yaz_kizim 82091 false
[2026-09-21T05:30:00.000+00:00] yaz_kizim 82091 false
[2026-09-21T05:45:00.000+00:00] yaz_kizim 82091 false
[2026-09-21T06:00:00.000+00:00] yaz_kizim 82091 false
[2026-09-21T06:15:00.000+00:00] yaz_kizim 82091 false
[2026-09-21T06:30:00.000+00:00] yaz_kizim 82091 false
[2026-09-21T06:45:00.000+00:00] yaz_kizim 82091 false
[2026-09-21T07:00:00.000+00:00] yaz_kizim 82091 false
[2026-09-21T07:15:00.000+00:00] yaz_kizim 82091 false
[2026-09-21T07:30:00.000+00:00] yaz_kizim 82091 false
[2026-09-21T07:45:00.000+00:00] yaz_kizim 82091 false
[2026-09-21T08:00:00.000+00:00] yaz_kizim 82091 false
[2026-09-21T08:15:00.000+00:00] yaz_kizim 82091 false
[2026-09-21T08:30:00.000+00:00] yaz_kizim 82091 true
[2026-09-21T08:45:00.000+00:00] yaz_kizim 82091 true
[2026-09-21T09:00:00.000+00:00] yaz_kizim 82091 true
[2026-09-21T09:15:00.000+00:00] yaz_kizim 82091 true
[2026-09-21T09:30:00.000+00:00] yaz_kizim 82091 true
[2026-09-21T09:45:00.000+00:00] yaz_kizim 82091 true
[2026-09-21T10:00:00.000+00:00] yaz_kizim 82091 true
[2026-09-21T10:15:00.000+00:00] yaz_kizim 82091 true
[2026-09-21T10:30:00.000+00:00] yaz_kizim 82091 true
[2026-09-21T10:45:00.000+00:00] yaz_kizim 82091 true
[2026-09-21T11:00:00.000+00:00] yaz_kizim 82091 true
[2026-09-21T11:15:00.000+00:00] yaz_kizim 82091 true
[2026-09-21T11:30:00.000+00:00] yaz_kizim 82091 true
[2026-09-21T11:45:00.000+00:00] yaz_kizim 82091 true
[2026-09-21T12:00:00.000+00:00] yaz_kizim 82091 true
[2026-09-21T12:15:00.000+00:00] yaz_kizim 82091 true
[2026-09-21T12:30:00.000+00:00] yaz_kizim 82091 true
[2026-09-21T12:45:00.000+00:00] yaz_kizim 82091 true
[2026-09-21T13:00:00.000+00:00] yaz_kizim 82091 true
[2026-09-21T13:15:00.000+00:00] yaz_kizim 82091 true
[2026-09-21T13:30:00.000+00:00] yaz_kizim 82091 true
[2026-09-21T13:45:00.000+00:00] yaz_kizim 82091 true
[2026-09-21T14:00:00.000+00:00] yaz_kizim 82091 true
[2026-09-21T14:15:00.000+00:00] yaz_kizim 82091 true
[2026-09-21T14:30:00.000+00:00] yaz_kizim 82091 true
[2026-09-21T14:45:00.000+00:00] yaz_kizim 82091 true
[2026-09-21T15:00:00.000+00:00] yaz_kizim 82091 true
[2026-09-21T15:15:00.000+00:00] yaz_kizim 82091 true
[2026-09-21T15:30:00.000+00:00] yaz_kizim 82091 true
[2026-09-21T15:45:00.000+00:00] yaz_kizim 82091 true
[2026-09-21T16:00:00.000+00:00] yaz_kizim 82091 true
[2026-09-21T16:15:00.000+00:00] yaz_kizim 82091 true
[2026-09-21T16:30:00.000+00:00] yaz_kizim 82091 true
[2026-09-21T16:45:00.000+00:00] yaz_kizim 82091 true
[2026-09-21T17:00:00.000+00:00] yaz_kizim 82091 true
[2026-09-21T17:15:00.000+00:00] yaz_kizim 82091 true
[2026-09-21T17:30:00.000+00:00] yaz_kizim 82091 true
[2026-09-21T17:45:00.000+00:00] yaz_kizim 82091 true
[2026-09-21T18:00:00.000+00:00] yaz_kizim 82091 true
[2026-09-21T18:15:00.000+00:00] yaz_kizim 82091 true
[2026-09-21T18:30:00.000+00:00] yaz_kizim 82091 true
[2026-09-21T18:45:00.000+00:00] yaz_kizim 86329.5 false
[2026-09-21T19:00:00.000+00:00] yaz_kizim 86329.5 false
[2026-09-21T19:15:00.000+00:00] yaz_kizim 86329.5 false
[2026-09-21T19:30:00.000+00:00] yaz_kizim 86329.5 true
[2026-09-21T19:45:00.000+00:00] yaz_kizim 86329.5 true
[2026-09-21T20:00:00.000+00:00] yaz_kizim 86329.5 true
[2026-09-21T20:15:00.000+00:00] yaz_kizim 86329.5 true
[2026-09-21T20:30:00.000+00:00] yaz_kizim 86329.5 true
[2026-09-21T20:45:00.000+00:00] yaz_kizim 86329.5 true
[2026-09-21T21:00:00.000+00:00] yaz_kizim 86329.5 true
[2026-09-21T21:15:00.000+00:00] yaz_kizim 86329.5 true
[2026-09-21T21:30:00.000+00:00] yaz_kizim 86329.5 true
[2026-09-21T21:45:00.000+00:00] yaz_kizim 86329.5 true
[2026-09-21T22:00:00.000+00:00] yaz_kizim 86329.5 true
[2026-09-21T22:15:00.000+00:00] yaz_kizim 86329.5 true
[2026-09-21T22:30:00.000+00:00] yaz_kizim 86329.5 true
[2026-09-21T22:45:00.000+00:00] yaz_kizim 86329.5 true
[2026-09-21T23:00:00.000+00:00] yaz_kizim 86329.5 true
[2026-09-21T23:15:00.000+00:00] yaz_kizim 86329.5 true
[2026-09-21T23:30:00.000+00:00] yaz_kizim 86329.5 true
[2026-09-21T23:45:00.000+00:00] yaz_kizim 86329.5 true
[2026-09-22T00:00:00.000+00:00] yaz_kizim 86329.5 true
[2026-09-22T00:15:00.000+00:00] yaz_kizim 86329.5 true
[2026-09-22T00:30:00.000+00:00] yaz_kizim 86329.5 true
[2026-09-22T00:45:00.000+00:00] yaz_kizim 86329.5 true
[2026-09-22T01:00:00.000+00:00] yaz_kizim 86329.5 true
[2026-09-22T01:15:00.000+00:00] yaz_kizim 86329.5 true
[2026-09-22T01:30:00.000+00:00] yaz_kizim 86329.5 true
[2026-09-22T01:45:00.000+00:00] yaz_kizim 86329.5 true
[2026-09-22T02:00:00.000+00:00] yaz_kizim 86329.5 true
inversion-fair-value-gaps-ifvg	15m	BTCUSD	17	6	-80.56	0.540	-0.244	10.72	138
market-structure-breakers	15m	BTCUSD	7	3	-36.84	0.531	-0.264	5.81	135
trend-lines	15m	BTCUSD	4	4	54.79	999.000	0.675	0.00	220
support-and-resistance-signals-mtf	15m	BTCUSD	23	11	-70.66	0.641	-0.155	11.25	558
fvg-sessions	15m	BTCUSD	17	11	72.67	1.620	0.226	7.02	115
elliott-wave	15m	BTCUSD	4	3	40.58	18.317	0.511	0.23	773
the-strat	15m	BTCUSD	258	50	-682.41	0.297	-0.224	68.75	1394
ict-implied-fair-value-gap-ifvg	15m	BTCUSD	9	5	-29.25	0.619	-0.162	6.75	98
imbalance-detector	15m	BTCUSD	70	26	-145.48	0.725	-0.106	24.81	387
order-block-detector	15m	BTCUSD	63	22	-300.95	0.462	-0.281	31.05	301
smart-money-concepts-smc	15m	BTCUSD	46	16	-134.21	0.641	-0.149	21.73	942
fair-value-gap	15m	BTCUSD	122	35	-332.19	0.512	-0.161	38.95	219
horns-pattern-identifier	15m	BTCUSD	12	7	75.31	1.748	0.330	5.81	70
trendlines-with-breaks	15m	BTCUSD	18	11	19.64	1.151	0.063	4.42	133
keltner-channel-trend-smc-liquidity-sweep	15m	BTCUSD	7	2	-67.94	0.287	-0.509	7.84	233
premium-and-discount-pivot-matrix	15m	BTCUSD	12	3	-114.88	0.330	-0.510	13.49	469
dynamic-trend-bands-anchored-vwap-signals	15m	BTCUSD	7	4	-19.25	0.670	-0.140	3.87	304
high-volume-pivot-support-resistance-zones	15m	BTCUSD	14	8	-14.87	0.876	-0.047	4.78	3122
volume-trend-order-block-engine	15m	BTCUSD	8	5	2.96	1.049	0.026	3.93	283
kinetic-momentum-vectors	15m	BTCUSD	9	6	38.49	1.665	0.218	4.66	181
institutional-displacement-volume-delta	15m	BTCUSD	21	9	-38.76	0.825	-0.079	12.72	1000
session-killzones-breakouts	15m	BTCUSD	13	6	-31.15	0.768	-0.110	7.50	3948
swing-traces	15m	BTCUSD	692	76	-943.93	0.129	-0.223	94.39	176
volume-heatmap-divergence	15m	BTCUSD	4	3	10.55	1.522	0.140	1.98	276
volumatic-support-resistance-levels	15m	BTCUSD	6	0	-68.07	0.000	-0.591	6.81	278
triangular-hull-moving-average-volatility	15m	BTCUSD	9	4	-49.45	0.486	-0.278	6.93	257
volumatic-variable-index-dynamic-average	15m	BTCUSD	7	4	-16.41	0.717	-0.112	5.80	2288
half-trend-heikinashi	15m	BTCUSD	11	4	-71.08	0.405	-0.331	7.11	197
pivot-channel-breaks	15m	BTCUSD	10	7	45.21	1.768	0.232	3.89	230
trinity-reversal-pattern	15m	BTCUSD	16	6	-114.85	0.372	-0.380	13.03	401
smart-money-liquidation-exploits	15m	BTCUSD	14	7	-92.74	0.308	-0.348	9.27	523
high-volume-breakout-targets	15m	BTCUSD	4	3	8.89	1.441	0.120	2.00	640
liquidity-sweep-hunter-algo	15m	BTCUSD	68	30	-92.58	0.801	-0.066	21.79	1544
reversal-signals-trailing-stop	15m	BTCUSD	7	4	0.61	1.010	0.014	5.78	1125
self-adaptive-trend-signals	15m	BTCUSD	14	8	-9.75	0.898	-0.030	2.90	1055
adaptive-smart-money-liquidity-sweep-levels	15m	BTCUSD	93	34	-184.07	0.681	-0.104	29.99	2428
machine-learning-adaptive-dmi-signals	15m	BTCUSD	31	10	-175.23	0.365	-0.308	18.31	16512
regression-trend-reversal-signals-forecasts	15m	BTCUSD	47	17	-135.42	0.643	-0.152	17.00	1297
nadaraya-watson-regression-liquidity-sweeps	15m	BTCUSD	19	10	-30.87	0.781	-0.078	8.22	1736
volume-weighted-median-oscillator	15m	BTCUSD	55	16	-222.74	0.490	-0.225	29.51	1040
dynamic-median-momentum-oscillator	15m	BTCUSD	32	12	-179.36	0.431	-0.305	19.23	729
money-flow-divergence-zones	15m	BTCUSD	12	6	-36.13	0.699	-0.147	11.28	955
breakout-targets	15m	BTCUSD	2	2	20.93	999.000	0.525	0.00	584
smart-money-volume-index	15m	BTCUSD	14	3	-50.41	0.417	-0.186	7.17	1002
swing-failure-signals	15m	BTCUSD	8	4	-21.19	0.709	-0.128	4.59	336
trend-tracer	15m	BTCUSD	24	10	-23.66	0.894	-0.037	14.64	593
change-in-state-of-delivery-cisd-algoalpha	15m	BTCUSD	55	18	-201.11	0.530	-0.197	26.56	726
smart-money-volume-activity	15m	BTCUSD	57	15	-242.19	0.480	-0.238	28.62	2145
high-probability-order-blocks	15m	BTCUSD	20	9	-42.17	0.757	-0.102	8.67	1046
reverse-rsi-signals	15m	BTCUSD	9	2	-107.19	0.194	-0.633	11.90	1770
zero-lag-liquidity	15m	BTCUSD	20	10	-31.27	0.778	-0.075	9.00	1611
fibonacci-entry-bands	15m	BTCUSD	42	15	-263.53	0.356	-0.365	27.36	900
market-structure-confluence	15m	BTCUSD	23	8	-85.20	0.609	-0.184	18.21	681
exponential-trend	15m	BTCUSD	1	0	-19.58	0.000	-1.000	1.96	467
trend-targets	15m	BTCUSD	2	2	42.73	999.000	1.077	0.00	904
liquidity-sweep-filter	15m	BTCUSD	30	19	71.47	1.324	0.130	5.84	6193
smart-money-breakout-signals	15m	BTCUSD	5	3	39.84	2.020	0.406	3.86	390
machine-learning-price-target-prediction-signals	15m	BTCUSD	1	0	-19.67	0.000	-1.000	1.97	1297
kalman-step-signals	15m	BTCUSD	14	7	-64.04	0.529	-0.231	6.40	1156
support-and-resistance-non-repainting	15m	BTCUSD	5	2	-36.62	0.389	-0.364	5.86	212
reversal-signals-algoalpha	15m	BTCUSD	33	6	-310.73	0.171	-0.567	31.85	362
zero-lag-trend-signals-mtf	15m	BTCUSD	62	23	-200.87	0.622	-0.176	26.88	3633
standardized-psar-oscillator	15m	BTCUSD	17	7	-91.53	0.458	-0.280	9.94	942
hullinger-bands	15m	BTCUSD	56	10	-278.24	0.374	-0.288	32.61	2030
swing-failure-zones-and-signals	15m	BTCUSD	8	5	16.15	1.266	0.109	3.92	216
trend-strength-signals	15m	BTCUSD	24	9	-138.01	0.416	-0.310	16.01	5578
donchian-trend-ranges	15m	BTCUSD	37	9	-213.07	0.299	-0.325	23.57	1078
candlestick-reversal-and-trend-signals	15m	BTCUSD	40	18	-83.05	0.711	-0.104	13.84	2621
rolling-point-of-control-poc	15m	BTCUSD	28	13	-30.54	0.794	-0.050	6.27	4394
volumetric-fair-value-gaps	15m	BTCUSD	15	6	-12.21	0.914	-0.035	9.48	233
squeeze-momentum-oscillator	15m	BTCUSD	53	14	-249.08	0.437	-0.269	29.20	1534
adaptive-schaff-trend-cycle-stc	15m	BTCUSD	117	27	-371.47	0.462	-0.197	39.08	1773
price-action-fractal-forecasts	15m	BTCUSD	36	12	-188.90	0.247	-0.291	20.11	9423
multi-spectral-rsi-deviations	15m	BTCUSD	65	18	-284.44	0.428	-0.256	31.96	1736
ai-adaptive-money-flow-index-clustering	15m	BTCUSD	130	38	-310.20	0.533	-0.142	37.12	46368
liquidation-levels-with-liquidity-sweeps-breakouts	15m	BTCUSD	47	21	-140.52	0.626	-0.157	20.02	682
wavetrend-ribbon	15m	BTCUSD	62	16	-234.24	0.495	-0.212	30.60	997
supertrended-rsi	15m	BTCUSD	40	17	39.92	1.124	0.059	15.05	631
trend-continuation-signals	15m	BTCUSD	32	11	-187.13	0.401	-0.321	20.82	995
reversal-and-breakout-signals	15m	BTCUSD	30	16	-30.15	0.884	-0.036	15.69	694
standardized-median-proximity	15m	BTCUSD	78	19	-312.89	0.469	-0.238	35.27	711
median-proximity-percentile	15m	BTCUSD	68	24	-111.90	0.768	-0.081	25.03	566
liquidity-weighted-moving-averages	15m	BTCUSD	1	1	12.93	999.000	0.650	0.00	255
amazing-oscillator-ao	15m	BTCUSD	69	28	-169.22	0.667	-0.129	19.79	514
zeiierman-bands-zeiierman	15m	BTCUSD	26	7	-165.97	0.357	-0.347	18.22	3981
smart-swing-vwap-zeiierman	15m	BTCUSD	11	4	-43.95	0.655	-0.187	9.58	3672
inversion-fair-value-gaps-ifvg-zeiierman	15m	BTCUSD	139	40	-404.90	0.428	-0.186	42.07	3502
change-in-state-of-delivery-cisd-zeiierman	15m	BTCUSD	109	32	-483.90	0.257	-0.306	48.39	1107
ai-source-switching-moving-average-zeiierman	15m	BTCUSD	11	7	26.84	1.414	0.129	2.84	8873
dynamic-price-oscillator-overlay-zeiierman	15m	BTCUSD	90	33	-291.21	0.553	-0.189	33.43	917
